[08/03/26 01:53:02] INFO     HTTP Request: HEAD                 _client.py:1025
                             https://huggingface.co/datasets/Id                
                             avidrein/gpqa/resolve/main/README.                
                             md "HTTP/1.1 200 OK"                              
[08/03/26 01:53:03] INFO     HTTP Request: HEAD                 _client.py:1025
                             https://huggingface.co/datasets/Id                
                             avidrein/gpqa/resolve/633f5ee89ab8                
                             ad4522a9f850766b73f62147ffdd/gpqa.                
                             py "HTTP/1.1 404 Not Found"                       
                    INFO     HTTP Request: HEAD                 _client.py:1025
                             https://s3.amazonaws.com/datasets.                
                             huggingface.co/datasets/datasets/I                
                             davidrein/gpqa/Idavidrein/gpqa.py                 
                             "HTTP/1.1 404 Not Found"                          
[08/03/26 01:53:04] INFO     HTTP Request: GET                  _client.py:1025
                             https://huggingface.co/api/dataset                
                             s/Idavidrein/gpqa/revision/633f5ee                
                             89ab8ad4522a9f850766b73f62147ffdd                 
                             "HTTP/1.1 200 OK"                                 
                    INFO     HTTP Request: HEAD                 _client.py:1025
                             https://huggingface.co/datasets/Id                
                             avidrein/gpqa/resolve/633f5ee89ab8                
                             ad4522a9f850766b73f62147ffdd/.hugg                
                             ingface.yaml "HTTP/1.1 404 Not                    
                             Found"                                            
                    INFO     HTTP Request: GET                  _client.py:1025
                             https://datasets-server.huggingfac                
                             e.co/info?dataset=Idavidrein/gpqa                 
                             "HTTP/1.1 200 OK"                                 
                    INFO     HTTP Request: GET                  _client.py:1025
                             https://huggingface.co/api/dataset                
                             s/Idavidrein/gpqa/tree/633f5ee89ab                
                             8ad4522a9f850766b73f62147ffdd?recu                
                             rsive=false&expand=false "HTTP/1.1                
                             200 OK"                                           
[08/03/26 01:53:05] INFO     HTTP Request: HEAD                 _client.py:1025
                             https://huggingface.co/datasets/Id                
                             avidrein/gpqa/resolve/633f5ee89ab8                
                             ad4522a9f850766b73f62147ffdd/datas                
                             et_infos.json "HTTP/1.1 404 Not                   
                             Found"                                            
                    INFO     Loaded 90 gpqa questions lever_experiments.py:2228
                             (seed=1001) for                                   
                             lever=cycled_panel                                
[08/03/26 01:53:30] INFO     recBtVK8rBVtIlXDq        lever_experiments.py:2113
                             [cycled_panel]:                                   
                             final=D(correct,                                  
                             escalated=False,                                  
                             {'seat_answers':                                  
                             [{'seat_index': 0,                                
                             'letter': 'D',                                    
                             'confidence': 0.95,                               
                             'procedure_or_lens':                              
                             'Answer by reasoning                              
                             from first principles,                            
                             step by step.',                                   
                             'temperature': 0.3,                               
                             'permutation': None},                             
                             {'seat_index': 1,                                 
                             'letter': 'D',                                    
                             'confidence': 1.0,                                
                             'procedure_or_lens':                              
                             "Answer by first                                  
                             eliminating choices                               
                             you're confident are                              
                             wrong, then picking                               
                             among what remains.",                             
                             'temperature': 0.6,                               
                             'permutation': None},                             
                             {'seat_index': 2,                                 
                             'letter': 'D',                                    
                             'confidence': 1.0,                                
                             'procedure_or_lens':                              
                             'Answer by recalling the                          
                             single most relevant                              
                             fact, law, or formula,                            
                             then checking each                                
                             choice against it.',                              
                             'temperature': 0.9,                               
                             'permutation': None},                             
                             {'seat_index': 3,                                 
                             'letter': 'D',                                    
                             'confidence': 1.0,                                
                             'procedure_or_lens':                              
                             'Answer by reasoning                              
                             from first principles,                            
                             step by step.',                                   
                             'temperature': 0.3,                               
                             'permutation': None},                             
                             {'seat_index': 4,                                 
                             'letter': 'D',                                    
                             'confidence': 1.0,                                
                             'procedure_or_lens':                              
                             "Answer by first                                  
                             eliminating choices                               
                             you're confident are                              
                             wrong, then picking                               
                             among what remains.",                             
                             'temperature': 0.6,                               
                             'permutation': None}],                            
                             'unanimous': True,                                
                             'n_solvers': 5,                                   
                             'solver_tier':                                    
                             'flagship',                                       
                             'no_tribunal': True})                             
                             cost=$0.00000                                     
[08/03/26 01:53:33] INFO     recG1ljJQcVy6CbSl        lever_experiments.py:2113
                             [cycled_panel]:                                   
                             final=B(correct,                                  
                             escalated=False,                                  
                             {'seat_answers':                                  
                             [{'seat_index': 0,                                
                             'letter': 'B',                                    
                             'confidence': 1.0,                                
                             'procedure_or_lens':                              
                             'Answer by reasoning                              
                             from first principles,                            
                             step by step.',                                   
                             'temperature': 0.3,                               
                             'permutation': None},                             
                             {'seat_index': 1,                                 
                             'letter': 'B',                                    
                             'confidence': 1.0,                                
                             'procedure_or_lens':                              
                             "Answer by first                                  
                             eliminating choices                               
                             you're confident are                              
                             wrong, then picking                               
                             among what remains.",                             
                             'temperature': 0.6,                               
                             'permutation': None},                             
                             {'seat_index': 2,                                 
                             'letter': 'B',                                    
                             'confidence': 0.95,                               
                             'procedure_or_lens':                              
                             'Answer by recalling the                          
                             single most relevant                              
                             fact, law, or formula,                            
                             then checking each                                
                             choice against it.',                              
                             'temperature': 0.9,                               
                             'permutation': None},                             
                             {'seat_index': 3,                                 
                             'letter': 'B',                                    
                             'confidence': 1.0,                                
                             'procedure_or_lens':                              
                             'Answer by reasoning                              
                             from first principles,                            
                             step by step.',                                   
                             'temperature': 0.3,                               
                             'permutation': None},                             
                             {'seat_index': 4,                                 
                             'letter': 'B',                                    
                             'confidence': 1.0,                                
                             'procedure_or_lens':                              
                             "Answer by first                                  
                             eliminating choices                               
                             you're confident are                              
                             wrong, then picking                               
                             among what remains.",                             
                             'temperature': 0.6,                               
                             'permutation': None}],                            
                             'unanimous': True,                                
                             'n_solvers': 5,                                   
                             'solver_tier':                                    
                             'flagship',                                       
                             'no_tribunal': True})                             
                             cost=$0.00000                                     
[08/03/26 01:53:57] INFO     recvlnu8BuLmXZhSX        lever_experiments.py:2113
                             [cycled_panel]:                                   
                             final=A(correct,                                  
                             escalated=False,                                  
                             {'seat_answers':                                  
                             [{'seat_index': 0,                                
                             'letter': 'A',                                    
                             'confidence': 1.0,                                
                             'procedure_or_lens':                              
                             'Answer by reasoning                              
                             from first principles,                            
                             step by step.',                                   
                             'temperature': 0.3,                               
                             'permutation': None},                             
                             {'seat_index': 1,                                 
                             'letter': 'A',                                    
                             'confidence': 0.95,                               
                             'procedure_or_lens':                              
                             "Answer by first                                  
                             eliminating choices                               
                             you're confident are                              
                             wrong, then picking                               
                             among what remains.",                             
                             'temperature': 0.6,                               
                             'permutation': None},                             
                             {'seat_index': 2,                                 
                             'letter': 'A',                                    
                             'confidence': 1.0,                                
                             'procedure_or_lens':                              
                             'Answer by recalling the                          
                             single most relevant                              
                             fact, law, or formula,                            
                             then checking each                                
                             choice against it.',                              
                             'temperature': 0.9,                               
                             'permutation': None},                             
                             {'seat_index': 3,                                 
                             'letter': 'A',                                    
                             'confidence': 1.0,                                
                             'procedure_or_lens':                              
                             'Answer by reasoning                              
                             from first principles,                            
                             step by step.',                                   
                             'temperature': 0.3,                               
                             'permutation': None},                             
                             {'seat_index': 4,                                 
                             'letter': 'A',                                    
                             'confidence': 0.95,                               
                             'procedure_or_lens':                              
                             "Answer by first                                  
                             eliminating choices                               
                             you're confident are                              
                             wrong, then picking                               
                             among what remains.",                             
                             'temperature': 0.6,                               
                             'permutation': None}],                            
                             'unanimous': True,                                
                             'n_solvers': 5,                                   
                             'solver_tier':                                    
                             'flagship',                                       
                             'no_tribunal': True})                             
                             cost=$0.00000                                     
[08/03/26 01:54:27] INFO     recGee5m84dg5FZkc        lever_experiments.py:2113
                             [cycled_panel]:                                   
                             final=A(correct,                                  
                             escalated=False,                                  
                             {'seat_answers':                                  
                             [{'seat_index': 0,                                
                             'letter': 'A',                                    
                             'confidence': 0.95,                               
                             'procedure_or_lens':                              
                             'Answer by reasoning                              
                             from first principles,                            
                             step by step.',                                   
                             'temperature': 0.3,                               
                             'permutation': None},                             
                             {'seat_index': 1,                                 
                             'letter': 'A',                                    
                             'confidence': 0.95,                               
                             'procedure_or_lens':                              
                             "Answer by first                                  
                             eliminating choices                               
                             you're confident are                              
                             wrong, then picking                               
                             among what remains.",                             
                             'temperature': 0.6,                               
                             'permutation': None},                             
                             {'seat_index': 2,                                 
                             'letter': 'A',                                    
                             'confidence': 0.95,                               
                             'procedure_or_lens':                              
                             'Answer by recalling the                          
                             single most relevant                              
                             fact, law, or formula,                            
                             then checking each                                
                             choice against it.',                              
                             'temperature': 0.9,                               
                             'permutation': None},                             
                             {'seat_index': 3,                                 
                             'letter': 'A',                                    
                             'confidence': 0.95,                               
                             'procedure_or_lens':                              
                             'Answer by reasoning                              
                             from first principles,                            
                             step by step.',                                   
                             'temperature': 0.3,                               
                             'permutation': None},                             
                             {'seat_index': 4,                                 
                             'letter': 'A',                                    
                             'confidence': 0.95,                               
                             'procedure_or_lens':                              
                             "Answer by first                                  
                             eliminating choices                               
                             you're confident are                              
                             wrong, then picking                               
                             among what remains.",                             
                             'temperature': 0.6,                               
                             'permutation': None}],                            
                             'unanimous': True,                                
                             'n_solvers': 5,                                   
                             'solver_tier':                                    
                             'flagship',                                       
                             'no_tribunal': True})                             
                             cost=$0.00000                                     
[08/03/26 01:54:49] INFO     recv7GsQg3f0fvB1f        lever_experiments.py:2113
                             [cycled_panel]:                                   
                             final=C(correct,                                  
                             escalated=False,                                  
                             {'seat_answers':                                  
                             [{'seat_index': 0,                                
                             'letter': 'C',                                    
                             'confidence': 1.0,                                
                             'procedure_or_lens':                              
                             'Answer by reasoning                              
                             from first principles,                            
                             step by step.',                                   
                             'temperature': 0.3,                               
                             'permutation': None},                             
                             {'seat_index': 1,                                 
                             'letter': 'C',                                    
                             'confidence': 1.0,                                
                             'procedure_or_lens':                              
                             "Answer by first                                  
                             eliminating choices                               
                             you're confident are                              
                             wrong, then picking                               
                             among what remains.",                             
                             'temperature': 0.6,                               
                             'permutation': None},                             
                             {'seat_index': 2,                                 
                             'letter': 'C',                                    
                             'confidence': 1.0,                                
                             'procedure_or_lens':                              
                             'Answer by recalling the                          
                             single most relevant                              
                             fact, law, or formula,                            
                             then checking each                                
                             choice against it.',                              
                             'temperature': 0.9,                               
                             'permutation': None},                             
                             {'seat_index': 3,                                 
                             'letter': 'C',                                    
                             'confidence': 0.95,                               
                             'procedure_or_lens':                              
                             'Answer by reasoning                              
                             from first principles,                            
                             step by step.',                                   
                             'temperature': 0.3,                               
                             'permutation': None},                             
                             {'seat_index': 4,                                 
                             'letter': 'C',                                    
                             'confidence': 1.0,                                
                             'procedure_or_lens':                              
                             "Answer by first                                  
                             eliminating choices                               
                             you're confident are                              
                             wrong, then picking                               
                             among what remains.",                             
                             'temperature': 0.6,                               
                             'permutation': None}],                            
                             'unanimous': True,                                
                             'n_solvers': 5,                                   
                             'solver_tier':                                    
                             'flagship',                                       
                             'no_tribunal': True})                             
                             cost=$0.00000                                     
[08/03/26 01:54:54] INFO     recRhwQwHijW0gCLo        lever_experiments.py:2113
                             [cycled_panel]:                                   
                             final=A(correct,                                  
                             escalated=False,                                  
                             {'seat_answers':                                  
                             [{'seat_index': 0,                                
                             'letter': 'A',                                    
                             'confidence': 0.95,                               
                             'procedure_or_lens':                              
                             'Answer by reasoning                              
                             from first principles,                            
                             step by step.',                                   
                             'temperature': 0.3,                               
                             'permutation': None},                             
                             {'seat_index': 1,                                 
                             'letter': 'A',                                    
                             'confidence': 0.95,                               
                             'procedure_or_lens':                              
                             "Answer by first                                  
                             eliminating choices                               
                             you're confident are                              
                             wrong, then picking                               
                             among what remains.",                             
                             'temperature': 0.6,                               
                             'permutation': None},                             
                             {'seat_index': 2,                                 
                             'letter': 'A',                                    
                             'confidence': 1.0,                                
                             'procedure_or_lens':                              
                             'Answer by recalling the                          
                             single most relevant                              
                             fact, law, or formula,                            
                             then checking each                                
                             choice against it.',                              
                             'temperature': 0.9,                               
                             'permutation': None},                             
                             {'seat_index': 3,                                 
                             'letter': 'A',                                    
                             'confidence': 0.95,                               
                             'procedure_or_lens':                              
                             'Answer by reasoning                              
                             from first principles,                            
                             step by step.',                                   
                             'temperature': 0.3,                               
                             'permutation': None},                             
                             {'seat_index': 4,                                 
                             'letter': 'A',                                    
                             'confidence': 0.95,                               
                             'procedure_or_lens':                              
                             "Answer by first                                  
                             eliminating choices                               
                             you're confident are                              
                             wrong, then picking                               
                             among what remains.",                             
                             'temperature': 0.6,                               
                             'permutation': None}],                            
                             'unanimous': True,                                
                             'n_solvers': 5,                                   
                             'solver_tier':                                    
                             'flagship',                                       
                             'no_tribunal': True})                             
                             cost=$0.00000                                     
[08/03/26 01:55:13] INFO     recKcjTwONILZqHAX        lever_experiments.py:2113
                             [cycled_panel]:                                   
                             final=B(correct,                                  
                             escalated=False,                                  
                             {'seat_answers':                                  
                             [{'seat_index': 0,                                
                             'letter': 'B',                                    
                             'confidence': 0.95,                               
                             'procedure_or_lens':                              
                             'Answer by reasoning                              
                             from first principles,                            
                             step by step.',                                   
                             'temperature': 0.3,                               
                             'permutation': None},                             
                             {'seat_index': 1,                                 
                             'letter': 'B',                                    
                             'confidence': 0.95,                               
                             'procedure_or_lens':                              
                             "Answer by first                                  
                             eliminating choices                               
                             you're confident are                              
                             wrong, then picking                               
                             among what remains.",                             
                             'temperature': 0.6,                               
                             'permutation': None},                             
                             {'seat_index': 2,                                 
                             'letter': 'B',                                    
                             'confidence': 0.95,                               
                             'procedure_or_lens':                              
                             'Answer by recalling the                          
                             single most relevant                              
                             fact, law, or formula,                            
                             then checking each                                
                             choice against it.',                              
                             'temperature': 0.9,                               
                             'permutation': None},                             
                             {'seat_index': 3,                                 
                             'letter': 'B',                                    
                             'confidence': 0.95,                               
                             'procedure_or_lens':                              
                             'Answer by reasoning                              
                             from first principles,                            
                             step by step.',                                   
                             'temperature': 0.3,                               
                             'permutation': None},                             
                             {'seat_index': 4,                                 
                             'letter': 'B',                                    
                             'confidence': 0.95,                               
                             'procedure_or_lens':                              
                             "Answer by first                                  
                             eliminating choices                               
                             you're confident are                              
                             wrong, then picking                               
                             among what remains.",                             
                             'temperature': 0.6,                               
                             'permutation': None}],                            
                             'unanimous': True,                                
                             'n_solvers': 5,                                   
                             'solver_tier':                                    
                             'flagship',                                       
                             'no_tribunal': True})                             
                             cost=$0.00000                                     
[08/03/26 01:55:57] INFO     recfTlTMjZBuOducT        lever_experiments.py:2113
                             [cycled_panel]:                                   
                             final=D(correct,                                  
                             escalated=False,                                  
                             {'seat_answers':                                  
                             [{'seat_index': 0,                                
                             'letter': 'D',                                    
                             'confidence': 1.0,                                
                             'procedure_or_lens':                              
                             'Answer by reasoning                              
                             from first principles,                            
                             step by step.',                                   
                             'temperature': 0.3,                               
                             'permutation': None},                             
                             {'seat_index': 1,                                 
                             'letter': 'D',                                    
                             'confidence': 0.9,                                
                             'procedure_or_lens':                              
                             "Answer by first                                  
                             eliminating choices                               
                             you're confident are                              
                             wrong, then picking                               
                             among what remains.",                             
                             'temperature': 0.6,                               
                             'permutation': None},                             
                             {'seat_index': 2,                                 
                             'letter': 'D',                                    
                             'confidence': 1.0,                                
                             'procedure_or_lens':                              
                             'Answer by recalling the                          
                             single most relevant                              
                             fact, law, or formula,                            
                             then checking each                                
                             choice against it.',                              
                             'temperature': 0.9,                               
                             'permutation': None},                             
                             {'seat_index': 3,                                 
                             'letter': 'D',                                    
                             'confidence': 1.0,                                
                             'procedure_or_lens':                              
                             'Answer by reasoning                              
                             from first principles,                            
                             step by step.',                                   
                             'temperature': 0.3,                               
                             'permutation': None},                             
                             {'seat_index': 4,                                 
                             'letter': 'D',                                    
                             'confidence': 1.0,                                
                             'procedure_or_lens':                              
                             "Answer by first                                  
                             eliminating choices                               
                             you're confident are                              
                             wrong, then picking                               
                             among what remains.",                             
                             'temperature': 0.6,                               
                             'permutation': None}],                            
                             'unanimous': True,                                
                             'n_solvers': 5,                                   
                             'solver_tier':                                    
                             'flagship',                                       
                             'no_tribunal': True})                             
                             cost=$0.00000                                     
[08/03/26 01:56:48] INFO     recmI7EiLv72PxmYK        lever_experiments.py:2113
                             [cycled_panel]:                                   
                             final=B(correct,                                  
                             escalated=False,                                  
                             {'seat_answers':                                  
                             [{'seat_index': 0,                                
                             'letter': 'B',                                    
                             'confidence': 1.0,                                
                             'procedure_or_lens':                              
                             'Answer by reasoning                              
                             from first principles,                            
                             step by step.',                                   
                             'temperature': 0.3,                               
                             'permutation': None},                             
                             {'seat_index': 1,                                 
                             'letter': 'B',                                    
                             'confidence': 1.0,                                
                             'procedure_or_lens':                              
                             "Answer by first                                  
                             eliminating choices                               
                             you're confident are                              
                             wrong, then picking                               
                             among what remains.",                             
                             'temperature': 0.6,                               
                             'permutation': None},                             
                             {'seat_index': 2,                                 
                             'letter': 'B',                                    
                             'confidence': 0.95,                               
                             'procedure_or_lens':                              
                             'Answer by recalling the                          
                             single most relevant                              
                             fact, law, or formula,                            
                             then checking each                                
                             choice against it.',                              
                             'temperature': 0.9,                               
                             'permutation': None},                             
                             {'seat_index': 3,                                 
                             'letter': 'B',                                    
                             'confidence': 0.95,                               
                             'procedure_or_lens':                              
                             'Answer by reasoning                              
                             from first principles,                            
                             step by step.',                                   
                             'temperature': 0.3,                               
                             'permutation': None},                             
                             {'seat_index': 4,                                 
                             'letter': 'B',                                    
                             'confidence': 1.0,                                
                             'procedure_or_lens':                              
                             "Answer by first                                  
                             eliminating choices                               
                             you're confident are                              
                             wrong, then picking                               
                             among what remains.",                             
                             'temperature': 0.6,                               
                             'permutation': None}],                            
                             'unanimous': True,                                
                             'n_solvers': 5,                                   
                             'solver_tier':                                    
                             'flagship',                                       
                             'no_tribunal': True})                             
                             cost=$0.00000                                     
[08/03/26 01:57:34] INFO     rectlyG9pCAAuWhoB        lever_experiments.py:2113
                             [cycled_panel]:                                   
                             final=A(wrong,                                    
                             escalated=False,                                  
                             {'seat_answers':                                  
                             [{'seat_index': 0,                                
                             'letter': 'A',                                    
                             'confidence': 0.9,                                
                             'procedure_or_lens':                              
                             'Answer by reasoning                              
                             from first principles,                            
                             step by step.',                                   
                             'temperature': 0.3,                               
                             'permutation': None},                             
                             {'seat_index': 1,                                 
                             'letter': 'A',                                    
                             'confidence': 0.9,                                
                             'procedure_or_lens':                              
                             "Answer by first                                  
                             eliminating choices                               
                             you're confident are                              
                             wrong, then picking                               
                             among what remains.",                             
                             'temperature': 0.6,                               
                             'permutation': None},                             
                             {'seat_index': 2,                                 
                             'letter': 'A',                                    
                             'confidence': 0.9,                                
                             'procedure_or_lens':                              
                             'Answer by recalling the                          
                             single most relevant                              
                             fact, law, or formula,                            
                             then checking each                                
                             choice against it.',                              
                             'temperature': 0.9,                               
                             'permutation': None},                             
                             {'seat_index': 3,                                 
                             'letter': 'B',                                    
                             'confidence': 0.9,                                
                             'procedure_or_lens':                              
                             'Answer by reasoning                              
                             from first principles,                            
                             step by step.',                                   
                             'temperature': 0.3,                               
                             'permutation': None},                             
                             {'seat_index': 4,                                 
                             'letter': 'A',                                    
                             'confidence': 0.5,                                
                             'procedure_or_lens':                              
                             "Answer by first                                  
                             eliminating choices                               
                             you're confident are                              
                             wrong, then picking                               
                             among what remains.",                             
                             'temperature': 0.6,                               
                             'permutation': None}],                            
                             'unanimous': False,                               
                             'n_solvers': 5,                                   
                             'solver_tier':                                    
                             'flagship',                                       
                             'no_tribunal': True})                             
                             cost=$0.00000                                     
[08/03/26 01:58:02] INFO     recIOlKBsOeEcgkA1        lever_experiments.py:2113
                             [cycled_panel]:                                   
                             final=D(correct,                                  
                             escalated=False,                                  
                             {'seat_answers':                                  
                             [{'seat_index': 0,                                
                             'letter': 'D',                                    
                             'confidence': 0.95,                               
                             'procedure_or_lens':                              
                             'Answer by reasoning                              
                             from first principles,                            
                             step by step.',                                   
                             'temperature': 0.3,                               
                             'permutation': None},                             
                             {'seat_index': 1,                                 
                             'letter': 'D',                                    
                             'confidence': 0.95,                               
                             'procedure_or_lens':                              
                             "Answer by first                                  
                             eliminating choices                               
                             you're confident are                              
                             wrong, then picking                               
                             among what remains.",                             
                             'temperature': 0.6,                               
                             'permutation': None},                             
                             {'seat_index': 2,                                 
                             'letter': 'D',                                    
                             'confidence': 0.95,                               
                             'procedure_or_lens':                              
                             'Answer by recalling the                          
                             single most relevant                              
                             fact, law, or formula,                            
                             then checking each                                
                             choice against it.',                              
                             'temperature': 0.9,                               
                             'permutation': None},                             
                             {'seat_index': 3,                                 
                             'letter': 'D',                                    
                             'confidence': 0.95,                               
                             'procedure_or_lens':                              
                             'Answer by reasoning                              
                             from first principles,                            
                             step by step.',                                   
                             'temperature': 0.3,                               
                             'permutation': None},                             
                             {'seat_index': 4,                                 
                             'letter': 'D',                                    
                             'confidence': 0.95,                               
                             'procedure_or_lens':                              
                             "Answer by first                                  
                             eliminating choices                               
                             you're confident are                              
                             wrong, then picking                               
                             among what remains.",                             
                             'temperature': 0.6,                               
                             'permutation': None}],                            
                             'unanimous': True,                                
                             'n_solvers': 5,                                   
                             'solver_tier':                                    
                             'flagship',                                       
                             'no_tribunal': True})                             
                             cost=$0.00000                                     
[08/03/26 01:58:15] INFO     recooG6bivTUJpDBz        lever_experiments.py:2113
                             [cycled_panel]:                                   
                             final=A(correct,                                  
                             escalated=False,                                  
                             {'seat_answers':                                  
                             [{'seat_index': 0,                                
                             'letter': 'A',                                    
                             'confidence': 1.0,                                
                             'procedure_or_lens':                              
                             'Answer by reasoning                              
                             from first principles,                            
                             step by step.',                                   
                             'temperature': 0.3,                               
                             'permutation': None},                             
                             {'seat_index': 1,                                 
                             'letter': 'A',                                    
                             'confidence': 1.0,                                
                             'procedure_or_lens':                              
                             "Answer by first                                  
                             eliminating choices                               
                             you're confident are                              
                             wrong, then picking                               
                             among what remains.",                             
                             'temperature': 0.6,                               
                             'permutation': None},                             
                             {'seat_index': 2,                                 
                             'letter': 'A',                                    
                             'confidence': 1.0,                                
                             'procedure_or_lens':                              
                             'Answer by recalling the                          
                             single most relevant                              
                             fact, law, or formula,                            
                             then checking each                                
                             choice against it.',                              
                             'temperature': 0.9,                               
                             'permutation': None},                             
                             {'seat_index': 3,                                 
                             'letter': 'A',                                    
                             'confidence': 1.0,                                
                             'procedure_or_lens':                              
                             'Answer by reasoning                              
                             from first principles,                            
                             step by step.',                                   
                             'temperature': 0.3,                               
                             'permutation': None},                             
                             {'seat_index': 4,                                 
                             'letter': 'A',                                    
                             'confidence': 0.95,                               
                             'procedure_or_lens':                              
                             "Answer by first                                  
                             eliminating choices                               
                             you're confident are                              
                             wrong, then picking                               
                             among what remains.",                             
                             'temperature': 0.6,                               
                             'permutation': None}],                            
                             'unanimous': True,                                
                             'n_solvers': 5,                                   
                             'solver_tier':                                    
                             'flagship',                                       
                             'no_tribunal': True})                             
                             cost=$0.00000                                     
[08/03/26 01:58:59] INFO     reck4G4xxv3YnpbtQ        lever_experiments.py:2113
                             [cycled_panel]:                                   
                             final=A(correct,                                  
                             escalated=False,                                  
                             {'seat_answers':                                  
                             [{'seat_index': 0,                                
                             'letter': 'A',                                    
                             'confidence': 0.9,                                
                             'procedure_or_lens':                              
                             'Answer by reasoning                              
                             from first principles,                            
                             step by step.',                                   
                             'temperature': 0.3,                               
                             'permutation': None},                             
                             {'seat_index': 1,                                 
                             'letter': 'A',                                    
                             'confidence': 0.9,                                
                             'procedure_or_lens':                              
                             "Answer by first                                  
                             eliminating choices                               
                             you're confident are                              
                             wrong, then picking                               
                             among what remains.",                             
                             'temperature': 0.6,                               
                             'permutation': None},                             
                             {'seat_index': 2,                                 
                             'letter': 'A',                                    
                             'confidence': 0.85,                               
                             'procedure_or_lens':                              
                             'Answer by recalling the                          
                             single most relevant                              
                             fact, law, or formula,                            
                             then checking each                                
                             choice against it.',                              
                             'temperature': 0.9,                               
                             'permutation': None},                             
                             {'seat_index': 3,                                 
                             'letter': 'A',                                    
                             'confidence': 0.85,                               
                             'procedure_or_lens':                              
                             'Answer by reasoning                              
                             from first principles,                            
                             step by step.',                                   
                             'temperature': 0.3,                               
                             'permutation': None},                             
                             {'seat_index': 4,                                 
                             'letter': 'A',                                    
                             'confidence': 0.85,                               
                             'procedure_or_lens':                              
                             "Answer by first                                  
                             eliminating choices                               
                             you're confident are                              
                             wrong, then picking                               
                             among what remains.",                             
                             'temperature': 0.6,                               
                             'permutation': None}],                            
                             'unanimous': True,                                
                             'n_solvers': 5,                                   
                             'solver_tier':                                    
                             'flagship',                                       
                             'no_tribunal': True})                             
                             cost=$0.00000                                     
[08/03/26 01:59:15] INFO     rec9GugrngvsQR99A        lever_experiments.py:2113
                             [cycled_panel]:                                   
                             final=D(correct,                                  
                             escalated=False,                                  
                             {'seat_answers':                                  
                             [{'seat_index': 0,                                
                             'letter': 'D',                                    
                             'confidence': 1.0,                                
                             'procedure_or_lens':                              
                             'Answer by reasoning                              
                             from first principles,                            
                             step by step.',                                   
                             'temperature': 0.3,                               
                             'permutation': None},                             
                             {'seat_index': 1,                                 
                             'letter': 'D',                                    
                             'confidence': 0.95,                               
                             'procedure_or_lens':                              
                             "Answer by first                                  
                             eliminating choices                               
                             you're confident are                              
                             wrong, then picking                               
                             among what remains.",                             
                             'temperature': 0.6,                               
                             'permutation': None},                             
                             {'seat_index': 2,                                 
                             'letter': 'D',                                    
                             'confidence': 1.0,                                
                             'procedure_or_lens':                              
                             'Answer by recalling the                          
                             single most relevant                              
                             fact, law, or formula,                            
                             then checking each                                
                             choice against it.',                              
                             'temperature': 0.9,                               
                             'permutation': None},                             
                             {'seat_index': 3,                                 
                             'letter': 'D',                                    
                             'confidence': 1.0,                                
                             'procedure_or_lens':                              
                             'Answer by reasoning                              
                             from first principles,                            
                             step by step.',                                   
                             'temperature': 0.3,                               
                             'permutation': None},                             
                             {'seat_index': 4,                                 
                             'letter': 'D',                                    
                             'confidence': 1.0,                                
                             'procedure_or_lens':                              
                             "Answer by first                                  
                             eliminating choices                               
                             you're confident are                              
                             wrong, then picking                               
                             among what remains.",                             
                             'temperature': 0.6,                               
                             'permutation': None}],                            
                             'unanimous': True,                                
                             'n_solvers': 5,                                   
                             'solver_tier':                                    
                             'flagship',                                       
                             'no_tribunal': True})                             
                             cost=$0.00000                                     
[08/03/26 01:59:25] INFO     rec4UqStf9WUVif1f        lever_experiments.py:2113
                             [cycled_panel]:                                   
                             final=D(correct,                                  
                             escalated=False,                                  
                             {'seat_answers':                                  
                             [{'seat_index': 0,                                
                             'letter': 'D',                                    
                             'confidence': 0.98,                               
                             'procedure_or_lens':                              
                             'Answer by reasoning                              
                             from first principles,                            
                             step by step.',                                   
                             'temperature': 0.3,                               
                             'permutation': None},                             
                             {'seat_index': 1,                                 
                             'letter': 'D',                                    
                             'confidence': 0.98,                               
                             'procedure_or_lens':                              
                             "Answer by first                                  
                             eliminating choices                               
                             you're confident are                              
                             wrong, then picking                               
                             among what remains.",                             
                             'temperature': 0.6,                               
                             'permutation': None},                             
                             {'seat_index': 2,                                 
                             'letter': 'D',                                    
                             'confidence': 1.0,                                
                             'procedure_or_lens':                              
                             'Answer by recalling the                          
                             single most relevant                              
                             fact, law, or formula,                            
                             then checking each                                
                             choice against it.',                              
                             'temperature': 0.9,                               
                             'permutation': None},                             
                             {'seat_index': 3,                                 
                             'letter': 'D',                                    
                             'confidence': 1.0,                                
                             'procedure_or_lens':                              
                             'Answer by reasoning                              
                             from first principles,                            
                             step by step.',                                   
                             'temperature': 0.3,                               
                             'permutation': None},                             
                             {'seat_index': 4,                                 
                             'letter': 'D',                                    
                             'confidence': 1.0,                                
                             'procedure_or_lens':                              
                             "Answer by first                                  
                             eliminating choices                               
                             you're confident are                              
                             wrong, then picking                               
                             among what remains.",                             
                             'temperature': 0.6,                               
                             'permutation': None}],                            
                             'unanimous': True,                                
                             'n_solvers': 5,                                   
                             'solver_tier':                                    
                             'flagship',                                       
                             'no_tribunal': True})                             
                             cost=$0.00000                                     
[08/03/26 01:59:50] ERROR    recZ13cwgDQf9jRd9:       lever_experiments.py:2111
                             DROPPED after                                     
                             unrecoverable error                               
                             +- Traceback (most rec-+                          
                             | C:\Users\Ong Jun     |                          
                             | Kai\Documents\Qwen   |                          
                             | Hackathon\.venv\Lib\ |                          
                             | site-packages\urllib |                          
                             | 3\connectionpool.py: |                          
                             | 534 in _make_request |                          
                             |                      |                          
                             |    531               |                          
                             |    532         # Rec |                          
                             |    533         try:  |                          
                             | >  534             r |                          
                             |    535         excep |                          
                             |    536             s |                          
                             |    537             r |                          
                             |                      |                          
                             | C:\Users\Ong Jun     |                          
                             | Kai\Documents\Qwen   |                          
                             | Hackathon\.venv\Lib\ |                          
                             | site-packages\urllib |                          
                             | 3\connection.py:571  |                          
                             | in getresponse       |                          
                             |                      |                          
                             |    568         _shut |                          
                             |    569               |                          
                             |    570         # Get |                          
                             | >  571         httpl |                          
                             |    572               |                          
                             |    573         try:  |                          
                             |    574             a |                          
                             |                      |                          
                             | C:\Users\Ong Jun     |                          
                             | Kai\AppData\Local\Pr |                          
                             | ograms\Python\Python |                          
                             | 312\Lib\http\client. |                          
                             | py:1430 in           |                          
                             | getresponse          |                          
                             |                      |                          
                             |   1427               |                          
                             |   1428         try:  |                          
                             |   1429             t |                          
                             | > 1430               |                          
                             |   1431             e |                          
                             |   1432               |                          
                             |   1433               |                          
                             |                      |                          
                             | C:\Users\Ong Jun     |                          
                             | Kai\AppData\Local\Pr |                          
                             | ograms\Python\Python |                          
                             | 312\Lib\http\client. |                          
                             | py:331 in begin      |                          
                             |                      |                          
                             |    328               |                          
                             |    329         # rea |                          
                             |    330         while |                          
                             | >  331             v |                          
                             |    332             i |                          
                             |    333               |                          
                             |    334             # |                          
                             |                      |                          
                             | C:\Users\Ong Jun     |                          
                             | Kai\AppData\Local\Pr |                          
                             | ograms\Python\Python |                          
                             | 312\Lib\http\client. |                          
                             | py:292 in            |                          
                             | _read_status         |                          
                             |                      |                          
                             |    289         self. |                          
                             |    290               |                          
                             |    291     def _read |                          
                             | >  292         line  |                          
                             |    293         if le |                          
                             |    294             r |                          
                             |    295         if se |                          
                             |                      |                          
                             | C:\Users\Ong Jun     |                          
                             | Kai\AppData\Local\Pr |                          
                             | ograms\Python\Python |                          
                             | 312\Lib\socket.py:72 |                          
                             | 0 in readinto        |                          
                             |                      |                          
                             |   717             ra |                          
                             |   718         while  |                          
                             |   719             tr |                          
                             | > 720                |                          
                             |   721             ex |                          
                             |   722                |                          
                             |   723                |                          
                             |                      |                          
                             | C:\Users\Ong Jun     |                          
                             | Kai\AppData\Local\Pr |                          
                             | ograms\Python\Python |                          
                             | 312\Lib\ssl.py:1251  |                          
                             | in recv_into         |                          
                             |                      |                          
                             |   1248               |                          
                             |   1249               |                          
                             |   1250               |                          
                             | > 1251             r |                          
                             |   1252         else: |                          
                             |   1253             r |                          
                             |   1254               |                          
                             |                      |                          
                             | C:\Users\Ong Jun     |                          
                             | Kai\AppData\Local\Pr |                          
                             | ograms\Python\Python |                          
                             | 312\Lib\ssl.py:1103  |                          
                             | in read              |                          
                             |                      |                          
                             |   1100             r |                          
                             |   1101         try:  |                          
                             |   1102             i |                          
                             | > 1103               |                          
                             |   1104             e |                          
                             |   1105               |                          
                             |   1106         excep |                          
                             +----------------------+                          
                             TimeoutError: The read                            
                             operation timed out                               
                                                                               
                             The above exception was                           
                             the direct cause of the                           
                             following exception:                              
                                                                               
                             +- Traceback (most rec-+                          
                             | C:\Users\Ong Jun     |                          
                             | Kai\Documents\Qwen   |                          
                             | Hackathon\.venv\Lib\ |                          
                             | site-packages\reques |                          
                             | ts\adapters.py:696   |                          
                             | in send              |                          
                             |                      |                          
                             |   693             re |                          
                             |   694                |                          
                             |   695         try:   |                          
                             | > 696             re |                          
                             |   697                |                          
                             |   698                |                          
                             |   699                |                          
                             |       accept Iterabl |                          
                             |                      |                          
                             | C:\Users\Ong Jun     |                          
                             | Kai\Documents\Qwen   |                          
                             | Hackathon\.venv\Lib\ |                          
                             | site-packages\urllib |                          
                             | 3\connectionpool.py: |                          
                             | 842 in urlopen       |                          
                             |                      |                          
                             |    839             e |                          
                             |    840               |                          
                             |    841               |                          
                             | >  842             r |                          
                             |    843               |                          
                             |    844             ) |                          
                             |    845             r |                          
                             |                      |                          
                             | C:\Users\Ong Jun     |                          
                             | Kai\Documents\Qwen   |                          
                             | Hackathon\.venv\Lib\ |                          
                             | site-packages\urllib |                          
                             | 3\util\retry.py:498  |                          
                             | in increment         |                          
                             |                      |                          
                             |   495         elif e |                          
                             |   496             #  |                          
                             |   497             if |                          
                             | > 498                |                          
                             |   499             el |                          
                             |   500                |                          
                             |   501                |                          
                             |                      |                          
                             | C:\Users\Ong Jun     |                          
                             | Kai\Documents\Qwen   |                          
                             | Hackathon\.venv\Lib\ |                          
                             | site-packages\urllib |                          
                             | 3\util\util.py:39 in |                          
                             | reraise              |                          
                             |                      |                          
                             |   36     try:        |                          
                             |   37         if valu |                          
                             |   38             rai |                          
                             | > 39         raise v |                          
                             |   40     finally:    |                          
                             |   41         value = |                          
                             |   42         tb = No |                          
                             |                      |                          
                             | C:\Users\Ong Jun     |                          
                             | Kai\Documents\Qwen   |                          
                             | Hackathon\.venv\Lib\ |                          
                             | site-packages\urllib |                          
                             | 3\connectionpool.py: |                          
                             | 788 in urlopen       |                          
                             |                      |                          
                             |    785             r |                          
                             |    786               |                          
                             |    787             # |                          
                             | >  788             r |                          
                             |    789               |                          
                             |    790               |                          
                             |    791               |                          
                             |                      |                          
                             | C:\Users\Ong Jun     |                          
                             | Kai\Documents\Qwen   |                          
                             | Hackathon\.venv\Lib\ |                          
                             | site-packages\urllib |                          
                             | 3\connectionpool.py: |                          
                             | 536 in _make_request |                          
                             |                      |                          
                             |    533         try:  |                          
                             |    534             r |                          
                             |    535         excep |                          
                             | >  536             s |                          
                             |    537             r |                          
                             |    538               |                          
                             |    539         # Set |                          
                             |                      |                          
                             | C:\Users\Ong Jun     |                          
                             | Kai\Documents\Qwen   |                          
                             | Hackathon\.venv\Lib\ |                          
                             | site-packages\urllib |                          
                             | 3\connectionpool.py: |                          
                             | 367 in               |                          
                             | _raise_timeout       |                          
                             |                      |                          
                             |    364         """Is |                          
                             |    365               |                          
                             |    366         if is |                          
                             | >  367             r |                          
                             |    368               |                          
                             |    369             ) |                          
                             |    370               |                          
                             +----------------------+                          
                             ReadTimeoutError:                                 
                             HTTPSConnectionPool(host                          
                             ='token-plan.ap-southeas                          
                             t-1.maas.aliyuncs.com',                           
                             port=443): Read timed                             
                             out. (read timeout=300)                           
                                                                               
                             During handling of the                            
                             above exception, another                          
                             exception occurred:                               
                                                                               
                             +- Traceback (most rec-+                          
                             | C:\Users\Ong Jun     |                          
                             | Kai\Documents\Qwen   |                          
                             | Hackathon\benchmark\ |                          
                             | lever_experiments.py |                          
                             | :2106 in _run_one    |                          
                             |                      |                          
                             |   2103 ):            |                          
                             |   2104     try:      |                          
                             |   2105         async |                          
                             | > 2106             r |                          
                             |   2107               |                          
                             |   2108               |                          
                             |   2109             ) |                          
                             |                      |                          
                             | C:\Users\Ong Jun     |                          
                             | Kai\Documents\Qwen   |                          
                             | Hackathon\benchmark\ |                          
                             | lever_experiments.py |                          
                             | :1893 in             |                          
                             | run_question_lever   |                          
                             |                      |                          
                             |   1890             c |                          
                             |        tier=solver_t |                          
                             |   1891         )     |                          
                             |   1892     elif leve |                          
                             | > 1893         solve |                          
                             |   1894             c |                          
                             |   1895         )     |                          
                             |   1896     elif leve |                          
                             |        "rag_gated_pr |                          
                             |                      |                          
                             | C:\Users\Ong Jun     |                          
                             | Kai\Documents\Qwen   |                          
                             | Hackathon\benchmark\ |                          
                             | lever_experiments.py |                          
                             | :1126 in             |                          
                             | solve_all_cycled_pan |                          
                             | el                   |                          
                             |                      |                          
                             |   1123             a |                          
                             |        temperatures[ |                          
                             |   1124             f |                          
                             |   1125         ]     |                          
                             | > 1126     pairs = l |                          
                             |   1127     seat_answ |                          
                             |   1128         {     |                          
                             |   1129             " |                          
                             |                      |                          
                             | C:\Users\Ong Jun     |                          
                             | Kai\AppData\Local\Pr |                          
                             | ograms\Python\Python |                          
                             | 312\Lib\asyncio\thre |                          
                             | ads.py:25 in         |                          
                             | to_thread            |                          
                             |                      |                          
                             |   22     loop = even |                          
                             |   23     ctx = conte |                          
                             |   24     func_call = |                          
                             | > 25     return awai |                          
                             |   26                 |                          
                             |                      |                          
                             | C:\Users\Ong Jun     |                          
                             | Kai\AppData\Local\Pr |                          
                             | ograms\Python\Python |                          
                             | 312\Lib\concurrent\f |                          
                             | utures\thread.py:59  |                          
                             | in run               |                          
                             |                      |                          
                             |    56             re |                          
                             |    57                |                          
                             |    58         try:   |                          
                             | >  59             re |                          
                             |    60         except |                          
                             |    61             se |                          
                             |    62             #  |                          
                             |                      |                          
                             | C:\Users\Ong Jun     |                          
                             | Kai\Documents\Qwen   |                          
                             | Hackathon\benchmark\ |                          
                             | lever_experiments.py |                          
                             | :445 in              |                          
                             | _solve_one_thinking  |                          
                             |                      |                          
                             |    442         f'JSO |                          
                             |        "reasoning":  |                          
                             |    443         "Keep |                          
                             |        showing full  |                          
                             |    444     )         |                          
                             | >  445     result =  |                          
                             |        user=user, ro |                          
                             |    446     answer =  |                          
                             |    447         lette |                          
                             |    448         confi |                          
                             |                      |                          
                             | C:\Users\Ong Jun     |                          
                             | Kai\Documents\Qwen   |                          
                             | Hackathon\src\quorum |                          
                             | qa\qwen_client.py:20 |                          
                             | 7 in chat_json       |                          
                             |                      |                          
                             |   204         spent_ |                          
                             |   205         spent_ |                          
                             |   206         for at |                          
                             | > 207             co |                          
                             |   208                |                          
                             |       max_tokens=max |                          
                             |   209                |                          
                             |   210             )  |                          
                             |                      |                          
                             | C:\Users\Ong Jun     |                          
                             | Kai\Documents\Qwen   |                          
                             | Hackathon\src\quorum |                          
                             | qa\qwen_client.py:16 |                          
                             | 4 in chat            |                          
                             |                      |                          
                             |   161         # in t |                          
                             |   162         # Chem |                          
                             |   163         # from |                          
                             | > 164         resp = |                          
                             |       timeout=self._ |                          
                             |   165         resp.r |                          
                             |   166         data = |                          
                             |   167                |                          
                             |                      |                          
                             | C:\Users\Ong Jun     |                          
                             | Kai\Documents\Qwen   |                          
                             | Hackathon\.venv\Lib\ |                          
                             | site-packages\reques |                          
                             | ts\api.py:134 in     |                          
                             | post                 |                          
                             |                      |                          
                             |   131     :rtype: re |                          
                             |   132     """        |                          
                             |   133                |                          
                             | > 134     return req |                          
                             |   135                |                          
                             |   136                |                          
                             |   137 def put(       |                          
                             |                      |                          
                             | C:\Users\Ong Jun     |                          
                             | Kai\Documents\Qwen   |                          
                             | Hackathon\.venv\Lib\ |                          
                             | site-packages\reques |                          
                             | ts\api.py:71 in      |                          
                             | request              |                          
                             |                      |                          
                             |    68     # avoid le |                          
                             |    69     # cases, a |                          
                             |    70     with sessi |                          
                             | >  71         return |                          
                             |    72                |                          
                             |    73                |                          
                             |    74 def get(       |                          
                             |                      |                          
                             | C:\Users\Ong Jun     |                          
                             | Kai\Documents\Qwen   |                          
                             | Hackathon\.venv\Lib\ |                          
                             | site-packages\reques |                          
                             | ts\sessions.py:651   |                          
                             | in request           |                          
                             |                      |                          
                             |   648             "a |                          
                             |   649         }      |                          
                             |   650         send_k |                          
                             | > 651         resp = |                          
                             |   652                |                          
                             |   653         return |                          
                             |   654                |                          
                             |                      |                          
                             | C:\Users\Ong Jun     |                          
                             | Kai\Documents\Qwen   |                          
                             | Hackathon\.venv\Lib\ |                          
                             | site-packages\reques |                          
                             | ts\sessions.py:784   |                          
                             | in send              |                          
                             |                      |                          
                             |   781         start  |                          
                             |   782                |                          
                             |   783         # Send |                          
                             | > 784         r = ad |                          
                             |   785                |                          
                             |   786         # Tota |                          
                             |   787         elapse |                          
                             |                      |                          
                             | C:\Users\Ong Jun     |                          
                             | Kai\Documents\Qwen   |                          
                             | Hackathon\.venv\Lib\ |                          
                             | site-packages\reques |                          
                             | ts\adapters.py:742   |                          
                             | in send              |                          
                             |                      |                          
                             |   739                |                          
                             |   740                |                          
                             |   741             el |                          
                             | > 742                |                          
                             |   743             el |                          
                             |   744                |                          
                             |   745             el |                          
                             +----------------------+                          
                             ReadTimeout:                                      
                             HTTPSConnectionPool(host                          
                             ='token-plan.ap-southeas                          
                             t-1.maas.aliyuncs.com',                           
                             port=443): Read timed                             
                             out. (read timeout=300)                           
[08/03/26 01:59:57] INFO     rec2UlKqC6RFHdcro        lever_experiments.py:2113
                             [cycled_panel]:                                   
                             final=C(correct,                                  
                             escalated=False,                                  
                             {'seat_answers':                                  
                             [{'seat_index': 0,                                
                             'letter': 'C',                                    
                             'confidence': 1.0,                                
                             'procedure_or_lens':                              
                             'Answer by reasoning                              
                             from first principles,                            
                             step by step.',                                   
                             'temperature': 0.3,                               
                             'permutation': None},                             
                             {'seat_index': 1,                                 
                             'letter': 'C',                                    
                             'confidence': 1.0,                                
                             'procedure_or_lens':                              
                             "Answer by first                                  
                             eliminating choices                               
                             you're confident are                              
                             wrong, then picking                               
                             among what remains.",                             
                             'temperature': 0.6,                               
                             'permutation': None},                             
                             {'seat_index': 2,                                 
                             'letter': 'C',                                    
                             'confidence': 1.0,                                
                             'procedure_or_lens':                              
                             'Answer by recalling the                          
                             single most relevant                              
                             fact, law, or formula,                            
                             then checking each                                
                             choice against it.',                              
                             'temperature': 0.9,                               
                             'permutation': None},                             
                             {'seat_index': 3,                                 
                             'letter': 'C',                                    
                             'confidence': 1.0,                                
                             'procedure_or_lens':                              
                             'Answer by reasoning                              
                             from first principles,                            
                             step by step.',                                   
                             'temperature': 0.3,                               
                             'permutation': None},                             
                             {'seat_index': 4,                                 
                             'letter': 'C',                                    
                             'confidence': 1.0,                                
                             'procedure_or_lens':                              
                             "Answer by first                                  
                             eliminating choices                               
                             you're confident are                              
                             wrong, then picking                               
                             among what remains.",                             
                             'temperature': 0.6,                               
                             'permutation': None}],                            
                             'unanimous': True,                                
                             'n_solvers': 5,                                   
                             'solver_tier':                                    
                             'flagship',                                       
                             'no_tribunal': True})                             
                             cost=$0.00000                                     
[08/03/26 02:00:39] INFO     reccVFW11Elovnf8T        lever_experiments.py:2113
                             [cycled_panel]:                                   
                             final=C(correct,                                  
                             escalated=False,                                  
                             {'seat_answers':                                  
                             [{'seat_index': 0,                                
                             'letter': 'C',                                    
                             'confidence': 0.95,                               
                             'procedure_or_lens':                              
                             'Answer by reasoning                              
                             from first principles,                            
                             step by step.',                                   
                             'temperature': 0.3,                               
                             'permutation': None},                             
                             {'seat_index': 1,                                 
                             'letter': 'C',                                    
                             'confidence': 0.95,                               
                             'procedure_or_lens':                              
                             "Answer by first                                  
                             eliminating choices                               
                             you're confident are                              
                             wrong, then picking                               
                             among what remains.",                             
                             'temperature': 0.6,                               
                             'permutation': None},                             
                             {'seat_index': 2,                                 
                             'letter': 'C',                                    
                             'confidence': 0.95,                               
                             'procedure_or_lens':                              
                             'Answer by recalling the                          
                             single most relevant                              
                             fact, law, or formula,                            
                             then checking each                                
                             choice against it.',                              
                             'temperature': 0.9,                               
                             'permutation': None},                             
                             {'seat_index': 3,                                 
                             'letter': 'C',                                    
                             'confidence': 0.95,                               
                             'procedure_or_lens':                              
                             'Answer by reasoning                              
                             from first principles,                            
                             step by step.',                                   
                             'temperature': 0.3,                               
                             'permutation': None},                             
                             {'seat_index': 4,                                 
                             'letter': 'C',                                    
                             'confidence': 0.95,                               
                             'procedure_or_lens':                              
                             "Answer by first                                  
                             eliminating choices                               
                             you're confident are                              
                             wrong, then picking                               
                             among what remains.",                             
                             'temperature': 0.6,                               
                             'permutation': None}],                            
                             'unanimous': True,                                
                             'n_solvers': 5,                                   
                             'solver_tier':                                    
                             'flagship',                                       
                             'no_tribunal': True})                             
                             cost=$0.00000                                     
[08/03/26 02:01:27] INFO     recIj8lR4tuDgrHou        lever_experiments.py:2113
                             [cycled_panel]:                                   
                             final=D(correct,                                  
                             escalated=False,                                  
                             {'seat_answers':                                  
                             [{'seat_index': 0,                                
                             'letter': 'D',                                    
                             'confidence': 1.0,                                
                             'procedure_or_lens':                              
                             'Answer by reasoning                              
                             from first principles,                            
                             step by step.',                                   
                             'temperature': 0.3,                               
                             'permutation': None},                             
                             {'seat_index': 1,                                 
                             'letter': 'D',                                    
                             'confidence': 1.0,                                
                             'procedure_or_lens':                              
                             "Answer by first                                  
                             eliminating choices                               
                             you're confident are                              
                             wrong, then picking                               
                             among what remains.",                             
                             'temperature': 0.6,                               
                             'permutation': None},                             
                             {'seat_index': 2,                                 
                             'letter': 'D',                                    
                             'confidence': 1.0,                                
                             'procedure_or_lens':                              
                             'Answer by recalling the                          
                             single most relevant                              
                             fact, law, or formula,                            
                             then checking each                                
                             choice against it.',                              
                             'temperature': 0.9,                               
                             'permutation': None},                             
                             {'seat_index': 3,                                 
                             'letter': 'D',                                    
                             'confidence': 1.0,                                
                             'procedure_or_lens':                              
                             'Answer by reasoning                              
                             from first principles,                            
                             step by step.',                                   
                             'temperature': 0.3,                               
                             'permutation': None},                             
                             {'seat_index': 4,                                 
                             'letter': 'D',                                    
                             'confidence': 1.0,                                
                             'procedure_or_lens':                              
                             "Answer by first                                  
                             eliminating choices                               
                             you're confident are                              
                             wrong, then picking                               
                             among what remains.",                             
                             'temperature': 0.6,                               
                             'permutation': None}],                            
                             'unanimous': True,                                
                             'n_solvers': 5,                                   
                             'solver_tier':                                    
                             'flagship',                                       
                             'no_tribunal': True})                             
                             cost=$0.00000                                     
[08/03/26 02:01:58] INFO     recL9MFV5zmdlle5T        lever_experiments.py:2113
                             [cycled_panel]:                                   
                             final=C(correct,                                  
                             escalated=False,                                  
                             {'seat_answers':                                  
                             [{'seat_index': 0,                                
                             'letter': 'C',                                    
                             'confidence': 1.0,                                
                             'procedure_or_lens':                              
                             'Answer by reasoning                              
                             from first principles,                            
                             step by step.',                                   
                             'temperature': 0.3,                               
                             'permutation': None},                             
                             {'seat_index': 1,                                 
                             'letter': 'C',                                    
                             'confidence': 1.0,                                
                             'procedure_or_lens':                              
                             "Answer by first                                  
                             eliminating choices                               
                             you're confident are                              
                             wrong, then picking                               
                             among what remains.",                             
                             'temperature': 0.6,                               
                             'permutation': None},                             
                             {'seat_index': 2,                                 
                             'letter': 'C',                                    
                             'confidence': 1.0,                                
                             'procedure_or_lens':                              
                             'Answer by recalling the                          
                             single most relevant                              
                             fact, law, or formula,                            
                             then checking each                                
                             choice against it.',                              
                             'temperature': 0.9,                               
                             'permutation': None},                             
                             {'seat_index': 3,                                 
                             'letter': 'C',                                    
                             'confidence': 0.9,                                
                             'procedure_or_lens':                              
                             'Answer by reasoning                              
                             from first principles,                            
                             step by step.',                                   
                             'temperature': 0.3,                               
                             'permutation': None},                             
                             {'seat_index': 4,                                 
                             'letter': 'C',                                    
                             'confidence': 1.0,                                
                             'procedure_or_lens':                              
                             "Answer by first                                  
                             eliminating choices                               
                             you're confident are                              
                             wrong, then picking                               
                             among what remains.",                             
                             'temperature': 0.6,                               
                             'permutation': None}],                            
                             'unanimous': True,                                
                             'n_solvers': 5,                                   
                             'solver_tier':                                    
                             'flagship',                                       
                             'no_tribunal': True})                             
                             cost=$0.00000                                     
[08/03/26 02:02:34] INFO     recN4DY9Q5V03glmQ        lever_experiments.py:2113
                             [cycled_panel]:                                   
                             final=C(correct,                                  
                             escalated=False,                                  
                             {'seat_answers':                                  
                             [{'seat_index': 0,                                
                             'letter': 'C',                                    
                             'confidence': 1.0,                                
                             'procedure_or_lens':                              
                             'Answer by reasoning                              
                             from first principles,                            
                             step by step.',                                   
                             'temperature': 0.3,                               
                             'permutation': None},                             
                             {'seat_index': 1,                                 
                             'letter': 'C',                                    
                             'confidence': 0.85,                               
                             'procedure_or_lens':                              
                             "Answer by first                                  
                             eliminating choices                               
                             you're confident are                              
                             wrong, then picking                               
                             among what remains.",                             
                             'temperature': 0.6,                               
                             'permutation': None},                             
                             {'seat_index': 2,                                 
                             'letter': 'C',                                    
                             'confidence': 1.0,                                
                             'procedure_or_lens':                              
                             'Answer by recalling the                          
                             single most relevant                              
                             fact, law, or formula,                            
                             then checking each                                
                             choice against it.',                              
                             'temperature': 0.9,                               
                             'permutation': None},                             
                             {'seat_index': 3,                                 
                             'letter': 'C',                                    
                             'confidence': 0.95,                               
                             'procedure_or_lens':                              
                             'Answer by reasoning                              
                             from first principles,                            
                             step by step.',                                   
                             'temperature': 0.3,                               
                             'permutation': None},                             
                             {'seat_index': 4,                                 
                             'letter': 'C',                                    
                             'confidence': 0.85,                               
                             'procedure_or_lens':                              
                             "Answer by first                                  
                             eliminating choices                               
                             you're confident are                              
                             wrong, then picking                               
                             among what remains.",                             
                             'temperature': 0.6,                               
                             'permutation': None}],                            
                             'unanimous': True,                                
                             'n_solvers': 5,                                   
                             'solver_tier':                                    
                             'flagship',                                       
                             'no_tribunal': True})                             
                             cost=$0.00000                                     
[08/03/26 02:03:26] INFO     recUBgVlkKzcRPDdK        lever_experiments.py:2113
                             [cycled_panel]:                                   
                             final=D(wrong,                                    
                             escalated=False,                                  
                             {'seat_answers':                                  
                             [{'seat_index': 0,                                
                             'letter': 'D',                                    
                             'confidence': 0.8,                                
                             'procedure_or_lens':                              
                             'Answer by reasoning                              
                             from first principles,                            
                             step by step.',                                   
                             'temperature': 0.3,                               
                             'permutation': None},                             
                             {'seat_index': 1,                                 
                             'letter': 'D',                                    
                             'confidence': 0.8,                                
                             'procedure_or_lens':                              
                             "Answer by first                                  
                             eliminating choices                               
                             you're confident are                              
                             wrong, then picking                               
                             among what remains.",                             
                             'temperature': 0.6,                               
                             'permutation': None},                             
                             {'seat_index': 2,                                 
                             'letter': 'D',                                    
                             'confidence': 0.85,                               
                             'procedure_or_lens':                              
                             'Answer by recalling the                          
                             single most relevant                              
                             fact, law, or formula,                            
                             then checking each                                
                             choice against it.',                              
                             'temperature': 0.9,                               
                             'permutation': None},                             
                             {'seat_index': 3,                                 
                             'letter': 'D',                                    
                             'confidence': 0.85,                               
                             'procedure_or_lens':                              
                             'Answer by reasoning                              
                             from first principles,                            
                             step by step.',                                   
                             'temperature': 0.3,                               
                             'permutation': None},                             
                             {'seat_index': 4,                                 
                             'letter': 'D',                                    
                             'confidence': 0.9,                                
                             'procedure_or_lens':                              
                             "Answer by first                                  
                             eliminating choices                               
                             you're confident are                              
                             wrong, then picking                               
                             among what remains.",                             
                             'temperature': 0.6,                               
                             'permutation': None}],                            
                             'unanimous': True,                                
                             'n_solvers': 5,                                   
                             'solver_tier':                                    
                             'flagship',                                       
                             'no_tribunal': True})                             
                             cost=$0.00000                                     
[08/03/26 02:03:52] INFO     rec06pnAkLOr2t2mp        lever_experiments.py:2113
                             [cycled_panel]:                                   
                             final=A(correct,                                  
                             escalated=False,                                  
                             {'seat_answers':                                  
                             [{'seat_index': 0,                                
                             'letter': 'A',                                    
                             'confidence': 1.0,                                
                             'procedure_or_lens':                              
                             'Answer by reasoning                              
                             from first principles,                            
                             step by step.',                                   
                             'temperature': 0.3,                               
                             'permutation': None},                             
                             {'seat_index': 1,                                 
                             'letter': 'A',                                    
                             'confidence': 1.0,                                
                             'procedure_or_lens':                              
                             "Answer by first                                  
                             eliminating choices                               
                             you're confident are                              
                             wrong, then picking                               
                             among what remains.",                             
                             'temperature': 0.6,                               
                             'permutation': None},                             
                             {'seat_index': 2,                                 
                             'letter': 'A',                                    
                             'confidence': 1.0,                                
                             'procedure_or_lens':                              
                             'Answer by recalling the                          
                             single most relevant                              
                             fact, law, or formula,                            
                             then checking each                                
                             choice against it.',                              
                             'temperature': 0.9,                               
                             'permutation': None},                             
                             {'seat_index': 3,                                 
                             'letter': 'A',                                    
                             'confidence': 1.0,                                
                             'procedure_or_lens':                              
                             'Answer by reasoning                              
                             from first principles,                            
                             step by step.',                                   
                             'temperature': 0.3,                               
                             'permutation': None},                             
                             {'seat_index': 4,                                 
                             'letter': 'A',                                    
                             'confidence': 1.0,                                
                             'procedure_or_lens':                              
                             "Answer by first                                  
                             eliminating choices                               
                             you're confident are                              
                             wrong, then picking                               
                             among what remains.",                             
                             'temperature': 0.6,                               
                             'permutation': None}],                            
                             'unanimous': True,                                
                             'n_solvers': 5,                                   
                             'solver_tier':                                    
                             'flagship',                                       
                             'no_tribunal': True})                             
                             cost=$0.00000                                     
[08/03/26 02:04:41] INFO     recXvQ6gWAmyakrpD        lever_experiments.py:2113
                             [cycled_panel]:                                   
                             final=A(correct,                                  
                             escalated=False,                                  
                             {'seat_answers':                                  
                             [{'seat_index': 0,                                
                             'letter': 'A',                                    
                             'confidence': 0.9,                                
                             'procedure_or_lens':                              
                             'Answer by reasoning                              
                             from first principles,                            
                             step by step.',                                   
                             'temperature': 0.3,                               
                             'permutation': None},                             
                             {'seat_index': 1,                                 
                             'letter': 'A',                                    
                             'confidence': 0.85,                               
                             'procedure_or_lens':                              
                             "Answer by first                                  
                             eliminating choices                               
                             you're confident are                              
                             wrong, then picking                               
                             among what remains.",                             
                             'temperature': 0.6,                               
                             'permutation': None},                             
                             {'seat_index': 2,                                 
                             'letter': 'A',                                    
                             'confidence': 0.95,                               
                             'procedure_or_lens':                              
                             'Answer by recalling the                          
                             single most relevant                              
                             fact, law, or formula,                            
                             then checking each                                
                             choice against it.',                              
                             'temperature': 0.9,                               
                             'permutation': None},                             
                             {'seat_index': 3,                                 
                             'letter': 'A',                                    
                             'confidence': 1.0,                                
                             'procedure_or_lens':                              
                             'Answer by reasoning                              
                             from first principles,                            
                             step by step.',                                   
                             'temperature': 0.3,                               
                             'permutation': None},                             
                             {'seat_index': 4,                                 
                             'letter': 'A',                                    
                             'confidence': 1.0,                                
                             'procedure_or_lens':                              
                             "Answer by first                                  
                             eliminating choices                               
                             you're confident are                              
                             wrong, then picking                               
                             among what remains.",                             
                             'temperature': 0.6,                               
                             'permutation': None}],                            
                             'unanimous': True,                                
                             'n_solvers': 5,                                   
                             'solver_tier':                                    
                             'flagship',                                       
                             'no_tribunal': True})                             
                             cost=$0.00000                                     
[08/03/26 02:04:57] ERROR    recVvpD8miVjmmyfe:       lever_experiments.py:2111
                             DROPPED after                                     
                             unrecoverable error                               
                             +- Traceback (most rec-+                          
                             | C:\Users\Ong Jun     |                          
                             | Kai\Documents\Qwen   |                          
                             | Hackathon\.venv\Lib\ |                          
                             | site-packages\urllib |                          
                             | 3\connectionpool.py: |                          
                             | 534 in _make_request |                          
                             |                      |                          
                             |    531               |                          
                             |    532         # Rec |                          
                             |    533         try:  |                          
                             | >  534             r |                          
                             |    535         excep |                          
                             |    536             s |                          
                             |    537             r |                          
                             |                      |                          
                             | C:\Users\Ong Jun     |                          
                             | Kai\Documents\Qwen   |                          
                             | Hackathon\.venv\Lib\ |                          
                             | site-packages\urllib |                          
                             | 3\connection.py:571  |                          
                             | in getresponse       |                          
                             |                      |                          
                             |    568         _shut |                          
                             |    569               |                          
                             |    570         # Get |                          
                             | >  571         httpl |                          
                             |    572               |                          
                             |    573         try:  |                          
                             |    574             a |                          
                             |                      |                          
                             | C:\Users\Ong Jun     |                          
                             | Kai\AppData\Local\Pr |                          
                             | ograms\Python\Python |                          
                             | 312\Lib\http\client. |                          
                             | py:1430 in           |                          
                             | getresponse          |                          
                             |                      |                          
                             |   1427               |                          
                             |   1428         try:  |                          
                             |   1429             t |                          
                             | > 1430               |                          
                             |   1431             e |                          
                             |   1432               |                          
                             |   1433               |                          
                             |                      |                          
                             | C:\Users\Ong Jun     |                          
                             | Kai\AppData\Local\Pr |                          
                             | ograms\Python\Python |                          
                             | 312\Lib\http\client. |                          
                             | py:331 in begin      |                          
                             |                      |                          
                             |    328               |                          
                             |    329         # rea |                          
                             |    330         while |                          
                             | >  331             v |                          
                             |    332             i |                          
                             |    333               |                          
                             |    334             # |                          
                             |                      |                          
                             | C:\Users\Ong Jun     |                          
                             | Kai\AppData\Local\Pr |                          
                             | ograms\Python\Python |                          
                             | 312\Lib\http\client. |                          
                             | py:292 in            |                          
                             | _read_status         |                          
                             |                      |                          
                             |    289         self. |                          
                             |    290               |                          
                             |    291     def _read |                          
                             | >  292         line  |                          
                             |    293         if le |                          
                             |    294             r |                          
                             |    295         if se |                          
                             |                      |                          
                             | C:\Users\Ong Jun     |                          
                             | Kai\AppData\Local\Pr |                          
                             | ograms\Python\Python |                          
                             | 312\Lib\socket.py:72 |                          
                             | 0 in readinto        |                          
                             |                      |                          
                             |   717             ra |                          
                             |   718         while  |                          
                             |   719             tr |                          
                             | > 720                |                          
                             |   721             ex |                          
                             |   722                |                          
                             |   723                |                          
                             |                      |                          
                             | C:\Users\Ong Jun     |                          
                             | Kai\AppData\Local\Pr |                          
                             | ograms\Python\Python |                          
                             | 312\Lib\ssl.py:1251  |                          
                             | in recv_into         |                          
                             |                      |                          
                             |   1248               |                          
                             |   1249               |                          
                             |   1250               |                          
                             | > 1251             r |                          
                             |   1252         else: |                          
                             |   1253             r |                          
                             |   1254               |                          
                             |                      |                          
                             | C:\Users\Ong Jun     |                          
                             | Kai\AppData\Local\Pr |                          
                             | ograms\Python\Python |                          
                             | 312\Lib\ssl.py:1103  |                          
                             | in read              |                          
                             |                      |                          
                             |   1100             r |                          
                             |   1101         try:  |                          
                             |   1102             i |                          
                             | > 1103               |                          
                             |   1104             e |                          
                             |   1105               |                          
                             |   1106         excep |                          
                             +----------------------+                          
                             TimeoutError: The read                            
                             operation timed out                               
                                                                               
                             The above exception was                           
                             the direct cause of the                           
                             following exception:                              
                                                                               
                             +- Traceback (most rec-+                          
                             | C:\Users\Ong Jun     |                          
                             | Kai\Documents\Qwen   |                          
                             | Hackathon\.venv\Lib\ |                          
                             | site-packages\reques |                          
                             | ts\adapters.py:696   |                          
                             | in send              |                          
                             |                      |                          
                             |   693             re |                          
                             |   694                |                          
                             |   695         try:   |                          
                             | > 696             re |                          
                             |   697                |                          
                             |   698                |                          
                             |   699                |                          
                             |       accept Iterabl |                          
                             |                      |                          
                             | C:\Users\Ong Jun     |                          
                             | Kai\Documents\Qwen   |                          
                             | Hackathon\.venv\Lib\ |                          
                             | site-packages\urllib |                          
                             | 3\connectionpool.py: |                          
                             | 842 in urlopen       |                          
                             |                      |                          
                             |    839             e |                          
                             |    840               |                          
                             |    841               |                          
                             | >  842             r |                          
                             |    843               |                          
                             |    844             ) |                          
                             |    845             r |                          
                             |                      |                          
                             | C:\Users\Ong Jun     |                          
                             | Kai\Documents\Qwen   |                          
                             | Hackathon\.venv\Lib\ |                          
                             | site-packages\urllib |                          
                             | 3\util\retry.py:498  |                          
                             | in increment         |                          
                             |                      |                          
                             |   495         elif e |                          
                             |   496             #  |                          
                             |   497             if |                          
                             | > 498                |                          
                             |   499             el |                          
                             |   500                |                          
                             |   501                |                          
                             |                      |                          
                             | C:\Users\Ong Jun     |                          
                             | Kai\Documents\Qwen   |                          
                             | Hackathon\.venv\Lib\ |                          
                             | site-packages\urllib |                          
                             | 3\util\util.py:39 in |                          
                             | reraise              |                          
                             |                      |                          
                             |   36     try:        |                          
                             |   37         if valu |                          
                             |   38             rai |                          
                             | > 39         raise v |                          
                             |   40     finally:    |                          
                             |   41         value = |                          
                             |   42         tb = No |                          
                             |                      |                          
                             | C:\Users\Ong Jun     |                          
                             | Kai\Documents\Qwen   |                          
                             | Hackathon\.venv\Lib\ |                          
                             | site-packages\urllib |                          
                             | 3\connectionpool.py: |                          
                             | 788 in urlopen       |                          
                             |                      |                          
                             |    785             r |                          
                             |    786               |                          
                             |    787             # |                          
                             | >  788             r |                          
                             |    789               |                          
                             |    790               |                          
                             |    791               |                          
                             |                      |                          
                             | C:\Users\Ong Jun     |                          
                             | Kai\Documents\Qwen   |                          
                             | Hackathon\.venv\Lib\ |                          
                             | site-packages\urllib |                          
                             | 3\connectionpool.py: |                          
                             | 536 in _make_request |                          
                             |                      |                          
                             |    533         try:  |                          
                             |    534             r |                          
                             |    535         excep |                          
                             | >  536             s |                          
                             |    537             r |                          
                             |    538               |                          
                             |    539         # Set |                          
                             |                      |                          
                             | C:\Users\Ong Jun     |                          
                             | Kai\Documents\Qwen   |                          
                             | Hackathon\.venv\Lib\ |                          
                             | site-packages\urllib |                          
                             | 3\connectionpool.py: |                          
                             | 367 in               |                          
                             | _raise_timeout       |                          
                             |                      |                          
                             |    364         """Is |                          
                             |    365               |                          
                             |    366         if is |                          
                             | >  367             r |                          
                             |    368               |                          
                             |    369             ) |                          
                             |    370               |                          
                             +----------------------+                          
                             ReadTimeoutError:                                 
                             HTTPSConnectionPool(host                          
                             ='token-plan.ap-southeas                          
                             t-1.maas.aliyuncs.com',                           
                             port=443): Read timed                             
                             out. (read timeout=300)                           
                                                                               
                             During handling of the                            
                             above exception, another                          
                             exception occurred:                               
                                                                               
                             +- Traceback (most rec-+                          
                             | C:\Users\Ong Jun     |                          
                             | Kai\Documents\Qwen   |                          
                             | Hackathon\benchmark\ |                          
                             | lever_experiments.py |                          
                             | :2106 in _run_one    |                          
                             |                      |                          
                             |   2103 ):            |                          
                             |   2104     try:      |                          
                             |   2105         async |                          
                             | > 2106             r |                          
                             |   2107               |                          
                             |   2108               |                          
                             |   2109             ) |                          
                             |                      |                          
                             | C:\Users\Ong Jun     |                          
                             | Kai\Documents\Qwen   |                          
                             | Hackathon\benchmark\ |                          
                             | lever_experiments.py |                          
                             | :1893 in             |                          
                             | run_question_lever   |                          
                             |                      |                          
                             |   1890             c |                          
                             |        tier=solver_t |                          
                             |   1891         )     |                          
                             |   1892     elif leve |                          
                             | > 1893         solve |                          
                             |   1894             c |                          
                             |   1895         )     |                          
                             |   1896     elif leve |                          
                             |        "rag_gated_pr |                          
                             |                      |                          
                             | C:\Users\Ong Jun     |                          
                             | Kai\Documents\Qwen   |                          
                             | Hackathon\benchmark\ |                          
                             | lever_experiments.py |                          
                             | :1126 in             |                          
                             | solve_all_cycled_pan |                          
                             | el                   |                          
                             |                      |                          
                             |   1123             a |                          
                             |        temperatures[ |                          
                             |   1124             f |                          
                             |   1125         ]     |                          
                             | > 1126     pairs = l |                          
                             |   1127     seat_answ |                          
                             |   1128         {     |                          
                             |   1129             " |                          
                             |                      |                          
                             | C:\Users\Ong Jun     |                          
                             | Kai\AppData\Local\Pr |                          
                             | ograms\Python\Python |                          
                             | 312\Lib\asyncio\thre |                          
                             | ads.py:25 in         |                          
                             | to_thread            |                          
                             |                      |                          
                             |   22     loop = even |                          
                             |   23     ctx = conte |                          
                             |   24     func_call = |                          
                             | > 25     return awai |                          
                             |   26                 |                          
                             |                      |                          
                             | C:\Users\Ong Jun     |                          
                             | Kai\AppData\Local\Pr |                          
                             | ograms\Python\Python |                          
                             | 312\Lib\concurrent\f |                          
                             | utures\thread.py:59  |                          
                             | in run               |                          
                             |                      |                          
                             |    56             re |                          
                             |    57                |                          
                             |    58         try:   |                          
                             | >  59             re |                          
                             |    60         except |                          
                             |    61             se |                          
                             |    62             #  |                          
                             |                      |                          
                             | C:\Users\Ong Jun     |                          
                             | Kai\Documents\Qwen   |                          
                             | Hackathon\benchmark\ |                          
                             | lever_experiments.py |                          
                             | :445 in              |                          
                             | _solve_one_thinking  |                          
                             |                      |                          
                             |    442         f'JSO |                          
                             |        "reasoning":  |                          
                             |    443         "Keep |                          
                             |        showing full  |                          
                             |    444     )         |                          
                             | >  445     result =  |                          
                             |        user=user, ro |                          
                             |    446     answer =  |                          
                             |    447         lette |                          
                             |    448         confi |                          
                             |                      |                          
                             | C:\Users\Ong Jun     |                          
                             | Kai\Documents\Qwen   |                          
                             | Hackathon\src\quorum |                          
                             | qa\qwen_client.py:20 |                          
                             | 7 in chat_json       |                          
                             |                      |                          
                             |   204         spent_ |                          
                             |   205         spent_ |                          
                             |   206         for at |                          
                             | > 207             co |                          
                             |   208                |                          
                             |       max_tokens=max |                          
                             |   209                |                          
                             |   210             )  |                          
                             |                      |                          
                             | C:\Users\Ong Jun     |                          
                             | Kai\Documents\Qwen   |                          
                             | Hackathon\src\quorum |                          
                             | qa\qwen_client.py:16 |                          
                             | 4 in chat            |                          
                             |                      |                          
                             |   161         # in t |                          
                             |   162         # Chem |                          
                             |   163         # from |                          
                             | > 164         resp = |                          
                             |       timeout=self._ |                          
                             |   165         resp.r |                          
                             |   166         data = |                          
                             |   167                |                          
                             |                      |                          
                             | C:\Users\Ong Jun     |                          
                             | Kai\Documents\Qwen   |                          
                             | Hackathon\.venv\Lib\ |                          
                             | site-packages\reques |                          
                             | ts\api.py:134 in     |                          
                             | post                 |                          
                             |                      |                          
                             |   131     :rtype: re |                          
                             |   132     """        |                          
                             |   133                |                          
                             | > 134     return req |                          
                             |   135                |                          
                             |   136                |                          
                             |   137 def put(       |                          
                             |                      |                          
                             | C:\Users\Ong Jun     |                          
                             | Kai\Documents\Qwen   |                          
                             | Hackathon\.venv\Lib\ |                          
                             | site-packages\reques |                          
                             | ts\api.py:71 in      |                          
                             | request              |                          
                             |                      |                          
                             |    68     # avoid le |                          
                             |    69     # cases, a |                          
                             |    70     with sessi |                          
                             | >  71         return |                          
                             |    72                |                          
                             |    73                |                          
                             |    74 def get(       |                          
                             |                      |                          
                             | C:\Users\Ong Jun     |                          
                             | Kai\Documents\Qwen   |                          
                             | Hackathon\.venv\Lib\ |                          
                             | site-packages\reques |                          
                             | ts\sessions.py:651   |                          
                             | in request           |                          
                             |                      |                          
                             |   648             "a |                          
                             |   649         }      |                          
                             |   650         send_k |                          
                             | > 651         resp = |                          
                             |   652                |                          
                             |   653         return |                          
                             |   654                |                          
                             |                      |                          
                             | C:\Users\Ong Jun     |                          
                             | Kai\Documents\Qwen   |                          
                             | Hackathon\.venv\Lib\ |                          
                             | site-packages\reques |                          
                             | ts\sessions.py:784   |                          
                             | in send              |                          
                             |                      |                          
                             |   781         start  |                          
                             |   782                |                          
                             |   783         # Send |                          
                             | > 784         r = ad |                          
                             |   785                |                          
                             |   786         # Tota |                          
                             |   787         elapse |                          
                             |                      |                          
                             | C:\Users\Ong Jun     |                          
                             | Kai\Documents\Qwen   |                          
                             | Hackathon\.venv\Lib\ |                          
                             | site-packages\reques |                          
                             | ts\adapters.py:742   |                          
                             | in send              |                          
                             |                      |                          
                             |   739                |                          
                             |   740                |                          
                             |   741             el |                          
                             | > 742                |                          
                             |   743             el |                          
                             |   744                |                          
                             |   745             el |                          
                             +----------------------+                          
                             ReadTimeout:                                      
                             HTTPSConnectionPool(host                          
                             ='token-plan.ap-southeas                          
                             t-1.maas.aliyuncs.com',                           
                             port=443): Read timed                             
                             out. (read timeout=300)                           
[08/03/26 02:05:08] INFO     recV1nqYQvpII94oC        lever_experiments.py:2113
                             [cycled_panel]:                                   
                             final=B(correct,                                  
                             escalated=False,                                  
                             {'seat_answers':                                  
                             [{'seat_index': 0,                                
                             'letter': 'B',                                    
                             'confidence': 1.0,                                
                             'procedure_or_lens':                              
                             'Answer by reasoning                              
                             from first principles,                            
                             step by step.',                                   
                             'temperature': 0.3,                               
                             'permutation': None},                             
                             {'seat_index': 1,                                 
                             'letter': 'B',                                    
                             'confidence': 1.0,                                
                             'procedure_or_lens':                              
                             "Answer by first                                  
                             eliminating choices                               
                             you're confident are                              
                             wrong, then picking                               
                             among what remains.",                             
                             'temperature': 0.6,                               
                             'permutation': None},                             
                             {'seat_index': 2,                                 
                             'letter': 'B',                                    
                             'confidence': 1.0,                                
                             'procedure_or_lens':                              
                             'Answer by recalling the                          
                             single most relevant                              
                             fact, law, or formula,                            
                             then checking each                                
                             choice against it.',                              
                             'temperature': 0.9,                               
                             'permutation': None},                             
                             {'seat_index': 3,                                 
                             'letter': 'B',                                    
                             'confidence': 1.0,                                
                             'procedure_or_lens':                              
                             'Answer by reasoning                              
                             from first principles,                            
                             step by step.',                                   
                             'temperature': 0.3,                               
                             'permutation': None},                             
                             {'seat_index': 4,                                 
                             'letter': 'B',                                    
                             'confidence': 1.0,                                
                             'procedure_or_lens':                              
                             "Answer by first                                  
                             eliminating choices                               
                             you're confident are                              
                             wrong, then picking                               
                             among what remains.",                             
                             'temperature': 0.6,                               
                             'permutation': None}],                            
                             'unanimous': True,                                
                             'n_solvers': 5,                                   
                             'solver_tier':                                    
                             'flagship',                                       
                             'no_tribunal': True})                             
                             cost=$0.00000                                     
[08/03/26 02:05:39] INFO     recr3VHM4zYf6dMFY        lever_experiments.py:2113
                             [cycled_panel]:                                   
                             final=D(correct,                                  
                             escalated=False,                                  
                             {'seat_answers':                                  
                             [{'seat_index': 0,                                
                             'letter': 'D',                                    
                             'confidence': 0.95,                               
                             'procedure_or_lens':                              
                             'Answer by reasoning                              
                             from first principles,                            
                             step by step.',                                   
                             'temperature': 0.3,                               
                             'permutation': None},                             
                             {'seat_index': 1,                                 
                             'letter': 'D',                                    
                             'confidence': 0.95,                               
                             'procedure_or_lens':                              
                             "Answer by first                                  
                             eliminating choices                               
                             you're confident are                              
                             wrong, then picking                               
                             among what remains.",                             
                             'temperature': 0.6,                               
                             'permutation': None},                             
                             {'seat_index': 2,                                 
                             'letter': 'D',                                    
                             'confidence': 0.95,                               
                             'procedure_or_lens':                              
                             'Answer by recalling the                          
                             single most relevant                              
                             fact, law, or formula,                            
                             then checking each                                
                             choice against it.',                              
                             'temperature': 0.9,                               
                             'permutation': None},                             
                             {'seat_index': 3,                                 
                             'letter': 'D',                                    
                             'confidence': 0.95,                               
                             'procedure_or_lens':                              
                             'Answer by reasoning                              
                             from first principles,                            
                             step by step.',                                   
                             'temperature': 0.3,                               
                             'permutation': None},                             
                             {'seat_index': 4,                                 
                             'letter': 'D',                                    
                             'confidence': 0.95,                               
                             'procedure_or_lens':                              
                             "Answer by first                                  
                             eliminating choices                               
                             you're confident are                              
                             wrong, then picking                               
                             among what remains.",                             
                             'temperature': 0.6,                               
                             'permutation': None}],                            
                             'unanimous': True,                                
                             'n_solvers': 5,                                   
                             'solver_tier':                                    
                             'flagship',                                       
                             'no_tribunal': True})                             
                             cost=$0.00000                                     
[08/03/26 02:05:53] INFO     recvZlMbpPz0yLDle        lever_experiments.py:2113
                             [cycled_panel]:                                   
                             final=B(correct,                                  
                             escalated=False,                                  
                             {'seat_answers':                                  
                             [{'seat_index': 0,                                
                             'letter': 'B',                                    
                             'confidence': 0.75,                               
                             'procedure_or_lens':                              
                             'Answer by reasoning                              
                             from first principles,                            
                             step by step.',                                   
                             'temperature': 0.3,                               
                             'permutation': None},                             
                             {'seat_index': 1,                                 
                             'letter': 'B',                                    
                             'confidence': 1.0,                                
                             'procedure_or_lens':                              
                             "Answer by first                                  
                             eliminating choices                               
                             you're confident are                              
                             wrong, then picking                               
                             among what remains.",                             
                             'temperature': 0.6,                               
                             'permutation': None},                             
                             {'seat_index': 2,                                 
                             'letter': 'B',                                    
                             'confidence': 1.0,                                
                             'procedure_or_lens':                              
                             'Answer by recalling the                          
                             single most relevant                              
                             fact, law, or formula,                            
                             then checking each                                
                             choice against it.',                              
                             'temperature': 0.9,                               
                             'permutation': None},                             
                             {'seat_index': 3,                                 
                             'letter': 'B',                                    
                             'confidence': 0.95,                               
                             'procedure_or_lens':                              
                             'Answer by reasoning                              
                             from first principles,                            
                             step by step.',                                   
                             'temperature': 0.3,                               
                             'permutation': None},                             
                             {'seat_index': 4,                                 
                             'letter': 'B',                                    
                             'confidence': 1.0,                                
                             'procedure_or_lens':                              
                             "Answer by first                                  
                             eliminating choices                               
                             you're confident are                              
                             wrong, then picking                               
                             among what remains.",                             
                             'temperature': 0.6,                               
                             'permutation': None}],                            
                             'unanimous': True,                                
                             'n_solvers': 5,                                   
                             'solver_tier':                                    
                             'flagship',                                       
                             'no_tribunal': True})                             
                             cost=$0.00000                                     
[08/03/26 02:06:16] INFO     recnTTKdBzfuoZ7w7        lever_experiments.py:2113
                             [cycled_panel]:                                   
                             final=B(correct,                                  
                             escalated=False,                                  
                             {'seat_answers':                                  
                             [{'seat_index': 0,                                
                             'letter': 'B',                                    
                             'confidence': 0.95,                               
                             'procedure_or_lens':                              
                             'Answer by reasoning                              
                             from first principles,                            
                             step by step.',                                   
                             'temperature': 0.3,                               
                             'permutation': None},                             
                             {'seat_index': 1,                                 
                             'letter': 'B',                                    
                             'confidence': 0.95,                               
                             'procedure_or_lens':                              
                             "Answer by first                                  
                             eliminating choices                               
                             you're confident are                              
                             wrong, then picking                               
                             among what remains.",                             
                             'temperature': 0.6,                               
                             'permutation': None},                             
                             {'seat_index': 2,                                 
                             'letter': 'A',                                    
                             'confidence': 1.0,                                
                             'procedure_or_lens':                              
                             'Answer by recalling the                          
                             single most relevant                              
                             fact, law, or formula,                            
                             then checking each                                
                             choice against it.',                              
                             'temperature': 0.9,                               
                             'permutation': None},                             
                             {'seat_index': 3,                                 
                             'letter': 'B',                                    
                             'confidence': 0.95,                               
                             'procedure_or_lens':                              
                             'Answer by reasoning                              
                             from first principles,                            
                             step by step.',                                   
                             'temperature': 0.3,                               
                             'permutation': None},                             
                             {'seat_index': 4,                                 
                             'letter': 'A',                                    
                             'confidence': 1.0,                                
                             'procedure_or_lens':                              
                             "Answer by first                                  
                             eliminating choices                               
                             you're confident are                              
                             wrong, then picking                               
                             among what remains.",                             
                             'temperature': 0.6,                               
                             'permutation': None}],                            
                             'unanimous': False,                               
                             'n_solvers': 5,                                   
                             'solver_tier':                                    
                             'flagship',                                       
                             'no_tribunal': True})                             
                             cost=$0.00000                                     
                    INFO     recNFJjE5PPTqVJGv        lever_experiments.py:2113
                             [cycled_panel]:                                   
                             final=C(correct,                                  
                             escalated=False,                                  
                             {'seat_answers':                                  
                             [{'seat_index': 0,                                
                             'letter': 'C',                                    
                             'confidence': 0.95,                               
                             'procedure_or_lens':                              
                             'Answer by reasoning                              
                             from first principles,                            
                             step by step.',                                   
                             'temperature': 0.3,                               
                             'permutation': None},                             
                             {'seat_index': 1,                                 
                             'letter': 'C',                                    
                             'confidence': 0.95,                               
                             'procedure_or_lens':                              
                             "Answer by first                                  
                             eliminating choices                               
                             you're confident are                              
                             wrong, then picking                               
                             among what remains.",                             
                             'temperature': 0.6,                               
                             'permutation': None},                             
                             {'seat_index': 2,                                 
                             'letter': 'C',                                    
                             'confidence': 0.95,                               
                             'procedure_or_lens':                              
                             'Answer by recalling the                          
                             single most relevant                              
                             fact, law, or formula,                            
                             then checking each                                
                             choice against it.',                              
                             'temperature': 0.9,                               
                             'permutation': None},                             
                             {'seat_index': 3,                                 
                             'letter': 'C',                                    
                             'confidence': 0.95,                               
                             'procedure_or_lens':                              
                             'Answer by reasoning                              
                             from first principles,                            
                             step by step.',                                   
                             'temperature': 0.3,                               
                             'permutation': None},                             
                             {'seat_index': 4,                                 
                             'letter': 'C',                                    
                             'confidence': 0.95,                               
                             'procedure_or_lens':                              
                             "Answer by first                                  
                             eliminating choices                               
                             you're confident are                              
                             wrong, then picking                               
                             among what remains.",                             
                             'temperature': 0.6,                               
                             'permutation': None}],                            
                             'unanimous': True,                                
                             'n_solvers': 5,                                   
                             'solver_tier':                                    
                             'flagship',                                       
                             'no_tribunal': True})                             
                             cost=$0.00000                                     
[08/03/26 02:06:19] INFO     recWPMm91mGDLXONm        lever_experiments.py:2113
                             [cycled_panel]:                                   
                             final=B(correct,                                  
                             escalated=False,                                  
                             {'seat_answers':                                  
                             [{'seat_index': 0,                                
                             'letter': 'B',                                    
                             'confidence': 1.0,                                
                             'procedure_or_lens':                              
                             'Answer by reasoning                              
                             from first principles,                            
                             step by step.',                                   
                             'temperature': 0.3,                               
                             'permutation': None},                             
                             {'seat_index': 1,                                 
                             'letter': 'B',                                    
                             'confidence': 0.95,                               
                             'procedure_or_lens':                              
                             "Answer by first                                  
                             eliminating choices                               
                             you're confident are                              
                             wrong, then picking                               
                             among what remains.",                             
                             'temperature': 0.6,                               
                             'permutation': None},                             
                             {'seat_index': 2,                                 
                             'letter': 'B',                                    
                             'confidence': 0.95,                               
                             'procedure_or_lens':                              
                             'Answer by recalling the                          
                             single most relevant                              
                             fact, law, or formula,                            
                             then checking each                                
                             choice against it.',                              
                             'temperature': 0.9,                               
                             'permutation': None},                             
                             {'seat_index': 3,                                 
                             'letter': 'B',                                    
                             'confidence': 0.95,                               
                             'procedure_or_lens':                              
                             'Answer by reasoning                              
                             from first principles,                            
                             step by step.',                                   
                             'temperature': 0.3,                               
                             'permutation': None},                             
                             {'seat_index': 4,                                 
                             'letter': 'B',                                    
                             'confidence': 0.95,                               
                             'procedure_or_lens':                              
                             "Answer by first                                  
                             eliminating choices                               
                             you're confident are                              
                             wrong, then picking                               
                             among what remains.",                             
                             'temperature': 0.6,                               
                             'permutation': None}],                            
                             'unanimous': True,                                
                             'n_solvers': 5,                                   
                             'solver_tier':                                    
                             'flagship',                                       
                             'no_tribunal': True})                             
                             cost=$0.00000                                     
[08/03/26 02:06:57] INFO     recPIzpnuYpB4yvmp        lever_experiments.py:2113
                             [cycled_panel]:                                   
                             final=A(correct,                                  
                             escalated=False,                                  
                             {'seat_answers':                                  
                             [{'seat_index': 0,                                
                             'letter': 'A',                                    
                             'confidence': 0.95,                               
                             'procedure_or_lens':                              
                             'Answer by reasoning                              
                             from first principles,                            
                             step by step.',                                   
                             'temperature': 0.3,                               
                             'permutation': None},                             
                             {'seat_index': 1,                                 
                             'letter': 'A',                                    
                             'confidence': 0.95,                               
                             'procedure_or_lens':                              
                             "Answer by first                                  
                             eliminating choices                               
                             you're confident are                              
                             wrong, then picking                               
                             among what remains.",                             
                             'temperature': 0.6,                               
                             'permutation': None},                             
                             {'seat_index': 2,                                 
                             'letter': 'A',                                    
                             'confidence': 1.0,                                
                             'procedure_or_lens':                              
                             'Answer by recalling the                          
                             single most relevant                              
                             fact, law, or formula,                            
                             then checking each                                
                             choice against it.',                              
                             'temperature': 0.9,                               
                             'permutation': None},                             
                             {'seat_index': 3,                                 
                             'letter': 'A',                                    
                             'confidence': 0.95,                               
                             'procedure_or_lens':                              
                             'Answer by reasoning                              
                             from first principles,                            
                             step by step.',                                   
                             'temperature': 0.3,                               
                             'permutation': None},                             
                             {'seat_index': 4,                                 
                             'letter': 'A',                                    
                             'confidence': 0.95,                               
                             'procedure_or_lens':                              
                             "Answer by first                                  
                             eliminating choices                               
                             you're confident are                              
                             wrong, then picking                               
                             among what remains.",                             
                             'temperature': 0.6,                               
                             'permutation': None}],                            
                             'unanimous': True,                                
                             'n_solvers': 5,                                   
                             'solver_tier':                                    
                             'flagship',                                       
                             'no_tribunal': True})                             
                             cost=$0.00000                                     
[08/03/26 02:07:21] INFO     recHVUd2DkoKfedJZ        lever_experiments.py:2113
                             [cycled_panel]:                                   
                             final=B(correct,                                  
                             escalated=False,                                  
                             {'seat_answers':                                  
                             [{'seat_index': 0,                                
                             'letter': 'B',                                    
                             'confidence': 0.95,                               
                             'procedure_or_lens':                              
                             'Answer by reasoning                              
                             from first principles,                            
                             step by step.',                                   
                             'temperature': 0.3,                               
                             'permutation': None},                             
                             {'seat_index': 1,                                 
                             'letter': 'B',                                    
                             'confidence': 0.95,                               
                             'procedure_or_lens':                              
                             "Answer by first                                  
                             eliminating choices                               
                             you're confident are                              
                             wrong, then picking                               
                             among what remains.",                             
                             'temperature': 0.6,                               
                             'permutation': None},                             
                             {'seat_index': 2,                                 
                             'letter': 'B',                                    
                             'confidence': 0.95,                               
                             'procedure_or_lens':                              
                             'Answer by recalling the                          
                             single most relevant                              
                             fact, law, or formula,                            
                             then checking each                                
                             choice against it.',                              
                             'temperature': 0.9,                               
                             'permutation': None},                             
                             {'seat_index': 3,                                 
                             'letter': 'B',                                    
                             'confidence': 0.9,                                
                             'procedure_or_lens':                              
                             'Answer by reasoning                              
                             from first principles,                            
                             step by step.',                                   
                             'temperature': 0.3,                               
                             'permutation': None},                             
                             {'seat_index': 4,                                 
                             'letter': 'B',                                    
                             'confidence': 0.95,                               
                             'procedure_or_lens':                              
                             "Answer by first                                  
                             eliminating choices                               
                             you're confident are                              
                             wrong, then picking                               
                             among what remains.",                             
                             'temperature': 0.6,                               
                             'permutation': None}],                            
                             'unanimous': True,                                
                             'n_solvers': 5,                                   
                             'solver_tier':                                    
                             'flagship',                                       
                             'no_tribunal': True})                             
                             cost=$0.00000                                     
[08/03/26 02:07:27] INFO     rec0VuKUjt1SZ7NYv        lever_experiments.py:2113
                             [cycled_panel]:                                   
                             final=C(correct,                                  
                             escalated=False,                                  
                             {'seat_answers':                                  
                             [{'seat_index': 0,                                
                             'letter': 'C',                                    
                             'confidence': 1.0,                                
                             'procedure_or_lens':                              
                             'Answer by reasoning                              
                             from first principles,                            
                             step by step.',                                   
                             'temperature': 0.3,                               
                             'permutation': None},                             
                             {'seat_index': 1,                                 
                             'letter': 'C',                                    
                             'confidence': 1.0,                                
                             'procedure_or_lens':                              
                             "Answer by first                                  
                             eliminating choices                               
                             you're confident are                              
                             wrong, then picking                               
                             among what remains.",                             
                             'temperature': 0.6,                               
                             'permutation': None},                             
                             {'seat_index': 2,                                 
                             'letter': 'C',                                    
                             'confidence': 1.0,                                
                             'procedure_or_lens':                              
                             'Answer by recalling the                          
                             single most relevant                              
                             fact, law, or formula,                            
                             then checking each                                
                             choice against it.',                              
                             'temperature': 0.9,                               
                             'permutation': None},                             
                             {'seat_index': 3,                                 
                             'letter': 'C',                                    
                             'confidence': 1.0,                                
                             'procedure_or_lens':                              
                             'Answer by reasoning                              
                             from first principles,                            
                             step by step.',                                   
                             'temperature': 0.3,                               
                             'permutation': None},                             
                             {'seat_index': 4,                                 
                             'letter': 'C',                                    
                             'confidence': 1.0,                                
                             'procedure_or_lens':                              
                             "Answer by first                                  
                             eliminating choices                               
                             you're confident are                              
                             wrong, then picking                               
                             among what remains.",                             
                             'temperature': 0.6,                               
                             'permutation': None}],                            
                             'unanimous': True,                                
                             'n_solvers': 5,                                   
                             'solver_tier':                                    
                             'flagship',                                       
                             'no_tribunal': True})                             
                             cost=$0.00000                                     
[08/03/26 02:08:14] INFO     rec7qmSnbud4FHSqL        lever_experiments.py:2113
                             [cycled_panel]:                                   
                             final=D(wrong,                                    
                             escalated=False,                                  
                             {'seat_answers':                                  
                             [{'seat_index': 0,                                
                             'letter': 'D',                                    
                             'confidence': 1.0,                                
                             'procedure_or_lens':                              
                             'Answer by reasoning                              
                             from first principles,                            
                             step by step.',                                   
                             'temperature': 0.3,                               
                             'permutation': None},                             
                             {'seat_index': 1,                                 
                             'letter': 'D',                                    
                             'confidence': 0.95,                               
                             'procedure_or_lens':                              
                             "Answer by first                                  
                             eliminating choices                               
                             you're confident are                              
                             wrong, then picking                               
                             among what remains.",                             
                             'temperature': 0.6,                               
                             'permutation': None},                             
                             {'seat_index': 2,                                 
                             'letter': 'D',                                    
                             'confidence': 0.95,                               
                             'procedure_or_lens':                              
                             'Answer by recalling the                          
                             single most relevant                              
                             fact, law, or formula,                            
                             then checking each                                
                             choice against it.',                              
                             'temperature': 0.9,                               
                             'permutation': None},                             
                             {'seat_index': 3,                                 
                             'letter': 'D',                                    
                             'confidence': 0.95,                               
                             'procedure_or_lens':                              
                             'Answer by reasoning                              
                             from first principles,                            
                             step by step.',                                   
                             'temperature': 0.3,                               
                             'permutation': None},                             
                             {'seat_index': 4,                                 
                             'letter': 'D',                                    
                             'confidence': 0.95,                               
                             'procedure_or_lens':                              
                             "Answer by first                                  
                             eliminating choices                               
                             you're confident are                              
                             wrong, then picking                               
                             among what remains.",                             
                             'temperature': 0.6,                               
                             'permutation': None}],                            
                             'unanimous': True,                                
                             'n_solvers': 5,                                   
                             'solver_tier':                                    
                             'flagship',                                       
                             'no_tribunal': True})                             
                             cost=$0.00000                                     
[08/03/26 02:09:04] INFO     recqGD3fxPCI59vPQ        lever_experiments.py:2113
                             [cycled_panel]:                                   
                             final=B(correct,                                  
                             escalated=False,                                  
                             {'seat_answers':                                  
                             [{'seat_index': 0,                                
                             'letter': 'B',                                    
                             'confidence': 1.0,                                
                             'procedure_or_lens':                              
                             'Answer by reasoning                              
                             from first principles,                            
                             step by step.',                                   
                             'temperature': 0.3,                               
                             'permutation': None},                             
                             {'seat_index': 1,                                 
                             'letter': 'B',                                    
                             'confidence': 1.0,                                
                             'procedure_or_lens':                              
                             "Answer by first                                  
                             eliminating choices                               
                             you're confident are                              
                             wrong, then picking                               
                             among what remains.",                             
                             'temperature': 0.6,                               
                             'permutation': None},                             
                             {'seat_index': 2,                                 
                             'letter': 'B',                                    
                             'confidence': 1.0,                                
                             'procedure_or_lens':                              
                             'Answer by recalling the                          
                             single most relevant                              
                             fact, law, or formula,                            
                             then checking each                                
                             choice against it.',                              
                             'temperature': 0.9,                               
                             'permutation': None},                             
                             {'seat_index': 3,                                 
                             'letter': 'B',                                    
                             'confidence': 0.95,                               
                             'procedure_or_lens':                              
                             'Answer by reasoning                              
                             from first principles,                            
                             step by step.',                                   
                             'temperature': 0.3,                               
                             'permutation': None},                             
                             {'seat_index': 4,                                 
                             'letter': 'B',                                    
                             'confidence': 0.9,                                
                             'procedure_or_lens':                              
                             "Answer by first                                  
                             eliminating choices                               
                             you're confident are                              
                             wrong, then picking                               
                             among what remains.",                             
                             'temperature': 0.6,                               
                             'permutation': None}],                            
                             'unanimous': True,                                
                             'n_solvers': 5,                                   
                             'solver_tier':                                    
                             'flagship',                                       
                             'no_tribunal': True})                             
                             cost=$0.00000                                     
[08/03/26 02:09:31] INFO     recS48OsU6kVadBPW        lever_experiments.py:2113
                             [cycled_panel]:                                   
                             final=C(correct,                                  
                             escalated=False,                                  
                             {'seat_answers':                                  
                             [{'seat_index': 0,                                
                             'letter': 'C',                                    
                             'confidence': 0.98,                               
                             'procedure_or_lens':                              
                             'Answer by reasoning                              
                             from first principles,                            
                             step by step.',                                   
                             'temperature': 0.3,                               
                             'permutation': None},                             
                             {'seat_index': 1,                                 
                             'letter': 'C',                                    
                             'confidence': 0.95,                               
                             'procedure_or_lens':                              
                             "Answer by first                                  
                             eliminating choices                               
                             you're confident are                              
                             wrong, then picking                               
                             among what remains.",                             
                             'temperature': 0.6,                               
                             'permutation': None},                             
                             {'seat_index': 2,                                 
                             'letter': 'C',                                    
                             'confidence': 1.0,                                
                             'procedure_or_lens':                              
                             'Answer by recalling the                          
                             single most relevant                              
                             fact, law, or formula,                            
                             then checking each                                
                             choice against it.',                              
                             'temperature': 0.9,                               
                             'permutation': None},                             
                             {'seat_index': 3,                                 
                             'letter': 'C',                                    
                             'confidence': 0.98,                               
                             'procedure_or_lens':                              
                             'Answer by reasoning                              
                             from first principles,                            
                             step by step.',                                   
                             'temperature': 0.3,                               
                             'permutation': None},                             
                             {'seat_index': 4,                                 
                             'letter': 'C',                                    
                             'confidence': 0.95,                               
                             'procedure_or_lens':                              
                             "Answer by first                                  
                             eliminating choices                               
                             you're confident are                              
                             wrong, then picking                               
                             among what remains.",                             
                             'temperature': 0.6,                               
                             'permutation': None}],                            
                             'unanimous': True,                                
                             'n_solvers': 5,                                   
                             'solver_tier':                                    
                             'flagship',                                       
                             'no_tribunal': True})                             
                             cost=$0.00000                                     
[08/03/26 02:09:48] INFO     recPL4ZPpVYxgMu57        lever_experiments.py:2113
                             [cycled_panel]:                                   
                             final=A(correct,                                  
                             escalated=False,                                  
                             {'seat_answers':                                  
                             [{'seat_index': 0,                                
                             'letter': 'A',                                    
                             'confidence': 1.0,                                
                             'procedure_or_lens':                              
                             'Answer by reasoning                              
                             from first principles,                            
                             step by step.',                                   
                             'temperature': 0.3,                               
                             'permutation': None},                             
                             {'seat_index': 1,                                 
                             'letter': 'A',                                    
                             'confidence': 1.0,                                
                             'procedure_or_lens':                              
                             "Answer by first                                  
                             eliminating choices                               
                             you're confident are                              
                             wrong, then picking                               
                             among what remains.",                             
                             'temperature': 0.6,                               
                             'permutation': None},                             
                             {'seat_index': 2,                                 
                             'letter': 'A',                                    
                             'confidence': 0.95,                               
                             'procedure_or_lens':                              
                             'Answer by recalling the                          
                             single most relevant                              
                             fact, law, or formula,                            
                             then checking each                                
                             choice against it.',                              
                             'temperature': 0.9,                               
                             'permutation': None},                             
                             {'seat_index': 3,                                 
                             'letter': 'A',                                    
                             'confidence': 1.0,                                
                             'procedure_or_lens':                              
                             'Answer by reasoning                              
                             from first principles,                            
                             step by step.',                                   
                             'temperature': 0.3,                               
                             'permutation': None},                             
                             {'seat_index': 4,                                 
                             'letter': 'A',                                    
                             'confidence': 1.0,                                
                             'procedure_or_lens':                              
                             "Answer by first                                  
                             eliminating choices                               
                             you're confident are                              
                             wrong, then picking                               
                             among what remains.",                             
                             'temperature': 0.6,                               
                             'permutation': None}],                            
                             'unanimous': True,                                
                             'n_solvers': 5,                                   
                             'solver_tier':                                    
                             'flagship',                                       
                             'no_tribunal': True})                             
                             cost=$0.00000                                     
[08/03/26 02:10:04] INFO     recLAgwx9vbgB5EHk        lever_experiments.py:2113
                             [cycled_panel]:                                   
                             final=D(correct,                                  
                             escalated=False,                                  
                             {'seat_answers':                                  
                             [{'seat_index': 0,                                
                             'letter': 'D',                                    
                             'confidence': 0.95,                               
                             'procedure_or_lens':                              
                             'Answer by reasoning                              
                             from first principles,                            
                             step by step.',                                   
                             'temperature': 0.3,                               
                             'permutation': None},                             
                             {'seat_index': 1,                                 
                             'letter': 'D',                                    
                             'confidence': 1.0,                                
                             'procedure_or_lens':                              
                             "Answer by first                                  
                             eliminating choices                               
                             you're confident are                              
                             wrong, then picking                               
                             among what remains.",                             
                             'temperature': 0.6,                               
                             'permutation': None},                             
                             {'seat_index': 2,                                 
                             'letter': 'D',                                    
                             'confidence': 1.0,                                
                             'procedure_or_lens':                              
                             'Answer by recalling the                          
                             single most relevant                              
                             fact, law, or formula,                            
                             then checking each                                
                             choice against it.',                              
                             'temperature': 0.9,                               
                             'permutation': None},                             
                             {'seat_index': 3,                                 
                             'letter': 'D',                                    
                             'confidence': 1.0,                                
                             'procedure_or_lens':                              
                             'Answer by reasoning                              
                             from first principles,                            
                             step by step.',                                   
                             'temperature': 0.3,                               
                             'permutation': None},                             
                             {'seat_index': 4,                                 
                             'letter': 'D',                                    
                             'confidence': 1.0,                                
                             'procedure_or_lens':                              
                             "Answer by first                                  
                             eliminating choices                               
                             you're confident are                              
                             wrong, then picking                               
                             among what remains.",                             
                             'temperature': 0.6,                               
                             'permutation': None}],                            
                             'unanimous': True,                                
                             'n_solvers': 5,                                   
                             'solver_tier':                                    
                             'flagship',                                       
                             'no_tribunal': True})                             
                             cost=$0.00000                                     
[08/03/26 02:11:17] ERROR    recDj2Y2BbtV02Wv5:       lever_experiments.py:2111
                             DROPPED after                                     
                             unrecoverable error                               
                             +- Traceback (most rec-+                          
                             | C:\Users\Ong Jun     |                          
                             | Kai\Documents\Qwen   |                          
                             | Hackathon\.venv\Lib\ |                          
                             | site-packages\urllib |                          
                             | 3\connectionpool.py: |                          
                             | 534 in _make_request |                          
                             |                      |                          
                             |    531               |                          
                             |    532         # Rec |                          
                             |    533         try:  |                          
                             | >  534             r |                          
                             |    535         excep |                          
                             |    536             s |                          
                             |    537             r |                          
                             |                      |                          
                             | C:\Users\Ong Jun     |                          
                             | Kai\Documents\Qwen   |                          
                             | Hackathon\.venv\Lib\ |                          
                             | site-packages\urllib |                          
                             | 3\connection.py:571  |                          
                             | in getresponse       |                          
                             |                      |                          
                             |    568         _shut |                          
                             |    569               |                          
                             |    570         # Get |                          
                             | >  571         httpl |                          
                             |    572               |                          
                             |    573         try:  |                          
                             |    574             a |                          
                             |                      |                          
                             | C:\Users\Ong Jun     |                          
                             | Kai\AppData\Local\Pr |                          
                             | ograms\Python\Python |                          
                             | 312\Lib\http\client. |                          
                             | py:1430 in           |                          
                             | getresponse          |                          
                             |                      |                          
                             |   1427               |                          
                             |   1428         try:  |                          
                             |   1429             t |                          
                             | > 1430               |                          
                             |   1431             e |                          
                             |   1432               |                          
                             |   1433               |                          
                             |                      |                          
                             | C:\Users\Ong Jun     |                          
                             | Kai\AppData\Local\Pr |                          
                             | ograms\Python\Python |                          
                             | 312\Lib\http\client. |                          
                             | py:331 in begin      |                          
                             |                      |                          
                             |    328               |                          
                             |    329         # rea |                          
                             |    330         while |                          
                             | >  331             v |                          
                             |    332             i |                          
                             |    333               |                          
                             |    334             # |                          
                             |                      |                          
                             | C:\Users\Ong Jun     |                          
                             | Kai\AppData\Local\Pr |                          
                             | ograms\Python\Python |                          
                             | 312\Lib\http\client. |                          
                             | py:292 in            |                          
                             | _read_status         |                          
                             |                      |                          
                             |    289         self. |                          
                             |    290               |                          
                             |    291     def _read |                          
                             | >  292         line  |                          
                             |    293         if le |                          
                             |    294             r |                          
                             |    295         if se |                          
                             |                      |                          
                             | C:\Users\Ong Jun     |                          
                             | Kai\AppData\Local\Pr |                          
                             | ograms\Python\Python |                          
                             | 312\Lib\socket.py:72 |                          
                             | 0 in readinto        |                          
                             |                      |                          
                             |   717             ra |                          
                             |   718         while  |                          
                             |   719             tr |                          
                             | > 720                |                          
                             |   721             ex |                          
                             |   722                |                          
                             |   723                |                          
                             |                      |                          
                             | C:\Users\Ong Jun     |                          
                             | Kai\AppData\Local\Pr |                          
                             | ograms\Python\Python |                          
                             | 312\Lib\ssl.py:1251  |                          
                             | in recv_into         |                          
                             |                      |                          
                             |   1248               |                          
                             |   1249               |                          
                             |   1250               |                          
                             | > 1251             r |                          
                             |   1252         else: |                          
                             |   1253             r |                          
                             |   1254               |                          
                             |                      |                          
                             | C:\Users\Ong Jun     |                          
                             | Kai\AppData\Local\Pr |                          
                             | ograms\Python\Python |                          
                             | 312\Lib\ssl.py:1103  |                          
                             | in read              |                          
                             |                      |                          
                             |   1100             r |                          
                             |   1101         try:  |                          
                             |   1102             i |                          
                             | > 1103               |                          
                             |   1104             e |                          
                             |   1105               |                          
                             |   1106         excep |                          
                             +----------------------+                          
                             TimeoutError: The read                            
                             operation timed out                               
                                                                               
                             The above exception was                           
                             the direct cause of the                           
                             following exception:                              
                                                                               
                             +- Traceback (most rec-+                          
                             | C:\Users\Ong Jun     |                          
                             | Kai\Documents\Qwen   |                          
                             | Hackathon\.venv\Lib\ |                          
                             | site-packages\reques |                          
                             | ts\adapters.py:696   |                          
                             | in send              |                          
                             |                      |                          
                             |   693             re |                          
                             |   694                |                          
                             |   695         try:   |                          
                             | > 696             re |                          
                             |   697                |                          
                             |   698                |                          
                             |   699                |                          
                             |       accept Iterabl |                          
                             |                      |                          
                             | C:\Users\Ong Jun     |                          
                             | Kai\Documents\Qwen   |                          
                             | Hackathon\.venv\Lib\ |                          
                             | site-packages\urllib |                          
                             | 3\connectionpool.py: |                          
                             | 842 in urlopen       |                          
                             |                      |                          
                             |    839             e |                          
                             |    840               |                          
                             |    841               |                          
                             | >  842             r |                          
                             |    843               |                          
                             |    844             ) |                          
                             |    845             r |                          
                             |                      |                          
                             | C:\Users\Ong Jun     |                          
                             | Kai\Documents\Qwen   |                          
                             | Hackathon\.venv\Lib\ |                          
                             | site-packages\urllib |                          
                             | 3\util\retry.py:498  |                          
                             | in increment         |                          
                             |                      |                          
                             |   495         elif e |                          
                             |   496             #  |                          
                             |   497             if |                          
                             | > 498                |                          
                             |   499             el |                          
                             |   500                |                          
                             |   501                |                          
                             |                      |                          
                             | C:\Users\Ong Jun     |                          
                             | Kai\Documents\Qwen   |                          
                             | Hackathon\.venv\Lib\ |                          
                             | site-packages\urllib |                          
                             | 3\util\util.py:39 in |                          
                             | reraise              |                          
                             |                      |                          
                             |   36     try:        |                          
                             |   37         if valu |                          
                             |   38             rai |                          
                             | > 39         raise v |                          
                             |   40     finally:    |                          
                             |   41         value = |                          
                             |   42         tb = No |                          
                             |                      |                          
                             | C:\Users\Ong Jun     |                          
                             | Kai\Documents\Qwen   |                          
                             | Hackathon\.venv\Lib\ |                          
                             | site-packages\urllib |                          
                             | 3\connectionpool.py: |                          
                             | 788 in urlopen       |                          
                             |                      |                          
                             |    785             r |                          
                             |    786               |                          
                             |    787             # |                          
                             | >  788             r |                          
                             |    789               |                          
                             |    790               |                          
                             |    791               |                          
                             |                      |                          
                             | C:\Users\Ong Jun     |                          
                             | Kai\Documents\Qwen   |                          
                             | Hackathon\.venv\Lib\ |                          
                             | site-packages\urllib |                          
                             | 3\connectionpool.py: |                          
                             | 536 in _make_request |                          
                             |                      |                          
                             |    533         try:  |                          
                             |    534             r |                          
                             |    535         excep |                          
                             | >  536             s |                          
                             |    537             r |                          
                             |    538               |                          
                             |    539         # Set |                          
                             |                      |                          
                             | C:\Users\Ong Jun     |                          
                             | Kai\Documents\Qwen   |                          
                             | Hackathon\.venv\Lib\ |                          
                             | site-packages\urllib |                          
                             | 3\connectionpool.py: |                          
                             | 367 in               |                          
                             | _raise_timeout       |                          
                             |                      |                          
                             |    364         """Is |                          
                             |    365               |                          
                             |    366         if is |                          
                             | >  367             r |                          
                             |    368               |                          
                             |    369             ) |                          
                             |    370               |                          
                             +----------------------+                          
                             ReadTimeoutError:                                 
                             HTTPSConnectionPool(host                          
                             ='token-plan.ap-southeas                          
                             t-1.maas.aliyuncs.com',                           
                             port=443): Read timed                             
                             out. (read timeout=300)                           
                                                                               
                             During handling of the                            
                             above exception, another                          
                             exception occurred:                               
                                                                               
                             +- Traceback (most rec-+                          
                             | C:\Users\Ong Jun     |                          
                             | Kai\Documents\Qwen   |                          
                             | Hackathon\benchmark\ |                          
                             | lever_experiments.py |                          
                             | :2106 in _run_one    |                          
                             |                      |                          
                             |   2103 ):            |                          
                             |   2104     try:      |                          
                             |   2105         async |                          
                             | > 2106             r |                          
                             |   2107               |                          
                             |   2108               |                          
                             |   2109             ) |                          
                             |                      |                          
                             | C:\Users\Ong Jun     |                          
                             | Kai\Documents\Qwen   |                          
                             | Hackathon\benchmark\ |                          
                             | lever_experiments.py |                          
                             | :1893 in             |                          
                             | run_question_lever   |                          
                             |                      |                          
                             |   1890             c |                          
                             |        tier=solver_t |                          
                             |   1891         )     |                          
                             |   1892     elif leve |                          
                             | > 1893         solve |                          
                             |   1894             c |                          
                             |   1895         )     |                          
                             |   1896     elif leve |                          
                             |        "rag_gated_pr |                          
                             |                      |                          
                             | C:\Users\Ong Jun     |                          
                             | Kai\Documents\Qwen   |                          
                             | Hackathon\benchmark\ |                          
                             | lever_experiments.py |                          
                             | :1126 in             |                          
                             | solve_all_cycled_pan |                          
                             | el                   |                          
                             |                      |                          
                             |   1123             a |                          
                             |        temperatures[ |                          
                             |   1124             f |                          
                             |   1125         ]     |                          
                             | > 1126     pairs = l |                          
                             |   1127     seat_answ |                          
                             |   1128         {     |                          
                             |   1129             " |                          
                             |                      |                          
                             | C:\Users\Ong Jun     |                          
                             | Kai\AppData\Local\Pr |                          
                             | ograms\Python\Python |                          
                             | 312\Lib\asyncio\thre |                          
                             | ads.py:25 in         |                          
                             | to_thread            |                          
                             |                      |                          
                             |   22     loop = even |                          
                             |   23     ctx = conte |                          
                             |   24     func_call = |                          
                             | > 25     return awai |                          
                             |   26                 |                          
                             |                      |                          
                             | C:\Users\Ong Jun     |                          
                             | Kai\AppData\Local\Pr |                          
                             | ograms\Python\Python |                          
                             | 312\Lib\concurrent\f |                          
                             | utures\thread.py:59  |                          
                             | in run               |                          
                             |                      |                          
                             |    56             re |                          
                             |    57                |                          
                             |    58         try:   |                          
                             | >  59             re |                          
                             |    60         except |                          
                             |    61             se |                          
                             |    62             #  |                          
                             |                      |                          
                             | C:\Users\Ong Jun     |                          
                             | Kai\Documents\Qwen   |                          
                             | Hackathon\benchmark\ |                          
                             | lever_experiments.py |                          
                             | :445 in              |                          
                             | _solve_one_thinking  |                          
                             |                      |                          
                             |    442         f'JSO |                          
                             |        "reasoning":  |                          
                             |    443         "Keep |                          
                             |        showing full  |                          
                             |    444     )         |                          
                             | >  445     result =  |                          
                             |        user=user, ro |                          
                             |    446     answer =  |                          
                             |    447         lette |                          
                             |    448         confi |                          
                             |                      |                          
                             | C:\Users\Ong Jun     |                          
                             | Kai\Documents\Qwen   |                          
                             | Hackathon\src\quorum |                          
                             | qa\qwen_client.py:20 |                          
                             | 7 in chat_json       |                          
                             |                      |                          
                             |   204         spent_ |                          
                             |   205         spent_ |                          
                             |   206         for at |                          
                             | > 207             co |                          
                             |   208                |                          
                             |       max_tokens=max |                          
                             |   209                |                          
                             |   210             )  |                          
                             |                      |                          
                             | C:\Users\Ong Jun     |                          
                             | Kai\Documents\Qwen   |                          
                             | Hackathon\src\quorum |                          
                             | qa\qwen_client.py:16 |                          
                             | 4 in chat            |                          
                             |                      |                          
                             |   161         # in t |                          
                             |   162         # Chem |                          
                             |   163         # from |                          
                             | > 164         resp = |                          
                             |       timeout=self._ |                          
                             |   165         resp.r |                          
                             |   166         data = |                          
                             |   167                |                          
                             |                      |                          
                             | C:\Users\Ong Jun     |                          
                             | Kai\Documents\Qwen   |                          
                             | Hackathon\.venv\Lib\ |                          
                             | site-packages\reques |                          
                             | ts\api.py:134 in     |                          
                             | post                 |                          
                             |                      |                          
                             |   131     :rtype: re |                          
                             |   132     """        |                          
                             |   133                |                          
                             | > 134     return req |                          
                             |   135                |                          
                             |   136                |                          
                             |   137 def put(       |                          
                             |                      |                          
                             | C:\Users\Ong Jun     |                          
                             | Kai\Documents\Qwen   |                          
                             | Hackathon\.venv\Lib\ |                          
                             | site-packages\reques |                          
                             | ts\api.py:71 in      |                          
                             | request              |                          
                             |                      |                          
                             |    68     # avoid le |                          
                             |    69     # cases, a |                          
                             |    70     with sessi |                          
                             | >  71         return |                          
                             |    72                |                          
                             |    73                |                          
                             |    74 def get(       |                          
                             |                      |                          
                             | C:\Users\Ong Jun     |                          
                             | Kai\Documents\Qwen   |                          
                             | Hackathon\.venv\Lib\ |                          
                             | site-packages\reques |                          
                             | ts\sessions.py:651   |                          
                             | in request           |                          
                             |                      |                          
                             |   648             "a |                          
                             |   649         }      |                          
                             |   650         send_k |                          
                             | > 651         resp = |                          
                             |   652                |                          
                             |   653         return |                          
                             |   654                |                          
                             |                      |                          
                             | C:\Users\Ong Jun     |                          
                             | Kai\Documents\Qwen   |                          
                             | Hackathon\.venv\Lib\ |                          
                             | site-packages\reques |                          
                             | ts\sessions.py:784   |                          
                             | in send              |                          
                             |                      |                          
                             |   781         start  |                          
                             |   782                |                          
                             |   783         # Send |                          
                             | > 784         r = ad |                          
                             |   785                |                          
                             |   786         # Tota |                          
                             |   787         elapse |                          
                             |                      |                          
                             | C:\Users\Ong Jun     |                          
                             | Kai\Documents\Qwen   |                          
                             | Hackathon\.venv\Lib\ |                          
                             | site-packages\reques |                          
                             | ts\adapters.py:742   |                          
                             | in send              |                          
                             |                      |                          
                             |   739                |                          
                             |   740                |                          
                             |   741             el |                          
                             | > 742                |                          
                             |   743             el |                          
                             |   744                |                          
                             |   745             el |                          
                             +----------------------+                          
                             ReadTimeout:                                      
                             HTTPSConnectionPool(host                          
                             ='token-plan.ap-southeas                          
                             t-1.maas.aliyuncs.com',                           
                             port=443): Read timed                             
                             out. (read timeout=300)                           
[08/03/26 02:11:23] INFO     recIlghoOw5VbY4Zh        lever_experiments.py:2113
                             [cycled_panel]:                                   
                             final=B(correct,                                  
                             escalated=False,                                  
                             {'seat_answers':                                  
                             [{'seat_index': 0,                                
                             'letter': 'B',                                    
                             'confidence': 1.0,                                
                             'procedure_or_lens':                              
                             'Answer by reasoning                              
                             from first principles,                            
                             step by step.',                                   
                             'temperature': 0.3,                               
                             'permutation': None},                             
                             {'seat_index': 1,                                 
                             'letter': 'B',                                    
                             'confidence': 1.0,                                
                             'procedure_or_lens':                              
                             "Answer by first                                  
                             eliminating choices                               
                             you're confident are                              
                             wrong, then picking                               
                             among what remains.",                             
                             'temperature': 0.6,                               
                             'permutation': None},                             
                             {'seat_index': 2,                                 
                             'letter': 'B',                                    
                             'confidence': 0.95,                               
                             'procedure_or_lens':                              
                             'Answer by recalling the                          
                             single most relevant                              
                             fact, law, or formula,                            
                             then checking each                                
                             choice against it.',                              
                             'temperature': 0.9,                               
                             'permutation': None},                             
                             {'seat_index': 3,                                 
                             'letter': 'B',                                    
                             'confidence': 0.95,                               
                             'procedure_or_lens':                              
                             'Answer by reasoning                              
                             from first principles,                            
                             step by step.',                                   
                             'temperature': 0.3,                               
                             'permutation': None},                             
                             {'seat_index': 4,                                 
                             'letter': 'B',                                    
                             'confidence': 0.95,                               
                             'procedure_or_lens':                              
                             "Answer by first                                  
                             eliminating choices                               
                             you're confident are                              
                             wrong, then picking                               
                             among what remains.",                             
                             'temperature': 0.6,                               
                             'permutation': None}],                            
                             'unanimous': True,                                
                             'n_solvers': 5,                                   
                             'solver_tier':                                    
                             'flagship',                                       
                             'no_tribunal': True})                             
                             cost=$0.00000                                     
[08/03/26 02:12:12] INFO     reckEnrOPFT9Ru7tW        lever_experiments.py:2113
                             [cycled_panel]:                                   
                             final=A(correct,                                  
                             escalated=False,                                  
                             {'seat_answers':                                  
                             [{'seat_index': 0,                                
                             'letter': 'A',                                    
                             'confidence': 1.0,                                
                             'procedure_or_lens':                              
                             'Answer by reasoning                              
                             from first principles,                            
                             step by step.',                                   
                             'temperature': 0.3,                               
                             'permutation': None},                             
                             {'seat_index': 1,                                 
                             'letter': 'A',                                    
                             'confidence': 0.95,                               
                             'procedure_or_lens':                              
                             "Answer by first                                  
                             eliminating choices                               
                             you're confident are                              
                             wrong, then picking                               
                             among what remains.",                             
                             'temperature': 0.6,                               
                             'permutation': None},                             
                             {'seat_index': 2,                                 
                             'letter': 'A',                                    
                             'confidence': 1.0,                                
                             'procedure_or_lens':                              
                             'Answer by recalling the                          
                             single most relevant                              
                             fact, law, or formula,                            
                             then checking each                                
                             choice against it.',                              
                             'temperature': 0.9,                               
                             'permutation': None},                             
                             {'seat_index': 3,                                 
                             'letter': 'A',                                    
                             'confidence': 1.0,                                
                             'procedure_or_lens':                              
                             'Answer by reasoning                              
                             from first principles,                            
                             step by step.',                                   
                             'temperature': 0.3,                               
                             'permutation': None},                             
                             {'seat_index': 4,                                 
                             'letter': 'A',                                    
                             'confidence': 0.95,                               
                             'procedure_or_lens':                              
                             "Answer by first                                  
                             eliminating choices                               
                             you're confident are                              
                             wrong, then picking                               
                             among what remains.",                             
                             'temperature': 0.6,                               
                             'permutation': None}],                            
                             'unanimous': True,                                
                             'n_solvers': 5,                                   
                             'solver_tier':                                    
                             'flagship',                                       
                             'no_tribunal': True})                             
                             cost=$0.00000                                     
[08/03/26 02:12:35] INFO     recUOePh79cp4T2Bg        lever_experiments.py:2113
                             [cycled_panel]:                                   
                             final=D(wrong,                                    
                             escalated=False,                                  
                             {'seat_answers':                                  
                             [{'seat_index': 0,                                
                             'letter': 'C',                                    
                             'confidence': 0.95,                               
                             'procedure_or_lens':                              
                             'Answer by reasoning                              
                             from first principles,                            
                             step by step.',                                   
                             'temperature': 0.3,                               
                             'permutation': None},                             
                             {'seat_index': 1,                                 
                             'letter': 'D',                                    
                             'confidence': 0.95,                               
                             'procedure_or_lens':                              
                             "Answer by first                                  
                             eliminating choices                               
                             you're confident are                              
                             wrong, then picking                               
                             among what remains.",                             
                             'temperature': 0.6,                               
                             'permutation': None},                             
                             {'seat_index': 2,                                 
                             'letter': 'D',                                    
                             'confidence': 0.95,                               
                             'procedure_or_lens':                              
                             'Answer by recalling the                          
                             single most relevant                              
                             fact, law, or formula,                            
                             then checking each                                
                             choice against it.',                              
                             'temperature': 0.9,                               
                             'permutation': None},                             
                             {'seat_index': 3,                                 
                             'letter': 'D',                                    
                             'confidence': 0.95,                               
                             'procedure_or_lens':                              
                             'Answer by reasoning                              
                             from first principles,                            
                             step by step.',                                   
                             'temperature': 0.3,                               
                             'permutation': None},                             
                             {'seat_index': 4,                                 
                             'letter': 'D',                                    
                             'confidence': 0.95,                               
                             'procedure_or_lens':                              
                             "Answer by first                                  
                             eliminating choices                               
                             you're confident are                              
                             wrong, then picking                               
                             among what remains.",                             
                             'temperature': 0.6,                               
                             'permutation': None}],                            
                             'unanimous': False,                               
                             'n_solvers': 5,                                   
                             'solver_tier':                                    
                             'flagship',                                       
                             'no_tribunal': True})                             
                             cost=$0.00000                                     
[08/03/26 02:12:49] INFO     reck1zKeCssmN82Ga        lever_experiments.py:2113
                             [cycled_panel]:                                   
                             final=D(correct,                                  
                             escalated=False,                                  
                             {'seat_answers':                                  
                             [{'seat_index': 0,                                
                             'letter': 'D',                                    
                             'confidence': 1.0,                                
                             'procedure_or_lens':                              
                             'Answer by reasoning                              
                             from first principles,                            
                             step by step.',                                   
                             'temperature': 0.3,                               
                             'permutation': None},                             
                             {'seat_index': 1,                                 
                             'letter': 'D',                                    
                             'confidence': 1.0,                                
                             'procedure_or_lens':                              
                             "Answer by first                                  
                             eliminating choices                               
                             you're confident are                              
                             wrong, then picking                               
                             among what remains.",                             
                             'temperature': 0.6,                               
                             'permutation': None},                             
                             {'seat_index': 2,                                 
                             'letter': 'D',                                    
                             'confidence': 1.0,                                
                             'procedure_or_lens':                              
                             'Answer by recalling the                          
                             single most relevant                              
                             fact, law, or formula,                            
                             then checking each                                
                             choice against it.',                              
                             'temperature': 0.9,                               
                             'permutation': None},                             
                             {'seat_index': 3,                                 
                             'letter': 'D',                                    
                             'confidence': 1.0,                                
                             'procedure_or_lens':                              
                             'Answer by reasoning                              
                             from first principles,                            
                             step by step.',                                   
                             'temperature': 0.3,                               
                             'permutation': None},                             
                             {'seat_index': 4,                                 
                             'letter': 'D',                                    
                             'confidence': 1.0,                                
                             'procedure_or_lens':                              
                             "Answer by first                                  
                             eliminating choices                               
                             you're confident are                              
                             wrong, then picking                               
                             among what remains.",                             
                             'temperature': 0.6,                               
                             'permutation': None}],                            
                             'unanimous': True,                                
                             'n_solvers': 5,                                   
                             'solver_tier':                                    
                             'flagship',                                       
                             'no_tribunal': True})                             
                             cost=$0.00000                                     
[08/03/26 02:12:52] INFO     recQ8oxSY2aCwFRS8        lever_experiments.py:2113
                             [cycled_panel]:                                   
                             final=D(correct,                                  
                             escalated=False,                                  
                             {'seat_answers':                                  
                             [{'seat_index': 0,                                
                             'letter': 'D',                                    
                             'confidence': 0.95,                               
                             'procedure_or_lens':                              
                             'Answer by reasoning                              
                             from first principles,                            
                             step by step.',                                   
                             'temperature': 0.3,                               
                             'permutation': None},                             
                             {'seat_index': 1,                                 
                             'letter': 'D',                                    
                             'confidence': 0.95,                               
                             'procedure_or_lens':                              
                             "Answer by first                                  
                             eliminating choices                               
                             you're confident are                              
                             wrong, then picking                               
                             among what remains.",                             
                             'temperature': 0.6,                               
                             'permutation': None},                             
                             {'seat_index': 2,                                 
                             'letter': 'D',                                    
                             'confidence': 0.95,                               
                             'procedure_or_lens':                              
                             'Answer by recalling the                          
                             single most relevant                              
                             fact, law, or formula,                            
                             then checking each                                
                             choice against it.',                              
                             'temperature': 0.9,                               
                             'permutation': None},                             
                             {'seat_index': 3,                                 
                             'letter': 'D',                                    
                             'confidence': 0.95,                               
                             'procedure_or_lens':                              
                             'Answer by reasoning                              
                             from first principles,                            
                             step by step.',                                   
                             'temperature': 0.3,                               
                             'permutation': None},                             
                             {'seat_index': 4,                                 
                             'letter': 'D',                                    
                             'confidence': 0.95,                               
                             'procedure_or_lens':                              
                             "Answer by first                                  
                             eliminating choices                               
                             you're confident are                              
                             wrong, then picking                               
                             among what remains.",                             
                             'temperature': 0.6,                               
                             'permutation': None}],                            
                             'unanimous': True,                                
                             'n_solvers': 5,                                   
                             'solver_tier':                                    
                             'flagship',                                       
                             'no_tribunal': True})                             
                             cost=$0.00000                                     
[08/03/26 02:13:09] INFO     recmkvk6EFAmqyMxR        lever_experiments.py:2113
                             [cycled_panel]:                                   
                             final=C(correct,                                  
                             escalated=False,                                  
                             {'seat_answers':                                  
                             [{'seat_index': 0,                                
                             'letter': 'C',                                    
                             'confidence': 0.95,                               
                             'procedure_or_lens':                              
                             'Answer by reasoning                              
                             from first principles,                            
                             step by step.',                                   
                             'temperature': 0.3,                               
                             'permutation': None},                             
                             {'seat_index': 1,                                 
                             'letter': 'C',                                    
                             'confidence': 0.95,                               
                             'procedure_or_lens':                              
                             "Answer by first                                  
                             eliminating choices                               
                             you're confident are                              
                             wrong, then picking                               
                             among what remains.",                             
                             'temperature': 0.6,                               
                             'permutation': None},                             
                             {'seat_index': 2,                                 
                             'letter': 'C',                                    
                             'confidence': 1.0,                                
                             'procedure_or_lens':                              
                             'Answer by recalling the                          
                             single most relevant                              
                             fact, law, or formula,                            
                             then checking each                                
                             choice against it.',                              
                             'temperature': 0.9,                               
                             'permutation': None},                             
                             {'seat_index': 3,                                 
                             'letter': 'C',                                    
                             'confidence': 0.95,                               
                             'procedure_or_lens':                              
                             'Answer by reasoning                              
                             from first principles,                            
                             step by step.',                                   
                             'temperature': 0.3,                               
                             'permutation': None},                             
                             {'seat_index': 4,                                 
                             'letter': 'C',                                    
                             'confidence': 1.0,                                
                             'procedure_or_lens':                              
                             "Answer by first                                  
                             eliminating choices                               
                             you're confident are                              
                             wrong, then picking                               
                             among what remains.",                             
                             'temperature': 0.6,                               
                             'permutation': None}],                            
                             'unanimous': True,                                
                             'n_solvers': 5,                                   
                             'solver_tier':                                    
                             'flagship',                                       
                             'no_tribunal': True})                             
                             cost=$0.00000                                     
[08/03/26 02:13:27] INFO     recINGR1z01Fh1Z3A        lever_experiments.py:2113
                             [cycled_panel]:                                   
                             final=A(correct,                                  
                             escalated=False,                                  
                             {'seat_answers':                                  
                             [{'seat_index': 0,                                
                             'letter': 'A',                                    
                             'confidence': 1.0,                                
                             'procedure_or_lens':                              
                             'Answer by reasoning                              
                             from first principles,                            
                             step by step.',                                   
                             'temperature': 0.3,                               
                             'permutation': None},                             
                             {'seat_index': 1,                                 
                             'letter': 'A',                                    
                             'confidence': 1.0,                                
                             'procedure_or_lens':                              
                             "Answer by first                                  
                             eliminating choices                               
                             you're confident are                              
                             wrong, then picking                               
                             among what remains.",                             
                             'temperature': 0.6,                               
                             'permutation': None},                             
                             {'seat_index': 2,                                 
                             'letter': 'A',                                    
                             'confidence': 1.0,                                
                             'procedure_or_lens':                              
                             'Answer by recalling the                          
                             single most relevant                              
                             fact, law, or formula,                            
                             then checking each                                
                             choice against it.',                              
                             'temperature': 0.9,                               
                             'permutation': None},                             
                             {'seat_index': 3,                                 
                             'letter': 'A',                                    
                             'confidence': 1.0,                                
                             'procedure_or_lens':                              
                             'Answer by reasoning                              
                             from first principles,                            
                             step by step.',                                   
                             'temperature': 0.3,                               
                             'permutation': None},                             
                             {'seat_index': 4,                                 
                             'letter': 'A',                                    
                             'confidence': 1.0,                                
                             'procedure_or_lens':                              
                             "Answer by first                                  
                             eliminating choices                               
                             you're confident are                              
                             wrong, then picking                               
                             among what remains.",                             
                             'temperature': 0.6,                               
                             'permutation': None}],                            
                             'unanimous': True,                                
                             'n_solvers': 5,                                   
                             'solver_tier':                                    
                             'flagship',                                       
                             'no_tribunal': True})                             
                             cost=$0.00000                                     
[08/03/26 02:13:30] INFO     reciuppdQde4FGX1z        lever_experiments.py:2113
                             [cycled_panel]:                                   
                             final=A(correct,                                  
                             escalated=False,                                  
                             {'seat_answers':                                  
                             [{'seat_index': 0,                                
                             'letter': 'A',                                    
                             'confidence': 0.95,                               
                             'procedure_or_lens':                              
                             'Answer by reasoning                              
                             from first principles,                            
                             step by step.',                                   
                             'temperature': 0.3,                               
                             'permutation': None},                             
                             {'seat_index': 1,                                 
                             'letter': 'A',                                    
                             'confidence': 0.95,                               
                             'procedure_or_lens':                              
                             "Answer by first                                  
                             eliminating choices                               
                             you're confident are                              
                             wrong, then picking                               
                             among what remains.",                             
                             'temperature': 0.6,                               
                             'permutation': None},                             
                             {'seat_index': 2,                                 
                             'letter': 'A',                                    
                             'confidence': 0.97,                               
                             'procedure_or_lens':                              
                             'Answer by recalling the                          
                             single most relevant                              
                             fact, law, or formula,                            
                             then checking each                                
                             choice against it.',                              
                             'temperature': 0.9,                               
                             'permutation': None},                             
                             {'seat_index': 3,                                 
                             'letter': 'A',                                    
                             'confidence': 0.95,                               
                             'procedure_or_lens':                              
                             'Answer by reasoning                              
                             from first principles,                            
                             step by step.',                                   
                             'temperature': 0.3,                               
                             'permutation': None},                             
                             {'seat_index': 4,                                 
                             'letter': 'A',                                    
                             'confidence': 0.95,                               
                             'procedure_or_lens':                              
                             "Answer by first                                  
                             eliminating choices                               
                             you're confident are                              
                             wrong, then picking                               
                             among what remains.",                             
                             'temperature': 0.6,                               
                             'permutation': None}],                            
                             'unanimous': True,                                
                             'n_solvers': 5,                                   
                             'solver_tier':                                    
                             'flagship',                                       
                             'no_tribunal': True})                             
                             cost=$0.00000                                     
[08/03/26 02:13:59] INFO     rec0wZvZgiz320KRs        lever_experiments.py:2113
                             [cycled_panel]:                                   
                             final=B(correct,                                  
                             escalated=False,                                  
                             {'seat_answers':                                  
                             [{'seat_index': 0,                                
                             'letter': 'B',                                    
                             'confidence': 1.0,                                
                             'procedure_or_lens':                              
                             'Answer by reasoning                              
                             from first principles,                            
                             step by step.',                                   
                             'temperature': 0.3,                               
                             'permutation': None},                             
                             {'seat_index': 1,                                 
                             'letter': 'B',                                    
                             'confidence': 1.0,                                
                             'procedure_or_lens':                              
                             "Answer by first                                  
                             eliminating choices                               
                             you're confident are                              
                             wrong, then picking                               
                             among what remains.",                             
                             'temperature': 0.6,                               
                             'permutation': None},                             
                             {'seat_index': 2,                                 
                             'letter': 'B',                                    
                             'confidence': 1.0,                                
                             'procedure_or_lens':                              
                             'Answer by recalling the                          
                             single most relevant                              
                             fact, law, or formula,                            
                             then checking each                                
                             choice against it.',                              
                             'temperature': 0.9,                               
                             'permutation': None},                             
                             {'seat_index': 3,                                 
                             'letter': 'B',                                    
                             'confidence': 1.0,                                
                             'procedure_or_lens':                              
                             'Answer by reasoning                              
                             from first principles,                            
                             step by step.',                                   
                             'temperature': 0.3,                               
                             'permutation': None},                             
                             {'seat_index': 4,                                 
                             'letter': 'B',                                    
                             'confidence': 0.95,                               
                             'procedure_or_lens':                              
                             "Answer by first                                  
                             eliminating choices                               
                             you're confident are                              
                             wrong, then picking                               
                             among what remains.",                             
                             'temperature': 0.6,                               
                             'permutation': None}],                            
                             'unanimous': True,                                
                             'n_solvers': 5,                                   
                             'solver_tier':                                    
                             'flagship',                                       
                             'no_tribunal': True})                             
                             cost=$0.00000                                     
[08/03/26 02:14:01] INFO     recTs7qzfJs6kfLUK        lever_experiments.py:2113
                             [cycled_panel]:                                   
                             final=A(correct,                                  
                             escalated=False,                                  
                             {'seat_answers':                                  
                             [{'seat_index': 0,                                
                             'letter': 'A',                                    
                             'confidence': 1.0,                                
                             'procedure_or_lens':                              
                             'Answer by reasoning                              
                             from first principles,                            
                             step by step.',                                   
                             'temperature': 0.3,                               
                             'permutation': None},                             
                             {'seat_index': 1,                                 
                             'letter': 'A',                                    
                             'confidence': 1.0,                                
                             'procedure_or_lens':                              
                             "Answer by first                                  
                             eliminating choices                               
                             you're confident are                              
                             wrong, then picking                               
                             among what remains.",                             
                             'temperature': 0.6,                               
                             'permutation': None},                             
                             {'seat_index': 2,                                 
                             'letter': 'A',                                    
                             'confidence': 1.0,                                
                             'procedure_or_lens':                              
                             'Answer by recalling the                          
                             single most relevant                              
                             fact, law, or formula,                            
                             then checking each                                
                             choice against it.',                              
                             'temperature': 0.9,                               
                             'permutation': None},                             
                             {'seat_index': 3,                                 
                             'letter': 'A',                                    
                             'confidence': 1.0,                                
                             'procedure_or_lens':                              
                             'Answer by reasoning                              
                             from first principles,                            
                             step by step.',                                   
                             'temperature': 0.3,                               
                             'permutation': None},                             
                             {'seat_index': 4,                                 
                             'letter': 'A',                                    
                             'confidence': 1.0,                                
                             'procedure_or_lens':                              
                             "Answer by first                                  
                             eliminating choices                               
                             you're confident are                              
                             wrong, then picking                               
                             among what remains.",                             
                             'temperature': 0.6,                               
                             'permutation': None}],                            
                             'unanimous': True,                                
                             'n_solvers': 5,                                   
                             'solver_tier':                                    
                             'flagship',                                       
                             'no_tribunal': True})                             
                             cost=$0.00000                                     
[08/03/26 02:14:17] INFO     recYt8xx80OTyDsL0        lever_experiments.py:2113
                             [cycled_panel]:                                   
                             final=C(correct,                                  
                             escalated=False,                                  
                             {'seat_answers':                                  
                             [{'seat_index': 0,                                
                             'letter': 'C',                                    
                             'confidence': 1.0,                                
                             'procedure_or_lens':                              
                             'Answer by reasoning                              
                             from first principles,                            
                             step by step.',                                   
                             'temperature': 0.3,                               
                             'permutation': None},                             
                             {'seat_index': 1,                                 
                             'letter': 'C',                                    
                             'confidence': 1.0,                                
                             'procedure_or_lens':                              
                             "Answer by first                                  
                             eliminating choices                               
                             you're confident are                              
                             wrong, then picking                               
                             among what remains.",                             
                             'temperature': 0.6,                               
                             'permutation': None},                             
                             {'seat_index': 2,                                 
                             'letter': 'C',                                    
                             'confidence': 1.0,                                
                             'procedure_or_lens':                              
                             'Answer by recalling the                          
                             single most relevant                              
                             fact, law, or formula,                            
                             then checking each                                
                             choice against it.',                              
                             'temperature': 0.9,                               
                             'permutation': None},                             
                             {'seat_index': 3,                                 
                             'letter': 'C',                                    
                             'confidence': 1.0,                                
                             'procedure_or_lens':                              
                             'Answer by reasoning                              
                             from first principles,                            
                             step by step.',                                   
                             'temperature': 0.3,                               
                             'permutation': None},                             
                             {'seat_index': 4,                                 
                             'letter': 'C',                                    
                             'confidence': 1.0,                                
                             'procedure_or_lens':                              
                             "Answer by first                                  
                             eliminating choices                               
                             you're confident are                              
                             wrong, then picking                               
                             among what remains.",                             
                             'temperature': 0.6,                               
                             'permutation': None}],                            
                             'unanimous': True,                                
                             'n_solvers': 5,                                   
                             'solver_tier':                                    
                             'flagship',                                       
                             'no_tribunal': True})                             
                             cost=$0.00000                                     
[08/03/26 02:14:41] INFO     rec9ubQihAh6g9bft        lever_experiments.py:2113
                             [cycled_panel]:                                   
                             final=D(correct,                                  
                             escalated=False,                                  
                             {'seat_answers':                                  
                             [{'seat_index': 0,                                
                             'letter': 'D',                                    
                             'confidence': 0.95,                               
                             'procedure_or_lens':                              
                             'Answer by reasoning                              
                             from first principles,                            
                             step by step.',                                   
                             'temperature': 0.3,                               
                             'permutation': None},                             
                             {'seat_index': 1,                                 
                             'letter': 'D',                                    
                             'confidence': 0.95,                               
                             'procedure_or_lens':                              
                             "Answer by first                                  
                             eliminating choices                               
                             you're confident are                              
                             wrong, then picking                               
                             among what remains.",                             
                             'temperature': 0.6,                               
                             'permutation': None},                             
                             {'seat_index': 2,                                 
                             'letter': 'D',                                    
                             'confidence': 0.95,                               
                             'procedure_or_lens':                              
                             'Answer by recalling the                          
                             single most relevant                              
                             fact, law, or formula,                            
                             then checking each                                
                             choice against it.',                              
                             'temperature': 0.9,                               
                             'permutation': None},                             
                             {'seat_index': 3,                                 
                             'letter': 'D',                                    
                             'confidence': 0.95,                               
                             'procedure_or_lens':                              
                             'Answer by reasoning                              
                             from first principles,                            
                             step by step.',                                   
                             'temperature': 0.3,                               
                             'permutation': None},                             
                             {'seat_index': 4,                                 
                             'letter': 'D',                                    
                             'confidence': 0.9,                                
                             'procedure_or_lens':                              
                             "Answer by first                                  
                             eliminating choices                               
                             you're confident are                              
                             wrong, then picking                               
                             among what remains.",                             
                             'temperature': 0.6,                               
                             'permutation': None}],                            
                             'unanimous': True,                                
                             'n_solvers': 5,                                   
                             'solver_tier':                                    
                             'flagship',                                       
                             'no_tribunal': True})                             
                             cost=$0.00000                                     
[08/03/26 02:14:42] INFO     reczUoM8JsxU6pYxr        lever_experiments.py:2113
                             [cycled_panel]:                                   
                             final=B(correct,                                  
                             escalated=False,                                  
                             {'seat_answers':                                  
                             [{'seat_index': 0,                                
                             'letter': 'B',                                    
                             'confidence': 0.95,                               
                             'procedure_or_lens':                              
                             'Answer by reasoning                              
                             from first principles,                            
                             step by step.',                                   
                             'temperature': 0.3,                               
                             'permutation': None},                             
                             {'seat_index': 1,                                 
                             'letter': 'B',                                    
                             'confidence': 0.95,                               
                             'procedure_or_lens':                              
                             "Answer by first                                  
                             eliminating choices                               
                             you're confident are                              
                             wrong, then picking                               
                             among what remains.",                             
                             'temperature': 0.6,                               
                             'permutation': None},                             
                             {'seat_index': 2,                                 
                             'letter': 'B',                                    
                             'confidence': 1.0,                                
                             'procedure_or_lens':                              
                             'Answer by recalling the                          
                             single most relevant                              
                             fact, law, or formula,                            
                             then checking each                                
                             choice against it.',                              
                             'temperature': 0.9,                               
                             'permutation': None},                             
                             {'seat_index': 3,                                 
                             'letter': 'B',                                    
                             'confidence': 0.95,                               
                             'procedure_or_lens':                              
                             'Answer by reasoning                              
                             from first principles,                            
                             step by step.',                                   
                             'temperature': 0.3,                               
                             'permutation': None},                             
                             {'seat_index': 4,                                 
                             'letter': 'B',                                    
                             'confidence': 1.0,                                
                             'procedure_or_lens':                              
                             "Answer by first                                  
                             eliminating choices                               
                             you're confident are                              
                             wrong, then picking                               
                             among what remains.",                             
                             'temperature': 0.6,                               
                             'permutation': None}],                            
                             'unanimous': True,                                
                             'n_solvers': 5,                                   
                             'solver_tier':                                    
                             'flagship',                                       
                             'no_tribunal': True})                             
                             cost=$0.00000                                     
[08/03/26 02:15:11] INFO     recjgMJaMxz4ESDF2        lever_experiments.py:2113
                             [cycled_panel]:                                   
                             final=B(correct,                                  
                             escalated=False,                                  
                             {'seat_answers':                                  
                             [{'seat_index': 0,                                
                             'letter': 'B',                                    
                             'confidence': 1.0,                                
                             'procedure_or_lens':                              
                             'Answer by reasoning                              
                             from first principles,                            
                             step by step.',                                   
                             'temperature': 0.3,                               
                             'permutation': None},                             
                             {'seat_index': 1,                                 
                             'letter': 'B',                                    
                             'confidence': 1.0,                                
                             'procedure_or_lens':                              
                             "Answer by first                                  
                             eliminating choices                               
                             you're confident are                              
                             wrong, then picking                               
                             among what remains.",                             
                             'temperature': 0.6,                               
                             'permutation': None},                             
                             {'seat_index': 2,                                 
                             'letter': 'B',                                    
                             'confidence': 1.0,                                
                             'procedure_or_lens':                              
                             'Answer by recalling the                          
                             single most relevant                              
                             fact, law, or formula,                            
                             then checking each                                
                             choice against it.',                              
                             'temperature': 0.9,                               
                             'permutation': None},                             
                             {'seat_index': 3,                                 
                             'letter': 'B',                                    
                             'confidence': 1.0,                                
                             'procedure_or_lens':                              
                             'Answer by reasoning                              
                             from first principles,                            
                             step by step.',                                   
                             'temperature': 0.3,                               
                             'permutation': None},                             
                             {'seat_index': 4,                                 
                             'letter': 'B',                                    
                             'confidence': 1.0,                                
                             'procedure_or_lens':                              
                             "Answer by first                                  
                             eliminating choices                               
                             you're confident are                              
                             wrong, then picking                               
                             among what remains.",                             
                             'temperature': 0.6,                               
                             'permutation': None}],                            
                             'unanimous': True,                                
                             'n_solvers': 5,                                   
                             'solver_tier':                                    
                             'flagship',                                       
                             'no_tribunal': True})                             
                             cost=$0.00000                                     
[08/03/26 02:15:15] INFO     recO3hvCWRGiG0odN        lever_experiments.py:2113
                             [cycled_panel]:                                   
                             final=A(correct,                                  
                             escalated=False,                                  
                             {'seat_answers':                                  
                             [{'seat_index': 0,                                
                             'letter': 'A',                                    
                             'confidence': 0.95,                               
                             'procedure_or_lens':                              
                             'Answer by reasoning                              
                             from first principles,                            
                             step by step.',                                   
                             'temperature': 0.3,                               
                             'permutation': None},                             
                             {'seat_index': 1,                                 
                             'letter': 'A',                                    
                             'confidence': 0.95,                               
                             'procedure_or_lens':                              
                             "Answer by first                                  
                             eliminating choices                               
                             you're confident are                              
                             wrong, then picking                               
                             among what remains.",                             
                             'temperature': 0.6,                               
                             'permutation': None},                             
                             {'seat_index': 2,                                 
                             'letter': 'D',                                    
                             'confidence': 0.9,                                
                             'procedure_or_lens':                              
                             'Answer by recalling the                          
                             single most relevant                              
                             fact, law, or formula,                            
                             then checking each                                
                             choice against it.',                              
                             'temperature': 0.9,                               
                             'permutation': None},                             
                             {'seat_index': 3,                                 
                             'letter': 'A',                                    
                             'confidence': 0.95,                               
                             'procedure_or_lens':                              
                             'Answer by reasoning                              
                             from first principles,                            
                             step by step.',                                   
                             'temperature': 0.3,                               
                             'permutation': None},                             
                             {'seat_index': 4,                                 
                             'letter': 'A',                                    
                             'confidence': 1.0,                                
                             'procedure_or_lens':                              
                             "Answer by first                                  
                             eliminating choices                               
                             you're confident are                              
                             wrong, then picking                               
                             among what remains.",                             
                             'temperature': 0.6,                               
                             'permutation': None}],                            
                             'unanimous': False,                               
                             'n_solvers': 5,                                   
                             'solver_tier':                                    
                             'flagship',                                       
                             'no_tribunal': True})                             
                             cost=$0.00000                                     
[08/03/26 02:15:32] INFO     recqFDvYKKRmbnoUb        lever_experiments.py:2113
                             [cycled_panel]:                                   
                             final=C(correct,                                  
                             escalated=False,                                  
                             {'seat_answers':                                  
                             [{'seat_index': 0,                                
                             'letter': 'C',                                    
                             'confidence': 1.0,                                
                             'procedure_or_lens':                              
                             'Answer by reasoning                              
                             from first principles,                            
                             step by step.',                                   
                             'temperature': 0.3,                               
                             'permutation': None},                             
                             {'seat_index': 1,                                 
                             'letter': 'C',                                    
                             'confidence': 1.0,                                
                             'procedure_or_lens':                              
                             "Answer by first                                  
                             eliminating choices                               
                             you're confident are                              
                             wrong, then picking                               
                             among what remains.",                             
                             'temperature': 0.6,                               
                             'permutation': None},                             
                             {'seat_index': 2,                                 
                             'letter': 'C',                                    
                             'confidence': 1.0,                                
                             'procedure_or_lens':                              
                             'Answer by recalling the                          
                             single most relevant                              
                             fact, law, or formula,                            
                             then checking each                                
                             choice against it.',                              
                             'temperature': 0.9,                               
                             'permutation': None},                             
                             {'seat_index': 3,                                 
                             'letter': 'C',                                    
                             'confidence': 1.0,                                
                             'procedure_or_lens':                              
                             'Answer by reasoning                              
                             from first principles,                            
                             step by step.',                                   
                             'temperature': 0.3,                               
                             'permutation': None},                             
                             {'seat_index': 4,                                 
                             'letter': 'C',                                    
                             'confidence': 1.0,                                
                             'procedure_or_lens':                              
                             "Answer by first                                  
                             eliminating choices                               
                             you're confident are                              
                             wrong, then picking                               
                             among what remains.",                             
                             'temperature': 0.6,                               
                             'permutation': None}],                            
                             'unanimous': True,                                
                             'n_solvers': 5,                                   
                             'solver_tier':                                    
                             'flagship',                                       
                             'no_tribunal': True})                             
                             cost=$0.00000                                     
[08/03/26 02:17:42] INFO     recl1UtgTVKishAq4        lever_experiments.py:2113
                             [cycled_panel]:                                   
                             final=C(correct,                                  
                             escalated=False,                                  
                             {'seat_answers':                                  
                             [{'seat_index': 0,                                
                             'letter': 'C',                                    
                             'confidence': 0.85,                               
                             'procedure_or_lens':                              
                             'Answer by reasoning                              
                             from first principles,                            
                             step by step.',                                   
                             'temperature': 0.3,                               
                             'permutation': None},                             
                             {'seat_index': 1,                                 
                             'letter': 'C',                                    
                             'confidence': 0.95,                               
                             'procedure_or_lens':                              
                             "Answer by first                                  
                             eliminating choices                               
                             you're confident are                              
                             wrong, then picking                               
                             among what remains.",                             
                             'temperature': 0.6,                               
                             'permutation': None},                             
                             {'seat_index': 2,                                 
                             'letter': 'C',                                    
                             'confidence': 0.95,                               
                             'procedure_or_lens':                              
                             'Answer by recalling the                          
                             single most relevant                              
                             fact, law, or formula,                            
                             then checking each                                
                             choice against it.',                              
                             'temperature': 0.9,                               
                             'permutation': None},                             
                             {'seat_index': 3,                                 
                             'letter': 'C',                                    
                             'confidence': 0.95,                               
                             'procedure_or_lens':                              
                             'Answer by reasoning                              
                             from first principles,                            
                             step by step.',                                   
                             'temperature': 0.3,                               
                             'permutation': None},                             
                             {'seat_index': 4,                                 
                             'letter': 'C',                                    
                             'confidence': 0.95,                               
                             'procedure_or_lens':                              
                             "Answer by first                                  
                             eliminating choices                               
                             you're confident are                              
                             wrong, then picking                               
                             among what remains.",                             
                             'temperature': 0.6,                               
                             'permutation': None}],                            
                             'unanimous': True,                                
                             'n_solvers': 5,                                   
                             'solver_tier':                                    
                             'flagship',                                       
                             'no_tribunal': True})                             
                             cost=$0.00000                                     
[08/03/26 02:18:31] INFO     recpJmTOXx6T48nDJ        lever_experiments.py:2113
                             [cycled_panel]:                                   
                             final=D(correct,                                  
                             escalated=False,                                  
                             {'seat_answers':                                  
                             [{'seat_index': 0,                                
                             'letter': 'D',                                    
                             'confidence': 0.9,                                
                             'procedure_or_lens':                              
                             'Answer by reasoning                              
                             from first principles,                            
                             step by step.',                                   
                             'temperature': 0.3,                               
                             'permutation': None},                             
                             {'seat_index': 1,                                 
                             'letter': 'D',                                    
                             'confidence': 0.9,                                
                             'procedure_or_lens':                              
                             "Answer by first                                  
                             eliminating choices                               
                             you're confident are                              
                             wrong, then picking                               
                             among what remains.",                             
                             'temperature': 0.6,                               
                             'permutation': None},                             
                             {'seat_index': 2,                                 
                             'letter': 'D',                                    
                             'confidence': 0.75,                               
                             'procedure_or_lens':                              
                             'Answer by recalling the                          
                             single most relevant                              
                             fact, law, or formula,                            
                             then checking each                                
                             choice against it.',                              
                             'temperature': 0.9,                               
                             'permutation': None},                             
                             {'seat_index': 3,                                 
                             'letter': 'D',                                    
                             'confidence': 0.9,                                
                             'procedure_or_lens':                              
                             'Answer by reasoning                              
                             from first principles,                            
                             step by step.',                                   
                             'temperature': 0.3,                               
                             'permutation': None},                             
                             {'seat_index': 4,                                 
                             'letter': 'D',                                    
                             'confidence': 0.8,                                
                             'procedure_or_lens':                              
                             "Answer by first                                  
                             eliminating choices                               
                             you're confident are                              
                             wrong, then picking                               
                             among what remains.",                             
                             'temperature': 0.6,                               
                             'permutation': None}],                            
                             'unanimous': True,                                
                             'n_solvers': 5,                                   
                             'solver_tier':                                    
                             'flagship',                                       
                             'no_tribunal': True})                             
                             cost=$0.00000                                     
[08/03/26 02:18:44] INFO     recGFNRVl1qBZGwyU        lever_experiments.py:2113
                             [cycled_panel]:                                   
                             final=A(correct,                                  
                             escalated=False,                                  
                             {'seat_answers':                                  
                             [{'seat_index': 0,                                
                             'letter': 'A',                                    
                             'confidence': 1.0,                                
                             'procedure_or_lens':                              
                             'Answer by reasoning                              
                             from first principles,                            
                             step by step.',                                   
                             'temperature': 0.3,                               
                             'permutation': None},                             
                             {'seat_index': 1,                                 
                             'letter': 'A',                                    
                             'confidence': 1.0,                                
                             'procedure_or_lens':                              
                             "Answer by first                                  
                             eliminating choices                               
                             you're confident are                              
                             wrong, then picking                               
                             among what remains.",                             
                             'temperature': 0.6,                               
                             'permutation': None},                             
                             {'seat_index': 2,                                 
                             'letter': 'A',                                    
                             'confidence': 0.9,                                
                             'procedure_or_lens':                              
                             'Answer by recalling the                          
                             single most relevant                              
                             fact, law, or formula,                            
                             then checking each                                
                             choice against it.',                              
                             'temperature': 0.9,                               
                             'permutation': None},                             
                             {'seat_index': 3,                                 
                             'letter': 'A',                                    
                             'confidence': 1.0,                                
                             'procedure_or_lens':                              
                             'Answer by reasoning                              
                             from first principles,                            
                             step by step.',                                   
                             'temperature': 0.3,                               
                             'permutation': None},                             
                             {'seat_index': 4,                                 
                             'letter': 'A',                                    
                             'confidence': 1.0,                                
                             'procedure_or_lens':                              
                             "Answer by first                                  
                             eliminating choices                               
                             you're confident are                              
                             wrong, then picking                               
                             among what remains.",                             
                             'temperature': 0.6,                               
                             'permutation': None}],                            
                             'unanimous': True,                                
                             'n_solvers': 5,                                   
                             'solver_tier':                                    
                             'flagship',                                       
                             'no_tribunal': True})                             
                             cost=$0.00000                                     
[08/03/26 02:19:36] INFO     recOkA2zsy4GSMD9R        lever_experiments.py:2113
                             [cycled_panel]:                                   
                             final=D(correct,                                  
                             escalated=False,                                  
                             {'seat_answers':                                  
                             [{'seat_index': 0,                                
                             'letter': 'D',                                    
                             'confidence': 1.0,                                
                             'procedure_or_lens':                              
                             'Answer by reasoning                              
                             from first principles,                            
                             step by step.',                                   
                             'temperature': 0.3,                               
                             'permutation': None},                             
                             {'seat_index': 1,                                 
                             'letter': 'D',                                    
                             'confidence': 0.95,                               
                             'procedure_or_lens':                              
                             "Answer by first                                  
                             eliminating choices                               
                             you're confident are                              
                             wrong, then picking                               
                             among what remains.",                             
                             'temperature': 0.6,                               
                             'permutation': None},                             
                             {'seat_index': 2,                                 
                             'letter': 'D',                                    
                             'confidence': 1.0,                                
                             'procedure_or_lens':                              
                             'Answer by recalling the                          
                             single most relevant                              
                             fact, law, or formula,                            
                             then checking each                                
                             choice against it.',                              
                             'temperature': 0.9,                               
                             'permutation': None},                             
                             {'seat_index': 3,                                 
                             'letter': 'D',                                    
                             'confidence': 0.95,                               
                             'procedure_or_lens':                              
                             'Answer by reasoning                              
                             from first principles,                            
                             step by step.',                                   
                             'temperature': 0.3,                               
                             'permutation': None},                             
                             {'seat_index': 4,                                 
                             'letter': 'D',                                    
                             'confidence': 0.95,                               
                             'procedure_or_lens':                              
                             "Answer by first                                  
                             eliminating choices                               
                             you're confident are                              
                             wrong, then picking                               
                             among what remains.",                             
                             'temperature': 0.6,                               
                             'permutation': None}],                            
                             'unanimous': True,                                
                             'n_solvers': 5,                                   
                             'solver_tier':                                    
                             'flagship',                                       
                             'no_tribunal': True})                             
                             cost=$0.00000                                     
[08/03/26 02:19:41] ERROR    recuyeuT5rQ6qDt8F:       lever_experiments.py:2111
                             DROPPED after                                     
                             unrecoverable error                               
                             +- Traceback (most rec-+                          
                             | C:\Users\Ong Jun     |                          
                             | Kai\Documents\Qwen   |                          
                             | Hackathon\.venv\Lib\ |                          
                             | site-packages\urllib |                          
                             | 3\connectionpool.py: |                          
                             | 534 in _make_request |                          
                             |                      |                          
                             |    531               |                          
                             |    532         # Rec |                          
                             |    533         try:  |                          
                             | >  534             r |                          
                             |    535         excep |                          
                             |    536             s |                          
                             |    537             r |                          
                             |                      |                          
                             | C:\Users\Ong Jun     |                          
                             | Kai\Documents\Qwen   |                          
                             | Hackathon\.venv\Lib\ |                          
                             | site-packages\urllib |                          
                             | 3\connection.py:571  |                          
                             | in getresponse       |                          
                             |                      |                          
                             |    568         _shut |                          
                             |    569               |                          
                             |    570         # Get |                          
                             | >  571         httpl |                          
                             |    572               |                          
                             |    573         try:  |                          
                             |    574             a |                          
                             |                      |                          
                             | C:\Users\Ong Jun     |                          
                             | Kai\AppData\Local\Pr |                          
                             | ograms\Python\Python |                          
                             | 312\Lib\http\client. |                          
                             | py:1430 in           |                          
                             | getresponse          |                          
                             |                      |                          
                             |   1427               |                          
                             |   1428         try:  |                          
                             |   1429             t |                          
                             | > 1430               |                          
                             |   1431             e |                          
                             |   1432               |                          
                             |   1433               |                          
                             |                      |                          
                             | C:\Users\Ong Jun     |                          
                             | Kai\AppData\Local\Pr |                          
                             | ograms\Python\Python |                          
                             | 312\Lib\http\client. |                          
                             | py:331 in begin      |                          
                             |                      |                          
                             |    328               |                          
                             |    329         # rea |                          
                             |    330         while |                          
                             | >  331             v |                          
                             |    332             i |                          
                             |    333               |                          
                             |    334             # |                          
                             |                      |                          
                             | C:\Users\Ong Jun     |                          
                             | Kai\AppData\Local\Pr |                          
                             | ograms\Python\Python |                          
                             | 312\Lib\http\client. |                          
                             | py:292 in            |                          
                             | _read_status         |                          
                             |                      |                          
                             |    289         self. |                          
                             |    290               |                          
                             |    291     def _read |                          
                             | >  292         line  |                          
                             |    293         if le |                          
                             |    294             r |                          
                             |    295         if se |                          
                             |                      |                          
                             | C:\Users\Ong Jun     |                          
                             | Kai\AppData\Local\Pr |                          
                             | ograms\Python\Python |                          
                             | 312\Lib\socket.py:72 |                          
                             | 0 in readinto        |                          
                             |                      |                          
                             |   717             ra |                          
                             |   718         while  |                          
                             |   719             tr |                          
                             | > 720                |                          
                             |   721             ex |                          
                             |   722                |                          
                             |   723                |                          
                             |                      |                          
                             | C:\Users\Ong Jun     |                          
                             | Kai\AppData\Local\Pr |                          
                             | ograms\Python\Python |                          
                             | 312\Lib\ssl.py:1251  |                          
                             | in recv_into         |                          
                             |                      |                          
                             |   1248               |                          
                             |   1249               |                          
                             |   1250               |                          
                             | > 1251             r |                          
                             |   1252         else: |                          
                             |   1253             r |                          
                             |   1254               |                          
                             |                      |                          
                             | C:\Users\Ong Jun     |                          
                             | Kai\AppData\Local\Pr |                          
                             | ograms\Python\Python |                          
                             | 312\Lib\ssl.py:1103  |                          
                             | in read              |                          
                             |                      |                          
                             |   1100             r |                          
                             |   1101         try:  |                          
                             |   1102             i |                          
                             | > 1103               |                          
                             |   1104             e |                          
                             |   1105               |                          
                             |   1106         excep |                          
                             +----------------------+                          
                             TimeoutError: The read                            
                             operation timed out                               
                                                                               
                             The above exception was                           
                             the direct cause of the                           
                             following exception:                              
                                                                               
                             +- Traceback (most rec-+                          
                             | C:\Users\Ong Jun     |                          
                             | Kai\Documents\Qwen   |                          
                             | Hackathon\.venv\Lib\ |                          
                             | site-packages\reques |                          
                             | ts\adapters.py:696   |                          
                             | in send              |                          
                             |                      |                          
                             |   693             re |                          
                             |   694                |                          
                             |   695         try:   |                          
                             | > 696             re |                          
                             |   697                |                          
                             |   698                |                          
                             |   699                |                          
                             |       accept Iterabl |                          
                             |                      |                          
                             | C:\Users\Ong Jun     |                          
                             | Kai\Documents\Qwen   |                          
                             | Hackathon\.venv\Lib\ |                          
                             | site-packages\urllib |                          
                             | 3\connectionpool.py: |                          
                             | 842 in urlopen       |                          
                             |                      |                          
                             |    839             e |                          
                             |    840               |                          
                             |    841               |                          
                             | >  842             r |                          
                             |    843               |                          
                             |    844             ) |                          
                             |    845             r |                          
                             |                      |                          
                             | C:\Users\Ong Jun     |                          
                             | Kai\Documents\Qwen   |                          
                             | Hackathon\.venv\Lib\ |                          
                             | site-packages\urllib |                          
                             | 3\util\retry.py:498  |                          
                             | in increment         |                          
                             |                      |                          
                             |   495         elif e |                          
                             |   496             #  |                          
                             |   497             if |                          
                             | > 498                |                          
                             |   499             el |                          
                             |   500                |                          
                             |   501                |                          
                             |                      |                          
                             | C:\Users\Ong Jun     |                          
                             | Kai\Documents\Qwen   |                          
                             | Hackathon\.venv\Lib\ |                          
                             | site-packages\urllib |                          
                             | 3\util\util.py:39 in |                          
                             | reraise              |                          
                             |                      |                          
                             |   36     try:        |                          
                             |   37         if valu |                          
                             |   38             rai |                          
                             | > 39         raise v |                          
                             |   40     finally:    |                          
                             |   41         value = |                          
                             |   42         tb = No |                          
                             |                      |                          
                             | C:\Users\Ong Jun     |                          
                             | Kai\Documents\Qwen   |                          
                             | Hackathon\.venv\Lib\ |                          
                             | site-packages\urllib |                          
                             | 3\connectionpool.py: |                          
                             | 788 in urlopen       |                          
                             |                      |                          
                             |    785             r |                          
                             |    786               |                          
                             |    787             # |                          
                             | >  788             r |                          
                             |    789               |                          
                             |    790               |                          
                             |    791               |                          
                             |                      |                          
                             | C:\Users\Ong Jun     |                          
                             | Kai\Documents\Qwen   |                          
                             | Hackathon\.venv\Lib\ |                          
                             | site-packages\urllib |                          
                             | 3\connectionpool.py: |                          
                             | 536 in _make_request |                          
                             |                      |                          
                             |    533         try:  |                          
                             |    534             r |                          
                             |    535         excep |                          
                             | >  536             s |                          
                             |    537             r |                          
                             |    538               |                          
                             |    539         # Set |                          
                             |                      |                          
                             | C:\Users\Ong Jun     |                          
                             | Kai\Documents\Qwen   |                          
                             | Hackathon\.venv\Lib\ |                          
                             | site-packages\urllib |                          
                             | 3\connectionpool.py: |                          
                             | 367 in               |                          
                             | _raise_timeout       |                          
                             |                      |                          
                             |    364         """Is |                          
                             |    365               |                          
                             |    366         if is |                          
                             | >  367             r |                          
                             |    368               |                          
                             |    369             ) |                          
                             |    370               |                          
                             +----------------------+                          
                             ReadTimeoutError:                                 
                             HTTPSConnectionPool(host                          
                             ='token-plan.ap-southeas                          
                             t-1.maas.aliyuncs.com',                           
                             port=443): Read timed                             
                             out. (read timeout=300)                           
                                                                               
                             During handling of the                            
                             above exception, another                          
                             exception occurred:                               
                                                                               
                             +- Traceback (most rec-+                          
                             | C:\Users\Ong Jun     |                          
                             | Kai\Documents\Qwen   |                          
                             | Hackathon\benchmark\ |                          
                             | lever_experiments.py |                          
                             | :2106 in _run_one    |                          
                             |                      |                          
                             |   2103 ):            |                          
                             |   2104     try:      |                          
                             |   2105         async |                          
                             | > 2106             r |                          
                             |   2107               |                          
                             |   2108               |                          
                             |   2109             ) |                          
                             |                      |                          
                             | C:\Users\Ong Jun     |                          
                             | Kai\Documents\Qwen   |                          
                             | Hackathon\benchmark\ |                          
                             | lever_experiments.py |                          
                             | :1893 in             |                          
                             | run_question_lever   |                          
                             |                      |                          
                             |   1890             c |                          
                             |        tier=solver_t |                          
                             |   1891         )     |                          
                             |   1892     elif leve |                          
                             | > 1893         solve |                          
                             |   1894             c |                          
                             |   1895         )     |                          
                             |   1896     elif leve |                          
                             |        "rag_gated_pr |                          
                             |                      |                          
                             | C:\Users\Ong Jun     |                          
                             | Kai\Documents\Qwen   |                          
                             | Hackathon\benchmark\ |                          
                             | lever_experiments.py |                          
                             | :1126 in             |                          
                             | solve_all_cycled_pan |                          
                             | el                   |                          
                             |                      |                          
                             |   1123             a |                          
                             |        temperatures[ |                          
                             |   1124             f |                          
                             |   1125         ]     |                          
                             | > 1126     pairs = l |                          
                             |   1127     seat_answ |                          
                             |   1128         {     |                          
                             |   1129             " |                          
                             |                      |                          
                             | C:\Users\Ong Jun     |                          
                             | Kai\AppData\Local\Pr |                          
                             | ograms\Python\Python |                          
                             | 312\Lib\asyncio\thre |                          
                             | ads.py:25 in         |                          
                             | to_thread            |                          
                             |                      |                          
                             |   22     loop = even |                          
                             |   23     ctx = conte |                          
                             |   24     func_call = |                          
                             | > 25     return awai |                          
                             |   26                 |                          
                             |                      |                          
                             | C:\Users\Ong Jun     |                          
                             | Kai\AppData\Local\Pr |                          
                             | ograms\Python\Python |                          
                             | 312\Lib\concurrent\f |                          
                             | utures\thread.py:59  |                          
                             | in run               |                          
                             |                      |                          
                             |    56             re |                          
                             |    57                |                          
                             |    58         try:   |                          
                             | >  59             re |                          
                             |    60         except |                          
                             |    61             se |                          
                             |    62             #  |                          
                             |                      |                          
                             | C:\Users\Ong Jun     |                          
                             | Kai\Documents\Qwen   |                          
                             | Hackathon\benchmark\ |                          
                             | lever_experiments.py |                          
                             | :445 in              |                          
                             | _solve_one_thinking  |                          
                             |                      |                          
                             |    442         f'JSO |                          
                             |        "reasoning":  |                          
                             |    443         "Keep |                          
                             |        showing full  |                          
                             |    444     )         |                          
                             | >  445     result =  |                          
                             |        user=user, ro |                          
                             |    446     answer =  |                          
                             |    447         lette |                          
                             |    448         confi |                          
                             |                      |                          
                             | C:\Users\Ong Jun     |                          
                             | Kai\Documents\Qwen   |                          
                             | Hackathon\src\quorum |                          
                             | qa\qwen_client.py:20 |                          
                             | 7 in chat_json       |                          
                             |                      |                          
                             |   204         spent_ |                          
                             |   205         spent_ |                          
                             |   206         for at |                          
                             | > 207             co |                          
                             |   208                |                          
                             |       max_tokens=max |                          
                             |   209                |                          
                             |   210             )  |                          
                             |                      |                          
                             | C:\Users\Ong Jun     |                          
                             | Kai\Documents\Qwen   |                          
                             | Hackathon\src\quorum |                          
                             | qa\qwen_client.py:16 |                          
                             | 4 in chat            |                          
                             |                      |                          
                             |   161         # in t |                          
                             |   162         # Chem |                          
                             |   163         # from |                          
                             | > 164         resp = |                          
                             |       timeout=self._ |                          
                             |   165         resp.r |                          
                             |   166         data = |                          
                             |   167                |                          
                             |                      |                          
                             | C:\Users\Ong Jun     |                          
                             | Kai\Documents\Qwen   |                          
                             | Hackathon\.venv\Lib\ |                          
                             | site-packages\reques |                          
                             | ts\api.py:134 in     |                          
                             | post                 |                          
                             |                      |                          
                             |   131     :rtype: re |                          
                             |   132     """        |                          
                             |   133                |                          
                             | > 134     return req |                          
                             |   135                |                          
                             |   136                |                          
                             |   137 def put(       |                          
                             |                      |                          
                             | C:\Users\Ong Jun     |                          
                             | Kai\Documents\Qwen   |                          
                             | Hackathon\.venv\Lib\ |                          
                             | site-packages\reques |                          
                             | ts\api.py:71 in      |                          
                             | request              |                          
                             |                      |                          
                             |    68     # avoid le |                          
                             |    69     # cases, a |                          
                             |    70     with sessi |                          
                             | >  71         return |                          
                             |    72                |                          
                             |    73                |                          
                             |    74 def get(       |                          
                             |                      |                          
                             | C:\Users\Ong Jun     |                          
                             | Kai\Documents\Qwen   |                          
                             | Hackathon\.venv\Lib\ |                          
                             | site-packages\reques |                          
                             | ts\sessions.py:651   |                          
                             | in request           |                          
                             |                      |                          
                             |   648             "a |                          
                             |   649         }      |                          
                             |   650         send_k |                          
                             | > 651         resp = |                          
                             |   652                |                          
                             |   653         return |                          
                             |   654                |                          
                             |                      |                          
                             | C:\Users\Ong Jun     |                          
                             | Kai\Documents\Qwen   |                          
                             | Hackathon\.venv\Lib\ |                          
                             | site-packages\reques |                          
                             | ts\sessions.py:784   |                          
                             | in send              |                          
                             |                      |                          
                             |   781         start  |                          
                             |   782                |                          
                             |   783         # Send |                          
                             | > 784         r = ad |                          
                             |   785                |                          
                             |   786         # Tota |                          
                             |   787         elapse |                          
                             |                      |                          
                             | C:\Users\Ong Jun     |                          
                             | Kai\Documents\Qwen   |                          
                             | Hackathon\.venv\Lib\ |                          
                             | site-packages\reques |                          
                             | ts\adapters.py:742   |                          
                             | in send              |                          
                             |                      |                          
                             |   739                |                          
                             |   740                |                          
                             |   741             el |                          
                             | > 742                |                          
                             |   743             el |                          
                             |   744                |                          
                             |   745             el |                          
                             +----------------------+                          
                             ReadTimeout:                                      
                             HTTPSConnectionPool(host                          
                             ='token-plan.ap-southeas                          
                             t-1.maas.aliyuncs.com',                           
                             port=443): Read timed                             
                             out. (read timeout=300)                           
[08/03/26 02:19:51] INFO     rect4iLrSfUwkNTno        lever_experiments.py:2113
                             [cycled_panel]:                                   
                             final=B(correct,                                  
                             escalated=False,                                  
                             {'seat_answers':                                  
                             [{'seat_index': 0,                                
                             'letter': 'B',                                    
                             'confidence': 0.95,                               
                             'procedure_or_lens':                              
                             'Answer by reasoning                              
                             from first principles,                            
                             step by step.',                                   
                             'temperature': 0.3,                               
                             'permutation': None},                             
                             {'seat_index': 1,                                 
                             'letter': 'B',                                    
                             'confidence': 0.95,                               
                             'procedure_or_lens':                              
                             "Answer by first                                  
                             eliminating choices                               
                             you're confident are                              
                             wrong, then picking                               
                             among what remains.",                             
                             'temperature': 0.6,                               
                             'permutation': None},                             
                             {'seat_index': 2,                                 
                             'letter': 'B',                                    
                             'confidence': 1.0,                                
                             'procedure_or_lens':                              
                             'Answer by recalling the                          
                             single most relevant                              
                             fact, law, or formula,                            
                             then checking each                                
                             choice against it.',                              
                             'temperature': 0.9,                               
                             'permutation': None},                             
                             {'seat_index': 3,                                 
                             'letter': 'B',                                    
                             'confidence': 0.95,                               
                             'procedure_or_lens':                              
                             'Answer by reasoning                              
                             from first principles,                            
                             step by step.',                                   
                             'temperature': 0.3,                               
                             'permutation': None},                             
                             {'seat_index': 4,                                 
                             'letter': 'B',                                    
                             'confidence': 0.95,                               
                             'procedure_or_lens':                              
                             "Answer by first                                  
                             eliminating choices                               
                             you're confident are                              
                             wrong, then picking                               
                             among what remains.",                             
                             'temperature': 0.6,                               
                             'permutation': None}],                            
                             'unanimous': True,                                
                             'n_solvers': 5,                                   
                             'solver_tier':                                    
                             'flagship',                                       
                             'no_tribunal': True})                             
                             cost=$0.00000                                     
[08/03/26 02:20:28] INFO     recdya6FuYraBU5Rh        lever_experiments.py:2113
                             [cycled_panel]:                                   
                             final=C(correct,                                  
                             escalated=False,                                  
                             {'seat_answers':                                  
                             [{'seat_index': 0,                                
                             'letter': 'C',                                    
                             'confidence': 1.0,                                
                             'procedure_or_lens':                              
                             'Answer by reasoning                              
                             from first principles,                            
                             step by step.',                                   
                             'temperature': 0.3,                               
                             'permutation': None},                             
                             {'seat_index': 1,                                 
                             'letter': 'C',                                    
                             'confidence': 1.0,                                
                             'procedure_or_lens':                              
                             "Answer by first                                  
                             eliminating choices                               
                             you're confident are                              
                             wrong, then picking                               
                             among what remains.",                             
                             'temperature': 0.6,                               
                             'permutation': None},                             
                             {'seat_index': 2,                                 
                             'letter': 'C',                                    
                             'confidence': 1.0,                                
                             'procedure_or_lens':                              
                             'Answer by recalling the                          
                             single most relevant                              
                             fact, law, or formula,                            
                             then checking each                                
                             choice against it.',                              
                             'temperature': 0.9,                               
                             'permutation': None},                             
                             {'seat_index': 3,                                 
                             'letter': 'C',                                    
                             'confidence': 1.0,                                
                             'procedure_or_lens':                              
                             'Answer by reasoning                              
                             from first principles,                            
                             step by step.',                                   
                             'temperature': 0.3,                               
                             'permutation': None},                             
                             {'seat_index': 4,                                 
                             'letter': 'C',                                    
                             'confidence': 1.0,                                
                             'procedure_or_lens':                              
                             "Answer by first                                  
                             eliminating choices                               
                             you're confident are                              
                             wrong, then picking                               
                             among what remains.",                             
                             'temperature': 0.6,                               
                             'permutation': None}],                            
                             'unanimous': True,                                
                             'n_solvers': 5,                                   
                             'solver_tier':                                    
                             'flagship',                                       
                             'no_tribunal': True})                             
                             cost=$0.00000                                     
[08/03/26 02:20:46] INFO     recZbxrocrxh9YENH        lever_experiments.py:2113
                             [cycled_panel]:                                   
                             final=D(correct,                                  
                             escalated=False,                                  
                             {'seat_answers':                                  
                             [{'seat_index': 0,                                
                             'letter': 'D',                                    
                             'confidence': 0.9,                                
                             'procedure_or_lens':                              
                             'Answer by reasoning                              
                             from first principles,                            
                             step by step.',                                   
                             'temperature': 0.3,                               
                             'permutation': None},                             
                             {'seat_index': 1,                                 
                             'letter': 'D',                                    
                             'confidence': 0.95,                               
                             'procedure_or_lens':                              
                             "Answer by first                                  
                             eliminating choices                               
                             you're confident are                              
                             wrong, then picking                               
                             among what remains.",                             
                             'temperature': 0.6,                               
                             'permutation': None},                             
                             {'seat_index': 2,                                 
                             'letter': 'D',                                    
                             'confidence': 1.0,                                
                             'procedure_or_lens':                              
                             'Answer by recalling the                          
                             single most relevant                              
                             fact, law, or formula,                            
                             then checking each                                
                             choice against it.',                              
                             'temperature': 0.9,                               
                             'permutation': None},                             
                             {'seat_index': 3,                                 
                             'letter': 'D',                                    
                             'confidence': 0.85,                               
                             'procedure_or_lens':                              
                             'Answer by reasoning                              
                             from first principles,                            
                             step by step.',                                   
                             'temperature': 0.3,                               
                             'permutation': None},                             
                             {'seat_index': 4,                                 
                             'letter': 'D',                                    
                             'confidence': 0.95,                               
                             'procedure_or_lens':                              
                             "Answer by first                                  
                             eliminating choices                               
                             you're confident are                              
                             wrong, then picking                               
                             among what remains.",                             
                             'temperature': 0.6,                               
                             'permutation': None}],                            
                             'unanimous': True,                                
                             'n_solvers': 5,                                   
                             'solver_tier':                                    
                             'flagship',                                       
                             'no_tribunal': True})                             
                             cost=$0.00000                                     
[08/03/26 02:21:06] INFO     recSBcGLPatKb3Ygu        lever_experiments.py:2113
                             [cycled_panel]:                                   
                             final=B(correct,                                  
                             escalated=False,                                  
                             {'seat_answers':                                  
                             [{'seat_index': 0,                                
                             'letter': 'B',                                    
                             'confidence': 1.0,                                
                             'procedure_or_lens':                              
                             'Answer by reasoning                              
                             from first principles,                            
                             step by step.',                                   
                             'temperature': 0.3,                               
                             'permutation': None},                             
                             {'seat_index': 1,                                 
                             'letter': 'B',                                    
                             'confidence': 1.0,                                
                             'procedure_or_lens':                              
                             "Answer by first                                  
                             eliminating choices                               
                             you're confident are                              
                             wrong, then picking                               
                             among what remains.",                             
                             'temperature': 0.6,                               
                             'permutation': None},                             
                             {'seat_index': 2,                                 
                             'letter': 'B',                                    
                             'confidence': 1.0,                                
                             'procedure_or_lens':                              
                             'Answer by recalling the                          
                             single most relevant                              
                             fact, law, or formula,                            
                             then checking each                                
                             choice against it.',                              
                             'temperature': 0.9,                               
                             'permutation': None},                             
                             {'seat_index': 3,                                 
                             'letter': 'B',                                    
                             'confidence': 1.0,                                
                             'procedure_or_lens':                              
                             'Answer by reasoning                              
                             from first principles,                            
                             step by step.',                                   
                             'temperature': 0.3,                               
                             'permutation': None},                             
                             {'seat_index': 4,                                 
                             'letter': 'B',                                    
                             'confidence': 1.0,                                
                             'procedure_or_lens':                              
                             "Answer by first                                  
                             eliminating choices                               
                             you're confident are                              
                             wrong, then picking                               
                             among what remains.",                             
                             'temperature': 0.6,                               
                             'permutation': None}],                            
                             'unanimous': True,                                
                             'n_solvers': 5,                                   
                             'solver_tier':                                    
                             'flagship',                                       
                             'no_tribunal': True})                             
                             cost=$0.00000                                     
[08/03/26 02:21:40] INFO     recakFKZioXUuldcd        lever_experiments.py:2113
                             [cycled_panel]:                                   
                             final=D(correct,                                  
                             escalated=False,                                  
                             {'seat_answers':                                  
                             [{'seat_index': 0,                                
                             'letter': 'D',                                    
                             'confidence': 1.0,                                
                             'procedure_or_lens':                              
                             'Answer by reasoning                              
                             from first principles,                            
                             step by step.',                                   
                             'temperature': 0.3,                               
                             'permutation': None},                             
                             {'seat_index': 1,                                 
                             'letter': 'D',                                    
                             'confidence': 1.0,                                
                             'procedure_or_lens':                              
                             "Answer by first                                  
                             eliminating choices                               
                             you're confident are                              
                             wrong, then picking                               
                             among what remains.",                             
                             'temperature': 0.6,                               
                             'permutation': None},                             
                             {'seat_index': 2,                                 
                             'letter': 'D',                                    
                             'confidence': 0.7,                                
                             'procedure_or_lens':                              
                             'Answer by recalling the                          
                             single most relevant                              
                             fact, law, or formula,                            
                             then checking each                                
                             choice against it.',                              
                             'temperature': 0.9,                               
                             'permutation': None},                             
                             {'seat_index': 3,                                 
                             'letter': 'D',                                    
                             'confidence': 1.0,                                
                             'procedure_or_lens':                              
                             'Answer by reasoning                              
                             from first principles,                            
                             step by step.',                                   
                             'temperature': 0.3,                               
                             'permutation': None},                             
                             {'seat_index': 4,                                 
                             'letter': 'D',                                    
                             'confidence': 0.95,                               
                             'procedure_or_lens':                              
                             "Answer by first                                  
                             eliminating choices                               
                             you're confident are                              
                             wrong, then picking                               
                             among what remains.",                             
                             'temperature': 0.6,                               
                             'permutation': None}],                            
                             'unanimous': True,                                
                             'n_solvers': 5,                                   
                             'solver_tier':                                    
                             'flagship',                                       
                             'no_tribunal': True})                             
                             cost=$0.00000                                     
[08/03/26 02:21:54] INFO     recoy9ZLBsc7HIRBy        lever_experiments.py:2113
                             [cycled_panel]:                                   
                             final=D(correct,                                  
                             escalated=False,                                  
                             {'seat_answers':                                  
                             [{'seat_index': 0,                                
                             'letter': 'D',                                    
                             'confidence': 0.95,                               
                             'procedure_or_lens':                              
                             'Answer by reasoning                              
                             from first principles,                            
                             step by step.',                                   
                             'temperature': 0.3,                               
                             'permutation': None},                             
                             {'seat_index': 1,                                 
                             'letter': 'D',                                    
                             'confidence': 0.95,                               
                             'procedure_or_lens':                              
                             "Answer by first                                  
                             eliminating choices                               
                             you're confident are                              
                             wrong, then picking                               
                             among what remains.",                             
                             'temperature': 0.6,                               
                             'permutation': None},                             
                             {'seat_index': 2,                                 
                             'letter': 'D',                                    
                             'confidence': 1.0,                                
                             'procedure_or_lens':                              
                             'Answer by recalling the                          
                             single most relevant                              
                             fact, law, or formula,                            
                             then checking each                                
                             choice against it.',                              
                             'temperature': 0.9,                               
                             'permutation': None},                             
                             {'seat_index': 3,                                 
                             'letter': 'D',                                    
                             'confidence': 0.95,                               
                             'procedure_or_lens':                              
                             'Answer by reasoning                              
                             from first principles,                            
                             step by step.',                                   
                             'temperature': 0.3,                               
                             'permutation': None},                             
                             {'seat_index': 4,                                 
                             'letter': 'D',                                    
                             'confidence': 0.95,                               
                             'procedure_or_lens':                              
                             "Answer by first                                  
                             eliminating choices                               
                             you're confident are                              
                             wrong, then picking                               
                             among what remains.",                             
                             'temperature': 0.6,                               
                             'permutation': None}],                            
                             'unanimous': True,                                
                             'n_solvers': 5,                                   
                             'solver_tier':                                    
                             'flagship',                                       
                             'no_tribunal': True})                             
                             cost=$0.00000                                     
[08/03/26 02:22:24] INFO     recRTiyaRymerDJ4y        lever_experiments.py:2113
                             [cycled_panel]:                                   
                             final=A(correct,                                  
                             escalated=False,                                  
                             {'seat_answers':                                  
                             [{'seat_index': 0,                                
                             'letter': 'A',                                    
                             'confidence': 1.0,                                
                             'procedure_or_lens':                              
                             'Answer by reasoning                              
                             from first principles,                            
                             step by step.',                                   
                             'temperature': 0.3,                               
                             'permutation': None},                             
                             {'seat_index': 1,                                 
                             'letter': 'A',                                    
                             'confidence': 1.0,                                
                             'procedure_or_lens':                              
                             "Answer by first                                  
                             eliminating choices                               
                             you're confident are                              
                             wrong, then picking                               
                             among what remains.",                             
                             'temperature': 0.6,                               
                             'permutation': None},                             
                             {'seat_index': 2,                                 
                             'letter': 'A',                                    
                             'confidence': 1.0,                                
                             'procedure_or_lens':                              
                             'Answer by recalling the                          
                             single most relevant                              
                             fact, law, or formula,                            
                             then checking each                                
                             choice against it.',                              
                             'temperature': 0.9,                               
                             'permutation': None},                             
                             {'seat_index': 3,                                 
                             'letter': 'A',                                    
                             'confidence': 1.0,                                
                             'procedure_or_lens':                              
                             'Answer by reasoning                              
                             from first principles,                            
                             step by step.',                                   
                             'temperature': 0.3,                               
                             'permutation': None},                             
                             {'seat_index': 4,                                 
                             'letter': 'A',                                    
                             'confidence': 1.0,                                
                             'procedure_or_lens':                              
                             "Answer by first                                  
                             eliminating choices                               
                             you're confident are                              
                             wrong, then picking                               
                             among what remains.",                             
                             'temperature': 0.6,                               
                             'permutation': None}],                            
                             'unanimous': True,                                
                             'n_solvers': 5,                                   
                             'solver_tier':                                    
                             'flagship',                                       
                             'no_tribunal': True})                             
                             cost=$0.00000                                     
[08/03/26 02:22:25] INFO     recDytVnNYZe2HuUU        lever_experiments.py:2113
                             [cycled_panel]:                                   
                             final=D(correct,                                  
                             escalated=False,                                  
                             {'seat_answers':                                  
                             [{'seat_index': 0,                                
                             'letter': 'D',                                    
                             'confidence': 1.0,                                
                             'procedure_or_lens':                              
                             'Answer by reasoning                              
                             from first principles,                            
                             step by step.',                                   
                             'temperature': 0.3,                               
                             'permutation': None},                             
                             {'seat_index': 1,                                 
                             'letter': 'D',                                    
                             'confidence': 0.85,                               
                             'procedure_or_lens':                              
                             "Answer by first                                  
                             eliminating choices                               
                             you're confident are                              
                             wrong, then picking                               
                             among what remains.",                             
                             'temperature': 0.6,                               
                             'permutation': None},                             
                             {'seat_index': 2,                                 
                             'letter': 'D',                                    
                             'confidence': 0.8,                                
                             'procedure_or_lens':                              
                             'Answer by recalling the                          
                             single most relevant                              
                             fact, law, or formula,                            
                             then checking each                                
                             choice against it.',                              
                             'temperature': 0.9,                               
                             'permutation': None},                             
                             {'seat_index': 3,                                 
                             'letter': 'D',                                    
                             'confidence': 0.8,                                
                             'procedure_or_lens':                              
                             'Answer by reasoning                              
                             from first principles,                            
                             step by step.',                                   
                             'temperature': 0.3,                               
                             'permutation': None},                             
                             {'seat_index': 4,                                 
                             'letter': 'D',                                    
                             'confidence': 0.9,                                
                             'procedure_or_lens':                              
                             "Answer by first                                  
                             eliminating choices                               
                             you're confident are                              
                             wrong, then picking                               
                             among what remains.",                             
                             'temperature': 0.6,                               
                             'permutation': None}],                            
                             'unanimous': True,                                
                             'n_solvers': 5,                                   
                             'solver_tier':                                    
                             'flagship',                                       
                             'no_tribunal': True})                             
                             cost=$0.00000                                     
[08/03/26 02:23:23] INFO     recb2M22zaD3tL6Qc        lever_experiments.py:2113
                             [cycled_panel]:                                   
                             final=B(correct,                                  
                             escalated=False,                                  
                             {'seat_answers':                                  
                             [{'seat_index': 0,                                
                             'letter': 'B',                                    
                             'confidence': 1.0,                                
                             'procedure_or_lens':                              
                             'Answer by reasoning                              
                             from first principles,                            
                             step by step.',                                   
                             'temperature': 0.3,                               
                             'permutation': None},                             
                             {'seat_index': 1,                                 
                             'letter': 'B',                                    
                             'confidence': 1.0,                                
                             'procedure_or_lens':                              
                             "Answer by first                                  
                             eliminating choices                               
                             you're confident are                              
                             wrong, then picking                               
                             among what remains.",                             
                             'temperature': 0.6,                               
                             'permutation': None},                             
                             {'seat_index': 2,                                 
                             'letter': 'B',                                    
                             'confidence': 1.0,                                
                             'procedure_or_lens':                              
                             'Answer by recalling the                          
                             single most relevant                              
                             fact, law, or formula,                            
                             then checking each                                
                             choice against it.',                              
                             'temperature': 0.9,                               
                             'permutation': None},                             
                             {'seat_index': 3,                                 
                             'letter': 'B',                                    
                             'confidence': 1.0,                                
                             'procedure_or_lens':                              
                             'Answer by reasoning                              
                             from first principles,                            
                             step by step.',                                   
                             'temperature': 0.3,                               
                             'permutation': None},                             
                             {'seat_index': 4,                                 
                             'letter': 'B',                                    
                             'confidence': 1.0,                                
                             'procedure_or_lens':                              
                             "Answer by first                                  
                             eliminating choices                               
                             you're confident are                              
                             wrong, then picking                               
                             among what remains.",                             
                             'temperature': 0.6,                               
                             'permutation': None}],                            
                             'unanimous': True,                                
                             'n_solvers': 5,                                   
                             'solver_tier':                                    
                             'flagship',                                       
                             'no_tribunal': True})                             
                             cost=$0.00000                                     
[08/03/26 02:24:23] INFO     recWxGU8Q4YReJ1tb        lever_experiments.py:2113
                             [cycled_panel]:                                   
                             final=A(wrong,                                    
                             escalated=False,                                  
                             {'seat_answers':                                  
                             [{'seat_index': 0,                                
                             'letter': 'A',                                    
                             'confidence': 0.4,                                
                             'procedure_or_lens':                              
                             'Answer by reasoning                              
                             from first principles,                            
                             step by step.',                                   
                             'temperature': 0.3,                               
                             'permutation': None},                             
                             {'seat_index': 1,                                 
                             'letter': 'A',                                    
                             'confidence': 0.7,                                
                             'procedure_or_lens':                              
                             "Answer by first                                  
                             eliminating choices                               
                             you're confident are                              
                             wrong, then picking                               
                             among what remains.",                             
                             'temperature': 0.6,                               
                             'permutation': None},                             
                             {'seat_index': 2,                                 
                             'letter': 'A',                                    
                             'confidence': 0.5,                                
                             'procedure_or_lens':                              
                             'Answer by recalling the                          
                             single most relevant                              
                             fact, law, or formula,                            
                             then checking each                                
                             choice against it.',                              
                             'temperature': 0.9,                               
                             'permutation': None},                             
                             {'seat_index': 3,                                 
                             'letter': 'A',                                    
                             'confidence': 0.6,                                
                             'procedure_or_lens':                              
                             'Answer by reasoning                              
                             from first principles,                            
                             step by step.',                                   
                             'temperature': 0.3,                               
                             'permutation': None},                             
                             {'seat_index': 4,                                 
                             'letter': 'A',                                    
                             'confidence': 0.65,                               
                             'procedure_or_lens':                              
                             "Answer by first                                  
                             eliminating choices                               
                             you're confident are                              
                             wrong, then picking                               
                             among what remains.",                             
                             'temperature': 0.6,                               
                             'permutation': None}],                            
                             'unanimous': True,                                
                             'n_solvers': 5,                                   
                             'solver_tier':                                    
                             'flagship',                                       
                             'no_tribunal': True})                             
                             cost=$0.00000                                     
[08/03/26 02:24:32] INFO     reczjcMtrB1YGS2fO        lever_experiments.py:2113
                             [cycled_panel]:                                   
                             final=A(correct,                                  
                             escalated=False,                                  
                             {'seat_answers':                                  
                             [{'seat_index': 0,                                
                             'letter': 'A',                                    
                             'confidence': 0.9,                                
                             'procedure_or_lens':                              
                             'Answer by reasoning                              
                             from first principles,                            
                             step by step.',                                   
                             'temperature': 0.3,                               
                             'permutation': None},                             
                             {'seat_index': 1,                                 
                             'letter': 'D',                                    
                             'confidence': 0.85,                               
                             'procedure_or_lens':                              
                             "Answer by first                                  
                             eliminating choices                               
                             you're confident are                              
                             wrong, then picking                               
                             among what remains.",                             
                             'temperature': 0.6,                               
                             'permutation': None},                             
                             {'seat_index': 2,                                 
                             'letter': 'A',                                    
                             'confidence': 0.9,                                
                             'procedure_or_lens':                              
                             'Answer by recalling the                          
                             single most relevant                              
                             fact, law, or formula,                            
                             then checking each                                
                             choice against it.',                              
                             'temperature': 0.9,                               
                             'permutation': None},                             
                             {'seat_index': 3,                                 
                             'letter': 'A',                                    
                             'confidence': 0.95,                               
                             'procedure_or_lens':                              
                             'Answer by reasoning                              
                             from first principles,                            
                             step by step.',                                   
                             'temperature': 0.3,                               
                             'permutation': None},                             
                             {'seat_index': 4,                                 
                             'letter': 'A',                                    
                             'confidence': 0.95,                               
                             'procedure_or_lens':                              
                             "Answer by first                                  
                             eliminating choices                               
                             you're confident are                              
                             wrong, then picking                               
                             among what remains.",                             
                             'temperature': 0.6,                               
                             'permutation': None}],                            
                             'unanimous': False,                               
                             'n_solvers': 5,                                   
                             'solver_tier':                                    
                             'flagship',                                       
                             'no_tribunal': True})                             
                             cost=$0.00000                                     
[08/03/26 02:24:43] INFO     recxsX66ktJ1Lwt4f        lever_experiments.py:2113
                             [cycled_panel]:                                   
                             final=A(correct,                                  
                             escalated=False,                                  
                             {'seat_answers':                                  
                             [{'seat_index': 0,                                
                             'letter': 'A',                                    
                             'confidence': 1.0,                                
                             'procedure_or_lens':                              
                             'Answer by reasoning                              
                             from first principles,                            
                             step by step.',                                   
                             'temperature': 0.3,                               
                             'permutation': None},                             
                             {'seat_index': 1,                                 
                             'letter': 'A',                                    
                             'confidence': 1.0,                                
                             'procedure_or_lens':                              
                             "Answer by first                                  
                             eliminating choices                               
                             you're confident are                              
                             wrong, then picking                               
                             among what remains.",                             
                             'temperature': 0.6,                               
                             'permutation': None},                             
                             {'seat_index': 2,                                 
                             'letter': 'A',                                    
                             'confidence': 1.0,                                
                             'procedure_or_lens':                              
                             'Answer by recalling the                          
                             single most relevant                              
                             fact, law, or formula,                            
                             then checking each                                
                             choice against it.',                              
                             'temperature': 0.9,                               
                             'permutation': None},                             
                             {'seat_index': 3,                                 
                             'letter': 'A',                                    
                             'confidence': 1.0,                                
                             'procedure_or_lens':                              
                             'Answer by reasoning                              
                             from first principles,                            
                             step by step.',                                   
                             'temperature': 0.3,                               
                             'permutation': None},                             
                             {'seat_index': 4,                                 
                             'letter': 'A',                                    
                             'confidence': 1.0,                                
                             'procedure_or_lens':                              
                             "Answer by first                                  
                             eliminating choices                               
                             you're confident are                              
                             wrong, then picking                               
                             among what remains.",                             
                             'temperature': 0.6,                               
                             'permutation': None}],                            
                             'unanimous': True,                                
                             'n_solvers': 5,                                   
                             'solver_tier':                                    
                             'flagship',                                       
                             'no_tribunal': True})                             
                             cost=$0.00000                                     
[08/03/26 02:25:04] INFO     recpki12iG9RUGrz9        lever_experiments.py:2113
                             [cycled_panel]:                                   
                             final=D(correct,                                  
                             escalated=False,                                  
                             {'seat_answers':                                  
                             [{'seat_index': 0,                                
                             'letter': 'D',                                    
                             'confidence': 1.0,                                
                             'procedure_or_lens':                              
                             'Answer by reasoning                              
                             from first principles,                            
                             step by step.',                                   
                             'temperature': 0.3,                               
                             'permutation': None},                             
                             {'seat_index': 1,                                 
                             'letter': 'D',                                    
                             'confidence': 1.0,                                
                             'procedure_or_lens':                              
                             "Answer by first                                  
                             eliminating choices                               
                             you're confident are                              
                             wrong, then picking                               
                             among what remains.",                             
                             'temperature': 0.6,                               
                             'permutation': None},                             
                             {'seat_index': 2,                                 
                             'letter': 'D',                                    
                             'confidence': 1.0,                                
                             'procedure_or_lens':                              
                             'Answer by recalling the                          
                             single most relevant                              
                             fact, law, or formula,                            
                             then checking each                                
                             choice against it.',                              
                             'temperature': 0.9,                               
                             'permutation': None},                             
                             {'seat_index': 3,                                 
                             'letter': 'D',                                    
                             'confidence': 1.0,                                
                             'procedure_or_lens':                              
                             'Answer by reasoning                              
                             from first principles,                            
                             step by step.',                                   
                             'temperature': 0.3,                               
                             'permutation': None},                             
                             {'seat_index': 4,                                 
                             'letter': 'D',                                    
                             'confidence': 1.0,                                
                             'procedure_or_lens':                              
                             "Answer by first                                  
                             eliminating choices                               
                             you're confident are                              
                             wrong, then picking                               
                             among what remains.",                             
                             'temperature': 0.6,                               
                             'permutation': None}],                            
                             'unanimous': True,                                
                             'n_solvers': 5,                                   
                             'solver_tier':                                    
                             'flagship',                                       
                             'no_tribunal': True})                             
                             cost=$0.00000                                     
[08/03/26 02:25:39] INFO     recMicVBcqy1xM1jq        lever_experiments.py:2113
                             [cycled_panel]:                                   
                             final=A(correct,                                  
                             escalated=False,                                  
                             {'seat_answers':                                  
                             [{'seat_index': 0,                                
                             'letter': 'A',                                    
                             'confidence': 1.0,                                
                             'procedure_or_lens':                              
                             'Answer by reasoning                              
                             from first principles,                            
                             step by step.',                                   
                             'temperature': 0.3,                               
                             'permutation': None},                             
                             {'seat_index': 1,                                 
                             'letter': 'A',                                    
                             'confidence': 1.0,                                
                             'procedure_or_lens':                              
                             "Answer by first                                  
                             eliminating choices                               
                             you're confident are                              
                             wrong, then picking                               
                             among what remains.",                             
                             'temperature': 0.6,                               
                             'permutation': None},                             
                             {'seat_index': 2,                                 
                             'letter': 'A',                                    
                             'confidence': 1.0,                                
                             'procedure_or_lens':                              
                             'Answer by recalling the                          
                             single most relevant                              
                             fact, law, or formula,                            
                             then checking each                                
                             choice against it.',                              
                             'temperature': 0.9,                               
                             'permutation': None},                             
                             {'seat_index': 3,                                 
                             'letter': 'A',                                    
                             'confidence': 0.95,                               
                             'procedure_or_lens':                              
                             'Answer by reasoning                              
                             from first principles,                            
                             step by step.',                                   
                             'temperature': 0.3,                               
                             'permutation': None},                             
                             {'seat_index': 4,                                 
                             'letter': 'A',                                    
                             'confidence': 1.0,                                
                             'procedure_or_lens':                              
                             "Answer by first                                  
                             eliminating choices                               
                             you're confident are                              
                             wrong, then picking                               
                             among what remains.",                             
                             'temperature': 0.6,                               
                             'permutation': None}],                            
                             'unanimous': True,                                
                             'n_solvers': 5,                                   
                             'solver_tier':                                    
                             'flagship',                                       
                             'no_tribunal': True})                             
                             cost=$0.00000                                     
[08/03/26 02:25:53] INFO     recrNbtgTNoabJJi6        lever_experiments.py:2113
                             [cycled_panel]:                                   
                             final=B(correct,                                  
                             escalated=False,                                  
                             {'seat_answers':                                  
                             [{'seat_index': 0,                                
                             'letter': 'B',                                    
                             'confidence': 1.0,                                
                             'procedure_or_lens':                              
                             'Answer by reasoning                              
                             from first principles,                            
                             step by step.',                                   
                             'temperature': 0.3,                               
                             'permutation': None},                             
                             {'seat_index': 1,                                 
                             'letter': 'B',                                    
                             'confidence': 0.95,                               
                             'procedure_or_lens':                              
                             "Answer by first                                  
                             eliminating choices                               
                             you're confident are                              
                             wrong, then picking                               
                             among what remains.",                             
                             'temperature': 0.6,                               
                             'permutation': None},                             
                             {'seat_index': 2,                                 
                             'letter': 'B',                                    
                             'confidence': 0.95,                               
                             'procedure_or_lens':                              
                             'Answer by recalling the                          
                             single most relevant                              
                             fact, law, or formula,                            
                             then checking each                                
                             choice against it.',                              
                             'temperature': 0.9,                               
                             'permutation': None},                             
                             {'seat_index': 3,                                 
                             'letter': 'B',                                    
                             'confidence': 1.0,                                
                             'procedure_or_lens':                              
                             'Answer by reasoning                              
                             from first principles,                            
                             step by step.',                                   
                             'temperature': 0.3,                               
                             'permutation': None},                             
                             {'seat_index': 4,                                 
                             'letter': 'B',                                    
                             'confidence': 0.95,                               
                             'procedure_or_lens':                              
                             "Answer by first                                  
                             eliminating choices                               
                             you're confident are                              
                             wrong, then picking                               
                             among what remains.",                             
                             'temperature': 0.6,                               
                             'permutation': None}],                            
                             'unanimous': True,                                
                             'n_solvers': 5,                                   
                             'solver_tier':                                    
                             'flagship',                                       
                             'no_tribunal': True})                             
                             cost=$0.00000                                     
[08/03/26 02:25:57] INFO     recwlwlcPvXVNPmvl        lever_experiments.py:2113
                             [cycled_panel]:                                   
                             final=D(correct,                                  
                             escalated=False,                                  
                             {'seat_answers':                                  
                             [{'seat_index': 0,                                
                             'letter': 'D',                                    
                             'confidence': 1.0,                                
                             'procedure_or_lens':                              
                             'Answer by reasoning                              
                             from first principles,                            
                             step by step.',                                   
                             'temperature': 0.3,                               
                             'permutation': None},                             
                             {'seat_index': 1,                                 
                             'letter': 'D',                                    
                             'confidence': 1.0,                                
                             'procedure_or_lens':                              
                             "Answer by first                                  
                             eliminating choices                               
                             you're confident are                              
                             wrong, then picking                               
                             among what remains.",                             
                             'temperature': 0.6,                               
                             'permutation': None},                             
                             {'seat_index': 2,                                 
                             'letter': 'D',                                    
                             'confidence': 1.0,                                
                             'procedure_or_lens':                              
                             'Answer by recalling the                          
                             single most relevant                              
                             fact, law, or formula,                            
                             then checking each                                
                             choice against it.',                              
                             'temperature': 0.9,                               
                             'permutation': None},                             
                             {'seat_index': 3,                                 
                             'letter': 'D',                                    
                             'confidence': 1.0,                                
                             'procedure_or_lens':                              
                             'Answer by reasoning                              
                             from first principles,                            
                             step by step.',                                   
                             'temperature': 0.3,                               
                             'permutation': None},                             
                             {'seat_index': 4,                                 
                             'letter': 'D',                                    
                             'confidence': 1.0,                                
                             'procedure_or_lens':                              
                             "Answer by first                                  
                             eliminating choices                               
                             you're confident are                              
                             wrong, then picking                               
                             among what remains.",                             
                             'temperature': 0.6,                               
                             'permutation': None}],                            
                             'unanimous': True,                                
                             'n_solvers': 5,                                   
                             'solver_tier':                                    
                             'flagship',                                       
                             'no_tribunal': True})                             
                             cost=$0.00000                                     
[08/03/26 02:26:21] INFO     reckYqR92oJkqJXkE        lever_experiments.py:2113
                             [cycled_panel]:                                   
                             final=A(correct,                                  
                             escalated=False,                                  
                             {'seat_answers':                                  
                             [{'seat_index': 0,                                
                             'letter': 'A',                                    
                             'confidence': 1.0,                                
                             'procedure_or_lens':                              
                             'Answer by reasoning                              
                             from first principles,                            
                             step by step.',                                   
                             'temperature': 0.3,                               
                             'permutation': None},                             
                             {'seat_index': 1,                                 
                             'letter': 'A',                                    
                             'confidence': 0.95,                               
                             'procedure_or_lens':                              
                             "Answer by first                                  
                             eliminating choices                               
                             you're confident are                              
                             wrong, then picking                               
                             among what remains.",                             
                             'temperature': 0.6,                               
                             'permutation': None},                             
                             {'seat_index': 2,                                 
                             'letter': 'A',                                    
                             'confidence': 1.0,                                
                             'procedure_or_lens':                              
                             'Answer by recalling the                          
                             single most relevant                              
                             fact, law, or formula,                            
                             then checking each                                
                             choice against it.',                              
                             'temperature': 0.9,                               
                             'permutation': None},                             
                             {'seat_index': 3,                                 
                             'letter': 'A',                                    
                             'confidence': 0.95,                               
                             'procedure_or_lens':                              
                             'Answer by reasoning                              
                             from first principles,                            
                             step by step.',                                   
                             'temperature': 0.3,                               
                             'permutation': None},                             
                             {'seat_index': 4,                                 
                             'letter': 'A',                                    
                             'confidence': 0.95,                               
                             'procedure_or_lens':                              
                             "Answer by first                                  
                             eliminating choices                               
                             you're confident are                              
                             wrong, then picking                               
                             among what remains.",                             
                             'temperature': 0.6,                               
                             'permutation': None}],                            
                             'unanimous': True,                                
                             'n_solvers': 5,                                   
                             'solver_tier':                                    
                             'flagship',                                       
                             'no_tribunal': True})                             
                             cost=$0.00000                                     
[08/03/26 02:26:34] INFO     recIDiDKKrN61Auyr        lever_experiments.py:2113
                             [cycled_panel]:                                   
                             final=D(correct,                                  
                             escalated=False,                                  
                             {'seat_answers':                                  
                             [{'seat_index': 0,                                
                             'letter': 'D',                                    
                             'confidence': 0.95,                               
                             'procedure_or_lens':                              
                             'Answer by reasoning                              
                             from first principles,                            
                             step by step.',                                   
                             'temperature': 0.3,                               
                             'permutation': None},                             
                             {'seat_index': 1,                                 
                             'letter': 'D',                                    
                             'confidence': 1.0,                                
                             'procedure_or_lens':                              
                             "Answer by first                                  
                             eliminating choices                               
                             you're confident are                              
                             wrong, then picking                               
                             among what remains.",                             
                             'temperature': 0.6,                               
                             'permutation': None},                             
                             {'seat_index': 2,                                 
                             'letter': 'D',                                    
                             'confidence': 1.0,                                
                             'procedure_or_lens':                              
                             'Answer by recalling the                          
                             single most relevant                              
                             fact, law, or formula,                            
                             then checking each                                
                             choice against it.',                              
                             'temperature': 0.9,                               
                             'permutation': None},                             
                             {'seat_index': 3,                                 
                             'letter': 'D',                                    
                             'confidence': 1.0,                                
                             'procedure_or_lens':                              
                             'Answer by reasoning                              
                             from first principles,                            
                             step by step.',                                   
                             'temperature': 0.3,                               
                             'permutation': None},                             
                             {'seat_index': 4,                                 
                             'letter': 'D',                                    
                             'confidence': 0.99,                               
                             'procedure_or_lens':                              
                             "Answer by first                                  
                             eliminating choices                               
                             you're confident are                              
                             wrong, then picking                               
                             among what remains.",                             
                             'temperature': 0.6,                               
                             'permutation': None}],                            
                             'unanimous': True,                                
                             'n_solvers': 5,                                   
                             'solver_tier':                                    
                             'flagship',                                       
                             'no_tribunal': True})                             
                             cost=$0.00000                                     
[08/03/26 02:26:42] INFO     recn3NhOhqAPLda16        lever_experiments.py:2113
                             [cycled_panel]:                                   
                             final=B(correct,                                  
                             escalated=False,                                  
                             {'seat_answers':                                  
                             [{'seat_index': 0,                                
                             'letter': 'B',                                    
                             'confidence': 1.0,                                
                             'procedure_or_lens':                              
                             'Answer by reasoning                              
                             from first principles,                            
                             step by step.',                                   
                             'temperature': 0.3,                               
                             'permutation': None},                             
                             {'seat_index': 1,                                 
                             'letter': 'B',                                    
                             'confidence': 0.85,                               
                             'procedure_or_lens':                              
                             "Answer by first                                  
                             eliminating choices                               
                             you're confident are                              
                             wrong, then picking                               
                             among what remains.",                             
                             'temperature': 0.6,                               
                             'permutation': None},                             
                             {'seat_index': 2,                                 
                             'letter': 'B',                                    
                             'confidence': 1.0,                                
                             'procedure_or_lens':                              
                             'Answer by recalling the                          
                             single most relevant                              
                             fact, law, or formula,                            
                             then checking each                                
                             choice against it.',                              
                             'temperature': 0.9,                               
                             'permutation': None},                             
                             {'seat_index': 3,                                 
                             'letter': 'B',                                    
                             'confidence': 1.0,                                
                             'procedure_or_lens':                              
                             'Answer by reasoning                              
                             from first principles,                            
                             step by step.',                                   
                             'temperature': 0.3,                               
                             'permutation': None},                             
                             {'seat_index': 4,                                 
                             'letter': 'B',                                    
                             'confidence': 1.0,                                
                             'procedure_or_lens':                              
                             "Answer by first                                  
                             eliminating choices                               
                             you're confident are                              
                             wrong, then picking                               
                             among what remains.",                             
                             'temperature': 0.6,                               
                             'permutation': None}],                            
                             'unanimous': True,                                
                             'n_solvers': 5,                                   
                             'solver_tier':                                    
                             'flagship',                                       
                             'no_tribunal': True})                             
                             cost=$0.00000                                     
[08/03/26 02:27:19] INFO     recCJJOeBGERaHYax        lever_experiments.py:2113
                             [cycled_panel]:                                   
                             final=A(correct,                                  
                             escalated=False,                                  
                             {'seat_answers':                                  
                             [{'seat_index': 0,                                
                             'letter': 'A',                                    
                             'confidence': 0.95,                               
                             'procedure_or_lens':                              
                             'Answer by reasoning                              
                             from first principles,                            
                             step by step.',                                   
                             'temperature': 0.3,                               
                             'permutation': None},                             
                             {'seat_index': 1,                                 
                             'letter': 'A',                                    
                             'confidence': 0.95,                               
                             'procedure_or_lens':                              
                             "Answer by first                                  
                             eliminating choices                               
                             you're confident are                              
                             wrong, then picking                               
                             among what remains.",                             
                             'temperature': 0.6,                               
                             'permutation': None},                             
                             {'seat_index': 2,                                 
                             'letter': 'A',                                    
                             'confidence': 0.95,                               
                             'procedure_or_lens':                              
                             'Answer by recalling the                          
                             single most relevant                              
                             fact, law, or formula,                            
                             then checking each                                
                             choice against it.',                              
                             'temperature': 0.9,                               
                             'permutation': None},                             
                             {'seat_index': 3,                                 
                             'letter': 'A',                                    
                             'confidence': 0.95,                               
                             'procedure_or_lens':                              
                             'Answer by reasoning                              
                             from first principles,                            
                             step by step.',                                   
                             'temperature': 0.3,                               
                             'permutation': None},                             
                             {'seat_index': 4,                                 
                             'letter': 'A',                                    
                             'confidence': 1.0,                                
                             'procedure_or_lens':                              
                             "Answer by first                                  
                             eliminating choices                               
                             you're confident are                              
                             wrong, then picking                               
                             among what remains.",                             
                             'temperature': 0.6,                               
                             'permutation': None}],                            
                             'unanimous': True,                                
                             'n_solvers': 5,                                   
                             'solver_tier':                                    
                             'flagship',                                       
                             'no_tribunal': True})                             
                             cost=$0.00000                                     
[08/03/26 02:27:36] INFO     recWXwn9v4IG9ZrM6        lever_experiments.py:2113
                             [cycled_panel]:                                   
                             final=A(correct,                                  
                             escalated=False,                                  
                             {'seat_answers':                                  
                             [{'seat_index': 0,                                
                             'letter': 'A',                                    
                             'confidence': 1.0,                                
                             'procedure_or_lens':                              
                             'Answer by reasoning                              
                             from first principles,                            
                             step by step.',                                   
                             'temperature': 0.3,                               
                             'permutation': None},                             
                             {'seat_index': 1,                                 
                             'letter': 'A',                                    
                             'confidence': 1.0,                                
                             'procedure_or_lens':                              
                             "Answer by first                                  
                             eliminating choices                               
                             you're confident are                              
                             wrong, then picking                               
                             among what remains.",                             
                             'temperature': 0.6,                               
                             'permutation': None},                             
                             {'seat_index': 2,                                 
                             'letter': 'A',                                    
                             'confidence': 1.0,                                
                             'procedure_or_lens':                              
                             'Answer by recalling the                          
                             single most relevant                              
                             fact, law, or formula,                            
                             then checking each                                
                             choice against it.',                              
                             'temperature': 0.9,                               
                             'permutation': None},                             
                             {'seat_index': 3,                                 
                             'letter': 'A',                                    
                             'confidence': 1.0,                                
                             'procedure_or_lens':                              
                             'Answer by reasoning                              
                             from first principles,                            
                             step by step.',                                   
                             'temperature': 0.3,                               
                             'permutation': None},                             
                             {'seat_index': 4,                                 
                             'letter': 'A',                                    
                             'confidence': 1.0,                                
                             'procedure_or_lens':                              
                             "Answer by first                                  
                             eliminating choices                               
                             you're confident are                              
                             wrong, then picking                               
                             among what remains.",                             
                             'temperature': 0.6,                               
                             'permutation': None}],                            
                             'unanimous': True,                                
                             'n_solvers': 5,                                   
                             'solver_tier':                                    
                             'flagship',                                       
                             'no_tribunal': True})                             
                             cost=$0.00000                                     
[08/03/26 02:27:48] INFO     recYCMJWH7IpcdqwE        lever_experiments.py:2113
                             [cycled_panel]:                                   
                             final=C(correct,                                  
                             escalated=False,                                  
                             {'seat_answers':                                  
                             [{'seat_index': 0,                                
                             'letter': 'C',                                    
                             'confidence': 1.0,                                
                             'procedure_or_lens':                              
                             'Answer by reasoning                              
                             from first principles,                            
                             step by step.',                                   
                             'temperature': 0.3,                               
                             'permutation': None},                             
                             {'seat_index': 1,                                 
                             'letter': 'C',                                    
                             'confidence': 0.6,                                
                             'procedure_or_lens':                              
                             "Answer by first                                  
                             eliminating choices                               
                             you're confident are                              
                             wrong, then picking                               
                             among what remains.",                             
                             'temperature': 0.6,                               
                             'permutation': None},                             
                             {'seat_index': 2,                                 
                             'letter': 'C',                                    
                             'confidence': 0.95,                               
                             'procedure_or_lens':                              
                             'Answer by recalling the                          
                             single most relevant                              
                             fact, law, or formula,                            
                             then checking each                                
                             choice against it.',                              
                             'temperature': 0.9,                               
                             'permutation': None},                             
                             {'seat_index': 3,                                 
                             'letter': 'C',                                    
                             'confidence': 0.9,                                
                             'procedure_or_lens':                              
                             'Answer by reasoning                              
                             from first principles,                            
                             step by step.',                                   
                             'temperature': 0.3,                               
                             'permutation': None},                             
                             {'seat_index': 4,                                 
                             'letter': 'C',                                    
                             'confidence': 0.95,                               
                             'procedure_or_lens':                              
                             "Answer by first                                  
                             eliminating choices                               
                             you're confident are                              
                             wrong, then picking                               
                             among what remains.",                             
                             'temperature': 0.6,                               
                             'permutation': None}],                            
                             'unanimous': True,                                
                             'n_solvers': 5,                                   
                             'solver_tier':                                    
                             'flagship',                                       
                             'no_tribunal': True})                             
                             cost=$0.00000                                     
[08/03/26 02:28:02] INFO     recgXxEgllSGEpELP        lever_experiments.py:2113
                             [cycled_panel]:                                   
                             final=B(correct,                                  
                             escalated=False,                                  
                             {'seat_answers':                                  
                             [{'seat_index': 0,                                
                             'letter': 'B',                                    
                             'confidence': 0.95,                               
                             'procedure_or_lens':                              
                             'Answer by reasoning                              
                             from first principles,                            
                             step by step.',                                   
                             'temperature': 0.3,                               
                             'permutation': None},                             
                             {'seat_index': 1,                                 
                             'letter': 'B',                                    
                             'confidence': 1.0,                                
                             'procedure_or_lens':                              
                             "Answer by first                                  
                             eliminating choices                               
                             you're confident are                              
                             wrong, then picking                               
                             among what remains.",                             
                             'temperature': 0.6,                               
                             'permutation': None},                             
                             {'seat_index': 2,                                 
                             'letter': 'B',                                    
                             'confidence': 0.95,                               
                             'procedure_or_lens':                              
                             'Answer by recalling the                          
                             single most relevant                              
                             fact, law, or formula,                            
                             then checking each                                
                             choice against it.',                              
                             'temperature': 0.9,                               
                             'permutation': None},                             
                             {'seat_index': 3,                                 
                             'letter': 'B',                                    
                             'confidence': 1.0,                                
                             'procedure_or_lens':                              
                             'Answer by reasoning                              
                             from first principles,                            
                             step by step.',                                   
                             'temperature': 0.3,                               
                             'permutation': None},                             
                             {'seat_index': 4,                                 
                             'letter': 'B',                                    
                             'confidence': 0.95,                               
                             'procedure_or_lens':                              
                             "Answer by first                                  
                             eliminating choices                               
                             you're confident are                              
                             wrong, then picking                               
                             among what remains.",                             
                             'temperature': 0.6,                               
                             'permutation': None}],                            
                             'unanimous': True,                                
                             'n_solvers': 5,                                   
                             'solver_tier':                                    
                             'flagship',                                       
                             'no_tribunal': True})                             
                             cost=$0.00000                                     
[08/03/26 02:28:40] INFO     rec47oNPXudlTIk4y        lever_experiments.py:2113
                             [cycled_panel]:                                   
                             final=B(wrong,                                    
                             escalated=False,                                  
                             {'seat_answers':                                  
                             [{'seat_index': 0,                                
                             'letter': 'D',                                    
                             'confidence': 0.85,                               
                             'procedure_or_lens':                              
                             'Answer by reasoning                              
                             from first principles,                            
                             step by step.',                                   
                             'temperature': 0.3,                               
                             'permutation': None},                             
                             {'seat_index': 1,                                 
                             'letter': 'B',                                    
                             'confidence': 0.7,                                
                             'procedure_or_lens':                              
                             "Answer by first                                  
                             eliminating choices                               
                             you're confident are                              
                             wrong, then picking                               
                             among what remains.",                             
                             'temperature': 0.6,                               
                             'permutation': None},                             
                             {'seat_index': 2,                                 
                             'letter': 'B',                                    
                             'confidence': 0.7,                                
                             'procedure_or_lens':                              
                             'Answer by recalling the                          
                             single most relevant                              
                             fact, law, or formula,                            
                             then checking each                                
                             choice against it.',                              
                             'temperature': 0.9,                               
                             'permutation': None},                             
                             {'seat_index': 3,                                 
                             'letter': 'D',                                    
                             'confidence': 0.85,                               
                             'procedure_or_lens':                              
                             'Answer by reasoning                              
                             from first principles,                            
                             step by step.',                                   
                             'temperature': 0.3,                               
                             'permutation': None},                             
                             {'seat_index': 4,                                 
                             'letter': 'B',                                    
                             'confidence': 0.6,                                
                             'procedure_or_lens':                              
                             "Answer by first                                  
                             eliminating choices                               
                             you're confident are                              
                             wrong, then picking                               
                             among what remains.",                             
                             'temperature': 0.6,                               
                             'permutation': None}],                            
                             'unanimous': False,                               
                             'n_solvers': 5,                                   
                             'solver_tier':                                    
                             'flagship',                                       
                             'no_tribunal': True})                             
                             cost=$0.00000                                     
[08/03/26 02:29:15] INFO     recBhnXrUyTJ6WHIR        lever_experiments.py:2113
                             [cycled_panel]:                                   
                             final=B(correct,                                  
                             escalated=False,                                  
                             {'seat_answers':                                  
                             [{'seat_index': 0,                                
                             'letter': 'B',                                    
                             'confidence': 0.95,                               
                             'procedure_or_lens':                              
                             'Answer by reasoning                              
                             from first principles,                            
                             step by step.',                                   
                             'temperature': 0.3,                               
                             'permutation': None},                             
                             {'seat_index': 1,                                 
                             'letter': 'B',                                    
                             'confidence': 0.9,                                
                             'procedure_or_lens':                              
                             "Answer by first                                  
                             eliminating choices                               
                             you're confident are                              
                             wrong, then picking                               
                             among what remains.",                             
                             'temperature': 0.6,                               
                             'permutation': None},                             
                             {'seat_index': 2,                                 
                             'letter': 'B',                                    
                             'confidence': 0.7,                                
                             'procedure_or_lens':                              
                             'Answer by recalling the                          
                             single most relevant                              
                             fact, law, or formula,                            
                             then checking each                                
                             choice against it.',                              
                             'temperature': 0.9,                               
                             'permutation': None},                             
                             {'seat_index': 3,                                 
                             'letter': 'B',                                    
                             'confidence': 0.4,                                
                             'procedure_or_lens':                              
                             'Answer by reasoning                              
                             from first principles,                            
                             step by step.',                                   
                             'temperature': 0.3,                               
                             'permutation': None},                             
                             {'seat_index': 4,                                 
                             'letter': 'B',                                    
                             'confidence': 0.7,                                
                             'procedure_or_lens':                              
                             "Answer by first                                  
                             eliminating choices                               
                             you're confident are                              
                             wrong, then picking                               
                             among what remains.",                             
                             'temperature': 0.6,                               
                             'permutation': None}],                            
                             'unanimous': True,                                
                             'n_solvers': 5,                                   
                             'solver_tier':                                    
                             'flagship',                                       
                             'no_tribunal': True})                             
                             cost=$0.00000                                     
[08/03/26 02:29:32] INFO     recReg13iV2HwJTaA        lever_experiments.py:2113
                             [cycled_panel]:                                   
                             final=A(correct,                                  
                             escalated=False,                                  
                             {'seat_answers':                                  
                             [{'seat_index': 0,                                
                             'letter': 'A',                                    
                             'confidence': 1.0,                                
                             'procedure_or_lens':                              
                             'Answer by reasoning                              
                             from first principles,                            
                             step by step.',                                   
                             'temperature': 0.3,                               
                             'permutation': None},                             
                             {'seat_index': 1,                                 
                             'letter': 'A',                                    
                             'confidence': 1.0,                                
                             'procedure_or_lens':                              
                             "Answer by first                                  
                             eliminating choices                               
                             you're confident are                              
                             wrong, then picking                               
                             among what remains.",                             
                             'temperature': 0.6,                               
                             'permutation': None},                             
                             {'seat_index': 2,                                 
                             'letter': 'A',                                    
                             'confidence': 1.0,                                
                             'procedure_or_lens':                              
                             'Answer by recalling the                          
                             single most relevant                              
                             fact, law, or formula,                            
                             then checking each                                
                             choice against it.',                              
                             'temperature': 0.9,                               
                             'permutation': None},                             
                             {'seat_index': 3,                                 
                             'letter': 'A',                                    
                             'confidence': 1.0,                                
                             'procedure_or_lens':                              
                             'Answer by reasoning                              
                             from first principles,                            
                             step by step.',                                   
                             'temperature': 0.3,                               
                             'permutation': None},                             
                             {'seat_index': 4,                                 
                             'letter': 'A',                                    
                             'confidence': 1.0,                                
                             'procedure_or_lens':                              
                             "Answer by first                                  
                             eliminating choices                               
                             you're confident are                              
                             wrong, then picking                               
                             among what remains.",                             
                             'temperature': 0.6,                               
                             'permutation': None}],                            
                             'unanimous': True,                                
                             'n_solvers': 5,                                   
                             'solver_tier':                                    
                             'flagship',                                       
                             'no_tribunal': True})                             
                             cost=$0.00000                                     
[08/03/26 02:29:35] INFO     recXsYa3i2UhGF5fe        lever_experiments.py:2113
                             [cycled_panel]:                                   
                             final=D(correct,                                  
                             escalated=False,                                  
                             {'seat_answers':                                  
                             [{'seat_index': 0,                                
                             'letter': 'D',                                    
                             'confidence': 1.0,                                
                             'procedure_or_lens':                              
                             'Answer by reasoning                              
                             from first principles,                            
                             step by step.',                                   
                             'temperature': 0.3,                               
                             'permutation': None},                             
                             {'seat_index': 1,                                 
                             'letter': 'D',                                    
                             'confidence': 0.95,                               
                             'procedure_or_lens':                              
                             "Answer by first                                  
                             eliminating choices                               
                             you're confident are                              
                             wrong, then picking                               
                             among what remains.",                             
                             'temperature': 0.6,                               
                             'permutation': None},                             
                             {'seat_index': 2,                                 
                             'letter': 'D',                                    
                             'confidence': 0.85,                               
                             'procedure_or_lens':                              
                             'Answer by recalling the                          
                             single most relevant                              
                             fact, law, or formula,                            
                             then checking each                                
                             choice against it.',                              
                             'temperature': 0.9,                               
                             'permutation': None},                             
                             {'seat_index': 3,                                 
                             'letter': 'D',                                    
                             'confidence': 0.95,                               
                             'procedure_or_lens':                              
                             'Answer by reasoning                              
                             from first principles,                            
                             step by step.',                                   
                             'temperature': 0.3,                               
                             'permutation': None},                             
                             {'seat_index': 4,                                 
                             'letter': 'D',                                    
                             'confidence': 1.0,                                
                             'procedure_or_lens':                              
                             "Answer by first                                  
                             eliminating choices                               
                             you're confident are                              
                             wrong, then picking                               
                             among what remains.",                             
                             'temperature': 0.6,                               
                             'permutation': None}],                            
                             'unanimous': True,                                
                             'n_solvers': 5,                                   
                             'solver_tier':                                    
                             'flagship',                                       
                             'no_tribunal': True})                             
                             cost=$0.00000                                     
[08/03/26 02:29:54] INFO     recmwwQJnx7ll7bqL        lever_experiments.py:2113
                             [cycled_panel]:                                   
                             final=A(correct,                                  
                             escalated=False,                                  
                             {'seat_answers':                                  
                             [{'seat_index': 0,                                
                             'letter': 'A',                                    
                             'confidence': 1.0,                                
                             'procedure_or_lens':                              
                             'Answer by reasoning                              
                             from first principles,                            
                             step by step.',                                   
                             'temperature': 0.3,                               
                             'permutation': None},                             
                             {'seat_index': 1,                                 
                             'letter': 'A',                                    
                             'confidence': 1.0,                                
                             'procedure_or_lens':                              
                             "Answer by first                                  
                             eliminating choices                               
                             you're confident are                              
                             wrong, then picking                               
                             among what remains.",                             
                             'temperature': 0.6,                               
                             'permutation': None},                             
                             {'seat_index': 2,                                 
                             'letter': 'A',                                    
                             'confidence': 1.0,                                
                             'procedure_or_lens':                              
                             'Answer by recalling the                          
                             single most relevant                              
                             fact, law, or formula,                            
                             then checking each                                
                             choice against it.',                              
                             'temperature': 0.9,                               
                             'permutation': None},                             
                             {'seat_index': 3,                                 
                             'letter': 'A',                                    
                             'confidence': 1.0,                                
                             'procedure_or_lens':                              
                             'Answer by reasoning                              
                             from first principles,                            
                             step by step.',                                   
                             'temperature': 0.3,                               
                             'permutation': None},                             
                             {'seat_index': 4,                                 
                             'letter': 'A',                                    
                             'confidence': 1.0,                                
                             'procedure_or_lens':                              
                             "Answer by first                                  
                             eliminating choices                               
                             you're confident are                              
                             wrong, then picking                               
                             among what remains.",                             
                             'temperature': 0.6,                               
                             'permutation': None}],                            
                             'unanimous': True,                                
                             'n_solvers': 5,                                   
                             'solver_tier':                                    
                             'flagship',                                       
                             'no_tribunal': True})                             
                             cost=$0.00000                                     
[08/03/26 02:31:51] INFO     recQiWOxhkXRz9NVE        lever_experiments.py:2113
                             [cycled_panel]:                                   
                             final=A(correct,                                  
                             escalated=False,                                  
                             {'seat_answers':                                  
                             [{'seat_index': 0,                                
                             'letter': 'A',                                    
                             'confidence': 0.8,                                
                             'procedure_or_lens':                              
                             'Answer by reasoning                              
                             from first principles,                            
                             step by step.',                                   
                             'temperature': 0.3,                               
                             'permutation': None},                             
                             {'seat_index': 1,                                 
                             'letter': 'A',                                    
                             'confidence': 0.95,                               
                             'procedure_or_lens':                              
                             "Answer by first                                  
                             eliminating choices                               
                             you're confident are                              
                             wrong, then picking                               
                             among what remains.",                             
                             'temperature': 0.6,                               
                             'permutation': None},                             
                             {'seat_index': 2,                                 
                             'letter': 'A',                                    
                             'confidence': 0.9,                                
                             'procedure_or_lens':                              
                             'Answer by recalling the                          
                             single most relevant                              
                             fact, law, or formula,                            
                             then checking each                                
                             choice against it.',                              
                             'temperature': 0.9,                               
                             'permutation': None},                             
                             {'seat_index': 3,                                 
                             'letter': 'B',                                    
                             'confidence': 0.95,                               
                             'procedure_or_lens':                              
                             'Answer by reasoning                              
                             from first principles,                            
                             step by step.',                                   
                             'temperature': 0.3,                               
                             'permutation': None},                             
                             {'seat_index': 4,                                 
                             'letter': 'A',                                    
                             'confidence': 0.4,                                
                             'procedure_or_lens':                              
                             "Answer by first                                  
                             eliminating choices                               
                             you're confident are                              
                             wrong, then picking                               
                             among what remains.",                             
                             'temperature': 0.6,                               
                             'permutation': None}],                            
                             'unanimous': False,                               
                             'n_solvers': 5,                                   
                             'solver_tier':                                    
                             'flagship',                                       
                             'no_tribunal': True})                             
                             cost=$0.00000                                     
                    WARNING  4/90 questions dropped   lever_experiments.py:2291
                             due to unrecoverable                              
                             errors                                            
                    INFO     Wrote 86 results to      lever_experiments.py:2297
                             benchmark\results\TB1_fl                          
                             agship_sc5_gpqa_seed1001                          
                             .jsonl                                            
