=== STEP 1: KI-0R CAS-gate replay (re-run after the sympy_check fix) ===
Sat Aug  1 18:33:07 MPST 2026
[08/01/26 18:33:11] INFO     gpqa: 34      replay_cas_gate_on_wrong_pool.py:265
                             unanimous-wro                                     
                             ng, 85                                            
                             unanimous-rig                                     
                             ht available,                                     
                             sampling 34                                       
                    INFO     supergpqa:    replay_cas_gate_on_wrong_pool.py:265
                             151                                               
                             unanimous-wro                                     
                             ng, 254                                           
                             unanimous-rig                                     
                             ht available,                                     
                             sampling 151                                      
                    INFO     replaying     replay_cas_gate_on_wrong_pool.py:275
                             gpqa/wrong:                                       
                             34 items                                          
[08/01/26 18:33:22] INFO     replaying     replay_cas_gate_on_wrong_pool.py:275
                             gpqa/right:                                       
                             34 items                                          
[08/01/26 18:33:37] INFO     replaying     replay_cas_gate_on_wrong_pool.py:275
                             supergpqa/wro                                     
                             ng: 151 items                                     
[08/01/26 18:34:26] INFO     replaying     replay_cas_gate_on_wrong_pool.py:275
                             supergpqa/rig                                     
                             ht: 151 items                                     
[08/01/26 18:35:20] INFO     Wrote         replay_cas_gate_on_wrong_pool.py:293
                             benchmark\res                                     
                             ults\KI0R_cas                                     
                             _gate_replay.                                     
                             md and                                            
                             benchmark\res                                     
                             ults\KI0R_cas                                     
                             _gate_replay.                                     
                             json                                              
# KI-0R -- CAS-gate replay on the known-wrong and matched known-right pools

**docs/spec-sci1-and-knowledge-injection.md section 3.1.** Measures `p_check x y_detect` -- the fraction of items on which `cas_gate_check` emits a parseable relation AND local `sympy_check` returns `fail`, i.e. the fraction where `verified_gate_cas` would actually escalate.

**Pre-registered gate: product >= 0.311 on SuperGPQA-hard.** Below that, KI-1 Arm A (`verified_gate_cas`, 2.30M) and KI-2 (2.76M) are both dead -- the mechanical-verification branch of knowledge injection is closed for MC-science.

Matched unanimous-right sample seed: `analysis:8419`. Item selection reads this repo's own logged `correct` field; **no answer key was retrieved**.

## gpqa

| pool | n | checkable | parseable | unparseable | gate fires | p_check | y_detect | product |
|---|---:|---:|---:|---:|---:|---:|---:|---:|
| unanimous-**wrong** | 34 | 7 | 6 | 1 | 1 | 17.6% | 16.7% | 2.9% |
| unanimous-**right** | 34 | 11 | 10 | 1 | 5 | 29.4% | 50.0% | 14.7% |

**gpqa sensitivity product = 2.9%** (Wilson 95% CI [0.5%, 14.9%], 1/34).

- Against the 0.311 gate: **FAILS**.
- The entire 95% CI lies below the gate, so this is not a power problem.
- False-positive rate on unanimous-**right**: **14.7%** (5/34) -- these are items the gate would escalate that were already correct.

## supergpqa

| pool | n | checkable | parseable | unparseable | gate fires | p_check | y_detect | product |
|---|---:|---:|---:|---:|---:|---:|---:|---:|
| unanimous-**wrong** | 151 | 63 | 55 | 8 | 24 | 36.4% | 43.6% | 15.9% |
| unanimous-**right** | 151 | 69 | 56 | 13 | 24 | 37.1% | 42.9% | 15.9% |

**supergpqa sensitivity product = 15.9%** (Wilson 95% CI [10.9%, 22.6%], 24/151).

- Against the 0.311 gate: **FAILS**.
- The entire 95% CI lies below the gate, so this is not a power problem.
- False-positive rate on unanimous-**right**: **15.9%** (24/151) -- these are items the gate would escalate that were already correct.

## Cost

**391,741 tokens** (one `qwen3.6-flash` extraction call per item; `sympy_check` is offline and free).

Reproduce: `python -m benchmark.replay_cas_gate_on_wrong_pool --datasets gpqa,supergpqa --match-right-sample-seed 8419`
=== STEP 2: universal_gate GPQA seed 2311 ===
Sat Aug  1 18:35:20 MPST 2026
[08/01/26 18:35:24] INFO     HTTP Request: HEAD                 _client.py:1025
                             https://huggingface.co/datasets/Id                
                             avidrein/gpqa/resolve/main/README.                
                             md "HTTP/1.1 200 OK"                              
                    INFO     HTTP Request: HEAD                 _client.py:1025
                             https://huggingface.co/datasets/Id                
                             avidrein/gpqa/resolve/633f5ee89ab8                
                             ad4522a9f850766b73f62147ffdd/gpqa.                
                             py "HTTP/1.1 404 Not Found"                       
[08/01/26 18:35:25] INFO     HTTP Request: HEAD                 _client.py:1025
                             https://s3.amazonaws.com/datasets.                
                             huggingface.co/datasets/datasets/I                
                             davidrein/gpqa/Idavidrein/gpqa.py                 
                             "HTTP/1.1 404 Not Found"                          
                    INFO     HTTP Request: GET                  _client.py:1025
                             https://huggingface.co/api/dataset                
                             s/Idavidrein/gpqa/revision/633f5ee                
                             89ab8ad4522a9f850766b73f62147ffdd                 
                             "HTTP/1.1 200 OK"                                 
                    INFO     HTTP Request: HEAD                 _client.py:1025
                             https://huggingface.co/datasets/Id                
                             avidrein/gpqa/resolve/633f5ee89ab8                
                             ad4522a9f850766b73f62147ffdd/.hugg                
                             ingface.yaml "HTTP/1.1 404 Not                    
                             Found"                                            
                    INFO     HTTP Request: GET                  _client.py:1025
                             https://datasets-server.huggingfac                
                             e.co/info?dataset=Idavidrein/gpqa                 
                             "HTTP/1.1 200 OK"                                 
[08/01/26 18:35:26] INFO     HTTP Request: GET                  _client.py:1025
                             https://huggingface.co/api/dataset                
                             s/Idavidrein/gpqa/tree/633f5ee89ab                
                             8ad4522a9f850766b73f62147ffdd?recu                
                             rsive=false&expand=false "HTTP/1.1                
                             200 OK"                                           
                    INFO     HTTP Request: HEAD                 _client.py:1025
                             https://huggingface.co/datasets/Id                
                             avidrein/gpqa/resolve/633f5ee89ab8                
                             ad4522a9f850766b73f62147ffdd/datas                
                             et_infos.json "HTTP/1.1 404 Not                   
                             Found"                                            
                    INFO     Loaded 90 gpqa questions lever_experiments.py:2228
                             (seed=2311) for                                   
                             lever=universal_gate                              
[08/01/26 18:35:39] INFO     Processing request of type           server.py:733
                             CallToolRequest                                   
                    INFO     Processing request of type           server.py:733
                             ListToolsRequest                                  
                    INFO     Processing request of type           server.py:733
                             CallToolRequest                                   
[08/01/26 18:35:49] INFO     Processing request of type           server.py:733
                             CallToolRequest                                   
                    INFO     Processing request of type           server.py:733
                             CallToolRequest                                   
[08/01/26 18:36:01] INFO     rec260hNUCEj109Dj        lever_experiments.py:2113
                             [universal_gate]:                                 
                             final=A(correct,                                  
                             escalated=True,                                   
                             universal-unconditional)                          
                             cost=$0.00000                                     
[08/01/26 18:36:23] INFO     Processing request of type           server.py:733
                             CallToolRequest                                   
                    INFO     Processing request of type           server.py:733
                             CallToolRequest                                   
[08/01/26 18:36:40] INFO     recZbxrocrxh9YENH        lever_experiments.py:2113
                             [universal_gate]:                                 
                             final=D(correct,                                  
                             escalated=True,                                   
                             universal-unconditional)                          
                             cost=$0.00000                                     
[08/01/26 18:37:13] INFO     recNAiPUKOulQbKVP        lever_experiments.py:2113
                             [universal_gate]:                                 
                             final=B(correct,                                  
                             escalated=True,                                   
                             universal-unconditional)                          
                             cost=$0.00000                                     
[08/01/26 18:37:18] INFO     receYQxnUBvxPcvbQ        lever_experiments.py:2113
                             [universal_gate]:                                 
                             final=A(correct,                                  
                             escalated=True,                                   
                             universal-unconditional)                          
                             cost=$0.00000                                     
[08/01/26 18:37:26] INFO     Processing request of type           server.py:733
                             CallToolRequest                                   
                    INFO     Processing request of type           server.py:733
                             CallToolRequest                                   
[08/01/26 18:37:42] INFO     Processing request of type           server.py:733
                             CallToolRequest                                   
                    INFO     Processing request of type           server.py:733
                             CallToolRequest                                   
[08/01/26 18:37:52] INFO     rechgQucGlrnt8KRV        lever_experiments.py:2113
                             [universal_gate]:                                 
                             final=B(correct,                                  
                             escalated=True)                                   
                             cost=$0.00000                                     
[08/01/26 18:38:08] INFO     Processing request of type           server.py:733
                             CallToolRequest                                   
                    INFO     Processing request of type           server.py:733
                             CallToolRequest                                   
[08/01/26 18:38:22] INFO     rect4iLrSfUwkNTno        lever_experiments.py:2113
                             [universal_gate]:                                 
                             final=B(correct,                                  
                             escalated=True,                                   
                             universal-unconditional)                          
                             cost=$0.00000                                     
[08/01/26 18:38:48] INFO     recwlwlcPvXVNPmvl        lever_experiments.py:2113
                             [universal_gate]:                                 
                             final=B(correct,                                  
                             escalated=True,                                   
                             universal-unconditional)                          
                             cost=$0.00000                                     
[08/01/26 18:38:56] INFO     rec4JrWy7Il8ho5vk        lever_experiments.py:2113
                             [universal_gate]:                                 
                             final=C(correct,                                  
                             escalated=True,                                   
                             universal-unconditional)                          
                             cost=$0.00000                                     
[08/01/26 18:39:00] INFO     recyl3usDqb7ruXJx        lever_experiments.py:2113
                             [universal_gate]:                                 
                             final=D(correct,                                  
                             escalated=True)                                   
                             cost=$0.00000                                     
[08/01/26 18:39:07] INFO     Processing request of type           server.py:733
                             CallToolRequest                                   
                    INFO     Processing request of type           server.py:733
                             CallToolRequest                                   
[08/01/26 18:39:12] INFO     Processing request of type           server.py:733
                             CallToolRequest                                   
                    INFO     Processing request of type           server.py:733
                             CallToolRequest                                   
[08/01/26 18:39:24] INFO     rec06pnAkLOr2t2mp        lever_experiments.py:2113
                             [universal_gate]:                                 
                             final=A(correct,                                  
                             escalated=True,                                   
                             universal-unconditional)                          
                             cost=$0.00000                                     
[08/01/26 18:39:31] INFO     recRZjaElf8ft7xTq        lever_experiments.py:2113
                             [universal_gate]:                                 
                             final=A(correct,                                  
                             escalated=True)                                   
                             cost=$0.00000                                     
[08/01/26 18:39:41] INFO     recJJcOHhFeSaRpl4        lever_experiments.py:2113
                             [universal_gate]:                                 
                             final=C(correct,                                  
                             escalated=True,                                   
                             universal-unconditional)                          
                             cost=$0.00000                                     
[08/01/26 18:39:49] INFO     Processing request of type           server.py:733
                             CallToolRequest                                   
                    INFO     Processing request of type           server.py:733
                             CallToolRequest                                   
[08/01/26 18:40:09] INFO     recrNbtgTNoabJJi6        lever_experiments.py:2113
                             [universal_gate]:                                 
                             final=C(correct,                                  
                             escalated=True)                                   
                             cost=$0.00000                                     
[08/01/26 18:40:30] INFO     Processing request of type           server.py:733
                             CallToolRequest                                   
[08/01/26 18:40:46] INFO     recz3MfYHPRhsEQkW        lever_experiments.py:2113
                             [universal_gate]:                                 
                             final=C(correct,                                  
                             escalated=True,                                   
                             universal-unconditional)                          
                             cost=$0.00000                                     
[08/01/26 18:40:59] INFO     rec0VuKUjt1SZ7NYv        lever_experiments.py:2113
                             [universal_gate]:                                 
                             final=D(correct,                                  
                             escalated=True,                                   
                             universal-unconditional)                          
                             cost=$0.00000                                     
[08/01/26 18:41:05] INFO     Processing request of type           server.py:733
                             CallToolRequest                                   
                    INFO     Processing request of type           server.py:733
                             CallToolRequest                                   
[08/01/26 18:41:21] INFO     rec1oj2DveQWl9Rpw        lever_experiments.py:2113
                             [universal_gate]:                                 
                             final=A(correct,                                  
                             escalated=True,                                   
                             universal-unconditional)                          
                             cost=$0.00000                                     
[08/01/26 18:41:40] INFO     Processing request of type           server.py:733
                             CallToolRequest                                   
                    INFO     Processing request of type           server.py:733
                             CallToolRequest                                   
[08/01/26 18:42:16] INFO     rec4L69T0Y1AS4AFS        lever_experiments.py:2113
                             [universal_gate]:                                 
                             final=D(correct,                                  
                             escalated=True,                                   
                             universal-unconditional)                          
                             cost=$0.00000                                     
[08/01/26 18:42:30] INFO     recb2M22zaD3tL6Qc        lever_experiments.py:2113
                             [universal_gate]:                                 
                             final=C(correct,                                  
                             escalated=True,                                   
                             universal-unconditional)                          
                             cost=$0.00000                                     
[08/01/26 18:42:32] INFO     Processing request of type           server.py:733
                             CallToolRequest                                   
                    INFO     Processing request of type           server.py:733
                             CallToolRequest                                   
[08/01/26 18:42:59] INFO     reczzzihL7btBH7RO        lever_experiments.py:2113
                             [universal_gate]:                                 
                             final=D(wrong,                                    
                             escalated=True)                                   
                             cost=$0.00000                                     
[08/01/26 18:43:06] INFO     Processing request of type           server.py:733
                             CallToolRequest                                   
                    INFO     Processing request of type           server.py:733
                             CallToolRequest                                   
[08/01/26 18:43:24] INFO     Processing request of type           server.py:733
                             CallToolRequest                                   
                    INFO     Processing request of type           server.py:733
                             CallToolRequest                                   
[08/01/26 18:43:53] INFO     recLrRirj7iXoB0rU        lever_experiments.py:2113
                             [universal_gate]:                                 
                             final=C(correct,                                  
                             escalated=True,                                   
                             universal-unconditional)                          
                             cost=$0.00000                                     
[08/01/26 18:44:27] INFO     recgC4GJ8wUemlUQD        lever_experiments.py:2113
                             [universal_gate]:                                 
                             final=B(correct,                                  
                             escalated=True,                                   
                             universal-unconditional)                          
                             cost=$0.00000                                     
[08/01/26 18:44:33] INFO     recVvpD8miVjmmyfe        lever_experiments.py:2113
                             [universal_gate]:                                 
                             final=D(correct,                                  
                             escalated=True,                                   
                             universal-unconditional)                          
                             cost=$0.00000                                     
[08/01/26 18:44:36] INFO     recZSGUkn56v9kEp1        lever_experiments.py:2113
                             [universal_gate]:                                 
                             final=A(correct,                                  
                             escalated=True)                                   
                             cost=$0.00000                                     
[08/01/26 18:44:46] INFO     Processing request of type           server.py:733
                             CallToolRequest                                   
                    INFO     Processing request of type           server.py:733
                             CallToolRequest                                   
[08/01/26 18:44:49] INFO     Processing request of type           server.py:733
                             CallToolRequest                                   
                    INFO     Processing request of type           server.py:733
                             CallToolRequest                                   
[08/01/26 18:44:53] INFO     Processing request of type           server.py:733
                             CallToolRequest                                   
                    INFO     Processing request of type           server.py:733
                             CallToolRequest                                   
[08/01/26 18:45:10] INFO     recuYEkVjdVUwA3c0        lever_experiments.py:2113
                             [universal_gate]:                                 
                             final=D(correct,                                  
                             escalated=True)                                   
                             cost=$0.00000                                     
[08/01/26 18:45:14] INFO     recpki12iG9RUGrz9        lever_experiments.py:2113
                             [universal_gate]:                                 
                             final=D(correct,                                  
                             escalated=True)                                   
                             cost=$0.00000                                     
[08/01/26 18:45:21] INFO     Processing request of type           server.py:733
                             CallToolRequest                                   
                    INFO     Processing request of type           server.py:733
                             CallToolRequest                                   
[08/01/26 18:45:22] INFO     recwW1A85nfyQpReG        lever_experiments.py:2113
                             [universal_gate]:                                 
                             final=D(correct,                                  
                             escalated=True)                                   
                             cost=$0.00000                                     
[08/01/26 18:45:34] INFO     recypVp2NmPlBKVTp        lever_experiments.py:2113
                             [universal_gate]:                                 
                             final=D(correct,                                  
                             escalated=True,                                   
                             universal-unconditional)                          
                             cost=$0.00000                                     
[08/01/26 18:45:46] INFO     Processing request of type           server.py:733
                             CallToolRequest                                   
                    INFO     Processing request of type           server.py:733
                             CallToolRequest                                   
[08/01/26 18:45:49] INFO     Processing request of type           server.py:733
                             CallToolRequest                                   
[08/01/26 18:46:00] INFO     recDytVnNYZe2HuUU        lever_experiments.py:2113
                             [universal_gate]:                                 
                             final=D(correct,                                  
                             escalated=True)                                   
                             cost=$0.00000                                     
[08/01/26 18:46:10] INFO     recLSzwBUS3olCjhl        lever_experiments.py:2113
                             [universal_gate]:                                 
                             final=D(correct,                                  
                             escalated=True,                                   
                             universal-unconditional)                          
                             cost=$0.00000                                     
[08/01/26 18:46:29] INFO     recb4cGsC6BJUCU3V        lever_experiments.py:2113
                             [universal_gate]:                                 
                             final=C(correct,                                  
                             escalated=True)                                   
                             cost=$0.00000                                     
[08/01/26 18:46:46] INFO     Processing request of type           server.py:733
                             CallToolRequest                                   
[08/01/26 18:47:04] INFO     recnawZPumSCLMVgp        lever_experiments.py:2113
                             [universal_gate]:                                 
                             final=D(correct,                                  
                             escalated=True)                                   
                             cost=$0.00000                                     
[08/01/26 18:47:09] INFO     rec0wZvZgiz320KRs        lever_experiments.py:2113
                             [universal_gate]:                                 
                             final=D(correct,                                  
                             escalated=True)                                   
                             cost=$0.00000                                     
[08/01/26 18:47:56] INFO     reck4G4xxv3YnpbtQ        lever_experiments.py:2113
                             [universal_gate]:                                 
                             final=B(wrong,                                    
                             escalated=True,                                   
                             universal-unconditional)                          
                             cost=$0.00000                                     
[08/01/26 18:48:11] INFO     reck1zKeCssmN82Ga        lever_experiments.py:2113
                             [universal_gate]:                                 
                             final=C(correct,                                  
                             escalated=True,                                   
                             universal-unconditional)                          
                             cost=$0.00000                                     
[08/01/26 18:48:15] INFO     Processing request of type           server.py:733
                             CallToolRequest                                   
                    INFO     Processing request of type           server.py:733
                             CallToolRequest                                   
[08/01/26 18:48:32] INFO     Processing request of type           server.py:733
                             CallToolRequest                                   
                    INFO     Processing request of type           server.py:733
                             CallToolRequest                                   
[08/01/26 18:49:10] INFO     rechtUKxC6G67H7Pr        lever_experiments.py:2113
                             [universal_gate]:                                 
                             final=B(correct,                                  
                             escalated=True,                                   
                             universal-unconditional)                          
                             cost=$0.00000                                     
[08/01/26 18:49:16] INFO     reczUoM8JsxU6pYxr        lever_experiments.py:2113
                             [universal_gate]:                                 
                             final=A(correct,                                  
                             escalated=True)                                   
                             cost=$0.00000                                     
[08/01/26 18:49:41] INFO     recZt4x514UQNnsgy        lever_experiments.py:2113
                             [universal_gate]:                                 
                             final=A(correct,                                  
                             escalated=True)                                   
                             cost=$0.00000                                     
[08/01/26 18:49:45] INFO     Processing request of type           server.py:733
                             CallToolRequest                                   
                    INFO     Processing request of type           server.py:733
                             CallToolRequest                                   
[08/01/26 18:50:02] INFO     recw4rROcnHKNZhtK        lever_experiments.py:2113
                             [universal_gate]:                                 
                             final=C(correct,                                  
                             escalated=True,                                   
                             universal-unconditional)                          
                             cost=$0.00000                                     
[08/01/26 18:50:27] INFO     rec2ZTsqazBZ3LTWZ        lever_experiments.py:2113
                             [universal_gate]:                                 
                             final=D(correct,                                  
                             escalated=True,                                   
                             universal-unconditional)                          
                             cost=$0.00000                                     
[08/01/26 18:50:29] INFO     recvlnu8BuLmXZhSX        lever_experiments.py:2113
                             [universal_gate]:                                 
                             final=C(correct,                                  
                             escalated=True,                                   
                             universal-unconditional)                          
                             cost=$0.00000                                     
[08/01/26 18:50:34] INFO     Processing request of type           server.py:733
                             CallToolRequest                                   
                    INFO     Processing request of type           server.py:733
                             CallToolRequest                                   
[08/01/26 18:50:39] INFO     Processing request of type           server.py:733
                             CallToolRequest                                   
                    INFO     Processing request of type           server.py:733
                             CallToolRequest                                   
[08/01/26 18:50:52] INFO     Processing request of type           server.py:733
                             CallToolRequest                                   
                    INFO     Processing request of type           server.py:733
                             CallToolRequest                                   
[08/01/26 18:51:06] INFO     recatj4YXzbOaq3Ar        lever_experiments.py:2113
                             [universal_gate]:                                 
                             final=D(correct,                                  
                             escalated=True,                                   
                             universal-unconditional)                          
                             cost=$0.00000                                     
[08/01/26 18:51:58] INFO     recBXlqrZUCR897It        lever_experiments.py:2113
                             [universal_gate]:                                 
                             final=C(correct,                                  
                             escalated=True,                                   
                             universal-unconditional)                          
                             cost=$0.00000                                     
[08/01/26 18:52:01] INFO     recQiWOxhkXRz9NVE        lever_experiments.py:2113
                             [universal_gate]:                                 
                             final=D(correct,                                  
                             escalated=True)                                   
                             cost=$0.00000                                     
[08/01/26 18:52:24] INFO     recXsuOHRBLcyenF2        lever_experiments.py:2113
                             [universal_gate]:                                 
                             final=A(correct,                                  
                             escalated=True,                                   
                             universal-unconditional)                          
                             cost=$0.00000                                     
[08/01/26 18:52:39] INFO     Processing request of type           server.py:733
                             CallToolRequest                                   
                    INFO     Processing request of type           server.py:733
                             CallToolRequest                                   
[08/01/26 18:52:40] INFO     recyrk6XBVwugG5u8        lever_experiments.py:2113
                             [universal_gate]:                                 
                             final=D(correct,                                  
                             escalated=True)                                   
                             cost=$0.00000                                     
                    INFO     rec527dNeEtWJrYNl        lever_experiments.py:2113
                             [universal_gate]:                                 
                             final=A(correct,                                  
                             escalated=True,                                   
                             universal-unconditional)                          
                             cost=$0.00000                                     
[08/01/26 18:52:58] INFO     Processing request of type           server.py:733
                             CallToolRequest                                   
                    INFO     Processing request of type           server.py:733
                             CallToolRequest                                   
[08/01/26 18:52:58] INFO     recPzW1WqRnPs57D6        lever_experiments.py:2113
                             [universal_gate]:                                 
                             final=D(correct,                                  
                             escalated=True,                                   
                             universal-unconditional)                          
                             cost=$0.00000                                     
[08/01/26 18:53:00] INFO     Processing request of type           server.py:733
                             CallToolRequest                                   
                    INFO     Processing request of type           server.py:733
                             CallToolRequest                                   
[08/01/26 18:53:17] INFO     Processing request of type           server.py:733
                             CallToolRequest                                   
                    INFO     Processing request of type           server.py:733
                             CallToolRequest                                   
[08/01/26 18:53:27] INFO     rec2UlKqC6RFHdcro        lever_experiments.py:2113
                             [universal_gate]:                                 
                             final=A(correct,                                  
                             escalated=True,                                   
                             universal-unconditional)                          
                             cost=$0.00000                                     
[08/01/26 18:53:36] INFO     reczkBiPPNrNN49Hp        lever_experiments.py:2113
                             [universal_gate]:                                 
                             final=A(correct,                                  
                             escalated=True,                                   
                             universal-unconditional)                          
                             cost=$0.00000                                     
[08/01/26 18:53:58] INFO     Processing request of type           server.py:733
                             CallToolRequest                                   
                    INFO     Processing request of type           server.py:733
                             CallToolRequest                                   
[08/01/26 18:54:00] INFO     Processing request of type           server.py:733
                             CallToolRequest                                   
                    INFO     Processing request of type           server.py:733
                             CallToolRequest                                   
[08/01/26 18:54:33] INFO     recNuT2oSnO86bxOx        lever_experiments.py:2113
                             [universal_gate]:                                 
                             final=D(correct,                                  
                             escalated=True,                                   
                             universal-unconditional)                          
                             cost=$0.00000                                     
[08/01/26 18:54:42] INFO     recAAJoHMW45Lv5je        lever_experiments.py:2113
                             [universal_gate]:                                 
                             final=D(correct,                                  
                             escalated=True,                                   
                             universal-unconditional)                          
                             cost=$0.00000                                     
[08/01/26 18:54:51] INFO     recJZ3QEfRKjYw9a7        lever_experiments.py:2113
                             [universal_gate]:                                 
                             final=D(correct,                                  
                             escalated=True)                                   
                             cost=$0.00000                                     
[08/01/26 18:54:58] INFO     Processing request of type           server.py:733
                             CallToolRequest                                   
                    INFO     Processing request of type           server.py:733
                             CallToolRequest                                   
                    INFO     Processing request of type           server.py:733
                             CallToolRequest                                   
                    INFO     Processing request of type           server.py:733
                             CallToolRequest                                   
[08/01/26 18:55:28] INFO     reckYqR92oJkqJXkE        lever_experiments.py:2113
                             [universal_gate]:                                 
                             final=C(correct,                                  
                             escalated=True)                                   
                             cost=$0.00000                                     
[08/01/26 18:55:32] INFO     recYA3LPsCvF1fTMI        lever_experiments.py:2113
                             [universal_gate]:                                 
                             final=A(wrong,                                    
                             escalated=True,                                   
                             universal-unconditional)                          
                             cost=$0.00000                                     
[08/01/26 18:55:36] INFO     Processing request of type           server.py:733
                             CallToolRequest                                   
                    INFO     Processing request of type           server.py:733
                             CallToolRequest                                   
[08/01/26 18:55:42] INFO     recooG6bivTUJpDBz        lever_experiments.py:2113
                             [universal_gate]:                                 
                             final=A(correct,                                  
                             escalated=True,                                   
                             universal-unconditional)                          
                             cost=$0.00000                                     
[08/01/26 18:56:09] INFO     recIIUynGGpsGEYuo        lever_experiments.py:2113
                             [universal_gate]:                                 
                             final=D(correct,                                  
                             escalated=True,                                   
                             universal-unconditional)                          
                             cost=$0.00000                                     
[08/01/26 18:56:15] INFO     recjgMJaMxz4ESDF2        lever_experiments.py:2113
                             [universal_gate]:                                 
                             final=B(correct,                                  
                             escalated=True,                                   
                             universal-unconditional)                          
                             cost=$0.00000                                     
[08/01/26 18:56:31] INFO     reco8WSc71p8zAv4q        lever_experiments.py:2113
                             [universal_gate]:                                 
                             final=C(wrong,                                    
                             escalated=True,                                   
                             universal-unconditional)                          
                             cost=$0.00000                                     
[08/01/26 18:56:41] INFO     Processing request of type           server.py:733
                             CallToolRequest                                   
                    INFO     Processing request of type           server.py:733
                             CallToolRequest                                   
[08/01/26 18:56:58] INFO     Processing request of type           server.py:733
                             CallToolRequest                                   
                    INFO     Processing request of type           server.py:733
                             CallToolRequest                                   
[08/01/26 18:57:20] INFO     recVE8cUNHpHZIAvL        lever_experiments.py:2113
                             [universal_gate]:                                 
                             final=C(correct,                                  
                             escalated=True,                                   
                             universal-unconditional)                          
                             cost=$0.00000                                     
[08/01/26 18:58:05] INFO     rechKl68Uc6H7vU0N        lever_experiments.py:2113
                             [universal_gate]:                                 
                             final=D(correct,                                  
                             escalated=True)                                   
                             cost=$0.00000                                     
[08/01/26 18:58:24] INFO     Processing request of type           server.py:733
                             CallToolRequest                                   
                    INFO     Processing request of type           server.py:733
                             CallToolRequest                                   
[08/01/26 18:58:49] INFO     recjJ54TXc04enRkZ        lever_experiments.py:2113
                             [universal_gate]:                                 
                             final=A(correct,                                  
                             escalated=True,                                   
                             universal-unconditional)                          
                             cost=$0.00000                                     
[08/01/26 18:58:58] INFO     recs3PLPUEMiqg4P8        lever_experiments.py:2113
                             [universal_gate]:                                 
                             final=A(correct,                                  
                             escalated=True,                                   
                             universal-unconditional)                          
                             cost=$0.00000                                     
[08/01/26 18:59:04] INFO     Processing request of type           server.py:733
                             CallToolRequest                                   
                    INFO     Processing request of type           server.py:733
                             CallToolRequest                                   
[08/01/26 18:59:25] INFO     recqGD3fxPCI59vPQ        lever_experiments.py:2113
                             [universal_gate]:                                 
                             final=A(correct,                                  
                             escalated=True)                                   
                             cost=$0.00000                                     
[08/01/26 18:59:42] INFO     recHVUd2DkoKfedJZ        lever_experiments.py:2113
                             [universal_gate]:                                 
                             final=B(correct,                                  
                             escalated=True)                                   
                             cost=$0.00000                                     
[08/01/26 18:59:43] INFO     Processing request of type           server.py:733
                             CallToolRequest                                   
                    INFO     Processing request of type           server.py:733
                             CallToolRequest                                   
[08/01/26 18:59:53] INFO     recUBgVlkKzcRPDdK        lever_experiments.py:2113
                             [universal_gate]:                                 
                             final=D(wrong,                                    
                             escalated=True)                                   
                             cost=$0.00000                                     
[08/01/26 19:00:16] ERROR    recPIzpnuYpB4yvmp:       lever_experiments.py:2111
                             DROPPED after                                     
                             unrecoverable error                               
                             +- Traceback (most rec-+                          
                             | C:\Users\Ong Jun     |                          
                             | Kai\Documents\Qwen   |                          
                             | Hackathon\benchmark\ |                          
                             | lever_experiments.py |                          
                             | :2106 in _run_one    |                          
                             |                      |                          
                             |   2103 ):            |                          
                             |   2104     try:      |                          
                             |   2105         async |                          
                             | > 2106             r |                          
                             |   2107               |                          
                             |   2108               |                          
                             |   2109             ) |                          
                             |                      |                          
                             | C:\Users\Ong Jun     |                          
                             | Kai\Documents\Qwen   |                          
                             | Hackathon\benchmark\ |                          
                             | lever_experiments.py |                          
                             | :2092 in             |                          
                             | run_question_lever   |                          
                             |                      |                          
                             |   2089         # ver |                          
                             |   2090         # non |                          
                             |   2091         # tri |                          
                             | > 2092         resul |                          
                             |   2093             c |                          
                             |   2094             r |                          
                             |   2095         )     |                          
                             |                      |                          
                             | C:\Users\Ong Jun     |                          
                             | Kai\Documents\Qwen   |                          
                             | Hackathon\benchmark\ |                          
                             | lever_experiments.py |                          
                             | :1820 in _tribunal   |                          
                             |                      |                          
                             |   1817     pure pass |                          
                             |   1818     R1-stage  |                          
                             |   1819     both None |                          
                             | > 1820     skeptic_r |                          
                             |   1821         rebut |                          
                             |   1822     )         |                          
                             |   1823     calls.app |                          
                             |                      |                          
                             | C:\Users\Ong Jun     |                          
                             | Kai\AppData\Local\Pr |                          
                             | ograms\Python\Python |                          
                             | 312\Lib\asyncio\thre |                          
                             | ads.py:25 in         |                          
                             | to_thread            |                          
                             |                      |                          
                             |   22     loop = even |                          
                             |   23     ctx = conte |                          
                             |   24     func_call = |                          
                             | > 25     return awai |                          
                             |   26                 |                          
                             |                      |                          
                             | C:\Users\Ong Jun     |                          
                             | Kai\AppData\Local\Pr |                          
                             | ograms\Python\Python |                          
                             | 312\Lib\concurrent\f |                          
                             | utures\thread.py:59  |                          
                             | in run               |                          
                             |                      |                          
                             |    56             re |                          
                             |    57                |                          
                             |    58         try:   |                          
                             | >  59             re |                          
                             |    60         except |                          
                             |    61             se |                          
                             |    62             #  |                          
                             |                      |                          
                             | C:\Users\Ong Jun     |                          
                             | Kai\Documents\Qwen   |                          
                             | Hackathon\src\quorum |                          
                             | qa\engine\skeptic.py |                          
                             | :34 in rebut         |                          
                             |                      |                          
                             |   31         '"dispu |                          
                             |   32         '"argum |                          
                             |   33     )           |                          
                             | > 34     result = cl |                          
                             |      role="skeptic", |                          
                             |   35     rebuttal =  |                          
                             |   36         target_ |                          
                             |      plurality_lette |                          
                             |   37         dispute |                          
                             |                      |                          
                             | C:\Users\Ong Jun     |                          
                             | Kai\Documents\Qwen   |                          
                             | Hackathon\src\quorum |                          
                             | qa\qwen_client.py:22 |                          
                             | 5 in chat_json       |                          
                             |                      |                          
                             |   222                |                          
                             |   223                |                          
                             |   224                |                          
                             |       may have been  |                          
                             |       string value u |                          
                             | > 225         raise  |                          
                             |       + 1} attempts: |                          
                             |   226                |                          
                             +----------------------+                          
                             ValueError: Model                                 
                             qwen3.6-flash failed to                           
                             return parseable JSON                             
                             after 3 attempts:                                 
                             Expecting value: line 1                           
                             column 2 (char 1)                                 
[08/01/26 19:00:28] INFO     recINGR1z01Fh1Z3A        lever_experiments.py:2113
                             [universal_gate]:                                 
                             final=D(correct,                                  
                             escalated=True,                                   
                             universal-unconditional)                          
                             cost=$0.00000                                     
[08/01/26 19:00:39] INFO     Processing request of type           server.py:733
                             CallToolRequest                                   
                    INFO     Processing request of type           server.py:733
                             CallToolRequest                                   
[08/01/26 19:00:58] INFO     rec47oNPXudlTIk4y        lever_experiments.py:2113
                             [universal_gate]:                                 
                             final=B(correct,                                  
                             escalated=True)                                   
                             cost=$0.00000                                     
[08/01/26 19:01:23] INFO     recGFKDUd8qgz81Zl        lever_experiments.py:2113
                             [universal_gate]:                                 
                             final=C(correct,                                  
                             escalated=True,                                   
                             universal-unconditional)                          
                             cost=$0.00000                                     
[08/01/26 19:01:51] INFO     recCJJOeBGERaHYax        lever_experiments.py:2113
                             [universal_gate]:                                 
                             final=B(correct,                                  
                             escalated=True,                                   
                             universal-unconditional)                          
                             cost=$0.00000                                     
[08/01/26 19:03:25] INFO     recnTTKdBzfuoZ7w7        lever_experiments.py:2113
                             [universal_gate]:                                 
                             final=B(correct,                                  
                             escalated=True)                                   
                             cost=$0.00000                                     
[08/01/26 19:03:39] INFO     rec8nshandHARTkrg        lever_experiments.py:2113
                             [universal_gate]:                                 
                             final=D(correct,                                  
                             escalated=True)                                   
                             cost=$0.00000                                     
[08/01/26 19:03:41] INFO     Processing request of type           server.py:733
                             CallToolRequest                                   
                    INFO     Processing request of type           server.py:733
                             CallToolRequest                                   
[08/01/26 19:04:01] INFO     recclFbsjbaiVVnnV        lever_experiments.py:2113
                             [universal_gate]:                                 
                             final=D(wrong,                                    
                             escalated=True)                                   
                             cost=$0.00000                                     
[08/01/26 19:04:05] INFO     Processing request of type           server.py:733
                             CallToolRequest                                   
                    INFO     Processing request of type           server.py:733
                             CallToolRequest                                   
[08/01/26 19:04:22] INFO     Processing request of type           server.py:733
                             CallToolRequest                                   
                    INFO     Processing request of type           server.py:733
                             CallToolRequest                                   
[08/01/26 19:04:23] INFO     reckEnrOPFT9Ru7tW        lever_experiments.py:2113
                             [universal_gate]:                                 
                             final=D(correct,                                  
                             escalated=True,                                   
                             universal-unconditional)                          
                             cost=$0.00000                                     
[08/01/26 19:05:20] INFO     receo3UUzRvWCqyfA        lever_experiments.py:2113
                             [universal_gate]:                                 
                             final=A(correct,                                  
                             escalated=True)                                   
                             cost=$0.00000                                     
[08/01/26 19:05:52] INFO     recgM7o1tcc7tP778        lever_experiments.py:2113
                             [universal_gate]:                                 
                             final=D(correct,                                  
                             escalated=True)                                   
                             cost=$0.00000                                     
[08/01/26 19:06:14] INFO     Processing request of type           server.py:733
                             CallToolRequest                                   
                    INFO     Processing request of type           server.py:733
                             CallToolRequest                                   
[08/01/26 19:06:20] INFO     recLB0EkQ54bYVhnd        lever_experiments.py:2113
                             [universal_gate]:                                 
                             final=B(correct,                                  
                             escalated=True,                                   
                             universal-unconditional)                          
                             cost=$0.00000                                     
[08/01/26 19:06:21] INFO     recGee5m84dg5FZkc        lever_experiments.py:2113
                             [universal_gate]:                                 
                             final=D(correct,                                  
                             escalated=True)                                   
                             cost=$0.00000                                     
[08/01/26 19:06:34] INFO     Processing request of type           server.py:733
                             CallToolRequest                                   
                    INFO     Processing request of type           server.py:733
                             CallToolRequest                                   
[08/01/26 19:06:38] INFO     recG1ljJQcVy6CbSl        lever_experiments.py:2113
                             [universal_gate]:                                 
                             final=A(correct,                                  
                             escalated=True,                                   
                             universal-unconditional)                          
                             cost=$0.00000                                     
[08/01/26 19:06:43] INFO     Processing request of type           server.py:733
                             CallToolRequest                                   
                    INFO     Processing request of type           server.py:733
                             CallToolRequest                                   
[08/01/26 19:07:07] INFO     recMicVBcqy1xM1jq        lever_experiments.py:2113
                             [universal_gate]:                                 
                             final=B(correct,                                  
                             escalated=True,                                   
                             universal-unconditional)                          
                             cost=$0.00000                                     
[08/01/26 19:07:17] INFO     recgXxEgllSGEpELP        lever_experiments.py:2113
                             [universal_gate]:                                 
                             final=A(correct,                                  
                             escalated=True,                                   
                             universal-unconditional)                          
                             cost=$0.00000                                     
[08/01/26 19:07:28] INFO     Processing request of type           server.py:733
                             CallToolRequest                                   
                    INFO     Processing request of type           server.py:733
                             CallToolRequest                                   
[08/01/26 19:07:29] INFO     Processing request of type           server.py:733
                             CallToolRequest                                   
                    INFO     Processing request of type           server.py:733
                             CallToolRequest                                   
[08/01/26 19:07:40] INFO     reczQ4I0VpENdMtIj        lever_experiments.py:2113
                             [universal_gate]:                                 
                             final=C(wrong,                                    
                             escalated=True,                                   
                             universal-unconditional)                          
                             cost=$0.00000                                     
[08/01/26 19:07:56] INFO     recNu3MXkvWUzHZr9        lever_experiments.py:2113
                             [universal_gate]:                                 
                             final=C(correct,                                  
                             escalated=True)                                   
                             cost=$0.00000                                     
[08/01/26 19:08:07] INFO     Processing request of type           server.py:733
                             CallToolRequest                                   
                    INFO     Processing request of type           server.py:733
                             CallToolRequest                                   
[08/01/26 19:08:13] INFO     recD8oX1KevFbl7bL        lever_experiments.py:2113
                             [universal_gate]:                                 
                             final=A(correct,                                  
                             escalated=True)                                   
                             cost=$0.00000                                     
[08/01/26 19:08:29] INFO     recpJmTOXx6T48nDJ        lever_experiments.py:2113
                             [universal_gate]:                                 
                             final=C(correct,                                  
                             escalated=True,                                   
                             universal-unconditional)                          
                             cost=$0.00000                                     
[08/01/26 19:08:41] INFO     Processing request of type           server.py:733
                             CallToolRequest                                   
                    INFO     Processing request of type           server.py:733
                             CallToolRequest                                   
[08/01/26 19:08:46] INFO     rec0yTRmO1o1xCA6H        lever_experiments.py:2113
                             [universal_gate]:                                 
                             final=A(correct,                                  
                             escalated=True,                                   
                             universal-unconditional)                          
                             cost=$0.00000                                     
[08/01/26 19:08:53] INFO     Processing request of type           server.py:733
                             CallToolRequest                                   
                    INFO     Processing request of type           server.py:733
                             CallToolRequest                                   
[08/01/26 19:09:21] INFO     rec9ubQihAh6g9bft        lever_experiments.py:2113
                             [universal_gate]:                                 
                             final=D(correct,                                  
                             escalated=True)                                   
                             cost=$0.00000                                     
[08/01/26 19:09:24] INFO     recnjViFrqlZNL3fY        lever_experiments.py:2113
                             [universal_gate]:                                 
                             final=D(correct,                                  
                             escalated=True)                                   
                             cost=$0.00000                                     
[08/01/26 19:09:52] INFO     recf6ayQmL1SxKbvW        lever_experiments.py:2113
                             [universal_gate]:                                 
                             final=C(wrong,                                    
                             escalated=True,                                   
                             universal-unconditional)                          
                             cost=$0.00000                                     
[08/01/26 19:10:27] INFO     reckl6PkaEMWM50yZ        lever_experiments.py:2113
                             [universal_gate]:                                 
                             final=A(wrong,                                    
                             escalated=True,                                   
                             universal-unconditional)                          
                             cost=$0.00000                                     
                    WARNING  1/90 questions dropped   lever_experiments.py:2291
                             due to unrecoverable                              
                             errors                                            
                    INFO     Wrote 89 results to      lever_experiments.py:2297
                             benchmark\results\lever_                          
                             universal_gate_gpqa_seed                          
                             2311.jsonl                                        
=== STEP 3: compute-matched control N=9 vote-only, same seed 2311 ===
Sat Aug  1 19:10:28 MPST 2026
[08/01/26 19:10:31] INFO     HTTP Request: HEAD                 _client.py:1025
                             https://huggingface.co/datasets/Id                
                             avidrein/gpqa/resolve/main/README.                
                             md "HTTP/1.1 200 OK"                              
                    INFO     HTTP Request: HEAD                 _client.py:1025
                             https://huggingface.co/datasets/Id                
                             avidrein/gpqa/resolve/633f5ee89ab8                
                             ad4522a9f850766b73f62147ffdd/gpqa.                
                             py "HTTP/1.1 404 Not Found"                       
[08/01/26 19:10:32] INFO     HTTP Request: HEAD                 _client.py:1025
                             https://s3.amazonaws.com/datasets.                
                             huggingface.co/datasets/datasets/I                
                             davidrein/gpqa/Idavidrein/gpqa.py                 
                             "HTTP/1.1 404 Not Found"                          
                    INFO     HTTP Request: GET                  _client.py:1025
                             https://huggingface.co/api/dataset                
                             s/Idavidrein/gpqa/revision/633f5ee                
                             89ab8ad4522a9f850766b73f62147ffdd                 
                             "HTTP/1.1 200 OK"                                 
[08/01/26 19:10:33] INFO     HTTP Request: HEAD                 _client.py:1025
                             https://huggingface.co/datasets/Id                
                             avidrein/gpqa/resolve/633f5ee89ab8                
                             ad4522a9f850766b73f62147ffdd/.hugg                
                             ingface.yaml "HTTP/1.1 404 Not                    
                             Found"                                            
                    INFO     HTTP Request: GET                  _client.py:1025
                             https://datasets-server.huggingfac                
                             e.co/info?dataset=Idavidrein/gpqa                 
                             "HTTP/1.1 200 OK"                                 
                    INFO     HTTP Request: GET                  _client.py:1025
                             https://huggingface.co/api/dataset                
                             s/Idavidrein/gpqa/tree/633f5ee89ab                
                             8ad4522a9f850766b73f62147ffdd?recu                
                             rsive=false&expand=false "HTTP/1.1                
                             200 OK"                                           
                    INFO     HTTP Request: HEAD                 _client.py:1025
                             https://huggingface.co/datasets/Id                
                             avidrein/gpqa/resolve/633f5ee89ab8                
                             ad4522a9f850766b73f62147ffdd/datas                
                             et_infos.json "HTTP/1.1 404 Not                   
                             Found"                                            
[08/01/26 19:10:34] INFO     Loaded 90 gpqa questions lever_experiments.py:2228
                             (seed=2311) for                                   
                             lever=diversified_panel                           
[08/01/26 19:10:40] INFO     recyl3usDqb7ruXJx        lever_experiments.py:2113
                             [diversified_panel]:                              
                             final=D(correct,                                  
                             escalated=False,                                  
                             {'seat_answers':                                  
                             [{'seat_index': 0,                                
                             'letter': 'D',                                    
                             'confidence': 1.0,                                
                             'procedure_or_lens':                              
                             'solve_forward',                                  
                             'temperature': 0.3,                               
                             'permutation':                                    
                             {'seat_index': 0,                                 
                             'shuffled_order': [0, 2,                          
                             3, 1],                                            
                             'shuffled_letter': 'C',                           
                             'canonical_letter':                               
                             'D'}}, {'seat_index': 1,                          
                             'letter': 'D',                                    
                             'confidence': 0.95,                               
                             'procedure_or_lens':                              
                             'verify_by_candidate',                            
                             'temperature': 0.6,                               
                             'permutation':                                    
                             {'seat_index': 1,                                 
                             'shuffled_order': [3, 1,                          
                             0, 2],                                            
                             'shuffled_letter': 'A',                           
                             'canonical_letter':                               
                             'D'}}, {'seat_index': 2,                          
                             'letter': 'D',                                    
                             'confidence': 1.0,                                
                             'procedure_or_lens':                              
                             'estimate_first',                                 
                             'temperature': 0.9,                               
                             'permutation':                                    
                             {'seat_index': 2,                                 
                             'shuffled_order': [3, 1,                          
                             0, 2],                                            
                             'shuffled_letter': 'A',                           
                             'canonical_letter':                               
                             'D'}}, {'seat_index': 3,                          
                             'letter': 'B',                                    
                             'confidence': 0.95,                               
                             'procedure_or_lens':                              
                             'dimensional_analysis',                           
                             'temperature': 0.3,                               
                             'permutation':                                    
                             {'seat_index': 3,                                 
                             'shuffled_order': [3, 0,                          
                             2, 1],                                            
                             'shuffled_letter': 'D',                           
                             'canonical_letter':                               
                             'B'}}, {'seat_index': 4,                          
                             'letter': 'D',                                    
                             'confidence': 0.95,                               
                             'procedure_or_lens':                              
                             'analogy_to_canonical',                           
                             'temperature': 0.6,                               
                             'permutation':                                    
                             {'seat_index': 4,                                 
                             'shuffled_order': [1, 2,                          
                             3, 0],                                            
                             'shuffled_letter': 'C',                           
                             'canonical_letter':                               
                             'D'}}, {'seat_index': 5,                          
                             'letter': 'D',                                    
                             'confidence': 1.0,                                
                             'procedure_or_lens':                              
                             'solve_forward',                                  
                             'temperature': 0.9,                               
                             'permutation':                                    
                             {'seat_index': 5,                                 
                             'shuffled_order': [0, 1,                          
                             2, 3],                                            
                             'shuffled_letter': 'D',                           
                             'canonical_letter':                               
                             'D'}}, {'seat_index': 6,                          
                             'letter': 'D',                                    
                             'confidence': 1.0,                                
                             'procedure_or_lens':                              
                             'verify_by_candidate',                            
                             'temperature': 0.3,                               
                             'permutation':                                    
                             {'seat_index': 6,                                 
                             'shuffled_order': [0, 1,                          
                             2, 3],                                            
                             'shuffled_letter': 'D',                           
                             'canonical_letter':                               
                             'D'}}, {'seat_index': 7,                          
                             'letter': 'D',                                    
                             'confidence': 0.95,                               
                             'procedure_or_lens':                              
                             'estimate_first',                                 
                             'temperature': 0.6,                               
                             'permutation':                                    
                             {'seat_index': 7,                                 
                             'shuffled_order': [0, 3,                          
                             2, 1],                                            
                             'shuffled_letter': 'B',                           
                             'canonical_letter':                               
                             'D'}}, {'seat_index': 8,                          
                             'letter': 'D',                                    
                             'confidence': 0.95,                               
                             'procedure_or_lens':                              
                             'dimensional_analysis',                           
                             'temperature': 0.9,                               
                             'permutation':                                    
                             {'seat_index': 8,                                 
                             'shuffled_order': [0, 1,                          
                             3, 2],                                            
                             'shuffled_letter': 'C',                           
                             'canonical_letter':                               
                             'D'}}], 'unanimous':                              
                             False, 'n_solvers': 9,                            
                             'solver_tier': 'cheap',                           
                             'no_tribunal': True})                             
                             cost=$0.00000                                     
[08/01/26 19:10:43] INFO     rec260hNUCEj109Dj        lever_experiments.py:2113
                             [diversified_panel]:                              
                             final=A(correct,                                  
                             escalated=False,                                  
                             {'seat_answers':                                  
                             [{'seat_index': 0,                                
                             'letter': 'A',                                    
                             'confidence': 0.95,                               
                             'procedure_or_lens':                              
                             'solve_forward',                                  
                             'temperature': 0.3,                               
                             'permutation':                                    
                             {'seat_index': 0,                                 
                             'shuffled_order': [1, 0,                          
                             3, 2],                                            
                             'shuffled_letter': 'B',                           
                             'canonical_letter':                               
                             'A'}}, {'seat_index': 1,                          
                             'letter': 'D',                                    
                             'confidence': 0.95,                               
                             'procedure_or_lens':                              
                             'verify_by_candidate',                            
                             'temperature': 0.6,                               
                             'permutation':                                    
                             {'seat_index': 1,                                 
                             'shuffled_order': [0, 2,                          
                             1, 3],                                            
                             'shuffled_letter': 'D',                           
                             'canonical_letter':                               
                             'D'}}, {'seat_index': 2,                          
                             'letter': 'A',                                    
                             'confidence': 0.95,                               
                             'procedure_or_lens':                              
                             'estimate_first',                                 
                             'temperature': 0.9,                               
                             'permutation':                                    
                             {'seat_index': 2,                                 
                             'shuffled_order': [3, 2,                          
                             0, 1],                                            
                             'shuffled_letter': 'C',                           
                             'canonical_letter':                               
                             'A'}}, {'seat_index': 3,                          
                             'letter': 'A',                                    
                             'confidence': 0.95,                               
                             'procedure_or_lens':                              
                             'dimensional_analysis',                           
                             'temperature': 0.3,                               
                             'permutation':                                    
                             {'seat_index': 3,                                 
                             'shuffled_order': [2, 3,                          
                             0, 1],                                            
                             'shuffled_letter': 'C',                           
                             'canonical_letter':                               
                             'A'}}, {'seat_index': 4,                          
                             'letter': 'A',                                    
                             'confidence': 0.95,                               
                             'procedure_or_lens':                              
                             'analogy_to_canonical',                           
                             'temperature': 0.6,                               
                             'permutation':                                    
                             {'seat_index': 4,                                 
                             'shuffled_order': [2, 1,                          
                             3, 0],                                            
                             'shuffled_letter': 'D',                           
                             'canonical_letter':                               
                             'A'}}, {'seat_index': 5,                          
                             'letter': 'D',                                    
                             'confidence': 0.95,                               
                             'procedure_or_lens':                              
                             'solve_forward',                                  
                             'temperature': 0.9,                               
                             'permutation':                                    
                             {'seat_index': 5,                                 
                             'shuffled_order': [0, 2,                          
                             3, 1],                                            
                             'shuffled_letter': 'C',                           
                             'canonical_letter':                               
                             'D'}}, {'seat_index': 6,                          
                             'letter': 'A',                                    
                             'confidence': 0.95,                               
                             'procedure_or_lens':                              
                             'verify_by_candidate',                            
                             'temperature': 0.3,                               
                             'permutation':                                    
                             {'seat_index': 6,                                 
                             'shuffled_order': [1, 2,                          
                             3, 0],                                            
                             'shuffled_letter': 'D',                           
                             'canonical_letter':                               
                             'A'}}, {'seat_index': 7,                          
                             'letter': 'A',                                    
                             'confidence': 0.95,                               
                             'procedure_or_lens':                              
                             'estimate_first',                                 
                             'temperature': 0.6,                               
                             'permutation':                                    
                             {'seat_index': 7,                                 
                             'shuffled_order': [1, 3,                          
                             0, 2],                                            
                             'shuffled_letter': 'C',                           
                             'canonical_letter':                               
                             'A'}}, {'seat_index': 8,                          
                             'letter': 'A',                                    
                             'confidence': 1.0,                                
                             'procedure_or_lens':                              
                             'dimensional_analysis',                           
                             'temperature': 0.9,                               
                             'permutation':                                    
                             {'seat_index': 8,                                 
                             'shuffled_order': [2, 1,                          
                             0, 3],                                            
                             'shuffled_letter': 'C',                           
                             'canonical_letter':                               
                             'A'}}], 'unanimous':                              
                             False, 'n_solvers': 9,                            
                             'solver_tier': 'cheap',                           
                             'no_tribunal': True})                             
                             cost=$0.00000                                     
[08/01/26 19:10:45] INFO     recNAiPUKOulQbKVP        lever_experiments.py:2113
                             [diversified_panel]:                              
                             final=D(wrong,                                    
                             escalated=False,                                  
                             {'seat_answers':                                  
                             [{'seat_index': 0,                                
                             'letter': 'D',                                    
                             'confidence': 0.95,                               
                             'procedure_or_lens':                              
                             'solve_forward',                                  
                             'temperature': 0.3,                               
                             'permutation':                                    
                             {'seat_index': 0,                                 
                             'shuffled_order': [0, 3,                          
                             1, 2],                                            
                             'shuffled_letter': 'B',                           
                             'canonical_letter':                               
                             'D'}}, {'seat_index': 1,                          
                             'letter': 'B',                                    
                             'confidence': 0.95,                               
                             'procedure_or_lens':                              
                             'verify_by_candidate',                            
                             'temperature': 0.6,                               
                             'permutation':                                    
                             {'seat_index': 1,                                 
                             'shuffled_order': [0, 3,                          
                             2, 1],                                            
                             'shuffled_letter': 'D',                           
                             'canonical_letter':                               
                             'B'}}, {'seat_index': 2,                          
                             'letter': 'B',                                    
                             'confidence': 0.95,                               
                             'procedure_or_lens':                              
                             'estimate_first',                                 
                             'temperature': 0.9,                               
                             'permutation':                                    
                             {'seat_index': 2,                                 
                             'shuffled_order': [0, 1,                          
                             2, 3],                                            
                             'shuffled_letter': 'B',                           
                             'canonical_letter':                               
                             'B'}}, {'seat_index': 3,                          
                             'letter': 'B',                                    
                             'confidence': 0.95,                               
                             'procedure_or_lens':                              
                             'dimensional_analysis',                           
                             'temperature': 0.3,                               
                             'permutation':                                    
                             {'seat_index': 3,                                 
                             'shuffled_order': [0, 1,                          
                             2, 3],                                            
                             'shuffled_letter': 'B',                           
                             'canonical_letter':                               
                             'B'}}, {'seat_index': 4,                          
                             'letter': 'D',                                    
                             'confidence': 1.0,                                
                             'procedure_or_lens':                              
                             'analogy_to_canonical',                           
                             'temperature': 0.6,                               
                             'permutation':                                    
                             {'seat_index': 4,                                 
                             'shuffled_order': [1, 2,                          
                             0, 3],                                            
                             'shuffled_letter': 'D',                           
                             'canonical_letter':                               
                             'D'}}, {'seat_index': 5,                          
                             'letter': 'D',                                    
                             'confidence': 0.95,                               
                             'procedure_or_lens':                              
                             'solve_forward',                                  
                             'temperature': 0.9,                               
                             'permutation':                                    
                             {'seat_index': 5,                                 
                             'shuffled_order': [2, 0,                          
                             3, 1],                                            
                             'shuffled_letter': 'C',                           
                             'canonical_letter':                               
                             'D'}}, {'seat_index': 6,                          
                             'letter': 'D',                                    
                             'confidence': 0.95,                               
                             'procedure_or_lens':                              
                             'verify_by_candidate',                            
                             'temperature': 0.3,                               
                             'permutation':                                    
                             {'seat_index': 6,                                 
                             'shuffled_order': [1, 0,                          
                             2, 3],                                            
                             'shuffled_letter': 'D',                           
                             'canonical_letter':                               
                             'D'}}, {'seat_index': 7,                          
                             'letter': 'D',                                    
                             'confidence': 1.0,                                
                             'procedure_or_lens':                              
                             'estimate_first',                                 
                             'temperature': 0.6,                               
                             'permutation':                                    
                             {'seat_index': 7,                                 
                             'shuffled_order': [1, 0,                          
                             2, 3],                                            
                             'shuffled_letter': 'D',                           
                             'canonical_letter':                               
                             'D'}}, {'seat_index': 8,                          
                             'letter': 'D',                                    
                             'confidence': 0.95,                               
                             'procedure_or_lens':                              
                             'dimensional_analysis',                           
                             'temperature': 0.9,                               
                             'permutation':                                    
                             {'seat_index': 8,                                 
                             'shuffled_order': [2, 1,                          
                             0, 3],                                            
                             'shuffled_letter': 'D',                           
                             'canonical_letter':                               
                             'D'}}], 'unanimous':                              
                             False, 'n_solvers': 9,                            
                             'solver_tier': 'cheap',                           
                             'no_tribunal': True})                             
                             cost=$0.00000                                     
[08/01/26 19:10:53] INFO     recZbxrocrxh9YENH        lever_experiments.py:2113
                             [diversified_panel]:                              
                             final=C(wrong,                                    
                             escalated=False,                                  
                             {'seat_answers':                                  
                             [{'seat_index': 0,                                
                             'letter': 'B',                                    
                             'confidence': 0.85,                               
                             'procedure_or_lens':                              
                             'solve_forward',                                  
                             'temperature': 0.3,                               
                             'permutation':                                    
                             {'seat_index': 0,                                 
                             'shuffled_order': [1, 3,                          
                             0, 2],                                            
                             'shuffled_letter': 'A',                           
                             'canonical_letter':                               
                             'B'}}, {'seat_index': 1,                          
                             'letter': 'C',                                    
                             'confidence': 0.85,                               
                             'procedure_or_lens':                              
                             'verify_by_candidate',                            
                             'temperature': 0.6,                               
                             'permutation':                                    
                             {'seat_index': 1,                                 
                             'shuffled_order': [3, 2,                          
                             1, 0],                                            
                             'shuffled_letter': 'B',                           
                             'canonical_letter':                               
                             'C'}}, {'seat_index': 2,                          
                             'letter': 'C',                                    
                             'confidence': 0.4,                                
                             'procedure_or_lens':                              
                             'estimate_first',                                 
                             'temperature': 0.9,                               
                             'permutation':                                    
                             {'seat_index': 2,                                 
                             'shuffled_order': [2, 3,                          
                             1, 0],                                            
                             'shuffled_letter': 'A',                           
                             'canonical_letter':                               
                             'C'}}, {'seat_index': 3,                          
                             'letter': 'B',                                    
                             'confidence': 0.95,                               
                             'procedure_or_lens':                              
                             'dimensional_analysis',                           
                             'temperature': 0.3,                               
                             'permutation':                                    
                             {'seat_index': 3,                                 
                             'shuffled_order': [1, 0,                          
                             3, 2],                                            
                             'shuffled_letter': 'A',                           
                             'canonical_letter':                               
                             'B'}}, {'seat_index': 4,                          
                             'letter': 'B',                                    
                             'confidence': 0.1,                                
                             'procedure_or_lens':                              
                             'analogy_to_canonical',                           
                             'temperature': 0.6,                               
                             'permutation':                                    
                             {'seat_index': 4,                                 
                             'shuffled_order': [1, 3,                          
                             2, 0],                                            
                             'shuffled_letter': 'A',                           
                             'canonical_letter':                               
                             'B'}}, {'seat_index': 5,                          
                             'letter': 'B',                                    
                             'confidence': 0.9,                                
                             'procedure_or_lens':                              
                             'solve_forward',                                  
                             'temperature': 0.9,                               
                             'permutation':                                    
                             {'seat_index': 5,                                 
                             'shuffled_order': [2, 1,                          
                             0, 3],                                            
                             'shuffled_letter': 'B',                           
                             'canonical_letter':                               
                             'B'}}, {'seat_index': 6,                          
                             'letter': 'C',                                    
                             'confidence': 0.9,                                
                             'procedure_or_lens':                              
                             'verify_by_candidate',                            
                             'temperature': 0.3,                               
                             'permutation':                                    
                             {'seat_index': 6,                                 
                             'shuffled_order': [3, 0,                          
                             1, 2],                                            
                             'shuffled_letter': 'D',                           
                             'canonical_letter':                               
                             'C'}}, {'seat_index': 7,                          
                             'letter': 'C',                                    
                             'confidence': 0.85,                               
                             'procedure_or_lens':                              
                             'estimate_first',                                 
                             'temperature': 0.6,                               
                             'permutation':                                    
                             {'seat_index': 7,                                 
                             'shuffled_order': [2, 0,                          
                             3, 1],                                            
                             'shuffled_letter': 'A',                           
                             'canonical_letter':                               
                             'C'}}, {'seat_index': 8,                          
                             'letter': 'C',                                    
                             'confidence': 0.1,                                
                             'procedure_or_lens':                              
                             'dimensional_analysis',                           
                             'temperature': 0.9,                               
                             'permutation':                                    
                             {'seat_index': 8,                                 
                             'shuffled_order': [2, 1,                          
                             0, 3],                                            
                             'shuffled_letter': 'A',                           
                             'canonical_letter':                               
                             'C'}}], 'unanimous':                              
                             False, 'n_solvers': 9,                            
                             'solver_tier': 'cheap',                           
                             'no_tribunal': True})                             
                             cost=$0.00000                                     
                    INFO     receYQxnUBvxPcvbQ        lever_experiments.py:2113
                             [diversified_panel]:                              
                             final=A(correct,                                  
                             escalated=False,                                  
                             {'seat_answers':                                  
                             [{'seat_index': 0,                                
                             'letter': 'D',                                    
                             'confidence': 0.85,                               
                             'procedure_or_lens':                              
                             'solve_forward',                                  
                             'temperature': 0.3,                               
                             'permutation':                                    
                             {'seat_index': 0,                                 
                             'shuffled_order': [0, 1,                          
                             2, 3],                                            
                             'shuffled_letter': 'D',                           
                             'canonical_letter':                               
                             'D'}}, {'seat_index': 1,                          
                             'letter': 'A',                                    
                             'confidence': 0.9,                                
                             'procedure_or_lens':                              
                             'verify_by_candidate',                            
                             'temperature': 0.6,                               
                             'permutation':                                    
                             {'seat_index': 1,                                 
                             'shuffled_order': [2, 0,                          
                             1, 3],                                            
                             'shuffled_letter': 'B',                           
                             'canonical_letter':                               
                             'A'}}, {'seat_index': 2,                          
                             'letter': 'A',                                    
                             'confidence': 0.9,                                
                             'procedure_or_lens':                              
                             'estimate_first',                                 
                             'temperature': 0.9,                               
                             'permutation':                                    
                             {'seat_index': 2,                                 
                             'shuffled_order': [2, 1,                          
                             0, 3],                                            
                             'shuffled_letter': 'C',                           
                             'canonical_letter':                               
                             'A'}}, {'seat_index': 3,                          
                             'letter': 'A',                                    
                             'confidence': 0.9,                                
                             'procedure_or_lens':                              
                             'dimensional_analysis',                           
                             'temperature': 0.3,                               
                             'permutation':                                    
                             {'seat_index': 3,                                 
                             'shuffled_order': [2, 1,                          
                             0, 3],                                            
                             'shuffled_letter': 'C',                           
                             'canonical_letter':                               
                             'A'}}, {'seat_index': 4,                          
                             'letter': 'A',                                    
                             'confidence': 0.9,                                
                             'procedure_or_lens':                              
                             'analogy_to_canonical',                           
                             'temperature': 0.6,                               
                             'permutation':                                    
                             {'seat_index': 4,                                 
                             'shuffled_order': [0, 2,                          
                             1, 3],                                            
                             'shuffled_letter': 'A',                           
                             'canonical_letter':                               
                             'A'}}, {'seat_index': 5,                          
                             'letter': 'A',                                    
                             'confidence': 0.9,                                
                             'procedure_or_lens':                              
                             'solve_forward',                                  
                             'temperature': 0.9,                               
                             'permutation':                                    
                             {'seat_index': 5,                                 
                             'shuffled_order': [0, 3,                          
                             2, 1],                                            
                             'shuffled_letter': 'A',                           
                             'canonical_letter':                               
                             'A'}}, {'seat_index': 6,                          
                             'letter': 'A',                                    
                             'confidence': 0.95,                               
                             'procedure_or_lens':                              
                             'verify_by_candidate',                            
                             'temperature': 0.3,                               
                             'permutation':                                    
                             {'seat_index': 6,                                 
                             'shuffled_order': [2, 1,                          
                             3, 0],                                            
                             'shuffled_letter': 'D',                           
                             'canonical_letter':                               
                             'A'}}, {'seat_index': 7,                          
                             'letter': 'A',                                    
                             'confidence': 0.85,                               
                             'procedure_or_lens':                              
                             'estimate_first',                                 
                             'temperature': 0.6,                               
                             'permutation':                                    
                             {'seat_index': 7,                                 
                             'shuffled_order': [3, 0,                          
                             1, 2],                                            
                             'shuffled_letter': 'B',                           
                             'canonical_letter':                               
                             'A'}}, {'seat_index': 8,                          
                             'letter': 'D',                                    
                             'confidence': 0.85,                               
                             'procedure_or_lens':                              
                             'dimensional_analysis',                           
                             'temperature': 0.9,                               
                             'permutation':                                    
                             {'seat_index': 8,                                 
                             'shuffled_order': [0, 3,                          
                             1, 2],                                            
                             'shuffled_letter': 'B',                           
                             'canonical_letter':                               
                             'D'}}], 'unanimous':                              
                             False, 'n_solvers': 9,                            
                             'solver_tier': 'cheap',                           
                             'no_tribunal': True})                             
                             cost=$0.00000                                     
[08/01/26 19:10:59] INFO     recwlwlcPvXVNPmvl        lever_experiments.py:2113
                             [diversified_panel]:                              
                             final=B(correct,                                  
                             escalated=False,                                  
                             {'seat_answers':                                  
                             [{'seat_index': 0,                                
                             'letter': 'B',                                    
                             'confidence': 1.0,                                
                             'procedure_or_lens':                              
                             'solve_forward',                                  
                             'temperature': 0.3,                               
                             'permutation':                                    
                             {'seat_index': 0,                                 
                             'shuffled_order': [3, 2,                          
                             0, 1],                                            
                             'shuffled_letter': 'D',                           
                             'canonical_letter':                               
                             'B'}}, {'seat_index': 1,                          
                             'letter': 'B',                                    
                             'confidence': 1.0,                                
                             'procedure_or_lens':                              
                             'verify_by_candidate',                            
                             'temperature': 0.6,                               
                             'permutation':                                    
                             {'seat_index': 1,                                 
                             'shuffled_order': [3, 2,                          
                             0, 1],                                            
                             'shuffled_letter': 'D',                           
                             'canonical_letter':                               
                             'B'}}, {'seat_index': 2,                          
                             'letter': 'B',                                    
                             'confidence': 1.0,                                
                             'procedure_or_lens':                              
                             'estimate_first',                                 
                             'temperature': 0.9,                               
                             'permutation':                                    
                             {'seat_index': 2,                                 
                             'shuffled_order': [3, 2,                          
                             1, 0],                                            
                             'shuffled_letter': 'C',                           
                             'canonical_letter':                               
                             'B'}}, {'seat_index': 3,                          
                             'letter': 'B',                                    
                             'confidence': 1.0,                                
                             'procedure_or_lens':                              
                             'dimensional_analysis',                           
                             'temperature': 0.3,                               
                             'permutation':                                    
                             {'seat_index': 3,                                 
                             'shuffled_order': [1, 2,                          
                             3, 0],                                            
                             'shuffled_letter': 'A',                           
                             'canonical_letter':                               
                             'B'}}, {'seat_index': 4,                          
                             'letter': 'B',                                    
                             'confidence': 1.0,                                
                             'procedure_or_lens':                              
                             'analogy_to_canonical',                           
                             'temperature': 0.6,                               
                             'permutation':                                    
                             {'seat_index': 4,                                 
                             'shuffled_order': [1, 0,                          
                             3, 2],                                            
                             'shuffled_letter': 'A',                           
                             'canonical_letter':                               
                             'B'}}, {'seat_index': 5,                          
                             'letter': 'B',                                    
                             'confidence': 1.0,                                
                             'procedure_or_lens':                              
                             'solve_forward',                                  
                             'temperature': 0.9,                               
                             'permutation':                                    
                             {'seat_index': 5,                                 
                             'shuffled_order': [2, 3,                          
                             1, 0],                                            
                             'shuffled_letter': 'C',                           
                             'canonical_letter':                               
                             'B'}}, {'seat_index': 6,                          
                             'letter': 'B',                                    
                             'confidence': 1.0,                                
                             'procedure_or_lens':                              
                             'verify_by_candidate',                            
                             'temperature': 0.3,                               
                             'permutation':                                    
                             {'seat_index': 6,                                 
                             'shuffled_order': [0, 2,                          
                             1, 3],                                            
                             'shuffled_letter': 'C',                           
                             'canonical_letter':                               
                             'B'}}, {'seat_index': 7,                          
                             'letter': 'B',                                    
                             'confidence': 1.0,                                
                             'procedure_or_lens':                              
                             'estimate_first',                                 
                             'temperature': 0.6,                               
                             'permutation':                                    
                             {'seat_index': 7,                                 
                             'shuffled_order': [3, 2,                          
                             0, 1],                                            
                             'shuffled_letter': 'D',                           
                             'canonical_letter':                               
                             'B'}}, {'seat_index': 8,                          
                             'letter': 'B',                                    
                             'confidence': 1.0,                                
                             'procedure_or_lens':                              
                             'dimensional_analysis',                           
                             'temperature': 0.9,                               
                             'permutation':                                    
                             {'seat_index': 8,                                 
                             'shuffled_order': [2, 3,                          
                             1, 0],                                            
                             'shuffled_letter': 'C',                           
                             'canonical_letter':                               
                             'B'}}], 'unanimous':                              
                             True, 'n_solvers': 9,                             
                             'solver_tier': 'cheap',                           
                             'no_tribunal': True})                             
                             cost=$0.00000                                     
[08/01/26 19:11:02] INFO     rechgQucGlrnt8KRV        lever_experiments.py:2113
                             [diversified_panel]:                              
                             final=B(correct,                                  
                             escalated=False,                                  
                             {'seat_answers':                                  
                             [{'seat_index': 0,                                
                             'letter': 'B',                                    
                             'confidence': 1.0,                                
                             'procedure_or_lens':                              
                             'solve_forward',                                  
                             'temperature': 0.3,                               
                             'permutation':                                    
                             {'seat_index': 0,                                 
                             'shuffled_order': [0, 3,                          
                             1, 2],                                            
                             'shuffled_letter': 'C',                           
                             'canonical_letter':                               
                             'B'}}, {'seat_index': 1,                          
                             'letter': 'B',                                    
                             'confidence': 1.0,                                
                             'procedure_or_lens':                              
                             'verify_by_candidate',                            
                             'temperature': 0.6,                               
                             'permutation':                                    
                             {'seat_index': 1,                                 
                             'shuffled_order': [0, 2,                          
                             1, 3],                                            
                             'shuffled_letter': 'C',                           
                             'canonical_letter':                               
                             'B'}}, {'seat_index': 2,                          
                             'letter': 'B',                                    
                             'confidence': 1.0,                                
                             'procedure_or_lens':                              
                             'estimate_first',                                 
                             'temperature': 0.9,                               
                             'permutation':                                    
                             {'seat_index': 2,                                 
                             'shuffled_order': [2, 0,                          
                             3, 1],                                            
                             'shuffled_letter': 'D',                           
                             'canonical_letter':                               
                             'B'}}, {'seat_index': 3,                          
                             'letter': 'B',                                    
                             'confidence': 0.95,                               
                             'procedure_or_lens':                              
                             'dimensional_analysis',                           
                             'temperature': 0.3,                               
                             'permutation':                                    
                             {'seat_index': 3,                                 
                             'shuffled_order': [2, 3,                          
                             1, 0],                                            
                             'shuffled_letter': 'C',                           
                             'canonical_letter':                               
                             'B'}}, {'seat_index': 4,                          
                             'letter': 'B',                                    
                             'confidence': 0.95,                               
                             'procedure_or_lens':                              
                             'analogy_to_canonical',                           
                             'temperature': 0.6,                               
                             'permutation':                                    
                             {'seat_index': 4,                                 
                             'shuffled_order': [2, 1,                          
                             0, 3],                                            
                             'shuffled_letter': 'B',                           
                             'canonical_letter':                               
                             'B'}}, {'seat_index': 5,                          
                             'letter': 'C',                                    
                             'confidence': 0.95,                               
                             'procedure_or_lens':                              
                             'solve_forward',                                  
                             'temperature': 0.9,                               
                             'permutation':                                    
                             {'seat_index': 5,                                 
                             'shuffled_order': [1, 0,                          
                             3, 2],                                            
                             'shuffled_letter': 'D',                           
                             'canonical_letter':                               
                             'C'}}, {'seat_index': 6,                          
                             'letter': 'B',                                    
                             'confidence': 1.0,                                
                             'procedure_or_lens':                              
                             'verify_by_candidate',                            
                             'temperature': 0.3,                               
                             'permutation':                                    
                             {'seat_index': 6,                                 
                             'shuffled_order': [2, 0,                          
                             3, 1],                                            
                             'shuffled_letter': 'D',                           
                             'canonical_letter':                               
                             'B'}}, {'seat_index': 7,                          
                             'letter': 'D',                                    
                             'confidence': 0.85,                               
                             'procedure_or_lens':                              
                             'estimate_first',                                 
                             'temperature': 0.6,                               
                             'permutation':                                    
                             {'seat_index': 7,                                 
                             'shuffled_order': [1, 0,                          
                             2, 3],                                            
                             'shuffled_letter': 'D',                           
                             'canonical_letter':                               
                             'D'}}, {'seat_index': 8,                          
                             'letter': 'D',                                    
                             'confidence': 0.9,                                
                             'procedure_or_lens':                              
                             'dimensional_analysis',                           
                             'temperature': 0.9,                               
                             'permutation':                                    
                             {'seat_index': 8,                                 
                             'shuffled_order': [0, 1,                          
                             2, 3],                                            
                             'shuffled_letter': 'D',                           
                             'canonical_letter':                               
                             'D'}}], 'unanimous':                              
                             False, 'n_solvers': 9,                            
                             'solver_tier': 'cheap',                           
                             'no_tribunal': True})                             
                             cost=$0.00000                                     
                    INFO     rect4iLrSfUwkNTno        lever_experiments.py:2113
                             [diversified_panel]:                              
                             final=B(correct,                                  
                             escalated=False,                                  
                             {'seat_answers':                                  
                             [{'seat_index': 0,                                
                             'letter': 'B',                                    
                             'confidence': 0.9,                                
                             'procedure_or_lens':                              
                             'solve_forward',                                  
                             'temperature': 0.3,                               
                             'permutation':                                    
                             {'seat_index': 0,                                 
                             'shuffled_order': [0, 1,                          
                             3, 2],                                            
                             'shuffled_letter': 'B',                           
                             'canonical_letter':                               
                             'B'}}, {'seat_index': 1,                          
                             'letter': 'A',                                    
                             'confidence': 0.95,                               
                             'procedure_or_lens':                              
                             'verify_by_candidate',                            
                             'temperature': 0.6,                               
                             'permutation':                                    
                             {'seat_index': 1,                                 
                             'shuffled_order': [1, 2,                          
                             3, 0],                                            
                             'shuffled_letter': 'D',                           
                             'canonical_letter':                               
                             'A'}}, {'seat_index': 2,                          
                             'letter': 'D',                                    
                             'confidence': 0.95,                               
                             'procedure_or_lens':                              
                             'estimate_first',                                 
                             'temperature': 0.9,                               
                             'permutation':                                    
                             {'seat_index': 2,                                 
                             'shuffled_order': [2, 1,                          
                             3, 0],                                            
                             'shuffled_letter': 'C',                           
                             'canonical_letter':                               
                             'D'}}, {'seat_index': 3,                          
                             'letter': 'D',                                    
                             'confidence': 0.9,                                
                             'procedure_or_lens':                              
                             'dimensional_analysis',                           
                             'temperature': 0.3,                               
                             'permutation':                                    
                             {'seat_index': 3,                                 
                             'shuffled_order': [2, 3,                          
                             0, 1],                                            
                             'shuffled_letter': 'B',                           
                             'canonical_letter':                               
                             'D'}}, {'seat_index': 4,                          
                             'letter': 'D',                                    
                             'confidence': 0.95,                               
                             'procedure_or_lens':                              
                             'analogy_to_canonical',                           
                             'temperature': 0.6,                               
                             'permutation':                                    
                             {'seat_index': 4,                                 
                             'shuffled_order': [2, 3,                          
                             1, 0],                                            
                             'shuffled_letter': 'B',                           
                             'canonical_letter':                               
                             'D'}}, {'seat_index': 5,                          
                             'letter': 'B',                                    
                             'confidence': 0.95,                               
                             'procedure_or_lens':                              
                             'solve_forward',                                  
                             'temperature': 0.9,                               
                             'permutation':                                    
                             {'seat_index': 5,                                 
                             'shuffled_order': [3, 0,                          
                             2, 1],                                            
                             'shuffled_letter': 'D',                           
                             'canonical_letter':                               
                             'B'}}, {'seat_index': 6,                          
                             'letter': 'B',                                    
                             'confidence': 0.95,                               
                             'procedure_or_lens':                              
                             'verify_by_candidate',                            
                             'temperature': 0.3,                               
                             'permutation':                                    
                             {'seat_index': 6,                                 
                             'shuffled_order': [0, 2,                          
                             1, 3],                                            
                             'shuffled_letter': 'C',                           
                             'canonical_letter':                               
                             'B'}}, {'seat_index': 7,                          
                             'letter': 'B',                                    
                             'confidence': 0.95,                               
                             'procedure_or_lens':                              
                             'estimate_first',                                 
                             'temperature': 0.6,                               
                             'permutation':                                    
                             {'seat_index': 7,                                 
                             'shuffled_order': [3, 0,                          
                             2, 1],                                            
                             'shuffled_letter': 'D',                           
                             'canonical_letter':                               
                             'B'}}, {'seat_index': 8,                          
                             'letter': 'B',                                    
                             'confidence': 0.9,                                
                             'procedure_or_lens':                              
                             'dimensional_analysis',                           
                             'temperature': 0.9,                               
                             'permutation':                                    
                             {'seat_index': 8,                                 
                             'shuffled_order': [1, 0,                          
                             3, 2],                                            
                             'shuffled_letter': 'A',                           
                             'canonical_letter':                               
                             'B'}}], 'unanimous':                              
                             False, 'n_solvers': 9,                            
                             'solver_tier': 'cheap',                           
                             'no_tribunal': True})                             
                             cost=$0.00000                                     
[08/01/26 19:11:05] INFO     rec4JrWy7Il8ho5vk        lever_experiments.py:2113
                             [diversified_panel]:                              
                             final=C(correct,                                  
                             escalated=False,                                  
                             {'seat_answers':                                  
                             [{'seat_index': 0,                                
                             'letter': 'C',                                    
                             'confidence': 0.95,                               
                             'procedure_or_lens':                              
                             'solve_forward',                                  
                             'temperature': 0.3,                               
                             'permutation':                                    
                             {'seat_index': 0,                                 
                             'shuffled_order': [2, 1,                          
                             3, 0],                                            
                             'shuffled_letter': 'A',                           
                             'canonical_letter':                               
                             'C'}}, {'seat_index': 1,                          
                             'letter': 'D',                                    
                             'confidence': 0.95,                               
                             'procedure_or_lens':                              
                             'verify_by_candidate',                            
                             'temperature': 0.6,                               
                             'permutation':                                    
                             {'seat_index': 1,                                 
                             'shuffled_order': [1, 0,                          
                             3, 2],                                            
                             'shuffled_letter': 'C',                           
                             'canonical_letter':                               
                             'D'}}, {'seat_index': 2,                          
                             'letter': 'B',                                    
                             'confidence': 0.95,                               
                             'procedure_or_lens':                              
                             'estimate_first',                                 
                             'temperature': 0.9,                               
                             'permutation':                                    
                             {'seat_index': 2,                                 
                             'shuffled_order': [1, 3,                          
                             0, 2],                                            
                             'shuffled_letter': 'A',                           
                             'canonical_letter':                               
                             'B'}}, {'seat_index': 3,                          
                             'letter': 'C',                                    
                             'confidence': 0.95,                               
                             'procedure_or_lens':                              
                             'dimensional_analysis',                           
                             'temperature': 0.3,                               
                             'permutation':                                    
                             {'seat_index': 3,                                 
                             'shuffled_order': [2, 1,                          
                             3, 0],                                            
                             'shuffled_letter': 'A',                           
                             'canonical_letter':                               
                             'C'}}, {'seat_index': 4,                          
                             'letter': 'C',                                    
                             'confidence': 0.85,                               
                             'procedure_or_lens':                              
                             'analogy_to_canonical',                           
                             'temperature': 0.6,                               
                             'permutation':                                    
                             {'seat_index': 4,                                 
                             'shuffled_order': [0, 2,                          
                             1, 3],                                            
                             'shuffled_letter': 'B',                           
                             'canonical_letter':                               
                             'C'}}, {'seat_index': 5,                          
                             'letter': 'C',                                    
                             'confidence': 0.95,                               
                             'procedure_or_lens':                              
                             'solve_forward',                                  
                             'temperature': 0.9,                               
                             'permutation':                                    
                             {'seat_index': 5,                                 
                             'shuffled_order': [1, 0,                          
                             3, 2],                                            
                             'shuffled_letter': 'D',                           
                             'canonical_letter':                               
                             'C'}}, {'seat_index': 6,                          
                             'letter': 'C',                                    
                             'confidence': 0.95,                               
                             'procedure_or_lens':                              
                             'verify_by_candidate',                            
                             'temperature': 0.3,                               
                             'permutation':                                    
                             {'seat_index': 6,                                 
                             'shuffled_order': [1, 3,                          
                             2, 0],                                            
                             'shuffled_letter': 'C',                           
                             'canonical_letter':                               
                             'C'}}, {'seat_index': 7,                          
                             'letter': 'C',                                    
                             'confidence': 0.95,                               
                             'procedure_or_lens':                              
                             'estimate_first',                                 
                             'temperature': 0.6,                               
                             'permutation':                                    
                             {'seat_index': 7,                                 
                             'shuffled_order': [3, 1,                          
                             2, 0],                                            
                             'shuffled_letter': 'C',                           
                             'canonical_letter':                               
                             'C'}}, {'seat_index': 8,                          
                             'letter': 'D',                                    
                             'confidence': 0.95,                               
                             'procedure_or_lens':                              
                             'dimensional_analysis',                           
                             'temperature': 0.9,                               
                             'permutation':                                    
                             {'seat_index': 8,                                 
                             'shuffled_order': [1, 2,                          
                             0, 3],                                            
                             'shuffled_letter': 'D',                           
                             'canonical_letter':                               
                             'D'}}], 'unanimous':                              
                             False, 'n_solvers': 9,                            
                             'solver_tier': 'cheap',                           
                             'no_tribunal': True})                             
                             cost=$0.00000                                     
[08/01/26 19:11:06] INFO     recJJcOHhFeSaRpl4        lever_experiments.py:2113
                             [diversified_panel]:                              
                             final=C(correct,                                  
                             escalated=False,                                  
                             {'seat_answers':                                  
                             [{'seat_index': 0,                                
                             'letter': 'C',                                    
                             'confidence': 0.95,                               
                             'procedure_or_lens':                              
                             'solve_forward',                                  
                             'temperature': 0.3,                               
                             'permutation':                                    
                             {'seat_index': 0,                                 
                             'shuffled_order': [2, 3,                          
                             0, 1],                                            
                             'shuffled_letter': 'A',                           
                             'canonical_letter':                               
                             'C'}}, {'seat_index': 1,                          
                             'letter': 'C',                                    
                             'confidence': 0.95,                               
                             'procedure_or_lens':                              
                             'verify_by_candidate',                            
                             'temperature': 0.6,                               
                             'permutation':                                    
                             {'seat_index': 1,                                 
                             'shuffled_order': [1, 2,                          
                             3, 0],                                            
                             'shuffled_letter': 'B',                           
                             'canonical_letter':                               
                             'C'}}, {'seat_index': 2,                          
                             'letter': 'C',                                    
                             'confidence': 0.95,                               
                             'procedure_or_lens':                              
                             'estimate_first',                                 
                             'temperature': 0.9,                               
                             'permutation':                                    
                             {'seat_index': 2,                                 
                             'shuffled_order': [1, 2,                          
                             0, 3],                                            
                             'shuffled_letter': 'B',                           
                             'canonical_letter':                               
                             'C'}}, {'seat_index': 3,                          
                             'letter': 'C',                                    
                             'confidence': 0.95,                               
                             'procedure_or_lens':                              
                             'dimensional_analysis',                           
                             'temperature': 0.3,                               
                             'permutation':                                    
                             {'seat_index': 3,                                 
                             'shuffled_order': [0, 1,                          
                             2, 3],                                            
                             'shuffled_letter': 'C',                           
                             'canonical_letter':                               
                             'C'}}, {'seat_index': 4,                          
                             'letter': 'C',                                    
                             'confidence': 0.95,                               
                             'procedure_or_lens':                              
                             'analogy_to_canonical',                           
                             'temperature': 0.6,                               
                             'permutation':                                    
                             {'seat_index': 4,                                 
                             'shuffled_order': [2, 0,                          
                             3, 1],                                            
                             'shuffled_letter': 'A',                           
                             'canonical_letter':                               
                             'C'}}, {'seat_index': 5,                          
                             'letter': 'C',                                    
                             'confidence': 0.95,                               
                             'procedure_or_lens':                              
                             'solve_forward',                                  
                             'temperature': 0.9,                               
                             'permutation':                                    
                             {'seat_index': 5,                                 
                             'shuffled_order': [1, 0,                          
                             3, 2],                                            
                             'shuffled_letter': 'D',                           
                             'canonical_letter':                               
                             'C'}}, {'seat_index': 6,                          
                             'letter': 'C',                                    
                             'confidence': 0.95,                               
                             'procedure_or_lens':                              
                             'verify_by_candidate',                            
                             'temperature': 0.3,                               
                             'permutation':                                    
                             {'seat_index': 6,                                 
                             'shuffled_order': [1, 2,                          
                             3, 0],                                            
                             'shuffled_letter': 'B',                           
                             'canonical_letter':                               
                             'C'}}, {'seat_index': 7,                          
                             'letter': 'C',                                    
                             'confidence': 0.95,                               
                             'procedure_or_lens':                              
                             'estimate_first',                                 
                             'temperature': 0.6,                               
                             'permutation':                                    
                             {'seat_index': 7,                                 
                             'shuffled_order': [2, 1,                          
                             3, 0],                                            
                             'shuffled_letter': 'A',                           
                             'canonical_letter':                               
                             'C'}}, {'seat_index': 8,                          
                             'letter': 'C',                                    
                             'confidence': 0.95,                               
                             'procedure_or_lens':                              
                             'dimensional_analysis',                           
                             'temperature': 0.9,                               
                             'permutation':                                    
                             {'seat_index': 8,                                 
                             'shuffled_order': [0, 3,                          
                             1, 2],                                            
                             'shuffled_letter': 'D',                           
                             'canonical_letter':                               
                             'C'}}], 'unanimous':                              
                             True, 'n_solvers': 9,                             
                             'solver_tier': 'cheap',                           
                             'no_tribunal': True})                             
                             cost=$0.00000                                     
[08/01/26 19:11:09] INFO     rec06pnAkLOr2t2mp        lever_experiments.py:2113
                             [diversified_panel]:                              
                             final=A(correct,                                  
                             escalated=False,                                  
                             {'seat_answers':                                  
                             [{'seat_index': 0,                                
                             'letter': 'A',                                    
                             'confidence': 0.9,                                
                             'procedure_or_lens':                              
                             'solve_forward',                                  
                             'temperature': 0.3,                               
                             'permutation':                                    
                             {'seat_index': 0,                                 
                             'shuffled_order': [2, 0,                          
                             1, 3],                                            
                             'shuffled_letter': 'B',                           
                             'canonical_letter':                               
                             'A'}}, {'seat_index': 1,                          
                             'letter': 'A',                                    
                             'confidence': 0.9,                                
                             'procedure_or_lens':                              
                             'verify_by_candidate',                            
                             'temperature': 0.6,                               
                             'permutation':                                    
                             {'seat_index': 1,                                 
                             'shuffled_order': [0, 1,                          
                             2, 3],                                            
                             'shuffled_letter': 'A',                           
                             'canonical_letter':                               
                             'A'}}, {'seat_index': 2,                          
                             'letter': 'A',                                    
                             'confidence': 0.9,                                
                             'procedure_or_lens':                              
                             'estimate_first',                                 
                             'temperature': 0.9,                               
                             'permutation':                                    
                             {'seat_index': 2,                                 
                             'shuffled_order': [3, 2,                          
                             1, 0],                                            
                             'shuffled_letter': 'D',                           
                             'canonical_letter':                               
                             'A'}}, {'seat_index': 3,                          
                             'letter': 'A',                                    
                             'confidence': 0.9,                                
                             'procedure_or_lens':                              
                             'dimensional_analysis',                           
                             'temperature': 0.3,                               
                             'permutation':                                    
                             {'seat_index': 3,                                 
                             'shuffled_order': [0, 3,                          
                             2, 1],                                            
                             'shuffled_letter': 'A',                           
                             'canonical_letter':                               
                             'A'}}, {'seat_index': 4,                          
                             'letter': 'A',                                    
                             'confidence': 0.9,                                
                             'procedure_or_lens':                              
                             'analogy_to_canonical',                           
                             'temperature': 0.6,                               
                             'permutation':                                    
                             {'seat_index': 4,                                 
                             'shuffled_order': [0, 2,                          
                             3, 1],                                            
                             'shuffled_letter': 'A',                           
                             'canonical_letter':                               
                             'A'}}, {'seat_index': 5,                          
                             'letter': 'A',                                    
                             'confidence': 0.9,                                
                             'procedure_or_lens':                              
                             'solve_forward',                                  
                             'temperature': 0.9,                               
                             'permutation':                                    
                             {'seat_index': 5,                                 
                             'shuffled_order': [3, 0,                          
                             1, 2],                                            
                             'shuffled_letter': 'B',                           
                             'canonical_letter':                               
                             'A'}}, {'seat_index': 6,                          
                             'letter': 'A',                                    
                             'confidence': 0.9,                                
                             'procedure_or_lens':                              
                             'verify_by_candidate',                            
                             'temperature': 0.3,                               
                             'permutation':                                    
                             {'seat_index': 6,                                 
                             'shuffled_order': [1, 0,                          
                             2, 3],                                            
                             'shuffled_letter': 'B',                           
                             'canonical_letter':                               
                             'A'}}, {'seat_index': 7,                          
                             'letter': 'A',                                    
                             'confidence': 0.95,                               
                             'procedure_or_lens':                              
                             'estimate_first',                                 
                             'temperature': 0.6,                               
                             'permutation':                                    
                             {'seat_index': 7,                                 
                             'shuffled_order': [2, 3,                          
                             1, 0],                                            
                             'shuffled_letter': 'D',                           
                             'canonical_letter':                               
                             'A'}}, {'seat_index': 8,                          
                             'letter': 'A',                                    
                             'confidence': 0.95,                               
                             'procedure_or_lens':                              
                             'dimensional_analysis',                           
                             'temperature': 0.9,                               
                             'permutation':                                    
                             {'seat_index': 8,                                 
                             'shuffled_order': [1, 2,                          
                             3, 0],                                            
                             'shuffled_letter': 'D',                           
                             'canonical_letter':                               
                             'A'}}], 'unanimous':                              
                             True, 'n_solvers': 9,                             
                             'solver_tier': 'cheap',                           
                             'no_tribunal': True})                             
                             cost=$0.00000                                     
[08/01/26 19:11:16] INFO     recRZjaElf8ft7xTq        lever_experiments.py:2113
                             [diversified_panel]:                              
                             final=A(correct,                                  
                             escalated=False,                                  
                             {'seat_answers':                                  
                             [{'seat_index': 0,                                
                             'letter': 'A',                                    
                             'confidence': 0.95,                               
                             'procedure_or_lens':                              
                             'solve_forward',                                  
                             'temperature': 0.3,                               
                             'permutation':                                    
                             {'seat_index': 0,                                 
                             'shuffled_order': [3, 1,                          
                             2, 0],                                            
                             'shuffled_letter': 'D',                           
                             'canonical_letter':                               
                             'A'}}, {'seat_index': 1,                          
                             'letter': 'A',                                    
                             'confidence': 0.9,                                
                             'procedure_or_lens':                              
                             'verify_by_candidate',                            
                             'temperature': 0.6,                               
                             'permutation':                                    
                             {'seat_index': 1,                                 
                             'shuffled_order': [2, 1,                          
                             0, 3],                                            
                             'shuffled_letter': 'C',                           
                             'canonical_letter':                               
                             'A'}}, {'seat_index': 2,                          
                             'letter': 'D',                                    
                             'confidence': 0.95,                               
                             'procedure_or_lens':                              
                             'estimate_first',                                 
                             'temperature': 0.9,                               
                             'permutation':                                    
                             {'seat_index': 2,                                 
                             'shuffled_order': [1, 2,                          
                             0, 3],                                            
                             'shuffled_letter': 'D',                           
                             'canonical_letter':                               
                             'D'}}, {'seat_index': 3,                          
                             'letter': 'D',                                    
                             'confidence': 0.95,                               
                             'procedure_or_lens':                              
                             'dimensional_analysis',                           
                             'temperature': 0.3,                               
                             'permutation':                                    
                             {'seat_index': 3,                                 
                             'shuffled_order': [3, 2,                          
                             1, 0],                                            
                             'shuffled_letter': 'A',                           
                             'canonical_letter':                               
                             'D'}}, {'seat_index': 4,                          
                             'letter': 'C',                                    
                             'confidence': 0.85,                               
                             'procedure_or_lens':                              
                             'analogy_to_canonical',                           
                             'temperature': 0.6,                               
                             'permutation':                                    
                             {'seat_index': 4,                                 
                             'shuffled_order': [2, 3,                          
                             1, 0],                                            
                             'shuffled_letter': 'A',                           
                             'canonical_letter':                               
                             'C'}}, {'seat_index': 5,                          
                             'letter': 'A',                                    
                             'confidence': 0.95,                               
                             'procedure_or_lens':                              
                             'solve_forward',                                  
                             'temperature': 0.9,                               
                             'permutation':                                    
                             {'seat_index': 5,                                 
                             'shuffled_order': [1, 2,                          
                             0, 3],                                            
                             'shuffled_letter': 'C',                           
                             'canonical_letter':                               
                             'A'}}, {'seat_index': 6,                          
                             'letter': 'A',                                    
                             'confidence': 0.9,                                
                             'procedure_or_lens':                              
                             'verify_by_candidate',                            
                             'temperature': 0.3,                               
                             'permutation':                                    
                             {'seat_index': 6,                                 
                             'shuffled_order': [1, 3,                          
                             0, 2],                                            
                             'shuffled_letter': 'C',                           
                             'canonical_letter':                               
                             'A'}}, {'seat_index': 7,                          
                             'letter': 'D',                                    
                             'confidence': 0.95,                               
                             'procedure_or_lens':                              
                             'estimate_first',                                 
                             'temperature': 0.6,                               
                             'permutation':                                    
                             {'seat_index': 7,                                 
                             'shuffled_order': [2, 3,                          
                             0, 1],                                            
                             'shuffled_letter': 'B',                           
                             'canonical_letter':                               
                             'D'}}, {'seat_index': 8,                          
                             'letter': 'D',                                    
                             'confidence': 0.95,                               
                             'procedure_or_lens':                              
                             'dimensional_analysis',                           
                             'temperature': 0.9,                               
                             'permutation':                                    
                             {'seat_index': 8,                                 
                             'shuffled_order': [1, 3,                          
                             0, 2],                                            
                             'shuffled_letter': 'B',                           
                             'canonical_letter':                               
                             'D'}}], 'unanimous':                              
                             False, 'n_solvers': 9,                            
                             'solver_tier': 'cheap',                           
                             'no_tribunal': True})                             
                             cost=$0.00000                                     
[08/01/26 19:11:18] INFO     recrNbtgTNoabJJi6        lever_experiments.py:2113
                             [diversified_panel]:                              
                             final=C(correct,                                  
                             escalated=False,                                  
                             {'seat_answers':                                  
                             [{'seat_index': 0,                                
                             'letter': 'C',                                    
                             'confidence': 0.85,                               
                             'procedure_or_lens':                              
                             'solve_forward',                                  
                             'temperature': 0.3,                               
                             'permutation':                                    
                             {'seat_index': 0,                                 
                             'shuffled_order': [1, 0,                          
                             3, 2],                                            
                             'shuffled_letter': 'D',                           
                             'canonical_letter':                               
                             'C'}}, {'seat_index': 1,                          
                             'letter': 'D',                                    
                             'confidence': 0.9,                                
                             'procedure_or_lens':                              
                             'verify_by_candidate',                            
                             'temperature': 0.6,                               
                             'permutation':                                    
                             {'seat_index': 1,                                 
                             'shuffled_order': [1, 3,                          
                             2, 0],                                            
                             'shuffled_letter': 'B',                           
                             'canonical_letter':                               
                             'D'}}, {'seat_index': 2,                          
                             'letter': 'D',                                    
                             'confidence': 0.9,                                
                             'procedure_or_lens':                              
                             'estimate_first',                                 
                             'temperature': 0.9,                               
                             'permutation':                                    
                             {'seat_index': 2,                                 
                             'shuffled_order': [3, 1,                          
                             0, 2],                                            
                             'shuffled_letter': 'A',                           
                             'canonical_letter':                               
                             'D'}}, {'seat_index': 3,                          
                             'letter': 'C',                                    
                             'confidence': 0.85,                               
                             'procedure_or_lens':                              
                             'dimensional_analysis',                           
                             'temperature': 0.3,                               
                             'permutation':                                    
                             {'seat_index': 3,                                 
                             'shuffled_order': [1, 3,                          
                             2, 0],                                            
                             'shuffled_letter': 'C',                           
                             'canonical_letter':                               
                             'C'}}, {'seat_index': 4,                          
                             'letter': 'D',                                    
                             'confidence': 0.9,                                
                             'procedure_or_lens':                              
                             'analogy_to_canonical',                           
                             'temperature': 0.6,                               
                             'permutation':                                    
                             {'seat_index': 4,                                 
                             'shuffled_order': [2, 0,                          
                             3, 1],                                            
                             'shuffled_letter': 'C',                           
                             'canonical_letter':                               
                             'D'}}, {'seat_index': 5,                          
                             'letter': 'C',                                    
                             'confidence': 0.9,                                
                             'procedure_or_lens':                              
                             'solve_forward',                                  
                             'temperature': 0.9,                               
                             'permutation':                                    
                             {'seat_index': 5,                                 
                             'shuffled_order': [1, 3,                          
                             2, 0],                                            
                             'shuffled_letter': 'C',                           
                             'canonical_letter':                               
                             'C'}}, {'seat_index': 6,                          
                             'letter': 'D',                                    
                             'confidence': 0.85,                               
                             'procedure_or_lens':                              
                             'verify_by_candidate',                            
                             'temperature': 0.3,                               
                             'permutation':                                    
                             {'seat_index': 6,                                 
                             'shuffled_order': [2, 3,                          
                             1, 0],                                            
                             'shuffled_letter': 'B',                           
                             'canonical_letter':                               
                             'D'}}, {'seat_index': 7,                          
                             'letter': 'C',                                    
                             'confidence': 0.9,                                
                             'procedure_or_lens':                              
                             'estimate_first',                                 
                             'temperature': 0.6,                               
                             'permutation':                                    
                             {'seat_index': 7,                                 
                             'shuffled_order': [3, 1,                          
                             2, 0],                                            
                             'shuffled_letter': 'C',                           
                             'canonical_letter':                               
                             'C'}}, {'seat_index': 8,                          
                             'letter': 'B',                                    
                             'confidence': 0.9,                                
                             'procedure_or_lens':                              
                             'dimensional_analysis',                           
                             'temperature': 0.9,                               
                             'permutation':                                    
                             {'seat_index': 8,                                 
                             'shuffled_order': [2, 1,                          
                             0, 3],                                            
                             'shuffled_letter': 'B',                           
                             'canonical_letter':                               
                             'B'}}], 'unanimous':                              
                             False, 'n_solvers': 9,                            
                             'solver_tier': 'cheap',                           
                             'no_tribunal': True})                             
                             cost=$0.00000                                     
[08/01/26 19:11:20] INFO     rec1oj2DveQWl9Rpw        lever_experiments.py:2113
                             [diversified_panel]:                              
                             final=C(wrong,                                    
                             escalated=False,                                  
                             {'seat_answers':                                  
                             [{'seat_index': 0,                                
                             'letter': 'C',                                    
                             'confidence': 0.95,                               
                             'procedure_or_lens':                              
                             'solve_forward',                                  
                             'temperature': 0.3,                               
                             'permutation':                                    
                             {'seat_index': 0,                                 
                             'shuffled_order': [3, 0,                          
                             2, 1],                                            
                             'shuffled_letter': 'C',                           
                             'canonical_letter':                               
                             'C'}}, {'seat_index': 1,                          
                             'letter': 'C',                                    
                             'confidence': 0.95,                               
                             'procedure_or_lens':                              
                             'verify_by_candidate',                            
                             'temperature': 0.6,                               
                             'permutation':                                    
                             {'seat_index': 1,                                 
                             'shuffled_order': [2, 3,                          
                             0, 1],                                            
                             'shuffled_letter': 'A',                           
                             'canonical_letter':                               
                             'C'}}, {'seat_index': 2,                          
                             'letter': 'C',                                    
                             'confidence': 0.95,                               
                             'procedure_or_lens':                              
                             'estimate_first',                                 
                             'temperature': 0.9,                               
                             'permutation':                                    
                             {'seat_index': 2,                                 
                             'shuffled_order': [0, 1,                          
                             3, 2],                                            
                             'shuffled_letter': 'D',                           
                             'canonical_letter':                               
                             'C'}}, {'seat_index': 3,                          
                             'letter': 'D',                                    
                             'confidence': 0.4,                                
                             'procedure_or_lens':                              
                             'dimensional_analysis',                           
                             'temperature': 0.3,                               
                             'permutation':                                    
                             {'seat_index': 3,                                 
                             'shuffled_order': [3, 0,                          
                             2, 1],                                            
                             'shuffled_letter': 'A',                           
                             'canonical_letter':                               
                             'D'}}, {'seat_index': 4,                          
                             'letter': 'C',                                    
                             'confidence': 0.9,                                
                             'procedure_or_lens':                              
                             'analogy_to_canonical',                           
                             'temperature': 0.6,                               
                             'permutation':                                    
                             {'seat_index': 4,                                 
                             'shuffled_order': [1, 2,                          
                             0, 3],                                            
                             'shuffled_letter': 'B',                           
                             'canonical_letter':                               
                             'C'}}, {'seat_index': 5,                          
                             'letter': 'C',                                    
                             'confidence': 0.95,                               
                             'procedure_or_lens':                              
                             'solve_forward',                                  
                             'temperature': 0.9,                               
                             'permutation':                                    
                             {'seat_index': 5,                                 
                             'shuffled_order': [1, 3,                          
                             0, 2],                                            
                             'shuffled_letter': 'D',                           
                             'canonical_letter':                               
                             'C'}}, {'seat_index': 6,                          
                             'letter': 'C',                                    
                             'confidence': 0.9,                                
                             'procedure_or_lens':                              
                             'verify_by_candidate',                            
                             'temperature': 0.3,                               
                             'permutation':                                    
                             {'seat_index': 6,                                 
                             'shuffled_order': [0, 2,                          
                             1, 3],                                            
                             'shuffled_letter': 'B',                           
                             'canonical_letter':                               
                             'C'}}, {'seat_index': 7,                          
                             'letter': 'C',                                    
                             'confidence': 0.9,                                
                             'procedure_or_lens':                              
                             'estimate_first',                                 
                             'temperature': 0.6,                               
                             'permutation':                                    
                             {'seat_index': 7,                                 
                             'shuffled_order': [1, 3,                          
                             0, 2],                                            
                             'shuffled_letter': 'D',                           
                             'canonical_letter':                               
                             'C'}}, {'seat_index': 8,                          
                             'letter': 'C',                                    
                             'confidence': 0.95,                               
                             'procedure_or_lens':                              
                             'dimensional_analysis',                           
                             'temperature': 0.9,                               
                             'permutation':                                    
                             {'seat_index': 8,                                 
                             'shuffled_order': [0, 3,                          
                             2, 1],                                            
                             'shuffled_letter': 'C',                           
                             'canonical_letter':                               
                             'C'}}], 'unanimous':                              
                             False, 'n_solvers': 9,                            
                             'solver_tier': 'cheap',                           
                             'no_tribunal': True})                             
                             cost=$0.00000                                     
[08/01/26 19:11:25] INFO     rec0VuKUjt1SZ7NYv        lever_experiments.py:2113
                             [diversified_panel]:                              
                             final=D(correct,                                  
                             escalated=False,                                  
                             {'seat_answers':                                  
                             [{'seat_index': 0,                                
                             'letter': 'D',                                    
                             'confidence': 0.95,                               
                             'procedure_or_lens':                              
                             'solve_forward',                                  
                             'temperature': 0.3,                               
                             'permutation':                                    
                             {'seat_index': 0,                                 
                             'shuffled_order': [1, 3,                          
                             0, 2],                                            
                             'shuffled_letter': 'B',                           
                             'canonical_letter':                               
                             'D'}}, {'seat_index': 1,                          
                             'letter': 'D',                                    
                             'confidence': 0.95,                               
                             'procedure_or_lens':                              
                             'verify_by_candidate',                            
                             'temperature': 0.6,                               
                             'permutation':                                    
                             {'seat_index': 1,                                 
                             'shuffled_order': [0, 2,                          
                             3, 1],                                            
                             'shuffled_letter': 'C',                           
                             'canonical_letter':                               
                             'D'}}, {'seat_index': 2,                          
                             'letter': 'D',                                    
                             'confidence': 0.95,                               
                             'procedure_or_lens':                              
                             'estimate_first',                                 
                             'temperature': 0.9,                               
                             'permutation':                                    
                             {'seat_index': 2,                                 
                             'shuffled_order': [0, 2,                          
                             3, 1],                                            
                             'shuffled_letter': 'C',                           
                             'canonical_letter':                               
                             'D'}}, {'seat_index': 3,                          
                             'letter': 'D',                                    
                             'confidence': 0.9,                                
                             'procedure_or_lens':                              
                             'dimensional_analysis',                           
                             'temperature': 0.3,                               
                             'permutation':                                    
                             {'seat_index': 3,                                 
                             'shuffled_order': [0, 3,                          
                             2, 1],                                            
                             'shuffled_letter': 'B',                           
                             'canonical_letter':                               
                             'D'}}, {'seat_index': 4,                          
                             'letter': 'D',                                    
                             'confidence': 0.9,                                
                             'procedure_or_lens':                              
                             'analogy_to_canonical',                           
                             'temperature': 0.6,                               
                             'permutation':                                    
                             {'seat_index': 4,                                 
                             'shuffled_order': [2, 0,                          
                             3, 1],                                            
                             'shuffled_letter': 'C',                           
                             'canonical_letter':                               
                             'D'}}, {'seat_index': 5,                          
                             'letter': 'D',                                    
                             'confidence': 0.95,                               
                             'procedure_or_lens':                              
                             'solve_forward',                                  
                             'temperature': 0.9,                               
                             'permutation':                                    
                             {'seat_index': 5,                                 
                             'shuffled_order': [0, 3,                          
                             1, 2],                                            
                             'shuffled_letter': 'B',                           
                             'canonical_letter':                               
                             'D'}}, {'seat_index': 6,                          
                             'letter': 'D',                                    
                             'confidence': 0.9,                                
                             'procedure_or_lens':                              
                             'verify_by_candidate',                            
                             'temperature': 0.3,                               
                             'permutation':                                    
                             {'seat_index': 6,                                 
                             'shuffled_order': [3, 0,                          
                             1, 2],                                            
                             'shuffled_letter': 'A',                           
                             'canonical_letter':                               
                             'D'}}, {'seat_index': 7,                          
                             'letter': 'D',                                    
                             'confidence': 0.9,                                
                             'procedure_or_lens':                              
                             'estimate_first',                                 
                             'temperature': 0.6,                               
                             'permutation':                                    
                             {'seat_index': 7,                                 
                             'shuffled_order': [2, 0,                          
                             3, 1],                                            
                             'shuffled_letter': 'C',                           
                             'canonical_letter':                               
                             'D'}}, {'seat_index': 8,                          
                             'letter': 'D',                                    
                             'confidence': 0.95,                               
                             'procedure_or_lens':                              
                             'dimensional_analysis',                           
                             'temperature': 0.9,                               
                             'permutation':                                    
                             {'seat_index': 8,                                 
                             'shuffled_order': [1, 2,                          
                             0, 3],                                            
                             'shuffled_letter': 'D',                           
                             'canonical_letter':                               
                             'D'}}], 'unanimous':                              
                             True, 'n_solvers': 9,                             
                             'solver_tier': 'cheap',                           
                             'no_tribunal': True})                             
                             cost=$0.00000                                     
[08/01/26 19:11:31] INFO     recz3MfYHPRhsEQkW        lever_experiments.py:2113
                             [diversified_panel]:                              
                             final=C(correct,                                  
                             escalated=False,                                  
                             {'seat_answers':                                  
                             [{'seat_index': 0,                                
                             'letter': 'C',                                    
                             'confidence': 0.9,                                
                             'procedure_or_lens':                              
                             'solve_forward',                                  
                             'temperature': 0.3,                               
                             'permutation':                                    
                             {'seat_index': 0,                                 
                             'shuffled_order': [1, 2,                          
                             3, 0],                                            
                             'shuffled_letter': 'B',                           
                             'canonical_letter':                               
                             'C'}}, {'seat_index': 1,                          
                             'letter': 'C',                                    
                             'confidence': 0.95,                               
                             'procedure_or_lens':                              
                             'verify_by_candidate',                            
                             'temperature': 0.6,                               
                             'permutation':                                    
                             {'seat_index': 1,                                 
                             'shuffled_order': [1, 2,                          
                             0, 3],                                            
                             'shuffled_letter': 'B',                           
                             'canonical_letter':                               
                             'C'}}, {'seat_index': 2,                          
                             'letter': 'C',                                    
                             'confidence': 0.85,                               
                             'procedure_or_lens':                              
                             'estimate_first',                                 
                             'temperature': 0.9,                               
                             'permutation':                                    
                             {'seat_index': 2,                                 
                             'shuffled_order': [3, 2,                          
                             1, 0],                                            
                             'shuffled_letter': 'B',                           
                             'canonical_letter':                               
                             'C'}}, {'seat_index': 3,                          
                             'letter': 'C',                                    
                             'confidence': 0.95,                               
                             'procedure_or_lens':                              
                             'dimensional_analysis',                           
                             'temperature': 0.3,                               
                             'permutation':                                    
                             {'seat_index': 3,                                 
                             'shuffled_order': [1, 2,                          
                             3, 0],                                            
                             'shuffled_letter': 'B',                           
                             'canonical_letter':                               
                             'C'}}, {'seat_index': 4,                          
                             'letter': 'B',                                    
                             'confidence': 0.9,                                
                             'procedure_or_lens':                              
                             'analogy_to_canonical',                           
                             'temperature': 0.6,                               
                             'permutation':                                    
                             {'seat_index': 4,                                 
                             'shuffled_order': [2, 0,                          
                             1, 3],                                            
                             'shuffled_letter': 'C',                           
                             'canonical_letter':                               
                             'B'}}, {'seat_index': 5,                          
                             'letter': 'B',                                    
                             'confidence': 0.9,                                
                             'procedure_or_lens':                              
                             'solve_forward',                                  
                             'temperature': 0.9,                               
                             'permutation':                                    
                             {'seat_index': 5,                                 
                             'shuffled_order': [2, 1,                          
                             3, 0],                                            
                             'shuffled_letter': 'B',                           
                             'canonical_letter':                               
                             'B'}}, {'seat_index': 6,                          
                             'letter': 'C',                                    
                             'confidence': 0.85,                               
                             'procedure_or_lens':                              
                             'verify_by_candidate',                            
                             'temperature': 0.3,                               
                             'permutation':                                    
                             {'seat_index': 6,                                 
                             'shuffled_order': [2, 1,                          
                             0, 3],                                            
                             'shuffled_letter': 'A',                           
                             'canonical_letter':                               
                             'C'}}, {'seat_index': 7,                          
                             'letter': 'C',                                    
                             'confidence': 0.8,                                
                             'procedure_or_lens':                              
                             'estimate_first',                                 
                             'temperature': 0.6,                               
                             'permutation':                                    
                             {'seat_index': 7,                                 
                             'shuffled_order': [2, 3,                          
                             1, 0],                                            
                             'shuffled_letter': 'A',                           
                             'canonical_letter':                               
                             'C'}}, {'seat_index': 8,                          
                             'letter': 'C',                                    
                             'confidence': 0.6,                                
                             'procedure_or_lens':                              
                             'dimensional_analysis',                           
                             'temperature': 0.9,                               
                             'permutation':                                    
                             {'seat_index': 8,                                 
                             'shuffled_order': [3, 1,                          
                             2, 0],                                            
                             'shuffled_letter': 'C',                           
                             'canonical_letter':                               
                             'C'}}], 'unanimous':                              
                             False, 'n_solvers': 9,                            
                             'solver_tier': 'cheap',                           
                             'no_tribunal': True})                             
                             cost=$0.00000                                     
[08/01/26 19:11:38] INFO     rec4L69T0Y1AS4AFS        lever_experiments.py:2113
                             [diversified_panel]:                              
                             final=D(correct,                                  
                             escalated=False,                                  
                             {'seat_answers':                                  
                             [{'seat_index': 0,                                
                             'letter': 'D',                                    
                             'confidence': 0.9,                                
                             'procedure_or_lens':                              
                             'solve_forward',                                  
                             'temperature': 0.3,                               
                             'permutation':                                    
                             {'seat_index': 0,                                 
                             'shuffled_order': [2, 3,                          
                             1, 0],                                            
                             'shuffled_letter': 'B',                           
                             'canonical_letter':                               
                             'D'}}, {'seat_index': 1,                          
                             'letter': 'D',                                    
                             'confidence': 0.85,                               
                             'procedure_or_lens':                              
                             'verify_by_candidate',                            
                             'temperature': 0.6,                               
                             'permutation':                                    
                             {'seat_index': 1,                                 
                             'shuffled_order': [2, 1,                          
                             0, 3],                                            
                             'shuffled_letter': 'D',                           
                             'canonical_letter':                               
                             'D'}}, {'seat_index': 2,                          
                             'letter': 'D',                                    
                             'confidence': 0.9,                                
                             'procedure_or_lens':                              
                             'estimate_first',                                 
                             'temperature': 0.9,                               
                             'permutation':                                    
                             {'seat_index': 2,                                 
                             'shuffled_order': [3, 2,                          
                             1, 0],                                            
                             'shuffled_letter': 'A',                           
                             'canonical_letter':                               
                             'D'}}, {'seat_index': 3,                          
                             'letter': 'D',                                    
                             'confidence': 0.9,                                
                             'procedure_or_lens':                              
                             'dimensional_analysis',                           
                             'temperature': 0.3,                               
                             'permutation':                                    
                             {'seat_index': 3,                                 
                             'shuffled_order': [2, 0,                          
                             3, 1],                                            
                             'shuffled_letter': 'C',                           
                             'canonical_letter':                               
                             'D'}}, {'seat_index': 4,                          
                             'letter': 'D',                                    
                             'confidence': 0.9,                                
                             'procedure_or_lens':                              
                             'analogy_to_canonical',                           
                             'temperature': 0.6,                               
                             'permutation':                                    
                             {'seat_index': 4,                                 
                             'shuffled_order': [0, 1,                          
                             2, 3],                                            
                             'shuffled_letter': 'D',                           
                             'canonical_letter':                               
                             'D'}}, {'seat_index': 5,                          
                             'letter': 'D',                                    
                             'confidence': 0.9,                                
                             'procedure_or_lens':                              
                             'solve_forward',                                  
                             'temperature': 0.9,                               
                             'permutation':                                    
                             {'seat_index': 5,                                 
                             'shuffled_order': [2, 0,                          
                             3, 1],                                            
                             'shuffled_letter': 'C',                           
                             'canonical_letter':                               
                             'D'}}, {'seat_index': 6,                          
                             'letter': 'D',                                    
                             'confidence': 0.85,                               
                             'procedure_or_lens':                              
                             'verify_by_candidate',                            
                             'temperature': 0.3,                               
                             'permutation':                                    
                             {'seat_index': 6,                                 
                             'shuffled_order': [3, 0,                          
                             2, 1],                                            
                             'shuffled_letter': 'A',                           
                             'canonical_letter':                               
                             'D'}}, {'seat_index': 7,                          
                             'letter': 'D',                                    
                             'confidence': 0.85,                               
                             'procedure_or_lens':                              
                             'estimate_first',                                 
                             'temperature': 0.6,                               
                             'permutation':                                    
                             {'seat_index': 7,                                 
                             'shuffled_order': [0, 2,                          
                             3, 1],                                            
                             'shuffled_letter': 'C',                           
                             'canonical_letter':                               
                             'D'}}, {'seat_index': 8,                          
                             'letter': 'D',                                    
                             'confidence': 0.85,                               
                             'procedure_or_lens':                              
                             'dimensional_analysis',                           
                             'temperature': 0.9,                               
                             'permutation':                                    
                             {'seat_index': 8,                                 
                             'shuffled_order': [1, 0,                          
                             3, 2],                                            
                             'shuffled_letter': 'C',                           
                             'canonical_letter':                               
                             'D'}}], 'unanimous':                              
                             True, 'n_solvers': 9,                             
                             'solver_tier': 'cheap',                           
                             'no_tribunal': True})                             
                             cost=$0.00000                                     
[08/01/26 19:11:41] INFO     recb2M22zaD3tL6Qc        lever_experiments.py:2113
                             [diversified_panel]:                              
                             final=A(wrong,                                    
                             escalated=False,                                  
                             {'seat_answers':                                  
                             [{'seat_index': 0,                                
                             'letter': 'A',                                    
                             'confidence': 0.9,                                
                             'procedure_or_lens':                              
                             'solve_forward',                                  
                             'temperature': 0.3,                               
                             'permutation':                                    
                             {'seat_index': 0,                                 
                             'shuffled_order': [3, 0,                          
                             1, 2],                                            
                             'shuffled_letter': 'B',                           
                             'canonical_letter':                               
                             'A'}}, {'seat_index': 1,                          
                             'letter': 'A',                                    
                             'confidence': 0.85,                               
                             'procedure_or_lens':                              
                             'verify_by_candidate',                            
                             'temperature': 0.6,                               
                             'permutation':                                    
                             {'seat_index': 1,                                 
                             'shuffled_order': [1, 3,                          
                             0, 2],                                            
                             'shuffled_letter': 'C',                           
                             'canonical_letter':                               
                             'A'}}, {'seat_index': 2,                          
                             'letter': 'A',                                    
                             'confidence': 0.8,                                
                             'procedure_or_lens':                              
                             'estimate_first',                                 
                             'temperature': 0.9,                               
                             'permutation':                                    
                             {'seat_index': 2,                                 
                             'shuffled_order': [3, 1,                          
                             2, 0],                                            
                             'shuffled_letter': 'D',                           
                             'canonical_letter':                               
                             'A'}}, {'seat_index': 3,                          
                             'letter': 'A',                                    
                             'confidence': 0.85,                               
                             'procedure_or_lens':                              
                             'dimensional_analysis',                           
                             'temperature': 0.3,                               
                             'permutation':                                    
                             {'seat_index': 3,                                 
                             'shuffled_order': [1, 0,                          
                             2, 3],                                            
                             'shuffled_letter': 'B',                           
                             'canonical_letter':                               
                             'A'}}, {'seat_index': 4,                          
                             'letter': 'A',                                    
                             'confidence': 0.85,                               
                             'procedure_or_lens':                              
                             'analogy_to_canonical',                           
                             'temperature': 0.6,                               
                             'permutation':                                    
                             {'seat_index': 4,                                 
                             'shuffled_order': [1, 3,                          
                             0, 2],                                            
                             'shuffled_letter': 'C',                           
                             'canonical_letter':                               
                             'A'}}, {'seat_index': 5,                          
                             'letter': 'C',                                    
                             'confidence': 0.85,                               
                             'procedure_or_lens':                              
                             'solve_forward',                                  
                             'temperature': 0.9,                               
                             'permutation':                                    
                             {'seat_index': 5,                                 
                             'shuffled_order': [3, 0,                          
                             2, 1],                                            
                             'shuffled_letter': 'C',                           
                             'canonical_letter':                               
                             'C'}}, {'seat_index': 6,                          
                             'letter': 'C',                                    
                             'confidence': 0.9,                                
                             'procedure_or_lens':                              
                             'verify_by_candidate',                            
                             'temperature': 0.3,                               
                             'permutation':                                    
                             {'seat_index': 6,                                 
                             'shuffled_order': [2, 3,                          
                             1, 0],                                            
                             'shuffled_letter': 'A',                           
                             'canonical_letter':                               
                             'C'}}, {'seat_index': 7,                          
                             'letter': 'A',                                    
                             'confidence': 0.85,                               
                             'procedure_or_lens':                              
                             'estimate_first',                                 
                             'temperature': 0.6,                               
                             'permutation':                                    
                             {'seat_index': 7,                                 
                             'shuffled_order': [0, 3,                          
                             2, 1],                                            
                             'shuffled_letter': 'A',                           
                             'canonical_letter':                               
                             'A'}}, {'seat_index': 8,                          
                             'letter': 'A',                                    
                             'confidence': 0.8,                                
                             'procedure_or_lens':                              
                             'dimensional_analysis',                           
                             'temperature': 0.9,                               
                             'permutation':                                    
                             {'seat_index': 8,                                 
                             'shuffled_order': [2, 0,                          
                             3, 1],                                            
                             'shuffled_letter': 'B',                           
                             'canonical_letter':                               
                             'A'}}], 'unanimous':                              
                             False, 'n_solvers': 9,                            
                             'solver_tier': 'cheap',                           
                             'no_tribunal': True})                             
                             cost=$0.00000                                     
[08/01/26 19:11:44] INFO     recVvpD8miVjmmyfe        lever_experiments.py:2113
                             [diversified_panel]:                              
                             final=A(wrong,                                    
                             escalated=False,                                  
                             {'seat_answers':                                  
                             [{'seat_index': 0,                                
                             'letter': 'C',                                    
                             'confidence': 0.9,                                
                             'procedure_or_lens':                              
                             'solve_forward',                                  
                             'temperature': 0.3,                               
                             'permutation':                                    
                             {'seat_index': 0,                                 
                             'shuffled_order': [3, 1,                          
                             0, 2],                                            
                             'shuffled_letter': 'D',                           
                             'canonical_letter':                               
                             'C'}}, {'seat_index': 1,                          
                             'letter': 'A',                                    
                             'confidence': 0.9,                                
                             'procedure_or_lens':                              
                             'verify_by_candidate',                            
                             'temperature': 0.6,                               
                             'permutation':                                    
                             {'seat_index': 1,                                 
                             'shuffled_order': [3, 1,                          
                             2, 0],                                            
                             'shuffled_letter': 'D',                           
                             'canonical_letter':                               
                             'A'}}, {'seat_index': 2,                          
                             'letter': 'D',                                    
                             'confidence': 0.9,                                
                             'procedure_or_lens':                              
                             'estimate_first',                                 
                             'temperature': 0.9,                               
                             'permutation':                                    
                             {'seat_index': 2,                                 
                             'shuffled_order': [2, 0,                          
                             3, 1],                                            
                             'shuffled_letter': 'C',                           
                             'canonical_letter':                               
                             'D'}}, {'seat_index': 3,                          
                             'letter': 'A',                                    
                             'confidence': 0.9,                                
                             'procedure_or_lens':                              
                             'dimensional_analysis',                           
                             'temperature': 0.3,                               
                             'permutation':                                    
                             {'seat_index': 3,                                 
                             'shuffled_order': [3, 2,                          
                             1, 0],                                            
                             'shuffled_letter': 'D',                           
                             'canonical_letter':                               
                             'A'}}, {'seat_index': 4,                          
                             'letter': 'D',                                    
                             'confidence': 0.9,                                
                             'procedure_or_lens':                              
                             'analogy_to_canonical',                           
                             'temperature': 0.6,                               
                             'permutation':                                    
                             {'seat_index': 4,                                 
                             'shuffled_order': [0, 1,                          
                             3, 2],                                            
                             'shuffled_letter': 'C',                           
                             'canonical_letter':                               
                             'D'}}, {'seat_index': 5,                          
                             'letter': 'A',                                    
                             'confidence': 0.85,                               
                             'procedure_or_lens':                              
                             'solve_forward',                                  
                             'temperature': 0.9,                               
                             'permutation':                                    
                             {'seat_index': 5,                                 
                             'shuffled_order': [1, 3,                          
                             2, 0],                                            
                             'shuffled_letter': 'D',                           
                             'canonical_letter':                               
                             'A'}}, {'seat_index': 6,                          
                             'letter': 'A',                                    
                             'confidence': 0.9,                                
                             'procedure_or_lens':                              
                             'verify_by_candidate',                            
                             'temperature': 0.3,                               
                             'permutation':                                    
                             {'seat_index': 6,                                 
                             'shuffled_order': [1, 3,                          
                             2, 0],                                            
                             'shuffled_letter': 'D',                           
                             'canonical_letter':                               
                             'A'}}, {'seat_index': 7,                          
                             'letter': 'A',                                    
                             'confidence': 0.9,                                
                             'procedure_or_lens':                              
                             'estimate_first',                                 
                             'temperature': 0.6,                               
                             'permutation':                                    
                             {'seat_index': 7,                                 
                             'shuffled_order': [1, 2,                          
                             3, 0],                                            
                             'shuffled_letter': 'D',                           
                             'canonical_letter':                               
                             'A'}}, {'seat_index': 8,                          
                             'letter': 'D',                                    
                             'confidence': 0.9,                                
                             'procedure_or_lens':                              
                             'dimensional_analysis',                           
                             'temperature': 0.9,                               
                             'permutation':                                    
                             {'seat_index': 8,                                 
                             'shuffled_order': [2, 1,                          
                             0, 3],                                            
                             'shuffled_letter': 'D',                           
                             'canonical_letter':                               
                             'D'}}], 'unanimous':                              
                             False, 'n_solvers': 9,                            
                             'solver_tier': 'cheap',                           
                             'no_tribunal': True})                             
                             cost=$0.00000                                     
[08/01/26 19:11:49] INFO     reczzzihL7btBH7RO        lever_experiments.py:2113
                             [diversified_panel]:                              
                             final=B(correct,                                  
                             escalated=False,                                  
                             {'seat_answers':                                  
                             [{'seat_index': 0,                                
                             'letter': 'B',                                    
                             'confidence': 0.95,                               
                             'procedure_or_lens':                              
                             'solve_forward',                                  
                             'temperature': 0.3,                               
                             'permutation':                                    
                             {'seat_index': 0,                                 
                             'shuffled_order': [2, 1,                          
                             0, 3],                                            
                             'shuffled_letter': 'B',                           
                             'canonical_letter':                               
                             'B'}}, {'seat_index': 1,                          
                             'letter': 'B',                                    
                             'confidence': 0.85,                               
                             'procedure_or_lens':                              
                             'verify_by_candidate',                            
                             'temperature': 0.6,                               
                             'permutation':                                    
                             {'seat_index': 1,                                 
                             'shuffled_order': [2, 0,                          
                             1, 3],                                            
                             'shuffled_letter': 'C',                           
                             'canonical_letter':                               
                             'B'}}, {'seat_index': 2,                          
                             'letter': 'B',                                    
                             'confidence': 0.95,                               
                             'procedure_or_lens':                              
                             'estimate_first',                                 
                             'temperature': 0.9,                               
                             'permutation':                                    
                             {'seat_index': 2,                                 
                             'shuffled_order': [2, 1,                          
                             0, 3],                                            
                             'shuffled_letter': 'B',                           
                             'canonical_letter':                               
                             'B'}}, {'seat_index': 3,                          
                             'letter': 'D',                                    
                             'confidence': 0.85,                               
                             'procedure_or_lens':                              
                             'dimensional_analysis',                           
                             'temperature': 0.3,                               
                             'permutation':                                    
                             {'seat_index': 3,                                 
                             'shuffled_order': [2, 3,                          
                             1, 0],                                            
                             'shuffled_letter': 'B',                           
                             'canonical_letter':                               
                             'D'}}, {'seat_index': 4,                          
                             'letter': 'B',                                    
                             'confidence': 0.9,                                
                             'procedure_or_lens':                              
                             'analogy_to_canonical',                           
                             'temperature': 0.6,                               
                             'permutation':                                    
                             {'seat_index': 4,                                 
                             'shuffled_order': [0, 1,                          
                             3, 2],                                            
                             'shuffled_letter': 'B',                           
                             'canonical_letter':                               
                             'B'}}, {'seat_index': 5,                          
                             'letter': 'D',                                    
                             'confidence': 0.9,                                
                             'procedure_or_lens':                              
                             'solve_forward',                                  
                             'temperature': 0.9,                               
                             'permutation':                                    
                             {'seat_index': 5,                                 
                             'shuffled_order': [2, 3,                          
                             1, 0],                                            
                             'shuffled_letter': 'B',                           
                             'canonical_letter':                               
                             'D'}}, {'seat_index': 6,                          
                             'letter': 'D',                                    
                             'confidence': 0.95,                               
                             'procedure_or_lens':                              
                             'verify_by_candidate',                            
                             'temperature': 0.3,                               
                             'permutation':                                    
                             {'seat_index': 6,                                 
                             'shuffled_order': [2, 3,                          
                             0, 1],                                            
                             'shuffled_letter': 'B',                           
                             'canonical_letter':                               
                             'D'}}, {'seat_index': 7,                          
                             'letter': 'B',                                    
                             'confidence': 0.95,                               
                             'procedure_or_lens':                              
                             'estimate_first',                                 
                             'temperature': 0.6,                               
                             'permutation':                                    
                             {'seat_index': 7,                                 
                             'shuffled_order': [1, 0,                          
                             3, 2],                                            
                             'shuffled_letter': 'A',                           
                             'canonical_letter':                               
                             'B'}}, {'seat_index': 8,                          
                             'letter': 'D',                                    
                             'confidence': 0.6,                                
                             'procedure_or_lens':                              
                             'dimensional_analysis',                           
                             'temperature': 0.9,                               
                             'permutation':                                    
                             {'seat_index': 8,                                 
                             'shuffled_order': [1, 0,                          
                             2, 3],                                            
                             'shuffled_letter': 'D',                           
                             'canonical_letter':                               
                             'D'}}], 'unanimous':                              
                             False, 'n_solvers': 9,                            
                             'solver_tier': 'cheap',                           
                             'no_tribunal': True})                             
                             cost=$0.00000                                     
[08/01/26 19:11:52] INFO     recgC4GJ8wUemlUQD        lever_experiments.py:2113
                             [diversified_panel]:                              
                             final=B(correct,                                  
                             escalated=False,                                  
                             {'seat_answers':                                  
                             [{'seat_index': 0,                                
                             'letter': 'B',                                    
                             'confidence': 0.95,                               
                             'procedure_or_lens':                              
                             'solve_forward',                                  
                             'temperature': 0.3,                               
                             'permutation':                                    
                             {'seat_index': 0,                                 
                             'shuffled_order': [3, 0,                          
                             2, 1],                                            
                             'shuffled_letter': 'D',                           
                             'canonical_letter':                               
                             'B'}}, {'seat_index': 1,                          
                             'letter': 'B',                                    
                             'confidence': 0.9,                                
                             'procedure_or_lens':                              
                             'verify_by_candidate',                            
                             'temperature': 0.6,                               
                             'permutation':                                    
                             {'seat_index': 1,                                 
                             'shuffled_order': [0, 1,                          
                             3, 2],                                            
                             'shuffled_letter': 'B',                           
                             'canonical_letter':                               
                             'B'}}, {'seat_index': 2,                          
                             'letter': 'B',                                    
                             'confidence': 0.95,                               
                             'procedure_or_lens':                              
                             'estimate_first',                                 
                             'temperature': 0.9,                               
                             'permutation':                                    
                             {'seat_index': 2,                                 
                             'shuffled_order': [0, 1,                          
                             3, 2],                                            
                             'shuffled_letter': 'B',                           
                             'canonical_letter':                               
                             'B'}}, {'seat_index': 3,                          
                             'letter': 'B',                                    
                             'confidence': 0.95,                               
                             'procedure_or_lens':                              
                             'dimensional_analysis',                           
                             'temperature': 0.3,                               
                             'permutation':                                    
                             {'seat_index': 3,                                 
                             'shuffled_order': [1, 2,                          
                             0, 3],                                            
                             'shuffled_letter': 'A',                           
                             'canonical_letter':                               
                             'B'}}, {'seat_index': 4,                          
                             'letter': 'B',                                    
                             'confidence': 0.95,                               
                             'procedure_or_lens':                              
                             'analogy_to_canonical',                           
                             'temperature': 0.6,                               
                             'permutation':                                    
                             {'seat_index': 4,                                 
                             'shuffled_order': [1, 0,                          
                             3, 2],                                            
                             'shuffled_letter': 'A',                           
                             'canonical_letter':                               
                             'B'}}, {'seat_index': 5,                          
                             'letter': 'B',                                    
                             'confidence': 0.95,                               
                             'procedure_or_lens':                              
                             'solve_forward',                                  
                             'temperature': 0.9,                               
                             'permutation':                                    
                             {'seat_index': 5,                                 
                             'shuffled_order': [0, 2,                          
                             1, 3],                                            
                             'shuffled_letter': 'C',                           
                             'canonical_letter':                               
                             'B'}}, {'seat_index': 6,                          
                             'letter': 'B',                                    
                             'confidence': 0.95,                               
                             'procedure_or_lens':                              
                             'verify_by_candidate',                            
                             'temperature': 0.3,                               
                             'permutation':                                    
                             {'seat_index': 6,                                 
                             'shuffled_order': [1, 3,                          
                             2, 0],                                            
                             'shuffled_letter': 'A',                           
                             'canonical_letter':                               
                             'B'}}, {'seat_index': 7,                          
                             'letter': 'B',                                    
                             'confidence': 0.95,                               
                             'procedure_or_lens':                              
                             'estimate_first',                                 
                             'temperature': 0.6,                               
                             'permutation':                                    
                             {'seat_index': 7,                                 
                             'shuffled_order': [2, 0,                          
                             1, 3],                                            
                             'shuffled_letter': 'C',                           
                             'canonical_letter':                               
                             'B'}}, {'seat_index': 8,                          
                             'letter': 'B',                                    
                             'confidence': 0.95,                               
                             'procedure_or_lens':                              
                             'dimensional_analysis',                           
                             'temperature': 0.9,                               
                             'permutation':                                    
                             {'seat_index': 8,                                 
                             'shuffled_order': [3, 2,                          
                             0, 1],                                            
                             'shuffled_letter': 'D',                           
                             'canonical_letter':                               
                             'B'}}], 'unanimous':                              
                             True, 'n_solvers': 9,                             
                             'solver_tier': 'cheap',                           
                             'no_tribunal': True})                             
                             cost=$0.00000                                     
                    INFO     recLrRirj7iXoB0rU        lever_experiments.py:2113
                             [diversified_panel]:                              
                             final=C(correct,                                  
                             escalated=False,                                  
                             {'seat_answers':                                  
                             [{'seat_index': 0,                                
                             'letter': 'C',                                    
                             'confidence': 0.85,                               
                             'procedure_or_lens':                              
                             'solve_forward',                                  
                             'temperature': 0.3,                               
                             'permutation':                                    
                             {'seat_index': 0,                                 
                             'shuffled_order': [3, 2,                          
                             1, 0],                                            
                             'shuffled_letter': 'B',                           
                             'canonical_letter':                               
                             'C'}}, {'seat_index': 1,                          
                             'letter': 'C',                                    
                             'confidence': 0.95,                               
                             'procedure_or_lens':                              
                             'verify_by_candidate',                            
                             'temperature': 0.6,                               
                             'permutation':                                    
                             {'seat_index': 1,                                 
                             'shuffled_order': [1, 3,                          
                             2, 0],                                            
                             'shuffled_letter': 'C',                           
                             'canonical_letter':                               
                             'C'}}, {'seat_index': 2,                          
                             'letter': 'C',                                    
                             'confidence': 0.95,                               
                             'procedure_or_lens':                              
                             'estimate_first',                                 
                             'temperature': 0.9,                               
                             'permutation':                                    
                             {'seat_index': 2,                                 
                             'shuffled_order': [2, 1,                          
                             0, 3],                                            
                             'shuffled_letter': 'A',                           
                             'canonical_letter':                               
                             'C'}}, {'seat_index': 3,                          
                             'letter': 'C',                                    
                             'confidence': 0.9,                                
                             'procedure_or_lens':                              
                             'dimensional_analysis',                           
                             'temperature': 0.3,                               
                             'permutation':                                    
                             {'seat_index': 3,                                 
                             'shuffled_order': [1, 2,                          
                             3, 0],                                            
                             'shuffled_letter': 'B',                           
                             'canonical_letter':                               
                             'C'}}, {'seat_index': 4,                          
                             'letter': 'C',                                    
                             'confidence': 0.9,                                
                             'procedure_or_lens':                              
                             'analogy_to_canonical',                           
                             'temperature': 0.6,                               
                             'permutation':                                    
                             {'seat_index': 4,                                 
                             'shuffled_order': [1, 2,                          
                             0, 3],                                            
                             'shuffled_letter': 'B',                           
                             'canonical_letter':                               
                             'C'}}, {'seat_index': 5,                          
                             'letter': 'C',                                    
                             'confidence': 0.9,                                
                             'procedure_or_lens':                              
                             'solve_forward',                                  
                             'temperature': 0.9,                               
                             'permutation':                                    
                             {'seat_index': 5,                                 
                             'shuffled_order': [1, 2,                          
                             3, 0],                                            
                             'shuffled_letter': 'B',                           
                             'canonical_letter':                               
                             'C'}}, {'seat_index': 6,                          
                             'letter': 'C',                                    
                             'confidence': 0.9,                                
                             'procedure_or_lens':                              
                             'verify_by_candidate',                            
                             'temperature': 0.3,                               
                             'permutation':                                    
                             {'seat_index': 6,                                 
                             'shuffled_order': [1, 0,                          
                             2, 3],                                            
                             'shuffled_letter': 'C',                           
                             'canonical_letter':                               
                             'C'}}, {'seat_index': 7,                          
                             'letter': 'C',                                    
                             'confidence': 0.95,                               
                             'procedure_or_lens':                              
                             'estimate_first',                                 
                             'temperature': 0.6,                               
                             'permutation':                                    
                             {'seat_index': 7,                                 
                             'shuffled_order': [0, 1,                          
                             2, 3],                                            
                             'shuffled_letter': 'C',                           
                             'canonical_letter':                               
                             'C'}}, {'seat_index': 8,                          
                             'letter': 'C',                                    
                             'confidence': 0.85,                               
                             'procedure_or_lens':                              
                             'dimensional_analysis',                           
                             'temperature': 0.9,                               
                             'permutation':                                    
                             {'seat_index': 8,                                 
                             'shuffled_order': [0, 2,                          
                             1, 3],                                            
                             'shuffled_letter': 'B',                           
                             'canonical_letter':                               
                             'C'}}], 'unanimous':                              
                             True, 'n_solvers': 9,                             
                             'solver_tier': 'cheap',                           
                             'no_tribunal': True})                             
                             cost=$0.00000                                     
[08/01/26 19:11:56] INFO     recZSGUkn56v9kEp1        lever_experiments.py:2113
                             [diversified_panel]:                              
                             final=A(correct,                                  
                             escalated=False,                                  
                             {'seat_answers':                                  
                             [{'seat_index': 0,                                
                             'letter': 'A',                                    
                             'confidence': 0.85,                               
                             'procedure_or_lens':                              
                             'solve_forward',                                  
                             'temperature': 0.3,                               
                             'permutation':                                    
                             {'seat_index': 0,                                 
                             'shuffled_order': [3, 1,                          
                             0, 2],                                            
                             'shuffled_letter': 'C',                           
                             'canonical_letter':                               
                             'A'}}, {'seat_index': 1,                          
                             'letter': 'A',                                    
                             'confidence': 0.6,                                
                             'procedure_or_lens':                              
                             'verify_by_candidate',                            
                             'temperature': 0.6,                               
                             'permutation':                                    
                             {'seat_index': 1,                                 
                             'shuffled_order': [2, 1,                          
                             0, 3],                                            
                             'shuffled_letter': 'C',                           
                             'canonical_letter':                               
                             'A'}}, {'seat_index': 2,                          
                             'letter': 'A',                                    
                             'confidence': 0.6,                                
                             'procedure_or_lens':                              
                             'estimate_first',                                 
                             'temperature': 0.9,                               
                             'permutation':                                    
                             {'seat_index': 2,                                 
                             'shuffled_order': [0, 1,                          
                             2, 3],                                            
                             'shuffled_letter': 'A',                           
                             'canonical_letter':                               
                             'A'}}, {'seat_index': 3,                          
                             'letter': 'A',                                    
                             'confidence': 0.85,                               
                             'procedure_or_lens':                              
                             'dimensional_analysis',                           
                             'temperature': 0.3,                               
                             'permutation':                                    
                             {'seat_index': 3,                                 
                             'shuffled_order': [0, 3,                          
                             1, 2],                                            
                             'shuffled_letter': 'A',                           
                             'canonical_letter':                               
                             'A'}}, {'seat_index': 4,                          
                             'letter': 'B',                                    
                             'confidence': 0.4,                                
                             'procedure_or_lens':                              
                             'analogy_to_canonical',                           
                             'temperature': 0.6,                               
                             'permutation':                                    
                             {'seat_index': 4,                                 
                             'shuffled_order': [3, 2,                          
                             1, 0],                                            
                             'shuffled_letter': 'C',                           
                             'canonical_letter':                               
                             'B'}}, {'seat_index': 5,                          
                             'letter': 'B',                                    
                             'confidence': 0.6,                                
                             'procedure_or_lens':                              
                             'solve_forward',                                  
                             'temperature': 0.9,                               
                             'permutation':                                    
                             {'seat_index': 5,                                 
                             'shuffled_order': [3, 1,                          
                             2, 0],                                            
                             'shuffled_letter': 'B',                           
                             'canonical_letter':                               
                             'B'}}, {'seat_index': 6,                          
                             'letter': 'A',                                    
                             'confidence': 0.6,                                
                             'procedure_or_lens':                              
                             'verify_by_candidate',                            
                             'temperature': 0.3,                               
                             'permutation':                                    
                             {'seat_index': 6,                                 
                             'shuffled_order': [0, 2,                          
                             3, 1],                                            
                             'shuffled_letter': 'A',                           
                             'canonical_letter':                               
                             'A'}}, {'seat_index': 7,                          
                             'letter': 'A',                                    
                             'confidence': 0.6,                                
                             'procedure_or_lens':                              
                             'estimate_first',                                 
                             'temperature': 0.6,                               
                             'permutation':                                    
                             {'seat_index': 7,                                 
                             'shuffled_order': [0, 3,                          
                             1, 2],                                            
                             'shuffled_letter': 'A',                           
                             'canonical_letter':                               
                             'A'}}, {'seat_index': 8,                          
                             'letter': 'A',                                    
                             'confidence': 0.7,                                
                             'procedure_or_lens':                              
                             'dimensional_analysis',                           
                             'temperature': 0.9,                               
                             'permutation':                                    
                             {'seat_index': 8,                                 
                             'shuffled_order': [2, 1,                          
                             3, 0],                                            
                             'shuffled_letter': 'D',                           
                             'canonical_letter':                               
                             'A'}}], 'unanimous':                              
                             False, 'n_solvers': 9,                            
                             'solver_tier': 'cheap',                           
                             'no_tribunal': True})                             
                             cost=$0.00000                                     
[08/01/26 19:12:01] INFO     recpki12iG9RUGrz9        lever_experiments.py:2113
                             [diversified_panel]:                              
                             final=D(correct,                                  
                             escalated=False,                                  
                             {'seat_answers':                                  
                             [{'seat_index': 0,                                
                             'letter': 'C',                                    
                             'confidence': 0.95,                               
                             'procedure_or_lens':                              
                             'solve_forward',                                  
                             'temperature': 0.3,                               
                             'permutation':                                    
                             {'seat_index': 0,                                 
                             'shuffled_order': [2, 3,                          
                             0, 1],                                            
                             'shuffled_letter': 'A',                           
                             'canonical_letter':                               
                             'C'}}, {'seat_index': 1,                          
                             'letter': 'D',                                    
                             'confidence': 1.0,                                
                             'procedure_or_lens':                              
                             'verify_by_candidate',                            
                             'temperature': 0.6,                               
                             'permutation':                                    
                             {'seat_index': 1,                                 
                             'shuffled_order': [1, 2,                          
                             3, 0],                                            
                             'shuffled_letter': 'C',                           
                             'canonical_letter':                               
                             'D'}}, {'seat_index': 2,                          
                             'letter': 'D',                                    
                             'confidence': 0.95,                               
                             'procedure_or_lens':                              
                             'estimate_first',                                 
                             'temperature': 0.9,                               
                             'permutation':                                    
                             {'seat_index': 2,                                 
                             'shuffled_order': [0, 1,                          
                             3, 2],                                            
                             'shuffled_letter': 'C',                           
                             'canonical_letter':                               
                             'D'}}, {'seat_index': 3,                          
                             'letter': 'D',                                    
                             'confidence': 0.95,                               
                             'procedure_or_lens':                              
                             'dimensional_analysis',                           
                             'temperature': 0.3,                               
                             'permutation':                                    
                             {'seat_index': 3,                                 
                             'shuffled_order': [2, 0,                          
                             1, 3],                                            
                             'shuffled_letter': 'D',                           
                             'canonical_letter':                               
                             'D'}}, {'seat_index': 4,                          
                             'letter': 'C',                                    
                             'confidence': 0.95,                               
                             'procedure_or_lens':                              
                             'analogy_to_canonical',                           
                             'temperature': 0.6,                               
                             'permutation':                                    
                             {'seat_index': 4,                                 
                             'shuffled_order': [2, 3,                          
                             1, 0],                                            
                             'shuffled_letter': 'A',                           
                             'canonical_letter':                               
                             'C'}}, {'seat_index': 5,                          
                             'letter': 'D',                                    
                             'confidence': 1.0,                                
                             'procedure_or_lens':                              
                             'solve_forward',                                  
                             'temperature': 0.9,                               
                             'permutation':                                    
                             {'seat_index': 5,                                 
                             'shuffled_order': [3, 0,                          
                             1, 2],                                            
                             'shuffled_letter': 'A',                           
                             'canonical_letter':                               
                             'D'}}, {'seat_index': 6,                          
                             'letter': 'C',                                    
                             'confidence': 0.95,                               
                             'procedure_or_lens':                              
                             'verify_by_candidate',                            
                             'temperature': 0.3,                               
                             'permutation':                                    
                             {'seat_index': 6,                                 
                             'shuffled_order': [0, 1,                          
                             2, 3],                                            
                             'shuffled_letter': 'C',                           
                             'canonical_letter':                               
                             'C'}}, {'seat_index': 7,                          
                             'letter': 'D',                                    
                             'confidence': 0.95,                               
                             'procedure_or_lens':                              
                             'estimate_first',                                 
                             'temperature': 0.6,                               
                             'permutation':                                    
                             {'seat_index': 7,                                 
                             'shuffled_order': [2, 0,                          
                             3, 1],                                            
                             'shuffled_letter': 'C',                           
                             'canonical_letter':                               
                             'D'}}, {'seat_index': 8,                          
                             'letter': 'D',                                    
                             'confidence': 0.95,                               
                             'procedure_or_lens':                              
                             'dimensional_analysis',                           
                             'temperature': 0.9,                               
                             'permutation':                                    
                             {'seat_index': 8,                                 
                             'shuffled_order': [3, 0,                          
                             2, 1],                                            
                             'shuffled_letter': 'A',                           
                             'canonical_letter':                               
                             'D'}}], 'unanimous':                              
                             False, 'n_solvers': 9,                            
                             'solver_tier': 'cheap',                           
                             'no_tribunal': True})                             
                             cost=$0.00000                                     
[08/01/26 19:12:02] INFO     recuYEkVjdVUwA3c0        lever_experiments.py:2113
                             [diversified_panel]:                              
                             final=B(wrong,                                    
                             escalated=False,                                  
                             {'seat_answers':                                  
                             [{'seat_index': 0,                                
                             'letter': 'A',                                    
                             'confidence': 0.85,                               
                             'procedure_or_lens':                              
                             'solve_forward',                                  
                             'temperature': 0.3,                               
                             'permutation':                                    
                             {'seat_index': 0,                                 
                             'shuffled_order': [2, 0,                          
                             3, 1],                                            
                             'shuffled_letter': 'B',                           
                             'canonical_letter':                               
                             'A'}}, {'seat_index': 1,                          
                             'letter': 'B',                                    
                             'confidence': 0.85,                               
                             'procedure_or_lens':                              
                             'verify_by_candidate',                            
                             'temperature': 0.6,                               
                             'permutation':                                    
                             {'seat_index': 1,                                 
                             'shuffled_order': [0, 3,                          
                             1, 2],                                            
                             'shuffled_letter': 'C',                           
                             'canonical_letter':                               
                             'B'}}, {'seat_index': 2,                          
                             'letter': 'B',                                    
                             'confidence': 0.95,                               
                             'procedure_or_lens':                              
                             'estimate_first',                                 
                             'temperature': 0.9,                               
                             'permutation':                                    
                             {'seat_index': 2,                                 
                             'shuffled_order': [1, 0,                          
                             2, 3],                                            
                             'shuffled_letter': 'A',                           
                             'canonical_letter':                               
                             'B'}}, {'seat_index': 3,                          
                             'letter': 'B',                                    
                             'confidence': 0.9,                                
                             'procedure_or_lens':                              
                             'dimensional_analysis',                           
                             'temperature': 0.3,                               
                             'permutation':                                    
                             {'seat_index': 3,                                 
                             'shuffled_order': [0, 1,                          
                             2, 3],                                            
                             'shuffled_letter': 'B',                           
                             'canonical_letter':                               
                             'B'}}, {'seat_index': 4,                          
                             'letter': 'C',                                    
                             'confidence': 0.85,                               
                             'procedure_or_lens':                              
                             'analogy_to_canonical',                           
                             'temperature': 0.6,                               
                             'permutation':                                    
                             {'seat_index': 4,                                 
                             'shuffled_order': [1, 0,                          
                             3, 2],                                            
                             'shuffled_letter': 'D',                           
                             'canonical_letter':                               
                             'C'}}, {'seat_index': 5,                          
                             'letter': 'D',                                    
                             'confidence': 0.9,                                
                             'procedure_or_lens':                              
                             'solve_forward',                                  
                             'temperature': 0.9,                               
                             'permutation':                                    
                             {'seat_index': 5,                                 
                             'shuffled_order': [2, 0,                          
                             1, 3],                                            
                             'shuffled_letter': 'D',                           
                             'canonical_letter':                               
                             'D'}}, {'seat_index': 6,                          
                             'letter': 'C',                                    
                             'confidence': 0.85,                               
                             'procedure_or_lens':                              
                             'verify_by_candidate',                            
                             'temperature': 0.3,                               
                             'permutation':                                    
                             {'seat_index': 6,                                 
                             'shuffled_order': [1, 0,                          
                             3, 2],                                            
                             'shuffled_letter': 'D',                           
                             'canonical_letter':                               
                             'C'}}, {'seat_index': 7,                          
                             'letter': 'C',                                    
                             'confidence': 0.9,                                
                             'procedure_or_lens':                              
                             'estimate_first',                                 
                             'temperature': 0.6,                               
                             'permutation':                                    
                             {'seat_index': 7,                                 
                             'shuffled_order': [3, 0,                          
                             1, 2],                                            
                             'shuffled_letter': 'D',                           
                             'canonical_letter':                               
                             'C'}}, {'seat_index': 8,                          
                             'letter': 'A',                                    
                             'confidence': 0.85,                               
                             'procedure_or_lens':                              
                             'dimensional_analysis',                           
                             'temperature': 0.9,                               
                             'permutation':                                    
                             {'seat_index': 8,                                 
                             'shuffled_order': [3, 0,                          
                             1, 2],                                            
                             'shuffled_letter': 'B',                           
                             'canonical_letter':                               
                             'A'}}], 'unanimous':                              
                             False, 'n_solvers': 9,                            
                             'solver_tier': 'cheap',                           
                             'no_tribunal': True})                             
                             cost=$0.00000                                     
[08/01/26 19:12:06] INFO     recypVp2NmPlBKVTp        lever_experiments.py:2113
                             [diversified_panel]:                              
                             final=D(correct,                                  
                             escalated=False,                                  
                             {'seat_answers':                                  
                             [{'seat_index': 0,                                
                             'letter': 'D',                                    
                             'confidence': 0.95,                               
                             'procedure_or_lens':                              
                             'solve_forward',                                  
                             'temperature': 0.3,                               
                             'permutation':                                    
                             {'seat_index': 0,                                 
                             'shuffled_order': [1, 0,                          
                             2, 3],                                            
                             'shuffled_letter': 'D',                           
                             'canonical_letter':                               
                             'D'}}, {'seat_index': 1,                          
                             'letter': 'D',                                    
                             'confidence': 0.95,                               
                             'procedure_or_lens':                              
                             'verify_by_candidate',                            
                             'temperature': 0.6,                               
                             'permutation':                                    
                             {'seat_index': 1,                                 
                             'shuffled_order': [2, 0,                          
                             3, 1],                                            
                             'shuffled_letter': 'C',                           
                             'canonical_letter':                               
                             'D'}}, {'seat_index': 2,                          
                             'letter': 'D',                                    
                             'confidence': 0.9,                                
                             'procedure_or_lens':                              
                             'estimate_first',                                 
                             'temperature': 0.9,                               
                             'permutation':                                    
                             {'seat_index': 2,                                 
                             'shuffled_order': [1, 0,                          
                             2, 3],                                            
                             'shuffled_letter': 'D',                           
                             'canonical_letter':                               
                             'D'}}, {'seat_index': 3,                          
                             'letter': 'D',                                    
                             'confidence': 0.95,                               
                             'procedure_or_lens':                              
                             'dimensional_analysis',                           
                             'temperature': 0.3,                               
                             'permutation':                                    
                             {'seat_index': 3,                                 
                             'shuffled_order': [1, 0,                          
                             3, 2],                                            
                             'shuffled_letter': 'C',                           
                             'canonical_letter':                               
                             'D'}}, {'seat_index': 4,                          
                             'letter': 'D',                                    
                             'confidence': 0.95,                               
                             'procedure_or_lens':                              
                             'analogy_to_canonical',                           
                             'temperature': 0.6,                               
                             'permutation':                                    
                             {'seat_index': 4,                                 
                             'shuffled_order': [0, 1,                          
                             2, 3],                                            
                             'shuffled_letter': 'D',                           
                             'canonical_letter':                               
                             'D'}}, {'seat_index': 5,                          
                             'letter': 'D',                                    
                             'confidence': 0.95,                               
                             'procedure_or_lens':                              
                             'solve_forward',                                  
                             'temperature': 0.9,                               
                             'permutation':                                    
                             {'seat_index': 5,                                 
                             'shuffled_order': [2, 0,                          
                             1, 3],                                            
                             'shuffled_letter': 'D',                           
                             'canonical_letter':                               
                             'D'}}, {'seat_index': 6,                          
                             'letter': 'D',                                    
                             'confidence': 0.9,                                
                             'procedure_or_lens':                              
                             'verify_by_candidate',                            
                             'temperature': 0.3,                               
                             'permutation':                                    
                             {'seat_index': 6,                                 
                             'shuffled_order': [0, 1,                          
                             2, 3],                                            
                             'shuffled_letter': 'D',                           
                             'canonical_letter':                               
                             'D'}}, {'seat_index': 7,                          
                             'letter': 'D',                                    
                             'confidence': 0.95,                               
                             'procedure_or_lens':                              
                             'estimate_first',                                 
                             'temperature': 0.6,                               
                             'permutation':                                    
                             {'seat_index': 7,                                 
                             'shuffled_order': [0, 3,                          
                             2, 1],                                            
                             'shuffled_letter': 'B',                           
                             'canonical_letter':                               
                             'D'}}, {'seat_index': 8,                          
                             'letter': 'D',                                    
                             'confidence': 0.95,                               
                             'procedure_or_lens':                              
                             'dimensional_analysis',                           
                             'temperature': 0.9,                               
                             'permutation':                                    
                             {'seat_index': 8,                                 
                             'shuffled_order': [2, 0,                          
                             3, 1],                                            
                             'shuffled_letter': 'C',                           
                             'canonical_letter':                               
                             'D'}}], 'unanimous':                              
                             True, 'n_solvers': 9,                             
                             'solver_tier': 'cheap',                           
                             'no_tribunal': True})                             
                             cost=$0.00000                                     
[08/01/26 19:12:07] INFO     recwW1A85nfyQpReG        lever_experiments.py:2113
                             [diversified_panel]:                              
                             final=B(wrong,                                    
                             escalated=False,                                  
                             {'seat_answers':                                  
                             [{'seat_index': 0,                                
                             'letter': 'B',                                    
                             'confidence': 0.95,                               
                             'procedure_or_lens':                              
                             'solve_forward',                                  
                             'temperature': 0.3,                               
                             'permutation':                                    
                             {'seat_index': 0,                                 
                             'shuffled_order': [1, 3,                          
                             0, 2],                                            
                             'shuffled_letter': 'A',                           
                             'canonical_letter':                               
                             'B'}}, {'seat_index': 1,                          
                             'letter': 'B',                                    
                             'confidence': 0.95,                               
                             'procedure_or_lens':                              
                             'verify_by_candidate',                            
                             'temperature': 0.6,                               
                             'permutation':                                    
                             {'seat_index': 1,                                 
                             'shuffled_order': [0, 3,                          
                             2, 1],                                            
                             'shuffled_letter': 'D',                           
                             'canonical_letter':                               
                             'B'}}, {'seat_index': 2,                          
                             'letter': 'D',                                    
                             'confidence': 0.95,                               
                             'procedure_or_lens':                              
                             'estimate_first',                                 
                             'temperature': 0.9,                               
                             'permutation':                                    
                             {'seat_index': 2,                                 
                             'shuffled_order': [1, 0,                          
                             2, 3],                                            
                             'shuffled_letter': 'D',                           
                             'canonical_letter':                               
                             'D'}}, {'seat_index': 3,                          
                             'letter': 'B',                                    
                             'confidence': 1.0,                                
                             'procedure_or_lens':                              
                             'dimensional_analysis',                           
                             'temperature': 0.3,                               
                             'permutation':                                    
                             {'seat_index': 3,                                 
                             'shuffled_order': [1, 2,                          
                             0, 3],                                            
                             'shuffled_letter': 'A',                           
                             'canonical_letter':                               
                             'B'}}, {'seat_index': 4,                          
                             'letter': 'B',                                    
                             'confidence': 0.7,                                
                             'procedure_or_lens':                              
                             'analogy_to_canonical',                           
                             'temperature': 0.6,                               
                             'permutation':                                    
                             {'seat_index': 4,                                 
                             'shuffled_order': [0, 2,                          
                             3, 1],                                            
                             'shuffled_letter': 'D',                           
                             'canonical_letter':                               
                             'B'}}, {'seat_index': 5,                          
                             'letter': 'D',                                    
                             'confidence': 0.95,                               
                             'procedure_or_lens':                              
                             'solve_forward',                                  
                             'temperature': 0.9,                               
                             'permutation':                                    
                             {'seat_index': 5,                                 
                             'shuffled_order': [3, 2,                          
                             0, 1],                                            
                             'shuffled_letter': 'A',                           
                             'canonical_letter':                               
                             'D'}}, {'seat_index': 6,                          
                             'letter': 'B',                                    
                             'confidence': 0.9,                                
                             'procedure_or_lens':                              
                             'verify_by_candidate',                            
                             'temperature': 0.3,                               
                             'permutation':                                    
                             {'seat_index': 6,                                 
                             'shuffled_order': [1, 3,                          
                             2, 0],                                            
                             'shuffled_letter': 'A',                           
                             'canonical_letter':                               
                             'B'}}, {'seat_index': 7,                          
                             'letter': 'B',                                    
                             'confidence': 0.95,                               
                             'procedure_or_lens':                              
                             'estimate_first',                                 
                             'temperature': 0.6,                               
                             'permutation':                                    
                             {'seat_index': 7,                                 
                             'shuffled_order': [0, 3,                          
                             1, 2],                                            
                             'shuffled_letter': 'C',                           
                             'canonical_letter':                               
                             'B'}}, {'seat_index': 8,                          
                             'letter': 'D',                                    
                             'confidence': 1.0,                                
                             'procedure_or_lens':                              
                             'dimensional_analysis',                           
                             'temperature': 0.9,                               
                             'permutation':                                    
                             {'seat_index': 8,                                 
                             'shuffled_order': [0, 1,                          
                             2, 3],                                            
                             'shuffled_letter': 'D',                           
                             'canonical_letter':                               
                             'D'}}], 'unanimous':                              
                             False, 'n_solvers': 9,                            
                             'solver_tier': 'cheap',                           
                             'no_tribunal': True})                             
                             cost=$0.00000                                     
[08/01/26 19:12:11] INFO     recLSzwBUS3olCjhl        lever_experiments.py:2113
                             [diversified_panel]:                              
                             final=D(correct,                                  
                             escalated=False,                                  
                             {'seat_answers':                                  
                             [{'seat_index': 0,                                
                             'letter': 'D',                                    
                             'confidence': 0.95,                               
                             'procedure_or_lens':                              
                             'solve_forward',                                  
                             'temperature': 0.3,                               
                             'permutation':                                    
                             {'seat_index': 0,                                 
                             'shuffled_order': [3, 1,                          
                             2, 0],                                            
                             'shuffled_letter': 'A',                           
                             'canonical_letter':                               
                             'D'}}, {'seat_index': 1,                          
                             'letter': 'D',                                    
                             'confidence': 0.95,                               
                             'procedure_or_lens':                              
                             'verify_by_candidate',                            
                             'temperature': 0.6,                               
                             'permutation':                                    
                             {'seat_index': 1,                                 
                             'shuffled_order': [1, 0,                          
                             2, 3],                                            
                             'shuffled_letter': 'D',                           
                             'canonical_letter':                               
                             'D'}}, {'seat_index': 2,                          
                             'letter': 'D',                                    
                             'confidence': 0.95,                               
                             'procedure_or_lens':                              
                             'estimate_first',                                 
                             'temperature': 0.9,                               
                             'permutation':                                    
                             {'seat_index': 2,                                 
                             'shuffled_order': [2, 1,                          
                             3, 0],                                            
                             'shuffled_letter': 'C',                           
                             'canonical_letter':                               
                             'D'}}, {'seat_index': 3,                          
                             'letter': 'D',                                    
                             'confidence': 0.95,                               
                             'procedure_or_lens':                              
                             'dimensional_analysis',                           
                             'temperature': 0.3,                               
                             'permutation':                                    
                             {'seat_index': 3,                                 
                             'shuffled_order': [2, 1,                          
                             3, 0],                                            
                             'shuffled_letter': 'C',                           
                             'canonical_letter':                               
                             'D'}}, {'seat_index': 4,                          
                             'letter': 'D',                                    
                             'confidence': 0.95,                               
                             'procedure_or_lens':                              
                             'analogy_to_canonical',                           
                             'temperature': 0.6,                               
                             'permutation':                                    
                             {'seat_index': 4,                                 
                             'shuffled_order': [1, 2,                          
                             3, 0],                                            
                             'shuffled_letter': 'C',                           
                             'canonical_letter':                               
                             'D'}}, {'seat_index': 5,                          
                             'letter': 'D',                                    
                             'confidence': 0.9,                                
                             'procedure_or_lens':                              
                             'solve_forward',                                  
                             'temperature': 0.9,                               
                             'permutation':                                    
                             {'seat_index': 5,                                 
                             'shuffled_order': [1, 3,                          
                             2, 0],                                            
                             'shuffled_letter': 'B',                           
                             'canonical_letter':                               
                             'D'}}, {'seat_index': 6,                          
                             'letter': 'D',                                    
                             'confidence': 0.95,                               
                             'procedure_or_lens':                              
                             'verify_by_candidate',                            
                             'temperature': 0.3,                               
                             'permutation':                                    
                             {'seat_index': 6,                                 
                             'shuffled_order': [1, 2,                          
                             3, 0],                                            
                             'shuffled_letter': 'C',                           
                             'canonical_letter':                               
                             'D'}}, {'seat_index': 7,                          
                             'letter': 'D',                                    
                             'confidence': 0.95,                               
                             'procedure_or_lens':                              
                             'estimate_first',                                 
                             'temperature': 0.6,                               
                             'permutation':                                    
                             {'seat_index': 7,                                 
                             'shuffled_order': [3, 1,                          
                             2, 0],                                            
                             'shuffled_letter': 'A',                           
                             'canonical_letter':                               
                             'D'}}, {'seat_index': 8,                          
                             'letter': 'D',                                    
                             'confidence': 0.9,                                
                             'procedure_or_lens':                              
                             'dimensional_analysis',                           
                             'temperature': 0.9,                               
                             'permutation':                                    
                             {'seat_index': 8,                                 
                             'shuffled_order': [2, 1,                          
                             3, 0],                                            
                             'shuffled_letter': 'C',                           
                             'canonical_letter':                               
                             'D'}}], 'unanimous':                              
                             True, 'n_solvers': 9,                             
                             'solver_tier': 'cheap',                           
                             'no_tribunal': True})                             
                             cost=$0.00000                                     
[08/01/26 19:12:14] INFO     recDytVnNYZe2HuUU        lever_experiments.py:2113
                             [diversified_panel]:                              
                             final=D(correct,                                  
                             escalated=False,                                  
                             {'seat_answers':                                  
                             [{'seat_index': 0,                                
                             'letter': 'D',                                    
                             'confidence': 0.85,                               
                             'procedure_or_lens':                              
                             'solve_forward',                                  
                             'temperature': 0.3,                               
                             'permutation':                                    
                             {'seat_index': 0,                                 
                             'shuffled_order': [2, 1,                          
                             0, 3],                                            
                             'shuffled_letter': 'D',                           
                             'canonical_letter':                               
                             'D'}}, {'seat_index': 1,                          
                             'letter': 'C',                                    
                             'confidence': 0.6,                                
                             'procedure_or_lens':                              
                             'verify_by_candidate',                            
                             'temperature': 0.6,                               
                             'permutation':                                    
                             {'seat_index': 1,                                 
                             'shuffled_order': [3, 0,                          
                             1, 2],                                            
                             'shuffled_letter': 'D',                           
                             'canonical_letter':                               
                             'C'}}, {'seat_index': 2,                          
                             'letter': 'D',                                    
                             'confidence': 0.95,                               
                             'procedure_or_lens':                              
                             'estimate_first',                                 
                             'temperature': 0.9,                               
                             'permutation':                                    
                             {'seat_index': 2,                                 
                             'shuffled_order': [3, 1,                          
                             2, 0],                                            
                             'shuffled_letter': 'A',                           
                             'canonical_letter':                               
                             'D'}}, {'seat_index': 3,                          
                             'letter': 'D',                                    
                             'confidence': 0.95,                               
                             'procedure_or_lens':                              
                             'dimensional_analysis',                           
                             'temperature': 0.3,                               
                             'permutation':                                    
                             {'seat_index': 3,                                 
                             'shuffled_order': [0, 3,                          
                             1, 2],                                            
                             'shuffled_letter': 'B',                           
                             'canonical_letter':                               
                             'D'}}, {'seat_index': 4,                          
                             'letter': 'D',                                    
                             'confidence': 0.85,                               
                             'procedure_or_lens':                              
                             'analogy_to_canonical',                           
                             'temperature': 0.6,                               
                             'permutation':                                    
                             {'seat_index': 4,                                 
                             'shuffled_order': [2, 0,                          
                             3, 1],                                            
                             'shuffled_letter': 'C',                           
                             'canonical_letter':                               
                             'D'}}, {'seat_index': 5,                          
                             'letter': 'D',                                    
                             'confidence': 0.6,                                
                             'procedure_or_lens':                              
                             'solve_forward',                                  
                             'temperature': 0.9,                               
                             'permutation':                                    
                             {'seat_index': 5,                                 
                             'shuffled_order': [2, 1,                          
                             0, 3],                                            
                             'shuffled_letter': 'D',                           
                             'canonical_letter':                               
                             'D'}}, {'seat_index': 6,                          
                             'letter': 'C',                                    
                             'confidence': 0.95,                               
                             'procedure_or_lens':                              
                             'verify_by_candidate',                            
                             'temperature': 0.3,                               
                             'permutation':                                    
                             {'seat_index': 6,                                 
                             'shuffled_order': [1, 3,                          
                             2, 0],                                            
                             'shuffled_letter': 'C',                           
                             'canonical_letter':                               
                             'C'}}, {'seat_index': 7,                          
                             'letter': 'C',                                    
                             'confidence': 0.85,                               
                             'procedure_or_lens':                              
                             'estimate_first',                                 
                             'temperature': 0.6,                               
                             'permutation':                                    
                             {'seat_index': 7,                                 
                             'shuffled_order': [2, 3,                          
                             1, 0],                                            
                             'shuffled_letter': 'A',                           
                             'canonical_letter':                               
                             'C'}}, {'seat_index': 8,                          
                             'letter': 'C',                                    
                             'confidence': 0.9,                                
                             'procedure_or_lens':                              
                             'dimensional_analysis',                           
                             'temperature': 0.9,                               
                             'permutation':                                    
                             {'seat_index': 8,                                 
                             'shuffled_order': [2, 0,                          
                             1, 3],                                            
                             'shuffled_letter': 'A',                           
                             'canonical_letter':                               
                             'C'}}], 'unanimous':                              
                             False, 'n_solvers': 9,                            
                             'solver_tier': 'cheap',                           
                             'no_tribunal': True})                             
                             cost=$0.00000                                     
[08/01/26 19:12:17] INFO     recb4cGsC6BJUCU3V        lever_experiments.py:2113
                             [diversified_panel]:                              
                             final=D(wrong,                                    
                             escalated=False,                                  
                             {'seat_answers':                                  
                             [{'seat_index': 0,                                
                             'letter': 'D',                                    
                             'confidence': 0.95,                               
                             'procedure_or_lens':                              
                             'solve_forward',                                  
                             'temperature': 0.3,                               
                             'permutation':                                    
                             {'seat_index': 0,                                 
                             'shuffled_order': [2, 0,                          
                             1, 3],                                            
                             'shuffled_letter': 'D',                           
                             'canonical_letter':                               
                             'D'}}, {'seat_index': 1,                          
                             'letter': 'D',                                    
                             'confidence': 0.95,                               
                             'procedure_or_lens':                              
                             'verify_by_candidate',                            
                             'temperature': 0.6,                               
                             'permutation':                                    
                             {'seat_index': 1,                                 
                             'shuffled_order': [2, 0,                          
                             3, 1],                                            
                             'shuffled_letter': 'C',                           
                             'canonical_letter':                               
                             'D'}}, {'seat_index': 2,                          
                             'letter': 'D',                                    
                             'confidence': 0.9,                                
                             'procedure_or_lens':                              
                             'estimate_first',                                 
                             'temperature': 0.9,                               
                             'permutation':                                    
                             {'seat_index': 2,                                 
                             'shuffled_order': [2, 0,                          
                             1, 3],                                            
                             'shuffled_letter': 'D',                           
                             'canonical_letter':                               
                             'D'}}, {'seat_index': 3,                          
                             'letter': 'D',                                    
                             'confidence': 0.9,                                
                             'procedure_or_lens':                              
                             'dimensional_analysis',                           
                             'temperature': 0.3,                               
                             'permutation':                                    
                             {'seat_index': 3,                                 
                             'shuffled_order': [3, 2,                          
                             0, 1],                                            
                             'shuffled_letter': 'A',                           
                             'canonical_letter':                               
                             'D'}}, {'seat_index': 4,                          
                             'letter': 'D',                                    
                             'confidence': 0.95,                               
                             'procedure_or_lens':                              
                             'analogy_to_canonical',                           
                             'temperature': 0.6,                               
                             'permutation':                                    
                             {'seat_index': 4,                                 
                             'shuffled_order': [1, 3,                          
                             0, 2],                                            
                             'shuffled_letter': 'B',                           
                             'canonical_letter':                               
                             'D'}}, {'seat_index': 5,                          
                             'letter': 'C',                                    
                             'confidence': 0.9,                                
                             'procedure_or_lens':                              
                             'solve_forward',                                  
                             'temperature': 0.9,                               
                             'permutation':                                    
                             {'seat_index': 5,                                 
                             'shuffled_order': [2, 0,                          
                             3, 1],                                            
                             'shuffled_letter': 'A',                           
                             'canonical_letter':                               
                             'C'}}, {'seat_index': 6,                          
                             'letter': 'D',                                    
                             'confidence': 0.95,                               
                             'procedure_or_lens':                              
                             'verify_by_candidate',                            
                             'temperature': 0.3,                               
                             'permutation':                                    
                             {'seat_index': 6,                                 
                             'shuffled_order': [1, 3,                          
                             0, 2],                                            
                             'shuffled_letter': 'B',                           
                             'canonical_letter':                               
                             'D'}}, {'seat_index': 7,                          
                             'letter': 'D',                                    
                             'confidence': 0.95,                               
                             'procedure_or_lens':                              
                             'estimate_first',                                 
                             'temperature': 0.6,                               
                             'permutation':                                    
                             {'seat_index': 7,                                 
                             'shuffled_order': [3, 0,                          
                             1, 2],                                            
                             'shuffled_letter': 'A',                           
                             'canonical_letter':                               
                             'D'}}, {'seat_index': 8,                          
                             'letter': 'D',                                    
                             'confidence': 0.95,                               
                             'procedure_or_lens':                              
                             'dimensional_analysis',                           
                             'temperature': 0.9,                               
                             'permutation':                                    
                             {'seat_index': 8,                                 
                             'shuffled_order': [2, 3,                          
                             0, 1],                                            
                             'shuffled_letter': 'B',                           
                             'canonical_letter':                               
                             'D'}}], 'unanimous':                              
                             False, 'n_solvers': 9,                            
                             'solver_tier': 'cheap',                           
                             'no_tribunal': True})                             
                             cost=$0.00000                                     
[08/01/26 19:12:20] INFO     rec0wZvZgiz320KRs        lever_experiments.py:2113
                             [diversified_panel]:                              
                             final=A(wrong,                                    
                             escalated=False,                                  
                             {'seat_answers':                                  
                             [{'seat_index': 0,                                
                             'letter': 'A',                                    
                             'confidence': 0.95,                               
                             'procedure_or_lens':                              
                             'solve_forward',                                  
                             'temperature': 0.3,                               
                             'permutation':                                    
                             {'seat_index': 0,                                 
                             'shuffled_order': [3, 2,                          
                             0, 1],                                            
                             'shuffled_letter': 'C',                           
                             'canonical_letter':                               
                             'A'}}, {'seat_index': 1,                          
                             'letter': 'A',                                    
                             'confidence': 0.95,                               
                             'procedure_or_lens':                              
                             'verify_by_candidate',                            
                             'temperature': 0.6,                               
                             'permutation':                                    
                             {'seat_index': 1,                                 
                             'shuffled_order': [2, 1,                          
                             0, 3],                                            
                             'shuffled_letter': 'C',                           
                             'canonical_letter':                               
                             'A'}}, {'seat_index': 2,                          
                             'letter': 'C',                                    
                             'confidence': 0.95,                               
                             'procedure_or_lens':                              
                             'estimate_first',                                 
                             'temperature': 0.9,                               
                             'permutation':                                    
                             {'seat_index': 2,                                 
                             'shuffled_order': [0, 2,                          
                             3, 1],                                            
                             'shuffled_letter': 'B',                           
                             'canonical_letter':                               
                             'C'}}, {'seat_index': 3,                          
                             'letter': 'D',                                    
                             'confidence': 0.95,                               
                             'procedure_or_lens':                              
                             'dimensional_analysis',                           
                             'temperature': 0.3,                               
                             'permutation':                                    
                             {'seat_index': 3,                                 
                             'shuffled_order': [1, 0,                          
                             3, 2],                                            
                             'shuffled_letter': 'C',                           
                             'canonical_letter':                               
                             'D'}}, {'seat_index': 4,                          
                             'letter': 'A',                                    
                             'confidence': 0.95,                               
                             'procedure_or_lens':                              
                             'analogy_to_canonical',                           
                             'temperature': 0.6,                               
                             'permutation':                                    
                             {'seat_index': 4,                                 
                             'shuffled_order': [2, 1,                          
                             0, 3],                                            
                             'shuffled_letter': 'C',                           
                             'canonical_letter':                               
                             'A'}}, {'seat_index': 5,                          
                             'letter': 'D',                                    
                             'confidence': 0.95,                               
                             'procedure_or_lens':                              
                             'solve_forward',                                  
                             'temperature': 0.9,                               
                             'permutation':                                    
                             {'seat_index': 5,                                 
                             'shuffled_order': [3, 1,                          
                             2, 0],                                            
                             'shuffled_letter': 'A',                           
                             'canonical_letter':                               
                             'D'}}, {'seat_index': 6,                          
                             'letter': 'A',                                    
                             'confidence': 0.95,                               
                             'procedure_or_lens':                              
                             'verify_by_candidate',                            
                             'temperature': 0.3,                               
                             'permutation':                                    
                             {'seat_index': 6,                                 
                             'shuffled_order': [1, 0,                          
                             2, 3],                                            
                             'shuffled_letter': 'B',                           
                             'canonical_letter':                               
                             'A'}}, {'seat_index': 7,                          
                             'letter': 'D',                                    
                             'confidence': 0.95,                               
                             'procedure_or_lens':                              
                             'estimate_first',                                 
                             'temperature': 0.6,                               
                             'permutation':                                    
                             {'seat_index': 7,                                 
                             'shuffled_order': [0, 1,                          
                             2, 3],                                            
                             'shuffled_letter': 'D',                           
                             'canonical_letter':                               
                             'D'}}, {'seat_index': 8,                          
                             'letter': 'C',                                    
                             'confidence': 0.95,                               
                             'procedure_or_lens':                              
                             'dimensional_analysis',                           
                             'temperature': 0.9,                               
                             'permutation':                                    
                             {'seat_index': 8,                                 
                             'shuffled_order': [2, 3,                          
                             0, 1],                                            
                             'shuffled_letter': 'A',                           
                             'canonical_letter':                               
                             'C'}}], 'unanimous':                              
                             False, 'n_solvers': 9,                            
                             'solver_tier': 'cheap',                           
                             'no_tribunal': True})                             
                             cost=$0.00000                                     
[08/01/26 19:12:26] INFO     recnawZPumSCLMVgp        lever_experiments.py:2113
                             [diversified_panel]:                              
                             final=B(wrong,                                    
                             escalated=False,                                  
                             {'seat_answers':                                  
                             [{'seat_index': 0,                                
                             'letter': 'B',                                    
                             'confidence': 0.8,                                
                             'procedure_or_lens':                              
                             'solve_forward',                                  
                             'temperature': 0.3,                               
                             'permutation':                                    
                             {'seat_index': 0,                                 
                             'shuffled_order': [3, 1,                          
                             2, 0],                                            
                             'shuffled_letter': 'B',                           
                             'canonical_letter':                               
                             'B'}}, {'seat_index': 1,                          
                             'letter': 'B',                                    
                             'confidence': 0.85,                               
                             'procedure_or_lens':                              
                             'verify_by_candidate',                            
                             'temperature': 0.6,                               
                             'permutation':                                    
                             {'seat_index': 1,                                 
                             'shuffled_order': [1, 3,                          
                             0, 2],                                            
                             'shuffled_letter': 'A',                           
                             'canonical_letter':                               
                             'B'}}, {'seat_index': 2,                          
                             'letter': 'B',                                    
                             'confidence': 0.85,                               
                             'procedure_or_lens':                              
                             'estimate_first',                                 
                             'temperature': 0.9,                               
                             'permutation':                                    
                             {'seat_index': 2,                                 
                             'shuffled_order': [1, 2,                          
                             3, 0],                                            
                             'shuffled_letter': 'A',                           
                             'canonical_letter':                               
                             'B'}}, {'seat_index': 3,                          
                             'letter': 'D',                                    
                             'confidence': 0.7,                                
                             'procedure_or_lens':                              
                             'dimensional_analysis',                           
                             'temperature': 0.3,                               
                             'permutation':                                    
                             {'seat_index': 3,                                 
                             'shuffled_order': [0, 3,                          
                             2, 1],                                            
                             'shuffled_letter': 'B',                           
                             'canonical_letter':                               
                             'D'}}, {'seat_index': 4,                          
                             'letter': 'D',                                    
                             'confidence': 0.85,                               
                             'procedure_or_lens':                              
                             'analogy_to_canonical',                           
                             'temperature': 0.6,                               
                             'permutation':                                    
                             {'seat_index': 4,                                 
                             'shuffled_order': [0, 3,                          
                             2, 1],                                            
                             'shuffled_letter': 'B',                           
                             'canonical_letter':                               
                             'D'}}, {'seat_index': 5,                          
                             'letter': 'B',                                    
                             'confidence': 0.8,                                
                             'procedure_or_lens':                              
                             'solve_forward',                                  
                             'temperature': 0.9,                               
                             'permutation':                                    
                             {'seat_index': 5,                                 
                             'shuffled_order': [2, 1,                          
                             3, 0],                                            
                             'shuffled_letter': 'B',                           
                             'canonical_letter':                               
                             'B'}}, {'seat_index': 6,                          
                             'letter': 'B',                                    
                             'confidence': 0.85,                               
                             'procedure_or_lens':                              
                             'verify_by_candidate',                            
                             'temperature': 0.3,                               
                             'permutation':                                    
                             {'seat_index': 6,                                 
                             'shuffled_order': [3, 2,                          
                             1, 0],                                            
                             'shuffled_letter': 'C',                           
                             'canonical_letter':                               
                             'B'}}, {'seat_index': 7,                          
                             'letter': 'B',                                    
                             'confidence': 0.9,                                
                             'procedure_or_lens':                              
                             'estimate_first',                                 
                             'temperature': 0.6,                               
                             'permutation':                                    
                             {'seat_index': 7,                                 
                             'shuffled_order': [0, 2,                          
                             1, 3],                                            
                             'shuffled_letter': 'C',                           
                             'canonical_letter':                               
                             'B'}}, {'seat_index': 8,                          
                             'letter': 'B',                                    
                             'confidence': 0.85,                               
                             'procedure_or_lens':                              
                             'dimensional_analysis',                           
                             'temperature': 0.9,                               
                             'permutation':                                    
                             {'seat_index': 8,                                 
                             'shuffled_order': [2, 1,                          
                             3, 0],                                            
                             'shuffled_letter': 'B',                           
                             'canonical_letter':                               
                             'B'}}], 'unanimous':                              
                             False, 'n_solvers': 9,                            
                             'solver_tier': 'cheap',                           
                             'no_tribunal': True})                             
                             cost=$0.00000                                     
                    INFO     reck4G4xxv3YnpbtQ        lever_experiments.py:2113
                             [diversified_panel]:                              
                             final=D(correct,                                  
                             escalated=False,                                  
                             {'seat_answers':                                  
                             [{'seat_index': 0,                                
                             'letter': 'D',                                    
                             'confidence': 0.6,                                
                             'procedure_or_lens':                              
                             'solve_forward',                                  
                             'temperature': 0.3,                               
                             'permutation':                                    
                             {'seat_index': 0,                                 
                             'shuffled_order': [3, 0,                          
                             2, 1],                                            
                             'shuffled_letter': 'A',                           
                             'canonical_letter':                               
                             'D'}}, {'seat_index': 1,                          
                             'letter': 'B',                                    
                             'confidence': 0.85,                               
                             'procedure_or_lens':                              
                             'verify_by_candidate',                            
                             'temperature': 0.6,                               
                             'permutation':                                    
                             {'seat_index': 1,                                 
                             'shuffled_order': [2, 3,                          
                             0, 1],                                            
                             'shuffled_letter': 'D',                           
                             'canonical_letter':                               
                             'B'}}, {'seat_index': 2,                          
                             'letter': 'D',                                    
                             'confidence': 0.6,                                
                             'procedure_or_lens':                              
                             'estimate_first',                                 
                             'temperature': 0.9,                               
                             'permutation':                                    
                             {'seat_index': 2,                                 
                             'shuffled_order': [3, 2,                          
                             0, 1],                                            
                             'shuffled_letter': 'A',                           
                             'canonical_letter':                               
                             'D'}}, {'seat_index': 3,                          
                             'letter': 'A',                                    
                             'confidence': 0.85,                               
                             'procedure_or_lens':                              
                             'dimensional_analysis',                           
                             'temperature': 0.3,                               
                             'permutation':                                    
                             {'seat_index': 3,                                 
                             'shuffled_order': [2, 1,                          
                             3, 0],                                            
                             'shuffled_letter': 'D',                           
                             'canonical_letter':                               
                             'A'}}, {'seat_index': 4,                          
                             'letter': 'D',                                    
                             'confidence': 0.6,                                
                             'procedure_or_lens':                              
                             'analogy_to_canonical',                           
                             'temperature': 0.6,                               
                             'permutation':                                    
                             {'seat_index': 4,                                 
                             'shuffled_order': [3, 2,                          
                             1, 0],                                            
                             'shuffled_letter': 'A',                           
                             'canonical_letter':                               
                             'D'}}, {'seat_index': 5,                          
                             'letter': 'D',                                    
                             'confidence': 0.6,                                
                             'procedure_or_lens':                              
                             'solve_forward',                                  
                             'temperature': 0.9,                               
                             'permutation':                                    
                             {'seat_index': 5,                                 
                             'shuffled_order': [3, 1,                          
                             2, 0],                                            
                             'shuffled_letter': 'A',                           
                             'canonical_letter':                               
                             'D'}}, {'seat_index': 6,                          
                             'letter': 'D',                                    
                             'confidence': 0.85,                               
                             'procedure_or_lens':                              
                             'verify_by_candidate',                            
                             'temperature': 0.3,                               
                             'permutation':                                    
                             {'seat_index': 6,                                 
                             'shuffled_order': [3, 0,                          
                             2, 1],                                            
                             'shuffled_letter': 'A',                           
                             'canonical_letter':                               
                             'D'}}, {'seat_index': 7,                          
                             'letter': 'D',                                    
                             'confidence': 0.6,                                
                             'procedure_or_lens':                              
                             'estimate_first',                                 
                             'temperature': 0.6,                               
                             'permutation':                                    
                             {'seat_index': 7,                                 
                             'shuffled_order': [3, 0,                          
                             2, 1],                                            
                             'shuffled_letter': 'A',                           
                             'canonical_letter':                               
                             'D'}}, {'seat_index': 8,                          
                             'letter': 'A',                                    
                             'confidence': 0.2,                                
                             'procedure_or_lens':                              
                             'dimensional_analysis',                           
                             'temperature': 0.9,                               
                             'permutation':                                    
                             {'seat_index': 8,                                 
                             'shuffled_order': [0, 2,                          
                             1, 3],                                            
                             'shuffled_letter': 'A',                           
                             'canonical_letter':                               
                             'A'}}], 'unanimous':                              
                             False, 'n_solvers': 9,                            
                             'solver_tier': 'cheap',                           
                             'no_tribunal': True})                             
                             cost=$0.00000                                     
[08/01/26 19:12:31] INFO     recZt4x514UQNnsgy        lever_experiments.py:2113
                             [diversified_panel]:                              
                             final=D(wrong,                                    
                             escalated=False,                                  
                             {'seat_answers':                                  
                             [{'seat_index': 0,                                
                             'letter': 'D',                                    
                             'confidence': 0.85,                               
                             'procedure_or_lens':                              
                             'solve_forward',                                  
                             'temperature': 0.3,                               
                             'permutation':                                    
                             {'seat_index': 0,                                 
                             'shuffled_order': [3, 0,                          
                             1, 2],                                            
                             'shuffled_letter': 'A',                           
                             'canonical_letter':                               
                             'D'}}, {'seat_index': 1,                          
                             'letter': 'C',                                    
                             'confidence': 0.85,                               
                             'procedure_or_lens':                              
                             'verify_by_candidate',                            
                             'temperature': 0.6,                               
                             'permutation':                                    
                             {'seat_index': 1,                                 
                             'shuffled_order': [3, 1,                          
                             0, 2],                                            
                             'shuffled_letter': 'D',                           
                             'canonical_letter':                               
                             'C'}}, {'seat_index': 2,                          
                             'letter': 'D',                                    
                             'confidence': 0.9,                                
                             'procedure_or_lens':                              
                             'estimate_first',                                 
                             'temperature': 0.9,                               
                             'permutation':                                    
                             {'seat_index': 2,                                 
                             'shuffled_order': [3, 2,                          
                             0, 1],                                            
                             'shuffled_letter': 'A',                           
                             'canonical_letter':                               
                             'D'}}, {'seat_index': 3,                          
                             'letter': 'D',                                    
                             'confidence': 0.85,                               
                             'procedure_or_lens':                              
                             'dimensional_analysis',                           
                             'temperature': 0.3,                               
                             'permutation':                                    
                             {'seat_index': 3,                                 
                             'shuffled_order': [2, 0,                          
                             3, 1],                                            
                             'shuffled_letter': 'C',                           
                             'canonical_letter':                               
                             'D'}}, {'seat_index': 4,                          
                             'letter': 'A',                                    
                             'confidence': 0.85,                               
                             'procedure_or_lens':                              
                             'analogy_to_canonical',                           
                             'temperature': 0.6,                               
                             'permutation':                                    
                             {'seat_index': 4,                                 
                             'shuffled_order': [1, 2,                          
                             3, 0],                                            
                             'shuffled_letter': 'D',                           
                             'canonical_letter':                               
                             'A'}}, {'seat_index': 5,                          
                             'letter': 'A',                                    
                             'confidence': 0.7,                                
                             'procedure_or_lens':                              
                             'solve_forward',                                  
                             'temperature': 0.9,                               
                             'permutation':                                    
                             {'seat_index': 5,                                 
                             'shuffled_order': [1, 2,                          
                             3, 0],                                            
                             'shuffled_letter': 'D',                           
                             'canonical_letter':                               
                             'A'}}, {'seat_index': 6,                          
                             'letter': 'A',                                    
                             'confidence': 0.85,                               
                             'procedure_or_lens':                              
                             'verify_by_candidate',                            
                             'temperature': 0.3,                               
                             'permutation':                                    
                             {'seat_index': 6,                                 
                             'shuffled_order': [2, 3,                          
                             0, 1],                                            
                             'shuffled_letter': 'C',                           
                             'canonical_letter':                               
                             'A'}}, {'seat_index': 7,                          
                             'letter': 'C',                                    
                             'confidence': 0.85,                               
                             'procedure_or_lens':                              
                             'estimate_first',                                 
                             'temperature': 0.6,                               
                             'permutation':                                    
                             {'seat_index': 7,                                 
                             'shuffled_order': [0, 3,                          
                             2, 1],                                            
                             'shuffled_letter': 'C',                           
                             'canonical_letter':                               
                             'C'}}, {'seat_index': 8,                          
                             'letter': 'C',                                    
                             'confidence': 0.9,                                
                             'procedure_or_lens':                              
                             'dimensional_analysis',                           
                             'temperature': 0.9,                               
                             'permutation':                                    
                             {'seat_index': 8,                                 
                             'shuffled_order': [0, 2,                          
                             1, 3],                                            
                             'shuffled_letter': 'B',                           
                             'canonical_letter':                               
                             'C'}}], 'unanimous':                              
                             False, 'n_solvers': 9,                            
                             'solver_tier': 'cheap',                           
                             'no_tribunal': True})                             
                             cost=$0.00000                                     
[08/01/26 19:12:36] INFO     rechtUKxC6G67H7Pr        lever_experiments.py:2113
                             [diversified_panel]:                              
                             final=B(correct,                                  
                             escalated=False,                                  
                             {'seat_answers':                                  
                             [{'seat_index': 0,                                
                             'letter': 'B',                                    
                             'confidence': 0.95,                               
                             'procedure_or_lens':                              
                             'solve_forward',                                  
                             'temperature': 0.3,                               
                             'permutation':                                    
                             {'seat_index': 0,                                 
                             'shuffled_order': [2, 3,                          
                             0, 1],                                            
                             'shuffled_letter': 'D',                           
                             'canonical_letter':                               
                             'B'}}, {'seat_index': 1,                          
                             'letter': 'B',                                    
                             'confidence': 0.95,                               
                             'procedure_or_lens':                              
                             'verify_by_candidate',                            
                             'temperature': 0.6,                               
                             'permutation':                                    
                             {'seat_index': 1,                                 
                             'shuffled_order': [2, 3,                          
                             1, 0],                                            
                             'shuffled_letter': 'C',                           
                             'canonical_letter':                               
                             'B'}}, {'seat_index': 2,                          
                             'letter': 'B',                                    
                             'confidence': 0.9,                                
                             'procedure_or_lens':                              
                             'estimate_first',                                 
                             'temperature': 0.9,                               
                             'permutation':                                    
                             {'seat_index': 2,                                 
                             'shuffled_order': [1, 2,                          
                             3, 0],                                            
                             'shuffled_letter': 'A',                           
                             'canonical_letter':                               
                             'B'}}, {'seat_index': 3,                          
                             'letter': 'B',                                    
                             'confidence': 0.95,                               
                             'procedure_or_lens':                              
                             'dimensional_analysis',                           
                             'temperature': 0.3,                               
                             'permutation':                                    
                             {'seat_index': 3,                                 
                             'shuffled_order': [3, 0,                          
                             1, 2],                                            
                             'shuffled_letter': 'C',                           
                             'canonical_letter':                               
                             'B'}}, {'seat_index': 4,                          
                             'letter': 'B',                                    
                             'confidence': 0.9,                                
                             'procedure_or_lens':                              
                             'analogy_to_canonical',                           
                             'temperature': 0.6,                               
                             'permutation':                                    
                             {'seat_index': 4,                                 
                             'shuffled_order': [2, 1,                          
                             0, 3],                                            
                             'shuffled_letter': 'B',                           
                             'canonical_letter':                               
                             'B'}}, {'seat_index': 5,                          
                             'letter': 'B',                                    
                             'confidence': 0.9,                                
                             'procedure_or_lens':                              
                             'solve_forward',                                  
                             'temperature': 0.9,                               
                             'permutation':                                    
                             {'seat_index': 5,                                 
                             'shuffled_order': [1, 3,                          
                             2, 0],                                            
                             'shuffled_letter': 'A',                           
                             'canonical_letter':                               
                             'B'}}, {'seat_index': 6,                          
                             'letter': 'B',                                    
                             'confidence': 0.95,                               
                             'procedure_or_lens':                              
                             'verify_by_candidate',                            
                             'temperature': 0.3,                               
                             'permutation':                                    
                             {'seat_index': 6,                                 
                             'shuffled_order': [2, 3,                          
                             0, 1],                                            
                             'shuffled_letter': 'D',                           
                             'canonical_letter':                               
                             'B'}}, {'seat_index': 7,                          
                             'letter': 'B',                                    
                             'confidence': 0.9,                                
                             'procedure_or_lens':                              
                             'estimate_first',                                 
                             'temperature': 0.6,                               
                             'permutation':                                    
                             {'seat_index': 7,                                 
                             'shuffled_order': [1, 2,                          
                             3, 0],                                            
                             'shuffled_letter': 'A',                           
                             'canonical_letter':                               
                             'B'}}, {'seat_index': 8,                          
                             'letter': 'B',                                    
                             'confidence': 0.95,                               
                             'procedure_or_lens':                              
                             'dimensional_analysis',                           
                             'temperature': 0.9,                               
                             'permutation':                                    
                             {'seat_index': 8,                                 
                             'shuffled_order': [0, 3,                          
                             2, 1],                                            
                             'shuffled_letter': 'D',                           
                             'canonical_letter':                               
                             'B'}}], 'unanimous':                              
                             True, 'n_solvers': 9,                             
                             'solver_tier': 'cheap',                           
                             'no_tribunal': True})                             
                             cost=$0.00000                                     
[08/01/26 19:12:37] INFO     reczUoM8JsxU6pYxr        lever_experiments.py:2113
                             [diversified_panel]:                              
                             final=A(correct,                                  
                             escalated=False,                                  
                             {'seat_answers':                                  
                             [{'seat_index': 0,                                
                             'letter': 'A',                                    
                             'confidence': 0.9,                                
                             'procedure_or_lens':                              
                             'solve_forward',                                  
                             'temperature': 0.3,                               
                             'permutation':                                    
                             {'seat_index': 0,                                 
                             'shuffled_order': [1, 2,                          
                             3, 0],                                            
                             'shuffled_letter': 'D',                           
                             'canonical_letter':                               
                             'A'}}, {'seat_index': 1,                          
                             'letter': 'A',                                    
                             'confidence': 0.85,                               
                             'procedure_or_lens':                              
                             'verify_by_candidate',                            
                             'temperature': 0.6,                               
                             'permutation':                                    
                             {'seat_index': 1,                                 
                             'shuffled_order': [2, 1,                          
                             0, 3],                                            
                             'shuffled_letter': 'C',                           
                             'canonical_letter':                               
                             'A'}}, {'seat_index': 2,                          
                             'letter': 'A',                                    
                             'confidence': 0.9,                                
                             'procedure_or_lens':                              
                             'estimate_first',                                 
                             'temperature': 0.9,                               
                             'permutation':                                    
                             {'seat_index': 2,                                 
                             'shuffled_order': [3, 0,                          
                             2, 1],                                            
                             'shuffled_letter': 'B',                           
                             'canonical_letter':                               
                             'A'}}, {'seat_index': 3,                          
                             'letter': 'A',                                    
                             'confidence': 0.9,                                
                             'procedure_or_lens':                              
                             'dimensional_analysis',                           
                             'temperature': 0.3,                               
                             'permutation':                                    
                             {'seat_index': 3,                                 
                             'shuffled_order': [0, 2,                          
                             1, 3],                                            
                             'shuffled_letter': 'A',                           
                             'canonical_letter':                               
                             'A'}}, {'seat_index': 4,                          
                             'letter': 'A',                                    
                             'confidence': 0.85,                               
                             'procedure_or_lens':                              
                             'analogy_to_canonical',                           
                             'temperature': 0.6,                               
                             'permutation':                                    
                             {'seat_index': 4,                                 
                             'shuffled_order': [2, 0,                          
                             3, 1],                                            
                             'shuffled_letter': 'B',                           
                             'canonical_letter':                               
                             'A'}}, {'seat_index': 5,                          
                             'letter': 'A',                                    
                             'confidence': 0.85,                               
                             'procedure_or_lens':                              
                             'solve_forward',                                  
                             'temperature': 0.9,                               
                             'permutation':                                    
                             {'seat_index': 5,                                 
                             'shuffled_order': [0, 3,                          
                             2, 1],                                            
                             'shuffled_letter': 'A',                           
                             'canonical_letter':                               
                             'A'}}, {'seat_index': 6,                          
                             'letter': 'D',                                    
                             'confidence': 0.85,                               
                             'procedure_or_lens':                              
                             'verify_by_candidate',                            
                             'temperature': 0.3,                               
                             'permutation':                                    
                             {'seat_index': 6,                                 
                             'shuffled_order': [0, 2,                          
                             3, 1],                                            
                             'shuffled_letter': 'C',                           
                             'canonical_letter':                               
                             'D'}}, {'seat_index': 7,                          
                             'letter': 'A',                                    
                             'confidence': 0.85,                               
                             'procedure_or_lens':                              
                             'estimate_first',                                 
                             'temperature': 0.6,                               
                             'permutation':                                    
                             {'seat_index': 7,                                 
                             'shuffled_order': [3, 2,                          
                             1, 0],                                            
                             'shuffled_letter': 'D',                           
                             'canonical_letter':                               
                             'A'}}, {'seat_index': 8,                          
                             'letter': 'A',                                    
                             'confidence': 0.9,                                
                             'procedure_or_lens':                              
                             'dimensional_analysis',                           
                             'temperature': 0.9,                               
                             'permutation':                                    
                             {'seat_index': 8,                                 
                             'shuffled_order': [3, 0,                          
                             1, 2],                                            
                             'shuffled_letter': 'B',                           
                             'canonical_letter':                               
                             'A'}}], 'unanimous':                              
                             False, 'n_solvers': 9,                            
                             'solver_tier': 'cheap',                           
                             'no_tribunal': True})                             
                             cost=$0.00000                                     
[08/01/26 19:12:38] INFO     reck1zKeCssmN82Ga        lever_experiments.py:2113
                             [diversified_panel]:                              
                             final=C(correct,                                  
                             escalated=False,                                  
                             {'seat_answers':                                  
                             [{'seat_index': 0,                                
                             'letter': 'C',                                    
                             'confidence': 0.95,                               
                             'procedure_or_lens':                              
                             'solve_forward',                                  
                             'temperature': 0.3,                               
                             'permutation':                                    
                             {'seat_index': 0,                                 
                             'shuffled_order': [2, 1,                          
                             3, 0],                                            
                             'shuffled_letter': 'A',                           
                             'canonical_letter':                               
                             'C'}}, {'seat_index': 1,                          
                             'letter': 'B',                                    
                             'confidence': 0.85,                               
                             'procedure_or_lens':                              
                             'verify_by_candidate',                            
                             'temperature': 0.6,                               
                             'permutation':                                    
                             {'seat_index': 1,                                 
                             'shuffled_order': [0, 3,                          
                             1, 2],                                            
                             'shuffled_letter': 'C',                           
                             'canonical_letter':                               
                             'B'}}, {'seat_index': 2,                          
                             'letter': 'C',                                    
                             'confidence': 0.7,                                
                             'procedure_or_lens':                              
                             'estimate_first',                                 
                             'temperature': 0.9,                               
                             'permutation':                                    
                             {'seat_index': 2,                                 
                             'shuffled_order': [3, 2,                          
                             0, 1],                                            
                             'shuffled_letter': 'B',                           
                             'canonical_letter':                               
                             'C'}}, {'seat_index': 3,                          
                             'letter': 'B',                                    
                             'confidence': 0.9,                                
                             'procedure_or_lens':                              
                             'dimensional_analysis',                           
                             'temperature': 0.3,                               
                             'permutation':                                    
                             {'seat_index': 3,                                 
                             'shuffled_order': [0, 1,                          
                             3, 2],                                            
                             'shuffled_letter': 'B',                           
                             'canonical_letter':                               
                             'B'}}, {'seat_index': 4,                          
                             'letter': 'B',                                    
                             'confidence': 0.9,                                
                             'procedure_or_lens':                              
                             'analogy_to_canonical',                           
                             'temperature': 0.6,                               
                             'permutation':                                    
                             {'seat_index': 4,                                 
                             'shuffled_order': [3, 1,                          
                             2, 0],                                            
                             'shuffled_letter': 'B',                           
                             'canonical_letter':                               
                             'B'}}, {'seat_index': 5,                          
                             'letter': 'C',                                    
                             'confidence': 0.9,                                
                             'procedure_or_lens':                              
                             'solve_forward',                                  
                             'temperature': 0.9,                               
                             'permutation':                                    
                             {'seat_index': 5,                                 
                             'shuffled_order': [3, 2,                          
                             0, 1],                                            
                             'shuffled_letter': 'B',                           
                             'canonical_letter':                               
                             'C'}}, {'seat_index': 6,                          
                             'letter': 'C',                                    
                             'confidence': 0.85,                               
                             'procedure_or_lens':                              
                             'verify_by_candidate',                            
                             'temperature': 0.3,                               
                             'permutation':                                    
                             {'seat_index': 6,                                 
                             'shuffled_order': [3, 2,                          
                             0, 1],                                            
                             'shuffled_letter': 'B',                           
                             'canonical_letter':                               
                             'C'}}, {'seat_index': 7,                          
                             'letter': 'C',                                    
                             'confidence': 0.85,                               
                             'procedure_or_lens':                              
                             'estimate_first',                                 
                             'temperature': 0.6,                               
                             'permutation':                                    
                             {'seat_index': 7,                                 
                             'shuffled_order': [1, 2,                          
                             0, 3],                                            
                             'shuffled_letter': 'B',                           
                             'canonical_letter':                               
                             'C'}}, {'seat_index': 8,                          
                             'letter': 'B',                                    
                             'confidence': 0.9,                                
                             'procedure_or_lens':                              
                             'dimensional_analysis',                           
                             'temperature': 0.9,                               
                             'permutation':                                    
                             {'seat_index': 8,                                 
                             'shuffled_order': [1, 0,                          
                             3, 2],                                            
                             'shuffled_letter': 'A',                           
                             'canonical_letter':                               
                             'B'}}], 'unanimous':                              
                             False, 'n_solvers': 9,                            
                             'solver_tier': 'cheap',                           
                             'no_tribunal': True})                             
                             cost=$0.00000                                     
[08/01/26 19:12:45] INFO     recw4rROcnHKNZhtK        lever_experiments.py:2113
                             [diversified_panel]:                              
                             final=C(correct,                                  
                             escalated=False,                                  
                             {'seat_answers':                                  
                             [{'seat_index': 0,                                
                             'letter': 'C',                                    
                             'confidence': 0.85,                               
                             'procedure_or_lens':                              
                             'solve_forward',                                  
                             'temperature': 0.3,                               
                             'permutation':                                    
                             {'seat_index': 0,                                 
                             'shuffled_order': [3, 0,                          
                             2, 1],                                            
                             'shuffled_letter': 'C',                           
                             'canonical_letter':                               
                             'C'}}, {'seat_index': 1,                          
                             'letter': 'C',                                    
                             'confidence': 0.85,                               
                             'procedure_or_lens':                              
                             'verify_by_candidate',                            
                             'temperature': 0.6,                               
                             'permutation':                                    
                             {'seat_index': 1,                                 
                             'shuffled_order': [2, 3,                          
                             1, 0],                                            
                             'shuffled_letter': 'A',                           
                             'canonical_letter':                               
                             'C'}}, {'seat_index': 2,                          
                             'letter': 'C',                                    
                             'confidence': 0.95,                               
                             'procedure_or_lens':                              
                             'estimate_first',                                 
                             'temperature': 0.9,                               
                             'permutation':                                    
                             {'seat_index': 2,                                 
                             'shuffled_order': [1, 2,                          
                             3, 0],                                            
                             'shuffled_letter': 'B',                           
                             'canonical_letter':                               
                             'C'}}, {'seat_index': 3,                          
                             'letter': 'C',                                    
                             'confidence': 0.85,                               
                             'procedure_or_lens':                              
                             'dimensional_analysis',                           
                             'temperature': 0.3,                               
                             'permutation':                                    
                             {'seat_index': 3,                                 
                             'shuffled_order': [3, 0,                          
                             1, 2],                                            
                             'shuffled_letter': 'D',                           
                             'canonical_letter':                               
                             'C'}}, {'seat_index': 4,                          
                             'letter': 'C',                                    
                             'confidence': 0.9,                                
                             'procedure_or_lens':                              
                             'analogy_to_canonical',                           
                             'temperature': 0.6,                               
                             'permutation':                                    
                             {'seat_index': 4,                                 
                             'shuffled_order': [3, 0,                          
                             1, 2],                                            
                             'shuffled_letter': 'D',                           
                             'canonical_letter':                               
                             'C'}}, {'seat_index': 5,                          
                             'letter': 'C',                                    
                             'confidence': 0.85,                               
                             'procedure_or_lens':                              
                             'solve_forward',                                  
                             'temperature': 0.9,                               
                             'permutation':                                    
                             {'seat_index': 5,                                 
                             'shuffled_order': [3, 2,                          
                             0, 1],                                            
                             'shuffled_letter': 'B',                           
                             'canonical_letter':                               
                             'C'}}, {'seat_index': 6,                          
                             'letter': 'C',                                    
                             'confidence': 0.9,                                
                             'procedure_or_lens':                              
                             'verify_by_candidate',                            
                             'temperature': 0.3,                               
                             'permutation':                                    
                             {'seat_index': 6,                                 
                             'shuffled_order': [1, 3,                          
                             2, 0],                                            
                             'shuffled_letter': 'C',                           
                             'canonical_letter':                               
                             'C'}}, {'seat_index': 7,                          
                             'letter': 'C',                                    
                             'confidence': 0.85,                               
                             'procedure_or_lens':                              
                             'estimate_first',                                 
                             'temperature': 0.6,                               
                             'permutation':                                    
                             {'seat_index': 7,                                 
                             'shuffled_order': [2, 3,                          
                             1, 0],                                            
                             'shuffled_letter': 'A',                           
                             'canonical_letter':                               
                             'C'}}, {'seat_index': 8,                          
                             'letter': 'C',                                    
                             'confidence': 0.75,                               
                             'procedure_or_lens':                              
                             'dimensional_analysis',                           
                             'temperature': 0.9,                               
                             'permutation':                                    
                             {'seat_index': 8,                                 
                             'shuffled_order': [3, 0,                          
                             1, 2],                                            
                             'shuffled_letter': 'D',                           
                             'canonical_letter':                               
                             'C'}}], 'unanimous':                              
                             True, 'n_solvers': 9,                             
                             'solver_tier': 'cheap',                           
                             'no_tribunal': True})                             
                             cost=$0.00000                                     
[08/01/26 19:12:48] INFO     recvlnu8BuLmXZhSX        lever_experiments.py:2113
                             [diversified_panel]:                              
                             final=C(correct,                                  
                             escalated=False,                                  
                             {'seat_answers':                                  
                             [{'seat_index': 0,                                
                             'letter': 'D',                                    
                             'confidence': 1.0,                                
                             'procedure_or_lens':                              
                             'solve_forward',                                  
                             'temperature': 0.3,                               
                             'permutation':                                    
                             {'seat_index': 0,                                 
                             'shuffled_order': [3, 2,                          
                             0, 1],                                            
                             'shuffled_letter': 'A',                           
                             'canonical_letter':                               
                             'D'}}, {'seat_index': 1,                          
                             'letter': 'A',                                    
                             'confidence': 0.95,                               
                             'procedure_or_lens':                              
                             'verify_by_candidate',                            
                             'temperature': 0.6,                               
                             'permutation':                                    
                             {'seat_index': 1,                                 
                             'shuffled_order': [2, 1,                          
                             3, 0],                                            
                             'shuffled_letter': 'D',                           
                             'canonical_letter':                               
                             'A'}}, {'seat_index': 2,                          
                             'letter': 'C',                                    
                             'confidence': 0.95,                               
                             'procedure_or_lens':                              
                             'estimate_first',                                 
                             'temperature': 0.9,                               
                             'permutation':                                    
                             {'seat_index': 2,                                 
                             'shuffled_order': [3, 2,                          
                             0, 1],                                            
                             'shuffled_letter': 'B',                           
                             'canonical_letter':                               
                             'C'}}, {'seat_index': 3,                          
                             'letter': 'C',                                    
                             'confidence': 0.95,                               
                             'procedure_or_lens':                              
                             'dimensional_analysis',                           
                             'temperature': 0.3,                               
                             'permutation':                                    
                             {'seat_index': 3,                                 
                             'shuffled_order': [0, 1,                          
                             2, 3],                                            
                             'shuffled_letter': 'C',                           
                             'canonical_letter':                               
                             'C'}}, {'seat_index': 4,                          
                             'letter': 'A',                                    
                             'confidence': 0.95,                               
                             'procedure_or_lens':                              
                             'analogy_to_canonical',                           
                             'temperature': 0.6,                               
                             'permutation':                                    
                             {'seat_index': 4,                                 
                             'shuffled_order': [1, 3,                          
                             0, 2],                                            
                             'shuffled_letter': 'C',                           
                             'canonical_letter':                               
                             'A'}}, {'seat_index': 5,                          
                             'letter': 'C',                                    
                             'confidence': 1.0,                                
                             'procedure_or_lens':                              
                             'solve_forward',                                  
                             'temperature': 0.9,                               
                             'permutation':                                    
                             {'seat_index': 5,                                 
                             'shuffled_order': [2, 1,                          
                             0, 3],                                            
                             'shuffled_letter': 'A',                           
                             'canonical_letter':                               
                             'C'}}, {'seat_index': 6,                          
                             'letter': 'C',                                    
                             'confidence': 0.95,                               
                             'procedure_or_lens':                              
                             'verify_by_candidate',                            
                             'temperature': 0.3,                               
                             'permutation':                                    
                             {'seat_index': 6,                                 
                             'shuffled_order': [1, 0,                          
                             2, 3],                                            
                             'shuffled_letter': 'C',                           
                             'canonical_letter':                               
                             'C'}}, {'seat_index': 7,                          
                             'letter': 'C',                                    
                             'confidence': 1.0,                                
                             'procedure_or_lens':                              
                             'estimate_first',                                 
                             'temperature': 0.6,                               
                             'permutation':                                    
                             {'seat_index': 7,                                 
                             'shuffled_order': [0, 3,                          
                             1, 2],                                            
                             'shuffled_letter': 'D',                           
                             'canonical_letter':                               
                             'C'}}, {'seat_index': 8,                          
                             'letter': 'C',                                    
                             'confidence': 0.95,                               
                             'procedure_or_lens':                              
                             'dimensional_analysis',                           
                             'temperature': 0.9,                               
                             'permutation':                                    
                             {'seat_index': 8,                                 
                             'shuffled_order': [3, 2,                          
                             0, 1],                                            
                             'shuffled_letter': 'B',                           
                             'canonical_letter':                               
                             'C'}}], 'unanimous':                              
                             False, 'n_solvers': 9,                            
                             'solver_tier': 'cheap',                           
                             'no_tribunal': True})                             
                             cost=$0.00000                                     
[08/01/26 19:12:51] INFO     rec2ZTsqazBZ3LTWZ        lever_experiments.py:2113
                             [diversified_panel]:                              
                             final=D(correct,                                  
                             escalated=False,                                  
                             {'seat_answers':                                  
                             [{'seat_index': 0,                                
                             'letter': 'D',                                    
                             'confidence': 0.6,                                
                             'procedure_or_lens':                              
                             'solve_forward',                                  
                             'temperature': 0.3,                               
                             'permutation':                                    
                             {'seat_index': 0,                                 
                             'shuffled_order': [0, 1,                          
                             3, 2],                                            
                             'shuffled_letter': 'C',                           
                             'canonical_letter':                               
                             'D'}}, {'seat_index': 1,                          
                             'letter': 'D',                                    
                             'confidence': 0.6,                                
                             'procedure_or_lens':                              
                             'verify_by_candidate',                            
                             'temperature': 0.6,                               
                             'permutation':                                    
                             {'seat_index': 1,                                 
                             'shuffled_order': [1, 0,                          
                             2, 3],                                            
                             'shuffled_letter': 'D',                           
                             'canonical_letter':                               
                             'D'}}, {'seat_index': 2,                          
                             'letter': 'D',                                    
                             'confidence': 0.8,                                
                             'procedure_or_lens':                              
                             'estimate_first',                                 
                             'temperature': 0.9,                               
                             'permutation':                                    
                             {'seat_index': 2,                                 
                             'shuffled_order': [0, 1,                          
                             2, 3],                                            
                             'shuffled_letter': 'D',                           
                             'canonical_letter':                               
                             'D'}}, {'seat_index': 3,                          
                             'letter': 'D',                                    
                             'confidence': 0.8,                                
                             'procedure_or_lens':                              
                             'dimensional_analysis',                           
                             'temperature': 0.3,                               
                             'permutation':                                    
                             {'seat_index': 3,                                 
                             'shuffled_order': [3, 2,                          
                             0, 1],                                            
                             'shuffled_letter': 'A',                           
                             'canonical_letter':                               
                             'D'}}, {'seat_index': 4,                          
                             'letter': 'D',                                    
                             'confidence': 0.8,                                
                             'procedure_or_lens':                              
                             'analogy_to_canonical',                           
                             'temperature': 0.6,                               
                             'permutation':                                    
                             {'seat_index': 4,                                 
                             'shuffled_order': [3, 2,                          
                             0, 1],                                            
                             'shuffled_letter': 'A',                           
                             'canonical_letter':                               
                             'D'}}, {'seat_index': 5,                          
                             'letter': 'D',                                    
                             'confidence': 0.85,                               
                             'procedure_or_lens':                              
                             'solve_forward',                                  
                             'temperature': 0.9,                               
                             'permutation':                                    
                             {'seat_index': 5,                                 
                             'shuffled_order': [0, 2,                          
                             1, 3],                                            
                             'shuffled_letter': 'D',                           
                             'canonical_letter':                               
                             'D'}}, {'seat_index': 6,                          
                             'letter': 'A',                                    
                             'confidence': 0.85,                               
                             'procedure_or_lens':                              
                             'verify_by_candidate',                            
                             'temperature': 0.3,                               
                             'permutation':                                    
                             {'seat_index': 6,                                 
                             'shuffled_order': [2, 0,                          
                             3, 1],                                            
                             'shuffled_letter': 'B',                           
                             'canonical_letter':                               
                             'A'}}, {'seat_index': 7,                          
                             'letter': 'D',                                    
                             'confidence': 0.9,                                
                             'procedure_or_lens':                              
                             'estimate_first',                                 
                             'temperature': 0.6,                               
                             'permutation':                                    
                             {'seat_index': 7,                                 
                             'shuffled_order': [2, 3,                          
                             0, 1],                                            
                             'shuffled_letter': 'B',                           
                             'canonical_letter':                               
                             'D'}}, {'seat_index': 8,                          
                             'letter': 'D',                                    
                             'confidence': 0.8,                                
                             'procedure_or_lens':                              
                             'dimensional_analysis',                           
                             'temperature': 0.9,                               
                             'permutation':                                    
                             {'seat_index': 8,                                 
                             'shuffled_order': [0, 3,                          
                             2, 1],                                            
                             'shuffled_letter': 'B',                           
                             'canonical_letter':                               
                             'D'}}], 'unanimous':                              
                             False, 'n_solvers': 9,                            
                             'solver_tier': 'cheap',                           
                             'no_tribunal': True})                             
                             cost=$0.00000                                     
[08/01/26 19:12:53] INFO     recatj4YXzbOaq3Ar        lever_experiments.py:2113
                             [diversified_panel]:                              
                             final=D(correct,                                  
                             escalated=False,                                  
                             {'seat_answers':                                  
                             [{'seat_index': 0,                                
                             'letter': 'D',                                    
                             'confidence': 1.0,                                
                             'procedure_or_lens':                              
                             'solve_forward',                                  
                             'temperature': 0.3,                               
                             'permutation':                                    
                             {'seat_index': 0,                                 
                             'shuffled_order': [2, 0,                          
                             3, 1],                                            
                             'shuffled_letter': 'C',                           
                             'canonical_letter':                               
                             'D'}}, {'seat_index': 1,                          
                             'letter': 'D',                                    
                             'confidence': 1.0,                                
                             'procedure_or_lens':                              
                             'verify_by_candidate',                            
                             'temperature': 0.6,                               
                             'permutation':                                    
                             {'seat_index': 1,                                 
                             'shuffled_order': [3, 2,                          
                             1, 0],                                            
                             'shuffled_letter': 'A',                           
                             'canonical_letter':                               
                             'D'}}, {'seat_index': 2,                          
                             'letter': 'D',                                    
                             'confidence': 1.0,                                
                             'procedure_or_lens':                              
                             'estimate_first',                                 
                             'temperature': 0.9,                               
                             'permutation':                                    
                             {'seat_index': 2,                                 
                             'shuffled_order': [3, 0,                          
                             1, 2],                                            
                             'shuffled_letter': 'A',                           
                             'canonical_letter':                               
                             'D'}}, {'seat_index': 3,                          
                             'letter': 'D',                                    
                             'confidence': 1.0,                                
                             'procedure_or_lens':                              
                             'dimensional_analysis',                           
                             'temperature': 0.3,                               
                             'permutation':                                    
                             {'seat_index': 3,                                 
                             'shuffled_order': [3, 2,                          
                             0, 1],                                            
                             'shuffled_letter': 'A',                           
                             'canonical_letter':                               
                             'D'}}, {'seat_index': 4,                          
                             'letter': 'D',                                    
                             'confidence': 1.0,                                
                             'procedure_or_lens':                              
                             'analogy_to_canonical',                           
                             'temperature': 0.6,                               
                             'permutation':                                    
                             {'seat_index': 4,                                 
                             'shuffled_order': [1, 2,                          
                             0, 3],                                            
                             'shuffled_letter': 'D',                           
                             'canonical_letter':                               
                             'D'}}, {'seat_index': 5,                          
                             'letter': 'D',                                    
                             'confidence': 1.0,                                
                             'procedure_or_lens':                              
                             'solve_forward',                                  
                             'temperature': 0.9,                               
                             'permutation':                                    
                             {'seat_index': 5,                                 
                             'shuffled_order': [2, 1,                          
                             0, 3],                                            
                             'shuffled_letter': 'D',                           
                             'canonical_letter':                               
                             'D'}}, {'seat_index': 6,                          
                             'letter': 'D',                                    
                             'confidence': 1.0,                                
                             'procedure_or_lens':                              
                             'verify_by_candidate',                            
                             'temperature': 0.3,                               
                             'permutation':                                    
                             {'seat_index': 6,                                 
                             'shuffled_order': [2, 0,                          
                             1, 3],                                            
                             'shuffled_letter': 'D',                           
                             'canonical_letter':                               
                             'D'}}, {'seat_index': 7,                          
                             'letter': 'D',                                    
                             'confidence': 1.0,                                
                             'procedure_or_lens':                              
                             'estimate_first',                                 
                             'temperature': 0.6,                               
                             'permutation':                                    
                             {'seat_index': 7,                                 
                             'shuffled_order': [1, 0,                          
                             2, 3],                                            
                             'shuffled_letter': 'D',                           
                             'canonical_letter':                               
                             'D'}}, {'seat_index': 8,                          
                             'letter': 'D',                                    
                             'confidence': 1.0,                                
                             'procedure_or_lens':                              
                             'dimensional_analysis',                           
                             'temperature': 0.9,                               
                             'permutation':                                    
                             {'seat_index': 8,                                 
                             'shuffled_order': [2, 1,                          
                             0, 3],                                            
                             'shuffled_letter': 'D',                           
                             'canonical_letter':                               
                             'D'}}], 'unanimous':                              
                             True, 'n_solvers': 9,                             
                             'solver_tier': 'cheap',                           
                             'no_tribunal': True})                             
                             cost=$0.00000                                     
[08/01/26 19:12:58] INFO     recQiWOxhkXRz9NVE        lever_experiments.py:2113
                             [diversified_panel]:                              
                             final=B(wrong,                                    
                             escalated=False,                                  
                             {'seat_answers':                                  
                             [{'seat_index': 0,                                
                             'letter': 'B',                                    
                             'confidence': 0.8,                                
                             'procedure_or_lens':                              
                             'solve_forward',                                  
                             'temperature': 0.3,                               
                             'permutation':                                    
                             {'seat_index': 0,                                 
                             'shuffled_order': [0, 2,                          
                             1, 3],                                            
                             'shuffled_letter': 'C',                           
                             'canonical_letter':                               
                             'B'}}, {'seat_index': 1,                          
                             'letter': 'B',                                    
                             'confidence': 0.6,                                
                             'procedure_or_lens':                              
                             'verify_by_candidate',                            
                             'temperature': 0.6,                               
                             'permutation':                                    
                             {'seat_index': 1,                                 
                             'shuffled_order': [2, 1,                          
                             3, 0],                                            
                             'shuffled_letter': 'B',                           
                             'canonical_letter':                               
                             'B'}}, {'seat_index': 2,                          
                             'letter': 'D',                                    
                             'confidence': 0.6,                                
                             'procedure_or_lens':                              
                             'estimate_first',                                 
                             'temperature': 0.9,                               
                             'permutation':                                    
                             {'seat_index': 2,                                 
                             'shuffled_order': [2, 1,                          
                             0, 3],                                            
                             'shuffled_letter': 'D',                           
                             'canonical_letter':                               
                             'D'}}, {'seat_index': 3,                          
                             'letter': 'B',                                    
                             'confidence': 0.9,                                
                             'procedure_or_lens':                              
                             'dimensional_analysis',                           
                             'temperature': 0.3,                               
                             'permutation':                                    
                             {'seat_index': 3,                                 
                             'shuffled_order': [3, 2,                          
                             0, 1],                                            
                             'shuffled_letter': 'D',                           
                             'canonical_letter':                               
                             'B'}}, {'seat_index': 4,                          
                             'letter': 'D',                                    
                             'confidence': 0.6,                                
                             'procedure_or_lens':                              
                             'analogy_to_canonical',                           
                             'temperature': 0.6,                               
                             'permutation':                                    
                             {'seat_index': 4,                                 
                             'shuffled_order': [2, 0,                          
                             3, 1],                                            
                             'shuffled_letter': 'C',                           
                             'canonical_letter':                               
                             'D'}}, {'seat_index': 5,                          
                             'letter': 'D',                                    
                             'confidence': 0.9,                                
                             'procedure_or_lens':                              
                             'solve_forward',                                  
                             'temperature': 0.9,                               
                             'permutation':                                    
                             {'seat_index': 5,                                 
                             'shuffled_order': [2, 3,                          
                             0, 1],                                            
                             'shuffled_letter': 'B',                           
                             'canonical_letter':                               
                             'D'}}, {'seat_index': 6,                          
                             'letter': 'B',                                    
                             'confidence': 0.6,                                
                             'procedure_or_lens':                              
                             'verify_by_candidate',                            
                             'temperature': 0.3,                               
                             'permutation':                                    
                             {'seat_index': 6,                                 
                             'shuffled_order': [3, 2,                          
                             1, 0],                                            
                             'shuffled_letter': 'C',                           
                             'canonical_letter':                               
                             'B'}}, {'seat_index': 7,                          
                             'letter': 'D',                                    
                             'confidence': 0.6,                                
                             'procedure_or_lens':                              
                             'estimate_first',                                 
                             'temperature': 0.6,                               
                             'permutation':                                    
                             {'seat_index': 7,                                 
                             'shuffled_order': [1, 0,                          
                             3, 2],                                            
                             'shuffled_letter': 'C',                           
                             'canonical_letter':                               
                             'D'}}, {'seat_index': 8,                          
                             'letter': 'B',                                    
                             'confidence': 0.2,                                
                             'procedure_or_lens':                              
                             'dimensional_analysis',                           
                             'temperature': 0.9,                               
                             'permutation':                                    
                             {'seat_index': 8,                                 
                             'shuffled_order': [2, 1,                          
                             0, 3],                                            
                             'shuffled_letter': 'B',                           
                             'canonical_letter':                               
                             'B'}}], 'unanimous':                              
                             False, 'n_solvers': 9,                            
                             'solver_tier': 'cheap',                           
                             'no_tribunal': True})                             
                             cost=$0.00000                                     
[08/01/26 19:13:05] INFO     recyrk6XBVwugG5u8        lever_experiments.py:2113
                             [diversified_panel]:                              
                             final=D(correct,                                  
                             escalated=False,                                  
                             {'seat_answers':                                  
                             [{'seat_index': 0,                                
                             'letter': 'D',                                    
                             'confidence': 0.9,                                
                             'procedure_or_lens':                              
                             'solve_forward',                                  
                             'temperature': 0.3,                               
                             'permutation':                                    
                             {'seat_index': 0,                                 
                             'shuffled_order': [1, 3,                          
                             2, 0],                                            
                             'shuffled_letter': 'B',                           
                             'canonical_letter':                               
                             'D'}}, {'seat_index': 1,                          
                             'letter': 'A',                                    
                             'confidence': 0.85,                               
                             'procedure_or_lens':                              
                             'verify_by_candidate',                            
                             'temperature': 0.6,                               
                             'permutation':                                    
                             {'seat_index': 1,                                 
                             'shuffled_order': [2, 1,                          
                             0, 3],                                            
                             'shuffled_letter': 'C',                           
                             'canonical_letter':                               
                             'A'}}, {'seat_index': 2,                          
                             'letter': 'B',                                    
                             'confidence': 0.8,                                
                             'procedure_or_lens':                              
                             'estimate_first',                                 
                             'temperature': 0.9,                               
                             'permutation':                                    
                             {'seat_index': 2,                                 
                             'shuffled_order': [0, 2,                          
                             3, 1],                                            
                             'shuffled_letter': 'D',                           
                             'canonical_letter':                               
                             'B'}}, {'seat_index': 3,                          
                             'letter': 'D',                                    
                             'confidence': 0.95,                               
                             'procedure_or_lens':                              
                             'dimensional_analysis',                           
                             'temperature': 0.3,                               
                             'permutation':                                    
                             {'seat_index': 3,                                 
                             'shuffled_order': [2, 1,                          
                             0, 3],                                            
                             'shuffled_letter': 'D',                           
                             'canonical_letter':                               
                             'D'}}, {'seat_index': 4,                          
                             'letter': 'D',                                    
                             'confidence': 0.7,                                
                             'procedure_or_lens':                              
                             'analogy_to_canonical',                           
                             'temperature': 0.6,                               
                             'permutation':                                    
                             {'seat_index': 4,                                 
                             'shuffled_order': [1, 3,                          
                             2, 0],                                            
                             'shuffled_letter': 'B',                           
                             'canonical_letter':                               
                             'D'}}, {'seat_index': 5,                          
                             'letter': 'C',                                    
                             'confidence': 0.85,                               
                             'procedure_or_lens':                              
                             'solve_forward',                                  
                             'temperature': 0.9,                               
                             'permutation':                                    
                             {'seat_index': 5,                                 
                             'shuffled_order': [3, 1,                          
                             2, 0],                                            
                             'shuffled_letter': 'C',                           
                             'canonical_letter':                               
                             'C'}}, {'seat_index': 6,                          
                             'letter': 'A',                                    
                             'confidence': 0.85,                               
                             'procedure_or_lens':                              
                             'verify_by_candidate',                            
                             'temperature': 0.3,                               
                             'permutation':                                    
                             {'seat_index': 6,                                 
                             'shuffled_order': [0, 1,                          
                             2, 3],                                            
                             'shuffled_letter': 'A',                           
                             'canonical_letter':                               
                             'A'}}, {'seat_index': 7,                          
                             'letter': 'A',                                    
                             'confidence': 0.85,                               
                             'procedure_or_lens':                              
                             'estimate_first',                                 
                             'temperature': 0.6,                               
                             'permutation':                                    
                             {'seat_index': 7,                                 
                             'shuffled_order': [3, 0,                          
                             1, 2],                                            
                             'shuffled_letter': 'B',                           
                             'canonical_letter':                               
                             'A'}}, {'seat_index': 8,                          
                             'letter': 'D',                                    
                             'confidence': 0.6,                                
                             'procedure_or_lens':                              
                             'dimensional_analysis',                           
                             'temperature': 0.9,                               
                             'permutation':                                    
                             {'seat_index': 8,                                 
                             'shuffled_order': [2, 1,                          
                             3, 0],                                            
                             'shuffled_letter': 'C',                           
                             'canonical_letter':                               
                             'D'}}], 'unanimous':                              
                             False, 'n_solvers': 9,                            
                             'solver_tier': 'cheap',                           
                             'no_tribunal': True})                             
                             cost=$0.00000                                     
[08/01/26 19:13:07] INFO     recXsuOHRBLcyenF2        lever_experiments.py:2113
                             [diversified_panel]:                              
                             final=A(correct,                                  
                             escalated=False,                                  
                             {'seat_answers':                                  
                             [{'seat_index': 0,                                
                             'letter': 'A',                                    
                             'confidence': 0.9,                                
                             'procedure_or_lens':                              
                             'solve_forward',                                  
                             'temperature': 0.3,                               
                             'permutation':                                    
                             {'seat_index': 0,                                 
                             'shuffled_order': [3, 1,                          
                             2, 0],                                            
                             'shuffled_letter': 'D',                           
                             'canonical_letter':                               
                             'A'}}, {'seat_index': 1,                          
                             'letter': 'A',                                    
                             'confidence': 0.9,                                
                             'procedure_or_lens':                              
                             'verify_by_candidate',                            
                             'temperature': 0.6,                               
                             'permutation':                                    
                             {'seat_index': 1,                                 
                             'shuffled_order': [3, 1,                          
                             0, 2],                                            
                             'shuffled_letter': 'C',                           
                             'canonical_letter':                               
                             'A'}}, {'seat_index': 2,                          
                             'letter': 'A',                                    
                             'confidence': 0.95,                               
                             'procedure_or_lens':                              
                             'estimate_first',                                 
                             'temperature': 0.9,                               
                             'permutation':                                    
                             {'seat_index': 2,                                 
                             'shuffled_order': [3, 0,                          
                             1, 2],                                            
                             'shuffled_letter': 'B',                           
                             'canonical_letter':                               
                             'A'}}, {'seat_index': 3,                          
                             'letter': 'A',                                    
                             'confidence': 0.9,                                
                             'procedure_or_lens':                              
                             'dimensional_analysis',                           
                             'temperature': 0.3,                               
                             'permutation':                                    
                             {'seat_index': 3,                                 
                             'shuffled_order': [2, 3,                          
                             1, 0],                                            
                             'shuffled_letter': 'D',                           
                             'canonical_letter':                               
                             'A'}}, {'seat_index': 4,                          
                             'letter': 'A',                                    
                             'confidence': 0.9,                                
                             'procedure_or_lens':                              
                             'analogy_to_canonical',                           
                             'temperature': 0.6,                               
                             'permutation':                                    
                             {'seat_index': 4,                                 
                             'shuffled_order': [1, 3,                          
                             0, 2],                                            
                             'shuffled_letter': 'C',                           
                             'canonical_letter':                               
                             'A'}}, {'seat_index': 5,                          
                             'letter': 'A',                                    
                             'confidence': 0.95,                               
                             'procedure_or_lens':                              
                             'solve_forward',                                  
                             'temperature': 0.9,                               
                             'permutation':                                    
                             {'seat_index': 5,                                 
                             'shuffled_order': [1, 2,                          
                             3, 0],                                            
                             'shuffled_letter': 'D',                           
                             'canonical_letter':                               
                             'A'}}, {'seat_index': 6,                          
                             'letter': 'A',                                    
                             'confidence': 0.9,                                
                             'procedure_or_lens':                              
                             'verify_by_candidate',                            
                             'temperature': 0.3,                               
                             'permutation':                                    
                             {'seat_index': 6,                                 
                             'shuffled_order': [0, 1,                          
                             2, 3],                                            
                             'shuffled_letter': 'A',                           
                             'canonical_letter':                               
                             'A'}}, {'seat_index': 7,                          
                             'letter': 'A',                                    
                             'confidence': 0.95,                               
                             'procedure_or_lens':                              
                             'estimate_first',                                 
                             'temperature': 0.6,                               
                             'permutation':                                    
                             {'seat_index': 7,                                 
                             'shuffled_order': [0, 3,                          
                             1, 2],                                            
                             'shuffled_letter': 'A',                           
                             'canonical_letter':                               
                             'A'}}, {'seat_index': 8,                          
                             'letter': 'A',                                    
                             'confidence': 0.9,                                
                             'procedure_or_lens':                              
                             'dimensional_analysis',                           
                             'temperature': 0.9,                               
                             'permutation':                                    
                             {'seat_index': 8,                                 
                             'shuffled_order': [0, 1,                          
                             2, 3],                                            
                             'shuffled_letter': 'A',                           
                             'canonical_letter':                               
                             'A'}}], 'unanimous':                              
                             True, 'n_solvers': 9,                             
                             'solver_tier': 'cheap',                           
                             'no_tribunal': True})                             
                             cost=$0.00000                                     
[08/01/26 19:13:10] INFO     recBXlqrZUCR897It        lever_experiments.py:2113
                             [diversified_panel]:                              
                             final=D(wrong,                                    
                             escalated=False,                                  
                             {'seat_answers':                                  
                             [{'seat_index': 0,                                
                             'letter': 'D',                                    
                             'confidence': 0.85,                               
                             'procedure_or_lens':                              
                             'solve_forward',                                  
                             'temperature': 0.3,                               
                             'permutation':                                    
                             {'seat_index': 0,                                 
                             'shuffled_order': [1, 3,                          
                             2, 0],                                            
                             'shuffled_letter': 'B',                           
                             'canonical_letter':                               
                             'D'}}, {'seat_index': 1,                          
                             'letter': 'C',                                    
                             'confidence': 0.8,                                
                             'procedure_or_lens':                              
                             'verify_by_candidate',                            
                             'temperature': 0.6,                               
                             'permutation':                                    
                             {'seat_index': 1,                                 
                             'shuffled_order': [0, 1,                          
                             2, 3],                                            
                             'shuffled_letter': 'C',                           
                             'canonical_letter':                               
                             'C'}}, {'seat_index': 2,                          
                             'letter': 'D',                                    
                             'confidence': 0.85,                               
                             'procedure_or_lens':                              
                             'estimate_first',                                 
                             'temperature': 0.9,                               
                             'permutation':                                    
                             {'seat_index': 2,                                 
                             'shuffled_order': [2, 3,                          
                             0, 1],                                            
                             'shuffled_letter': 'B',                           
                             'canonical_letter':                               
                             'D'}}, {'seat_index': 3,                          
                             'letter': 'D',                                    
                             'confidence': 0.85,                               
                             'procedure_or_lens':                              
                             'dimensional_analysis',                           
                             'temperature': 0.3,                               
                             'permutation':                                    
                             {'seat_index': 3,                                 
                             'shuffled_order': [0, 1,                          
                             2, 3],                                            
                             'shuffled_letter': 'D',                           
                             'canonical_letter':                               
                             'D'}}, {'seat_index': 4,                          
                             'letter': 'D',                                    
                             'confidence': 0.7,                                
                             'procedure_or_lens':                              
                             'analogy_to_canonical',                           
                             'temperature': 0.6,                               
                             'permutation':                                    
                             {'seat_index': 4,                                 
                             'shuffled_order': [3, 2,                          
                             1, 0],                                            
                             'shuffled_letter': 'A',                           
                             'canonical_letter':                               
                             'D'}}, {'seat_index': 5,                          
                             'letter': 'D',                                    
                             'confidence': 0.8,                                
                             'procedure_or_lens':                              
                             'solve_forward',                                  
                             'temperature': 0.9,                               
                             'permutation':                                    
                             {'seat_index': 5,                                 
                             'shuffled_order': [2, 3,                          
                             0, 1],                                            
                             'shuffled_letter': 'B',                           
                             'canonical_letter':                               
                             'D'}}, {'seat_index': 6,                          
                             'letter': 'D',                                    
                             'confidence': 0.85,                               
                             'procedure_or_lens':                              
                             'verify_by_candidate',                            
                             'temperature': 0.3,                               
                             'permutation':                                    
                             {'seat_index': 6,                                 
                             'shuffled_order': [3, 0,                          
                             1, 2],                                            
                             'shuffled_letter': 'A',                           
                             'canonical_letter':                               
                             'D'}}, {'seat_index': 7,                          
                             'letter': 'C',                                    
                             'confidence': 0.85,                               
                             'procedure_or_lens':                              
                             'estimate_first',                                 
                             'temperature': 0.6,                               
                             'permutation':                                    
                             {'seat_index': 7,                                 
                             'shuffled_order': [2, 3,                          
                             0, 1],                                            
                             'shuffled_letter': 'A',                           
                             'canonical_letter':                               
                             'C'}}, {'seat_index': 8,                          
                             'letter': 'D',                                    
                             'confidence': 0.9,                                
                             'procedure_or_lens':                              
                             'dimensional_analysis',                           
                             'temperature': 0.9,                               
                             'permutation':                                    
                             {'seat_index': 8,                                 
                             'shuffled_order': [3, 1,                          
                             0, 2],                                            
                             'shuffled_letter': 'A',                           
                             'canonical_letter':                               
                             'D'}}], 'unanimous':                              
                             False, 'n_solvers': 9,                            
                             'solver_tier': 'cheap',                           
                             'no_tribunal': True})                             
                             cost=$0.00000                                     
[08/01/26 19:13:11] INFO     rec527dNeEtWJrYNl        lever_experiments.py:2113
                             [diversified_panel]:                              
                             final=A(correct,                                  
                             escalated=False,                                  
                             {'seat_answers':                                  
                             [{'seat_index': 0,                                
                             'letter': 'A',                                    
                             'confidence': 0.85,                               
                             'procedure_or_lens':                              
                             'solve_forward',                                  
                             'temperature': 0.3,                               
                             'permutation':                                    
                             {'seat_index': 0,                                 
                             'shuffled_order': [0, 2,                          
                             3, 1],                                            
                             'shuffled_letter': 'A',                           
                             'canonical_letter':                               
                             'A'}}, {'seat_index': 1,                          
                             'letter': 'A',                                    
                             'confidence': 0.85,                               
                             'procedure_or_lens':                              
                             'verify_by_candidate',                            
                             'temperature': 0.6,                               
                             'permutation':                                    
                             {'seat_index': 1,                                 
                             'shuffled_order': [2, 3,                          
                             1, 0],                                            
                             'shuffled_letter': 'D',                           
                             'canonical_letter':                               
                             'A'}}, {'seat_index': 2,                          
                             'letter': 'A',                                    
                             'confidence': 0.85,                               
                             'procedure_or_lens':                              
                             'estimate_first',                                 
                             'temperature': 0.9,                               
                             'permutation':                                    
                             {'seat_index': 2,                                 
                             'shuffled_order': [3, 2,                          
                             1, 0],                                            
                             'shuffled_letter': 'D',                           
                             'canonical_letter':                               
                             'A'}}, {'seat_index': 3,                          
                             'letter': 'A',                                    
                             'confidence': 0.85,                               
                             'procedure_or_lens':                              
                             'dimensional_analysis',                           
                             'temperature': 0.3,                               
                             'permutation':                                    
                             {'seat_index': 3,                                 
                             'shuffled_order': [3, 2,                          
                             0, 1],                                            
                             'shuffled_letter': 'C',                           
                             'canonical_letter':                               
                             'A'}}, {'seat_index': 4,                          
                             'letter': 'A',                                    
                             'confidence': 0.85,                               
                             'procedure_or_lens':                              
                             'analogy_to_canonical',                           
                             'temperature': 0.6,                               
                             'permutation':                                    
                             {'seat_index': 4,                                 
                             'shuffled_order': [0, 2,                          
                             3, 1],                                            
                             'shuffled_letter': 'A',                           
                             'canonical_letter':                               
                             'A'}}, {'seat_index': 5,                          
                             'letter': 'A',                                    
                             'confidence': 0.85,                               
                             'procedure_or_lens':                              
                             'solve_forward',                                  
                             'temperature': 0.9,                               
                             'permutation':                                    
                             {'seat_index': 5,                                 
                             'shuffled_order': [1, 2,                          
                             0, 3],                                            
                             'shuffled_letter': 'C',                           
                             'canonical_letter':                               
                             'A'}}, {'seat_index': 6,                          
                             'letter': 'A',                                    
                             'confidence': 0.85,                               
                             'procedure_or_lens':                              
                             'verify_by_candidate',                            
                             'temperature': 0.3,                               
                             'permutation':                                    
                             {'seat_index': 6,                                 
                             'shuffled_order': [1, 2,                          
                             0, 3],                                            
                             'shuffled_letter': 'C',                           
                             'canonical_letter':                               
                             'A'}}, {'seat_index': 7,                          
                             'letter': 'D',                                    
                             'confidence': 0.6,                                
                             'procedure_or_lens':                              
                             'estimate_first',                                 
                             'temperature': 0.6,                               
                             'permutation':                                    
                             {'seat_index': 7,                                 
                             'shuffled_order': [0, 1,                          
                             3, 2],                                            
                             'shuffled_letter': 'C',                           
                             'canonical_letter':                               
                             'D'}}, {'seat_index': 8,                          
                             'letter': 'A',                                    
                             'confidence': 0.85,                               
                             'procedure_or_lens':                              
                             'dimensional_analysis',                           
                             'temperature': 0.9,                               
                             'permutation':                                    
                             {'seat_index': 8,                                 
                             'shuffled_order': [1, 3,                          
                             0, 2],                                            
                             'shuffled_letter': 'C',                           
                             'canonical_letter':                               
                             'A'}}], 'unanimous':                              
                             False, 'n_solvers': 9,                            
                             'solver_tier': 'cheap',                           
                             'no_tribunal': True})                             
                             cost=$0.00000                                     
                    INFO     recPzW1WqRnPs57D6        lever_experiments.py:2113
                             [diversified_panel]:                              
                             final=D(correct,                                  
                             escalated=False,                                  
                             {'seat_answers':                                  
                             [{'seat_index': 0,                                
                             'letter': 'D',                                    
                             'confidence': 0.95,                               
                             'procedure_or_lens':                              
                             'solve_forward',                                  
                             'temperature': 0.3,                               
                             'permutation':                                    
                             {'seat_index': 0,                                 
                             'shuffled_order': [0, 1,                          
                             3, 2],                                            
                             'shuffled_letter': 'C',                           
                             'canonical_letter':                               
                             'D'}}, {'seat_index': 1,                          
                             'letter': 'D',                                    
                             'confidence': 0.9,                                
                             'procedure_or_lens':                              
                             'verify_by_candidate',                            
                             'temperature': 0.6,                               
                             'permutation':                                    
                             {'seat_index': 1,                                 
                             'shuffled_order': [1, 0,                          
                             3, 2],                                            
                             'shuffled_letter': 'C',                           
                             'canonical_letter':                               
                             'D'}}, {'seat_index': 2,                          
                             'letter': 'D',                                    
                             'confidence': 0.95,                               
                             'procedure_or_lens':                              
                             'estimate_first',                                 
                             'temperature': 0.9,                               
                             'permutation':                                    
                             {'seat_index': 2,                                 
                             'shuffled_order': [2, 3,                          
                             1, 0],                                            
                             'shuffled_letter': 'B',                           
                             'canonical_letter':                               
                             'D'}}, {'seat_index': 3,                          
                             'letter': 'D',                                    
                             'confidence': 0.95,                               
                             'procedure_or_lens':                              
                             'dimensional_analysis',                           
                             'temperature': 0.3,                               
                             'permutation':                                    
                             {'seat_index': 3,                                 
                             'shuffled_order': [0, 3,                          
                             2, 1],                                            
                             'shuffled_letter': 'B',                           
                             'canonical_letter':                               
                             'D'}}, {'seat_index': 4,                          
                             'letter': 'D',                                    
                             'confidence': 0.95,                               
                             'procedure_or_lens':                              
                             'analogy_to_canonical',                           
                             'temperature': 0.6,                               
                             'permutation':                                    
                             {'seat_index': 4,                                 
                             'shuffled_order': [0, 3,                          
                             1, 2],                                            
                             'shuffled_letter': 'B',                           
                             'canonical_letter':                               
                             'D'}}, {'seat_index': 5,                          
                             'letter': 'D',                                    
                             'confidence': 0.95,                               
                             'procedure_or_lens':                              
                             'solve_forward',                                  
                             'temperature': 0.9,                               
                             'permutation':                                    
                             {'seat_index': 5,                                 
                             'shuffled_order': [2, 3,                          
                             1, 0],                                            
                             'shuffled_letter': 'B',                           
                             'canonical_letter':                               
                             'D'}}, {'seat_index': 6,                          
                             'letter': 'D',                                    
                             'confidence': 0.95,                               
                             'procedure_or_lens':                              
                             'verify_by_candidate',                            
                             'temperature': 0.3,                               
                             'permutation':                                    
                             {'seat_index': 6,                                 
                             'shuffled_order': [0, 3,                          
                             2, 1],                                            
                             'shuffled_letter': 'B',                           
                             'canonical_letter':                               
                             'D'}}, {'seat_index': 7,                          
                             'letter': 'D',                                    
                             'confidence': 0.95,                               
                             'procedure_or_lens':                              
                             'estimate_first',                                 
                             'temperature': 0.6,                               
                             'permutation':                                    
                             {'seat_index': 7,                                 
                             'shuffled_order': [0, 3,                          
                             1, 2],                                            
                             'shuffled_letter': 'B',                           
                             'canonical_letter':                               
                             'D'}}, {'seat_index': 8,                          
                             'letter': 'D',                                    
                             'confidence': 0.95,                               
                             'procedure_or_lens':                              
                             'dimensional_analysis',                           
                             'temperature': 0.9,                               
                             'permutation':                                    
                             {'seat_index': 8,                                 
                             'shuffled_order': [1, 0,                          
                             2, 3],                                            
                             'shuffled_letter': 'D',                           
                             'canonical_letter':                               
                             'D'}}], 'unanimous':                              
                             True, 'n_solvers': 9,                             
                             'solver_tier': 'cheap',                           
                             'no_tribunal': True})                             
                             cost=$0.00000                                     
[08/01/26 19:13:16] INFO     rec2UlKqC6RFHdcro        lever_experiments.py:2113
                             [diversified_panel]:                              
                             final=A(correct,                                  
                             escalated=False,                                  
                             {'seat_answers':                                  
                             [{'seat_index': 0,                                
                             'letter': 'A',                                    
                             'confidence': 0.95,                               
                             'procedure_or_lens':                              
                             'solve_forward',                                  
                             'temperature': 0.3,                               
                             'permutation':                                    
                             {'seat_index': 0,                                 
                             'shuffled_order': [3, 0,                          
                             1, 2],                                            
                             'shuffled_letter': 'B',                           
                             'canonical_letter':                               
                             'A'}}, {'seat_index': 1,                          
                             'letter': 'D',                                    
                             'confidence': 0.85,                               
                             'procedure_or_lens':                              
                             'verify_by_candidate',                            
                             'temperature': 0.6,                               
                             'permutation':                                    
                             {'seat_index': 1,                                 
                             'shuffled_order': [3, 1,                          
                             2, 0],                                            
                             'shuffled_letter': 'A',                           
                             'canonical_letter':                               
                             'D'}}, {'seat_index': 2,                          
                             'letter': 'A',                                    
                             'confidence': 0.95,                               
                             'procedure_or_lens':                              
                             'estimate_first',                                 
                             'temperature': 0.9,                               
                             'permutation':                                    
                             {'seat_index': 2,                                 
                             'shuffled_order': [0, 2,                          
                             1, 3],                                            
                             'shuffled_letter': 'A',                           
                             'canonical_letter':                               
                             'A'}}, {'seat_index': 3,                          
                             'letter': 'A',                                    
                             'confidence': 0.95,                               
                             'procedure_or_lens':                              
                             'dimensional_analysis',                           
                             'temperature': 0.3,                               
                             'permutation':                                    
                             {'seat_index': 3,                                 
                             'shuffled_order': [2, 1,                          
                             0, 3],                                            
                             'shuffled_letter': 'C',                           
                             'canonical_letter':                               
                             'A'}}, {'seat_index': 4,                          
                             'letter': 'A',                                    
                             'confidence': 0.95,                               
                             'procedure_or_lens':                              
                             'analogy_to_canonical',                           
                             'temperature': 0.6,                               
                             'permutation':                                    
                             {'seat_index': 4,                                 
                             'shuffled_order': [3, 2,                          
                             1, 0],                                            
                             'shuffled_letter': 'D',                           
                             'canonical_letter':                               
                             'A'}}, {'seat_index': 5,                          
                             'letter': 'A',                                    
                             'confidence': 0.95,                               
                             'procedure_or_lens':                              
                             'solve_forward',                                  
                             'temperature': 0.9,                               
                             'permutation':                                    
                             {'seat_index': 5,                                 
                             'shuffled_order': [0, 3,                          
                             1, 2],                                            
                             'shuffled_letter': 'A',                           
                             'canonical_letter':                               
                             'A'}}, {'seat_index': 6,                          
                             'letter': 'A',                                    
                             'confidence': 0.85,                               
                             'procedure_or_lens':                              
                             'verify_by_candidate',                            
                             'temperature': 0.3,                               
                             'permutation':                                    
                             {'seat_index': 6,                                 
                             'shuffled_order': [3, 2,                          
                             1, 0],                                            
                             'shuffled_letter': 'D',                           
                             'canonical_letter':                               
                             'A'}}, {'seat_index': 7,                          
                             'letter': 'A',                                    
                             'confidence': 0.95,                               
                             'procedure_or_lens':                              
                             'estimate_first',                                 
                             'temperature': 0.6,                               
                             'permutation':                                    
                             {'seat_index': 7,                                 
                             'shuffled_order': [2, 1,                          
                             0, 3],                                            
                             'shuffled_letter': 'C',                           
                             'canonical_letter':                               
                             'A'}}, {'seat_index': 8,                          
                             'letter': 'A',                                    
                             'confidence': 0.85,                               
                             'procedure_or_lens':                              
                             'dimensional_analysis',                           
                             'temperature': 0.9,                               
                             'permutation':                                    
                             {'seat_index': 8,                                 
                             'shuffled_order': [2, 1,                          
                             3, 0],                                            
                             'shuffled_letter': 'D',                           
                             'canonical_letter':                               
                             'A'}}], 'unanimous':                              
                             False, 'n_solvers': 9,                            
                             'solver_tier': 'cheap',                           
                             'no_tribunal': True})                             
                             cost=$0.00000                                     
[08/01/26 19:13:19] INFO     reczkBiPPNrNN49Hp        lever_experiments.py:2113
                             [diversified_panel]:                              
                             final=A(correct,                                  
                             escalated=False,                                  
                             {'seat_answers':                                  
                             [{'seat_index': 0,                                
                             'letter': 'A',                                    
                             'confidence': 0.95,                               
                             'procedure_or_lens':                              
                             'solve_forward',                                  
                             'temperature': 0.3,                               
                             'permutation':                                    
                             {'seat_index': 0,                                 
                             'shuffled_order': [3, 1,                          
                             2, 0],                                            
                             'shuffled_letter': 'D',                           
                             'canonical_letter':                               
                             'A'}}, {'seat_index': 1,                          
                             'letter': 'A',                                    
                             'confidence': 0.95,                               
                             'procedure_or_lens':                              
                             'verify_by_candidate',                            
                             'temperature': 0.6,                               
                             'permutation':                                    
                             {'seat_index': 1,                                 
                             'shuffled_order': [0, 1,                          
                             2, 3],                                            
                             'shuffled_letter': 'A',                           
                             'canonical_letter':                               
                             'A'}}, {'seat_index': 2,                          
                             'letter': 'A',                                    
                             'confidence': 0.95,                               
                             'procedure_or_lens':                              
                             'estimate_first',                                 
                             'temperature': 0.9,                               
                             'permutation':                                    
                             {'seat_index': 2,                                 
                             'shuffled_order': [1, 0,                          
                             2, 3],                                            
                             'shuffled_letter': 'B',                           
                             'canonical_letter':                               
                             'A'}}, {'seat_index': 3,                          
                             'letter': 'A',                                    
                             'confidence': 0.95,                               
                             'procedure_or_lens':                              
                             'dimensional_analysis',                           
                             'temperature': 0.3,                               
                             'permutation':                                    
                             {'seat_index': 3,                                 
                             'shuffled_order': [3, 0,                          
                             1, 2],                                            
                             'shuffled_letter': 'B',                           
                             'canonical_letter':                               
                             'A'}}, {'seat_index': 4,                          
                             'letter': 'A',                                    
                             'confidence': 0.85,                               
                             'procedure_or_lens':                              
                             'analogy_to_canonical',                           
                             'temperature': 0.6,                               
                             'permutation':                                    
                             {'seat_index': 4,                                 
                             'shuffled_order': [3, 0,                          
                             2, 1],                                            
                             'shuffled_letter': 'B',                           
                             'canonical_letter':                               
                             'A'}}, {'seat_index': 5,                          
                             'letter': 'A',                                    
                             'confidence': 0.95,                               
                             'procedure_or_lens':                              
                             'solve_forward',                                  
                             'temperature': 0.9,                               
                             'permutation':                                    
                             {'seat_index': 5,                                 
                             'shuffled_order': [0, 1,                          
                             2, 3],                                            
                             'shuffled_letter': 'A',                           
                             'canonical_letter':                               
                             'A'}}, {'seat_index': 6,                          
                             'letter': 'A',                                    
                             'confidence': 0.95,                               
                             'procedure_or_lens':                              
                             'verify_by_candidate',                            
                             'temperature': 0.3,                               
                             'permutation':                                    
                             {'seat_index': 6,                                 
                             'shuffled_order': [2, 3,                          
                             0, 1],                                            
                             'shuffled_letter': 'C',                           
                             'canonical_letter':                               
                             'A'}}, {'seat_index': 7,                          
                             'letter': 'A',                                    
                             'confidence': 0.95,                               
                             'procedure_or_lens':                              
                             'estimate_first',                                 
                             'temperature': 0.6,                               
                             'permutation':                                    
                             {'seat_index': 7,                                 
                             'shuffled_order': [0, 3,                          
                             2, 1],                                            
                             'shuffled_letter': 'A',                           
                             'canonical_letter':                               
                             'A'}}, {'seat_index': 8,                          
                             'letter': 'A',                                    
                             'confidence': 0.95,                               
                             'procedure_or_lens':                              
                             'dimensional_analysis',                           
                             'temperature': 0.9,                               
                             'permutation':                                    
                             {'seat_index': 8,                                 
                             'shuffled_order': [3, 1,                          
                             0, 2],                                            
                             'shuffled_letter': 'C',                           
                             'canonical_letter':                               
                             'A'}}], 'unanimous':                              
                             True, 'n_solvers': 9,                             
                             'solver_tier': 'cheap',                           
                             'no_tribunal': True})                             
                             cost=$0.00000                                     
[08/01/26 19:13:26] INFO     recJZ3QEfRKjYw9a7        lever_experiments.py:2113
                             [diversified_panel]:                              
                             final=C(wrong,                                    
                             escalated=False,                                  
                             {'seat_answers':                                  
                             [{'seat_index': 0,                                
                             'letter': 'C',                                    
                             'confidence': 0.9,                                
                             'procedure_or_lens':                              
                             'solve_forward',                                  
                             'temperature': 0.3,                               
                             'permutation':                                    
                             {'seat_index': 0,                                 
                             'shuffled_order': [1, 0,                          
                             2, 3],                                            
                             'shuffled_letter': 'C',                           
                             'canonical_letter':                               
                             'C'}}, {'seat_index': 1,                          
                             'letter': 'C',                                    
                             'confidence': 0.85,                               
                             'procedure_or_lens':                              
                             'verify_by_candidate',                            
                             'temperature': 0.6,                               
                             'permutation':                                    
                             {'seat_index': 1,                                 
                             'shuffled_order': [0, 1,                          
                             2, 3],                                            
                             'shuffled_letter': 'C',                           
                             'canonical_letter':                               
                             'C'}}, {'seat_index': 2,                          
                             'letter': 'C',                                    
                             'confidence': 0.85,                               
                             'procedure_or_lens':                              
                             'estimate_first',                                 
                             'temperature': 0.9,                               
                             'permutation':                                    
                             {'seat_index': 2,                                 
                             'shuffled_order': [3, 1,                          
                             2, 0],                                            
                             'shuffled_letter': 'C',                           
                             'canonical_letter':                               
                             'C'}}, {'seat_index': 3,                          
                             'letter': 'D',                                    
                             'confidence': 0.9,                                
                             'procedure_or_lens':                              
                             'dimensional_analysis',                           
                             'temperature': 0.3,                               
                             'permutation':                                    
                             {'seat_index': 3,                                 
                             'shuffled_order': [0, 2,                          
                             1, 3],                                            
                             'shuffled_letter': 'D',                           
                             'canonical_letter':                               
                             'D'}}, {'seat_index': 4,                          
                             'letter': 'C',                                    
                             'confidence': 0.6,                                
                             'procedure_or_lens':                              
                             'analogy_to_canonical',                           
                             'temperature': 0.6,                               
                             'permutation':                                    
                             {'seat_index': 4,                                 
                             'shuffled_order': [0, 1,                          
                             3, 2],                                            
                             'shuffled_letter': 'D',                           
                             'canonical_letter':                               
                             'C'}}, {'seat_index': 5,                          
                             'letter': 'B',                                    
                             'confidence': 0.85,                               
                             'procedure_or_lens':                              
                             'solve_forward',                                  
                             'temperature': 0.9,                               
                             'permutation':                                    
                             {'seat_index': 5,                                 
                             'shuffled_order': [2, 1,                          
                             3, 0],                                            
                             'shuffled_letter': 'B',                           
                             'canonical_letter':                               
                             'B'}}, {'seat_index': 6,                          
                             'letter': 'B',                                    
                             'confidence': 0.85,                               
                             'procedure_or_lens':                              
                             'verify_by_candidate',                            
                             'temperature': 0.3,                               
                             'permutation':                                    
                             {'seat_index': 6,                                 
                             'shuffled_order': [2, 3,                          
                             0, 1],                                            
                             'shuffled_letter': 'D',                           
                             'canonical_letter':                               
                             'B'}}, {'seat_index': 7,                          
                             'letter': 'C',                                    
                             'confidence': 0.9,                                
                             'procedure_or_lens':                              
                             'estimate_first',                                 
                             'temperature': 0.6,                               
                             'permutation':                                    
                             {'seat_index': 7,                                 
                             'shuffled_order': [1, 0,                          
                             3, 2],                                            
                             'shuffled_letter': 'D',                           
                             'canonical_letter':                               
                             'C'}}, {'seat_index': 8,                          
                             'letter': 'B',                                    
                             'confidence': 0.6,                                
                             'procedure_or_lens':                              
                             'dimensional_analysis',                           
                             'temperature': 0.9,                               
                             'permutation':                                    
                             {'seat_index': 8,                                 
                             'shuffled_order': [1, 2,                          
                             3, 0],                                            
                             'shuffled_letter': 'A',                           
                             'canonical_letter':                               
                             'B'}}], 'unanimous':                              
                             False, 'n_solvers': 9,                            
                             'solver_tier': 'cheap',                           
                             'no_tribunal': True})                             
                             cost=$0.00000                                     
[08/01/26 19:13:32] INFO     recNuT2oSnO86bxOx        lever_experiments.py:2113
                             [diversified_panel]:                              
                             final=D(correct,                                  
                             escalated=False,                                  
                             {'seat_answers':                                  
                             [{'seat_index': 0,                                
                             'letter': 'D',                                    
                             'confidence': 0.9,                                
                             'procedure_or_lens':                              
                             'solve_forward',                                  
                             'temperature': 0.3,                               
                             'permutation':                                    
                             {'seat_index': 0,                                 
                             'shuffled_order': [1, 0,                          
                             2, 3],                                            
                             'shuffled_letter': 'D',                           
                             'canonical_letter':                               
                             'D'}}, {'seat_index': 1,                          
                             'letter': 'D',                                    
                             'confidence': 0.95,                               
                             'procedure_or_lens':                              
                             'verify_by_candidate',                            
                             'temperature': 0.6,                               
                             'permutation':                                    
                             {'seat_index': 1,                                 
                             'shuffled_order': [1, 2,                          
                             3, 0],                                            
                             'shuffled_letter': 'C',                           
                             'canonical_letter':                               
                             'D'}}, {'seat_index': 2,                          
                             'letter': 'D',                                    
                             'confidence': 0.9,                                
                             'procedure_or_lens':                              
                             'estimate_first',                                 
                             'temperature': 0.9,                               
                             'permutation':                                    
                             {'seat_index': 2,                                 
                             'shuffled_order': [2, 1,                          
                             0, 3],                                            
                             'shuffled_letter': 'D',                           
                             'canonical_letter':                               
                             'D'}}, {'seat_index': 3,                          
                             'letter': 'D',                                    
                             'confidence': 0.85,                               
                             'procedure_or_lens':                              
                             'dimensional_analysis',                           
                             'temperature': 0.3,                               
                             'permutation':                                    
                             {'seat_index': 3,                                 
                             'shuffled_order': [3, 2,                          
                             0, 1],                                            
                             'shuffled_letter': 'A',                           
                             'canonical_letter':                               
                             'D'}}, {'seat_index': 4,                          
                             'letter': 'D',                                    
                             'confidence': 0.95,                               
                             'procedure_or_lens':                              
                             'analogy_to_canonical',                           
                             'temperature': 0.6,                               
                             'permutation':                                    
                             {'seat_index': 4,                                 
                             'shuffled_order': [2, 3,                          
                             0, 1],                                            
                             'shuffled_letter': 'B',                           
                             'canonical_letter':                               
                             'D'}}, {'seat_index': 5,                          
                             'letter': 'D',                                    
                             'confidence': 0.85,                               
                             'procedure_or_lens':                              
                             'solve_forward',                                  
                             'temperature': 0.9,                               
                             'permutation':                                    
                             {'seat_index': 5,                                 
                             'shuffled_order': [2, 1,                          
                             0, 3],                                            
                             'shuffled_letter': 'D',                           
                             'canonical_letter':                               
                             'D'}}, {'seat_index': 6,                          
                             'letter': 'D',                                    
                             'confidence': 0.85,                               
                             'procedure_or_lens':                              
                             'verify_by_candidate',                            
                             'temperature': 0.3,                               
                             'permutation':                                    
                             {'seat_index': 6,                                 
                             'shuffled_order': [3, 1,                          
                             2, 0],                                            
                             'shuffled_letter': 'A',                           
                             'canonical_letter':                               
                             'D'}}, {'seat_index': 7,                          
                             'letter': 'D',                                    
                             'confidence': 0.9,                                
                             'procedure_or_lens':                              
                             'estimate_first',                                 
                             'temperature': 0.6,                               
                             'permutation':                                    
                             {'seat_index': 7,                                 
                             'shuffled_order': [0, 2,                          
                             1, 3],                                            
                             'shuffled_letter': 'D',                           
                             'canonical_letter':                               
                             'D'}}, {'seat_index': 8,                          
                             'letter': 'D',                                    
                             'confidence': 0.8,                                
                             'procedure_or_lens':                              
                             'dimensional_analysis',                           
                             'temperature': 0.9,                               
                             'permutation':                                    
                             {'seat_index': 8,                                 
                             'shuffled_order': [0, 1,                          
                             3, 2],                                            
                             'shuffled_letter': 'C',                           
                             'canonical_letter':                               
                             'D'}}], 'unanimous':                              
                             True, 'n_solvers': 9,                             
                             'solver_tier': 'cheap',                           
                             'no_tribunal': True})                             
                             cost=$0.00000                                     
[08/01/26 19:13:43] INFO     recAAJoHMW45Lv5je        lever_experiments.py:2113
                             [diversified_panel]:                              
                             final=D(correct,                                  
                             escalated=False,                                  
                             {'seat_answers':                                  
                             [{'seat_index': 0,                                
                             'letter': 'D',                                    
                             'confidence': 0.9,                                
                             'procedure_or_lens':                              
                             'solve_forward',                                  
                             'temperature': 0.3,                               
                             'permutation':                                    
                             {'seat_index': 0,                                 
                             'shuffled_order': [2, 0,                          
                             1, 3],                                            
                             'shuffled_letter': 'D',                           
                             'canonical_letter':                               
                             'D'}}, {'seat_index': 1,                          
                             'letter': 'D',                                    
                             'confidence': 0.9,                                
                             'procedure_or_lens':                              
                             'verify_by_candidate',                            
                             'temperature': 0.6,                               
                             'permutation':                                    
                             {'seat_index': 1,                                 
                             'shuffled_order': [1, 2,                          
                             3, 0],                                            
                             'shuffled_letter': 'C',                           
                             'canonical_letter':                               
                             'D'}}, {'seat_index': 2,                          
                             'letter': 'D',                                    
                             'confidence': 0.85,                               
                             'procedure_or_lens':                              
                             'estimate_first',                                 
                             'temperature': 0.9,                               
                             'permutation':                                    
                             {'seat_index': 2,                                 
                             'shuffled_order': [1, 0,                          
                             2, 3],                                            
                             'shuffled_letter': 'D',                           
                             'canonical_letter':                               
                             'D'}}, {'seat_index': 3,                          
                             'letter': 'D',                                    
                             'confidence': 0.85,                               
                             'procedure_or_lens':                              
                             'dimensional_analysis',                           
                             'temperature': 0.3,                               
                             'permutation':                                    
                             {'seat_index': 3,                                 
                             'shuffled_order': [1, 0,                          
                             3, 2],                                            
                             'shuffled_letter': 'C',                           
                             'canonical_letter':                               
                             'D'}}, {'seat_index': 4,                          
                             'letter': 'A',                                    
                             'confidence': 0.8,                                
                             'procedure_or_lens':                              
                             'analogy_to_canonical',                           
                             'temperature': 0.6,                               
                             'permutation':                                    
                             {'seat_index': 4,                                 
                             'shuffled_order': [2, 0,                          
                             3, 1],                                            
                             'shuffled_letter': 'B',                           
                             'canonical_letter':                               
                             'A'}}, {'seat_index': 5,                          
                             'letter': 'D',                                    
                             'confidence': 0.85,                               
                             'procedure_or_lens':                              
                             'solve_forward',                                  
                             'temperature': 0.9,                               
                             'permutation':                                    
                             {'seat_index': 5,                                 
                             'shuffled_order': [1, 0,                          
                             2, 3],                                            
                             'shuffled_letter': 'D',                           
                             'canonical_letter':                               
                             'D'}}, {'seat_index': 6,                          
                             'letter': 'A',                                    
                             'confidence': 0.85,                               
                             'procedure_or_lens':                              
                             'verify_by_candidate',                            
                             'temperature': 0.3,                               
                             'permutation':                                    
                             {'seat_index': 6,                                 
                             'shuffled_order': [2, 1,                          
                             3, 0],                                            
                             'shuffled_letter': 'D',                           
                             'canonical_letter':                               
                             'A'}}, {'seat_index': 7,                          
                             'letter': 'D',                                    
                             'confidence': 0.6,                                
                             'procedure_or_lens':                              
                             'estimate_first',                                 
                             'temperature': 0.6,                               
                             'permutation':                                    
                             {'seat_index': 7,                                 
                             'shuffled_order': [0, 3,                          
                             2, 1],                                            
                             'shuffled_letter': 'B',                           
                             'canonical_letter':                               
                             'D'}}, {'seat_index': 8,                          
                             'letter': 'B',                                    
                             'confidence': 0.8,                                
                             'procedure_or_lens':                              
                             'dimensional_analysis',                           
                             'temperature': 0.9,                               
                             'permutation':                                    
                             {'seat_index': 8,                                 
                             'shuffled_order': [0, 3,                          
                             1, 2],                                            
                             'shuffled_letter': 'C',                           
                             'canonical_letter':                               
                             'B'}}], 'unanimous':                              
                             False, 'n_solvers': 9,                            
                             'solver_tier': 'cheap',                           
                             'no_tribunal': True})                             
                             cost=$0.00000                                     
[08/01/26 19:13:45] INFO     recYA3LPsCvF1fTMI        lever_experiments.py:2113
                             [diversified_panel]:                              
                             final=A(wrong,                                    
                             escalated=False,                                  
                             {'seat_answers':                                  
                             [{'seat_index': 0,                                
                             'letter': 'A',                                    
                             'confidence': 0.6,                                
                             'procedure_or_lens':                              
                             'solve_forward',                                  
                             'temperature': 0.3,                               
                             'permutation':                                    
                             {'seat_index': 0,                                 
                             'shuffled_order': [3, 1,                          
                             0, 2],                                            
                             'shuffled_letter': 'C',                           
                             'canonical_letter':                               
                             'A'}}, {'seat_index': 1,                          
                             'letter': 'A',                                    
                             'confidence': 0.6,                                
                             'procedure_or_lens':                              
                             'verify_by_candidate',                            
                             'temperature': 0.6,                               
                             'permutation':                                    
                             {'seat_index': 1,                                 
                             'shuffled_order': [2, 1,                          
                             3, 0],                                            
                             'shuffled_letter': 'D',                           
                             'canonical_letter':                               
                             'A'}}, {'seat_index': 2,                          
                             'letter': 'A',                                    
                             'confidence': 0.6,                                
                             'procedure_or_lens':                              
                             'estimate_first',                                 
                             'temperature': 0.9,                               
                             'permutation':                                    
                             {'seat_index': 2,                                 
                             'shuffled_order': [2, 1,                          
                             3, 0],                                            
                             'shuffled_letter': 'D',                           
                             'canonical_letter':                               
                             'A'}}, {'seat_index': 3,                          
                             'letter': 'A',                                    
                             'confidence': 0.6,                                
                             'procedure_or_lens':                              
                             'dimensional_analysis',                           
                             'temperature': 0.3,                               
                             'permutation':                                    
                             {'seat_index': 3,                                 
                             'shuffled_order': [3, 1,                          
                             2, 0],                                            
                             'shuffled_letter': 'D',                           
                             'canonical_letter':                               
                             'A'}}, {'seat_index': 4,                          
                             'letter': 'D',                                    
                             'confidence': 0.6,                                
                             'procedure_or_lens':                              
                             'analogy_to_canonical',                           
                             'temperature': 0.6,                               
                             'permutation':                                    
                             {'seat_index': 4,                                 
                             'shuffled_order': [0, 3,                          
                             1, 2],                                            
                             'shuffled_letter': 'B',                           
                             'canonical_letter':                               
                             'D'}}, {'seat_index': 5,                          
                             'letter': 'A',                                    
                             'confidence': 0.6,                                
                             'procedure_or_lens':                              
                             'solve_forward',                                  
                             'temperature': 0.9,                               
                             'permutation':                                    
                             {'seat_index': 5,                                 
                             'shuffled_order': [2, 1,                          
                             0, 3],                                            
                             'shuffled_letter': 'C',                           
                             'canonical_letter':                               
                             'A'}}, {'seat_index': 6,                          
                             'letter': 'B',                                    
                             'confidence': 0.6,                                
                             'procedure_or_lens':                              
                             'verify_by_candidate',                            
                             'temperature': 0.3,                               
                             'permutation':                                    
                             {'seat_index': 6,                                 
                             'shuffled_order': [2, 0,                          
                             3, 1],                                            
                             'shuffled_letter': 'D',                           
                             'canonical_letter':                               
                             'B'}}, {'seat_index': 7,                          
                             'letter': 'B',                                    
                             'confidence': 0.6,                                
                             'procedure_or_lens':                              
                             'estimate_first',                                 
                             'temperature': 0.6,                               
                             'permutation':                                    
                             {'seat_index': 7,                                 
                             'shuffled_order': [0, 2,                          
                             3, 1],                                            
                             'shuffled_letter': 'D',                           
                             'canonical_letter':                               
                             'B'}}, {'seat_index': 8,                          
                             'letter': 'D',                                    
                             'confidence': 0.75,                               
                             'procedure_or_lens':                              
                             'dimensional_analysis',                           
                             'temperature': 0.9,                               
                             'permutation':                                    
                             {'seat_index': 8,                                 
                             'shuffled_order': [2, 0,                          
                             3, 1],                                            
                             'shuffled_letter': 'C',                           
                             'canonical_letter':                               
                             'D'}}], 'unanimous':                              
                             False, 'n_solvers': 9,                            
                             'solver_tier': 'cheap',                           
                             'no_tribunal': True})                             
                             cost=$0.00000                                     
[08/01/26 19:13:47] INFO     recooG6bivTUJpDBz        lever_experiments.py:2113
                             [diversified_panel]:                              
                             final=B(wrong,                                    
                             escalated=False,                                  
                             {'seat_answers':                                  
                             [{'seat_index': 0,                                
                             'letter': 'B',                                    
                             'confidence': 0.9,                                
                             'procedure_or_lens':                              
                             'solve_forward',                                  
                             'temperature': 0.3,                               
                             'permutation':                                    
                             {'seat_index': 0,                                 
                             'shuffled_order': [1, 3,                          
                             2, 0],                                            
                             'shuffled_letter': 'A',                           
                             'canonical_letter':                               
                             'B'}}, {'seat_index': 1,                          
                             'letter': 'B',                                    
                             'confidence': 0.85,                               
                             'procedure_or_lens':                              
                             'verify_by_candidate',                            
                             'temperature': 0.6,                               
                             'permutation':                                    
                             {'seat_index': 1,                                 
                             'shuffled_order': [3, 0,                          
                             1, 2],                                            
                             'shuffled_letter': 'C',                           
                             'canonical_letter':                               
                             'B'}}, {'seat_index': 2,                          
                             'letter': 'B',                                    
                             'confidence': 0.9,                                
                             'procedure_or_lens':                              
                             'estimate_first',                                 
                             'temperature': 0.9,                               
                             'permutation':                                    
                             {'seat_index': 2,                                 
                             'shuffled_order': [2, 1,                          
                             3, 0],                                            
                             'shuffled_letter': 'B',                           
                             'canonical_letter':                               
                             'B'}}, {'seat_index': 3,                          
                             'letter': 'B',                                    
                             'confidence': 0.9,                                
                             'procedure_or_lens':                              
                             'dimensional_analysis',                           
                             'temperature': 0.3,                               
                             'permutation':                                    
                             {'seat_index': 3,                                 
                             'shuffled_order': [2, 3,                          
                             1, 0],                                            
                             'shuffled_letter': 'C',                           
                             'canonical_letter':                               
                             'B'}}, {'seat_index': 4,                          
                             'letter': 'C',                                    
                             'confidence': 0.9,                                
                             'procedure_or_lens':                              
                             'analogy_to_canonical',                           
                             'temperature': 0.6,                               
                             'permutation':                                    
                             {'seat_index': 4,                                 
                             'shuffled_order': [1, 2,                          
                             3, 0],                                            
                             'shuffled_letter': 'B',                           
                             'canonical_letter':                               
                             'C'}}, {'seat_index': 5,                          
                             'letter': 'B',                                    
                             'confidence': 0.9,                                
                             'procedure_or_lens':                              
                             'solve_forward',                                  
                             'temperature': 0.9,                               
                             'permutation':                                    
                             {'seat_index': 5,                                 
                             'shuffled_order': [3, 0,                          
                             1, 2],                                            
                             'shuffled_letter': 'C',                           
                             'canonical_letter':                               
                             'B'}}, {'seat_index': 6,                          
                             'letter': 'B',                                    
                             'confidence': 0.6,                                
                             'procedure_or_lens':                              
                             'verify_by_candidate',                            
                             'temperature': 0.3,                               
                             'permutation':                                    
                             {'seat_index': 6,                                 
                             'shuffled_order': [1, 0,                          
                             2, 3],                                            
                             'shuffled_letter': 'A',                           
                             'canonical_letter':                               
                             'B'}}, {'seat_index': 7,                          
                             'letter': 'B',                                    
                             'confidence': 0.85,                               
                             'procedure_or_lens':                              
                             'estimate_first',                                 
                             'temperature': 0.6,                               
                             'permutation':                                    
                             {'seat_index': 7,                                 
                             'shuffled_order': [3, 2,                          
                             0, 1],                                            
                             'shuffled_letter': 'D',                           
                             'canonical_letter':                               
                             'B'}}, {'seat_index': 8,                          
                             'letter': 'B',                                    
                             'confidence': 0.9,                                
                             'procedure_or_lens':                              
                             'dimensional_analysis',                           
                             'temperature': 0.9,                               
                             'permutation':                                    
                             {'seat_index': 8,                                 
                             'shuffled_order': [1, 3,                          
                             2, 0],                                            
                             'shuffled_letter': 'A',                           
                             'canonical_letter':                               
                             'B'}}], 'unanimous':                              
                             False, 'n_solvers': 9,                            
                             'solver_tier': 'cheap',                           
                             'no_tribunal': True})                             
                             cost=$0.00000                                     
                    INFO     recIIUynGGpsGEYuo        lever_experiments.py:2113
                             [diversified_panel]:                              
                             final=D(correct,                                  
                             escalated=False,                                  
                             {'seat_answers':                                  
                             [{'seat_index': 0,                                
                             'letter': 'D',                                    
                             'confidence': 0.95,                               
                             'procedure_or_lens':                              
                             'solve_forward',                                  
                             'temperature': 0.3,                               
                             'permutation':                                    
                             {'seat_index': 0,                                 
                             'shuffled_order': [2, 1,                          
                             0, 3],                                            
                             'shuffled_letter': 'D',                           
                             'canonical_letter':                               
                             'D'}}, {'seat_index': 1,                          
                             'letter': 'D',                                    
                             'confidence': 0.95,                               
                             'procedure_or_lens':                              
                             'verify_by_candidate',                            
                             'temperature': 0.6,                               
                             'permutation':                                    
                             {'seat_index': 1,                                 
                             'shuffled_order': [0, 2,                          
                             1, 3],                                            
                             'shuffled_letter': 'D',                           
                             'canonical_letter':                               
                             'D'}}, {'seat_index': 2,                          
                             'letter': 'A',                                    
                             'confidence': 0.95,                               
                             'procedure_or_lens':                              
                             'estimate_first',                                 
                             'temperature': 0.9,                               
                             'permutation':                                    
                             {'seat_index': 2,                                 
                             'shuffled_order': [3, 0,                          
                             2, 1],                                            
                             'shuffled_letter': 'B',                           
                             'canonical_letter':                               
                             'A'}}, {'seat_index': 3,                          
                             'letter': 'D',                                    
                             'confidence': 0.95,                               
                             'procedure_or_lens':                              
                             'dimensional_analysis',                           
                             'temperature': 0.3,                               
                             'permutation':                                    
                             {'seat_index': 3,                                 
                             'shuffled_order': [1, 0,                          
                             3, 2],                                            
                             'shuffled_letter': 'C',                           
                             'canonical_letter':                               
                             'D'}}, {'seat_index': 4,                          
                             'letter': 'D',                                    
                             'confidence': 0.95,                               
                             'procedure_or_lens':                              
                             'analogy_to_canonical',                           
                             'temperature': 0.6,                               
                             'permutation':                                    
                             {'seat_index': 4,                                 
                             'shuffled_order': [1, 3,                          
                             2, 0],                                            
                             'shuffled_letter': 'B',                           
                             'canonical_letter':                               
                             'D'}}, {'seat_index': 5,                          
                             'letter': 'D',                                    
                             'confidence': 0.95,                               
                             'procedure_or_lens':                              
                             'solve_forward',                                  
                             'temperature': 0.9,                               
                             'permutation':                                    
                             {'seat_index': 5,                                 
                             'shuffled_order': [3, 1,                          
                             2, 0],                                            
                             'shuffled_letter': 'A',                           
                             'canonical_letter':                               
                             'D'}}, {'seat_index': 6,                          
                             'letter': 'D',                                    
                             'confidence': 0.95,                               
                             'procedure_or_lens':                              
                             'verify_by_candidate',                            
                             'temperature': 0.3,                               
                             'permutation':                                    
                             {'seat_index': 6,                                 
                             'shuffled_order': [3, 2,                          
                             1, 0],                                            
                             'shuffled_letter': 'A',                           
                             'canonical_letter':                               
                             'D'}}, {'seat_index': 7,                          
                             'letter': 'A',                                    
                             'confidence': 0.95,                               
                             'procedure_or_lens':                              
                             'estimate_first',                                 
                             'temperature': 0.6,                               
                             'permutation':                                    
                             {'seat_index': 7,                                 
                             'shuffled_order': [3, 0,                          
                             1, 2],                                            
                             'shuffled_letter': 'B',                           
                             'canonical_letter':                               
                             'A'}}, {'seat_index': 8,                          
                             'letter': 'D',                                    
                             'confidence': 1.0,                                
                             'procedure_or_lens':                              
                             'dimensional_analysis',                           
                             'temperature': 0.9,                               
                             'permutation':                                    
                             {'seat_index': 8,                                 
                             'shuffled_order': [1, 2,                          
                             3, 0],                                            
                             'shuffled_letter': 'C',                           
                             'canonical_letter':                               
                             'D'}}], 'unanimous':                              
                             False, 'n_solvers': 9,                            
                             'solver_tier': 'cheap',                           
                             'no_tribunal': True})                             
                             cost=$0.00000                                     
[08/01/26 19:13:48] INFO     reckYqR92oJkqJXkE        lever_experiments.py:2113
                             [diversified_panel]:                              
                             final=A(wrong,                                    
                             escalated=False,                                  
                             {'seat_answers':                                  
                             [{'seat_index': 0,                                
                             'letter': 'C',                                    
                             'confidence': 0.95,                               
                             'procedure_or_lens':                              
                             'solve_forward',                                  
                             'temperature': 0.3,                               
                             'permutation':                                    
                             {'seat_index': 0,                                 
                             'shuffled_order': [0, 3,                          
                             2, 1],                                            
                             'shuffled_letter': 'C',                           
                             'canonical_letter':                               
                             'C'}}, {'seat_index': 1,                          
                             'letter': 'A',                                    
                             'confidence': 0.95,                               
                             'procedure_or_lens':                              
                             'verify_by_candidate',                            
                             'temperature': 0.6,                               
                             'permutation':                                    
                             {'seat_index': 1,                                 
                             'shuffled_order': [1, 3,                          
                             2, 0],                                            
                             'shuffled_letter': 'D',                           
                             'canonical_letter':                               
                             'A'}}, {'seat_index': 2,                          
                             'letter': 'C',                                    
                             'confidence': 0.95,                               
                             'procedure_or_lens':                              
                             'estimate_first',                                 
                             'temperature': 0.9,                               
                             'permutation':                                    
                             {'seat_index': 2,                                 
                             'shuffled_order': [1, 0,                          
                             3, 2],                                            
                             'shuffled_letter': 'D',                           
                             'canonical_letter':                               
                             'C'}}, {'seat_index': 3,                          
                             'letter': 'A',                                    
                             'confidence': 0.95,                               
                             'procedure_or_lens':                              
                             'dimensional_analysis',                           
                             'temperature': 0.3,                               
                             'permutation':                                    
                             {'seat_index': 3,                                 
                             'shuffled_order': [1, 3,                          
                             0, 2],                                            
                             'shuffled_letter': 'C',                           
                             'canonical_letter':                               
                             'A'}}, {'seat_index': 4,                          
                             'letter': 'D',                                    
                             'confidence': 0.95,                               
                             'procedure_or_lens':                              
                             'analogy_to_canonical',                           
                             'temperature': 0.6,                               
                             'permutation':                                    
                             {'seat_index': 4,                                 
                             'shuffled_order': [0, 3,                          
                             2, 1],                                            
                             'shuffled_letter': 'B',                           
                             'canonical_letter':                               
                             'D'}}, {'seat_index': 5,                          
                             'letter': 'A',                                    
                             'confidence': 0.95,                               
                             'procedure_or_lens':                              
                             'solve_forward',                                  
                             'temperature': 0.9,                               
                             'permutation':                                    
                             {'seat_index': 5,                                 
                             'shuffled_order': [3, 1,                          
                             2, 0],                                            
                             'shuffled_letter': 'D',                           
                             'canonical_letter':                               
                             'A'}}, {'seat_index': 6,                          
                             'letter': 'C',                                    
                             'confidence': 0.95,                               
                             'procedure_or_lens':                              
                             'verify_by_candidate',                            
                             'temperature': 0.3,                               
                             'permutation':                                    
                             {'seat_index': 6,                                 
                             'shuffled_order': [0, 1,                          
                             2, 3],                                            
                             'shuffled_letter': 'C',                           
                             'canonical_letter':                               
                             'C'}}, {'seat_index': 7,                          
                             'letter': 'D',                                    
                             'confidence': 0.95,                               
                             'procedure_or_lens':                              
                             'estimate_first',                                 
                             'temperature': 0.6,                               
                             'permutation':                                    
                             {'seat_index': 7,                                 
                             'shuffled_order': [0, 1,                          
                             3, 2],                                            
                             'shuffled_letter': 'C',                           
                             'canonical_letter':                               
                             'D'}}, {'seat_index': 8,                          
                             'letter': 'A',                                    
                             'confidence': 0.95,                               
                             'procedure_or_lens':                              
                             'dimensional_analysis',                           
                             'temperature': 0.9,                               
                             'permutation':                                    
                             {'seat_index': 8,                                 
                             'shuffled_order': [3, 1,                          
                             0, 2],                                            
                             'shuffled_letter': 'C',                           
                             'canonical_letter':                               
                             'A'}}], 'unanimous':                              
                             False, 'n_solvers': 9,                            
                             'solver_tier': 'cheap',                           
                             'no_tribunal': True})                             
                             cost=$0.00000                                     
[08/01/26 19:13:55] INFO     recjgMJaMxz4ESDF2        lever_experiments.py:2113
                             [diversified_panel]:                              
                             final=B(correct,                                  
                             escalated=False,                                  
                             {'seat_answers':                                  
                             [{'seat_index': 0,                                
                             'letter': 'B',                                    
                             'confidence': 0.95,                               
                             'procedure_or_lens':                              
                             'solve_forward',                                  
                             'temperature': 0.3,                               
                             'permutation':                                    
                             {'seat_index': 0,                                 
                             'shuffled_order': [0, 1,                          
                             3, 2],                                            
                             'shuffled_letter': 'B',                           
                             'canonical_letter':                               
                             'B'}}, {'seat_index': 1,                          
                             'letter': 'B',                                    
                             'confidence': 0.95,                               
                             'procedure_or_lens':                              
                             'verify_by_candidate',                            
                             'temperature': 0.6,                               
                             'permutation':                                    
                             {'seat_index': 1,                                 
                             'shuffled_order': [0, 2,                          
                             1, 3],                                            
                             'shuffled_letter': 'C',                           
                             'canonical_letter':                               
                             'B'}}, {'seat_index': 2,                          
                             'letter': 'B',                                    
                             'confidence': 0.95,                               
                             'procedure_or_lens':                              
                             'estimate_first',                                 
                             'temperature': 0.9,                               
                             'permutation':                                    
                             {'seat_index': 2,                                 
                             'shuffled_order': [1, 2,                          
                             3, 0],                                            
                             'shuffled_letter': 'A',                           
                             'canonical_letter':                               
                             'B'}}, {'seat_index': 3,                          
                             'letter': 'B',                                    
                             'confidence': 0.95,                               
                             'procedure_or_lens':                              
                             'dimensional_analysis',                           
                             'temperature': 0.3,                               
                             'permutation':                                    
                             {'seat_index': 3,                                 
                             'shuffled_order': [1, 3,                          
                             2, 0],                                            
                             'shuffled_letter': 'A',                           
                             'canonical_letter':                               
                             'B'}}, {'seat_index': 4,                          
                             'letter': 'B',                                    
                             'confidence': 0.95,                               
                             'procedure_or_lens':                              
                             'analogy_to_canonical',                           
                             'temperature': 0.6,                               
                             'permutation':                                    
                             {'seat_index': 4,                                 
                             'shuffled_order': [2, 0,                          
                             1, 3],                                            
                             'shuffled_letter': 'C',                           
                             'canonical_letter':                               
                             'B'}}, {'seat_index': 5,                          
                             'letter': 'B',                                    
                             'confidence': 0.95,                               
                             'procedure_or_lens':                              
                             'solve_forward',                                  
                             'temperature': 0.9,                               
                             'permutation':                                    
                             {'seat_index': 5,                                 
                             'shuffled_order': [1, 3,                          
                             0, 2],                                            
                             'shuffled_letter': 'A',                           
                             'canonical_letter':                               
                             'B'}}, {'seat_index': 6,                          
                             'letter': 'B',                                    
                             'confidence': 0.95,                               
                             'procedure_or_lens':                              
                             'verify_by_candidate',                            
                             'temperature': 0.3,                               
                             'permutation':                                    
                             {'seat_index': 6,                                 
                             'shuffled_order': [1, 3,                          
                             2, 0],                                            
                             'shuffled_letter': 'A',                           
                             'canonical_letter':                               
                             'B'}}, {'seat_index': 7,                          
                             'letter': 'B',                                    
                             'confidence': 0.95,                               
                             'procedure_or_lens':                              
                             'estimate_first',                                 
                             'temperature': 0.6,                               
                             'permutation':                                    
                             {'seat_index': 7,                                 
                             'shuffled_order': [0, 1,                          
                             3, 2],                                            
                             'shuffled_letter': 'B',                           
                             'canonical_letter':                               
                             'B'}}, {'seat_index': 8,                          
                             'letter': 'B',                                    
                             'confidence': 0.95,                               
                             'procedure_or_lens':                              
                             'dimensional_analysis',                           
                             'temperature': 0.9,                               
                             'permutation':                                    
                             {'seat_index': 8,                                 
                             'shuffled_order': [1, 2,                          
                             0, 3],                                            
                             'shuffled_letter': 'A',                           
                             'canonical_letter':                               
                             'B'}}], 'unanimous':                              
                             True, 'n_solvers': 9,                             
                             'solver_tier': 'cheap',                           
                             'no_tribunal': True})                             
                             cost=$0.00000                                     
[08/01/26 19:13:59] INFO     reco8WSc71p8zAv4q        lever_experiments.py:2113
                             [diversified_panel]:                              
                             final=C(wrong,                                    
                             escalated=False,                                  
                             {'seat_answers':                                  
                             [{'seat_index': 0,                                
                             'letter': 'C',                                    
                             'confidence': 0.8,                                
                             'procedure_or_lens':                              
                             'solve_forward',                                  
                             'temperature': 0.3,                               
                             'permutation':                                    
                             {'seat_index': 0,                                 
                             'shuffled_order': [0, 2,                          
                             1, 3],                                            
                             'shuffled_letter': 'B',                           
                             'canonical_letter':                               
                             'C'}}, {'seat_index': 1,                          
                             'letter': 'A',                                    
                             'confidence': 0.85,                               
                             'procedure_or_lens':                              
                             'verify_by_candidate',                            
                             'temperature': 0.6,                               
                             'permutation':                                    
                             {'seat_index': 1,                                 
                             'shuffled_order': [3, 0,                          
                             1, 2],                                            
                             'shuffled_letter': 'B',                           
                             'canonical_letter':                               
                             'A'}}, {'seat_index': 2,                          
                             'letter': 'C',                                    
                             'confidence': 0.6,                                
                             'procedure_or_lens':                              
                             'estimate_first',                                 
                             'temperature': 0.9,                               
                             'permutation':                                    
                             {'seat_index': 2,                                 
                             'shuffled_order': [0, 3,                          
                             2, 1],                                            
                             'shuffled_letter': 'C',                           
                             'canonical_letter':                               
                             'C'}}, {'seat_index': 3,                          
                             'letter': 'C',                                    
                             'confidence': 0.85,                               
                             'procedure_or_lens':                              
                             'dimensional_analysis',                           
                             'temperature': 0.3,                               
                             'permutation':                                    
                             {'seat_index': 3,                                 
                             'shuffled_order': [0, 1,                          
                             2, 3],                                            
                             'shuffled_letter': 'C',                           
                             'canonical_letter':                               
                             'C'}}, {'seat_index': 4,                          
                             'letter': 'C',                                    
                             'confidence': 0.85,                               
                             'procedure_or_lens':                              
                             'analogy_to_canonical',                           
                             'temperature': 0.6,                               
                             'permutation':                                    
                             {'seat_index': 4,                                 
                             'shuffled_order': [2, 1,                          
                             3, 0],                                            
                             'shuffled_letter': 'A',                           
                             'canonical_letter':                               
                             'C'}}, {'seat_index': 5,                          
                             'letter': 'C',                                    
                             'confidence': 0.85,                               
                             'procedure_or_lens':                              
                             'solve_forward',                                  
                             'temperature': 0.9,                               
                             'permutation':                                    
                             {'seat_index': 5,                                 
                             'shuffled_order': [2, 0,                          
                             3, 1],                                            
                             'shuffled_letter': 'A',                           
                             'canonical_letter':                               
                             'C'}}, {'seat_index': 6,                          
                             'letter': 'A',                                    
                             'confidence': 0.8,                                
                             'procedure_or_lens':                              
                             'verify_by_candidate',                            
                             'temperature': 0.3,                               
                             'permutation':                                    
                             {'seat_index': 6,                                 
                             'shuffled_order': [0, 3,                          
                             1, 2],                                            
                             'shuffled_letter': 'A',                           
                             'canonical_letter':                               
                             'A'}}, {'seat_index': 7,                          
                             'letter': 'A',                                    
                             'confidence': 0.85,                               
                             'procedure_or_lens':                              
                             'estimate_first',                                 
                             'temperature': 0.6,                               
                             'permutation':                                    
                             {'seat_index': 7,                                 
                             'shuffled_order': [0, 3,                          
                             1, 2],                                            
                             'shuffled_letter': 'A',                           
                             'canonical_letter':                               
                             'A'}}, {'seat_index': 8,                          
                             'letter': 'C',                                    
                             'confidence': 0.85,                               
                             'procedure_or_lens':                              
                             'dimensional_analysis',                           
                             'temperature': 0.9,                               
                             'permutation':                                    
                             {'seat_index': 8,                                 
                             'shuffled_order': [2, 0,                          
                             3, 1],                                            
                             'shuffled_letter': 'A',                           
                             'canonical_letter':                               
                             'C'}}], 'unanimous':                              
                             False, 'n_solvers': 9,                            
                             'solver_tier': 'cheap',                           
                             'no_tribunal': True})                             
                             cost=$0.00000                                     
[08/01/26 19:14:02] INFO     recjJ54TXc04enRkZ        lever_experiments.py:2113
                             [diversified_panel]:                              
                             final=D(wrong,                                    
                             escalated=False,                                  
                             {'seat_answers':                                  
                             [{'seat_index': 0,                                
                             'letter': 'D',                                    
                             'confidence': 0.2,                                
                             'procedure_or_lens':                              
                             'solve_forward',                                  
                             'temperature': 0.3,                               
                             'permutation':                                    
                             {'seat_index': 0,                                 
                             'shuffled_order': [3, 2,                          
                             1, 0],                                            
                             'shuffled_letter': 'A',                           
                             'canonical_letter':                               
                             'D'}}, {'seat_index': 1,                          
                             'letter': 'B',                                    
                             'confidence': 0.6,                                
                             'procedure_or_lens':                              
                             'verify_by_candidate',                            
                             'temperature': 0.6,                               
                             'permutation':                                    
                             {'seat_index': 1,                                 
                             'shuffled_order': [0, 3,                          
                             2, 1],                                            
                             'shuffled_letter': 'D',                           
                             'canonical_letter':                               
                             'B'}}, {'seat_index': 2,                          
                             'letter': 'D',                                    
                             'confidence': 0.4,                                
                             'procedure_or_lens':                              
                             'estimate_first',                                 
                             'temperature': 0.9,                               
                             'permutation':                                    
                             {'seat_index': 2,                                 
                             'shuffled_order': [3, 2,                          
                             0, 1],                                            
                             'shuffled_letter': 'A',                           
                             'canonical_letter':                               
                             'D'}}, {'seat_index': 3,                          
                             'letter': 'B',                                    
                             'confidence': 0.85,                               
                             'procedure_or_lens':                              
                             'dimensional_analysis',                           
                             'temperature': 0.3,                               
                             'permutation':                                    
                             {'seat_index': 3,                                 
                             'shuffled_order': [1, 0,                          
                             2, 3],                                            
                             'shuffled_letter': 'A',                           
                             'canonical_letter':                               
                             'B'}}, {'seat_index': 4,                          
                             'letter': 'A',                                    
                             'confidence': 0.6,                                
                             'procedure_or_lens':                              
                             'analogy_to_canonical',                           
                             'temperature': 0.6,                               
                             'permutation':                                    
                             {'seat_index': 4,                                 
                             'shuffled_order': [0, 1,                          
                             2, 3],                                            
                             'shuffled_letter': 'A',                           
                             'canonical_letter':                               
                             'A'}}, {'seat_index': 5,                          
                             'letter': 'B',                                    
                             'confidence': 0.2,                                
                             'procedure_or_lens':                              
                             'solve_forward',                                  
                             'temperature': 0.9,                               
                             'permutation':                                    
                             {'seat_index': 5,                                 
                             'shuffled_order': [3, 1,                          
                             0, 2],                                            
                             'shuffled_letter': 'B',                           
                             'canonical_letter':                               
                             'B'}}, {'seat_index': 6,                          
                             'letter': 'A',                                    
                             'confidence': 0.6,                                
                             'procedure_or_lens':                              
                             'verify_by_candidate',                            
                             'temperature': 0.3,                               
                             'permutation':                                    
                             {'seat_index': 6,                                 
                             'shuffled_order': [0, 1,                          
                             3, 2],                                            
                             'shuffled_letter': 'A',                           
                             'canonical_letter':                               
                             'A'}}, {'seat_index': 7,                          
                             'letter': 'A',                                    
                             'confidence': 0.4,                                
                             'procedure_or_lens':                              
                             'estimate_first',                                 
                             'temperature': 0.6,                               
                             'permutation':                                    
                             {'seat_index': 7,                                 
                             'shuffled_order': [0, 3,                          
                             1, 2],                                            
                             'shuffled_letter': 'A',                           
                             'canonical_letter':                               
                             'A'}}, {'seat_index': 8,                          
                             'letter': 'D',                                    
                             'confidence': 0.4,                                
                             'procedure_or_lens':                              
                             'dimensional_analysis',                           
                             'temperature': 0.9,                               
                             'permutation':                                    
                             {'seat_index': 8,                                 
                             'shuffled_order': [3, 2,                          
                             1, 0],                                            
                             'shuffled_letter': 'A',                           
                             'canonical_letter':                               
                             'D'}}], 'unanimous':                              
                             False, 'n_solvers': 9,                            
                             'solver_tier': 'cheap',                           
                             'no_tribunal': True})                             
                             cost=$0.00000                                     
[08/01/26 19:14:07] INFO     recVE8cUNHpHZIAvL        lever_experiments.py:2113
                             [diversified_panel]:                              
                             final=C(correct,                                  
                             escalated=False,                                  
                             {'seat_answers':                                  
                             [{'seat_index': 0,                                
                             'letter': 'A',                                    
                             'confidence': 0.7,                                
                             'procedure_or_lens':                              
                             'solve_forward',                                  
                             'temperature': 0.3,                               
                             'permutation':                                    
                             {'seat_index': 0,                                 
                             'shuffled_order': [0, 2,                          
                             1, 3],                                            
                             'shuffled_letter': 'A',                           
                             'canonical_letter':                               
                             'A'}}, {'seat_index': 1,                          
                             'letter': 'C',                                    
                             'confidence': 0.85,                               
                             'procedure_or_lens':                              
                             'verify_by_candidate',                            
                             'temperature': 0.6,                               
                             'permutation':                                    
                             {'seat_index': 1,                                 
                             'shuffled_order': [2, 0,                          
                             3, 1],                                            
                             'shuffled_letter': 'A',                           
                             'canonical_letter':                               
                             'C'}}, {'seat_index': 2,                          
                             'letter': 'C',                                    
                             'confidence': 0.85,                               
                             'procedure_or_lens':                              
                             'estimate_first',                                 
                             'temperature': 0.9,                               
                             'permutation':                                    
                             {'seat_index': 2,                                 
                             'shuffled_order': [0, 2,                          
                             3, 1],                                            
                             'shuffled_letter': 'B',                           
                             'canonical_letter':                               
                             'C'}}, {'seat_index': 3,                          
                             'letter': 'A',                                    
                             'confidence': 0.6,                                
                             'procedure_or_lens':                              
                             'dimensional_analysis',                           
                             'temperature': 0.3,                               
                             'permutation':                                    
                             {'seat_index': 3,                                 
                             'shuffled_order': [2, 1,                          
                             3, 0],                                            
                             'shuffled_letter': 'D',                           
                             'canonical_letter':                               
                             'A'}}, {'seat_index': 4,                          
                             'letter': 'A',                                    
                             'confidence': 0.6,                                
                             'procedure_or_lens':                              
                             'analogy_to_canonical',                           
                             'temperature': 0.6,                               
                             'permutation':                                    
                             {'seat_index': 4,                                 
                             'shuffled_order': [2, 0,                          
                             1, 3],                                            
                             'shuffled_letter': 'B',                           
                             'canonical_letter':                               
                             'A'}}, {'seat_index': 5,                          
                             'letter': 'C',                                    
                             'confidence': 0.8,                                
                             'procedure_or_lens':                              
                             'solve_forward',                                  
                             'temperature': 0.9,                               
                             'permutation':                                    
                             {'seat_index': 5,                                 
                             'shuffled_order': [3, 1,                          
                             0, 2],                                            
                             'shuffled_letter': 'D',                           
                             'canonical_letter':                               
                             'C'}}, {'seat_index': 6,                          
                             'letter': 'C',                                    
                             'confidence': 0.85,                               
                             'procedure_or_lens':                              
                             'verify_by_candidate',                            
                             'temperature': 0.3,                               
                             'permutation':                                    
                             {'seat_index': 6,                                 
                             'shuffled_order': [1, 2,                          
                             3, 0],                                            
                             'shuffled_letter': 'B',                           
                             'canonical_letter':                               
                             'C'}}, {'seat_index': 7,                          
                             'letter': 'C',                                    
                             'confidence': 0.8,                                
                             'procedure_or_lens':                              
                             'estimate_first',                                 
                             'temperature': 0.6,                               
                             'permutation':                                    
                             {'seat_index': 7,                                 
                             'shuffled_order': [0, 2,                          
                             3, 1],                                            
                             'shuffled_letter': 'B',                           
                             'canonical_letter':                               
                             'C'}}, {'seat_index': 8,                          
                             'letter': 'D',                                    
                             'confidence': 0.7,                                
                             'procedure_or_lens':                              
                             'dimensional_analysis',                           
                             'temperature': 0.9,                               
                             'permutation':                                    
                             {'seat_index': 8,                                 
                             'shuffled_order': [1, 2,                          
                             0, 3],                                            
                             'shuffled_letter': 'D',                           
                             'canonical_letter':                               
                             'D'}}], 'unanimous':                              
                             False, 'n_solvers': 9,                            
                             'solver_tier': 'cheap',                           
                             'no_tribunal': True})                             
                             cost=$0.00000                                     
[08/01/26 19:14:12] INFO     rechKl68Uc6H7vU0N        lever_experiments.py:2113
                             [diversified_panel]:                              
                             final=C(wrong,                                    
                             escalated=False,                                  
                             {'seat_answers':                                  
                             [{'seat_index': 0,                                
                             'letter': 'D',                                    
                             'confidence': 0.85,                               
                             'procedure_or_lens':                              
                             'solve_forward',                                  
                             'temperature': 0.3,                               
                             'permutation':                                    
                             {'seat_index': 0,                                 
                             'shuffled_order': [1, 0,                          
                             3, 2],                                            
                             'shuffled_letter': 'C',                           
                             'canonical_letter':                               
                             'D'}}, {'seat_index': 1,                          
                             'letter': 'D',                                    
                             'confidence': 0.8,                                
                             'procedure_or_lens':                              
                             'verify_by_candidate',                            
                             'temperature': 0.6,                               
                             'permutation':                                    
                             {'seat_index': 1,                                 
                             'shuffled_order': [1, 3,                          
                             2, 0],                                            
                             'shuffled_letter': 'B',                           
                             'canonical_letter':                               
                             'D'}}, {'seat_index': 2,                          
                             'letter': 'C',                                    
                             'confidence': 0.85,                               
                             'procedure_or_lens':                              
                             'estimate_first',                                 
                             'temperature': 0.9,                               
                             'permutation':                                    
                             {'seat_index': 2,                                 
                             'shuffled_order': [0, 1,                          
                             2, 3],                                            
                             'shuffled_letter': 'C',                           
                             'canonical_letter':                               
                             'C'}}, {'seat_index': 3,                          
                             'letter': 'D',                                    
                             'confidence': 0.8,                                
                             'procedure_or_lens':                              
                             'dimensional_analysis',                           
                             'temperature': 0.3,                               
                             'permutation':                                    
                             {'seat_index': 3,                                 
                             'shuffled_order': [3, 0,                          
                             1, 2],                                            
                             'shuffled_letter': 'A',                           
                             'canonical_letter':                               
                             'D'}}, {'seat_index': 4,                          
                             'letter': 'C',                                    
                             'confidence': 0.85,                               
                             'procedure_or_lens':                              
                             'analogy_to_canonical',                           
                             'temperature': 0.6,                               
                             'permutation':                                    
                             {'seat_index': 4,                                 
                             'shuffled_order': [0, 3,                          
                             2, 1],                                            
                             'shuffled_letter': 'C',                           
                             'canonical_letter':                               
                             'C'}}, {'seat_index': 5,                          
                             'letter': 'D',                                    
                             'confidence': 0.85,                               
                             'procedure_or_lens':                              
                             'solve_forward',                                  
                             'temperature': 0.9,                               
                             'permutation':                                    
                             {'seat_index': 5,                                 
                             'shuffled_order': [1, 3,                          
                             0, 2],                                            
                             'shuffled_letter': 'B',                           
                             'canonical_letter':                               
                             'D'}}, {'seat_index': 6,                          
                             'letter': 'C',                                    
                             'confidence': 0.85,                               
                             'procedure_or_lens':                              
                             'verify_by_candidate',                            
                             'temperature': 0.3,                               
                             'permutation':                                    
                             {'seat_index': 6,                                 
                             'shuffled_order': [0, 1,                          
                             2, 3],                                            
                             'shuffled_letter': 'C',                           
                             'canonical_letter':                               
                             'C'}}, {'seat_index': 7,                          
                             'letter': 'C',                                    
                             'confidence': 0.6,                                
                             'procedure_or_lens':                              
                             'estimate_first',                                 
                             'temperature': 0.6,                               
                             'permutation':                                    
                             {'seat_index': 7,                                 
                             'shuffled_order': [3, 0,                          
                             1, 2],                                            
                             'shuffled_letter': 'D',                           
                             'canonical_letter':                               
                             'C'}}, {'seat_index': 8,                          
                             'letter': 'C',                                    
                             'confidence': 0.85,                               
                             'procedure_or_lens':                              
                             'dimensional_analysis',                           
                             'temperature': 0.9,                               
                             'permutation':                                    
                             {'seat_index': 8,                                 
                             'shuffled_order': [3, 0,                          
                             1, 2],                                            
                             'shuffled_letter': 'D',                           
                             'canonical_letter':                               
                             'C'}}], 'unanimous':                              
                             False, 'n_solvers': 9,                            
                             'solver_tier': 'cheap',                           
                             'no_tribunal': True})                             
                             cost=$0.00000                                     
[08/01/26 19:14:15] INFO     recs3PLPUEMiqg4P8        lever_experiments.py:2113
                             [diversified_panel]:                              
                             final=C(wrong,                                    
                             escalated=False,                                  
                             {'seat_answers':                                  
                             [{'seat_index': 0,                                
                             'letter': 'C',                                    
                             'confidence': 0.8,                                
                             'procedure_or_lens':                              
                             'solve_forward',                                  
                             'temperature': 0.3,                               
                             'permutation':                                    
                             {'seat_index': 0,                                 
                             'shuffled_order': [2, 0,                          
                             3, 1],                                            
                             'shuffled_letter': 'A',                           
                             'canonical_letter':                               
                             'C'}}, {'seat_index': 1,                          
                             'letter': 'C',                                    
                             'confidence': 0.85,                               
                             'procedure_or_lens':                              
                             'verify_by_candidate',                            
                             'temperature': 0.6,                               
                             'permutation':                                    
                             {'seat_index': 1,                                 
                             'shuffled_order': [2, 3,                          
                             0, 1],                                            
                             'shuffled_letter': 'A',                           
                             'canonical_letter':                               
                             'C'}}, {'seat_index': 2,                          
                             'letter': 'B',                                    
                             'confidence': 0.85,                               
                             'procedure_or_lens':                              
                             'estimate_first',                                 
                             'temperature': 0.9,                               
                             'permutation':                                    
                             {'seat_index': 2,                                 
                             'shuffled_order': [0, 1,                          
                             3, 2],                                            
                             'shuffled_letter': 'B',                           
                             'canonical_letter':                               
                             'B'}}, {'seat_index': 3,                          
                             'letter': 'C',                                    
                             'confidence': 0.9,                                
                             'procedure_or_lens':                              
                             'dimensional_analysis',                           
                             'temperature': 0.3,                               
                             'permutation':                                    
                             {'seat_index': 3,                                 
                             'shuffled_order': [0, 1,                          
                             2, 3],                                            
                             'shuffled_letter': 'C',                           
                             'canonical_letter':                               
                             'C'}}, {'seat_index': 4,                          
                             'letter': 'C',                                    
                             'confidence': 0.9,                                
                             'procedure_or_lens':                              
                             'analogy_to_canonical',                           
                             'temperature': 0.6,                               
                             'permutation':                                    
                             {'seat_index': 4,                                 
                             'shuffled_order': [0, 3,                          
                             2, 1],                                            
                             'shuffled_letter': 'C',                           
                             'canonical_letter':                               
                             'C'}}, {'seat_index': 5,                          
                             'letter': 'B',                                    
                             'confidence': 0.6,                                
                             'procedure_or_lens':                              
                             'solve_forward',                                  
                             'temperature': 0.9,                               
                             'permutation':                                    
                             {'seat_index': 5,                                 
                             'shuffled_order': [1, 2,                          
                             0, 3],                                            
                             'shuffled_letter': 'A',                           
                             'canonical_letter':                               
                             'B'}}, {'seat_index': 6,                          
                             'letter': 'C',                                    
                             'confidence': 0.8,                                
                             'procedure_or_lens':                              
                             'verify_by_candidate',                            
                             'temperature': 0.3,                               
                             'permutation':                                    
                             {'seat_index': 6,                                 
                             'shuffled_order': [2, 0,                          
                             1, 3],                                            
                             'shuffled_letter': 'A',                           
                             'canonical_letter':                               
                             'C'}}, {'seat_index': 7,                          
                             'letter': 'C',                                    
                             'confidence': 0.8,                                
                             'procedure_or_lens':                              
                             'estimate_first',                                 
                             'temperature': 0.6,                               
                             'permutation':                                    
                             {'seat_index': 7,                                 
                             'shuffled_order': [0, 3,                          
                             2, 1],                                            
                             'shuffled_letter': 'C',                           
                             'canonical_letter':                               
                             'C'}}, {'seat_index': 8,                          
                             'letter': 'C',                                    
                             'confidence': 0.95,                               
                             'procedure_or_lens':                              
                             'dimensional_analysis',                           
                             'temperature': 0.9,                               
                             'permutation':                                    
                             {'seat_index': 8,                                 
                             'shuffled_order': [3, 0,                          
                             1, 2],                                            
                             'shuffled_letter': 'D',                           
                             'canonical_letter':                               
                             'C'}}], 'unanimous':                              
                             False, 'n_solvers': 9,                            
                             'solver_tier': 'cheap',                           
                             'no_tribunal': True})                             
                             cost=$0.00000                                     
[08/01/26 19:14:20] INFO     recHVUd2DkoKfedJZ        lever_experiments.py:2113
                             [diversified_panel]:                              
                             final=B(correct,                                  
                             escalated=False,                                  
                             {'seat_answers':                                  
                             [{'seat_index': 0,                                
                             'letter': 'B',                                    
                             'confidence': 0.9,                                
                             'procedure_or_lens':                              
                             'solve_forward',                                  
                             'temperature': 0.3,                               
                             'permutation':                                    
                             {'seat_index': 0,                                 
                             'shuffled_order': [1, 3,                          
                             0, 2],                                            
                             'shuffled_letter': 'A',                           
                             'canonical_letter':                               
                             'B'}}, {'seat_index': 1,                          
                             'letter': 'B',                                    
                             'confidence': 0.6,                                
                             'procedure_or_lens':                              
                             'verify_by_candidate',                            
                             'temperature': 0.6,                               
                             'permutation':                                    
                             {'seat_index': 1,                                 
                             'shuffled_order': [2, 3,                          
                             0, 1],                                            
                             'shuffled_letter': 'D',                           
                             'canonical_letter':                               
                             'B'}}, {'seat_index': 2,                          
                             'letter': 'B',                                    
                             'confidence': 0.8,                                
                             'procedure_or_lens':                              
                             'estimate_first',                                 
                             'temperature': 0.9,                               
                             'permutation':                                    
                             {'seat_index': 2,                                 
                             'shuffled_order': [1, 2,                          
                             0, 3],                                            
                             'shuffled_letter': 'A',                           
                             'canonical_letter':                               
                             'B'}}, {'seat_index': 3,                          
                             'letter': 'B',                                    
                             'confidence': 0.9,                                
                             'procedure_or_lens':                              
                             'dimensional_analysis',                           
                             'temperature': 0.3,                               
                             'permutation':                                    
                             {'seat_index': 3,                                 
                             'shuffled_order': [1, 3,                          
                             0, 2],                                            
                             'shuffled_letter': 'A',                           
                             'canonical_letter':                               
                             'B'}}, {'seat_index': 4,                          
                             'letter': 'B',                                    
                             'confidence': 0.6,                                
                             'procedure_or_lens':                              
                             'analogy_to_canonical',                           
                             'temperature': 0.6,                               
                             'permutation':                                    
                             {'seat_index': 4,                                 
                             'shuffled_order': [0, 3,                          
                             1, 2],                                            
                             'shuffled_letter': 'C',                           
                             'canonical_letter':                               
                             'B'}}, {'seat_index': 5,                          
                             'letter': 'B',                                    
                             'confidence': 0.8,                                
                             'procedure_or_lens':                              
                             'solve_forward',                                  
                             'temperature': 0.9,                               
                             'permutation':                                    
                             {'seat_index': 5,                                 
                             'shuffled_order': [0, 3,                          
                             1, 2],                                            
                             'shuffled_letter': 'C',                           
                             'canonical_letter':                               
                             'B'}}, {'seat_index': 6,                          
                             'letter': 'D',                                    
                             'confidence': 0.8,                                
                             'procedure_or_lens':                              
                             'verify_by_candidate',                            
                             'temperature': 0.3,                               
                             'permutation':                                    
                             {'seat_index': 6,                                 
                             'shuffled_order': [1, 2,                          
                             3, 0],                                            
                             'shuffled_letter': 'C',                           
                             'canonical_letter':                               
                             'D'}}, {'seat_index': 7,                          
                             'letter': 'B',                                    
                             'confidence': 0.8,                                
                             'procedure_or_lens':                              
                             'estimate_first',                                 
                             'temperature': 0.6,                               
                             'permutation':                                    
                             {'seat_index': 7,                                 
                             'shuffled_order': [2, 1,                          
                             0, 3],                                            
                             'shuffled_letter': 'B',                           
                             'canonical_letter':                               
                             'B'}}, {'seat_index': 8,                          
                             'letter': 'B',                                    
                             'confidence': 0.9,                                
                             'procedure_or_lens':                              
                             'dimensional_analysis',                           
                             'temperature': 0.9,                               
                             'permutation':                                    
                             {'seat_index': 8,                                 
                             'shuffled_order': [2, 3,                          
                             0, 1],                                            
                             'shuffled_letter': 'D',                           
                             'canonical_letter':                               
                             'B'}}], 'unanimous':                              
                             False, 'n_solvers': 9,                            
                             'solver_tier': 'cheap',                           
                             'no_tribunal': True})                             
                             cost=$0.00000                                     
[08/01/26 19:14:23] INFO     recINGR1z01Fh1Z3A        lever_experiments.py:2113
                             [diversified_panel]:                              
                             final=D(correct,                                  
                             escalated=False,                                  
                             {'seat_answers':                                  
                             [{'seat_index': 0,                                
                             'letter': 'D',                                    
                             'confidence': 0.95,                               
                             'procedure_or_lens':                              
                             'solve_forward',                                  
                             'temperature': 0.3,                               
                             'permutation':                                    
                             {'seat_index': 0,                                 
                             'shuffled_order': [0, 2,                          
                             3, 1],                                            
                             'shuffled_letter': 'C',                           
                             'canonical_letter':                               
                             'D'}}, {'seat_index': 1,                          
                             'letter': 'D',                                    
                             'confidence': 0.95,                               
                             'procedure_or_lens':                              
                             'verify_by_candidate',                            
                             'temperature': 0.6,                               
                             'permutation':                                    
                             {'seat_index': 1,                                 
                             'shuffled_order': [2, 1,                          
                             0, 3],                                            
                             'shuffled_letter': 'D',                           
                             'canonical_letter':                               
                             'D'}}, {'seat_index': 2,                          
                             'letter': 'D',                                    
                             'confidence': 0.95,                               
                             'procedure_or_lens':                              
                             'estimate_first',                                 
                             'temperature': 0.9,                               
                             'permutation':                                    
                             {'seat_index': 2,                                 
                             'shuffled_order': [1, 3,                          
                             2, 0],                                            
                             'shuffled_letter': 'B',                           
                             'canonical_letter':                               
                             'D'}}, {'seat_index': 3,                          
                             'letter': 'D',                                    
                             'confidence': 0.95,                               
                             'procedure_or_lens':                              
                             'dimensional_analysis',                           
                             'temperature': 0.3,                               
                             'permutation':                                    
                             {'seat_index': 3,                                 
                             'shuffled_order': [0, 3,                          
                             1, 2],                                            
                             'shuffled_letter': 'B',                           
                             'canonical_letter':                               
                             'D'}}, {'seat_index': 4,                          
                             'letter': 'D',                                    
                             'confidence': 0.95,                               
                             'procedure_or_lens':                              
                             'analogy_to_canonical',                           
                             'temperature': 0.6,                               
                             'permutation':                                    
                             {'seat_index': 4,                                 
                             'shuffled_order': [1, 0,                          
                             2, 3],                                            
                             'shuffled_letter': 'D',                           
                             'canonical_letter':                               
                             'D'}}, {'seat_index': 5,                          
                             'letter': 'D',                                    
                             'confidence': 0.9,                                
                             'procedure_or_lens':                              
                             'solve_forward',                                  
                             'temperature': 0.9,                               
                             'permutation':                                    
                             {'seat_index': 5,                                 
                             'shuffled_order': [2, 1,                          
                             0, 3],                                            
                             'shuffled_letter': 'D',                           
                             'canonical_letter':                               
                             'D'}}, {'seat_index': 6,                          
                             'letter': 'D',                                    
                             'confidence': 0.9,                                
                             'procedure_or_lens':                              
                             'verify_by_candidate',                            
                             'temperature': 0.3,                               
                             'permutation':                                    
                             {'seat_index': 6,                                 
                             'shuffled_order': [3, 0,                          
                             2, 1],                                            
                             'shuffled_letter': 'A',                           
                             'canonical_letter':                               
                             'D'}}, {'seat_index': 7,                          
                             'letter': 'D',                                    
                             'confidence': 0.95,                               
                             'procedure_or_lens':                              
                             'estimate_first',                                 
                             'temperature': 0.6,                               
                             'permutation':                                    
                             {'seat_index': 7,                                 
                             'shuffled_order': [1, 0,                          
                             2, 3],                                            
                             'shuffled_letter': 'D',                           
                             'canonical_letter':                               
                             'D'}}, {'seat_index': 8,                          
                             'letter': 'D',                                    
                             'confidence': 0.95,                               
                             'procedure_or_lens':                              
                             'dimensional_analysis',                           
                             'temperature': 0.9,                               
                             'permutation':                                    
                             {'seat_index': 8,                                 
                             'shuffled_order': [2, 3,                          
                             0, 1],                                            
                             'shuffled_letter': 'B',                           
                             'canonical_letter':                               
                             'D'}}], 'unanimous':                              
                             True, 'n_solvers': 9,                             
                             'solver_tier': 'cheap',                           
                             'no_tribunal': True})                             
                             cost=$0.00000                                     
                    INFO     recqGD3fxPCI59vPQ        lever_experiments.py:2113
                             [diversified_panel]:                              
                             final=A(correct,                                  
                             escalated=False,                                  
                             {'seat_answers':                                  
                             [{'seat_index': 0,                                
                             'letter': 'A',                                    
                             'confidence': 0.9,                                
                             'procedure_or_lens':                              
                             'solve_forward',                                  
                             'temperature': 0.3,                               
                             'permutation':                                    
                             {'seat_index': 0,                                 
                             'shuffled_order': [3, 0,                          
                             1, 2],                                            
                             'shuffled_letter': 'B',                           
                             'canonical_letter':                               
                             'A'}}, {'seat_index': 1,                          
                             'letter': 'B',                                    
                             'confidence': 0.95,                               
                             'procedure_or_lens':                              
                             'verify_by_candidate',                            
                             'temperature': 0.6,                               
                             'permutation':                                    
                             {'seat_index': 1,                                 
                             'shuffled_order': [1, 3,                          
                             0, 2],                                            
                             'shuffled_letter': 'A',                           
                             'canonical_letter':                               
                             'B'}}, {'seat_index': 2,                          
                             'letter': 'A',                                    
                             'confidence': 0.85,                               
                             'procedure_or_lens':                              
                             'estimate_first',                                 
                             'temperature': 0.9,                               
                             'permutation':                                    
                             {'seat_index': 2,                                 
                             'shuffled_order': [3, 1,                          
                             2, 0],                                            
                             'shuffled_letter': 'D',                           
                             'canonical_letter':                               
                             'A'}}, {'seat_index': 3,                          
                             'letter': 'A',                                    
                             'confidence': 0.85,                               
                             'procedure_or_lens':                              
                             'dimensional_analysis',                           
                             'temperature': 0.3,                               
                             'permutation':                                    
                             {'seat_index': 3,                                 
                             'shuffled_order': [0, 2,                          
                             1, 3],                                            
                             'shuffled_letter': 'A',                           
                             'canonical_letter':                               
                             'A'}}, {'seat_index': 4,                          
                             'letter': 'A',                                    
                             'confidence': 0.85,                               
                             'procedure_or_lens':                              
                             'analogy_to_canonical',                           
                             'temperature': 0.6,                               
                             'permutation':                                    
                             {'seat_index': 4,                                 
                             'shuffled_order': [2, 1,                          
                             0, 3],                                            
                             'shuffled_letter': 'C',                           
                             'canonical_letter':                               
                             'A'}}, {'seat_index': 5,                          
                             'letter': 'A',                                    
                             'confidence': 0.9,                                
                             'procedure_or_lens':                              
                             'solve_forward',                                  
                             'temperature': 0.9,                               
                             'permutation':                                    
                             {'seat_index': 5,                                 
                             'shuffled_order': [0, 2,                          
                             1, 3],                                            
                             'shuffled_letter': 'A',                           
                             'canonical_letter':                               
                             'A'}}, {'seat_index': 6,                          
                             'letter': 'A',                                    
                             'confidence': 0.95,                               
                             'procedure_or_lens':                              
                             'verify_by_candidate',                            
                             'temperature': 0.3,                               
                             'permutation':                                    
                             {'seat_index': 6,                                 
                             'shuffled_order': [0, 2,                          
                             1, 3],                                            
                             'shuffled_letter': 'A',                           
                             'canonical_letter':                               
                             'A'}}, {'seat_index': 7,                          
                             'letter': 'A',                                    
                             'confidence': 0.95,                               
                             'procedure_or_lens':                              
                             'estimate_first',                                 
                             'temperature': 0.6,                               
                             'permutation':                                    
                             {'seat_index': 7,                                 
                             'shuffled_order': [2, 0,                          
                             3, 1],                                            
                             'shuffled_letter': 'B',                           
                             'canonical_letter':                               
                             'A'}}, {'seat_index': 8,                          
                             'letter': 'A',                                    
                             'confidence': 0.95,                               
                             'procedure_or_lens':                              
                             'dimensional_analysis',                           
                             'temperature': 0.9,                               
                             'permutation':                                    
                             {'seat_index': 8,                                 
                             'shuffled_order': [3, 2,                          
                             0, 1],                                            
                             'shuffled_letter': 'C',                           
                             'canonical_letter':                               
                             'A'}}], 'unanimous':                              
                             False, 'n_solvers': 9,                            
                             'solver_tier': 'cheap',                           
                             'no_tribunal': True})                             
                             cost=$0.00000                                     
[08/01/26 19:14:28] INFO     recUBgVlkKzcRPDdK        lever_experiments.py:2113
                             [diversified_panel]:                              
                             final=C(wrong,                                    
                             escalated=False,                                  
                             {'seat_answers':                                  
                             [{'seat_index': 0,                                
                             'letter': 'C',                                    
                             'confidence': 0.9,                                
                             'procedure_or_lens':                              
                             'solve_forward',                                  
                             'temperature': 0.3,                               
                             'permutation':                                    
                             {'seat_index': 0,                                 
                             'shuffled_order': [1, 2,                          
                             0, 3],                                            
                             'shuffled_letter': 'B',                           
                             'canonical_letter':                               
                             'C'}}, {'seat_index': 1,                          
                             'letter': 'C',                                    
                             'confidence': 0.8,                                
                             'procedure_or_lens':                              
                             'verify_by_candidate',                            
                             'temperature': 0.6,                               
                             'permutation':                                    
                             {'seat_index': 1,                                 
                             'shuffled_order': [2, 1,                          
                             0, 3],                                            
                             'shuffled_letter': 'A',                           
                             'canonical_letter':                               
                             'C'}}, {'seat_index': 2,                          
                             'letter': 'C',                                    
                             'confidence': 0.75,                               
                             'procedure_or_lens':                              
                             'estimate_first',                                 
                             'temperature': 0.9,                               
                             'permutation':                                    
                             {'seat_index': 2,                                 
                             'shuffled_order': [3, 2,                          
                             1, 0],                                            
                             'shuffled_letter': 'B',                           
                             'canonical_letter':                               
                             'C'}}, {'seat_index': 3,                          
                             'letter': 'D',                                    
                             'confidence': 0.7,                                
                             'procedure_or_lens':                              
                             'dimensional_analysis',                           
                             'temperature': 0.3,                               
                             'permutation':                                    
                             {'seat_index': 3,                                 
                             'shuffled_order': [0, 1,                          
                             2, 3],                                            
                             'shuffled_letter': 'D',                           
                             'canonical_letter':                               
                             'D'}}, {'seat_index': 4,                          
                             'letter': 'D',                                    
                             'confidence': 0.6,                                
                             'procedure_or_lens':                              
                             'analogy_to_canonical',                           
                             'temperature': 0.6,                               
                             'permutation':                                    
                             {'seat_index': 4,                                 
                             'shuffled_order': [1, 2,                          
                             3, 0],                                            
                             'shuffled_letter': 'C',                           
                             'canonical_letter':                               
                             'D'}}, {'seat_index': 5,                          
                             'letter': 'C',                                    
                             'confidence': 0.85,                               
                             'procedure_or_lens':                              
                             'solve_forward',                                  
                             'temperature': 0.9,                               
                             'permutation':                                    
                             {'seat_index': 5,                                 
                             'shuffled_order': [3, 0,                          
                             2, 1],                                            
                             'shuffled_letter': 'C',                           
                             'canonical_letter':                               
                             'C'}}, {'seat_index': 6,                          
                             'letter': 'D',                                    
                             'confidence': 0.7,                                
                             'procedure_or_lens':                              
                             'verify_by_candidate',                            
                             'temperature': 0.3,                               
                             'permutation':                                    
                             {'seat_index': 6,                                 
                             'shuffled_order': [0, 3,                          
                             2, 1],                                            
                             'shuffled_letter': 'B',                           
                             'canonical_letter':                               
                             'D'}}, {'seat_index': 7,                          
                             'letter': 'C',                                    
                             'confidence': 0.6,                                
                             'procedure_or_lens':                              
                             'estimate_first',                                 
                             'temperature': 0.6,                               
                             'permutation':                                    
                             {'seat_index': 7,                                 
                             'shuffled_order': [2, 1,                          
                             0, 3],                                            
                             'shuffled_letter': 'A',                           
                             'canonical_letter':                               
                             'C'}}, {'seat_index': 8,                          
                             'letter': 'C',                                    
                             'confidence': 0.85,                               
                             'procedure_or_lens':                              
                             'dimensional_analysis',                           
                             'temperature': 0.9,                               
                             'permutation':                                    
                             {'seat_index': 8,                                 
                             'shuffled_order': [1, 0,                          
                             2, 3],                                            
                             'shuffled_letter': 'C',                           
                             'canonical_letter':                               
                             'C'}}], 'unanimous':                              
                             False, 'n_solvers': 9,                            
                             'solver_tier': 'cheap',                           
                             'no_tribunal': True})                             
                             cost=$0.00000                                     
[08/01/26 19:14:33] INFO     recPIzpnuYpB4yvmp        lever_experiments.py:2113
                             [diversified_panel]:                              
                             final=D(correct,                                  
                             escalated=False,                                  
                             {'seat_answers':                                  
                             [{'seat_index': 0,                                
                             'letter': 'D',                                    
                             'confidence': 0.95,                               
                             'procedure_or_lens':                              
                             'solve_forward',                                  
                             'temperature': 0.3,                               
                             'permutation':                                    
                             {'seat_index': 0,                                 
                             'shuffled_order': [0, 1,                          
                             2, 3],                                            
                             'shuffled_letter': 'D',                           
                             'canonical_letter':                               
                             'D'}}, {'seat_index': 1,                          
                             'letter': 'D',                                    
                             'confidence': 0.9,                                
                             'procedure_or_lens':                              
                             'verify_by_candidate',                            
                             'temperature': 0.6,                               
                             'permutation':                                    
                             {'seat_index': 1,                                 
                             'shuffled_order': [0, 2,                          
                             3, 1],                                            
                             'shuffled_letter': 'C',                           
                             'canonical_letter':                               
                             'D'}}, {'seat_index': 2,                          
                             'letter': 'D',                                    
                             'confidence': 1.0,                                
                             'procedure_or_lens':                              
                             'estimate_first',                                 
                             'temperature': 0.9,                               
                             'permutation':                                    
                             {'seat_index': 2,                                 
                             'shuffled_order': [0, 1,                          
                             3, 2],                                            
                             'shuffled_letter': 'C',                           
                             'canonical_letter':                               
                             'D'}}, {'seat_index': 3,                          
                             'letter': 'D',                                    
                             'confidence': 1.0,                                
                             'procedure_or_lens':                              
                             'dimensional_analysis',                           
                             'temperature': 0.3,                               
                             'permutation':                                    
                             {'seat_index': 3,                                 
                             'shuffled_order': [2, 1,                          
                             3, 0],                                            
                             'shuffled_letter': 'C',                           
                             'canonical_letter':                               
                             'D'}}, {'seat_index': 4,                          
                             'letter': 'D',                                    
                             'confidence': 0.9,                                
                             'procedure_or_lens':                              
                             'analogy_to_canonical',                           
                             'temperature': 0.6,                               
                             'permutation':                                    
                             {'seat_index': 4,                                 
                             'shuffled_order': [2, 3,                          
                             0, 1],                                            
                             'shuffled_letter': 'B',                           
                             'canonical_letter':                               
                             'D'}}, {'seat_index': 5,                          
                             'letter': 'C',                                    
                             'confidence': 0.95,                               
                             'procedure_or_lens':                              
                             'solve_forward',                                  
                             'temperature': 0.9,                               
                             'permutation':                                    
                             {'seat_index': 5,                                 
                             'shuffled_order': [1, 3,                          
                             0, 2],                                            
                             'shuffled_letter': 'D',                           
                             'canonical_letter':                               
                             'C'}}, {'seat_index': 6,                          
                             'letter': 'D',                                    
                             'confidence': 0.95,                               
                             'procedure_or_lens':                              
                             'verify_by_candidate',                            
                             'temperature': 0.3,                               
                             'permutation':                                    
                             {'seat_index': 6,                                 
                             'shuffled_order': [3, 0,                          
                             1, 2],                                            
                             'shuffled_letter': 'A',                           
                             'canonical_letter':                               
                             'D'}}, {'seat_index': 7,                          
                             'letter': 'D',                                    
                             'confidence': 0.95,                               
                             'procedure_or_lens':                              
                             'estimate_first',                                 
                             'temperature': 0.6,                               
                             'permutation':                                    
                             {'seat_index': 7,                                 
                             'shuffled_order': [2, 3,                          
                             1, 0],                                            
                             'shuffled_letter': 'B',                           
                             'canonical_letter':                               
                             'D'}}, {'seat_index': 8,                          
                             'letter': 'D',                                    
                             'confidence': 1.0,                                
                             'procedure_or_lens':                              
                             'dimensional_analysis',                           
                             'temperature': 0.9,                               
                             'permutation':                                    
                             {'seat_index': 8,                                 
                             'shuffled_order': [3, 0,                          
                             2, 1],                                            
                             'shuffled_letter': 'A',                           
                             'canonical_letter':                               
                             'D'}}], 'unanimous':                              
                             False, 'n_solvers': 9,                            
                             'solver_tier': 'cheap',                           
                             'no_tribunal': True})                             
                             cost=$0.00000                                     
[08/01/26 19:14:38] INFO     rec47oNPXudlTIk4y        lever_experiments.py:2113
                             [diversified_panel]:                              
                             final=B(correct,                                  
                             escalated=False,                                  
                             {'seat_answers':                                  
                             [{'seat_index': 0,                                
                             'letter': 'B',                                    
                             'confidence': 0.6,                                
                             'procedure_or_lens':                              
                             'solve_forward',                                  
                             'temperature': 0.3,                               
                             'permutation':                                    
                             {'seat_index': 0,                                 
                             'shuffled_order': [0, 2,                          
                             1, 3],                                            
                             'shuffled_letter': 'C',                           
                             'canonical_letter':                               
                             'B'}}, {'seat_index': 1,                          
                             'letter': 'B',                                    
                             'confidence': 0.6,                                
                             'procedure_or_lens':                              
                             'verify_by_candidate',                            
                             'temperature': 0.6,                               
                             'permutation':                                    
                             {'seat_index': 1,                                 
                             'shuffled_order': [2, 1,                          
                             3, 0],                                            
                             'shuffled_letter': 'B',                           
                             'canonical_letter':                               
                             'B'}}, {'seat_index': 2,                          
                             'letter': 'D',                                    
                             'confidence': 0.8,                                
                             'procedure_or_lens':                              
                             'estimate_first',                                 
                             'temperature': 0.9,                               
                             'permutation':                                    
                             {'seat_index': 2,                                 
                             'shuffled_order': [3, 2,                          
                             1, 0],                                            
                             'shuffled_letter': 'A',                           
                             'canonical_letter':                               
                             'D'}}, {'seat_index': 3,                          
                             'letter': 'B',                                    
                             'confidence': 0.9,                                
                             'procedure_or_lens':                              
                             'dimensional_analysis',                           
                             'temperature': 0.3,                               
                             'permutation':                                    
                             {'seat_index': 3,                                 
                             'shuffled_order': [1, 0,                          
                             3, 2],                                            
                             'shuffled_letter': 'A',                           
                             'canonical_letter':                               
                             'B'}}, {'seat_index': 4,                          
                             'letter': 'C',                                    
                             'confidence': 0.85,                               
                             'procedure_or_lens':                              
                             'analogy_to_canonical',                           
                             'temperature': 0.6,                               
                             'permutation':                                    
                             {'seat_index': 4,                                 
                             'shuffled_order': [1, 3,                          
                             2, 0],                                            
                             'shuffled_letter': 'C',                           
                             'canonical_letter':                               
                             'C'}}, {'seat_index': 5,                          
                             'letter': 'B',                                    
                             'confidence': 0.8,                                
                             'procedure_or_lens':                              
                             'solve_forward',                                  
                             'temperature': 0.9,                               
                             'permutation':                                    
                             {'seat_index': 5,                                 
                             'shuffled_order': [3, 1,                          
                             0, 2],                                            
                             'shuffled_letter': 'B',                           
                             'canonical_letter':                               
                             'B'}}, {'seat_index': 6,                          
                             'letter': 'A',                                    
                             'confidence': 0.6,                                
                             'procedure_or_lens':                              
                             'verify_by_candidate',                            
                             'temperature': 0.3,                               
                             'permutation':                                    
                             {'seat_index': 6,                                 
                             'shuffled_order': [2, 1,                          
                             3, 0],                                            
                             'shuffled_letter': 'D',                           
                             'canonical_letter':                               
                             'A'}}, {'seat_index': 7,                          
                             'letter': 'B',                                    
                             'confidence': 0.8,                                
                             'procedure_or_lens':                              
                             'estimate_first',                                 
                             'temperature': 0.6,                               
                             'permutation':                                    
                             {'seat_index': 7,                                 
                             'shuffled_order': [0, 2,                          
                             3, 1],                                            
                             'shuffled_letter': 'D',                           
                             'canonical_letter':                               
                             'B'}}, {'seat_index': 8,                          
                             'letter': 'A',                                    
                             'confidence': 0.9,                                
                             'procedure_or_lens':                              
                             'dimensional_analysis',                           
                             'temperature': 0.9,                               
                             'permutation':                                    
                             {'seat_index': 8,                                 
                             'shuffled_order': [3, 1,                          
                             2, 0],                                            
                             'shuffled_letter': 'D',                           
                             'canonical_letter':                               
                             'A'}}], 'unanimous':                              
                             False, 'n_solvers': 9,                            
                             'solver_tier': 'cheap',                           
                             'no_tribunal': True})                             
                             cost=$0.00000                                     
[08/01/26 19:14:40] INFO     recGFKDUd8qgz81Zl        lever_experiments.py:2113
                             [diversified_panel]:                              
                             final=C(correct,                                  
                             escalated=False,                                  
                             {'seat_answers':                                  
                             [{'seat_index': 0,                                
                             'letter': 'C',                                    
                             'confidence': 0.85,                               
                             'procedure_or_lens':                              
                             'solve_forward',                                  
                             'temperature': 0.3,                               
                             'permutation':                                    
                             {'seat_index': 0,                                 
                             'shuffled_order': [3, 2,                          
                             1, 0],                                            
                             'shuffled_letter': 'B',                           
                             'canonical_letter':                               
                             'C'}}, {'seat_index': 1,                          
                             'letter': 'C',                                    
                             'confidence': 0.85,                               
                             'procedure_or_lens':                              
                             'verify_by_candidate',                            
                             'temperature': 0.6,                               
                             'permutation':                                    
                             {'seat_index': 1,                                 
                             'shuffled_order': [1, 0,                          
                             2, 3],                                            
                             'shuffled_letter': 'C',                           
                             'canonical_letter':                               
                             'C'}}, {'seat_index': 2,                          
                             'letter': 'C',                                    
                             'confidence': 0.85,                               
                             'procedure_or_lens':                              
                             'estimate_first',                                 
                             'temperature': 0.9,                               
                             'permutation':                                    
                             {'seat_index': 2,                                 
                             'shuffled_order': [3, 2,                          
                             0, 1],                                            
                             'shuffled_letter': 'B',                           
                             'canonical_letter':                               
                             'C'}}, {'seat_index': 3,                          
                             'letter': 'C',                                    
                             'confidence': 0.9,                                
                             'procedure_or_lens':                              
                             'dimensional_analysis',                           
                             'temperature': 0.3,                               
                             'permutation':                                    
                             {'seat_index': 3,                                 
                             'shuffled_order': [0, 3,                          
                             1, 2],                                            
                             'shuffled_letter': 'D',                           
                             'canonical_letter':                               
                             'C'}}, {'seat_index': 4,                          
                             'letter': 'C',                                    
                             'confidence': 0.85,                               
                             'procedure_or_lens':                              
                             'analogy_to_canonical',                           
                             'temperature': 0.6,                               
                             'permutation':                                    
                             {'seat_index': 4,                                 
                             'shuffled_order': [1, 3,                          
                             0, 2],                                            
                             'shuffled_letter': 'D',                           
                             'canonical_letter':                               
                             'C'}}, {'seat_index': 5,                          
                             'letter': 'C',                                    
                             'confidence': 0.9,                                
                             'procedure_or_lens':                              
                             'solve_forward',                                  
                             'temperature': 0.9,                               
                             'permutation':                                    
                             {'seat_index': 5,                                 
                             'shuffled_order': [2, 0,                          
                             3, 1],                                            
                             'shuffled_letter': 'A',                           
                             'canonical_letter':                               
                             'C'}}, {'seat_index': 6,                          
                             'letter': 'C',                                    
                             'confidence': 0.8,                                
                             'procedure_or_lens':                              
                             'verify_by_candidate',                            
                             'temperature': 0.3,                               
                             'permutation':                                    
                             {'seat_index': 6,                                 
                             'shuffled_order': [3, 1,                          
                             2, 0],                                            
                             'shuffled_letter': 'C',                           
                             'canonical_letter':                               
                             'C'}}, {'seat_index': 7,                          
                             'letter': 'B',                                    
                             'confidence': 0.85,                               
                             'procedure_or_lens':                              
                             'estimate_first',                                 
                             'temperature': 0.6,                               
                             'permutation':                                    
                             {'seat_index': 7,                                 
                             'shuffled_order': [0, 1,                          
                             2, 3],                                            
                             'shuffled_letter': 'B',                           
                             'canonical_letter':                               
                             'B'}}, {'seat_index': 8,                          
                             'letter': 'C',                                    
                             'confidence': 0.9,                                
                             'procedure_or_lens':                              
                             'dimensional_analysis',                           
                             'temperature': 0.9,                               
                             'permutation':                                    
                             {'seat_index': 8,                                 
                             'shuffled_order': [1, 0,                          
                             3, 2],                                            
                             'shuffled_letter': 'D',                           
                             'canonical_letter':                               
                             'C'}}], 'unanimous':                              
                             False, 'n_solvers': 9,                            
                             'solver_tier': 'cheap',                           
                             'no_tribunal': True})                             
                             cost=$0.00000                                     
[08/01/26 19:14:46] INFO     recnTTKdBzfuoZ7w7        lever_experiments.py:2113
                             [diversified_panel]:                              
                             final=B(correct,                                  
                             escalated=False,                                  
                             {'seat_answers':                                  
                             [{'seat_index': 0,                                
                             'letter': 'C',                                    
                             'confidence': 0.95,                               
                             'procedure_or_lens':                              
                             'solve_forward',                                  
                             'temperature': 0.3,                               
                             'permutation':                                    
                             {'seat_index': 0,                                 
                             'shuffled_order': [2, 3,                          
                             0, 1],                                            
                             'shuffled_letter': 'A',                           
                             'canonical_letter':                               
                             'C'}}, {'seat_index': 1,                          
                             'letter': 'B',                                    
                             'confidence': 0.95,                               
                             'procedure_or_lens':                              
                             'verify_by_candidate',                            
                             'temperature': 0.6,                               
                             'permutation':                                    
                             {'seat_index': 1,                                 
                             'shuffled_order': [1, 2,                          
                             3, 0],                                            
                             'shuffled_letter': 'A',                           
                             'canonical_letter':                               
                             'B'}}, {'seat_index': 2,                          
                             'letter': 'B',                                    
                             'confidence': 0.95,                               
                             'procedure_or_lens':                              
                             'estimate_first',                                 
                             'temperature': 0.9,                               
                             'permutation':                                    
                             {'seat_index': 2,                                 
                             'shuffled_order': [1, 2,                          
                             0, 3],                                            
                             'shuffled_letter': 'A',                           
                             'canonical_letter':                               
                             'B'}}, {'seat_index': 3,                          
                             'letter': 'D',                                    
                             'confidence': 0.95,                               
                             'procedure_or_lens':                              
                             'dimensional_analysis',                           
                             'temperature': 0.3,                               
                             'permutation':                                    
                             {'seat_index': 3,                                 
                             'shuffled_order': [3, 0,                          
                             2, 1],                                            
                             'shuffled_letter': 'A',                           
                             'canonical_letter':                               
                             'D'}}, {'seat_index': 4,                          
                             'letter': 'D',                                    
                             'confidence': 0.95,                               
                             'procedure_or_lens':                              
                             'analogy_to_canonical',                           
                             'temperature': 0.6,                               
                             'permutation':                                    
                             {'seat_index': 4,                                 
                             'shuffled_order': [3, 2,                          
                             0, 1],                                            
                             'shuffled_letter': 'A',                           
                             'canonical_letter':                               
                             'D'}}, {'seat_index': 5,                          
                             'letter': 'C',                                    
                             'confidence': 0.95,                               
                             'procedure_or_lens':                              
                             'solve_forward',                                  
                             'temperature': 0.9,                               
                             'permutation':                                    
                             {'seat_index': 5,                                 
                             'shuffled_order': [2, 1,                          
                             0, 3],                                            
                             'shuffled_letter': 'A',                           
                             'canonical_letter':                               
                             'C'}}, {'seat_index': 6,                          
                             'letter': 'B',                                    
                             'confidence': 0.95,                               
                             'procedure_or_lens':                              
                             'verify_by_candidate',                            
                             'temperature': 0.3,                               
                             'permutation':                                    
                             {'seat_index': 6,                                 
                             'shuffled_order': [1, 2,                          
                             3, 0],                                            
                             'shuffled_letter': 'A',                           
                             'canonical_letter':                               
                             'B'}}, {'seat_index': 7,                          
                             'letter': 'C',                                    
                             'confidence': 0.95,                               
                             'procedure_or_lens':                              
                             'estimate_first',                                 
                             'temperature': 0.6,                               
                             'permutation':                                    
                             {'seat_index': 7,                                 
                             'shuffled_order': [3, 2,                          
                             1, 0],                                            
                             'shuffled_letter': 'B',                           
                             'canonical_letter':                               
                             'C'}}, {'seat_index': 8,                          
                             'letter': 'B',                                    
                             'confidence': 0.95,                               
                             'procedure_or_lens':                              
                             'dimensional_analysis',                           
                             'temperature': 0.9,                               
                             'permutation':                                    
                             {'seat_index': 8,                                 
                             'shuffled_order': [1, 0,                          
                             3, 2],                                            
                             'shuffled_letter': 'A',                           
                             'canonical_letter':                               
                             'B'}}], 'unanimous':                              
                             False, 'n_solvers': 9,                            
                             'solver_tier': 'cheap',                           
                             'no_tribunal': True})                             
                             cost=$0.00000                                     
[08/01/26 19:14:50] INFO     recCJJOeBGERaHYax        lever_experiments.py:2113
                             [diversified_panel]:                              
                             final=A(wrong,                                    
                             escalated=False,                                  
                             {'seat_answers':                                  
                             [{'seat_index': 0,                                
                             'letter': 'A',                                    
                             'confidence': 0.8,                                
                             'procedure_or_lens':                              
                             'solve_forward',                                  
                             'temperature': 0.3,                               
                             'permutation':                                    
                             {'seat_index': 0,                                 
                             'shuffled_order': [3, 1,                          
                             0, 2],                                            
                             'shuffled_letter': 'C',                           
                             'canonical_letter':                               
                             'A'}}, {'seat_index': 1,                          
                             'letter': 'B',                                    
                             'confidence': 0.85,                               
                             'procedure_or_lens':                              
                             'verify_by_candidate',                            
                             'temperature': 0.6,                               
                             'permutation':                                    
                             {'seat_index': 1,                                 
                             'shuffled_order': [1, 2,                          
                             3, 0],                                            
                             'shuffled_letter': 'A',                           
                             'canonical_letter':                               
                             'B'}}, {'seat_index': 2,                          
                             'letter': 'B',                                    
                             'confidence': 0.75,                               
                             'procedure_or_lens':                              
                             'estimate_first',                                 
                             'temperature': 0.9,                               
                             'permutation':                                    
                             {'seat_index': 2,                                 
                             'shuffled_order': [1, 3,                          
                             2, 0],                                            
                             'shuffled_letter': 'A',                           
                             'canonical_letter':                               
                             'B'}}, {'seat_index': 3,                          
                             'letter': 'A',                                    
                             'confidence': 0.85,                               
                             'procedure_or_lens':                              
                             'dimensional_analysis',                           
                             'temperature': 0.3,                               
                             'permutation':                                    
                             {'seat_index': 3,                                 
                             'shuffled_order': [0, 3,                          
                             1, 2],                                            
                             'shuffled_letter': 'A',                           
                             'canonical_letter':                               
                             'A'}}, {'seat_index': 4,                          
                             'letter': 'A',                                    
                             'confidence': 0.85,                               
                             'procedure_or_lens':                              
                             'analogy_to_canonical',                           
                             'temperature': 0.6,                               
                             'permutation':                                    
                             {'seat_index': 4,                                 
                             'shuffled_order': [0, 1,                          
                             3, 2],                                            
                             'shuffled_letter': 'A',                           
                             'canonical_letter':                               
                             'A'}}, {'seat_index': 5,                          
                             'letter': 'C',                                    
                             'confidence': 0.85,                               
                             'procedure_or_lens':                              
                             'solve_forward',                                  
                             'temperature': 0.9,                               
                             'permutation':                                    
                             {'seat_index': 5,                                 
                             'shuffled_order': [2, 3,                          
                             1, 0],                                            
                             'shuffled_letter': 'A',                           
                             'canonical_letter':                               
                             'C'}}, {'seat_index': 6,                          
                             'letter': 'B',                                    
                             'confidence': 0.85,                               
                             'procedure_or_lens':                              
                             'verify_by_candidate',                            
                             'temperature': 0.3,                               
                             'permutation':                                    
                             {'seat_index': 6,                                 
                             'shuffled_order': [2, 3,                          
                             1, 0],                                            
                             'shuffled_letter': 'C',                           
                             'canonical_letter':                               
                             'B'}}, {'seat_index': 7,                          
                             'letter': 'C',                                    
                             'confidence': 0.6,                                
                             'procedure_or_lens':                              
                             'estimate_first',                                 
                             'temperature': 0.6,                               
                             'permutation':                                    
                             {'seat_index': 7,                                 
                             'shuffled_order': [3, 0,                          
                             2, 1],                                            
                             'shuffled_letter': 'C',                           
                             'canonical_letter':                               
                             'C'}}, {'seat_index': 8,                          
                             'letter': 'C',                                    
                             'confidence': 0.75,                               
                             'procedure_or_lens':                              
                             'dimensional_analysis',                           
                             'temperature': 0.9,                               
                             'permutation':                                    
                             {'seat_index': 8,                                 
                             'shuffled_order': [0, 2,                          
                             3, 1],                                            
                             'shuffled_letter': 'B',                           
                             'canonical_letter':                               
                             'C'}}], 'unanimous':                              
                             False, 'n_solvers': 9,                            
                             'solver_tier': 'cheap',                           
                             'no_tribunal': True})                             
                             cost=$0.00000                                     
[08/01/26 19:14:58] INFO     rec8nshandHARTkrg        lever_experiments.py:2113
                             [diversified_panel]:                              
                             final=D(correct,                                  
                             escalated=False,                                  
                             {'seat_answers':                                  
                             [{'seat_index': 0,                                
                             'letter': 'C',                                    
                             'confidence': 0.85,                               
                             'procedure_or_lens':                              
                             'solve_forward',                                  
                             'temperature': 0.3,                               
                             'permutation':                                    
                             {'seat_index': 0,                                 
                             'shuffled_order': [2, 3,                          
                             0, 1],                                            
                             'shuffled_letter': 'A',                           
                             'canonical_letter':                               
                             'C'}}, {'seat_index': 1,                          
                             'letter': 'C',                                    
                             'confidence': 0.85,                               
                             'procedure_or_lens':                              
                             'verify_by_candidate',                            
                             'temperature': 0.6,                               
                             'permutation':                                    
                             {'seat_index': 1,                                 
                             'shuffled_order': [2, 1,                          
                             3, 0],                                            
                             'shuffled_letter': 'A',                           
                             'canonical_letter':                               
                             'C'}}, {'seat_index': 2,                          
                             'letter': 'C',                                    
                             'confidence': 0.75,                               
                             'procedure_or_lens':                              
                             'estimate_first',                                 
                             'temperature': 0.9,                               
                             'permutation':                                    
                             {'seat_index': 2,                                 
                             'shuffled_order': [0, 1,                          
                             3, 2],                                            
                             'shuffled_letter': 'D',                           
                             'canonical_letter':                               
                             'C'}}, {'seat_index': 3,                          
                             'letter': 'D',                                    
                             'confidence': 0.85,                               
                             'procedure_or_lens':                              
                             'dimensional_analysis',                           
                             'temperature': 0.3,                               
                             'permutation':                                    
                             {'seat_index': 3,                                 
                             'shuffled_order': [3, 2,                          
                             1, 0],                                            
                             'shuffled_letter': 'A',                           
                             'canonical_letter':                               
                             'D'}}, {'seat_index': 4,                          
                             'letter': 'D',                                    
                             'confidence': 0.85,                               
                             'procedure_or_lens':                              
                             'analogy_to_canonical',                           
                             'temperature': 0.6,                               
                             'permutation':                                    
                             {'seat_index': 4,                                 
                             'shuffled_order': [1, 3,                          
                             2, 0],                                            
                             'shuffled_letter': 'B',                           
                             'canonical_letter':                               
                             'D'}}, {'seat_index': 5,                          
                             'letter': 'A',                                    
                             'confidence': 0.6,                                
                             'procedure_or_lens':                              
                             'solve_forward',                                  
                             'temperature': 0.9,                               
                             'permutation':                                    
                             {'seat_index': 5,                                 
                             'shuffled_order': [0, 3,                          
                             1, 2],                                            
                             'shuffled_letter': 'A',                           
                             'canonical_letter':                               
                             'A'}}, {'seat_index': 6,                          
                             'letter': 'A',                                    
                             'confidence': 0.8,                                
                             'procedure_or_lens':                              
                             'verify_by_candidate',                            
                             'temperature': 0.3,                               
                             'permutation':                                    
                             {'seat_index': 6,                                 
                             'shuffled_order': [0, 1,                          
                             2, 3],                                            
                             'shuffled_letter': 'A',                           
                             'canonical_letter':                               
                             'A'}}, {'seat_index': 7,                          
                             'letter': 'D',                                    
                             'confidence': 0.85,                               
                             'procedure_or_lens':                              
                             'estimate_first',                                 
                             'temperature': 0.6,                               
                             'permutation':                                    
                             {'seat_index': 7,                                 
                             'shuffled_order': [1, 3,                          
                             2, 0],                                            
                             'shuffled_letter': 'B',                           
                             'canonical_letter':                               
                             'D'}}, {'seat_index': 8,                          
                             'letter': 'D',                                    
                             'confidence': 0.7,                                
                             'procedure_or_lens':                              
                             'dimensional_analysis',                           
                             'temperature': 0.9,                               
                             'permutation':                                    
                             {'seat_index': 8,                                 
                             'shuffled_order': [1, 2,                          
                             3, 0],                                            
                             'shuffled_letter': 'C',                           
                             'canonical_letter':                               
                             'D'}}], 'unanimous':                              
                             False, 'n_solvers': 9,                            
                             'solver_tier': 'cheap',                           
                             'no_tribunal': True})                             
                             cost=$0.00000                                     
[08/01/26 19:15:02] INFO     recclFbsjbaiVVnnV        lever_experiments.py:2113
                             [diversified_panel]:                              
                             final=D(wrong,                                    
                             escalated=False,                                  
                             {'seat_answers':                                  
                             [{'seat_index': 0,                                
                             'letter': 'B',                                    
                             'confidence': 0.85,                               
                             'procedure_or_lens':                              
                             'solve_forward',                                  
                             'temperature': 0.3,                               
                             'permutation':                                    
                             {'seat_index': 0,                                 
                             'shuffled_order': [3, 0,                          
                             1, 2],                                            
                             'shuffled_letter': 'C',                           
                             'canonical_letter':                               
                             'B'}}, {'seat_index': 1,                          
                             'letter': 'D',                                    
                             'confidence': 0.85,                               
                             'procedure_or_lens':                              
                             'verify_by_candidate',                            
                             'temperature': 0.6,                               
                             'permutation':                                    
                             {'seat_index': 1,                                 
                             'shuffled_order': [1, 3,                          
                             0, 2],                                            
                             'shuffled_letter': 'B',                           
                             'canonical_letter':                               
                             'D'}}, {'seat_index': 2,                          
                             'letter': 'D',                                    
                             'confidence': 0.2,                                
                             'procedure_or_lens':                              
                             'estimate_first',                                 
                             'temperature': 0.9,                               
                             'permutation':                                    
                             {'seat_index': 2,                                 
                             'shuffled_order': [3, 0,                          
                             1, 2],                                            
                             'shuffled_letter': 'A',                           
                             'canonical_letter':                               
                             'D'}}, {'seat_index': 3,                          
                             'letter': 'A',                                    
                             'confidence': 0.1,                                
                             'procedure_or_lens':                              
                             'dimensional_analysis',                           
                             'temperature': 0.3,                               
                             'permutation':                                    
                             {'seat_index': 3,                                 
                             'shuffled_order': [3, 1,                          
                             2, 0],                                            
                             'shuffled_letter': 'D',                           
                             'canonical_letter':                               
                             'A'}}, {'seat_index': 4,                          
                             'letter': 'D',                                    
                             'confidence': 0.9,                                
                             'procedure_or_lens':                              
                             'analogy_to_canonical',                           
                             'temperature': 0.6,                               
                             'permutation':                                    
                             {'seat_index': 4,                                 
                             'shuffled_order': [0, 1,                          
                             3, 2],                                            
                             'shuffled_letter': 'C',                           
                             'canonical_letter':                               
                             'D'}}, {'seat_index': 5,                          
                             'letter': 'C',                                    
                             'confidence': 0.85,                               
                             'procedure_or_lens':                              
                             'solve_forward',                                  
                             'temperature': 0.9,                               
                             'permutation':                                    
                             {'seat_index': 5,                                 
                             'shuffled_order': [0, 3,                          
                             1, 2],                                            
                             'shuffled_letter': 'D',                           
                             'canonical_letter':                               
                             'C'}}, {'seat_index': 6,                          
                             'letter': 'C',                                    
                             'confidence': 0.85,                               
                             'procedure_or_lens':                              
                             'verify_by_candidate',                            
                             'temperature': 0.3,                               
                             'permutation':                                    
                             {'seat_index': 6,                                 
                             'shuffled_order': [0, 3,                          
                             1, 2],                                            
                             'shuffled_letter': 'D',                           
                             'canonical_letter':                               
                             'C'}}, {'seat_index': 7,                          
                             'letter': 'D',                                    
                             'confidence': 0.85,                               
                             'procedure_or_lens':                              
                             'estimate_first',                                 
                             'temperature': 0.6,                               
                             'permutation':                                    
                             {'seat_index': 7,                                 
                             'shuffled_order': [3, 2,                          
                             0, 1],                                            
                             'shuffled_letter': 'A',                           
                             'canonical_letter':                               
                             'D'}}, {'seat_index': 8,                          
                             'letter': 'A',                                    
                             'confidence': 0.6,                                
                             'procedure_or_lens':                              
                             'dimensional_analysis',                           
                             'temperature': 0.9,                               
                             'permutation':                                    
                             {'seat_index': 8,                                 
                             'shuffled_order': [1, 2,                          
                             0, 3],                                            
                             'shuffled_letter': 'C',                           
                             'canonical_letter':                               
                             'A'}}], 'unanimous':                              
                             False, 'n_solvers': 9,                            
                             'solver_tier': 'cheap',                           
                             'no_tribunal': True})                             
                             cost=$0.00000                                     
                    INFO     reckEnrOPFT9Ru7tW        lever_experiments.py:2113
                             [diversified_panel]:                              
                             final=D(correct,                                  
                             escalated=False,                                  
                             {'seat_answers':                                  
                             [{'seat_index': 0,                                
                             'letter': 'D',                                    
                             'confidence': 0.9,                                
                             'procedure_or_lens':                              
                             'solve_forward',                                  
                             'temperature': 0.3,                               
                             'permutation':                                    
                             {'seat_index': 0,                                 
                             'shuffled_order': [0, 1,                          
                             2, 3],                                            
                             'shuffled_letter': 'D',                           
                             'canonical_letter':                               
                             'D'}}, {'seat_index': 1,                          
                             'letter': 'D',                                    
                             'confidence': 0.95,                               
                             'procedure_or_lens':                              
                             'verify_by_candidate',                            
                             'temperature': 0.6,                               
                             'permutation':                                    
                             {'seat_index': 1,                                 
                             'shuffled_order': [1, 3,                          
                             2, 0],                                            
                             'shuffled_letter': 'B',                           
                             'canonical_letter':                               
                             'D'}}, {'seat_index': 2,                          
                             'letter': 'D',                                    
                             'confidence': 0.9,                                
                             'procedure_or_lens':                              
                             'estimate_first',                                 
                             'temperature': 0.9,                               
                             'permutation':                                    
                             {'seat_index': 2,                                 
                             'shuffled_order': [3, 1,                          
                             2, 0],                                            
                             'shuffled_letter': 'A',                           
                             'canonical_letter':                               
                             'D'}}, {'seat_index': 3,                          
                             'letter': 'C',                                    
                             'confidence': 0.95,                               
                             'procedure_or_lens':                              
                             'dimensional_analysis',                           
                             'temperature': 0.3,                               
                             'permutation':                                    
                             {'seat_index': 3,                                 
                             'shuffled_order': [2, 0,                          
                             1, 3],                                            
                             'shuffled_letter': 'A',                           
                             'canonical_letter':                               
                             'C'}}, {'seat_index': 4,                          
                             'letter': 'D',                                    
                             'confidence': 0.9,                                
                             'procedure_or_lens':                              
                             'analogy_to_canonical',                           
                             'temperature': 0.6,                               
                             'permutation':                                    
                             {'seat_index': 4,                                 
                             'shuffled_order': [2, 3,                          
                             0, 1],                                            
                             'shuffled_letter': 'B',                           
                             'canonical_letter':                               
                             'D'}}, {'seat_index': 5,                          
                             'letter': 'D',                                    
                             'confidence': 0.9,                                
                             'procedure_or_lens':                              
                             'solve_forward',                                  
                             'temperature': 0.9,                               
                             'permutation':                                    
                             {'seat_index': 5,                                 
                             'shuffled_order': [3, 2,                          
                             1, 0],                                            
                             'shuffled_letter': 'A',                           
                             'canonical_letter':                               
                             'D'}}, {'seat_index': 6,                          
                             'letter': 'D',                                    
                             'confidence': 0.9,                                
                             'procedure_or_lens':                              
                             'verify_by_candidate',                            
                             'temperature': 0.3,                               
                             'permutation':                                    
                             {'seat_index': 6,                                 
                             'shuffled_order': [3, 1,                          
                             2, 0],                                            
                             'shuffled_letter': 'A',                           
                             'canonical_letter':                               
                             'D'}}, {'seat_index': 7,                          
                             'letter': 'D',                                    
                             'confidence': 0.9,                                
                             'procedure_or_lens':                              
                             'estimate_first',                                 
                             'temperature': 0.6,                               
                             'permutation':                                    
                             {'seat_index': 7,                                 
                             'shuffled_order': [3, 1,                          
                             2, 0],                                            
                             'shuffled_letter': 'A',                           
                             'canonical_letter':                               
                             'D'}}, {'seat_index': 8,                          
                             'letter': 'C',                                    
                             'confidence': 0.4,                                
                             'procedure_or_lens':                              
                             'dimensional_analysis',                           
                             'temperature': 0.9,                               
                             'permutation':                                    
                             {'seat_index': 8,                                 
                             'shuffled_order': [2, 1,                          
                             3, 0],                                            
                             'shuffled_letter': 'A',                           
                             'canonical_letter':                               
                             'C'}}], 'unanimous':                              
                             False, 'n_solvers': 9,                            
                             'solver_tier': 'cheap',                           
                             'no_tribunal': True})                             
                             cost=$0.00000                                     
[08/01/26 19:15:10] INFO     recgM7o1tcc7tP778        lever_experiments.py:2113
                             [diversified_panel]:                              
                             final=D(correct,                                  
                             escalated=False,                                  
                             {'seat_answers':                                  
                             [{'seat_index': 0,                                
                             'letter': 'B',                                    
                             'confidence': 0.95,                               
                             'procedure_or_lens':                              
                             'solve_forward',                                  
                             'temperature': 0.3,                               
                             'permutation':                                    
                             {'seat_index': 0,                                 
                             'shuffled_order': [2, 1,                          
                             3, 0],                                            
                             'shuffled_letter': 'B',                           
                             'canonical_letter':                               
                             'B'}}, {'seat_index': 1,                          
                             'letter': 'D',                                    
                             'confidence': 0.95,                               
                             'procedure_or_lens':                              
                             'verify_by_candidate',                            
                             'temperature': 0.6,                               
                             'permutation':                                    
                             {'seat_index': 1,                                 
                             'shuffled_order': [3, 2,                          
                             1, 0],                                            
                             'shuffled_letter': 'A',                           
                             'canonical_letter':                               
                             'D'}}, {'seat_index': 2,                          
                             'letter': 'D',                                    
                             'confidence': 1.0,                                
                             'procedure_or_lens':                              
                             'estimate_first',                                 
                             'temperature': 0.9,                               
                             'permutation':                                    
                             {'seat_index': 2,                                 
                             'shuffled_order': [3, 1,                          
                             2, 0],                                            
                             'shuffled_letter': 'A',                           
                             'canonical_letter':                               
                             'D'}}, {'seat_index': 3,                          
                             'letter': 'D',                                    
                             'confidence': 1.0,                                
                             'procedure_or_lens':                              
                             'dimensional_analysis',                           
                             'temperature': 0.3,                               
                             'permutation':                                    
                             {'seat_index': 3,                                 
                             'shuffled_order': [1, 2,                          
                             3, 0],                                            
                             'shuffled_letter': 'C',                           
                             'canonical_letter':                               
                             'D'}}, {'seat_index': 4,                          
                             'letter': 'B',                                    
                             'confidence': 0.95,                               
                             'procedure_or_lens':                              
                             'analogy_to_canonical',                           
                             'temperature': 0.6,                               
                             'permutation':                                    
                             {'seat_index': 4,                                 
                             'shuffled_order': [3, 1,                          
                             0, 2],                                            
                             'shuffled_letter': 'B',                           
                             'canonical_letter':                               
                             'B'}}, {'seat_index': 5,                          
                             'letter': 'B',                                    
                             'confidence': 0.95,                               
                             'procedure_or_lens':                              
                             'solve_forward',                                  
                             'temperature': 0.9,                               
                             'permutation':                                    
                             {'seat_index': 5,                                 
                             'shuffled_order': [2, 3,                          
                             1, 0],                                            
                             'shuffled_letter': 'C',                           
                             'canonical_letter':                               
                             'B'}}, {'seat_index': 6,                          
                             'letter': 'B',                                    
                             'confidence': 0.95,                               
                             'procedure_or_lens':                              
                             'verify_by_candidate',                            
                             'temperature': 0.3,                               
                             'permutation':                                    
                             {'seat_index': 6,                                 
                             'shuffled_order': [0, 3,                          
                             1, 2],                                            
                             'shuffled_letter': 'C',                           
                             'canonical_letter':                               
                             'B'}}, {'seat_index': 7,                          
                             'letter': 'D',                                    
                             'confidence': 0.9,                                
                             'procedure_or_lens':                              
                             'estimate_first',                                 
                             'temperature': 0.6,                               
                             'permutation':                                    
                             {'seat_index': 7,                                 
                             'shuffled_order': [2, 3,                          
                             1, 0],                                            
                             'shuffled_letter': 'B',                           
                             'canonical_letter':                               
                             'D'}}, {'seat_index': 8,                          
                             'letter': 'D',                                    
                             'confidence': 0.95,                               
                             'procedure_or_lens':                              
                             'dimensional_analysis',                           
                             'temperature': 0.9,                               
                             'permutation':                                    
                             {'seat_index': 8,                                 
                             'shuffled_order': [2, 3,                          
                             0, 1],                                            
                             'shuffled_letter': 'B',                           
                             'canonical_letter':                               
                             'D'}}], 'unanimous':                              
                             False, 'n_solvers': 9,                            
                             'solver_tier': 'cheap',                           
                             'no_tribunal': True})                             
                             cost=$0.00000                                     
[08/01/26 19:15:13] INFO     recLB0EkQ54bYVhnd        lever_experiments.py:2113
                             [diversified_panel]:                              
                             final=B(correct,                                  
                             escalated=False,                                  
                             {'seat_answers':                                  
                             [{'seat_index': 0,                                
                             'letter': 'B',                                    
                             'confidence': 0.85,                               
                             'procedure_or_lens':                              
                             'solve_forward',                                  
                             'temperature': 0.3,                               
                             'permutation':                                    
                             {'seat_index': 0,                                 
                             'shuffled_order': [3, 1,                          
                             0, 2],                                            
                             'shuffled_letter': 'B',                           
                             'canonical_letter':                               
                             'B'}}, {'seat_index': 1,                          
                             'letter': 'A',                                    
                             'confidence': 0.85,                               
                             'procedure_or_lens':                              
                             'verify_by_candidate',                            
                             'temperature': 0.6,                               
                             'permutation':                                    
                             {'seat_index': 1,                                 
                             'shuffled_order': [2, 3,                          
                             1, 0],                                            
                             'shuffled_letter': 'D',                           
                             'canonical_letter':                               
                             'A'}}, {'seat_index': 2,                          
                             'letter': 'D',                                    
                             'confidence': 0.85,                               
                             'procedure_or_lens':                              
                             'estimate_first',                                 
                             'temperature': 0.9,                               
                             'permutation':                                    
                             {'seat_index': 2,                                 
                             'shuffled_order': [2, 3,                          
                             0, 1],                                            
                             'shuffled_letter': 'B',                           
                             'canonical_letter':                               
                             'D'}}, {'seat_index': 3,                          
                             'letter': 'D',                                    
                             'confidence': 0.85,                               
                             'procedure_or_lens':                              
                             'dimensional_analysis',                           
                             'temperature': 0.3,                               
                             'permutation':                                    
                             {'seat_index': 3,                                 
                             'shuffled_order': [1, 3,                          
                             0, 2],                                            
                             'shuffled_letter': 'B',                           
                             'canonical_letter':                               
                             'D'}}, {'seat_index': 4,                          
                             'letter': 'D',                                    
                             'confidence': 0.9,                                
                             'procedure_or_lens':                              
                             'analogy_to_canonical',                           
                             'temperature': 0.6,                               
                             'permutation':                                    
                             {'seat_index': 4,                                 
                             'shuffled_order': [3, 2,                          
                             0, 1],                                            
                             'shuffled_letter': 'A',                           
                             'canonical_letter':                               
                             'D'}}, {'seat_index': 5,                          
                             'letter': 'B',                                    
                             'confidence': 0.9,                                
                             'procedure_or_lens':                              
                             'solve_forward',                                  
                             'temperature': 0.9,                               
                             'permutation':                                    
                             {'seat_index': 5,                                 
                             'shuffled_order': [1, 0,                          
                             3, 2],                                            
                             'shuffled_letter': 'A',                           
                             'canonical_letter':                               
                             'B'}}, {'seat_index': 6,                          
                             'letter': 'B',                                    
                             'confidence': 0.7,                                
                             'procedure_or_lens':                              
                             'verify_by_candidate',                            
                             'temperature': 0.3,                               
                             'permutation':                                    
                             {'seat_index': 6,                                 
                             'shuffled_order': [2, 0,                          
                             3, 1],                                            
                             'shuffled_letter': 'D',                           
                             'canonical_letter':                               
                             'B'}}, {'seat_index': 7,                          
                             'letter': 'B',                                    
                             'confidence': 0.95,                               
                             'procedure_or_lens':                              
                             'estimate_first',                                 
                             'temperature': 0.6,                               
                             'permutation':                                    
                             {'seat_index': 7,                                 
                             'shuffled_order': [0, 2,                          
                             1, 3],                                            
                             'shuffled_letter': 'C',                           
                             'canonical_letter':                               
                             'B'}}, {'seat_index': 8,                          
                             'letter': 'A',                                    
                             'confidence': 0.85,                               
                             'procedure_or_lens':                              
                             'dimensional_analysis',                           
                             'temperature': 0.9,                               
                             'permutation':                                    
                             {'seat_index': 8,                                 
                             'shuffled_order': [1, 0,                          
                             2, 3],                                            
                             'shuffled_letter': 'B',                           
                             'canonical_letter':                               
                             'A'}}], 'unanimous':                              
                             False, 'n_solvers': 9,                            
                             'solver_tier': 'cheap',                           
                             'no_tribunal': True})                             
                             cost=$0.00000                                     
[08/01/26 19:15:15] INFO     receo3UUzRvWCqyfA        lever_experiments.py:2113
                             [diversified_panel]:                              
                             final=A(correct,                                  
                             escalated=False,                                  
                             {'seat_answers':                                  
                             [{'seat_index': 0,                                
                             'letter': 'A',                                    
                             'confidence': 0.85,                               
                             'procedure_or_lens':                              
                             'solve_forward',                                  
                             'temperature': 0.3,                               
                             'permutation':                                    
                             {'seat_index': 0,                                 
                             'shuffled_order': [2, 0,                          
                             1, 3],                                            
                             'shuffled_letter': 'B',                           
                             'canonical_letter':                               
                             'A'}}, {'seat_index': 1,                          
                             'letter': 'C',                                    
                             'confidence': 0.85,                               
                             'procedure_or_lens':                              
                             'verify_by_candidate',                            
                             'temperature': 0.6,                               
                             'permutation':                                    
                             {'seat_index': 1,                                 
                             'shuffled_order': [3, 1,                          
                             2, 0],                                            
                             'shuffled_letter': 'C',                           
                             'canonical_letter':                               
                             'C'}}, {'seat_index': 2,                          
                             'letter': 'C',                                    
                             'confidence': 0.7,                                
                             'procedure_or_lens':                              
                             'estimate_first',                                 
                             'temperature': 0.9,                               
                             'permutation':                                    
                             {'seat_index': 2,                                 
                             'shuffled_order': [3, 2,                          
                             1, 0],                                            
                             'shuffled_letter': 'B',                           
                             'canonical_letter':                               
                             'C'}}, {'seat_index': 3,                          
                             'letter': 'A',                                    
                             'confidence': 0.85,                               
                             'procedure_or_lens':                              
                             'dimensional_analysis',                           
                             'temperature': 0.3,                               
                             'permutation':                                    
                             {'seat_index': 3,                                 
                             'shuffled_order': [2, 3,                          
                             0, 1],                                            
                             'shuffled_letter': 'C',                           
                             'canonical_letter':                               
                             'A'}}, {'seat_index': 4,                          
                             'letter': 'A',                                    
                             'confidence': 0.85,                               
                             'procedure_or_lens':                              
                             'analogy_to_canonical',                           
                             'temperature': 0.6,                               
                             'permutation':                                    
                             {'seat_index': 4,                                 
                             'shuffled_order': [1, 2,                          
                             0, 3],                                            
                             'shuffled_letter': 'C',                           
                             'canonical_letter':                               
                             'A'}}, {'seat_index': 5,                          
                             'letter': 'A',                                    
                             'confidence': 0.85,                               
                             'procedure_or_lens':                              
                             'solve_forward',                                  
                             'temperature': 0.9,                               
                             'permutation':                                    
                             {'seat_index': 5,                                 
                             'shuffled_order': [2, 3,                          
                             1, 0],                                            
                             'shuffled_letter': 'D',                           
                             'canonical_letter':                               
                             'A'}}, {'seat_index': 6,                          
                             'letter': 'A',                                    
                             'confidence': 0.9,                                
                             'procedure_or_lens':                              
                             'verify_by_candidate',                            
                             'temperature': 0.3,                               
                             'permutation':                                    
                             {'seat_index': 6,                                 
                             'shuffled_order': [0, 2,                          
                             3, 1],                                            
                             'shuffled_letter': 'A',                           
                             'canonical_letter':                               
                             'A'}}, {'seat_index': 7,                          
                             'letter': 'A',                                    
                             'confidence': 0.6,                                
                             'procedure_or_lens':                              
                             'estimate_first',                                 
                             'temperature': 0.6,                               
                             'permutation':                                    
                             {'seat_index': 7,                                 
                             'shuffled_order': [0, 2,                          
                             3, 1],                                            
                             'shuffled_letter': 'A',                           
                             'canonical_letter':                               
                             'A'}}, {'seat_index': 8,                          
                             'letter': 'C',                                    
                             'confidence': 0.85,                               
                             'procedure_or_lens':                              
                             'dimensional_analysis',                           
                             'temperature': 0.9,                               
                             'permutation':                                    
                             {'seat_index': 8,                                 
                             'shuffled_order': [2, 0,                          
                             1, 3],                                            
                             'shuffled_letter': 'A',                           
                             'canonical_letter':                               
                             'C'}}], 'unanimous':                              
                             False, 'n_solvers': 9,                            
                             'solver_tier': 'cheap',                           
                             'no_tribunal': True})                             
                             cost=$0.00000                                     
[08/01/26 19:15:20] INFO     recMicVBcqy1xM1jq        lever_experiments.py:2113
                             [diversified_panel]:                              
                             final=D(wrong,                                    
                             escalated=False,                                  
                             {'seat_answers':                                  
                             [{'seat_index': 0,                                
                             'letter': 'D',                                    
                             'confidence': 0.95,                               
                             'procedure_or_lens':                              
                             'solve_forward',                                  
                             'temperature': 0.3,                               
                             'permutation':                                    
                             {'seat_index': 0,                                 
                             'shuffled_order': [0, 3,                          
                             1, 2],                                            
                             'shuffled_letter': 'B',                           
                             'canonical_letter':                               
                             'D'}}, {'seat_index': 1,                          
                             'letter': 'D',                                    
                             'confidence': 0.8,                                
                             'procedure_or_lens':                              
                             'verify_by_candidate',                            
                             'temperature': 0.6,                               
                             'permutation':                                    
                             {'seat_index': 1,                                 
                             'shuffled_order': [3, 1,                          
                             0, 2],                                            
                             'shuffled_letter': 'A',                           
                             'canonical_letter':                               
                             'D'}}, {'seat_index': 2,                          
                             'letter': 'D',                                    
                             'confidence': 0.9,                                
                             'procedure_or_lens':                              
                             'estimate_first',                                 
                             'temperature': 0.9,                               
                             'permutation':                                    
                             {'seat_index': 2,                                 
                             'shuffled_order': [2, 3,                          
                             0, 1],                                            
                             'shuffled_letter': 'B',                           
                             'canonical_letter':                               
                             'D'}}, {'seat_index': 3,                          
                             'letter': 'D',                                    
                             'confidence': 0.95,                               
                             'procedure_or_lens':                              
                             'dimensional_analysis',                           
                             'temperature': 0.3,                               
                             'permutation':                                    
                             {'seat_index': 3,                                 
                             'shuffled_order': [3, 1,                          
                             0, 2],                                            
                             'shuffled_letter': 'A',                           
                             'canonical_letter':                               
                             'D'}}, {'seat_index': 4,                          
                             'letter': 'D',                                    
                             'confidence': 0.85,                               
                             'procedure_or_lens':                              
                             'analogy_to_canonical',                           
                             'temperature': 0.6,                               
                             'permutation':                                    
                             {'seat_index': 4,                                 
                             'shuffled_order': [3, 2,                          
                             0, 1],                                            
                             'shuffled_letter': 'A',                           
                             'canonical_letter':                               
                             'D'}}, {'seat_index': 5,                          
                             'letter': 'D',                                    
                             'confidence': 0.7,                                
                             'procedure_or_lens':                              
                             'solve_forward',                                  
                             'temperature': 0.9,                               
                             'permutation':                                    
                             {'seat_index': 5,                                 
                             'shuffled_order': [3, 0,                          
                             2, 1],                                            
                             'shuffled_letter': 'A',                           
                             'canonical_letter':                               
                             'D'}}, {'seat_index': 6,                          
                             'letter': 'D',                                    
                             'confidence': 0.8,                                
                             'procedure_or_lens':                              
                             'verify_by_candidate',                            
                             'temperature': 0.3,                               
                             'permutation':                                    
                             {'seat_index': 6,                                 
                             'shuffled_order': [0, 2,                          
                             1, 3],                                            
                             'shuffled_letter': 'D',                           
                             'canonical_letter':                               
                             'D'}}, {'seat_index': 7,                          
                             'letter': 'D',                                    
                             'confidence': 0.85,                               
                             'procedure_or_lens':                              
                             'estimate_first',                                 
                             'temperature': 0.6,                               
                             'permutation':                                    
                             {'seat_index': 7,                                 
                             'shuffled_order': [3, 1,                          
                             2, 0],                                            
                             'shuffled_letter': 'A',                           
                             'canonical_letter':                               
                             'D'}}, {'seat_index': 8,                          
                             'letter': 'D',                                    
                             'confidence': 0.95,                               
                             'procedure_or_lens':                              
                             'dimensional_analysis',                           
                             'temperature': 0.9,                               
                             'permutation':                                    
                             {'seat_index': 8,                                 
                             'shuffled_order': [0, 2,                          
                             1, 3],                                            
                             'shuffled_letter': 'D',                           
                             'canonical_letter':                               
                             'D'}}], 'unanimous':                              
                             True, 'n_solvers': 9,                             
                             'solver_tier': 'cheap',                           
                             'no_tribunal': True})                             
                             cost=$0.00000                                     
[08/01/26 19:15:24] INFO     recG1ljJQcVy6CbSl        lever_experiments.py:2113
                             [diversified_panel]:                              
                             final=A(correct,                                  
                             escalated=False,                                  
                             {'seat_answers':                                  
                             [{'seat_index': 0,                                
                             'letter': 'A',                                    
                             'confidence': 0.9,                                
                             'procedure_or_lens':                              
                             'solve_forward',                                  
                             'temperature': 0.3,                               
                             'permutation':                                    
                             {'seat_index': 0,                                 
                             'shuffled_order': [2, 1,                          
                             0, 3],                                            
                             'shuffled_letter': 'C',                           
                             'canonical_letter':                               
                             'A'}}, {'seat_index': 1,                          
                             'letter': 'A',                                    
                             'confidence': 0.95,                               
                             'procedure_or_lens':                              
                             'verify_by_candidate',                            
                             'temperature': 0.6,                               
                             'permutation':                                    
                             {'seat_index': 1,                                 
                             'shuffled_order': [2, 3,                          
                             1, 0],                                            
                             'shuffled_letter': 'D',                           
                             'canonical_letter':                               
                             'A'}}, {'seat_index': 2,                          
                             'letter': 'A',                                    
                             'confidence': 0.95,                               
                             'procedure_or_lens':                              
                             'estimate_first',                                 
                             'temperature': 0.9,                               
                             'permutation':                                    
                             {'seat_index': 2,                                 
                             'shuffled_order': [3, 2,                          
                             0, 1],                                            
                             'shuffled_letter': 'C',                           
                             'canonical_letter':                               
                             'A'}}, {'seat_index': 3,                          
                             'letter': 'A',                                    
                             'confidence': 0.95,                               
                             'procedure_or_lens':                              
                             'dimensional_analysis',                           
                             'temperature': 0.3,                               
                             'permutation':                                    
                             {'seat_index': 3,                                 
                             'shuffled_order': [1, 0,                          
                             3, 2],                                            
                             'shuffled_letter': 'B',                           
                             'canonical_letter':                               
                             'A'}}, {'seat_index': 4,                          
                             'letter': 'A',                                    
                             'confidence': 0.9,                                
                             'procedure_or_lens':                              
                             'analogy_to_canonical',                           
                             'temperature': 0.6,                               
                             'permutation':                                    
                             {'seat_index': 4,                                 
                             'shuffled_order': [3, 0,                          
                             1, 2],                                            
                             'shuffled_letter': 'B',                           
                             'canonical_letter':                               
                             'A'}}, {'seat_index': 5,                          
                             'letter': 'A',                                    
                             'confidence': 0.95,                               
                             'procedure_or_lens':                              
                             'solve_forward',                                  
                             'temperature': 0.9,                               
                             'permutation':                                    
                             {'seat_index': 5,                                 
                             'shuffled_order': [1, 2,                          
                             3, 0],                                            
                             'shuffled_letter': 'D',                           
                             'canonical_letter':                               
                             'A'}}, {'seat_index': 6,                          
                             'letter': 'A',                                    
                             'confidence': 1.0,                                
                             'procedure_or_lens':                              
                             'verify_by_candidate',                            
                             'temperature': 0.3,                               
                             'permutation':                                    
                             {'seat_index': 6,                                 
                             'shuffled_order': [1, 3,                          
                             2, 0],                                            
                             'shuffled_letter': 'D',                           
                             'canonical_letter':                               
                             'A'}}, {'seat_index': 7,                          
                             'letter': 'A',                                    
                             'confidence': 0.95,                               
                             'procedure_or_lens':                              
                             'estimate_first',                                 
                             'temperature': 0.6,                               
                             'permutation':                                    
                             {'seat_index': 7,                                 
                             'shuffled_order': [3, 1,                          
                             2, 0],                                            
                             'shuffled_letter': 'D',                           
                             'canonical_letter':                               
                             'A'}}, {'seat_index': 8,                          
                             'letter': 'A',                                    
                             'confidence': 0.95,                               
                             'procedure_or_lens':                              
                             'dimensional_analysis',                           
                             'temperature': 0.9,                               
                             'permutation':                                    
                             {'seat_index': 8,                                 
                             'shuffled_order': [1, 0,                          
                             2, 3],                                            
                             'shuffled_letter': 'B',                           
                             'canonical_letter':                               
                             'A'}}], 'unanimous':                              
                             True, 'n_solvers': 9,                             
                             'solver_tier': 'cheap',                           
                             'no_tribunal': True})                             
                             cost=$0.00000                                     
                    INFO     recGee5m84dg5FZkc        lever_experiments.py:2113
                             [diversified_panel]:                              
                             final=A(wrong,                                    
                             escalated=False,                                  
                             {'seat_answers':                                  
                             [{'seat_index': 0,                                
                             'letter': 'A',                                    
                             'confidence': 0.85,                               
                             'procedure_or_lens':                              
                             'solve_forward',                                  
                             'temperature': 0.3,                               
                             'permutation':                                    
                             {'seat_index': 0,                                 
                             'shuffled_order': [3, 0,                          
                             1, 2],                                            
                             'shuffled_letter': 'B',                           
                             'canonical_letter':                               
                             'A'}}, {'seat_index': 1,                          
                             'letter': 'D',                                    
                             'confidence': 0.85,                               
                             'procedure_or_lens':                              
                             'verify_by_candidate',                            
                             'temperature': 0.6,                               
                             'permutation':                                    
                             {'seat_index': 1,                                 
                             'shuffled_order': [1, 2,                          
                             3, 0],                                            
                             'shuffled_letter': 'C',                           
                             'canonical_letter':                               
                             'D'}}, {'seat_index': 2,                          
                             'letter': 'D',                                    
                             'confidence': 0.85,                               
                             'procedure_or_lens':                              
                             'estimate_first',                                 
                             'temperature': 0.9,                               
                             'permutation':                                    
                             {'seat_index': 2,                                 
                             'shuffled_order': [2, 3,                          
                             1, 0],                                            
                             'shuffled_letter': 'B',                           
                             'canonical_letter':                               
                             'D'}}, {'seat_index': 3,                          
                             'letter': 'D',                                    
                             'confidence': 0.9,                                
                             'procedure_or_lens':                              
                             'dimensional_analysis',                           
                             'temperature': 0.3,                               
                             'permutation':                                    
                             {'seat_index': 3,                                 
                             'shuffled_order': [3, 1,                          
                             2, 0],                                            
                             'shuffled_letter': 'A',                           
                             'canonical_letter':                               
                             'D'}}, {'seat_index': 4,                          
                             'letter': 'A',                                    
                             'confidence': 0.85,                               
                             'procedure_or_lens':                              
                             'analogy_to_canonical',                           
                             'temperature': 0.6,                               
                             'permutation':                                    
                             {'seat_index': 4,                                 
                             'shuffled_order': [1, 0,                          
                             3, 2],                                            
                             'shuffled_letter': 'B',                           
                             'canonical_letter':                               
                             'A'}}, {'seat_index': 5,                          
                             'letter': 'A',                                    
                             'confidence': 0.85,                               
                             'procedure_or_lens':                              
                             'solve_forward',                                  
                             'temperature': 0.9,                               
                             'permutation':                                    
                             {'seat_index': 5,                                 
                             'shuffled_order': [0, 3,                          
                             1, 2],                                            
                             'shuffled_letter': 'A',                           
                             'canonical_letter':                               
                             'A'}}, {'seat_index': 6,                          
                             'letter': 'A',                                    
                             'confidence': 0.6,                                
                             'procedure_or_lens':                              
                             'verify_by_candidate',                            
                             'temperature': 0.3,                               
                             'permutation':                                    
                             {'seat_index': 6,                                 
                             'shuffled_order': [1, 3,                          
                             2, 0],                                            
                             'shuffled_letter': 'D',                           
                             'canonical_letter':                               
                             'A'}}, {'seat_index': 7,                          
                             'letter': 'A',                                    
                             'confidence': 0.85,                               
                             'procedure_or_lens':                              
                             'estimate_first',                                 
                             'temperature': 0.6,                               
                             'permutation':                                    
                             {'seat_index': 7,                                 
                             'shuffled_order': [0, 3,                          
                             2, 1],                                            
                             'shuffled_letter': 'A',                           
                             'canonical_letter':                               
                             'A'}}, {'seat_index': 8,                          
                             'letter': 'D',                                    
                             'confidence': 0.85,                               
                             'procedure_or_lens':                              
                             'dimensional_analysis',                           
                             'temperature': 0.9,                               
                             'permutation':                                    
                             {'seat_index': 8,                                 
                             'shuffled_order': [3, 1,                          
                             0, 2],                                            
                             'shuffled_letter': 'A',                           
                             'canonical_letter':                               
                             'D'}}], 'unanimous':                              
                             False, 'n_solvers': 9,                            
                             'solver_tier': 'cheap',                           
                             'no_tribunal': True})                             
                             cost=$0.00000                                     
[08/01/26 19:15:27] INFO     reczQ4I0VpENdMtIj        lever_experiments.py:2113
                             [diversified_panel]:                              
                             final=C(wrong,                                    
                             escalated=False,                                  
                             {'seat_answers':                                  
                             [{'seat_index': 0,                                
                             'letter': 'D',                                    
                             'confidence': 0.85,                               
                             'procedure_or_lens':                              
                             'solve_forward',                                  
                             'temperature': 0.3,                               
                             'permutation':                                    
                             {'seat_index': 0,                                 
                             'shuffled_order': [2, 3,                          
                             1, 0],                                            
                             'shuffled_letter': 'B',                           
                             'canonical_letter':                               
                             'D'}}, {'seat_index': 1,                          
                             'letter': 'C',                                    
                             'confidence': 0.7,                                
                             'procedure_or_lens':                              
                             'verify_by_candidate',                            
                             'temperature': 0.6,                               
                             'permutation':                                    
                             {'seat_index': 1,                                 
                             'shuffled_order': [2, 0,                          
                             1, 3],                                            
                             'shuffled_letter': 'A',                           
                             'canonical_letter':                               
                             'C'}}, {'seat_index': 2,                          
                             'letter': 'C',                                    
                             'confidence': 0.95,                               
                             'procedure_or_lens':                              
                             'estimate_first',                                 
                             'temperature': 0.9,                               
                             'permutation':                                    
                             {'seat_index': 2,                                 
                             'shuffled_order': [0, 3,                          
                             1, 2],                                            
                             'shuffled_letter': 'D',                           
                             'canonical_letter':                               
                             'C'}}, {'seat_index': 3,                          
                             'letter': 'D',                                    
                             'confidence': 0.85,                               
                             'procedure_or_lens':                              
                             'dimensional_analysis',                           
                             'temperature': 0.3,                               
                             'permutation':                                    
                             {'seat_index': 3,                                 
                             'shuffled_order': [2, 3,                          
                             0, 1],                                            
                             'shuffled_letter': 'B',                           
                             'canonical_letter':                               
                             'D'}}, {'seat_index': 4,                          
                             'letter': 'C',                                    
                             'confidence': 0.85,                               
                             'procedure_or_lens':                              
                             'analogy_to_canonical',                           
                             'temperature': 0.6,                               
                             'permutation':                                    
                             {'seat_index': 4,                                 
                             'shuffled_order': [2, 0,                          
                             1, 3],                                            
                             'shuffled_letter': 'A',                           
                             'canonical_letter':                               
                             'C'}}, {'seat_index': 5,                          
                             'letter': 'C',                                    
                             'confidence': 0.9,                                
                             'procedure_or_lens':                              
                             'solve_forward',                                  
                             'temperature': 0.9,                               
                             'permutation':                                    
                             {'seat_index': 5,                                 
                             'shuffled_order': [3, 0,                          
                             1, 2],                                            
                             'shuffled_letter': 'D',                           
                             'canonical_letter':                               
                             'C'}}, {'seat_index': 6,                          
                             'letter': 'C',                                    
                             'confidence': 0.85,                               
                             'procedure_or_lens':                              
                             'verify_by_candidate',                            
                             'temperature': 0.3,                               
                             'permutation':                                    
                             {'seat_index': 6,                                 
                             'shuffled_order': [1, 2,                          
                             3, 0],                                            
                             'shuffled_letter': 'B',                           
                             'canonical_letter':                               
                             'C'}}, {'seat_index': 7,                          
                             'letter': 'C',                                    
                             'confidence': 0.9,                                
                             'procedure_or_lens':                              
                             'estimate_first',                                 
                             'temperature': 0.6,                               
                             'permutation':                                    
                             {'seat_index': 7,                                 
                             'shuffled_order': [1, 3,                          
                             0, 2],                                            
                             'shuffled_letter': 'D',                           
                             'canonical_letter':                               
                             'C'}}, {'seat_index': 8,                          
                             'letter': 'C',                                    
                             'confidence': 0.9,                                
                             'procedure_or_lens':                              
                             'dimensional_analysis',                           
                             'temperature': 0.9,                               
                             'permutation':                                    
                             {'seat_index': 8,                                 
                             'shuffled_order': [0, 3,                          
                             2, 1],                                            
                             'shuffled_letter': 'C',                           
                             'canonical_letter':                               
                             'C'}}], 'unanimous':                              
                             False, 'n_solvers': 9,                            
                             'solver_tier': 'cheap',                           
                             'no_tribunal': True})                             
                             cost=$0.00000                                     
[08/01/26 19:15:33] INFO     recgXxEgllSGEpELP        lever_experiments.py:2113
                             [diversified_panel]:                              
                             final=A(correct,                                  
                             escalated=False,                                  
                             {'seat_answers':                                  
                             [{'seat_index': 0,                                
                             'letter': 'A',                                    
                             'confidence': 0.95,                               
                             'procedure_or_lens':                              
                             'solve_forward',                                  
                             'temperature': 0.3,                               
                             'permutation':                                    
                             {'seat_index': 0,                                 
                             'shuffled_order': [0, 1,                          
                             2, 3],                                            
                             'shuffled_letter': 'A',                           
                             'canonical_letter':                               
                             'A'}}, {'seat_index': 1,                          
                             'letter': 'A',                                    
                             'confidence': 0.95,                               
                             'procedure_or_lens':                              
                             'verify_by_candidate',                            
                             'temperature': 0.6,                               
                             'permutation':                                    
                             {'seat_index': 1,                                 
                             'shuffled_order': [2, 0,                          
                             1, 3],                                            
                             'shuffled_letter': 'B',                           
                             'canonical_letter':                               
                             'A'}}, {'seat_index': 2,                          
                             'letter': 'C',                                    
                             'confidence': 0.9,                                
                             'procedure_or_lens':                              
                             'estimate_first',                                 
                             'temperature': 0.9,                               
                             'permutation':                                    
                             {'seat_index': 2,                                 
                             'shuffled_order': [1, 3,                          
                             0, 2],                                            
                             'shuffled_letter': 'D',                           
                             'canonical_letter':                               
                             'C'}}, {'seat_index': 3,                          
                             'letter': 'A',                                    
                             'confidence': 0.9,                                
                             'procedure_or_lens':                              
                             'dimensional_analysis',                           
                             'temperature': 0.3,                               
                             'permutation':                                    
                             {'seat_index': 3,                                 
                             'shuffled_order': [1, 2,                          
                             3, 0],                                            
                             'shuffled_letter': 'D',                           
                             'canonical_letter':                               
                             'A'}}, {'seat_index': 4,                          
                             'letter': 'A',                                    
                             'confidence': 0.95,                               
                             'procedure_or_lens':                              
                             'analogy_to_canonical',                           
                             'temperature': 0.6,                               
                             'permutation':                                    
                             {'seat_index': 4,                                 
                             'shuffled_order': [0, 1,                          
                             3, 2],                                            
                             'shuffled_letter': 'A',                           
                             'canonical_letter':                               
                             'A'}}, {'seat_index': 5,                          
                             'letter': 'A',                                    
                             'confidence': 0.6,                                
                             'procedure_or_lens':                              
                             'solve_forward',                                  
                             'temperature': 0.9,                               
                             'permutation':                                    
                             {'seat_index': 5,                                 
                             'shuffled_order': [1, 0,                          
                             3, 2],                                            
                             'shuffled_letter': 'B',                           
                             'canonical_letter':                               
                             'A'}}, {'seat_index': 6,                          
                             'letter': 'A',                                    
                             'confidence': 0.9,                                
                             'procedure_or_lens':                              
                             'verify_by_candidate',                            
                             'temperature': 0.3,                               
                             'permutation':                                    
                             {'seat_index': 6,                                 
                             'shuffled_order': [1, 0,                          
                             3, 2],                                            
                             'shuffled_letter': 'B',                           
                             'canonical_letter':                               
                             'A'}}, {'seat_index': 7,                          
                             'letter': 'A',                                    
                             'confidence': 0.95,                               
                             'procedure_or_lens':                              
                             'estimate_first',                                 
                             'temperature': 0.6,                               
                             'permutation':                                    
                             {'seat_index': 7,                                 
                             'shuffled_order': [1, 2,                          
                             3, 0],                                            
                             'shuffled_letter': 'D',                           
                             'canonical_letter':                               
                             'A'}}, {'seat_index': 8,                          
                             'letter': 'A',                                    
                             'confidence': 0.8,                                
                             'procedure_or_lens':                              
                             'dimensional_analysis',                           
                             'temperature': 0.9,                               
                             'permutation':                                    
                             {'seat_index': 8,                                 
                             'shuffled_order': [2, 3,                          
                             1, 0],                                            
                             'shuffled_letter': 'D',                           
                             'canonical_letter':                               
                             'A'}}], 'unanimous':                              
                             False, 'n_solvers': 9,                            
                             'solver_tier': 'cheap',                           
                             'no_tribunal': True})                             
                             cost=$0.00000                                     
[08/01/26 19:15:36] INFO     recD8oX1KevFbl7bL        lever_experiments.py:2113
                             [diversified_panel]:                              
                             final=A(correct,                                  
                             escalated=False,                                  
                             {'seat_answers':                                  
                             [{'seat_index': 0,                                
                             'letter': 'D',                                    
                             'confidence': 0.9,                                
                             'procedure_or_lens':                              
                             'solve_forward',                                  
                             'temperature': 0.3,                               
                             'permutation':                                    
                             {'seat_index': 0,                                 
                             'shuffled_order': [1, 2,                          
                             0, 3],                                            
                             'shuffled_letter': 'D',                           
                             'canonical_letter':                               
                             'D'}}, {'seat_index': 1,                          
                             'letter': 'A',                                    
                             'confidence': 0.9,                                
                             'procedure_or_lens':                              
                             'verify_by_candidate',                            
                             'temperature': 0.6,                               
                             'permutation':                                    
                             {'seat_index': 1,                                 
                             'shuffled_order': [1, 3,                          
                             2, 0],                                            
                             'shuffled_letter': 'D',                           
                             'canonical_letter':                               
                             'A'}}, {'seat_index': 2,                          
                             'letter': 'A',                                    
                             'confidence': 0.95,                               
                             'procedure_or_lens':                              
                             'estimate_first',                                 
                             'temperature': 0.9,                               
                             'permutation':                                    
                             {'seat_index': 2,                                 
                             'shuffled_order': [1, 3,                          
                             2, 0],                                            
                             'shuffled_letter': 'D',                           
                             'canonical_letter':                               
                             'A'}}, {'seat_index': 3,                          
                             'letter': 'A',                                    
                             'confidence': 0.85,                               
                             'procedure_or_lens':                              
                             'dimensional_analysis',                           
                             'temperature': 0.3,                               
                             'permutation':                                    
                             {'seat_index': 3,                                 
                             'shuffled_order': [0, 2,                          
                             3, 1],                                            
                             'shuffled_letter': 'A',                           
                             'canonical_letter':                               
                             'A'}}, {'seat_index': 4,                          
                             'letter': 'A',                                    
                             'confidence': 0.9,                                
                             'procedure_or_lens':                              
                             'analogy_to_canonical',                           
                             'temperature': 0.6,                               
                             'permutation':                                    
                             {'seat_index': 4,                                 
                             'shuffled_order': [2, 0,                          
                             1, 3],                                            
                             'shuffled_letter': 'B',                           
                             'canonical_letter':                               
                             'A'}}, {'seat_index': 5,                          
                             'letter': 'A',                                    
                             'confidence': 0.9,                                
                             'procedure_or_lens':                              
                             'solve_forward',                                  
                             'temperature': 0.9,                               
                             'permutation':                                    
                             {'seat_index': 5,                                 
                             'shuffled_order': [2, 3,                          
                             0, 1],                                            
                             'shuffled_letter': 'C',                           
                             'canonical_letter':                               
                             'A'}}, {'seat_index': 6,                          
                             'letter': 'A',                                    
                             'confidence': 0.95,                               
                             'procedure_or_lens':                              
                             'verify_by_candidate',                            
                             'temperature': 0.3,                               
                             'permutation':                                    
                             {'seat_index': 6,                                 
                             'shuffled_order': [3, 0,                          
                             2, 1],                                            
                             'shuffled_letter': 'B',                           
                             'canonical_letter':                               
                             'A'}}, {'seat_index': 7,                          
                             'letter': 'A',                                    
                             'confidence': 0.9,                                
                             'procedure_or_lens':                              
                             'estimate_first',                                 
                             'temperature': 0.6,                               
                             'permutation':                                    
                             {'seat_index': 7,                                 
                             'shuffled_order': [1, 3,                          
                             2, 0],                                            
                             'shuffled_letter': 'D',                           
                             'canonical_letter':                               
                             'A'}}, {'seat_index': 8,                          
                             'letter': 'A',                                    
                             'confidence': 0.95,                               
                             'procedure_or_lens':                              
                             'dimensional_analysis',                           
                             'temperature': 0.9,                               
                             'permutation':                                    
                             {'seat_index': 8,                                 
                             'shuffled_order': [2, 0,                          
                             1, 3],                                            
                             'shuffled_letter': 'B',                           
                             'canonical_letter':                               
                             'A'}}], 'unanimous':                              
                             False, 'n_solvers': 9,                            
                             'solver_tier': 'cheap',                           
                             'no_tribunal': True})                             
                             cost=$0.00000                                     
[08/01/26 19:15:38] INFO     recNu3MXkvWUzHZr9        lever_experiments.py:2113
                             [diversified_panel]:                              
                             final=C(correct,                                  
                             escalated=False,                                  
                             {'seat_answers':                                  
                             [{'seat_index': 0,                                
                             'letter': 'A',                                    
                             'confidence': 0.9,                                
                             'procedure_or_lens':                              
                             'solve_forward',                                  
                             'temperature': 0.3,                               
                             'permutation':                                    
                             {'seat_index': 0,                                 
                             'shuffled_order': [0, 3,                          
                             1, 2],                                            
                             'shuffled_letter': 'A',                           
                             'canonical_letter':                               
                             'A'}}, {'seat_index': 1,                          
                             'letter': 'C',                                    
                             'confidence': 0.85,                               
                             'procedure_or_lens':                              
                             'verify_by_candidate',                            
                             'temperature': 0.6,                               
                             'permutation':                                    
                             {'seat_index': 1,                                 
                             'shuffled_order': [0, 2,                          
                             1, 3],                                            
                             'shuffled_letter': 'B',                           
                             'canonical_letter':                               
                             'C'}}, {'seat_index': 2,                          
                             'letter': 'B',                                    
                             'confidence': 0.85,                               
                             'procedure_or_lens':                              
                             'estimate_first',                                 
                             'temperature': 0.9,                               
                             'permutation':                                    
                             {'seat_index': 2,                                 
                             'shuffled_order': [1, 3,                          
                             2, 0],                                            
                             'shuffled_letter': 'A',                           
                             'canonical_letter':                               
                             'B'}}, {'seat_index': 3,                          
                             'letter': 'A',                                    
                             'confidence': 0.8,                                
                             'procedure_or_lens':                              
                             'dimensional_analysis',                           
                             'temperature': 0.3,                               
                             'permutation':                                    
                             {'seat_index': 3,                                 
                             'shuffled_order': [3, 0,                          
                             1, 2],                                            
                             'shuffled_letter': 'B',                           
                             'canonical_letter':                               
                             'A'}}, {'seat_index': 4,                          
                             'letter': 'C',                                    
                             'confidence': 0.85,                               
                             'procedure_or_lens':                              
                             'analogy_to_canonical',                           
                             'temperature': 0.6,                               
                             'permutation':                                    
                             {'seat_index': 4,                                 
                             'shuffled_order': [1, 2,                          
                             3, 0],                                            
                             'shuffled_letter': 'B',                           
                             'canonical_letter':                               
                             'C'}}, {'seat_index': 5,                          
                             'letter': 'C',                                    
                             'confidence': 0.95,                               
                             'procedure_or_lens':                              
                             'solve_forward',                                  
                             'temperature': 0.9,                               
                             'permutation':                                    
                             {'seat_index': 5,                                 
                             'shuffled_order': [1, 2,                          
                             0, 3],                                            
                             'shuffled_letter': 'B',                           
                             'canonical_letter':                               
                             'C'}}, {'seat_index': 6,                          
                             'letter': 'C',                                    
                             'confidence': 0.85,                               
                             'procedure_or_lens':                              
                             'verify_by_candidate',                            
                             'temperature': 0.3,                               
                             'permutation':                                    
                             {'seat_index': 6,                                 
                             'shuffled_order': [2, 1,                          
                             3, 0],                                            
                             'shuffled_letter': 'A',                           
                             'canonical_letter':                               
                             'C'}}, {'seat_index': 7,                          
                             'letter': 'B',                                    
                             'confidence': 0.85,                               
                             'procedure_or_lens':                              
                             'estimate_first',                                 
                             'temperature': 0.6,                               
                             'permutation':                                    
                             {'seat_index': 7,                                 
                             'shuffled_order': [0, 2,                          
                             1, 3],                                            
                             'shuffled_letter': 'C',                           
                             'canonical_letter':                               
                             'B'}}, {'seat_index': 8,                          
                             'letter': 'C',                                    
                             'confidence': 0.9,                                
                             'procedure_or_lens':                              
                             'dimensional_analysis',                           
                             'temperature': 0.9,                               
                             'permutation':                                    
                             {'seat_index': 8,                                 
                             'shuffled_order': [0, 3,                          
                             2, 1],                                            
                             'shuffled_letter': 'C',                           
                             'canonical_letter':                               
                             'C'}}], 'unanimous':                              
                             False, 'n_solvers': 9,                            
                             'solver_tier': 'cheap',                           
                             'no_tribunal': True})                             
                             cost=$0.00000                                     
[08/01/26 19:15:42] INFO     rec0yTRmO1o1xCA6H        lever_experiments.py:2113
                             [diversified_panel]:                              
                             final=D(wrong,                                    
                             escalated=False,                                  
                             {'seat_answers':                                  
                             [{'seat_index': 0,                                
                             'letter': 'D',                                    
                             'confidence': 1.0,                                
                             'procedure_or_lens':                              
                             'solve_forward',                                  
                             'temperature': 0.3,                               
                             'permutation':                                    
                             {'seat_index': 0,                                 
                             'shuffled_order': [2, 1,                          
                             3, 0],                                            
                             'shuffled_letter': 'C',                           
                             'canonical_letter':                               
                             'D'}}, {'seat_index': 1,                          
                             'letter': 'D',                                    
                             'confidence': 1.0,                                
                             'procedure_or_lens':                              
                             'verify_by_candidate',                            
                             'temperature': 0.6,                               
                             'permutation':                                    
                             {'seat_index': 1,                                 
                             'shuffled_order': [1, 2,                          
                             3, 0],                                            
                             'shuffled_letter': 'C',                           
                             'canonical_letter':                               
                             'D'}}, {'seat_index': 2,                          
                             'letter': 'D',                                    
                             'confidence': 1.0,                                
                             'procedure_or_lens':                              
                             'estimate_first',                                 
                             'temperature': 0.9,                               
                             'permutation':                                    
                             {'seat_index': 2,                                 
                             'shuffled_order': [1, 0,                          
                             2, 3],                                            
                             'shuffled_letter': 'D',                           
                             'canonical_letter':                               
                             'D'}}, {'seat_index': 3,                          
                             'letter': 'D',                                    
                             'confidence': 1.0,                                
                             'procedure_or_lens':                              
                             'dimensional_analysis',                           
                             'temperature': 0.3,                               
                             'permutation':                                    
                             {'seat_index': 3,                                 
                             'shuffled_order': [3, 1,                          
                             0, 2],                                            
                             'shuffled_letter': 'A',                           
                             'canonical_letter':                               
                             'D'}}, {'seat_index': 4,                          
                             'letter': 'D',                                    
                             'confidence': 0.95,                               
                             'procedure_or_lens':                              
                             'analogy_to_canonical',                           
                             'temperature': 0.6,                               
                             'permutation':                                    
                             {'seat_index': 4,                                 
                             'shuffled_order': [3, 2,                          
                             1, 0],                                            
                             'shuffled_letter': 'A',                           
                             'canonical_letter':                               
                             'D'}}, {'seat_index': 5,                          
                             'letter': 'D',                                    
                             'confidence': 1.0,                                
                             'procedure_or_lens':                              
                             'solve_forward',                                  
                             'temperature': 0.9,                               
                             'permutation':                                    
                             {'seat_index': 5,                                 
                             'shuffled_order': [2, 0,                          
                             3, 1],                                            
                             'shuffled_letter': 'C',                           
                             'canonical_letter':                               
                             'D'}}, {'seat_index': 6,                          
                             'letter': 'D',                                    
                             'confidence': 0.95,                               
                             'procedure_or_lens':                              
                             'verify_by_candidate',                            
                             'temperature': 0.3,                               
                             'permutation':                                    
                             {'seat_index': 6,                                 
                             'shuffled_order': [3, 0,                          
                             2, 1],                                            
                             'shuffled_letter': 'A',                           
                             'canonical_letter':                               
                             'D'}}, {'seat_index': 7,                          
                             'letter': 'D',                                    
                             'confidence': 1.0,                                
                             'procedure_or_lens':                              
                             'estimate_first',                                 
                             'temperature': 0.6,                               
                             'permutation':                                    
                             {'seat_index': 7,                                 
                             'shuffled_order': [3, 2,                          
                             0, 1],                                            
                             'shuffled_letter': 'A',                           
                             'canonical_letter':                               
                             'D'}}, {'seat_index': 8,                          
                             'letter': 'D',                                    
                             'confidence': 0.95,                               
                             'procedure_or_lens':                              
                             'dimensional_analysis',                           
                             'temperature': 0.9,                               
                             'permutation':                                    
                             {'seat_index': 8,                                 
                             'shuffled_order': [1, 3,                          
                             0, 2],                                            
                             'shuffled_letter': 'B',                           
                             'canonical_letter':                               
                             'D'}}], 'unanimous':                              
                             True, 'n_solvers': 9,                             
                             'solver_tier': 'cheap',                           
                             'no_tribunal': True})                             
                             cost=$0.00000                                     
[08/01/26 19:15:45] INFO     reckl6PkaEMWM50yZ        lever_experiments.py:2113
                             [diversified_panel]:                              
                             final=A(wrong,                                    
                             escalated=False,                                  
                             {'seat_answers':                                  
                             [{'seat_index': 0,                                
                             'letter': 'A',                                    
                             'confidence': 0.85,                               
                             'procedure_or_lens':                              
                             'solve_forward',                                  
                             'temperature': 0.3,                               
                             'permutation':                                    
                             {'seat_index': 0,                                 
                             'shuffled_order': [2, 0,                          
                             3, 1],                                            
                             'shuffled_letter': 'B',                           
                             'canonical_letter':                               
                             'A'}}, {'seat_index': 1,                          
                             'letter': 'A',                                    
                             'confidence': 0.6,                                
                             'procedure_or_lens':                              
                             'verify_by_candidate',                            
                             'temperature': 0.6,                               
                             'permutation':                                    
                             {'seat_index': 1,                                 
                             'shuffled_order': [2, 3,                          
                             1, 0],                                            
                             'shuffled_letter': 'D',                           
                             'canonical_letter':                               
                             'A'}}, {'seat_index': 2,                          
                             'letter': 'A',                                    
                             'confidence': 0.8,                                
                             'procedure_or_lens':                              
                             'estimate_first',                                 
                             'temperature': 0.9,                               
                             'permutation':                                    
                             {'seat_index': 2,                                 
                             'shuffled_order': [0, 1,                          
                             2, 3],                                            
                             'shuffled_letter': 'A',                           
                             'canonical_letter':                               
                             'A'}}, {'seat_index': 3,                          
                             'letter': 'A',                                    
                             'confidence': 0.85,                               
                             'procedure_or_lens':                              
                             'dimensional_analysis',                           
                             'temperature': 0.3,                               
                             'permutation':                                    
                             {'seat_index': 3,                                 
                             'shuffled_order': [2, 0,                          
                             3, 1],                                            
                             'shuffled_letter': 'B',                           
                             'canonical_letter':                               
                             'A'}}, {'seat_index': 4,                          
                             'letter': 'A',                                    
                             'confidence': 0.75,                               
                             'procedure_or_lens':                              
                             'analogy_to_canonical',                           
                             'temperature': 0.6,                               
                             'permutation':                                    
                             {'seat_index': 4,                                 
                             'shuffled_order': [0, 2,                          
                             3, 1],                                            
                             'shuffled_letter': 'A',                           
                             'canonical_letter':                               
                             'A'}}, {'seat_index': 5,                          
                             'letter': 'B',                                    
                             'confidence': 0.85,                               
                             'procedure_or_lens':                              
                             'solve_forward',                                  
                             'temperature': 0.9,                               
                             'permutation':                                    
                             {'seat_index': 5,                                 
                             'shuffled_order': [1, 0,                          
                             3, 2],                                            
                             'shuffled_letter': 'A',                           
                             'canonical_letter':                               
                             'B'}}, {'seat_index': 6,                          
                             'letter': 'C',                                    
                             'confidence': 0.85,                               
                             'procedure_or_lens':                              
                             'verify_by_candidate',                            
                             'temperature': 0.3,                               
                             'permutation':                                    
                             {'seat_index': 6,                                 
                             'shuffled_order': [0, 1,                          
                             3, 2],                                            
                             'shuffled_letter': 'D',                           
                             'canonical_letter':                               
                             'C'}}, {'seat_index': 7,                          
                             'letter': 'A',                                    
                             'confidence': 0.85,                               
                             'procedure_or_lens':                              
                             'estimate_first',                                 
                             'temperature': 0.6,                               
                             'permutation':                                    
                             {'seat_index': 7,                                 
                             'shuffled_order': [2, 0,                          
                             1, 3],                                            
                             'shuffled_letter': 'B',                           
                             'canonical_letter':                               
                             'A'}}, {'seat_index': 8,                          
                             'letter': 'B',                                    
                             'confidence': 0.8,                                
                             'procedure_or_lens':                              
                             'dimensional_analysis',                           
                             'temperature': 0.9,                               
                             'permutation':                                    
                             {'seat_index': 8,                                 
                             'shuffled_order': [3, 1,                          
                             2, 0],                                            
                             'shuffled_letter': 'B',                           
                             'canonical_letter':                               
                             'B'}}], 'unanimous':                              
                             False, 'n_solvers': 9,                            
                             'solver_tier': 'cheap',                           
                             'no_tribunal': True})                             
                             cost=$0.00000                                     
[08/01/26 19:15:48] INFO     recpJmTOXx6T48nDJ        lever_experiments.py:2113
                             [diversified_panel]:                              
                             final=C(correct,                                  
                             escalated=False,                                  
                             {'seat_answers':                                  
                             [{'seat_index': 0,                                
                             'letter': 'A',                                    
                             'confidence': 0.95,                               
                             'procedure_or_lens':                              
                             'solve_forward',                                  
                             'temperature': 0.3,                               
                             'permutation':                                    
                             {'seat_index': 0,                                 
                             'shuffled_order': [1, 2,                          
                             3, 0],                                            
                             'shuffled_letter': 'D',                           
                             'canonical_letter':                               
                             'A'}}, {'seat_index': 1,                          
                             'letter': 'C',                                    
                             'confidence': 0.95,                               
                             'procedure_or_lens':                              
                             'verify_by_candidate',                            
                             'temperature': 0.6,                               
                             'permutation':                                    
                             {'seat_index': 1,                                 
                             'shuffled_order': [2, 3,                          
                             1, 0],                                            
                             'shuffled_letter': 'A',                           
                             'canonical_letter':                               
                             'C'}}, {'seat_index': 2,                          
                             'letter': 'C',                                    
                             'confidence': 0.95,                               
                             'procedure_or_lens':                              
                             'estimate_first',                                 
                             'temperature': 0.9,                               
                             'permutation':                                    
                             {'seat_index': 2,                                 
                             'shuffled_order': [1, 0,                          
                             3, 2],                                            
                             'shuffled_letter': 'D',                           
                             'canonical_letter':                               
                             'C'}}, {'seat_index': 3,                          
                             'letter': 'B',                                    
                             'confidence': 0.95,                               
                             'procedure_or_lens':                              
                             'dimensional_analysis',                           
                             'temperature': 0.3,                               
                             'permutation':                                    
                             {'seat_index': 3,                                 
                             'shuffled_order': [3, 1,                          
                             0, 2],                                            
                             'shuffled_letter': 'B',                           
                             'canonical_letter':                               
                             'B'}}, {'seat_index': 4,                          
                             'letter': 'C',                                    
                             'confidence': 0.85,                               
                             'procedure_or_lens':                              
                             'analogy_to_canonical',                           
                             'temperature': 0.6,                               
                             'permutation':                                    
                             {'seat_index': 4,                                 
                             'shuffled_order': [0, 1,                          
                             3, 2],                                            
                             'shuffled_letter': 'D',                           
                             'canonical_letter':                               
                             'C'}}, {'seat_index': 5,                          
                             'letter': 'B',                                    
                             'confidence': 0.95,                               
                             'procedure_or_lens':                              
                             'solve_forward',                                  
                             'temperature': 0.9,                               
                             'permutation':                                    
                             {'seat_index': 5,                                 
                             'shuffled_order': [1, 3,                          
                             0, 2],                                            
                             'shuffled_letter': 'A',                           
                             'canonical_letter':                               
                             'B'}}, {'seat_index': 6,                          
                             'letter': 'C',                                    
                             'confidence': 0.9,                                
                             'procedure_or_lens':                              
                             'verify_by_candidate',                            
                             'temperature': 0.3,                               
                             'permutation':                                    
                             {'seat_index': 6,                                 
                             'shuffled_order': [3, 1,                          
                             2, 0],                                            
                             'shuffled_letter': 'C',                           
                             'canonical_letter':                               
                             'C'}}, {'seat_index': 7,                          
                             'letter': 'A',                                    
                             'confidence': 0.85,                               
                             'procedure_or_lens':                              
                             'estimate_first',                                 
                             'temperature': 0.6,                               
                             'permutation':                                    
                             {'seat_index': 7,                                 
                             'shuffled_order': [0, 3,                          
                             2, 1],                                            
                             'shuffled_letter': 'A',                           
                             'canonical_letter':                               
                             'A'}}, {'seat_index': 8,                          
                             'letter': 'C',                                    
                             'confidence': 0.95,                               
                             'procedure_or_lens':                              
                             'dimensional_analysis',                           
                             'temperature': 0.9,                               
                             'permutation':                                    
                             {'seat_index': 8,                                 
                             'shuffled_order': [1, 2,                          
                             0, 3],                                            
                             'shuffled_letter': 'B',                           
                             'canonical_letter':                               
                             'C'}}], 'unanimous':                              
                             False, 'n_solvers': 9,                            
                             'solver_tier': 'cheap',                           
                             'no_tribunal': True})                             
                             cost=$0.00000                                     
[08/01/26 19:15:50] INFO     recnjViFrqlZNL3fY        lever_experiments.py:2113
                             [diversified_panel]:                              
                             final=D(correct,                                  
                             escalated=False,                                  
                             {'seat_answers':                                  
                             [{'seat_index': 0,                                
                             'letter': 'D',                                    
                             'confidence': 0.9,                                
                             'procedure_or_lens':                              
                             'solve_forward',                                  
                             'temperature': 0.3,                               
                             'permutation':                                    
                             {'seat_index': 0,                                 
                             'shuffled_order': [2, 3,                          
                             0, 1],                                            
                             'shuffled_letter': 'B',                           
                             'canonical_letter':                               
                             'D'}}, {'seat_index': 1,                          
                             'letter': 'D',                                    
                             'confidence': 0.85,                               
                             'procedure_or_lens':                              
                             'verify_by_candidate',                            
                             'temperature': 0.6,                               
                             'permutation':                                    
                             {'seat_index': 1,                                 
                             'shuffled_order': [0, 2,                          
                             3, 1],                                            
                             'shuffled_letter': 'C',                           
                             'canonical_letter':                               
                             'D'}}, {'seat_index': 2,                          
                             'letter': 'B',                                    
                             'confidence': 0.8,                                
                             'procedure_or_lens':                              
                             'estimate_first',                                 
                             'temperature': 0.9,                               
                             'permutation':                                    
                             {'seat_index': 2,                                 
                             'shuffled_order': [3, 1,                          
                             0, 2],                                            
                             'shuffled_letter': 'B',                           
                             'canonical_letter':                               
                             'B'}}, {'seat_index': 3,                          
                             'letter': 'D',                                    
                             'confidence': 0.85,                               
                             'procedure_or_lens':                              
                             'dimensional_analysis',                           
                             'temperature': 0.3,                               
                             'permutation':                                    
                             {'seat_index': 3,                                 
                             'shuffled_order': [3, 2,                          
                             1, 0],                                            
                             'shuffled_letter': 'A',                           
                             'canonical_letter':                               
                             'D'}}, {'seat_index': 4,                          
                             'letter': 'C',                                    
                             'confidence': 0.85,                               
                             'procedure_or_lens':                              
                             'analogy_to_canonical',                           
                             'temperature': 0.6,                               
                             'permutation':                                    
                             {'seat_index': 4,                                 
                             'shuffled_order': [3, 1,                          
                             0, 2],                                            
                             'shuffled_letter': 'D',                           
                             'canonical_letter':                               
                             'C'}}, {'seat_index': 5,                          
                             'letter': 'B',                                    
                             'confidence': 0.9,                                
                             'procedure_or_lens':                              
                             'solve_forward',                                  
                             'temperature': 0.9,                               
                             'permutation':                                    
                             {'seat_index': 5,                                 
                             'shuffled_order': [3, 1,                          
                             0, 2],                                            
                             'shuffled_letter': 'B',                           
                             'canonical_letter':                               
                             'B'}}, {'seat_index': 6,                          
                             'letter': 'D',                                    
                             'confidence': 0.9,                                
                             'procedure_or_lens':                              
                             'verify_by_candidate',                            
                             'temperature': 0.3,                               
                             'permutation':                                    
                             {'seat_index': 6,                                 
                             'shuffled_order': [3, 0,                          
                             2, 1],                                            
                             'shuffled_letter': 'A',                           
                             'canonical_letter':                               
                             'D'}}, {'seat_index': 7,                          
                             'letter': 'D',                                    
                             'confidence': 0.9,                                
                             'procedure_or_lens':                              
                             'estimate_first',                                 
                             'temperature': 0.6,                               
                             'permutation':                                    
                             {'seat_index': 7,                                 
                             'shuffled_order': [0, 1,                          
                             2, 3],                                            
                             'shuffled_letter': 'D',                           
                             'canonical_letter':                               
                             'D'}}, {'seat_index': 8,                          
                             'letter': 'A',                                    
                             'confidence': 0.85,                               
                             'procedure_or_lens':                              
                             'dimensional_analysis',                           
                             'temperature': 0.9,                               
                             'permutation':                                    
                             {'seat_index': 8,                                 
                             'shuffled_order': [0, 3,                          
                             1, 2],                                            
                             'shuffled_letter': 'A',                           
                             'canonical_letter':                               
                             'A'}}], 'unanimous':                              
                             False, 'n_solvers': 9,                            
                             'solver_tier': 'cheap',                           
                             'no_tribunal': True})                             
                             cost=$0.00000                                     
[08/01/26 19:15:51] INFO     recf6ayQmL1SxKbvW        lever_experiments.py:2113
                             [diversified_panel]:                              
                             final=C(wrong,                                    
                             escalated=False,                                  
                             {'seat_answers':                                  
                             [{'seat_index': 0,                                
                             'letter': 'C',                                    
                             'confidence': 0.9,                                
                             'procedure_or_lens':                              
                             'solve_forward',                                  
                             'temperature': 0.3,                               
                             'permutation':                                    
                             {'seat_index': 0,                                 
                             'shuffled_order': [0, 3,                          
                             2, 1],                                            
                             'shuffled_letter': 'C',                           
                             'canonical_letter':                               
                             'C'}}, {'seat_index': 1,                          
                             'letter': 'C',                                    
                             'confidence': 0.9,                                
                             'procedure_or_lens':                              
                             'verify_by_candidate',                            
                             'temperature': 0.6,                               
                             'permutation':                                    
                             {'seat_index': 1,                                 
                             'shuffled_order': [2, 3,                          
                             0, 1],                                            
                             'shuffled_letter': 'A',                           
                             'canonical_letter':                               
                             'C'}}, {'seat_index': 2,                          
                             'letter': 'C',                                    
                             'confidence': 0.9,                                
                             'procedure_or_lens':                              
                             'estimate_first',                                 
                             'temperature': 0.9,                               
                             'permutation':                                    
                             {'seat_index': 2,                                 
                             'shuffled_order': [1, 3,                          
                             2, 0],                                            
                             'shuffled_letter': 'C',                           
                             'canonical_letter':                               
                             'C'}}, {'seat_index': 3,                          
                             'letter': 'C',                                    
                             'confidence': 0.9,                                
                             'procedure_or_lens':                              
                             'dimensional_analysis',                           
                             'temperature': 0.3,                               
                             'permutation':                                    
                             {'seat_index': 3,                                 
                             'shuffled_order': [2, 0,                          
                             1, 3],                                            
                             'shuffled_letter': 'A',                           
                             'canonical_letter':                               
                             'C'}}, {'seat_index': 4,                          
                             'letter': 'C',                                    
                             'confidence': 0.85,                               
                             'procedure_or_lens':                              
                             'analogy_to_canonical',                           
                             'temperature': 0.6,                               
                             'permutation':                                    
                             {'seat_index': 4,                                 
                             'shuffled_order': [2, 3,                          
                             1, 0],                                            
                             'shuffled_letter': 'A',                           
                             'canonical_letter':                               
                             'C'}}, {'seat_index': 5,                          
                             'letter': 'C',                                    
                             'confidence': 0.9,                                
                             'procedure_or_lens':                              
                             'solve_forward',                                  
                             'temperature': 0.9,                               
                             'permutation':                                    
                             {'seat_index': 5,                                 
                             'shuffled_order': [1, 2,                          
                             0, 3],                                            
                             'shuffled_letter': 'B',                           
                             'canonical_letter':                               
                             'C'}}, {'seat_index': 6,                          
                             'letter': 'C',                                    
                             'confidence': 0.85,                               
                             'procedure_or_lens':                              
                             'verify_by_candidate',                            
                             'temperature': 0.3,                               
                             'permutation':                                    
                             {'seat_index': 6,                                 
                             'shuffled_order': [1, 2,                          
                             3, 0],                                            
                             'shuffled_letter': 'B',                           
                             'canonical_letter':                               
                             'C'}}, {'seat_index': 7,                          
                             'letter': 'C',                                    
                             'confidence': 0.85,                               
                             'procedure_or_lens':                              
                             'estimate_first',                                 
                             'temperature': 0.6,                               
                             'permutation':                                    
                             {'seat_index': 7,                                 
                             'shuffled_order': [0, 1,                          
                             3, 2],                                            
                             'shuffled_letter': 'D',                           
                             'canonical_letter':                               
                             'C'}}, {'seat_index': 8,                          
                             'letter': 'C',                                    
                             'confidence': 0.9,                                
                             'procedure_or_lens':                              
                             'dimensional_analysis',                           
                             'temperature': 0.9,                               
                             'permutation':                                    
                             {'seat_index': 8,                                 
                             'shuffled_order': [0, 2,                          
                             3, 1],                                            
                             'shuffled_letter': 'B',                           
                             'canonical_letter':                               
                             'C'}}], 'unanimous':                              
                             True, 'n_solvers': 9,                             
                             'solver_tier': 'cheap',                           
                             'no_tribunal': True})                             
                             cost=$0.00000                                     
                    INFO     rec9ubQihAh6g9bft        lever_experiments.py:2113
                             [diversified_panel]:                              
                             final=B(wrong,                                    
                             escalated=False,                                  
                             {'seat_answers':                                  
                             [{'seat_index': 0,                                
                             'letter': 'A',                                    
                             'confidence': 0.95,                               
                             'procedure_or_lens':                              
                             'solve_forward',                                  
                             'temperature': 0.3,                               
                             'permutation':                                    
                             {'seat_index': 0,                                 
                             'shuffled_order': [1, 3,                          
                             2, 0],                                            
                             'shuffled_letter': 'D',                           
                             'canonical_letter':                               
                             'A'}}, {'seat_index': 1,                          
                             'letter': 'B',                                    
                             'confidence': 0.9,                                
                             'procedure_or_lens':                              
                             'verify_by_candidate',                            
                             'temperature': 0.6,                               
                             'permutation':                                    
                             {'seat_index': 1,                                 
                             'shuffled_order': [3, 0,                          
                             2, 1],                                            
                             'shuffled_letter': 'D',                           
                             'canonical_letter':                               
                             'B'}}, {'seat_index': 2,                          
                             'letter': 'C',                                    
                             'confidence': 0.8,                                
                             'procedure_or_lens':                              
                             'estimate_first',                                 
                             'temperature': 0.9,                               
                             'permutation':                                    
                             {'seat_index': 2,                                 
                             'shuffled_order': [2, 1,                          
                             0, 3],                                            
                             'shuffled_letter': 'A',                           
                             'canonical_letter':                               
                             'C'}}, {'seat_index': 3,                          
                             'letter': 'B',                                    
                             'confidence': 0.95,                               
                             'procedure_or_lens':                              
                             'dimensional_analysis',                           
                             'temperature': 0.3,                               
                             'permutation':                                    
                             {'seat_index': 3,                                 
                             'shuffled_order': [2, 1,                          
                             0, 3],                                            
                             'shuffled_letter': 'B',                           
                             'canonical_letter':                               
                             'B'}}, {'seat_index': 4,                          
                             'letter': 'C',                                    
                             'confidence': 0.9,                                
                             'procedure_or_lens':                              
                             'analogy_to_canonical',                           
                             'temperature': 0.6,                               
                             'permutation':                                    
                             {'seat_index': 4,                                 
                             'shuffled_order': [1, 2,                          
                             0, 3],                                            
                             'shuffled_letter': 'B',                           
                             'canonical_letter':                               
                             'C'}}, {'seat_index': 5,                          
                             'letter': 'C',                                    
                             'confidence': 0.95,                               
                             'procedure_or_lens':                              
                             'solve_forward',                                  
                             'temperature': 0.9,                               
                             'permutation':                                    
                             {'seat_index': 5,                                 
                             'shuffled_order': [2, 0,                          
                             1, 3],                                            
                             'shuffled_letter': 'A',                           
                             'canonical_letter':                               
                             'C'}}, {'seat_index': 6,                          
                             'letter': 'B',                                    
                             'confidence': 0.9,                                
                             'procedure_or_lens':                              
                             'verify_by_candidate',                            
                             'temperature': 0.3,                               
                             'permutation':                                    
                             {'seat_index': 6,                                 
                             'shuffled_order': [3, 0,                          
                             1, 2],                                            
                             'shuffled_letter': 'C',                           
                             'canonical_letter':                               
                             'B'}}, {'seat_index': 7,                          
                             'letter': 'C',                                    
                             'confidence': 0.85,                               
                             'procedure_or_lens':                              
                             'estimate_first',                                 
                             'temperature': 0.6,                               
                             'permutation':                                    
                             {'seat_index': 7,                                 
                             'shuffled_order': [2, 0,                          
                             1, 3],                                            
                             'shuffled_letter': 'A',                           
                             'canonical_letter':                               
                             'C'}}, {'seat_index': 8,                          
                             'letter': 'B',                                    
                             'confidence': 0.9,                                
                             'procedure_or_lens':                              
                             'dimensional_analysis',                           
                             'temperature': 0.9,                               
                             'permutation':                                    
                             {'seat_index': 8,                                 
                             'shuffled_order': [1, 3,                          
                             0, 2],                                            
                             'shuffled_letter': 'A',                           
                             'canonical_letter':                               
                             'B'}}], 'unanimous':                              
                             False, 'n_solvers': 9,                            
                             'solver_tier': 'cheap',                           
                             'no_tribunal': True})                             
                             cost=$0.00000                                     
                    INFO     Wrote 90 results to      lever_experiments.py:2297
                             benchmark\results\KI1BC_                          
                             compute_matched_n9_gpqa_                          
                             seed2311.jsonl                                    
=== STEP 4: universal_gate GPQA seed 3407 ===
Sat Aug  1 19:15:52 MPST 2026
[08/01/26 19:15:55] INFO     HTTP Request: HEAD                 _client.py:1025
                             https://huggingface.co/datasets/Id                
                             avidrein/gpqa/resolve/main/README.                
                             md "HTTP/1.1 200 OK"                              
                    INFO     HTTP Request: HEAD                 _client.py:1025
                             https://huggingface.co/datasets/Id                
                             avidrein/gpqa/resolve/633f5ee89ab8                
                             ad4522a9f850766b73f62147ffdd/gpqa.                
                             py "HTTP/1.1 404 Not Found"                       
[08/01/26 19:15:56] INFO     HTTP Request: HEAD                 _client.py:1025
                             https://s3.amazonaws.com/datasets.                
                             huggingface.co/datasets/datasets/I                
                             davidrein/gpqa/Idavidrein/gpqa.py                 
                             "HTTP/1.1 404 Not Found"                          
                    INFO     HTTP Request: GET                  _client.py:1025
                             https://huggingface.co/api/dataset                
                             s/Idavidrein/gpqa/revision/633f5ee                
                             89ab8ad4522a9f850766b73f62147ffdd                 
                             "HTTP/1.1 200 OK"                                 
                    INFO     HTTP Request: HEAD                 _client.py:1025
                             https://huggingface.co/datasets/Id                
                             avidrein/gpqa/resolve/633f5ee89ab8                
                             ad4522a9f850766b73f62147ffdd/.hugg                
                             ingface.yaml "HTTP/1.1 404 Not                    
                             Found"                                            
[08/01/26 19:15:57] INFO     HTTP Request: GET                  _client.py:1025
                             https://datasets-server.huggingfac                
                             e.co/info?dataset=Idavidrein/gpqa                 
                             "HTTP/1.1 200 OK"                                 
                    INFO     HTTP Request: GET                  _client.py:1025
                             https://huggingface.co/api/dataset                
                             s/Idavidrein/gpqa/tree/633f5ee89ab                
                             8ad4522a9f850766b73f62147ffdd?recu                
                             rsive=false&expand=false "HTTP/1.1                
                             200 OK"                                           
                    INFO     HTTP Request: HEAD                 _client.py:1025
                             https://huggingface.co/datasets/Id                
                             avidrein/gpqa/resolve/633f5ee89ab8                
                             ad4522a9f850766b73f62147ffdd/datas                
                             et_infos.json "HTTP/1.1 404 Not                   
                             Found"                                            
                    INFO     Loaded 90 gpqa questions lever_experiments.py:2228
                             (seed=3407) for                                   
                             lever=universal_gate                              
[08/01/26 19:16:22] INFO     Processing request of type           server.py:733
                             CallToolRequest                                   
                    INFO     Processing request of type           server.py:733
                             ListToolsRequest                                  
                    INFO     Processing request of type           server.py:733
                             CallToolRequest                                   
[08/01/26 19:16:53] INFO     recJJcOHhFeSaRpl4        lever_experiments.py:2113
                             [universal_gate]:                                 
                             final=A(correct,                                  
                             escalated=True,                                   
                             universal-unconditional)                          
                             cost=$0.00000                                     
[08/01/26 19:17:02] INFO     recZWeueB7lSPR6wN        lever_experiments.py:2113
                             [universal_gate]:                                 
                             final=A(wrong,                                    
                             escalated=True)                                   
                             cost=$0.00000                                     
[08/01/26 19:17:18] INFO     Processing request of type           server.py:733
                             CallToolRequest                                   
                    INFO     Processing request of type           server.py:733
                             CallToolRequest                                   
[08/01/26 19:17:42] INFO     recjgMJaMxz4ESDF2        lever_experiments.py:2113
                             [universal_gate]:                                 
                             final=D(correct,                                  
                             escalated=True,                                   
                             universal-unconditional)                          
                             cost=$0.00000                                     
[08/01/26 19:18:01] INFO     recO3hvCWRGiG0odN        lever_experiments.py:2113
                             [universal_gate]:                                 
                             final=C(correct,                                  
                             escalated=True,                                   
                             universal-unconditional)                          
                             cost=$0.00000                                     
[08/01/26 19:18:17] INFO     rec9GugrngvsQR99A        lever_experiments.py:2113
                             [universal_gate]:                                 
                             final=C(correct,                                  
                             escalated=True,                                   
                             universal-unconditional)                          
                             cost=$0.00000                                     
[08/01/26 19:18:19] INFO     rec1oj2DveQWl9Rpw        lever_experiments.py:2113
                             [universal_gate]:                                 
                             final=B(correct,                                  
                             escalated=True,                                   
                             universal-unconditional)                          
                             cost=$0.00000                                     
[08/01/26 19:18:22] INFO     Processing request of type           server.py:733
                             CallToolRequest                                   
                    INFO     Processing request of type           server.py:733
                             CallToolRequest                                   
[08/01/26 19:18:45] INFO     recafnH3RRnMBXEb1        lever_experiments.py:2113
                             [universal_gate]:                                 
                             final=C(correct,                                  
                             escalated=True,                                   
                             universal-unconditional)                          
                             cost=$0.00000                                     
[08/01/26 19:19:00] INFO     reccOKzFNmyqeJ6ry        lever_experiments.py:2113
                             [universal_gate]:                                 
                             final=C(correct,                                  
                             escalated=True,                                   
                             universal-unconditional)                          
                             cost=$0.00000                                     
[08/01/26 19:19:21] INFO     Processing request of type           server.py:733
                             CallToolRequest                                   
[08/01/26 19:19:37] INFO     rec9W28HgpEUeUN8k        lever_experiments.py:2113
                             [universal_gate]:                                 
                             final=C(correct,                                  
                             escalated=True)                                   
                             cost=$0.00000                                     
[08/01/26 19:19:38] INFO     recWPMm91mGDLXONm        lever_experiments.py:2113
                             [universal_gate]:                                 
                             final=B(correct,                                  
                             escalated=True,                                   
                             universal-unconditional)                          
                             cost=$0.00000                                     
[08/01/26 19:19:47] INFO     Processing request of type           server.py:733
                             CallToolRequest                                   
                    INFO     Processing request of type           server.py:733
                             CallToolRequest                                   
[08/01/26 19:19:54] INFO     Processing request of type           server.py:733
                             CallToolRequest                                   
                    INFO     Processing request of type           server.py:733
                             CallToolRequest                                   
[08/01/26 19:19:57] INFO     recb4cGsC6BJUCU3V        lever_experiments.py:2113
                             [universal_gate]:                                 
                             final=B(correct,                                  
                             escalated=True)                                   
                             cost=$0.00000                                     
[08/01/26 19:20:15] INFO     Processing request of type           server.py:733
                             CallToolRequest                                   
                    INFO     Processing request of type           server.py:733
                             CallToolRequest                                   
[08/01/26 19:20:30] INFO     recINGR1z01Fh1Z3A        lever_experiments.py:2113
                             [universal_gate]:                                 
                             final=A(correct,                                  
                             escalated=True,                                   
                             universal-unconditional)                          
                             cost=$0.00000                                     
[08/01/26 19:20:34] INFO     recvZlMbpPz0yLDle        lever_experiments.py:2113
                             [universal_gate]:                                 
                             final=D(correct,                                  
                             escalated=True)                                   
                             cost=$0.00000                                     
[08/01/26 19:20:45] INFO     recPIzpnuYpB4yvmp        lever_experiments.py:2113
                             [universal_gate]:                                 
                             final=B(correct,                                  
                             escalated=True,                                   
                             universal-unconditional)                          
                             cost=$0.00000                                     
[08/01/26 19:20:47] INFO     Processing request of type           server.py:733
                             CallToolRequest                                   
                    INFO     Processing request of type           server.py:733
                             CallToolRequest                                   
[08/01/26 19:21:00] INFO     Processing request of type           server.py:733
                             CallToolRequest                                   
                    INFO     Processing request of type           server.py:733
                             CallToolRequest                                   
[08/01/26 19:21:09] INFO     recWzUUYBN0NuXO2k        lever_experiments.py:2113
                             [universal_gate]:                                 
                             final=A(correct,                                  
                             escalated=True,                                   
                             universal-unconditional)                          
                             cost=$0.00000                                     
[08/01/26 19:21:24] INFO     recihePFulRgNKsIn        lever_experiments.py:2113
                             [universal_gate]:                                 
                             final=B(wrong,                                    
                             escalated=True,                                   
                             universal-unconditional)                          
                             cost=$0.00000                                     
[08/01/26 19:21:26] INFO     Processing request of type           server.py:733
                             CallToolRequest                                   
                    INFO     Processing request of type           server.py:733
                             CallToolRequest                                   
[08/01/26 19:21:39] INFO     Processing request of type           server.py:733
                             CallToolRequest                                   
                    INFO     Processing request of type           server.py:733
                             CallToolRequest                                   
[08/01/26 19:21:45] INFO     recGFKDUd8qgz81Zl        lever_experiments.py:2113
                             [universal_gate]:                                 
                             final=A(correct,                                  
                             escalated=True)                                   
                             cost=$0.00000                                     
[08/01/26 19:21:58] INFO     rec4UqStf9WUVif1f        lever_experiments.py:2113
                             [universal_gate]:                                 
                             final=A(correct,                                  
                             escalated=True,                                   
                             universal-unconditional)                          
                             cost=$0.00000                                     
[08/01/26 19:22:06] INFO     recVE8cUNHpHZIAvL        lever_experiments.py:2113
                             [universal_gate]:                                 
                             final=D(correct,                                  
                             escalated=True)                                   
                             cost=$0.00000                                     
[08/01/26 19:22:21] INFO     Processing request of type           server.py:733
                             CallToolRequest                                   
                    INFO     Processing request of type           server.py:733
                             CallToolRequest                                   
[08/01/26 19:22:46] INFO     rec0wZvZgiz320KRs        lever_experiments.py:2113
                             [universal_gate]:                                 
                             final=A(correct,                                  
                             escalated=True)                                   
                             cost=$0.00000                                     
[08/01/26 19:23:03] INFO     reckEnrOPFT9Ru7tW        lever_experiments.py:2113
                             [universal_gate]:                                 
                             final=B(correct,                                  
                             escalated=True)                                   
                             cost=$0.00000                                     
[08/01/26 19:23:24] INFO     recBtVK8rBVtIlXDq        lever_experiments.py:2113
                             [universal_gate]:                                 
                             final=D(correct,                                  
                             escalated=True,                                   
                             universal-unconditional)                          
                             cost=$0.00000                                     
[08/01/26 19:23:35] INFO     Processing request of type           server.py:733
                             CallToolRequest                                   
                    INFO     Processing request of type           server.py:733
                             CallToolRequest                                   
[08/01/26 19:23:36] INFO     recxTy0x7M6T9ikc0        lever_experiments.py:2113
                             [universal_gate]:                                 
                             final=A(correct,                                  
                             escalated=True,                                   
                             universal-unconditional)                          
                             cost=$0.00000                                     
[08/01/26 19:24:04] INFO     recpki12iG9RUGrz9        lever_experiments.py:2113
                             [universal_gate]:                                 
                             final=B(correct,                                  
                             escalated=True)                                   
                             cost=$0.00000                                     
[08/01/26 19:24:13] INFO     Processing request of type           server.py:733
                             CallToolRequest                                   
                    INFO     Processing request of type           server.py:733
                             CallToolRequest                                   
[08/01/26 19:24:38] INFO     recRTiyaRymerDJ4y        lever_experiments.py:2113
                             [universal_gate]:                                 
                             final=C(correct,                                  
                             escalated=True)                                   
                             cost=$0.00000                                     
[08/01/26 19:25:00] INFO     Processing request of type           server.py:733
                             CallToolRequest                                   
                    INFO     Processing request of type           server.py:733
                             CallToolRequest                                   
[08/01/26 19:25:17] INFO     recI1ls9OXdxatHQn        lever_experiments.py:2113
                             [universal_gate]:                                 
                             final=A(correct,                                  
                             escalated=True,                                   
                             universal-unconditional)                          
                             cost=$0.00000                                     
[08/01/26 19:25:34] INFO     Processing request of type           server.py:733
                             CallToolRequest                                   
                    INFO     Processing request of type           server.py:733
                             CallToolRequest                                   
[08/01/26 19:25:57] INFO     recZ13cwgDQf9jRd9        lever_experiments.py:2113
                             [universal_gate]:                                 
                             final=B(wrong,                                    
                             escalated=True)                                   
                             cost=$0.00000                                     
[08/01/26 19:26:29] INFO     recwlwlcPvXVNPmvl        lever_experiments.py:2113
                             [universal_gate]:                                 
                             final=D(correct,                                  
                             escalated=True,                                   
                             universal-unconditional)                          
                             cost=$0.00000                                     
[08/01/26 19:26:45] INFO     Processing request of type           server.py:733
                             CallToolRequest                                   
[08/01/26 19:26:48] INFO     rec4r4KWNLrT7g2kR        lever_experiments.py:2113
                             [universal_gate]:                                 
                             final=D(correct,                                  
                             escalated=True,                                   
                             universal-unconditional)                          
                             cost=$0.00000                                     
[08/01/26 19:27:00] INFO     rec7C06XOB2h298ue        lever_experiments.py:2113
                             [universal_gate]:                                 
                             final=A(correct,                                  
                             escalated=True,                                   
                             universal-unconditional)                          
                             cost=$0.00000                                     
[08/01/26 19:27:15] INFO     Processing request of type           server.py:733
                             CallToolRequest                                   
                    INFO     Processing request of type           server.py:733
                             CallToolRequest                                   
[08/01/26 19:27:24] INFO     recYt8xx80OTyDsL0        lever_experiments.py:2113
                             [universal_gate]:                                 
                             final=D(correct,                                  
                             escalated=True,                                   
                             universal-unconditional)                          
                             cost=$0.00000                                     
[08/01/26 19:27:49] INFO     Processing request of type           server.py:733
                             CallToolRequest                                   
                    INFO     Processing request of type           server.py:733
                             CallToolRequest                                   
[08/01/26 19:27:54] INFO     recZSGUkn56v9kEp1        lever_experiments.py:2113
                             [universal_gate]:                                 
                             final=B(correct,                                  
                             escalated=True,                                   
                             universal-unconditional)                          
                             cost=$0.00000                                     
[08/01/26 19:28:10] INFO     recmI7EiLv72PxmYK        lever_experiments.py:2113
                             [universal_gate]:                                 
                             final=B(correct,                                  
                             escalated=True,                                   
                             universal-unconditional)                          
                             cost=$0.00000                                     
[08/01/26 19:28:20] INFO     Processing request of type           server.py:733
                             CallToolRequest                                   
                    INFO     Processing request of type           server.py:733
                             CallToolRequest                                   
[08/01/26 19:28:23] INFO     Processing request of type           server.py:733
                             CallToolRequest                                   
                    INFO     Processing request of type           server.py:733
                             CallToolRequest                                   
[08/01/26 19:28:41] INFO     rechKl68Uc6H7vU0N        lever_experiments.py:2113
                             [universal_gate]:                                 
                             final=B(correct,                                  
                             escalated=True,                                   
                             universal-unconditional)                          
                             cost=$0.00000                                     
[08/01/26 19:28:52] INFO     recmwwQJnx7ll7bqL        lever_experiments.py:2113
                             [universal_gate]:                                 
                             final=A(correct,                                  
                             escalated=True,                                   
                             universal-unconditional)                          
                             cost=$0.00000                                     
[08/01/26 19:28:55] INFO     Processing request of type           server.py:733
                             CallToolRequest                                   
                    INFO     Processing request of type           server.py:733
                             CallToolRequest                                   
[08/01/26 19:29:11] INFO     Processing request of type           server.py:733
                             CallToolRequest                                   
                    INFO     Processing request of type           server.py:733
                             CallToolRequest                                   
[08/01/26 19:29:16] INFO     recoiTJPGUmzAkief        lever_experiments.py:2113
                             [universal_gate]:                                 
                             final=C(correct,                                  
                             escalated=True,                                   
                             universal-unconditional)                          
                             cost=$0.00000                                     
[08/01/26 19:29:33] INFO     Processing request of type           server.py:733
                             CallToolRequest                                   
                    INFO     Processing request of type           server.py:733
                             CallToolRequest                                   
[08/01/26 19:29:54] INFO     recPzW1WqRnPs57D6        lever_experiments.py:2113
                             [universal_gate]:                                 
                             final=C(correct,                                  
                             escalated=True,                                   
                             universal-unconditional)                          
                             cost=$0.00000                                     
[08/01/26 19:29:56] INFO     reciuppdQde4FGX1z        lever_experiments.py:2113
                             [universal_gate]:                                 
                             final=B(correct,                                  
                             escalated=True)                                   
                             cost=$0.00000                                     
[08/01/26 19:30:15] INFO     Processing request of type           server.py:733
                             CallToolRequest                                   
                    INFO     Processing request of type           server.py:733
                             CallToolRequest                                   
[08/01/26 19:30:47] INFO     recS48OsU6kVadBPW        lever_experiments.py:2113
                             [universal_gate]:                                 
                             final=A(correct,                                  
                             escalated=True,                                   
                             universal-unconditional)                          
                             cost=$0.00000                                     
[08/01/26 19:31:03] INFO     recLAgwx9vbgB5EHk        lever_experiments.py:2113
                             [universal_gate]:                                 
                             final=A(correct,                                  
                             escalated=True)                                   
                             cost=$0.00000                                     
[08/01/26 19:31:07] INFO     Processing request of type           server.py:733
                             CallToolRequest                                   
                    INFO     Processing request of type           server.py:733
                             CallToolRequest                                   
[08/01/26 19:31:20] INFO     Processing request of type           server.py:733
                             CallToolRequest                                   
                    INFO     Processing request of type           server.py:733
                             CallToolRequest                                   
[08/01/26 19:31:37] INFO     rec260hNUCEj109Dj        lever_experiments.py:2113
                             [universal_gate]:                                 
                             final=C(correct,                                  
                             escalated=True)                                   
                             cost=$0.00000                                     
[08/01/26 19:31:54] INFO     recZdZxsN0AxDx0pB        lever_experiments.py:2113
                             [universal_gate]:                                 
                             final=D(correct,                                  
                             escalated=True)                                   
                             cost=$0.00000                                     
[08/01/26 19:31:56] INFO     Processing request of type           server.py:733
                             CallToolRequest                                   
[08/01/26 19:32:08] INFO     recuyeuT5rQ6qDt8F        lever_experiments.py:2113
                             [universal_gate]:                                 
                             final=A(wrong,                                    
                             escalated=True)                                   
                             cost=$0.00000                                     
[08/01/26 19:32:39] INFO     recRhwQwHijW0gCLo        lever_experiments.py:2113
                             [universal_gate]:                                 
                             final=B(correct,                                  
                             escalated=True,                                   
                             universal-unconditional)                          
                             cost=$0.00000                                     
[08/01/26 19:32:49] INFO     Processing request of type           server.py:733
                             CallToolRequest                                   
                    INFO     Processing request of type           server.py:733
                             CallToolRequest                                   
[08/01/26 19:33:21] INFO     recxsX66ktJ1Lwt4f        lever_experiments.py:2113
                             [universal_gate]:                                 
                             final=B(correct,                                  
                             escalated=True,                                   
                             universal-unconditional)                          
                             cost=$0.00000                                     
[08/01/26 19:34:07] INFO     recGFNRVl1qBZGwyU        lever_experiments.py:2113
                             [universal_gate]:                                 
                             final=D(correct,                                  
                             escalated=True)                                   
                             cost=$0.00000                                     
[08/01/26 19:34:10] INFO     recEmTBhx2hgw6tPQ        lever_experiments.py:2113
                             [universal_gate]:                                 
                             final=C(correct,                                  
                             escalated=True)                                   
                             cost=$0.00000                                     
[08/01/26 19:34:54] INFO     reck1zKeCssmN82Ga        lever_experiments.py:2113
                             [universal_gate]:                                 
                             final=A(correct,                                  
                             escalated=True,                                   
                             universal-unconditional)                          
                             cost=$0.00000                                     
[08/01/26 19:35:24] INFO     recjJ54TXc04enRkZ        lever_experiments.py:2113
                             [universal_gate]:                                 
                             final=A(correct,                                  
                             escalated=True)                                   
                             cost=$0.00000                                     
[08/01/26 19:35:39] INFO     Processing request of type           server.py:733
                             CallToolRequest                                   
                    INFO     Processing request of type           server.py:733
                             CallToolRequest                                   
[08/01/26 19:35:46] INFO     recGee5m84dg5FZkc        lever_experiments.py:2113
                             [universal_gate]:                                 
                             final=C(correct,                                  
                             escalated=True)                                   
                             cost=$0.00000                                     
                    INFO     recixxJmdux0d8LZQ        lever_experiments.py:2113
                             [universal_gate]:                                 
                             final=D(correct,                                  
                             escalated=True,                                   
                             universal-unconditional)                          
                             cost=$0.00000                                     
[08/01/26 19:36:04] INFO     Processing request of type           server.py:733
                             CallToolRequest                                   
                    INFO     Processing request of type           server.py:733
                             CallToolRequest                                   
[08/01/26 19:36:08] INFO     Processing request of type           server.py:733
                             CallToolRequest                                   
                    INFO     Processing request of type           server.py:733
                             CallToolRequest                                   
[08/01/26 19:36:16] INFO     recRZjaElf8ft7xTq        lever_experiments.py:2113
                             [universal_gate]:                                 
                             final=C(correct,                                  
                             escalated=True)                                   
                             cost=$0.00000                                     
[08/01/26 19:36:33] INFO     Processing request of type           server.py:733
                             CallToolRequest                                   
                    INFO     Processing request of type           server.py:733
                             CallToolRequest                                   
[08/01/26 19:36:43] INFO     recKv4hFyNpViUXnL        lever_experiments.py:2113
                             [universal_gate]:                                 
                             final=C(correct,                                  
                             escalated=True,                                   
                             universal-unconditional)                          
                             cost=$0.00000                                     
[08/01/26 19:37:01] INFO     rechtUKxC6G67H7Pr        lever_experiments.py:2113
                             [universal_gate]:                                 
                             final=B(correct,                                  
                             escalated=True,                                   
                             universal-unconditional)                          
                             cost=$0.00000                                     
[08/01/26 19:37:41] INFO     recyl3usDqb7ruXJx        lever_experiments.py:2113
                             [universal_gate]:                                 
                             final=A(correct,                                  
                             escalated=True,                                   
                             universal-unconditional)                          
                             cost=$0.00000                                     
[08/01/26 19:37:59] INFO     Processing request of type           server.py:733
                             CallToolRequest                                   
                    INFO     Processing request of type           server.py:733
                             CallToolRequest                                   
[08/01/26 19:38:26] INFO     reckl6PkaEMWM50yZ        lever_experiments.py:2113
                             [universal_gate]:                                 
                             final=A(wrong,                                    
                             escalated=True,                                   
                             universal-unconditional)                          
                             cost=$0.00000                                     
                    INFO     recyPffUDqC2k7ZZO        lever_experiments.py:2113
                             [universal_gate]:                                 
                             final=A(correct,                                  
                             escalated=True,                                   
                             universal-unconditional)                          
                             cost=$0.00000                                     
[08/01/26 19:38:48] INFO     Processing request of type           server.py:733
                             CallToolRequest                                   
[08/01/26 19:38:50] INFO     recUc29lMDBEvurYo        lever_experiments.py:2113
                             [universal_gate]:                                 
                             final=C(correct,                                  
                             escalated=True)                                   
                             cost=$0.00000                                     
[08/01/26 19:39:02] INFO     rec1zl5LvaatzGhFt        lever_experiments.py:2113
                             [universal_gate]:                                 
                             final=C(correct,                                  
                             escalated=True,                                   
                             universal-unconditional)                          
                             cost=$0.00000                                     
[08/01/26 19:39:10] INFO     recSBcGLPatKb3Ygu        lever_experiments.py:2113
                             [universal_gate]:                                 
                             final=A(correct,                                  
                             escalated=True)                                   
                             cost=$0.00000                                     
[08/01/26 19:39:13] INFO     Processing request of type           server.py:733
                             CallToolRequest                                   
                    INFO     Processing request of type           server.py:733
                             CallToolRequest                                   
[08/01/26 19:39:17] INFO     rec8y3ZrBOcLgNEkE        lever_experiments.py:2113
                             [universal_gate]:                                 
                             final=D(correct,                                  
                             escalated=True,                                   
                             universal-unconditional)                          
                             cost=$0.00000                                     
[08/01/26 19:39:32] INFO     Processing request of type           server.py:733
                             CallToolRequest                                   
[08/01/26 19:39:35] INFO     recmkvk6EFAmqyMxR        lever_experiments.py:2113
                             [universal_gate]:                                 
                             final=C(correct,                                  
                             escalated=True)                                   
                             cost=$0.00000                                     
[08/01/26 19:39:46] INFO     Processing request of type           server.py:733
                             CallToolRequest                                   
                    INFO     Processing request of type           server.py:733
                             CallToolRequest                                   
[08/01/26 19:39:53] INFO     Processing request of type           server.py:733
                             CallToolRequest                                   
                    INFO     Processing request of type           server.py:733
                             CallToolRequest                                   
[08/01/26 19:39:57] INFO     rec7qmSnbud4FHSqL        lever_experiments.py:2113
                             [universal_gate]:                                 
                             final=B(wrong,                                    
                             escalated=True,                                   
                             universal-unconditional)                          
                             cost=$0.00000                                     
[08/01/26 19:40:32] INFO     recoy9ZLBsc7HIRBy        lever_experiments.py:2113
                             [universal_gate]:                                 
                             final=A(correct,                                  
                             escalated=True)                                   
                             cost=$0.00000                                     
[08/01/26 19:40:34] INFO     recPL4ZPpVYxgMu57        lever_experiments.py:2113
                             [universal_gate]:                                 
                             final=B(correct,                                  
                             escalated=True,                                   
                             universal-unconditional)                          
                             cost=$0.00000                                     
                    INFO     recTs7qzfJs6kfLUK        lever_experiments.py:2113
                             [universal_gate]:                                 
                             final=D(correct,                                  
                             escalated=True,                                   
                             universal-unconditional)                          
                             cost=$0.00000                                     
[08/01/26 19:40:51] INFO     Processing request of type           server.py:733
                             CallToolRequest                                   
                    INFO     Processing request of type           server.py:733
                             CallToolRequest                                   
[08/01/26 19:40:53] INFO     Processing request of type           server.py:733
                             CallToolRequest                                   
                    INFO     Processing request of type           server.py:733
                             CallToolRequest                                   
[08/01/26 19:41:06] INFO     recXsYa3i2UhGF5fe        lever_experiments.py:2113
                             [universal_gate]:                                 
                             final=C(correct,                                  
                             escalated=True,                                   
                             universal-unconditional)                          
                             cost=$0.00000                                     
[08/01/26 19:41:15] INFO     recNFJjE5PPTqVJGv        lever_experiments.py:2113
                             [universal_gate]:                                 
                             final=B(correct,                                  
                             escalated=True,                                   
                             universal-unconditional)                          
                             cost=$0.00000                                     
[08/01/26 19:41:26] INFO     Processing request of type           server.py:733
                             CallToolRequest                                   
                    INFO     Processing request of type           server.py:733
                             CallToolRequest                                   
[08/01/26 19:41:32] INFO     Processing request of type           server.py:733
                             CallToolRequest                                   
                    INFO     Processing request of type           server.py:733
                             CallToolRequest                                   
[08/01/26 19:41:53] INFO     recywRj5a8EEjj2Ib        lever_experiments.py:2113
                             [universal_gate]:                                 
                             final=D(correct,                                  
                             escalated=True,                                   
                             universal-unconditional)                          
                             cost=$0.00000                                     
[08/01/26 19:42:37] INFO     recDytVnNYZe2HuUU        lever_experiments.py:2113
                             [universal_gate]:                                 
                             final=C(correct,                                  
                             escalated=True,                                   
                             universal-unconditional)                          
                             cost=$0.00000                                     
[08/01/26 19:43:04] INFO     recIDiDKKrN61Auyr        lever_experiments.py:2113
                             [universal_gate]:                                 
                             final=A(correct,                                  
                             escalated=True,                                   
                             universal-unconditional)                          
                             cost=$0.00000                                     
[08/01/26 19:43:06] INFO     recVvpD8miVjmmyfe        lever_experiments.py:2113
                             [universal_gate]:                                 
                             final=B(wrong,                                    
                             escalated=True,                                   
                             universal-unconditional)                          
                             cost=$0.00000                                     
[08/01/26 19:43:27] INFO     Processing request of type           server.py:733
                             CallToolRequest                                   
                    INFO     Processing request of type           server.py:733
                             CallToolRequest                                   
[08/01/26 19:43:38] INFO     reck4G4xxv3YnpbtQ        lever_experiments.py:2113
                             [universal_gate]:                                 
                             final=A(wrong,                                    
                             escalated=True)                                   
                             cost=$0.00000                                     
[08/01/26 19:44:01] INFO     Processing request of type           server.py:733
                             CallToolRequest                                   
                    INFO     Processing request of type           server.py:733
                             CallToolRequest                                   
[08/01/26 19:44:01] INFO     recE2ihVfqEK4R9d0        lever_experiments.py:2113
                             [universal_gate]:                                 
                             final=A(correct,                                  
                             escalated=True)                                   
                             cost=$0.00000                                     
[08/01/26 19:44:19] INFO     Processing request of type           server.py:733
                             CallToolRequest                                   
                    INFO     Processing request of type           server.py:733
                             CallToolRequest                                   
[08/01/26 19:44:35] INFO     recBhnXrUyTJ6WHIR        lever_experiments.py:2113
                             [universal_gate]:                                 
                             final=C(wrong,                                    
                             escalated=True)                                   
                             cost=$0.00000                                     
[08/01/26 19:44:42] INFO     recReg13iV2HwJTaA        lever_experiments.py:2113
                             [universal_gate]:                                 
                             final=C(correct,                                  
                             escalated=True,                                   
                             universal-unconditional)                          
                             cost=$0.00000                                     
[08/01/26 19:45:02] INFO     Processing request of type           server.py:733
                             CallToolRequest                                   
                    INFO     Processing request of type           server.py:733
                             CallToolRequest                                   
[08/01/26 19:45:04] INFO     Processing request of type           server.py:733
                             CallToolRequest                                   
                    INFO     Processing request of type           server.py:733
                             CallToolRequest                                   
[08/01/26 19:45:39] INFO     recyrk6XBVwugG5u8        lever_experiments.py:2113
                             [universal_gate]:                                 
                             final=C(correct,                                  
                             escalated=True)                                   
                             cost=$0.00000                                     
[08/01/26 19:45:54] INFO     Processing request of type           server.py:733
                             CallToolRequest                                   
                    INFO     Processing request of type           server.py:733
                             CallToolRequest                                   
[08/01/26 19:45:55] INFO     recgXxEgllSGEpELP        lever_experiments.py:2113
                             [universal_gate]:                                 
                             final=B(correct,                                  
                             escalated=True,                                   
                             universal-unconditional)                          
                             cost=$0.00000                                     
[08/01/26 19:45:58] INFO     recOkA2zsy4GSMD9R        lever_experiments.py:2113
                             [universal_gate]:                                 
                             final=D(correct,                                  
                             escalated=True,                                   
                             universal-unconditional)                          
                             cost=$0.00000                                     
[08/01/26 19:46:57] INFO     reczjcMtrB1YGS2fO        lever_experiments.py:2113
                             [universal_gate]:                                 
                             final=C(correct,                                  
                             escalated=True,                                   
                             universal-unconditional)                          
                             cost=$0.00000                                     
[08/01/26 19:47:41] INFO     recBGxVySx1pkrO1i        lever_experiments.py:2113
                             [universal_gate]:                                 
                             final=C(correct,                                  
                             escalated=True)                                   
                             cost=$0.00000                                     
[08/01/26 19:47:51] INFO     recINSFEYLCyyd08m        lever_experiments.py:2113
                             [universal_gate]:                                 
                             final=C(correct,                                  
                             escalated=True)                                   
                             cost=$0.00000                                     
[08/01/26 19:48:04] INFO     Processing request of type           server.py:733
                             CallToolRequest                                   
                    INFO     Processing request of type           server.py:733
                             CallToolRequest                                   
[08/01/26 19:48:10] INFO     recakFKZioXUuldcd        lever_experiments.py:2113
                             [universal_gate]:                                 
                             final=A(correct,                                  
                             escalated=True)                                   
                             cost=$0.00000                                     
[08/01/26 19:48:26] INFO     Processing request of type           server.py:733
                             CallToolRequest                                   
                    INFO     Processing request of type           server.py:733
                             CallToolRequest                                   
[08/01/26 19:48:43] INFO     recJZ3QEfRKjYw9a7        lever_experiments.py:2113
                             [universal_gate]:                                 
                             final=D(correct,                                  
                             escalated=True)                                   
                             cost=$0.00000                                     
[08/01/26 19:49:19] INFO     recclFbsjbaiVVnnV        lever_experiments.py:2113
                             [universal_gate]:                                 
                             final=B(wrong,                                    
                             escalated=True)                                   
                             cost=$0.00000                                     
[08/01/26 19:49:25] INFO     reccVBrYdwsB84fGy        lever_experiments.py:2113
                             [universal_gate]:                                 
                             final=D(correct,                                  
                             escalated=True,                                   
                             universal-unconditional)                          
                             cost=$0.00000                                     
[08/01/26 19:49:53] INFO     Processing request of type           server.py:733
                             CallToolRequest                                   
                    INFO     Processing request of type           server.py:733
                             CallToolRequest                                   
[08/01/26 19:50:38] INFO     reccVFW11Elovnf8T        lever_experiments.py:2113
                             [universal_gate]:                                 
                             final=D(correct,                                  
                             escalated=True)                                   
                             cost=$0.00000                                     
[08/01/26 19:51:10] INFO     recAAJoHMW45Lv5je        lever_experiments.py:2113
                             [universal_gate]:                                 
                             final=C(correct,                                  
                             escalated=True)                                   
                             cost=$0.00000                                     
[08/01/26 19:51:38] INFO     receo3UUzRvWCqyfA        lever_experiments.py:2113
                             [universal_gate]:                                 
                             final=B(correct,                                  
                             escalated=True,                                   
                             universal-unconditional)                          
                             cost=$0.00000                                     
[08/01/26 19:51:40] INFO     recb80OwMgNnceA9t        lever_experiments.py:2113
                             [universal_gate]:                                 
                             final=D(correct,                                  
                             escalated=True)                                   
                             cost=$0.00000                                     
                    INFO     Wrote 90 results to      lever_experiments.py:2297
                             benchmark\results\lever_                          
                             universal_gate_gpqa_seed                          
                             3407.jsonl                                        
=== QUEUE FINISHED ===
Sat Aug  1 19:51:40 MPST 2026
