=== META-2 Stage 2 extension (seeds 1313, 2027) started ===
Sat Aug  1 15:40:04 MPST 2026
--- seed 1313: arm A control ---
[08/01/26 15:40:08] INFO     HTTP Request: HEAD                 _client.py:1025
                             https://huggingface.co/datasets/m-                
                             a-p/SuperGPQA/resolve/main/README.                
                             md "HTTP/1.1 307 Temporary                        
                             Redirect"                                         
                    INFO     HTTP Request: HEAD                 _client.py:1025
                             https://huggingface.co/api/resolve                
                             -cache/datasets/m-a-p/SuperGPQA/44                
                             30d4458112c7d4497fdcf94d7cc223313d                
                             6acf/README.md "HTTP/1.1 200 OK"                  
                    INFO     HTTP Request: HEAD                 _client.py:1025
                             https://huggingface.co/datasets/m-                
                             a-p/SuperGPQA/resolve/4430d4458112                
                             c7d4497fdcf94d7cc223313d6acf/Super                
                             GPQA.py "HTTP/1.1 404 Not Found"                  
[08/01/26 15:40:09] INFO     HTTP Request: HEAD                 _client.py:1025
                             https://s3.amazonaws.com/datasets.                
                             huggingface.co/datasets/datasets/m                
                             -a-p/SuperGPQA/m-a-p/SuperGPQA.py                 
                             "HTTP/1.1 404 Not Found"                          
                    INFO     HTTP Request: GET                  _client.py:1025
                             https://huggingface.co/api/dataset                
                             s/m-a-p/SuperGPQA/revision/4430d44                
                             58112c7d4497fdcf94d7cc223313d6acf                 
                             "HTTP/1.1 200 OK"                                 
                    INFO     HTTP Request: HEAD                 _client.py:1025
                             https://huggingface.co/datasets/m-                
                             a-p/SuperGPQA/resolve/4430d4458112                
                             c7d4497fdcf94d7cc223313d6acf/.hugg                
                             ingface.yaml "HTTP/1.1 404 Not                    
                             Found"                                            
[08/01/26 15:40:10] INFO     HTTP Request: GET                  _client.py:1025
                             https://datasets-server.huggingfac                
                             e.co/info?dataset=m-a-p/SuperGPQA                 
                             "HTTP/1.1 200 OK"                                 
                    INFO     HTTP Request: GET                  _client.py:1025
                             https://huggingface.co/api/dataset                
                             s/m-a-p/SuperGPQA/tree/4430d445811                
                             2c7d4497fdcf94d7cc223313d6acf/data                
                             ?recursive=true&expand=false                      
                             "HTTP/1.1 404 Not Found"                          
                    INFO     HTTP Request: GET                  _client.py:1025
                             https://huggingface.co/api/dataset                
                             s/m-a-p/SuperGPQA/tree/4430d445811                
                             2c7d4497fdcf94d7cc223313d6acf?recu                
                             rsive=false&expand=false "HTTP/1.1                
                             200 OK"                                           
                    INFO     HTTP Request: HEAD                 _client.py:1025
                             https://huggingface.co/datasets/m-                
                             a-p/SuperGPQA/resolve/4430d4458112                
                             c7d4497fdcf94d7cc223313d6acf/datas                
                             et_infos.json "HTTP/1.1 404 Not                   
                             Found"                                            
[08/01/26 15:40:11] INFO     Loaded 90 SuperGPQA items    load_supergpqa.py:198
                             (difficulty=hard, seed=1313,                      
                             max_choices=4)                                    
                    INFO     Loaded 90 supergpqa      lever_experiments.py:2228
                             questions (seed=1313)                             
                             for lever=control                                 
[08/01/26 15:40:16] INFO     d9dae18bc19d4998804a1b49 lever_experiments.py:2113
                             779192a5 [control]:                               
                             final=D(correct,                                  
                             escalated=False)                                  
                             cost=$0.00000                                     
[08/01/26 15:40:25] INFO     e706ab8388c24f29b19b738b lever_experiments.py:2113
                             e024aabf [control]:                               
                             final=C(correct,                                  
                             escalated=False)                                  
                             cost=$0.00000                                     
[08/01/26 15:40:33] INFO     Processing request of type           server.py:733
                             CallToolRequest                                   
                    INFO     Processing request of type           server.py:733
                             ListToolsRequest                                  
                    INFO     Processing request of type           server.py:733
                             CallToolRequest                                   
[08/01/26 15:40:34] INFO     Processing request of type           server.py:733
                             CallToolRequest                                   
                    INFO     Processing request of type           server.py:733
                             CallToolRequest                                   
[08/01/26 15:40:42] INFO     Processing request of type           server.py:733
                             CallToolRequest                                   
                    INFO     Processing request of type           server.py:733
                             CallToolRequest                                   
[08/01/26 15:41:08] INFO     c154e737edb441979c509240 lever_experiments.py:2113
                             138298dd [control]:                               
                             final=C(correct,                                  
                             escalated=True)                                   
                             cost=$0.00000                                     
[08/01/26 15:41:20] INFO     78ac1b5d74634d1a861784ea lever_experiments.py:2113
                             1ba4341a [control]:                               
                             final=B(correct,                                  
                             escalated=False)                                  
                             cost=$0.00000                                     
[08/01/26 15:41:30] INFO     c0117dda97024cfe8dd15c99 lever_experiments.py:2113
                             a89735b2 [control]:                               
                             final=A(wrong,                                    
                             escalated=False)                                  
                             cost=$0.00000                                     
[08/01/26 15:41:40] INFO     d7755a021c1e490489c333e9 lever_experiments.py:2113
                             17b923c1 [control]:                               
                             final=C(correct,                                  
                             escalated=False)                                  
                             cost=$0.00000                                     
[08/01/26 15:41:42] INFO     36551d7a41884315ad28a49e lever_experiments.py:2113
                             289ce0e5 [control]:                               
                             final=D(correct,                                  
                             escalated=True)                                   
                             cost=$0.00000                                     
[08/01/26 15:41:55] INFO     2ad84dab86404c8d9d570a98 lever_experiments.py:2113
                             3fbed133 [control]:                               
                             final=B(wrong,                                    
                             escalated=False)                                  
                             cost=$0.00000                                     
[08/01/26 15:41:58] INFO     Processing request of type           server.py:733
                             CallToolRequest                                   
                    INFO     Processing request of type           server.py:733
                             CallToolRequest                                   
[08/01/26 15:42:11] INFO     Processing request of type           server.py:733
                             CallToolRequest                                   
                    INFO     Processing request of type           server.py:733
                             CallToolRequest                                   
[08/01/26 15:42:14] INFO     78fd4500f6fc4cb1b37137d2 lever_experiments.py:2113
                             7dc4ac90 [control]:                               
                             final=A(correct,                                  
                             escalated=True)                                   
                             cost=$0.00000                                     
[08/01/26 15:42:23] INFO     b1551c0a366042789cbf2b11 lever_experiments.py:2113
                             d32c83d7 [control]:                               
                             final=D(correct,                                  
                             escalated=True)                                   
                             cost=$0.00000                                     
[08/01/26 15:42:25] INFO     968e81e525114d08a0589db6 lever_experiments.py:2113
                             c41a6f60 [control]:                               
                             final=A(correct,                                  
                             escalated=False)                                  
                             cost=$0.00000                                     
[08/01/26 15:42:27] INFO     0202feea0e3b48af93748396 lever_experiments.py:2113
                             fc2a2d24 [control]:                               
                             final=C(wrong,                                    
                             escalated=False)                                  
                             cost=$0.00000                                     
[08/01/26 15:42:35] INFO     Processing request of type           server.py:733
                             CallToolRequest                                   
                    INFO     Processing request of type           server.py:733
                             CallToolRequest                                   
[08/01/26 15:42:49] INFO     ca7a4f526d9445b1bbc61aa9 lever_experiments.py:2113
                             734b2496 [control]:                               
                             final=A(correct,                                  
                             escalated=True)                                   
                             cost=$0.00000                                     
[08/01/26 15:42:49] INFO     Processing request of type           server.py:733
                             CallToolRequest                                   
                    INFO     Processing request of type           server.py:733
                             CallToolRequest                                   
[08/01/26 15:42:51] INFO     9a7c64761a20499fbc470baa lever_experiments.py:2113
                             e9f95b25 [control]:                               
                             final=D(wrong,                                    
                             escalated=False)                                  
                             cost=$0.00000                                     
[08/01/26 15:42:58] INFO     30952d77bee74e64b984f1ca lever_experiments.py:2113
                             28c4bf8b [control]:                               
                             final=D(correct,                                  
                             escalated=False)                                  
                             cost=$0.00000                                     
[08/01/26 15:43:21] INFO     Processing request of type           server.py:733
                             CallToolRequest                                   
                    INFO     Processing request of type           server.py:733
                             CallToolRequest                                   
[08/01/26 15:43:26] INFO     8c8f5155079448ae8631de3f lever_experiments.py:2113
                             098ed660 [control]:                               
                             final=A(correct,                                  
                             escalated=True)                                   
                             cost=$0.00000                                     
[08/01/26 15:43:36] INFO     09addd707349419198fb032b lever_experiments.py:2113
                             aa9e3597 [control]:                               
                             final=A(correct,                                  
                             escalated=False)                                  
                             cost=$0.00000                                     
[08/01/26 15:43:51] INFO     Processing request of type           server.py:733
                             CallToolRequest                                   
                    INFO     Processing request of type           server.py:733
                             CallToolRequest                                   
[08/01/26 15:44:17] INFO     4b829eb2b3ef4946a2864049 lever_experiments.py:2113
                             650dbb1a [control]:                               
                             final=D(wrong,                                    
                             escalated=True)                                   
                             cost=$0.00000                                     
[08/01/26 15:44:59] INFO     3d28fee8bfa34a5186ff1852 lever_experiments.py:2113
                             1309a203 [control]:                               
                             final=B(correct,                                  
                             escalated=True)                                   
                             cost=$0.00000                                     
[08/01/26 15:45:24] INFO     Processing request of type           server.py:733
                             CallToolRequest                                   
                    INFO     Processing request of type           server.py:733
                             CallToolRequest                                   
[08/01/26 15:45:31] INFO     4ec21da7a6b54ae48687790b lever_experiments.py:2113
                             02ef9020 [control]:                               
                             final=C(wrong,                                    
                             escalated=True)                                   
                             cost=$0.00000                                     
[08/01/26 15:45:42] INFO     47a92fe862634fa895357db1 lever_experiments.py:2113
                             ab33820b [control]:                               
                             final=A(correct,                                  
                             escalated=False)                                  
                             cost=$0.00000                                     
[08/01/26 15:45:45] INFO     774004067a734a18a4923c01 lever_experiments.py:2113
                             3e6fc14b [control]:                               
                             final=B(wrong,                                    
                             escalated=True)                                   
                             cost=$0.00000                                     
[08/01/26 15:45:58] INFO     Processing request of type           server.py:733
                             CallToolRequest                                   
                    INFO     Processing request of type           server.py:733
                             CallToolRequest                                   
[08/01/26 15:46:10] INFO     Processing request of type           server.py:733
                             CallToolRequest                                   
                    INFO     Processing request of type           server.py:733
                             CallToolRequest                                   
[08/01/26 15:46:27] INFO     ef3d6a36289849ff8849fc82 lever_experiments.py:2113
                             e530ab0b [control]:                               
                             final=B(correct,                                  
                             escalated=True)                                   
                             cost=$0.00000                                     
[08/01/26 15:46:42] INFO     047f68467ddd4a8ba5ad6d91 lever_experiments.py:2113
                             375c5d2b [control]:                               
                             final=D(correct,                                  
                             escalated=True)                                   
                             cost=$0.00000                                     
[08/01/26 15:46:47] INFO     8fc5c339a8564778b3301447 lever_experiments.py:2113
                             c3228bf4 [control]:                               
                             final=A(correct,                                  
                             escalated=True)                                   
                             cost=$0.00000                                     
[08/01/26 15:46:53] INFO     Processing request of type           server.py:733
                             CallToolRequest                                   
                    INFO     Processing request of type           server.py:733
                             CallToolRequest                                   
[08/01/26 15:47:00] INFO     Processing request of type           server.py:733
                             CallToolRequest                                   
                    INFO     Processing request of type           server.py:733
                             CallToolRequest                                   
[08/01/26 15:47:03] INFO     Processing request of type           server.py:733
                             CallToolRequest                                   
                    INFO     Processing request of type           server.py:733
                             CallToolRequest                                   
[08/01/26 15:47:15] INFO     64f55117676442599f4fd371 lever_experiments.py:2113
                             92175ae1 [control]:                               
                             final=A(correct,                                  
                             escalated=True)                                   
                             cost=$0.00000                                     
[08/01/26 15:47:18] INFO     c4989fc378654551b8ef93ad lever_experiments.py:2113
                             99fcf5bb [control]:                               
                             final=A(correct,                                  
                             escalated=False)                                  
                             cost=$0.00000                                     
[08/01/26 15:47:24] INFO     8b4e8254ac8342208c0bcb95 lever_experiments.py:2113
                             4dc55cbe [control]:                               
                             final=D(correct,                                  
                             escalated=False)                                  
                             cost=$0.00000                                     
[08/01/26 15:47:39] INFO     0d2b0c44325c47acb16a53d2 lever_experiments.py:2113
                             b91c7366 [control]:                               
                             final=A(correct,                                  
                             escalated=True)                                   
                             cost=$0.00000                                     
[08/01/26 15:47:47] INFO     Processing request of type           server.py:733
                             CallToolRequest                                   
                    INFO     Processing request of type           server.py:733
                             CallToolRequest                                   
[08/01/26 15:47:51] INFO     7e6059f1fc704d61a8894d28 lever_experiments.py:2113
                             22a9adf1 [control]:                               
                             final=C(correct,                                  
                             escalated=False)                                  
                             cost=$0.00000                                     
[08/01/26 15:48:07] INFO     Processing request of type           server.py:733
                             CallToolRequest                                   
                    INFO     Processing request of type           server.py:733
                             CallToolRequest                                   
[08/01/26 15:48:08] INFO     a1cd851a740e4ab7bd567d89 lever_experiments.py:2113
                             49936c04 [control]:                               
                             final=D(correct,                                  
                             escalated=True)                                   
                             cost=$0.00000                                     
[08/01/26 15:48:18] INFO     3f82aa86950e439fb837f049 lever_experiments.py:2113
                             f0ea953d [control]:                               
                             final=C(correct,                                  
                             escalated=False)                                  
                             cost=$0.00000                                     
[08/01/26 15:48:29] INFO     9bd7f60ef909497db6860cc0 lever_experiments.py:2113
                             8ea6e4f7 [control]:                               
                             final=D(wrong,                                    
                             escalated=False)                                  
                             cost=$0.00000                                     
[08/01/26 15:48:44] INFO     Processing request of type           server.py:733
                             CallToolRequest                                   
                    INFO     Processing request of type           server.py:733
                             CallToolRequest                                   
[08/01/26 15:49:22] INFO     f1c62118b7ab4b21bbb61ab1 lever_experiments.py:2113
                             32292886 [control]:                               
                             final=C(correct,                                  
                             escalated=True)                                   
                             cost=$0.00000                                     
[08/01/26 15:49:24] INFO     cdabb6c948f0457caa35d0ad lever_experiments.py:2113
                             ae08a5c6 [control]:                               
                             final=C(correct,                                  
                             escalated=False)                                  
                             cost=$0.00000                                     
[08/01/26 15:49:27] INFO     7d6ad8c52f0f4cc1a24f5174 lever_experiments.py:2113
                             4eb9190c [control]:                               
                             final=A(correct,                                  
                             escalated=False)                                  
                             cost=$0.00000                                     
[08/01/26 15:49:58] INFO     8c6efcacff52411bad4446c5 lever_experiments.py:2113
                             007130e7 [control]:                               
                             final=A(correct,                                  
                             escalated=True)                                   
                             cost=$0.00000                                     
[08/01/26 15:50:16] INFO     899a383bceea473abbc1fd01 lever_experiments.py:2113
                             48e790f9 [control]:                               
                             final=A(correct,                                  
                             escalated=True)                                   
                             cost=$0.00000                                     
[08/01/26 15:50:26] INFO     00f9c59ff117481cbbc88a3a lever_experiments.py:2113
                             7e32cc0b [control]:                               
                             final=A(correct,                                  
                             escalated=False)                                  
                             cost=$0.00000                                     
[08/01/26 15:50:30] INFO     Processing request of type           server.py:733
                             CallToolRequest                                   
                    INFO     Processing request of type           server.py:733
                             CallToolRequest                                   
[08/01/26 15:50:33] INFO     1622f49268b84531a9fe0669 lever_experiments.py:2113
                             2ab09371 [control]:                               
                             final=B(correct,                                  
                             escalated=False)                                  
                             cost=$0.00000                                     
[08/01/26 15:50:44] INFO     a184300ae28b4748a6422218 lever_experiments.py:2113
                             fe1fcaaf [control]:                               
                             final=D(wrong,                                    
                             escalated=False)                                  
                             cost=$0.00000                                     
[08/01/26 15:50:49] INFO     ebbc1e7241954b8189b49f92 lever_experiments.py:2113
                             726ce67a [control]:                               
                             final=D(correct,                                  
                             escalated=False)                                  
                             cost=$0.00000                                     
[08/01/26 15:50:52] INFO     bd29ceac269047cfb917ac69 lever_experiments.py:2113
                             abccd331 [control]:                               
                             final=D(correct,                                  
                             escalated=False)                                  
                             cost=$0.00000                                     
[08/01/26 15:50:56] INFO     9131843fc01049059b93839b lever_experiments.py:2113
                             c1a1beaa [control]:                               
                             final=B(correct,                                  
                             escalated=False)                                  
                             cost=$0.00000                                     
[08/01/26 15:51:04] INFO     765c0e886c0e46fa8618b2b9 lever_experiments.py:2113
                             190cd62e [control]:                               
                             final=A(wrong,                                    
                             escalated=True)                                   
                             cost=$0.00000                                     
[08/01/26 15:51:16] INFO     78a564282a204bf9a6611c75 lever_experiments.py:2113
                             7217e2be [control]:                               
                             final=D(wrong,                                    
                             escalated=True)                                   
                             cost=$0.00000                                     
[08/01/26 15:51:21] INFO     Processing request of type           server.py:733
                             CallToolRequest                                   
                    INFO     Processing request of type           server.py:733
                             CallToolRequest                                   
[08/01/26 15:51:28] INFO     Processing request of type           server.py:733
                             CallToolRequest                                   
                    INFO     Processing request of type           server.py:733
                             CallToolRequest                                   
[08/01/26 15:51:46] INFO     a63462f4ff9e44289d3c9e4a lever_experiments.py:2113
                             91314250 [control]:                               
                             final=A(correct,                                  
                             escalated=True)                                   
                             cost=$0.00000                                     
[08/01/26 15:52:04] INFO     1bcdfc904e89419ba9ec65b6 lever_experiments.py:2113
                             8b9c1b41 [control]:                               
                             final=A(correct,                                  
                             escalated=True)                                   
                             cost=$0.00000                                     
[08/01/26 15:52:07] INFO     Processing request of type           server.py:733
                             CallToolRequest                                   
[08/01/26 15:52:12] INFO     176df1aecda443a39f416e15 lever_experiments.py:2113
                             834b6dd6 [control]:                               
                             final=D(correct,                                  
                             escalated=False)                                  
                             cost=$0.00000                                     
[08/01/26 15:52:14] INFO     efbbda37dce347b8bc026258 lever_experiments.py:2113
                             5af57720 [control]:                               
                             final=C(correct,                                  
                             escalated=True)                                   
                             cost=$0.00000                                     
[08/01/26 15:52:21] INFO     206733326acb4a0b822ea004 lever_experiments.py:2113
                             1dad0452 [control]:                               
                             final=A(wrong,                                    
                             escalated=False)                                  
                             cost=$0.00000                                     
[08/01/26 15:52:36] INFO     296634b8c949445facd9aace lever_experiments.py:2113
                             dc92d1bd [control]:                               
                             final=A(correct,                                  
                             escalated=True)                                   
                             cost=$0.00000                                     
[08/01/26 15:52:37] INFO     Processing request of type           server.py:733
                             CallToolRequest                                   
                    INFO     Processing request of type           server.py:733
                             CallToolRequest                                   
[08/01/26 15:52:41] INFO     Processing request of type           server.py:733
                             CallToolRequest                                   
                    INFO     Processing request of type           server.py:733
                             CallToolRequest                                   
[08/01/26 15:53:02] INFO     Processing request of type           server.py:733
                             CallToolRequest                                   
[08/01/26 15:53:06] INFO     0a6d7b45805d46049f4a5f2d lever_experiments.py:2113
                             57dbdfab [control]:                               
                             final=A(correct,                                  
                             escalated=True)                                   
                             cost=$0.00000                                     
[08/01/26 15:53:16] INFO     72c816932eb34ae5bc7dd5d9 lever_experiments.py:2113
                             fa3385d2 [control]:                               
                             final=D(correct,                                  
                             escalated=False)                                  
                             cost=$0.00000                                     
[08/01/26 15:53:25] INFO     9b63c53c2d6142a3be06e401 lever_experiments.py:2113
                             0bc54f3f [control]:                               
                             final=C(correct,                                  
                             escalated=False)                                  
                             cost=$0.00000                                     
[08/01/26 15:53:27] INFO     9de35ddd9f964480ae7ef199 lever_experiments.py:2113
                             9f00e775 [control]:                               
                             final=A(correct,                                  
                             escalated=False)                                  
                             cost=$0.00000                                     
[08/01/26 15:53:33] INFO     8fd7740fc68b474f955d52da lever_experiments.py:2113
                             8c6f3b36 [control]:                               
                             final=A(correct,                                  
                             escalated=True)                                   
                             cost=$0.00000                                     
[08/01/26 15:53:38] INFO     b2db67f7fbf94e2d90c3220b lever_experiments.py:2113
                             1167db0c [control]:                               
                             final=B(correct,                                  
                             escalated=False)                                  
                             cost=$0.00000                                     
[08/01/26 15:53:42] INFO     d3551b1d9a114d4fa9cf073f lever_experiments.py:2113
                             78a658dd [control]:                               
                             final=B(correct,                                  
                             escalated=True)                                   
                             cost=$0.00000                                     
[08/01/26 15:53:52] INFO     Processing request of type           server.py:733
                             CallToolRequest                                   
                    INFO     Processing request of type           server.py:733
                             CallToolRequest                                   
[08/01/26 15:54:00] INFO     Processing request of type           server.py:733
                             CallToolRequest                                   
                    INFO     Processing request of type           server.py:733
                             CallToolRequest                                   
[08/01/26 15:54:02] INFO     Processing request of type           server.py:733
                             CallToolRequest                                   
                    INFO     Processing request of type           server.py:733
                             CallToolRequest                                   
[08/01/26 15:54:17] INFO     340d0efcc84248f7b3db66f8 lever_experiments.py:2113
                             ca94bddd [control]:                               
                             final=B(correct,                                  
                             escalated=True)                                   
                             cost=$0.00000                                     
[08/01/26 15:54:26] INFO     674fd9508773498499d78bf6 lever_experiments.py:2113
                             e2194315 [control]:                               
                             final=C(correct,                                  
                             escalated=True)                                   
                             cost=$0.00000                                     
[08/01/26 15:54:31] INFO     e1b7c9079b304a928b8fa2e7 lever_experiments.py:2113
                             3388267e [control]:                               
                             final=D(correct,                                  
                             escalated=True)                                   
                             cost=$0.00000                                     
[08/01/26 15:54:38] INFO     Processing request of type           server.py:733
                             CallToolRequest                                   
                    INFO     Processing request of type           server.py:733
                             CallToolRequest                                   
[08/01/26 15:54:42] INFO     Processing request of type           server.py:733
                             CallToolRequest                                   
                    INFO     Processing request of type           server.py:733
                             CallToolRequest                                   
[08/01/26 15:54:44] INFO     Processing request of type           server.py:733
                             CallToolRequest                                   
[08/01/26 15:55:25] INFO     0fc034fb52e848f29f4c0d4e lever_experiments.py:2113
                             1ff334d1 [control]:                               
                             final=B(correct,                                  
                             escalated=True)                                   
                             cost=$0.00000                                     
[08/01/26 15:55:42] INFO     Processing request of type           server.py:733
                             CallToolRequest                                   
                    INFO     Processing request of type           server.py:733
                             CallToolRequest                                   
[08/01/26 15:56:02] INFO     26d8b4c903f943209c0da547 lever_experiments.py:2113
                             a5544e61 [control]:                               
                             final=B(correct,                                  
                             escalated=True)                                   
                             cost=$0.00000                                     
[08/01/26 15:56:20] INFO     Processing request of type           server.py:733
                             CallToolRequest                                   
                    INFO     Processing request of type           server.py:733
                             CallToolRequest                                   
[08/01/26 15:56:41] INFO     afbfd3786a104b4ba1e1ca8a lever_experiments.py:2113
                             399d4d74 [control]:                               
                             final=C(correct,                                  
                             escalated=True)                                   
                             cost=$0.00000                                     
[08/01/26 15:56:58] INFO     8fb24105186c4421ac532b8c lever_experiments.py:2113
                             0908a36f [control]:                               
                             final=A(correct,                                  
                             escalated=True)                                   
                             cost=$0.00000                                     
[08/01/26 15:57:04] INFO     Processing request of type           server.py:733
                             CallToolRequest                                   
                    INFO     Processing request of type           server.py:733
                             CallToolRequest                                   
[08/01/26 15:57:18] INFO     Processing request of type           server.py:733
                             CallToolRequest                                   
                    INFO     Processing request of type           server.py:733
                             CallToolRequest                                   
[08/01/26 15:57:55] INFO     187932078c6b47dca70f1567 lever_experiments.py:2113
                             aab84b52 [control]:                               
                             final=B(correct,                                  
                             escalated=True)                                   
                             cost=$0.00000                                     
[08/01/26 15:57:58] INFO     174d7c7909e948e29817e428 lever_experiments.py:2113
                             7e4210a0 [control]:                               
                             final=D(correct,                                  
                             escalated=False)                                  
                             cost=$0.00000                                     
[08/01/26 15:58:19] INFO     Processing request of type           server.py:733
                             CallToolRequest                                   
                    INFO     Processing request of type           server.py:733
                             CallToolRequest                                   
[08/01/26 15:58:22] ERROR    211f3b0fe38b4ae993212a73 lever_experiments.py:2111
                             98a5a2f2: DROPPED after                           
                             unrecoverable error                               
                             +- Traceback (most rec-+                          
                             | C:\Users\Ong Jun     |                          
                             | Kai\Documents\Qwen   |                          
                             | Hackathon\benchmark\ |                          
                             | lever_experiments.py |                          
                             | :2106 in _run_one    |                          
                             |                      |                          
                             |   2103 ):            |                          
                             |   2104     try:      |                          
                             |   2105         async |                          
                             | > 2106             r |                          
                             |   2107               |                          
                             |   2108               |                          
                             |   2109             ) |                          
                             |                      |                          
                             | C:\Users\Ong Jun     |                          
                             | Kai\Documents\Qwen   |                          
                             | Hackathon\benchmark\ |                          
                             | lever_experiments.py |                          
                             | :2092 in             |                          
                             | run_question_lever   |                          
                             |                      |                          
                             |   2089         # ver |                          
                             |   2090         # non |                          
                             |   2091         # tri |                          
                             | > 2092         resul |                          
                             |   2093             c |                          
                             |   2094             r |                          
                             |   2095         )     |                          
                             |                      |                          
                             | C:\Users\Ong Jun     |                          
                             | Kai\Documents\Qwen   |                          
                             | Hackathon\benchmark\ |                          
                             | lever_experiments.py |                          
                             | :1838 in _tribunal   |                          
                             |                      |                          
                             |   1835             i |                          
                             |   1836         )     |                          
                             |   1837               |                          
                             | > 1838     verifier_ |                          
                             |   1839         clien |                          
                             |        evidence_bloc |                          
                             |   1840     )         |                          
                             |   1841     calls.ext |                          
                             |                      |                          
                             | C:\Users\Ong Jun     |                          
                             | Kai\Documents\Qwen   |                          
                             | Hackathon\src\quorum |                          
                             | qa\engine\verifier.p |                          
                             | y:119 in verify      |                          
                             |                      |                          
                             |   116     if not exe |                          
                             |   117         return |                          
                             |   118                |                          
                             | > 119     findings,  |                          
                             |       evidence_block |                          
                             |   120     usages.app |                          
                             |   121     return fin |                          
                             |   122                |                          
                             |                      |                          
                             | C:\Users\Ong Jun     |                          
                             | Kai\AppData\Local\Pr |                          
                             | ograms\Python\Python |                          
                             | 312\Lib\asyncio\thre |                          
                             | ads.py:25 in         |                          
                             | to_thread            |                          
                             |                      |                          
                             |   22     loop = even |                          
                             |   23     ctx = conte |                          
                             |   24     func_call = |                          
                             | > 25     return awai |                          
                             |   26                 |                          
                             |                      |                          
                             | C:\Users\Ong Jun     |                          
                             | Kai\AppData\Local\Pr |                          
                             | ograms\Python\Python |                          
                             | 312\Lib\concurrent\f |                          
                             | utures\thread.py:59  |                          
                             | in run               |                          
                             |                      |                          
                             |    56             re |                          
                             |    57                |                          
                             |    58         try:   |                          
                             | >  59             re |                          
                             |    60         except |                          
                             |    61             se |                          
                             |    62             #  |                          
                             |                      |                          
                             | C:\Users\Ong Jun     |                          
                             | Kai\Documents\Qwen   |                          
                             | Hackathon\src\quorum |                          
                             | qa\engine\verifier.p |                          
                             | y:55 in _finalize    |                          
                             |                      |                          
                             |    52         'JSON  |                          
                             |    53         '"expl |                          
                             |    54     )          |                          
                             | >  55     result = c |                          
                             |       role="verifier |                          
                             |    56     findings_r |                          
                             |    57     findings = |                          
                             |    58     for c, f i |                          
                             |                      |                          
                             | C:\Users\Ong Jun     |                          
                             | Kai\Documents\Qwen   |                          
                             | Hackathon\src\quorum |                          
                             | qa\qwen_client.py:22 |                          
                             | 5 in chat_json       |                          
                             |                      |                          
                             |   222                |                          
                             |   223                |                          
                             |   224                |                          
                             |       may have been  |                          
                             |       string value u |                          
                             | > 225         raise  |                          
                             |       + 1} attempts: |                          
                             |   226                |                          
                             +----------------------+                          
                             ValueError: Model                                 
                             qwen3.6-flash failed to                           
                             return parseable JSON                             
                             after 2 attempts:                                 
                             Invalid control                                   
                             character at: line 1                              
                             column 98 (char 97)                               
[08/01/26 15:58:32] INFO     e39471c3142648a5b5916e6a lever_experiments.py:2113
                             a6c4ca5d [control]:                               
                             final=C(wrong,                                    
                             escalated=False)                                  
                             cost=$0.00000                                     
[08/01/26 15:58:41] INFO     f7452fa83fca480db969c676 lever_experiments.py:2113
                             2ef902df [control]:                               
                             final=A(correct,                                  
                             escalated=False)                                  
                             cost=$0.00000                                     
[08/01/26 15:59:04] INFO     Processing request of type           server.py:733
                             CallToolRequest                                   
                    INFO     Processing request of type           server.py:733
                             CallToolRequest                                   
[08/01/26 15:59:45] ERROR    f6e082346bf34fb5935d776a lever_experiments.py:2111
                             253ae554: DROPPED after                           
                             unrecoverable error                               
                             +- Traceback (most rec-+                          
                             | C:\Users\Ong Jun     |                          
                             | Kai\Documents\Qwen   |                          
                             | Hackathon\.venv\Lib\ |                          
                             | site-packages\urllib |                          
                             | 3\connectionpool.py: |                          
                             | 534 in _make_request |                          
                             |                      |                          
                             |    531               |                          
                             |    532         # Rec |                          
                             |    533         try:  |                          
                             | >  534             r |                          
                             |    535         excep |                          
                             |    536             s |                          
                             |    537             r |                          
                             |                      |                          
                             | C:\Users\Ong Jun     |                          
                             | Kai\Documents\Qwen   |                          
                             | Hackathon\.venv\Lib\ |                          
                             | site-packages\urllib |                          
                             | 3\connection.py:571  |                          
                             | in getresponse       |                          
                             |                      |                          
                             |    568         _shut |                          
                             |    569               |                          
                             |    570         # Get |                          
                             | >  571         httpl |                          
                             |    572               |                          
                             |    573         try:  |                          
                             |    574             a |                          
                             |                      |                          
                             | C:\Users\Ong Jun     |                          
                             | Kai\AppData\Local\Pr |                          
                             | ograms\Python\Python |                          
                             | 312\Lib\http\client. |                          
                             | py:1430 in           |                          
                             | getresponse          |                          
                             |                      |                          
                             |   1427               |                          
                             |   1428         try:  |                          
                             |   1429             t |                          
                             | > 1430               |                          
                             |   1431             e |                          
                             |   1432               |                          
                             |   1433               |                          
                             |                      |                          
                             | C:\Users\Ong Jun     |                          
                             | Kai\AppData\Local\Pr |                          
                             | ograms\Python\Python |                          
                             | 312\Lib\http\client. |                          
                             | py:331 in begin      |                          
                             |                      |                          
                             |    328               |                          
                             |    329         # rea |                          
                             |    330         while |                          
                             | >  331             v |                          
                             |    332             i |                          
                             |    333               |                          
                             |    334             # |                          
                             |                      |                          
                             | C:\Users\Ong Jun     |                          
                             | Kai\AppData\Local\Pr |                          
                             | ograms\Python\Python |                          
                             | 312\Lib\http\client. |                          
                             | py:292 in            |                          
                             | _read_status         |                          
                             |                      |                          
                             |    289         self. |                          
                             |    290               |                          
                             |    291     def _read |                          
                             | >  292         line  |                          
                             |    293         if le |                          
                             |    294             r |                          
                             |    295         if se |                          
                             |                      |                          
                             | C:\Users\Ong Jun     |                          
                             | Kai\AppData\Local\Pr |                          
                             | ograms\Python\Python |                          
                             | 312\Lib\socket.py:72 |                          
                             | 0 in readinto        |                          
                             |                      |                          
                             |   717             ra |                          
                             |   718         while  |                          
                             |   719             tr |                          
                             | > 720                |                          
                             |   721             ex |                          
                             |   722                |                          
                             |   723                |                          
                             |                      |                          
                             | C:\Users\Ong Jun     |                          
                             | Kai\AppData\Local\Pr |                          
                             | ograms\Python\Python |                          
                             | 312\Lib\ssl.py:1251  |                          
                             | in recv_into         |                          
                             |                      |                          
                             |   1248               |                          
                             |   1249               |                          
                             |   1250               |                          
                             | > 1251             r |                          
                             |   1252         else: |                          
                             |   1253             r |                          
                             |   1254               |                          
                             |                      |                          
                             | C:\Users\Ong Jun     |                          
                             | Kai\AppData\Local\Pr |                          
                             | ograms\Python\Python |                          
                             | 312\Lib\ssl.py:1103  |                          
                             | in read              |                          
                             |                      |                          
                             |   1100             r |                          
                             |   1101         try:  |                          
                             |   1102             i |                          
                             | > 1103               |                          
                             |   1104             e |                          
                             |   1105               |                          
                             |   1106         excep |                          
                             +----------------------+                          
                             TimeoutError: The read                            
                             operation timed out                               
                                                                               
                             The above exception was                           
                             the direct cause of the                           
                             following exception:                              
                                                                               
                             +- Traceback (most rec-+                          
                             | C:\Users\Ong Jun     |                          
                             | Kai\Documents\Qwen   |                          
                             | Hackathon\.venv\Lib\ |                          
                             | site-packages\reques |                          
                             | ts\adapters.py:696   |                          
                             | in send              |                          
                             |                      |                          
                             |   693             re |                          
                             |   694                |                          
                             |   695         try:   |                          
                             | > 696             re |                          
                             |   697                |                          
                             |   698                |                          
                             |   699                |                          
                             |       accept Iterabl |                          
                             |                      |                          
                             | C:\Users\Ong Jun     |                          
                             | Kai\Documents\Qwen   |                          
                             | Hackathon\.venv\Lib\ |                          
                             | site-packages\urllib |                          
                             | 3\connectionpool.py: |                          
                             | 842 in urlopen       |                          
                             |                      |                          
                             |    839             e |                          
                             |    840               |                          
                             |    841               |                          
                             | >  842             r |                          
                             |    843               |                          
                             |    844             ) |                          
                             |    845             r |                          
                             |                      |                          
                             | C:\Users\Ong Jun     |                          
                             | Kai\Documents\Qwen   |                          
                             | Hackathon\.venv\Lib\ |                          
                             | site-packages\urllib |                          
                             | 3\util\retry.py:498  |                          
                             | in increment         |                          
                             |                      |                          
                             |   495         elif e |                          
                             |   496             #  |                          
                             |   497             if |                          
                             | > 498                |                          
                             |   499             el |                          
                             |   500                |                          
                             |   501                |                          
                             |                      |                          
                             | C:\Users\Ong Jun     |                          
                             | Kai\Documents\Qwen   |                          
                             | Hackathon\.venv\Lib\ |                          
                             | site-packages\urllib |                          
                             | 3\util\util.py:39 in |                          
                             | reraise              |                          
                             |                      |                          
                             |   36     try:        |                          
                             |   37         if valu |                          
                             |   38             rai |                          
                             | > 39         raise v |                          
                             |   40     finally:    |                          
                             |   41         value = |                          
                             |   42         tb = No |                          
                             |                      |                          
                             | C:\Users\Ong Jun     |                          
                             | Kai\Documents\Qwen   |                          
                             | Hackathon\.venv\Lib\ |                          
                             | site-packages\urllib |                          
                             | 3\connectionpool.py: |                          
                             | 788 in urlopen       |                          
                             |                      |                          
                             |    785             r |                          
                             |    786               |                          
                             |    787             # |                          
                             | >  788             r |                          
                             |    789               |                          
                             |    790               |                          
                             |    791               |                          
                             |                      |                          
                             | C:\Users\Ong Jun     |                          
                             | Kai\Documents\Qwen   |                          
                             | Hackathon\.venv\Lib\ |                          
                             | site-packages\urllib |                          
                             | 3\connectionpool.py: |                          
                             | 536 in _make_request |                          
                             |                      |                          
                             |    533         try:  |                          
                             |    534             r |                          
                             |    535         excep |                          
                             | >  536             s |                          
                             |    537             r |                          
                             |    538               |                          
                             |    539         # Set |                          
                             |                      |                          
                             | C:\Users\Ong Jun     |                          
                             | Kai\Documents\Qwen   |                          
                             | Hackathon\.venv\Lib\ |                          
                             | site-packages\urllib |                          
                             | 3\connectionpool.py: |                          
                             | 367 in               |                          
                             | _raise_timeout       |                          
                             |                      |                          
                             |    364         """Is |                          
                             |    365               |                          
                             |    366         if is |                          
                             | >  367             r |                          
                             |    368               |                          
                             |    369             ) |                          
                             |    370               |                          
                             +----------------------+                          
                             ReadTimeoutError:                                 
                             HTTPSConnectionPool(host                          
                             ='token-plan.ap-southeas                          
                             t-1.maas.aliyuncs.com',                           
                             port=443): Read timed                             
                             out. (read timeout=300)                           
                                                                               
                             During handling of the                            
                             above exception, another                          
                             exception occurred:                               
                                                                               
                             +- Traceback (most rec-+                          
                             | C:\Users\Ong Jun     |                          
                             | Kai\Documents\Qwen   |                          
                             | Hackathon\benchmark\ |                          
                             | lever_experiments.py |                          
                             | :2106 in _run_one    |                          
                             |                      |                          
                             |   2103 ):            |                          
                             |   2104     try:      |                          
                             |   2105         async |                          
                             | > 2106             r |                          
                             |   2107               |                          
                             |   2108               |                          
                             |   2109             ) |                          
                             |                      |                          
                             | C:\Users\Ong Jun     |                          
                             | Kai\Documents\Qwen   |                          
                             | Hackathon\benchmark\ |                          
                             | lever_experiments.py |                          
                             | :2092 in             |                          
                             | run_question_lever   |                          
                             |                      |                          
                             |   2089         # ver |                          
                             |   2090         # non |                          
                             |   2091         # tri |                          
                             | > 2092         resul |                          
                             |   2093             c |                          
                             |   2094             r |                          
                             |   2095         )     |                          
                             |                      |                          
                             | C:\Users\Ong Jun     |                          
                             | Kai\Documents\Qwen   |                          
                             | Hackathon\benchmark\ |                          
                             | lever_experiments.py |                          
                             | :1842 in _tribunal   |                          
                             |                      |                          
                             |   1839         clien |                          
                             |        evidence_bloc |                          
                             |   1840     )         |                          
                             |   1841     calls.ext |                          
                             | > 1842     verdict,  |                          
                             |   1843         adjud |                          
                             |        skeptic_rebut |                          
                             |   1844     )         |                          
                             |   1845     calls.app |                          
                             |                      |                          
                             | C:\Users\Ong Jun     |                          
                             | Kai\AppData\Local\Pr |                          
                             | ograms\Python\Python |                          
                             | 312\Lib\asyncio\thre |                          
                             | ads.py:25 in         |                          
                             | to_thread            |                          
                             |                      |                          
                             |   22     loop = even |                          
                             |   23     ctx = conte |                          
                             |   24     func_call = |                          
                             | > 25     return awai |                          
                             |   26                 |                          
                             |                      |                          
                             | C:\Users\Ong Jun     |                          
                             | Kai\AppData\Local\Pr |                          
                             | ograms\Python\Python |                          
                             | 312\Lib\concurrent\f |                          
                             | utures\thread.py:59  |                          
                             | in run               |                          
                             |                      |                          
                             |    56             re |                          
                             |    57                |                          
                             |    58         try:   |                          
                             | >  59             re |                          
                             |    60         except |                          
                             |    61             se |                          
                             |    62             #  |                          
                             |                      |                          
                             | C:\Users\Ong Jun     |                          
                             | Kai\Documents\Qwen   |                          
                             | Hackathon\src\quorum |                          
                             | qa\engine\judge.py:4 |                          
                             | 8 in adjudicate      |                          
                             |                      |                          
                             |   45         '"disse |                          
                             |   46         '"overt |                          
                             |   47     )           |                          
                             | > 48     result = cl |                          
                             |      role="judge")   |                          
                             |   49     dissent: Op |                          
                             |   50     verdict = J |                          
                             |   51         final_l |                          
                             |      fallback=solver |                          
                             |                      |                          
                             | C:\Users\Ong Jun     |                          
                             | Kai\Documents\Qwen   |                          
                             | Hackathon\src\quorum |                          
                             | qa\qwen_client.py:20 |                          
                             | 7 in chat_json       |                          
                             |                      |                          
                             |   204         spent_ |                          
                             |   205         spent_ |                          
                             |   206         for at |                          
                             | > 207             co |                          
                             |   208                |                          
                             |       max_tokens=max |                          
                             |   209                |                          
                             |   210             )  |                          
                             |                      |                          
                             | C:\Users\Ong Jun     |                          
                             | Kai\Documents\Qwen   |                          
                             | Hackathon\src\quorum |                          
                             | qa\qwen_client.py:16 |                          
                             | 4 in chat            |                          
                             |                      |                          
                             |   161         # in t |                          
                             |   162         # Chem |                          
                             |   163         # from |                          
                             | > 164         resp = |                          
                             |       timeout=self._ |                          
                             |   165         resp.r |                          
                             |   166         data = |                          
                             |   167                |                          
                             |                      |                          
                             | C:\Users\Ong Jun     |                          
                             | Kai\Documents\Qwen   |                          
                             | Hackathon\.venv\Lib\ |                          
                             | site-packages\reques |                          
                             | ts\api.py:134 in     |                          
                             | post                 |                          
                             |                      |                          
                             |   131     :rtype: re |                          
                             |   132     """        |                          
                             |   133                |                          
                             | > 134     return req |                          
                             |   135                |                          
                             |   136                |                          
                             |   137 def put(       |                          
                             |                      |                          
                             | C:\Users\Ong Jun     |                          
                             | Kai\Documents\Qwen   |                          
                             | Hackathon\.venv\Lib\ |                          
                             | site-packages\reques |                          
                             | ts\api.py:71 in      |                          
                             | request              |                          
                             |                      |                          
                             |    68     # avoid le |                          
                             |    69     # cases, a |                          
                             |    70     with sessi |                          
                             | >  71         return |                          
                             |    72                |                          
                             |    73                |                          
                             |    74 def get(       |                          
                             |                      |                          
                             | C:\Users\Ong Jun     |                          
                             | Kai\Documents\Qwen   |                          
                             | Hackathon\.venv\Lib\ |                          
                             | site-packages\reques |                          
                             | ts\sessions.py:651   |                          
                             | in request           |                          
                             |                      |                          
                             |   648             "a |                          
                             |   649         }      |                          
                             |   650         send_k |                          
                             | > 651         resp = |                          
                             |   652                |                          
                             |   653         return |                          
                             |   654                |                          
                             |                      |                          
                             | C:\Users\Ong Jun     |                          
                             | Kai\Documents\Qwen   |                          
                             | Hackathon\.venv\Lib\ |                          
                             | site-packages\reques |                          
                             | ts\sessions.py:784   |                          
                             | in send              |                          
                             |                      |                          
                             |   781         start  |                          
                             |   782                |                          
                             |   783         # Send |                          
                             | > 784         r = ad |                          
                             |   785                |                          
                             |   786         # Tota |                          
                             |   787         elapse |                          
                             |                      |                          
                             | C:\Users\Ong Jun     |                          
                             | Kai\Documents\Qwen   |                          
                             | Hackathon\.venv\Lib\ |                          
                             | site-packages\reques |                          
                             | ts\adapters.py:742   |                          
                             | in send              |                          
                             |                      |                          
                             |   739                |                          
                             |   740                |                          
                             |   741             el |                          
                             | > 742                |                          
                             |   743             el |                          
                             |   744                |                          
                             |   745             el |                          
                             +----------------------+                          
                             ReadTimeout:                                      
                             HTTPSConnectionPool(host                          
                             ='token-plan.ap-southeas                          
                             t-1.maas.aliyuncs.com',                           
                             port=443): Read timed                             
                             out. (read timeout=300)                           
[08/01/26 15:59:56] INFO     d2112d932a714bbf87508062 lever_experiments.py:2113
                             6c135d31 [control]:                               
                             final=C(wrong,                                    
                             escalated=False)                                  
                             cost=$0.00000                                     
[08/01/26 16:00:00] INFO     93c497d24ae74f5484c8be2f lever_experiments.py:2113
                             c2271f29 [control]:                               
                             final=B(correct,                                  
                             escalated=False)                                  
                             cost=$0.00000                                     
[08/01/26 16:00:12] INFO     b5017221b258477db4dc1206 lever_experiments.py:2113
                             f382f27c [control]:                               
                             final=B(correct,                                  
                             escalated=True)                                   
                             cost=$0.00000                                     
[08/01/26 16:00:13] INFO     9307245386e440adab7bfa7b lever_experiments.py:2113
                             e2eeb492 [control]:                               
                             final=B(correct,                                  
                             escalated=False)                                  
                             cost=$0.00000                                     
                    INFO     f1478d6b08f24d28a0c070d5 lever_experiments.py:2113
                             8c79bbad [control]:                               
                             final=A(wrong,                                    
                             escalated=False)                                  
                             cost=$0.00000                                     
[08/01/26 16:00:17] INFO     f619ae035456453e8f8f3460 lever_experiments.py:2113
                             4395cc3f [control]:                               
                             final=D(wrong,                                    
                             escalated=False)                                  
                             cost=$0.00000                                     
[08/01/26 16:00:20] INFO     484dbeadacb34cf2ab23e01b lever_experiments.py:2113
                             306d880c [control]:                               
                             final=C(correct,                                  
                             escalated=True)                                   
                             cost=$0.00000                                     
[08/01/26 16:00:23] INFO     580a2a26ce5145d481c569d7 lever_experiments.py:2113
                             36e50f88 [control]:                               
                             final=D(correct,                                  
                             escalated=False)                                  
                             cost=$0.00000                                     
[08/01/26 16:00:29] INFO     bcfc156935154d9aa7e4335b lever_experiments.py:2113
                             373b9428 [control]:                               
                             final=D(wrong,                                    
                             escalated=False)                                  
                             cost=$0.00000                                     
[08/01/26 16:00:31] INFO     223679a0fb1948b3b1281ac0 lever_experiments.py:2113
                             8855b9e8 [control]:                               
                             final=C(correct,                                  
                             escalated=False)                                  
                             cost=$0.00000                                     
[08/01/26 16:00:37] INFO     Processing request of type           server.py:733
                             CallToolRequest                                   
                    INFO     Processing request of type           server.py:733
                             CallToolRequest                                   
[08/01/26 16:00:48] INFO     Processing request of type           server.py:733
                             CallToolRequest                                   
[08/01/26 16:00:55] INFO     Processing request of type           server.py:733
                             CallToolRequest                                   
                    INFO     Processing request of type           server.py:733
                             CallToolRequest                                   
[08/01/26 16:01:13] INFO     0e9ae67466474359a2c81227 lever_experiments.py:2113
                             ce6b89cb [control]:                               
                             final=D(wrong,                                    
                             escalated=True)                                   
                             cost=$0.00000                                     
[08/01/26 16:01:21] INFO     2d13607b870b4161bc7c1783 lever_experiments.py:2113
                             fd0beb54 [control]:                               
                             final=A(correct,                                  
                             escalated=True)                                   
                             cost=$0.00000                                     
[08/01/26 16:01:24] INFO     775ac535425e4d018f158dd6 lever_experiments.py:2113
                             febdc74a [control]:                               
                             final=C(correct,                                  
                             escalated=False)                                  
                             cost=$0.00000                                     
[08/01/26 16:01:32] INFO     f584c3a789da4fd78ed4d1ce lever_experiments.py:2113
                             b7ad0019 [control]:                               
                             final=A(correct,                                  
                             escalated=False)                                  
                             cost=$0.00000                                     
[08/01/26 16:01:34] INFO     8340b646cf8a4d3d81b2c22e lever_experiments.py:2113
                             2d573143 [control]:                               
                             final=C(correct,                                  
                             escalated=False)                                  
                             cost=$0.00000                                     
[08/01/26 16:01:35] INFO     94fc9dd8bbbf45f0bb991c4d lever_experiments.py:2113
                             2c3d50a7 [control]:                               
                             final=A(correct,                                  
                             escalated=False)                                  
                             cost=$0.00000                                     
[08/01/26 16:01:47] INFO     bd089550a7184175b3730af3 lever_experiments.py:2113
                             1237c3d8 [control]:                               
                             final=C(correct,                                  
                             escalated=True)                                   
                             cost=$0.00000                                     
[08/01/26 16:01:48] INFO     Processing request of type           server.py:733
                             CallToolRequest                                   
                    INFO     Processing request of type           server.py:733
                             CallToolRequest                                   
[08/01/26 16:02:15] INFO     55b40c17366749e29507b832 lever_experiments.py:2113
                             6c86c549 [control]:                               
                             final=C(correct,                                  
                             escalated=True)                                   
                             cost=$0.00000                                     
                    WARNING  2/90 questions dropped   lever_experiments.py:2291
                             due to unrecoverable                              
                             errors                                            
[08/01/26 16:02:16] INFO     Wrote 88 results to      lever_experiments.py:2297
                             benchmark\results\META2_                          
                             control_supergpqa_seed13                          
                             13.jsonl                                          
--- seed 1313: arm B permuted_panel ---
[08/01/26 16:02:19] INFO     HTTP Request: HEAD                 _client.py:1025
                             https://huggingface.co/datasets/m-                
                             a-p/SuperGPQA/resolve/main/README.                
                             md "HTTP/1.1 307 Temporary                        
                             Redirect"                                         
                    INFO     HTTP Request: HEAD                 _client.py:1025
                             https://huggingface.co/api/resolve                
                             -cache/datasets/m-a-p/SuperGPQA/44                
                             30d4458112c7d4497fdcf94d7cc223313d                
                             6acf/README.md "HTTP/1.1 200 OK"                  
[08/01/26 16:02:20] INFO     HTTP Request: HEAD                 _client.py:1025
                             https://huggingface.co/datasets/m-                
                             a-p/SuperGPQA/resolve/4430d4458112                
                             c7d4497fdcf94d7cc223313d6acf/Super                
                             GPQA.py "HTTP/1.1 404 Not Found"                  
                    INFO     HTTP Request: HEAD                 _client.py:1025
                             https://s3.amazonaws.com/datasets.                
                             huggingface.co/datasets/datasets/m                
                             -a-p/SuperGPQA/m-a-p/SuperGPQA.py                 
                             "HTTP/1.1 404 Not Found"                          
[08/01/26 16:02:21] INFO     HTTP Request: GET                  _client.py:1025
                             https://huggingface.co/api/dataset                
                             s/m-a-p/SuperGPQA/revision/4430d44                
                             58112c7d4497fdcf94d7cc223313d6acf                 
                             "HTTP/1.1 200 OK"                                 
                    INFO     HTTP Request: HEAD                 _client.py:1025
                             https://huggingface.co/datasets/m-                
                             a-p/SuperGPQA/resolve/4430d4458112                
                             c7d4497fdcf94d7cc223313d6acf/.hugg                
                             ingface.yaml "HTTP/1.1 404 Not                    
                             Found"                                            
                    INFO     HTTP Request: GET                  _client.py:1025
                             https://datasets-server.huggingfac                
                             e.co/info?dataset=m-a-p/SuperGPQA                 
                             "HTTP/1.1 200 OK"                                 
                    INFO     HTTP Request: GET                  _client.py:1025
                             https://huggingface.co/api/dataset                
                             s/m-a-p/SuperGPQA/tree/4430d445811                
                             2c7d4497fdcf94d7cc223313d6acf/data                
                             ?recursive=true&expand=false                      
                             "HTTP/1.1 404 Not Found"                          
[08/01/26 16:02:22] INFO     HTTP Request: GET                  _client.py:1025
                             https://huggingface.co/api/dataset                
                             s/m-a-p/SuperGPQA/tree/4430d445811                
                             2c7d4497fdcf94d7cc223313d6acf?recu                
                             rsive=false&expand=false "HTTP/1.1                
                             200 OK"                                           
                    INFO     HTTP Request: HEAD                 _client.py:1025
                             https://huggingface.co/datasets/m-                
                             a-p/SuperGPQA/resolve/4430d4458112                
                             c7d4497fdcf94d7cc223313d6acf/datas                
                             et_infos.json "HTTP/1.1 404 Not                   
                             Found"                                            
                    INFO     Loaded 90 SuperGPQA items    load_supergpqa.py:198
                             (difficulty=hard, seed=1313,                      
                             max_choices=4)                                    
                    INFO     Loaded 90 supergpqa      lever_experiments.py:2228
                             questions (seed=1313)                             
                             for lever=permuted_panel                          
[08/01/26 16:02:26] INFO     d9dae18bc19d4998804a1b49 lever_experiments.py:2113
                             779192a5                                          
                             [permuted_panel]:                                 
                             final=D(correct,                                  
                             escalated=False,                                  
                             {'seat_permutations':                             
                             [{'seat_index': 0,                                
                             'shuffled_order': [0, 1,                          
                             3, 2],                                            
                             'shuffled_letter': 'C',                           
                             'canonical_letter':                               
                             'D'}, {'seat_index': 1,                           
                             'shuffled_order': [1, 2,                          
                             3, 0],                                            
                             'shuffled_letter': 'C',                           
                             'canonical_letter':                               
                             'D'}, {'seat_index': 2,                           
                             'shuffled_order': [2, 1,                          
                             3, 0],                                            
                             'shuffled_letter': 'C',                           
                             'canonical_letter':                               
                             'D'}]}) cost=$0.00000                             
[08/01/26 16:02:32] INFO     e706ab8388c24f29b19b738b lever_experiments.py:2113
                             e024aabf                                          
                             [permuted_panel]:                                 
                             final=C(correct,                                  
                             escalated=False,                                  
                             {'seat_permutations':                             
                             [{'seat_index': 0,                                
                             'shuffled_order': [2, 0,                          
                             3, 1],                                            
                             'shuffled_letter': 'A',                           
                             'canonical_letter':                               
                             'C'}, {'seat_index': 1,                           
                             'shuffled_order': [3, 0,                          
                             1, 2],                                            
                             'shuffled_letter': 'D',                           
                             'canonical_letter':                               
                             'C'}, {'seat_index': 2,                           
                             'shuffled_order': [0, 2,                          
                             3, 1],                                            
                             'shuffled_letter': 'B',                           
                             'canonical_letter':                               
                             'C'}]}) cost=$0.00000                             
[08/01/26 16:02:45] INFO     Processing request of type           server.py:733
                             CallToolRequest                                   
                    INFO     Processing request of type           server.py:733
                             ListToolsRequest                                  
                    INFO     Processing request of type           server.py:733
                             CallToolRequest                                   
[08/01/26 16:02:48] INFO     Processing request of type           server.py:733
                             CallToolRequest                                   
                    INFO     Processing request of type           server.py:733
                             CallToolRequest                                   
[08/01/26 16:02:53] INFO     Processing request of type           server.py:733
                             CallToolRequest                                   
                    INFO     Processing request of type           server.py:733
                             CallToolRequest                                   
[08/01/26 16:04:12] INFO     c154e737edb441979c509240 lever_experiments.py:2113
                             138298dd                                          
                             [permuted_panel]:                                 
                             final=C(correct,                                  
                             escalated=True,                                   
                             {'seat_permutations':                             
                             [{'seat_index': 0,                                
                             'shuffled_order': [0, 2,                          
                             1, 3],                                            
                             'shuffled_letter': 'B',                           
                             'canonical_letter':                               
                             'C'}, {'seat_index': 1,                           
                             'shuffled_order': [3, 2,                          
                             1, 0],                                            
                             'shuffled_letter': 'B',                           
                             'canonical_letter':                               
                             'C'}, {'seat_index': 2,                           
                             'shuffled_order': [3, 1,                          
                             2, 0],                                            
                             'shuffled_letter': 'B',                           
                             'canonical_letter':                               
                             'B'}]}) cost=$0.00000                             
                    INFO     78fd4500f6fc4cb1b37137d2 lever_experiments.py:2113
                             7dc4ac90                                          
                             [permuted_panel]:                                 
                             final=A(correct,                                  
                             escalated=True,                                   
                             {'seat_permutations':                             
                             [{'seat_index': 0,                                
                             'shuffled_order': [0, 1,                          
                             3, 2],                                            
                             'shuffled_letter': 'A',                           
                             'canonical_letter':                               
                             'A'}, {'seat_index': 1,                           
                             'shuffled_order': [3, 1,                          
                             0, 2],                                            
                             'shuffled_letter': 'D',                           
                             'canonical_letter':                               
                             'C'}, {'seat_index': 2,                           
                             'shuffled_order': [0, 1,                          
                             3, 2],                                            
                             'shuffled_letter': 'A',                           
                             'canonical_letter':                               
                             'A'}]}) cost=$0.00000                             
[08/01/26 16:04:17] INFO     36551d7a41884315ad28a49e lever_experiments.py:2113
                             289ce0e5                                          
                             [permuted_panel]:                                 
                             final=D(correct,                                  
                             escalated=True,                                   
                             {'seat_permutations':                             
                             [{'seat_index': 0,                                
                             'shuffled_order': [3, 2,                          
                             0, 1],                                            
                             'shuffled_letter': 'D',                           
                             'canonical_letter':                               
                             'B'}, {'seat_index': 1,                           
                             'shuffled_order': [2, 0,                          
                             3, 1],                                            
                             'shuffled_letter': 'C',                           
                             'canonical_letter':                               
                             'D'}, {'seat_index': 2,                           
                             'shuffled_order': [0, 3,                          
                             2, 1],                                            
                             'shuffled_letter': 'B',                           
                             'canonical_letter':                               
                             'D'}]}) cost=$0.00000                             
[08/01/26 16:04:24] INFO     c0117dda97024cfe8dd15c99 lever_experiments.py:2113
                             a89735b2                                          
                             [permuted_panel]:                                 
                             final=C(correct,                                  
                             escalated=False,                                  
                             {'seat_permutations':                             
                             [{'seat_index': 0,                                
                             'shuffled_order': [1, 3,                          
                             2, 0],                                            
                             'shuffled_letter': 'C',                           
                             'canonical_letter':                               
                             'C'}, {'seat_index': 1,                           
                             'shuffled_order': [1, 2,                          
                             0, 3],                                            
                             'shuffled_letter': 'B',                           
                             'canonical_letter':                               
                             'C'}, {'seat_index': 2,                           
                             'shuffled_order': [2, 1,                          
                             3, 0],                                            
                             'shuffled_letter': 'A',                           
                             'canonical_letter':                               
                             'C'}]}) cost=$0.00000                             
[08/01/26 16:04:33] INFO     Processing request of type           server.py:733
                             CallToolRequest                                   
                    INFO     Processing request of type           server.py:733
                             CallToolRequest                                   
[08/01/26 16:04:41] INFO     Processing request of type           server.py:733
                             CallToolRequest                                   
                    INFO     Processing request of type           server.py:733
                             CallToolRequest                                   
[08/01/26 16:05:12] INFO     d7755a021c1e490489c333e9 lever_experiments.py:2113
                             17b923c1                                          
                             [permuted_panel]:                                 
                             final=C(correct,                                  
                             escalated=True,                                   
                             {'seat_permutations':                             
                             [{'seat_index': 0,                                
                             'shuffled_order': [1, 3,                          
                             0, 2],                                            
                             'shuffled_letter': 'D',                           
                             'canonical_letter':                               
                             'C'}, {'seat_index': 1,                           
                             'shuffled_order': [0, 3,                          
                             2, 1],                                            
                             'shuffled_letter': 'C',                           
                             'canonical_letter':                               
                             'C'}, {'seat_index': 2,                           
                             'shuffled_order': [0, 2,                          
                             3, 1],                                            
                             'shuffled_letter': 'D',                           
                             'canonical_letter':                               
                             'B'}]}) cost=$0.00000                             
[08/01/26 16:05:13] INFO     b1551c0a366042789cbf2b11 lever_experiments.py:2113
                             d32c83d7                                          
                             [permuted_panel]:                                 
                             final=D(correct,                                  
                             escalated=True,                                   
                             {'seat_permutations':                             
                             [{'seat_index': 0,                                
                             'shuffled_order': [3, 0,                          
                             1, 2],                                            
                             'shuffled_letter': 'A',                           
                             'canonical_letter':                               
                             'D'}, {'seat_index': 1,                           
                             'shuffled_order': [0, 2,                          
                             3, 1],                                            
                             'shuffled_letter': 'D',                           
                             'canonical_letter':                               
                             'B'}, {'seat_index': 2,                           
                             'shuffled_order': [3, 0,                          
                             1, 2],                                            
                             'shuffled_letter': 'A',                           
                             'canonical_letter':                               
                             'D'}]}) cost=$0.00000                             
[08/01/26 16:05:25] INFO     Processing request of type           server.py:733
                             CallToolRequest                                   
                    INFO     Processing request of type           server.py:733
                             CallToolRequest                                   
[08/01/26 16:05:30] INFO     2ad84dab86404c8d9d570a98 lever_experiments.py:2113
                             3fbed133                                          
                             [permuted_panel]:                                 
                             final=B(wrong,                                    
                             escalated=False,                                  
                             {'seat_permutations':                             
                             [{'seat_index': 0,                                
                             'shuffled_order': [3, 1,                          
                             2, 0],                                            
                             'shuffled_letter': 'B',                           
                             'canonical_letter':                               
                             'B'}, {'seat_index': 1,                           
                             'shuffled_order': [2, 1,                          
                             0, 3],                                            
                             'shuffled_letter': 'B',                           
                             'canonical_letter':                               
                             'B'}, {'seat_index': 2,                           
                             'shuffled_order': [2, 0,                          
                             1, 3],                                            
                             'shuffled_letter': 'C',                           
                             'canonical_letter':                               
                             'B'}]}) cost=$0.00000                             
[08/01/26 16:06:03] INFO     Processing request of type           server.py:733
                             CallToolRequest                                   
                    INFO     Processing request of type           server.py:733
                             CallToolRequest                                   
[08/01/26 16:06:28] INFO     ca7a4f526d9445b1bbc61aa9 lever_experiments.py:2113
                             734b2496                                          
                             [permuted_panel]:                                 
                             final=A(correct,                                  
                             escalated=True,                                   
                             {'seat_permutations':                             
                             [{'seat_index': 0,                                
                             'shuffled_order': [1, 2,                          
                             0, 3],                                            
                             'shuffled_letter': 'B',                           
                             'canonical_letter':                               
                             'C'}, {'seat_index': 1,                           
                             'shuffled_order': [2, 3,                          
                             1, 0],                                            
                             'shuffled_letter': 'A',                           
                             'canonical_letter':                               
                             'C'}, {'seat_index': 2,                           
                             'shuffled_order': [2, 0,                          
                             1, 3],                                            
                             'shuffled_letter': 'D',                           
                             'canonical_letter':                               
                             'D'}]}) cost=$0.00000                             
[08/01/26 16:06:34] INFO     8c8f5155079448ae8631de3f lever_experiments.py:2113
                             098ed660                                          
                             [permuted_panel]:                                 
                             final=B(wrong,                                    
                             escalated=False,                                  
                             {'seat_permutations':                             
                             [{'seat_index': 0,                                
                             'shuffled_order': [2, 0,                          
                             1, 3],                                            
                             'shuffled_letter': 'C',                           
                             'canonical_letter':                               
                             'B'}, {'seat_index': 1,                           
                             'shuffled_order': [3, 2,                          
                             1, 0],                                            
                             'shuffled_letter': 'C',                           
                             'canonical_letter':                               
                             'B'}, {'seat_index': 2,                           
                             'shuffled_order': [1, 3,                          
                             0, 2],                                            
                             'shuffled_letter': 'A',                           
                             'canonical_letter':                               
                             'B'}]}) cost=$0.00000                             
[08/01/26 16:06:36] INFO     78ac1b5d74634d1a861784ea lever_experiments.py:2113
                             1ba4341a                                          
                             [permuted_panel]:                                 
                             final=B(correct,                                  
                             escalated=True,                                   
                             {'seat_permutations':                             
                             [{'seat_index': 0,                                
                             'shuffled_order': [2, 1,                          
                             0, 3],                                            
                             'shuffled_letter': 'A',                           
                             'canonical_letter':                               
                             'C'}, {'seat_index': 1,                           
                             'shuffled_order': [1, 2,                          
                             0, 3],                                            
                             'shuffled_letter': 'A',                           
                             'canonical_letter':                               
                             'B'}, {'seat_index': 2,                           
                             'shuffled_order': [1, 3,                          
                             2, 0],                                            
                             'shuffled_letter': 'A',                           
                             'canonical_letter':                               
                             'B'}]}) cost=$0.00000                             
                    INFO     0202feea0e3b48af93748396 lever_experiments.py:2113
                             fc2a2d24                                          
                             [permuted_panel]:                                 
                             final=C(wrong,                                    
                             escalated=False,                                  
                             {'seat_permutations':                             
                             [{'seat_index': 0,                                
                             'shuffled_order': [3, 0,                          
                             1, 2],                                            
                             'shuffled_letter': 'D',                           
                             'canonical_letter':                               
                             'C'}, {'seat_index': 1,                           
                             'shuffled_order': [1, 0,                          
                             3, 2],                                            
                             'shuffled_letter': 'D',                           
                             'canonical_letter':                               
                             'C'}, {'seat_index': 2,                           
                             'shuffled_order': [2, 0,                          
                             3, 1],                                            
                             'shuffled_letter': 'A',                           
                             'canonical_letter':                               
                             'C'}]}) cost=$0.00000                             
[08/01/26 16:06:39] INFO     9a7c64761a20499fbc470baa lever_experiments.py:2113
                             e9f95b25                                          
                             [permuted_panel]:                                 
                             final=D(wrong,                                    
                             escalated=False,                                  
                             {'seat_permutations':                             
                             [{'seat_index': 0,                                
                             'shuffled_order': [2, 1,                          
                             3, 0],                                            
                             'shuffled_letter': 'C',                           
                             'canonical_letter':                               
                             'D'}, {'seat_index': 1,                           
                             'shuffled_order': [2, 1,                          
                             0, 3],                                            
                             'shuffled_letter': 'D',                           
                             'canonical_letter':                               
                             'D'}, {'seat_index': 2,                           
                             'shuffled_order': [0, 1,                          
                             3, 2],                                            
                             'shuffled_letter': 'C',                           
                             'canonical_letter':                               
                             'D'}]}) cost=$0.00000                             
[08/01/26 16:06:47] INFO     30952d77bee74e64b984f1ca lever_experiments.py:2113
                             28c4bf8b                                          
                             [permuted_panel]:                                 
                             final=D(correct,                                  
                             escalated=False,                                  
                             {'seat_permutations':                             
                             [{'seat_index': 0,                                
                             'shuffled_order': [2, 3,                          
                             1, 0],                                            
                             'shuffled_letter': 'B',                           
                             'canonical_letter':                               
                             'D'}, {'seat_index': 1,                           
                             'shuffled_order': [0, 3,                          
                             1, 2],                                            
                             'shuffled_letter': 'B',                           
                             'canonical_letter':                               
                             'D'}, {'seat_index': 2,                           
                             'shuffled_order': [0, 3,                          
                             2, 1],                                            
                             'shuffled_letter': 'B',                           
                             'canonical_letter':                               
                             'D'}]}) cost=$0.00000                             
[08/01/26 16:06:55] INFO     Processing request of type           server.py:733
                             CallToolRequest                                   
                    INFO     Processing request of type           server.py:733
                             CallToolRequest                                   
[08/01/26 16:07:13] INFO     968e81e525114d08a0589db6 lever_experiments.py:2113
                             c41a6f60                                          
                             [permuted_panel]:                                 
                             final=A(correct,                                  
                             escalated=True,                                   
                             {'seat_permutations':                             
                             [{'seat_index': 0,                                
                             'shuffled_order': [3, 0,                          
                             1, 2],                                            
                             'shuffled_letter': 'B',                           
                             'canonical_letter':                               
                             'A'}, {'seat_index': 1,                           
                             'shuffled_order': [0, 1,                          
                             3, 2],                                            
                             'shuffled_letter': 'A',                           
                             'canonical_letter':                               
                             'A'}, {'seat_index': 2,                           
                             'shuffled_order': [2, 1,                          
                             3, 0],                                            
                             'shuffled_letter': 'A',                           
                             'canonical_letter':                               
                             'C'}]}) cost=$0.00000                             
[08/01/26 16:07:23] INFO     09addd707349419198fb032b lever_experiments.py:2113
                             aa9e3597                                          
                             [permuted_panel]:                                 
                             final=A(correct,                                  
                             escalated=False,                                  
                             {'seat_permutations':                             
                             [{'seat_index': 0,                                
                             'shuffled_order': [3, 0,                          
                             1, 2],                                            
                             'shuffled_letter': 'B',                           
                             'canonical_letter':                               
                             'A'}, {'seat_index': 1,                           
                             'shuffled_order': [0, 2,                          
                             3, 1],                                            
                             'shuffled_letter': 'A',                           
                             'canonical_letter':                               
                             'A'}, {'seat_index': 2,                           
                             'shuffled_order': [1, 2,                          
                             3, 0],                                            
                             'shuffled_letter': 'D',                           
                             'canonical_letter':                               
                             'A'}]}) cost=$0.00000                             
[08/01/26 16:07:48] INFO     Processing request of type           server.py:733
                             CallToolRequest                                   
                    INFO     Processing request of type           server.py:733
                             CallToolRequest                                   
[08/01/26 16:07:53] INFO     4b829eb2b3ef4946a2864049 lever_experiments.py:2113
                             650dbb1a                                          
                             [permuted_panel]:                                 
                             final=D(wrong,                                    
                             escalated=True,                                   
                             {'seat_permutations':                             
                             [{'seat_index': 0,                                
                             'shuffled_order': [1, 0,                          
                             3, 2],                                            
                             'shuffled_letter': 'C',                           
                             'canonical_letter':                               
                             'D'}, {'seat_index': 1,                           
                             'shuffled_order': [3, 1,                          
                             2, 0],                                            
                             'shuffled_letter': 'B',                           
                             'canonical_letter':                               
                             'B'}, {'seat_index': 2,                           
                             'shuffled_order': [1, 2,                          
                             3, 0],                                            
                             'shuffled_letter': 'A',                           
                             'canonical_letter':                               
                             'B'}]}) cost=$0.00000                             
[08/01/26 16:07:55] INFO     3d28fee8bfa34a5186ff1852 lever_experiments.py:2113
                             1309a203                                          
                             [permuted_panel]:                                 
                             final=B(correct,                                  
                             escalated=False,                                  
                             {'seat_permutations':                             
                             [{'seat_index': 0,                                
                             'shuffled_order': [2, 3,                          
                             1, 0],                                            
                             'shuffled_letter': 'C',                           
                             'canonical_letter':                               
                             'B'}, {'seat_index': 1,                           
                             'shuffled_order': [3, 0,                          
                             2, 1],                                            
                             'shuffled_letter': 'D',                           
                             'canonical_letter':                               
                             'B'}, {'seat_index': 2,                           
                             'shuffled_order': [2, 0,                          
                             3, 1],                                            
                             'shuffled_letter': 'D',                           
                             'canonical_letter':                               
                             'B'}]}) cost=$0.00000                             
[08/01/26 16:08:16] INFO     Processing request of type           server.py:733
                             CallToolRequest                                   
                    INFO     Processing request of type           server.py:733
                             CallToolRequest                                   
[08/01/26 16:09:52] INFO     774004067a734a18a4923c01 lever_experiments.py:2113
                             3e6fc14b                                          
                             [permuted_panel]:                                 
                             final=B(wrong,                                    
                             escalated=True,                                   
                             {'seat_permutations':                             
                             [{'seat_index': 0,                                
                             'shuffled_order': [1, 2,                          
                             3, 0],                                            
                             'shuffled_letter': 'C',                           
                             'canonical_letter':                               
                             'D'}, {'seat_index': 1,                           
                             'shuffled_order': [3, 1,                          
                             0, 2],                                            
                             'shuffled_letter': 'B',                           
                             'canonical_letter':                               
                             'B'}, {'seat_index': 2,                           
                             'shuffled_order': [3, 1,                          
                             0, 2],                                            
                             'shuffled_letter': 'D',                           
                             'canonical_letter':                               
                             'C'}]}) cost=$0.00000                             
[08/01/26 16:10:15] INFO     Processing request of type           server.py:733
                             CallToolRequest                                   
                    INFO     Processing request of type           server.py:733
                             CallToolRequest                                   
[08/01/26 16:10:43] INFO     4ec21da7a6b54ae48687790b lever_experiments.py:2113
                             02ef9020                                          
                             [permuted_panel]:                                 
                             final=C(wrong,                                    
                             escalated=True,                                   
                             {'seat_permutations':                             
                             [{'seat_index': 0,                                
                             'shuffled_order': [2, 3,                          
                             0, 1],                                            
                             'shuffled_letter': 'D',                           
                             'canonical_letter':                               
                             'B'}, {'seat_index': 1,                           
                             'shuffled_order': [0, 2,                          
                             1, 3],                                            
                             'shuffled_letter': 'D',                           
                             'canonical_letter':                               
                             'D'}, {'seat_index': 2,                           
                             'shuffled_order': [0, 3,                          
                             2, 1],                                            
                             'shuffled_letter': 'D',                           
                             'canonical_letter':                               
                             'B'}]}) cost=$0.00000                             
[08/01/26 16:10:49] INFO     ef3d6a36289849ff8849fc82 lever_experiments.py:2113
                             e530ab0b                                          
                             [permuted_panel]:                                 
                             final=D(wrong,                                    
                             escalated=True,                                   
                             {'seat_permutations':                             
                             [{'seat_index': 0,                                
                             'shuffled_order': [1, 0,                          
                             2, 3],                                            
                             'shuffled_letter': 'D',                           
                             'canonical_letter':                               
                             'D'}, {'seat_index': 1,                           
                             'shuffled_order': [1, 0,                          
                             3, 2],                                            
                             'shuffled_letter': 'D',                           
                             'canonical_letter':                               
                             'C'}, {'seat_index': 2,                           
                             'shuffled_order': [0, 2,                          
                             1, 3],                                            
                             'shuffled_letter': 'D',                           
                             'canonical_letter':                               
                             'D'}]}) cost=$0.00000                             
[08/01/26 16:11:00] INFO     Processing request of type           server.py:733
                             CallToolRequest                                   
                    INFO     Processing request of type           server.py:733
                             CallToolRequest                                   
[08/01/26 16:11:09] INFO     Processing request of type           server.py:733
                             CallToolRequest                                   
                    INFO     Processing request of type           server.py:733
                             CallToolRequest                                   
[08/01/26 16:11:32] INFO     47a92fe862634fa895357db1 lever_experiments.py:2113
                             ab33820b                                          
                             [permuted_panel]:                                 
                             final=A(correct,                                  
                             escalated=True,                                   
                             {'seat_permutations':                             
                             [{'seat_index': 0,                                
                             'shuffled_order': [1, 0,                          
                             2, 3],                                            
                             'shuffled_letter': 'B',                           
                             'canonical_letter':                               
                             'A'}, {'seat_index': 1,                           
                             'shuffled_order': [1, 0,                          
                             2, 3],                                            
                             'shuffled_letter': 'C',                           
                             'canonical_letter':                               
                             'C'}, {'seat_index': 2,                           
                             'shuffled_order': [1, 3,                          
                             2, 0],                                            
                             'shuffled_letter': 'C',                           
                             'canonical_letter':                               
                             'C'}]}) cost=$0.00000                             
[08/01/26 16:12:05] INFO     8fc5c339a8564778b3301447 lever_experiments.py:2113
                             c3228bf4                                          
                             [permuted_panel]:                                 
                             final=A(correct,                                  
                             escalated=True,                                   
                             {'seat_permutations':                             
                             [{'seat_index': 0,                                
                             'shuffled_order': [2, 1,                          
                             3, 0],                                            
                             'shuffled_letter': 'B',                           
                             'canonical_letter':                               
                             'B'}, {'seat_index': 1,                           
                             'shuffled_order': [0, 2,                          
                             1, 3],                                            
                             'shuffled_letter': 'C',                           
                             'canonical_letter':                               
                             'B'}, {'seat_index': 2,                           
                             'shuffled_order': [1, 2,                          
                             3, 0],                                            
                             'shuffled_letter': 'D',                           
                             'canonical_letter':                               
                             'A'}]}) cost=$0.00000                             
[08/01/26 16:12:12] INFO     Processing request of type           server.py:733
                             CallToolRequest                                   
                    INFO     Processing request of type           server.py:733
                             CallToolRequest                                   
[08/01/26 16:12:26] INFO     Processing request of type           server.py:733
                             CallToolRequest                                   
                    INFO     Processing request of type           server.py:733
                             CallToolRequest                                   
[08/01/26 16:12:27] INFO     047f68467ddd4a8ba5ad6d91 lever_experiments.py:2113
                             375c5d2b                                          
                             [permuted_panel]:                                 
                             final=D(correct,                                  
                             escalated=True,                                   
                             {'seat_permutations':                             
                             [{'seat_index': 0,                                
                             'shuffled_order': [3, 0,                          
                             1, 2],                                            
                             'shuffled_letter': 'A',                           
                             'canonical_letter':                               
                             'D'}, {'seat_index': 1,                           
                             'shuffled_order': [1, 2,                          
                             0, 3],                                            
                             'shuffled_letter': 'C',                           
                             'canonical_letter':                               
                             'A'}, {'seat_index': 2,                           
                             'shuffled_order': [3, 1,                          
                             2, 0],                                            
                             'shuffled_letter': 'C',                           
                             'canonical_letter':                               
                             'C'}]}) cost=$0.00000                             
[08/01/26 16:12:43] INFO     Processing request of type           server.py:733
                             CallToolRequest                                   
                    INFO     Processing request of type           server.py:733
                             CallToolRequest                                   
[08/01/26 16:13:37] INFO     64f55117676442599f4fd371 lever_experiments.py:2113
                             92175ae1                                          
                             [permuted_panel]:                                 
                             final=A(correct,                                  
                             escalated=True,                                   
                             {'seat_permutations':                             
                             [{'seat_index': 0,                                
                             'shuffled_order': [3, 1,                          
                             2, 0],                                            
                             'shuffled_letter': 'B',                           
                             'canonical_letter':                               
                             'B'}, {'seat_index': 1,                           
                             'shuffled_order': [0, 1,                          
                             2, 3],                                            
                             'shuffled_letter': 'B',                           
                             'canonical_letter':                               
                             'B'}, {'seat_index': 2,                           
                             'shuffled_order': [1, 0,                          
                             3, 2],                                            
                             'shuffled_letter': 'B',                           
                             'canonical_letter':                               
                             'A'}]}) cost=$0.00000                             
[08/01/26 16:13:40] INFO     c4989fc378654551b8ef93ad lever_experiments.py:2113
                             99fcf5bb                                          
                             [permuted_panel]:                                 
                             final=A(correct,                                  
                             escalated=False,                                  
                             {'seat_permutations':                             
                             [{'seat_index': 0,                                
                             'shuffled_order': [0, 1,                          
                             2, 3],                                            
                             'shuffled_letter': 'A',                           
                             'canonical_letter':                               
                             'A'}, {'seat_index': 1,                           
                             'shuffled_order': [1, 0,                          
                             3, 2],                                            
                             'shuffled_letter': 'B',                           
                             'canonical_letter':                               
                             'A'}, {'seat_index': 2,                           
                             'shuffled_order': [3, 0,                          
                             1, 2],                                            
                             'shuffled_letter': 'B',                           
                             'canonical_letter':                               
                             'A'}]}) cost=$0.00000                             
[08/01/26 16:13:46] INFO     8b4e8254ac8342208c0bcb95 lever_experiments.py:2113
                             4dc55cbe                                          
                             [permuted_panel]:                                 
                             final=D(correct,                                  
                             escalated=False,                                  
                             {'seat_permutations':                             
                             [{'seat_index': 0,                                
                             'shuffled_order': [0, 3,                          
                             1, 2],                                            
                             'shuffled_letter': 'B',                           
                             'canonical_letter':                               
                             'D'}, {'seat_index': 1,                           
                             'shuffled_order': [0, 1,                          
                             2, 3],                                            
                             'shuffled_letter': 'D',                           
                             'canonical_letter':                               
                             'D'}, {'seat_index': 2,                           
                             'shuffled_order': [1, 3,                          
                             2, 0],                                            
                             'shuffled_letter': 'B',                           
                             'canonical_letter':                               
                             'D'}]}) cost=$0.00000                             
[08/01/26 16:13:56] INFO     f1c62118b7ab4b21bbb61ab1 lever_experiments.py:2113
                             32292886                                          
                             [permuted_panel]:                                 
                             final=B(wrong,                                    
                             escalated=False,                                  
                             {'seat_permutations':                             
                             [{'seat_index': 0,                                
                             'shuffled_order': [0, 2,                          
                             1, 3],                                            
                             'shuffled_letter': 'C',                           
                             'canonical_letter':                               
                             'B'}, {'seat_index': 1,                           
                             'shuffled_order': [3, 0,                          
                             1, 2],                                            
                             'shuffled_letter': 'C',                           
                             'canonical_letter':                               
                             'B'}, {'seat_index': 2,                           
                             'shuffled_order': [0, 3,                          
                             1, 2],                                            
                             'shuffled_letter': 'C',                           
                             'canonical_letter':                               
                             'B'}]}) cost=$0.00000                             
[08/01/26 16:14:10] INFO     7e6059f1fc704d61a8894d28 lever_experiments.py:2113
                             22a9adf1                                          
                             [permuted_panel]:                                 
                             final=C(correct,                                  
                             escalated=False,                                  
                             {'seat_permutations':                             
                             [{'seat_index': 0,                                
                             'shuffled_order': [2, 1,                          
                             3, 0],                                            
                             'shuffled_letter': 'A',                           
                             'canonical_letter':                               
                             'C'}, {'seat_index': 1,                           
                             'shuffled_order': [2, 3,                          
                             1, 0],                                            
                             'shuffled_letter': 'A',                           
                             'canonical_letter':                               
                             'C'}, {'seat_index': 2,                           
                             'shuffled_order': [2, 1,                          
                             0, 3],                                            
                             'shuffled_letter': 'A',                           
                             'canonical_letter':                               
                             'C'}]}) cost=$0.00000                             
[08/01/26 16:14:16] INFO     0d2b0c44325c47acb16a53d2 lever_experiments.py:2113
                             b91c7366                                          
                             [permuted_panel]:                                 
                             final=A(correct,                                  
                             escalated=True,                                   
                             {'seat_permutations':                             
                             [{'seat_index': 0,                                
                             'shuffled_order': [1, 3,                          
                             2, 0],                                            
                             'shuffled_letter': 'D',                           
                             'canonical_letter':                               
                             'A'}, {'seat_index': 1,                           
                             'shuffled_order': [2, 1,                          
                             3, 0],                                            
                             'shuffled_letter': 'B',                           
                             'canonical_letter':                               
                             'B'}, {'seat_index': 2,                           
                             'shuffled_order': [1, 2,                          
                             3, 0],                                            
                             'shuffled_letter': 'D',                           
                             'canonical_letter':                               
                             'A'}]}) cost=$0.00000                             
[08/01/26 16:14:26] INFO     Processing request of type           server.py:733
                             CallToolRequest                                   
                    INFO     Processing request of type           server.py:733
                             CallToolRequest                                   
[08/01/26 16:14:27] INFO     3f82aa86950e439fb837f049 lever_experiments.py:2113
                             f0ea953d                                          
                             [permuted_panel]:                                 
                             final=C(correct,                                  
                             escalated=False,                                  
                             {'seat_permutations':                             
                             [{'seat_index': 0,                                
                             'shuffled_order': [2, 0,                          
                             1, 3],                                            
                             'shuffled_letter': 'A',                           
                             'canonical_letter':                               
                             'C'}, {'seat_index': 1,                           
                             'shuffled_order': [0, 1,                          
                             3, 2],                                            
                             'shuffled_letter': 'D',                           
                             'canonical_letter':                               
                             'C'}, {'seat_index': 2,                           
                             'shuffled_order': [1, 2,                          
                             0, 3],                                            
                             'shuffled_letter': 'B',                           
                             'canonical_letter':                               
                             'C'}]}) cost=$0.00000                             
[08/01/26 16:14:28] INFO     a1cd851a740e4ab7bd567d89 lever_experiments.py:2113
                             49936c04                                          
                             [permuted_panel]:                                 
                             final=D(correct,                                  
                             escalated=True,                                   
                             {'seat_permutations':                             
                             [{'seat_index': 0,                                
                             'shuffled_order': [1, 3,                          
                             2, 0],                                            
                             'shuffled_letter': 'C',                           
                             'canonical_letter':                               
                             'C'}, {'seat_index': 1,                           
                             'shuffled_order': [2, 1,                          
                             3, 0],                                            
                             'shuffled_letter': 'C',                           
                             'canonical_letter':                               
                             'D'}, {'seat_index': 2,                           
                             'shuffled_order': [1, 3,                          
                             0, 2],                                            
                             'shuffled_letter': 'B',                           
                             'canonical_letter':                               
                             'D'}]}) cost=$0.00000                             
[08/01/26 16:14:30] ERROR    765c0e886c0e46fa8618b2b9 lever_experiments.py:2111
                             190cd62e: DROPPED after                           
                             unrecoverable error                               
                             +- Traceback (most rec-+                          
                             | C:\Users\Ong Jun     |                          
                             | Kai\Documents\Qwen   |                          
                             | Hackathon\benchmark\ |                          
                             | lever_experiments.py |                          
                             | :2106 in _run_one    |                          
                             |                      |                          
                             |   2103 ):            |                          
                             |   2104     try:      |                          
                             |   2105         async |                          
                             | > 2106             r |                          
                             |   2107               |                          
                             |   2108               |                          
                             |   2109             ) |                          
                             |                      |                          
                             | C:\Users\Ong Jun     |                          
                             | Kai\Documents\Qwen   |                          
                             | Hackathon\benchmark\ |                          
                             | lever_experiments.py |                          
                             | :2092 in             |                          
                             | run_question_lever   |                          
                             |                      |                          
                             |   2089         # ver |                          
                             |   2090         # non |                          
                             |   2091         # tri |                          
                             | > 2092         resul |                          
                             |   2093             c |                          
                             |   2094             r |                          
                             |   2095         )     |                          
                             |                      |                          
                             | C:\Users\Ong Jun     |                          
                             | Kai\Documents\Qwen   |                          
                             | Hackathon\benchmark\ |                          
                             | lever_experiments.py |                          
                             | :1838 in _tribunal   |                          
                             |                      |                          
                             |   1835             i |                          
                             |   1836         )     |                          
                             |   1837               |                          
                             | > 1838     verifier_ |                          
                             |   1839         clien |                          
                             |        evidence_bloc |                          
                             |   1840     )         |                          
                             |   1841     calls.ext |                          
                             |                      |                          
                             | C:\Users\Ong Jun     |                          
                             | Kai\Documents\Qwen   |                          
                             | Hackathon\src\quorum |                          
                             | qa\engine\verifier.p |                          
                             | y:119 in verify      |                          
                             |                      |                          
                             |   116     if not exe |                          
                             |   117         return |                          
                             |   118                |                          
                             | > 119     findings,  |                          
                             |       evidence_block |                          
                             |   120     usages.app |                          
                             |   121     return fin |                          
                             |   122                |                          
                             |                      |                          
                             | C:\Users\Ong Jun     |                          
                             | Kai\AppData\Local\Pr |                          
                             | ograms\Python\Python |                          
                             | 312\Lib\asyncio\thre |                          
                             | ads.py:25 in         |                          
                             | to_thread            |                          
                             |                      |                          
                             |   22     loop = even |                          
                             |   23     ctx = conte |                          
                             |   24     func_call = |                          
                             | > 25     return awai |                          
                             |   26                 |                          
                             |                      |                          
                             | C:\Users\Ong Jun     |                          
                             | Kai\AppData\Local\Pr |                          
                             | ograms\Python\Python |                          
                             | 312\Lib\concurrent\f |                          
                             | utures\thread.py:59  |                          
                             | in run               |                          
                             |                      |                          
                             |    56             re |                          
                             |    57                |                          
                             |    58         try:   |                          
                             | >  59             re |                          
                             |    60         except |                          
                             |    61             se |                          
                             |    62             #  |                          
                             |                      |                          
                             | C:\Users\Ong Jun     |                          
                             | Kai\Documents\Qwen   |                          
                             | Hackathon\src\quorum |                          
                             | qa\engine\verifier.p |                          
                             | y:55 in _finalize    |                          
                             |                      |                          
                             |    52         'JSON  |                          
                             |    53         '"expl |                          
                             |    54     )          |                          
                             | >  55     result = c |                          
                             |       role="verifier |                          
                             |    56     findings_r |                          
                             |    57     findings = |                          
                             |    58     for c, f i |                          
                             |                      |                          
                             | C:\Users\Ong Jun     |                          
                             | Kai\Documents\Qwen   |                          
                             | Hackathon\src\quorum |                          
                             | qa\qwen_client.py:22 |                          
                             | 5 in chat_json       |                          
                             |                      |                          
                             |   222                |                          
                             |   223                |                          
                             |   224                |                          
                             |       may have been  |                          
                             |       string value u |                          
                             | > 225         raise  |                          
                             |       + 1} attempts: |                          
                             |   226                |                          
                             +----------------------+                          
                             ValueError: Model                                 
                             qwen3.6-flash failed to                           
                             return parseable JSON                             
                             after 2 attempts:                                 
                             Invalid control                                   
                             character at: line 1                              
                             column 332 (char 331)                             
[08/01/26 16:14:38] INFO     cdabb6c948f0457caa35d0ad lever_experiments.py:2113
                             ae08a5c6                                          
                             [permuted_panel]:                                 
                             final=C(correct,                                  
                             escalated=False,                                  
                             {'seat_permutations':                             
                             [{'seat_index': 0,                                
                             'shuffled_order': [1, 3,                          
                             2, 0],                                            
                             'shuffled_letter': 'C',                           
                             'canonical_letter':                               
                             'C'}, {'seat_index': 1,                           
                             'shuffled_order': [2, 1,                          
                             3, 0],                                            
                             'shuffled_letter': 'A',                           
                             'canonical_letter':                               
                             'C'}, {'seat_index': 2,                           
                             'shuffled_order': [2, 1,                          
                             3, 0],                                            
                             'shuffled_letter': 'A',                           
                             'canonical_letter':                               
                             'C'}]}) cost=$0.00000                             
[08/01/26 16:14:41] INFO     7d6ad8c52f0f4cc1a24f5174 lever_experiments.py:2113
                             4eb9190c                                          
                             [permuted_panel]:                                 
                             final=A(correct,                                  
                             escalated=False,                                  
                             {'seat_permutations':                             
                             [{'seat_index': 0,                                
                             'shuffled_order': [0, 3,                          
                             2, 1],                                            
                             'shuffled_letter': 'A',                           
                             'canonical_letter':                               
                             'A'}, {'seat_index': 1,                           
                             'shuffled_order': [0, 1,                          
                             3, 2],                                            
                             'shuffled_letter': 'A',                           
                             'canonical_letter':                               
                             'A'}, {'seat_index': 2,                           
                             'shuffled_order': [1, 3,                          
                             0, 2],                                            
                             'shuffled_letter': 'C',                           
                             'canonical_letter':                               
                             'A'}]}) cost=$0.00000                             
[08/01/26 16:14:43] INFO     Processing request of type           server.py:733
                             CallToolRequest                                   
                    INFO     Processing request of type           server.py:733
                             CallToolRequest                                   
[08/01/26 16:14:45] INFO     8c6efcacff52411bad4446c5 lever_experiments.py:2113
                             007130e7                                          
                             [permuted_panel]:                                 
                             final=A(correct,                                  
                             escalated=False,                                  
                             {'seat_permutations':                             
                             [{'seat_index': 0,                                
                             'shuffled_order': [3, 2,                          
                             1, 0],                                            
                             'shuffled_letter': 'D',                           
                             'canonical_letter':                               
                             'A'}, {'seat_index': 1,                           
                             'shuffled_order': [1, 3,                          
                             2, 0],                                            
                             'shuffled_letter': 'D',                           
                             'canonical_letter':                               
                             'A'}, {'seat_index': 2,                           
                             'shuffled_order': [2, 1,                          
                             3, 0],                                            
                             'shuffled_letter': 'D',                           
                             'canonical_letter':                               
                             'A'}]}) cost=$0.00000                             
[08/01/26 16:14:46] INFO     Processing request of type           server.py:733
                             CallToolRequest                                   
[08/01/26 16:14:56] INFO     78a564282a204bf9a6611c75 lever_experiments.py:2113
                             7217e2be                                          
                             [permuted_panel]:                                 
                             final=C(correct,                                  
                             escalated=False,                                  
                             {'seat_permutations':                             
                             [{'seat_index': 0,                                
                             'shuffled_order': [3, 1,                          
                             0, 2],                                            
                             'shuffled_letter': 'D',                           
                             'canonical_letter':                               
                             'C'}, {'seat_index': 1,                           
                             'shuffled_order': [3, 2,                          
                             1, 0],                                            
                             'shuffled_letter': 'B',                           
                             'canonical_letter':                               
                             'C'}, {'seat_index': 2,                           
                             'shuffled_order': [2, 0,                          
                             3, 1],                                            
                             'shuffled_letter': 'A',                           
                             'canonical_letter':                               
                             'C'}]}) cost=$0.00000                             
[08/01/26 16:15:14] INFO     Processing request of type           server.py:733
                             CallToolRequest                                   
                    INFO     Processing request of type           server.py:733
                             CallToolRequest                                   
[08/01/26 16:15:24] INFO     899a383bceea473abbc1fd01 lever_experiments.py:2113
                             48e790f9                                          
                             [permuted_panel]:                                 
                             final=A(correct,                                  
                             escalated=True,                                   
                             {'seat_permutations':                             
                             [{'seat_index': 0,                                
                             'shuffled_order': [2, 0,                          
                             1, 3],                                            
                             'shuffled_letter': 'B',                           
                             'canonical_letter':                               
                             'A'}, {'seat_index': 1,                           
                             'shuffled_order': [0, 2,                          
                             1, 3],                                            
                             'shuffled_letter': 'C',                           
                             'canonical_letter':                               
                             'B'}, {'seat_index': 2,                           
                             'shuffled_order': [2, 0,                          
                             1, 3],                                            
                             'shuffled_letter': 'C',                           
                             'canonical_letter':                               
                             'B'}]}) cost=$0.00000                             
[08/01/26 16:15:45] INFO     Processing request of type           server.py:733
                             CallToolRequest                                   
                    INFO     Processing request of type           server.py:733
                             CallToolRequest                                   
[08/01/26 16:15:50] INFO     9bd7f60ef909497db6860cc0 lever_experiments.py:2113
                             8ea6e4f7                                          
                             [permuted_panel]:                                 
                             final=D(wrong,                                    
                             escalated=True,                                   
                             {'seat_permutations':                             
                             [{'seat_index': 0,                                
                             'shuffled_order': [0, 1,                          
                             2, 3],                                            
                             'shuffled_letter': 'D',                           
                             'canonical_letter':                               
                             'D'}, {'seat_index': 1,                           
                             'shuffled_order': [2, 3,                          
                             0, 1],                                            
                             'shuffled_letter': 'C',                           
                             'canonical_letter':                               
                             'A'}, {'seat_index': 2,                           
                             'shuffled_order': [2, 3,                          
                             0, 1],                                            
                             'shuffled_letter': 'C',                           
                             'canonical_letter':                               
                             'A'}]}) cost=$0.00000                             
[08/01/26 16:16:14] INFO     Processing request of type           server.py:733
                             CallToolRequest                                   
                    INFO     Processing request of type           server.py:733
                             CallToolRequest                                   
[08/01/26 16:16:21] INFO     1622f49268b84531a9fe0669 lever_experiments.py:2113
                             2ab09371                                          
                             [permuted_panel]:                                 
                             final=B(correct,                                  
                             escalated=True,                                   
                             {'seat_permutations':                             
                             [{'seat_index': 0,                                
                             'shuffled_order': [2, 0,                          
                             3, 1],                                            
                             'shuffled_letter': 'A',                           
                             'canonical_letter':                               
                             'C'}, {'seat_index': 1,                           
                             'shuffled_order': [1, 0,                          
                             2, 3],                                            
                             'shuffled_letter': 'A',                           
                             'canonical_letter':                               
                             'B'}, {'seat_index': 2,                           
                             'shuffled_order': [0, 1,                          
                             3, 2],                                            
                             'shuffled_letter': 'B',                           
                             'canonical_letter':                               
                             'B'}]}) cost=$0.00000                             
[08/01/26 16:16:24] INFO     ebbc1e7241954b8189b49f92 lever_experiments.py:2113
                             726ce67a                                          
                             [permuted_panel]:                                 
                             final=D(correct,                                  
                             escalated=False,                                  
                             {'seat_permutations':                             
                             [{'seat_index': 0,                                
                             'shuffled_order': [1, 3,                          
                             2, 0],                                            
                             'shuffled_letter': 'B',                           
                             'canonical_letter':                               
                             'D'}, {'seat_index': 1,                           
                             'shuffled_order': [0, 1,                          
                             3, 2],                                            
                             'shuffled_letter': 'C',                           
                             'canonical_letter':                               
                             'D'}, {'seat_index': 2,                           
                             'shuffled_order': [1, 0,                          
                             2, 3],                                            
                             'shuffled_letter': 'D',                           
                             'canonical_letter':                               
                             'D'}]}) cost=$0.00000                             
[08/01/26 16:16:31] INFO     00f9c59ff117481cbbc88a3a lever_experiments.py:2113
                             7e32cc0b                                          
                             [permuted_panel]:                                 
                             final=A(correct,                                  
                             escalated=True,                                   
                             {'seat_permutations':                             
                             [{'seat_index': 0,                                
                             'shuffled_order': [0, 2,                          
                             3, 1],                                            
                             'shuffled_letter': 'B',                           
                             'canonical_letter':                               
                             'C'}, {'seat_index': 1,                           
                             'shuffled_order': [1, 0,                          
                             3, 2],                                            
                             'shuffled_letter': 'B',                           
                             'canonical_letter':                               
                             'A'}, {'seat_index': 2,                           
                             'shuffled_order': [0, 1,                          
                             2, 3],                                            
                             'shuffled_letter': 'B',                           
                             'canonical_letter':                               
                             'B'}]}) cost=$0.00000                             
[08/01/26 16:16:35] INFO     9131843fc01049059b93839b lever_experiments.py:2113
                             c1a1beaa                                          
                             [permuted_panel]:                                 
                             final=B(correct,                                  
                             escalated=False,                                  
                             {'seat_permutations':                             
                             [{'seat_index': 0,                                
                             'shuffled_order': [0, 2,                          
                             3, 1],                                            
                             'shuffled_letter': 'D',                           
                             'canonical_letter':                               
                             'B'}, {'seat_index': 1,                           
                             'shuffled_order': [2, 3,                          
                             1, 0],                                            
                             'shuffled_letter': 'C',                           
                             'canonical_letter':                               
                             'B'}, {'seat_index': 2,                           
                             'shuffled_order': [1, 2,                          
                             0, 3],                                            
                             'shuffled_letter': 'A',                           
                             'canonical_letter':                               
                             'B'}]}) cost=$0.00000                             
[08/01/26 16:16:37] INFO     a63462f4ff9e44289d3c9e4a lever_experiments.py:2113
                             91314250                                          
                             [permuted_panel]:                                 
                             final=A(correct,                                  
                             escalated=False,                                  
                             {'seat_permutations':                             
                             [{'seat_index': 0,                                
                             'shuffled_order': [3, 2,                          
                             0, 1],                                            
                             'shuffled_letter': 'C',                           
                             'canonical_letter':                               
                             'A'}, {'seat_index': 1,                           
                             'shuffled_order': [2, 3,                          
                             1, 0],                                            
                             'shuffled_letter': 'D',                           
                             'canonical_letter':                               
                             'A'}, {'seat_index': 2,                           
                             'shuffled_order': [2, 1,                          
                             3, 0],                                            
                             'shuffled_letter': 'D',                           
                             'canonical_letter':                               
                             'A'}]}) cost=$0.00000                             
[08/01/26 16:16:47] INFO     Processing request of type           server.py:733
                             CallToolRequest                                   
                    INFO     Processing request of type           server.py:733
                             CallToolRequest                                   
[08/01/26 16:17:03] INFO     Processing request of type           server.py:733
                             CallToolRequest                                   
                    INFO     Processing request of type           server.py:733
                             CallToolRequest                                   
[08/01/26 16:17:10] INFO     a184300ae28b4748a6422218 lever_experiments.py:2113
                             fe1fcaaf                                          
                             [permuted_panel]:                                 
                             final=C(correct,                                  
                             escalated=True,                                   
                             {'seat_permutations':                             
                             [{'seat_index': 0,                                
                             'shuffled_order': [0, 2,                          
                             3, 1],                                            
                             'shuffled_letter': 'D',                           
                             'canonical_letter':                               
                             'B'}, {'seat_index': 1,                           
                             'shuffled_order': [1, 3,                          
                             0, 2],                                            
                             'shuffled_letter': 'C',                           
                             'canonical_letter':                               
                             'A'}, {'seat_index': 2,                           
                             'shuffled_order': [3, 2,                          
                             0, 1],                                            
                             'shuffled_letter': 'D',                           
                             'canonical_letter':                               
                             'B'}]}) cost=$0.00000                             
[08/01/26 16:17:13] INFO     1bcdfc904e89419ba9ec65b6 lever_experiments.py:2113
                             8b9c1b41                                          
                             [permuted_panel]:                                 
                             final=C(wrong,                                    
                             escalated=False,                                  
                             {'seat_permutations':                             
                             [{'seat_index': 0,                                
                             'shuffled_order': [2, 1,                          
                             3, 0],                                            
                             'shuffled_letter': 'A',                           
                             'canonical_letter':                               
                             'C'}, {'seat_index': 1,                           
                             'shuffled_order': [2, 1,                          
                             0, 3],                                            
                             'shuffled_letter': 'A',                           
                             'canonical_letter':                               
                             'C'}, {'seat_index': 2,                           
                             'shuffled_order': [0, 2,                          
                             3, 1],                                            
                             'shuffled_letter': 'B',                           
                             'canonical_letter':                               
                             'C'}]}) cost=$0.00000                             
[08/01/26 16:17:33] INFO     Processing request of type           server.py:733
                             CallToolRequest                                   
[08/01/26 16:17:58] INFO     296634b8c949445facd9aace lever_experiments.py:2113
                             dc92d1bd                                          
                             [permuted_panel]:                                 
                             final=A(correct,                                  
                             escalated=True,                                   
                             {'seat_permutations':                             
                             [{'seat_index': 0,                                
                             'shuffled_order': [0, 2,                          
                             1, 3],                                            
                             'shuffled_letter': 'B',                           
                             'canonical_letter':                               
                             'C'}, {'seat_index': 1,                           
                             'shuffled_order': [3, 0,                          
                             2, 1],                                            
                             'shuffled_letter': 'B',                           
                             'canonical_letter':                               
                             'A'}, {'seat_index': 2,                           
                             'shuffled_order': [2, 3,                          
                             0, 1],                                            
                             'shuffled_letter': 'C',                           
                             'canonical_letter':                               
                             'A'}]}) cost=$0.00000                             
[08/01/26 16:18:04] INFO     efbbda37dce347b8bc026258 lever_experiments.py:2113
                             5af57720                                          
                             [permuted_panel]:                                 
                             final=C(correct,                                  
                             escalated=True,                                   
                             {'seat_permutations':                             
                             [{'seat_index': 0,                                
                             'shuffled_order': [0, 1,                          
                             2, 3],                                            
                             'shuffled_letter': 'C',                           
                             'canonical_letter':                               
                             'C'}, {'seat_index': 1,                           
                             'shuffled_order': [0, 3,                          
                             1, 2],                                            
                             'shuffled_letter': 'D',                           
                             'canonical_letter':                               
                             'C'}, {'seat_index': 2,                           
                             'shuffled_order': [1, 3,                          
                             0, 2],                                            
                             'shuffled_letter': 'A',                           
                             'canonical_letter':                               
                             'B'}]}) cost=$0.00000                             
[08/01/26 16:18:05] INFO     bd29ceac269047cfb917ac69 lever_experiments.py:2113
                             abccd331                                          
                             [permuted_panel]:                                 
                             final=D(correct,                                  
                             escalated=True,                                   
                             {'seat_permutations':                             
                             [{'seat_index': 0,                                
                             'shuffled_order': [2, 0,                          
                             3, 1],                                            
                             'shuffled_letter': 'B',                           
                             'canonical_letter':                               
                             'A'}, {'seat_index': 1,                           
                             'shuffled_order': [0, 2,                          
                             1, 3],                                            
                             'shuffled_letter': 'A',                           
                             'canonical_letter':                               
                             'A'}, {'seat_index': 2,                           
                             'shuffled_order': [0, 1,                          
                             3, 2],                                            
                             'shuffled_letter': 'C',                           
                             'canonical_letter':                               
                             'D'}]}) cost=$0.00000                             
[08/01/26 16:18:21] INFO     Processing request of type           server.py:733
                             CallToolRequest                                   
                    INFO     Processing request of type           server.py:733
                             CallToolRequest                                   
[08/01/26 16:18:26] INFO     Processing request of type           server.py:733
                             CallToolRequest                                   
                    INFO     Processing request of type           server.py:733
                             CallToolRequest                                   
[08/01/26 16:18:27] INFO     Processing request of type           server.py:733
                             CallToolRequest                                   
                    INFO     Processing request of type           server.py:733
                             CallToolRequest                                   
[08/01/26 16:18:55] INFO     176df1aecda443a39f416e15 lever_experiments.py:2113
                             834b6dd6                                          
                             [permuted_panel]:                                 
                             final=D(correct,                                  
                             escalated=True,                                   
                             {'seat_permutations':                             
                             [{'seat_index': 0,                                
                             'shuffled_order': [0, 1,                          
                             2, 3],                                            
                             'shuffled_letter': 'A',                           
                             'canonical_letter':                               
                             'A'}, {'seat_index': 1,                           
                             'shuffled_order': [3, 0,                          
                             1, 2],                                            
                             'shuffled_letter': 'A',                           
                             'canonical_letter':                               
                             'D'}, {'seat_index': 2,                           
                             'shuffled_order': [1, 2,                          
                             0, 3],                                            
                             'shuffled_letter': 'D',                           
                             'canonical_letter':                               
                             'D'}]}) cost=$0.00000                             
[08/01/26 16:19:12] INFO     Processing request of type           server.py:733
                             CallToolRequest                                   
                    INFO     Processing request of type           server.py:733
                             CallToolRequest                                   
[08/01/26 16:19:43] INFO     8fd7740fc68b474f955d52da lever_experiments.py:2113
                             8c6f3b36                                          
                             [permuted_panel]:                                 
                             final=A(correct,                                  
                             escalated=True,                                   
                             {'seat_permutations':                             
                             [{'seat_index': 0,                                
                             'shuffled_order': [2, 0,                          
                             3, 1],                                            
                             'shuffled_letter': 'B',                           
                             'canonical_letter':                               
                             'A'}, {'seat_index': 1,                           
                             'shuffled_order': [2, 1,                          
                             0, 3],                                            
                             'shuffled_letter': 'C',                           
                             'canonical_letter':                               
                             'A'}, {'seat_index': 2,                           
                             'shuffled_order': [1, 2,                          
                             3, 0],                                            
                             'shuffled_letter': 'B',                           
                             'canonical_letter':                               
                             'C'}]}) cost=$0.00000                             
[08/01/26 16:19:46] INFO     0a6d7b45805d46049f4a5f2d lever_experiments.py:2113
                             57dbdfab                                          
                             [permuted_panel]:                                 
                             final=A(correct,                                  
                             escalated=True,                                   
                             {'seat_permutations':                             
                             [{'seat_index': 0,                                
                             'shuffled_order': [3, 2,                          
                             0, 1],                                            
                             'shuffled_letter': 'C',                           
                             'canonical_letter':                               
                             'A'}, {'seat_index': 1,                           
                             'shuffled_order': [0, 2,                          
                             3, 1],                                            
                             'shuffled_letter': 'B',                           
                             'canonical_letter':                               
                             'C'}, {'seat_index': 2,                           
                             'shuffled_order': [0, 3,                          
                             1, 2],                                            
                             'shuffled_letter': 'D',                           
                             'canonical_letter':                               
                             'C'}]}) cost=$0.00000                             
[08/01/26 16:19:58] INFO     72c816932eb34ae5bc7dd5d9 lever_experiments.py:2113
                             fa3385d2                                          
                             [permuted_panel]:                                 
                             final=D(correct,                                  
                             escalated=False,                                  
                             {'seat_permutations':                             
                             [{'seat_index': 0,                                
                             'shuffled_order': [0, 3,                          
                             1, 2],                                            
                             'shuffled_letter': 'B',                           
                             'canonical_letter':                               
                             'D'}, {'seat_index': 1,                           
                             'shuffled_order': [3, 2,                          
                             0, 1],                                            
                             'shuffled_letter': 'A',                           
                             'canonical_letter':                               
                             'D'}, {'seat_index': 2,                           
                             'shuffled_order': [2, 0,                          
                             3, 1],                                            
                             'shuffled_letter': 'C',                           
                             'canonical_letter':                               
                             'D'}]}) cost=$0.00000                             
[08/01/26 16:20:05] INFO     Processing request of type           server.py:733
                             CallToolRequest                                   
                    INFO     Processing request of type           server.py:733
                             CallToolRequest                                   
[08/01/26 16:20:06] INFO     206733326acb4a0b822ea004 lever_experiments.py:2113
                             1dad0452                                          
                             [permuted_panel]:                                 
                             final=B(correct,                                  
                             escalated=True,                                   
                             {'seat_permutations':                             
                             [{'seat_index': 0,                                
                             'shuffled_order': [1, 3,                          
                             0, 2],                                            
                             'shuffled_letter': 'A',                           
                             'canonical_letter':                               
                             'B'}, {'seat_index': 1,                           
                             'shuffled_order': [2, 3,                          
                             1, 0],                                            
                             'shuffled_letter': 'A',                           
                             'canonical_letter':                               
                             'C'}, {'seat_index': 2,                           
                             'shuffled_order': [3, 1,                          
                             0, 2],                                            
                             'shuffled_letter': 'A',                           
                             'canonical_letter':                               
                             'D'}]}) cost=$0.00000                             
[08/01/26 16:20:07] INFO     9de35ddd9f964480ae7ef199 lever_experiments.py:2113
                             9f00e775                                          
                             [permuted_panel]:                                 
                             final=A(correct,                                  
                             escalated=False,                                  
                             {'seat_permutations':                             
                             [{'seat_index': 0,                                
                             'shuffled_order': [0, 2,                          
                             3, 1],                                            
                             'shuffled_letter': 'A',                           
                             'canonical_letter':                               
                             'A'}, {'seat_index': 1,                           
                             'shuffled_order': [0, 1,                          
                             2, 3],                                            
                             'shuffled_letter': 'A',                           
                             'canonical_letter':                               
                             'A'}, {'seat_index': 2,                           
                             'shuffled_order': [1, 2,                          
                             0, 3],                                            
                             'shuffled_letter': 'C',                           
                             'canonical_letter':                               
                             'A'}]}) cost=$0.00000                             
[08/01/26 16:20:09] ERROR    d3551b1d9a114d4fa9cf073f lever_experiments.py:2111
                             78a658dd: DROPPED after                           
                             unrecoverable error                               
                             +- Traceback (most rec-+                          
                             | C:\Users\Ong Jun     |                          
                             | Kai\Documents\Qwen   |                          
                             | Hackathon\benchmark\ |                          
                             | lever_experiments.py |                          
                             | :2106 in _run_one    |                          
                             |                      |                          
                             |   2103 ):            |                          
                             |   2104     try:      |                          
                             |   2105         async |                          
                             | > 2106             r |                          
                             |   2107               |                          
                             |   2108               |                          
                             |   2109             ) |                          
                             |                      |                          
                             | C:\Users\Ong Jun     |                          
                             | Kai\Documents\Qwen   |                          
                             | Hackathon\benchmark\ |                          
                             | lever_experiments.py |                          
                             | :2092 in             |                          
                             | run_question_lever   |                          
                             |                      |                          
                             |   2089         # ver |                          
                             |   2090         # non |                          
                             |   2091         # tri |                          
                             | > 2092         resul |                          
                             |   2093             c |                          
                             |   2094             r |                          
                             |   2095         )     |                          
                             |                      |                          
                             | C:\Users\Ong Jun     |                          
                             | Kai\Documents\Qwen   |                          
                             | Hackathon\benchmark\ |                          
                             | lever_experiments.py |                          
                             | :1838 in _tribunal   |                          
                             |                      |                          
                             |   1835             i |                          
                             |   1836         )     |                          
                             |   1837               |                          
                             | > 1838     verifier_ |                          
                             |   1839         clien |                          
                             |        evidence_bloc |                          
                             |   1840     )         |                          
                             |   1841     calls.ext |                          
                             |                      |                          
                             | C:\Users\Ong Jun     |                          
                             | Kai\Documents\Qwen   |                          
                             | Hackathon\src\quorum |                          
                             | qa\engine\verifier.p |                          
                             | y:119 in verify      |                          
                             |                      |                          
                             |   116     if not exe |                          
                             |   117         return |                          
                             |   118                |                          
                             | > 119     findings,  |                          
                             |       evidence_block |                          
                             |   120     usages.app |                          
                             |   121     return fin |                          
                             |   122                |                          
                             |                      |                          
                             | C:\Users\Ong Jun     |                          
                             | Kai\AppData\Local\Pr |                          
                             | ograms\Python\Python |                          
                             | 312\Lib\asyncio\thre |                          
                             | ads.py:25 in         |                          
                             | to_thread            |                          
                             |                      |                          
                             |   22     loop = even |                          
                             |   23     ctx = conte |                          
                             |   24     func_call = |                          
                             | > 25     return awai |                          
                             |   26                 |                          
                             |                      |                          
                             | C:\Users\Ong Jun     |                          
                             | Kai\AppData\Local\Pr |                          
                             | ograms\Python\Python |                          
                             | 312\Lib\concurrent\f |                          
                             | utures\thread.py:59  |                          
                             | in run               |                          
                             |                      |                          
                             |    56             re |                          
                             |    57                |                          
                             |    58         try:   |                          
                             | >  59             re |                          
                             |    60         except |                          
                             |    61             se |                          
                             |    62             #  |                          
                             |                      |                          
                             | C:\Users\Ong Jun     |                          
                             | Kai\Documents\Qwen   |                          
                             | Hackathon\src\quorum |                          
                             | qa\engine\verifier.p |                          
                             | y:55 in _finalize    |                          
                             |                      |                          
                             |    52         'JSON  |                          
                             |    53         '"expl |                          
                             |    54     )          |                          
                             | >  55     result = c |                          
                             |       role="verifier |                          
                             |    56     findings_r |                          
                             |    57     findings = |                          
                             |    58     for c, f i |                          
                             |                      |                          
                             | C:\Users\Ong Jun     |                          
                             | Kai\Documents\Qwen   |                          
                             | Hackathon\src\quorum |                          
                             | qa\qwen_client.py:22 |                          
                             | 5 in chat_json       |                          
                             |                      |                          
                             |   222                |                          
                             |   223                |                          
                             |   224                |                          
                             |       may have been  |                          
                             |       string value u |                          
                             | > 225         raise  |                          
                             |       + 1} attempts: |                          
                             |   226                |                          
                             +----------------------+                          
                             ValueError: Model                                 
                             qwen3.6-flash failed to                           
                             return parseable JSON                             
                             after 2 attempts:                                 
                             Invalid control                                   
                             character at: line 1                              
                             column 143 (char 142)                             
[08/01/26 16:20:20] INFO     Processing request of type           server.py:733
                             CallToolRequest                                   
                    INFO     Processing request of type           server.py:733
                             CallToolRequest                                   
[08/01/26 16:20:22] INFO     Processing request of type           server.py:733
                             CallToolRequest                                   
                    INFO     Processing request of type           server.py:733
                             CallToolRequest                                   
[08/01/26 16:20:24] INFO     Processing request of type           server.py:733
                             CallToolRequest                                   
                    INFO     Processing request of type           server.py:733
                             CallToolRequest                                   
[08/01/26 16:20:47] INFO     9b63c53c2d6142a3be06e401 lever_experiments.py:2113
                             0bc54f3f                                          
                             [permuted_panel]:                                 
                             final=C(correct,                                  
                             escalated=True,                                   
                             {'seat_permutations':                             
                             [{'seat_index': 0,                                
                             'shuffled_order': [0, 3,                          
                             1, 2],                                            
                             'shuffled_letter': 'D',                           
                             'canonical_letter':                               
                             'C'}, {'seat_index': 1,                           
                             'shuffled_order': [3, 2,                          
                             0, 1],                                            
                             'shuffled_letter': 'B',                           
                             'canonical_letter':                               
                             'C'}, {'seat_index': 2,                           
                             'shuffled_order': [0, 2,                          
                             3, 1],                                            
                             'shuffled_letter': 'A',                           
                             'canonical_letter':                               
                             'A'}]}) cost=$0.00000                             
[08/01/26 16:20:51] INFO     e1b7c9079b304a928b8fa2e7 lever_experiments.py:2113
                             3388267e                                          
                             [permuted_panel]:                                 
                             final=D(correct,                                  
                             escalated=True,                                   
                             {'seat_permutations':                             
                             [{'seat_index': 0,                                
                             'shuffled_order': [3, 2,                          
                             1, 0],                                            
                             'shuffled_letter': 'D',                           
                             'canonical_letter':                               
                             'A'}, {'seat_index': 1,                           
                             'shuffled_order': [1, 3,                          
                             0, 2],                                            
                             'shuffled_letter': 'C',                           
                             'canonical_letter':                               
                             'A'}, {'seat_index': 2,                           
                             'shuffled_order': [0, 2,                          
                             3, 1],                                            
                             'shuffled_letter': 'C',                           
                             'canonical_letter':                               
                             'D'}]}) cost=$0.00000                             
[08/01/26 16:20:55] INFO     b2db67f7fbf94e2d90c3220b lever_experiments.py:2113
                             1167db0c                                          
                             [permuted_panel]:                                 
                             final=B(correct,                                  
                             escalated=True,                                   
                             {'seat_permutations':                             
                             [{'seat_index': 0,                                
                             'shuffled_order': [0, 2,                          
                             3, 1],                                            
                             'shuffled_letter': 'A',                           
                             'canonical_letter':                               
                             'A'}, {'seat_index': 1,                           
                             'shuffled_order': [1, 3,                          
                             0, 2],                                            
                             'shuffled_letter': 'B',                           
                             'canonical_letter':                               
                             'D'}, {'seat_index': 2,                           
                             'shuffled_order': [1, 3,                          
                             2, 0],                                            
                             'shuffled_letter': 'A',                           
                             'canonical_letter':                               
                             'B'}]}) cost=$0.00000                             
[08/01/26 16:20:57] INFO     674fd9508773498499d78bf6 lever_experiments.py:2113
                             e2194315                                          
                             [permuted_panel]:                                 
                             final=C(correct,                                  
                             escalated=False,                                  
                             {'seat_permutations':                             
                             [{'seat_index': 0,                                
                             'shuffled_order': [0, 2,                          
                             3, 1],                                            
                             'shuffled_letter': 'B',                           
                             'canonical_letter':                               
                             'C'}, {'seat_index': 1,                           
                             'shuffled_order': [3, 0,                          
                             1, 2],                                            
                             'shuffled_letter': 'D',                           
                             'canonical_letter':                               
                             'C'}, {'seat_index': 2,                           
                             'shuffled_order': [0, 2,                          
                             1, 3],                                            
                             'shuffled_letter': 'B',                           
                             'canonical_letter':                               
                             'C'}]}) cost=$0.00000                             
[08/01/26 16:21:09] INFO     Processing request of type           server.py:733
                             CallToolRequest                                   
                    INFO     Processing request of type           server.py:733
                             CallToolRequest                                   
[08/01/26 16:21:11] INFO     Processing request of type           server.py:733
                             CallToolRequest                                   
                    INFO     Processing request of type           server.py:733
                             CallToolRequest                                   
[08/01/26 16:21:23] INFO     Processing request of type           server.py:733
                             CallToolRequest                                   
                    INFO     Processing request of type           server.py:733
                             CallToolRequest                                   
[08/01/26 16:21:50] INFO     340d0efcc84248f7b3db66f8 lever_experiments.py:2113
                             ca94bddd                                          
                             [permuted_panel]:                                 
                             final=B(correct,                                  
                             escalated=True,                                   
                             {'seat_permutations':                             
                             [{'seat_index': 0,                                
                             'shuffled_order': [1, 3,                          
                             2, 0],                                            
                             'shuffled_letter': 'D',                           
                             'canonical_letter':                               
                             'A'}, {'seat_index': 1,                           
                             'shuffled_order': [2, 0,                          
                             3, 1],                                            
                             'shuffled_letter': 'D',                           
                             'canonical_letter':                               
                             'B'}, {'seat_index': 2,                           
                             'shuffled_order': [0, 1,                          
                             2, 3],                                            
                             'shuffled_letter': 'B',                           
                             'canonical_letter':                               
                             'B'}]}) cost=$0.00000                             
[08/01/26 16:21:56] INFO     f6e082346bf34fb5935d776a lever_experiments.py:2113
                             253ae554                                          
                             [permuted_panel]:                                 
                             final=D(correct,                                  
                             escalated=True,                                   
                             {'seat_permutations':                             
                             [{'seat_index': 0,                                
                             'shuffled_order': [0, 1,                          
                             3, 2],                                            
                             'shuffled_letter': 'C',                           
                             'canonical_letter':                               
                             'D'}, {'seat_index': 1,                           
                             'shuffled_order': [0, 3,                          
                             2, 1],                                            
                             'shuffled_letter': 'B',                           
                             'canonical_letter':                               
                             'D'}, {'seat_index': 2,                           
                             'shuffled_order': [3, 2,                          
                             0, 1],                                            
                             'shuffled_letter': 'D',                           
                             'canonical_letter':                               
                             'B'}]}) cost=$0.00000                             
[08/01/26 16:22:02] INFO     Processing request of type           server.py:733
                             CallToolRequest                                   
                    INFO     Processing request of type           server.py:733
                             CallToolRequest                                   
[08/01/26 16:22:17] INFO     Processing request of type           server.py:733
                             CallToolRequest                                   
                    INFO     Processing request of type           server.py:733
                             CallToolRequest                                   
[08/01/26 16:22:37] INFO     26d8b4c903f943209c0da547 lever_experiments.py:2113
                             a5544e61                                          
                             [permuted_panel]:                                 
                             final=B(correct,                                  
                             escalated=True,                                   
                             {'seat_permutations':                             
                             [{'seat_index': 0,                                
                             'shuffled_order': [1, 2,                          
                             0, 3],                                            
                             'shuffled_letter': 'C',                           
                             'canonical_letter':                               
                             'A'}, {'seat_index': 1,                           
                             'shuffled_order': [0, 2,                          
                             1, 3],                                            
                             'shuffled_letter': 'A',                           
                             'canonical_letter':                               
                             'A'}, {'seat_index': 2,                           
                             'shuffled_order': [3, 0,                          
                             2, 1],                                            
                             'shuffled_letter': 'D',                           
                             'canonical_letter':                               
                             'B'}]}) cost=$0.00000                             
[08/01/26 16:22:54] INFO     Processing request of type           server.py:733
                             CallToolRequest                                   
                    INFO     Processing request of type           server.py:733
                             CallToolRequest                                   
[08/01/26 16:22:56] INFO     0fc034fb52e848f29f4c0d4e lever_experiments.py:2113
                             1ff334d1                                          
                             [permuted_panel]:                                 
                             final=B(correct,                                  
                             escalated=True,                                   
                             {'seat_permutations':                             
                             [{'seat_index': 0,                                
                             'shuffled_order': [0, 3,                          
                             1, 2],                                            
                             'shuffled_letter': 'D',                           
                             'canonical_letter':                               
                             'C'}, {'seat_index': 1,                           
                             'shuffled_order': [0, 1,                          
                             2, 3],                                            
                             'shuffled_letter': 'C',                           
                             'canonical_letter':                               
                             'C'}, {'seat_index': 2,                           
                             'shuffled_order': [2, 3,                          
                             1, 0],                                            
                             'shuffled_letter': 'C',                           
                             'canonical_letter':                               
                             'B'}]}) cost=$0.00000                             
[08/01/26 16:23:14] INFO     Processing request of type           server.py:733
                             CallToolRequest                                   
                    INFO     Processing request of type           server.py:733
                             CallToolRequest                                   
[08/01/26 16:23:26] INFO     8fb24105186c4421ac532b8c lever_experiments.py:2113
                             0908a36f                                          
                             [permuted_panel]:                                 
                             final=A(correct,                                  
                             escalated=True,                                   
                             {'seat_permutations':                             
                             [{'seat_index': 0,                                
                             'shuffled_order': [0, 1,                          
                             3, 2],                                            
                             'shuffled_letter': 'C',                           
                             'canonical_letter':                               
                             'D'}, {'seat_index': 1,                           
                             'shuffled_order': [2, 0,                          
                             1, 3],                                            
                             'shuffled_letter': 'B',                           
                             'canonical_letter':                               
                             'A'}, {'seat_index': 2,                           
                             'shuffled_order': [1, 0,                          
                             2, 3],                                            
                             'shuffled_letter': 'D',                           
                             'canonical_letter':                               
                             'D'}]}) cost=$0.00000                             
[08/01/26 16:23:33] INFO     187932078c6b47dca70f1567 lever_experiments.py:2113
                             aab84b52                                          
                             [permuted_panel]:                                 
                             final=B(correct,                                  
                             escalated=False,                                  
                             {'seat_permutations':                             
                             [{'seat_index': 0,                                
                             'shuffled_order': [2, 3,                          
                             1, 0],                                            
                             'shuffled_letter': 'C',                           
                             'canonical_letter':                               
                             'B'}, {'seat_index': 1,                           
                             'shuffled_order': [2, 3,                          
                             1, 0],                                            
                             'shuffled_letter': 'C',                           
                             'canonical_letter':                               
                             'B'}, {'seat_index': 2,                           
                             'shuffled_order': [2, 1,                          
                             3, 0],                                            
                             'shuffled_letter': 'B',                           
                             'canonical_letter':                               
                             'B'}]}) cost=$0.00000                             
[08/01/26 16:23:35] INFO     174d7c7909e948e29817e428 lever_experiments.py:2113
                             7e4210a0                                          
                             [permuted_panel]:                                 
                             final=D(correct,                                  
                             escalated=False,                                  
                             {'seat_permutations':                             
                             [{'seat_index': 0,                                
                             'shuffled_order': [1, 3,                          
                             2, 0],                                            
                             'shuffled_letter': 'B',                           
                             'canonical_letter':                               
                             'D'}, {'seat_index': 1,                           
                             'shuffled_order': [2, 1,                          
                             0, 3],                                            
                             'shuffled_letter': 'D',                           
                             'canonical_letter':                               
                             'D'}, {'seat_index': 2,                           
                             'shuffled_order': [1, 3,                          
                             0, 2],                                            
                             'shuffled_letter': 'B',                           
                             'canonical_letter':                               
                             'D'}]}) cost=$0.00000                             
[08/01/26 16:23:37] INFO     afbfd3786a104b4ba1e1ca8a lever_experiments.py:2113
                             399d4d74                                          
                             [permuted_panel]:                                 
                             final=C(correct,                                  
                             escalated=True,                                   
                             {'seat_permutations':                             
                             [{'seat_index': 0,                                
                             'shuffled_order': [0, 2,                          
                             3, 1],                                            
                             'shuffled_letter': 'C',                           
                             'canonical_letter':                               
                             'D'}, {'seat_index': 1,                           
                             'shuffled_order': [1, 3,                          
                             2, 0],                                            
                             'shuffled_letter': 'B',                           
                             'canonical_letter':                               
                             'D'}, {'seat_index': 2,                           
                             'shuffled_order': [3, 2,                          
                             0, 1],                                            
                             'shuffled_letter': 'B',                           
                             'canonical_letter':                               
                             'C'}]}) cost=$0.00000                             
[08/01/26 16:23:46] INFO     e39471c3142648a5b5916e6a lever_experiments.py:2113
                             a6c4ca5d                                          
                             [permuted_panel]:                                 
                             final=C(wrong,                                    
                             escalated=False,                                  
                             {'seat_permutations':                             
                             [{'seat_index': 0,                                
                             'shuffled_order': [2, 0,                          
                             1, 3],                                            
                             'shuffled_letter': 'A',                           
                             'canonical_letter':                               
                             'C'}, {'seat_index': 1,                           
                             'shuffled_order': [2, 3,                          
                             1, 0],                                            
                             'shuffled_letter': 'A',                           
                             'canonical_letter':                               
                             'C'}, {'seat_index': 2,                           
                             'shuffled_order': [1, 0,                          
                             3, 2],                                            
                             'shuffled_letter': 'D',                           
                             'canonical_letter':                               
                             'C'}]}) cost=$0.00000                             
[08/01/26 16:23:55] INFO     Processing request of type           server.py:733
                             CallToolRequest                                   
[08/01/26 16:23:58] ERROR    211f3b0fe38b4ae993212a73 lever_experiments.py:2111
                             98a5a2f2: DROPPED after                           
                             unrecoverable error                               
                             +- Traceback (most rec-+                          
                             | C:\Users\Ong Jun     |                          
                             | Kai\Documents\Qwen   |                          
                             | Hackathon\benchmark\ |                          
                             | lever_experiments.py |                          
                             | :2106 in _run_one    |                          
                             |                      |                          
                             |   2103 ):            |                          
                             |   2104     try:      |                          
                             |   2105         async |                          
                             | > 2106             r |                          
                             |   2107               |                          
                             |   2108               |                          
                             |   2109             ) |                          
                             |                      |                          
                             | C:\Users\Ong Jun     |                          
                             | Kai\Documents\Qwen   |                          
                             | Hackathon\benchmark\ |                          
                             | lever_experiments.py |                          
                             | :2092 in             |                          
                             | run_question_lever   |                          
                             |                      |                          
                             |   2089         # ver |                          
                             |   2090         # non |                          
                             |   2091         # tri |                          
                             | > 2092         resul |                          
                             |   2093             c |                          
                             |   2094             r |                          
                             |   2095         )     |                          
                             |                      |                          
                             | C:\Users\Ong Jun     |                          
                             | Kai\Documents\Qwen   |                          
                             | Hackathon\benchmark\ |                          
                             | lever_experiments.py |                          
                             | :1838 in _tribunal   |                          
                             |                      |                          
                             |   1835             i |                          
                             |   1836         )     |                          
                             |   1837               |                          
                             | > 1838     verifier_ |                          
                             |   1839         clien |                          
                             |        evidence_bloc |                          
                             |   1840     )         |                          
                             |   1841     calls.ext |                          
                             |                      |                          
                             | C:\Users\Ong Jun     |                          
                             | Kai\Documents\Qwen   |                          
                             | Hackathon\src\quorum |                          
                             | qa\engine\verifier.p |                          
                             | y:119 in verify      |                          
                             |                      |                          
                             |   116     if not exe |                          
                             |   117         return |                          
                             |   118                |                          
                             | > 119     findings,  |                          
                             |       evidence_block |                          
                             |   120     usages.app |                          
                             |   121     return fin |                          
                             |   122                |                          
                             |                      |                          
                             | C:\Users\Ong Jun     |                          
                             | Kai\AppData\Local\Pr |                          
                             | ograms\Python\Python |                          
                             | 312\Lib\asyncio\thre |                          
                             | ads.py:25 in         |                          
                             | to_thread            |                          
                             |                      |                          
                             |   22     loop = even |                          
                             |   23     ctx = conte |                          
                             |   24     func_call = |                          
                             | > 25     return awai |                          
                             |   26                 |                          
                             |                      |                          
                             | C:\Users\Ong Jun     |                          
                             | Kai\AppData\Local\Pr |                          
                             | ograms\Python\Python |                          
                             | 312\Lib\concurrent\f |                          
                             | utures\thread.py:59  |                          
                             | in run               |                          
                             |                      |                          
                             |    56             re |                          
                             |    57                |                          
                             |    58         try:   |                          
                             | >  59             re |                          
                             |    60         except |                          
                             |    61             se |                          
                             |    62             #  |                          
                             |                      |                          
                             | C:\Users\Ong Jun     |                          
                             | Kai\Documents\Qwen   |                          
                             | Hackathon\src\quorum |                          
                             | qa\engine\verifier.p |                          
                             | y:55 in _finalize    |                          
                             |                      |                          
                             |    52         'JSON  |                          
                             |    53         '"expl |                          
                             |    54     )          |                          
                             | >  55     result = c |                          
                             |       role="verifier |                          
                             |    56     findings_r |                          
                             |    57     findings = |                          
                             |    58     for c, f i |                          
                             |                      |                          
                             | C:\Users\Ong Jun     |                          
                             | Kai\Documents\Qwen   |                          
                             | Hackathon\src\quorum |                          
                             | qa\qwen_client.py:22 |                          
                             | 5 in chat_json       |                          
                             |                      |                          
                             |   222                |                          
                             |   223                |                          
                             |   224                |                          
                             |       may have been  |                          
                             |       string value u |                          
                             | > 225         raise  |                          
                             |       + 1} attempts: |                          
                             |   226                |                          
                             +----------------------+                          
                             ValueError: Model                                 
                             qwen3.6-flash failed to                           
                             return parseable JSON                             
                             after 2 attempts:                                 
                             Invalid control                                   
                             character at: line 1                              
                             column 106 (char 105)                             
[08/01/26 16:24:14] INFO     Processing request of type           server.py:733
                             CallToolRequest                                   
                    INFO     Processing request of type           server.py:733
                             CallToolRequest                                   
[08/01/26 16:24:19] INFO     Processing request of type           server.py:733
                             CallToolRequest                                   
                    INFO     Processing request of type           server.py:733
                             CallToolRequest                                   
[08/01/26 16:25:06] INFO     484dbeadacb34cf2ab23e01b lever_experiments.py:2113
                             306d880c                                          
                             [permuted_panel]:                                 
                             final=C(correct,                                  
                             escalated=True,                                   
                             {'seat_permutations':                             
                             [{'seat_index': 0,                                
                             'shuffled_order': [1, 2,                          
                             3, 0],                                            
                             'shuffled_letter': 'A',                           
                             'canonical_letter':                               
                             'B'}, {'seat_index': 1,                           
                             'shuffled_order': [2, 1,                          
                             0, 3],                                            
                             'shuffled_letter': 'A',                           
                             'canonical_letter':                               
                             'C'}, {'seat_index': 2,                           
                             'shuffled_order': [1, 2,                          
                             3, 0],                                            
                             'shuffled_letter': 'A',                           
                             'canonical_letter':                               
                             'B'}]}) cost=$0.00000                             
[08/01/26 16:25:19] INFO     d2112d932a714bbf87508062 lever_experiments.py:2113
                             6c135d31                                          
                             [permuted_panel]:                                 
                             final=C(wrong,                                    
                             escalated=False,                                  
                             {'seat_permutations':                             
                             [{'seat_index': 0,                                
                             'shuffled_order': [0, 1,                          
                             2, 3],                                            
                             'shuffled_letter': 'C',                           
                             'canonical_letter':                               
                             'C'}, {'seat_index': 1,                           
                             'shuffled_order': [1, 0,                          
                             3, 2],                                            
                             'shuffled_letter': 'D',                           
                             'canonical_letter':                               
                             'C'}, {'seat_index': 2,                           
                             'shuffled_order': [2, 0,                          
                             1, 3],                                            
                             'shuffled_letter': 'A',                           
                             'canonical_letter':                               
                             'C'}]}) cost=$0.00000                             
[08/01/26 16:25:23] INFO     93c497d24ae74f5484c8be2f lever_experiments.py:2113
                             c2271f29                                          
                             [permuted_panel]:                                 
                             final=B(correct,                                  
                             escalated=False,                                  
                             {'seat_permutations':                             
                             [{'seat_index': 0,                                
                             'shuffled_order': [3, 2,                          
                             1, 0],                                            
                             'shuffled_letter': 'C',                           
                             'canonical_letter':                               
                             'B'}, {'seat_index': 1,                           
                             'shuffled_order': [0, 3,                          
                             1, 2],                                            
                             'shuffled_letter': 'C',                           
                             'canonical_letter':                               
                             'B'}, {'seat_index': 2,                           
                             'shuffled_order': [0, 1,                          
                             3, 2],                                            
                             'shuffled_letter': 'B',                           
                             'canonical_letter':                               
                             'B'}]}) cost=$0.00000                             
[08/01/26 16:25:49] INFO     Processing request of type           server.py:733
                             CallToolRequest                                   
                    INFO     Processing request of type           server.py:733
                             CallToolRequest                                   
[08/01/26 16:26:09] INFO     f7452fa83fca480db969c676 lever_experiments.py:2113
                             2ef902df                                          
                             [permuted_panel]:                                 
                             final=A(correct,                                  
                             escalated=True,                                   
                             {'seat_permutations':                             
                             [{'seat_index': 0,                                
                             'shuffled_order': [3, 0,                          
                             1, 2],                                            
                             'shuffled_letter': 'D',                           
                             'canonical_letter':                               
                             'C'}, {'seat_index': 1,                           
                             'shuffled_order': [3, 1,                          
                             2, 0],                                            
                             'shuffled_letter': 'D',                           
                             'canonical_letter':                               
                             'A'}, {'seat_index': 2,                           
                             'shuffled_order': [1, 0,                          
                             3, 2],                                            
                             'shuffled_letter': 'C',                           
                             'canonical_letter':                               
                             'D'}]}) cost=$0.00000                             
[08/01/26 16:26:10] INFO     b5017221b258477db4dc1206 lever_experiments.py:2113
                             f382f27c                                          
                             [permuted_panel]:                                 
                             final=A(wrong,                                    
                             escalated=True,                                   
                             {'seat_permutations':                             
                             [{'seat_index': 0,                                
                             'shuffled_order': [2, 1,                          
                             3, 0],                                            
                             'shuffled_letter': 'B',                           
                             'canonical_letter':                               
                             'B'}, {'seat_index': 1,                           
                             'shuffled_order': [3, 1,                          
                             0, 2],                                            
                             'shuffled_letter': 'C',                           
                             'canonical_letter':                               
                             'A'}, {'seat_index': 2,                           
                             'shuffled_order': [0, 3,                          
                             1, 2],                                            
                             'shuffled_letter': 'D',                           
                             'canonical_letter':                               
                             'C'}]}) cost=$0.00000                             
[08/01/26 16:26:11] INFO     f1478d6b08f24d28a0c070d5 lever_experiments.py:2113
                             8c79bbad                                          
                             [permuted_panel]:                                 
                             final=A(wrong,                                    
                             escalated=False,                                  
                             {'seat_permutations':                             
                             [{'seat_index': 0,                                
                             'shuffled_order': [1, 0,                          
                             3, 2],                                            
                             'shuffled_letter': 'B',                           
                             'canonical_letter':                               
                             'A'}, {'seat_index': 1,                           
                             'shuffled_order': [3, 1,                          
                             2, 0],                                            
                             'shuffled_letter': 'D',                           
                             'canonical_letter':                               
                             'A'}, {'seat_index': 2,                           
                             'shuffled_order': [3, 2,                          
                             0, 1],                                            
                             'shuffled_letter': 'C',                           
                             'canonical_letter':                               
                             'A'}]}) cost=$0.00000                             
[08/01/26 16:26:15] INFO     f619ae035456453e8f8f3460 lever_experiments.py:2113
                             4395cc3f                                          
                             [permuted_panel]:                                 
                             final=D(wrong,                                    
                             escalated=False,                                  
                             {'seat_permutations':                             
                             [{'seat_index': 0,                                
                             'shuffled_order': [3, 0,                          
                             2, 1],                                            
                             'shuffled_letter': 'A',                           
                             'canonical_letter':                               
                             'D'}, {'seat_index': 1,                           
                             'shuffled_order': [0, 2,                          
                             3, 1],                                            
                             'shuffled_letter': 'C',                           
                             'canonical_letter':                               
                             'D'}, {'seat_index': 2,                           
                             'shuffled_order': [0, 1,                          
                             2, 3],                                            
                             'shuffled_letter': 'D',                           
                             'canonical_letter':                               
                             'D'}]}) cost=$0.00000                             
[08/01/26 16:26:22] INFO     580a2a26ce5145d481c569d7 lever_experiments.py:2113
                             36e50f88                                          
                             [permuted_panel]:                                 
                             final=D(correct,                                  
                             escalated=False,                                  
                             {'seat_permutations':                             
                             [{'seat_index': 0,                                
                             'shuffled_order': [3, 0,                          
                             2, 1],                                            
                             'shuffled_letter': 'A',                           
                             'canonical_letter':                               
                             'D'}, {'seat_index': 1,                           
                             'shuffled_order': [2, 0,                          
                             3, 1],                                            
                             'shuffled_letter': 'C',                           
                             'canonical_letter':                               
                             'D'}, {'seat_index': 2,                           
                             'shuffled_order': [2, 0,                          
                             3, 1],                                            
                             'shuffled_letter': 'C',                           
                             'canonical_letter':                               
                             'D'}]}) cost=$0.00000                             
[08/01/26 16:26:31] INFO     Processing request of type           server.py:733
                             CallToolRequest                                   
                    INFO     Processing request of type           server.py:733
                             CallToolRequest                                   
[08/01/26 16:26:43] INFO     9307245386e440adab7bfa7b lever_experiments.py:2113
                             e2eeb492                                          
                             [permuted_panel]:                                 
                             final=B(correct,                                  
                             escalated=True,                                   
                             {'seat_permutations':                             
                             [{'seat_index': 0,                                
                             'shuffled_order': [2, 3,                          
                             1, 0],                                            
                             'shuffled_letter': 'C',                           
                             'canonical_letter':                               
                             'B'}, {'seat_index': 1,                           
                             'shuffled_order': [0, 1,                          
                             2, 3],                                            
                             'shuffled_letter': 'B',                           
                             'canonical_letter':                               
                             'B'}, {'seat_index': 2,                           
                             'shuffled_order': [1, 3,                          
                             0, 2],                                            
                             'shuffled_letter': 'C',                           
                             'canonical_letter':                               
                             'A'}]}) cost=$0.00000                             
[08/01/26 16:26:47] INFO     Processing request of type           server.py:733
                             CallToolRequest                                   
                    INFO     Processing request of type           server.py:733
                             CallToolRequest                                   
[08/01/26 16:27:05] INFO     Processing request of type           server.py:733
                             CallToolRequest                                   
                    INFO     Processing request of type           server.py:733
                             CallToolRequest                                   
[08/01/26 16:27:25] INFO     2d13607b870b4161bc7c1783 lever_experiments.py:2113
                             fd0beb54                                          
                             [permuted_panel]:                                 
                             final=A(correct,                                  
                             escalated=True,                                   
                             {'seat_permutations':                             
                             [{'seat_index': 0,                                
                             'shuffled_order': [2, 1,                          
                             3, 0],                                            
                             'shuffled_letter': 'C',                           
                             'canonical_letter':                               
                             'D'}, {'seat_index': 1,                           
                             'shuffled_order': [2, 0,                          
                             3, 1],                                            
                             'shuffled_letter': 'B',                           
                             'canonical_letter':                               
                             'A'}, {'seat_index': 2,                           
                             'shuffled_order': [2, 0,                          
                             1, 3],                                            
                             'shuffled_letter': 'B',                           
                             'canonical_letter':                               
                             'A'}]}) cost=$0.00000                             
[08/01/26 16:27:32] INFO     Processing request of type           server.py:733
                             CallToolRequest                                   
                    INFO     Processing request of type           server.py:733
                             CallToolRequest                                   
[08/01/26 16:27:54] INFO     0e9ae67466474359a2c81227 lever_experiments.py:2113
                             ce6b89cb                                          
                             [permuted_panel]:                                 
                             final=D(wrong,                                    
                             escalated=True,                                   
                             {'seat_permutations':                             
                             [{'seat_index': 0,                                
                             'shuffled_order': [1, 0,                          
                             2, 3],                                            
                             'shuffled_letter': 'B',                           
                             'canonical_letter':                               
                             'A'}, {'seat_index': 1,                           
                             'shuffled_order': [1, 0,                          
                             2, 3],                                            
                             'shuffled_letter': 'B',                           
                             'canonical_letter':                               
                             'A'}, {'seat_index': 2,                           
                             'shuffled_order': [0, 3,                          
                             2, 1],                                            
                             'shuffled_letter': 'B',                           
                             'canonical_letter':                               
                             'D'}]}) cost=$0.00000                             
[08/01/26 16:28:01] INFO     223679a0fb1948b3b1281ac0 lever_experiments.py:2113
                             8855b9e8                                          
                             [permuted_panel]:                                 
                             final=C(correct,                                  
                             escalated=True,                                   
                             {'seat_permutations':                             
                             [{'seat_index': 0,                                
                             'shuffled_order': [3, 2,                          
                             0, 1],                                            
                             'shuffled_letter': 'B',                           
                             'canonical_letter':                               
                             'C'}, {'seat_index': 1,                           
                             'shuffled_order': [0, 1,                          
                             2, 3],                                            
                             'shuffled_letter': 'C',                           
                             'canonical_letter':                               
                             'C'}, {'seat_index': 2,                           
                             'shuffled_order': [0, 2,                          
                             1, 3],                                            
                             'shuffled_letter': 'D',                           
                             'canonical_letter':                               
                             'D'}]}) cost=$0.00000                             
[08/01/26 16:28:11] INFO     Processing request of type           server.py:733
                             CallToolRequest                                   
                    INFO     Processing request of type           server.py:733
                             CallToolRequest                                   
[08/01/26 16:28:12] INFO     775ac535425e4d018f158dd6 lever_experiments.py:2113
                             febdc74a                                          
                             [permuted_panel]:                                 
                             final=C(correct,                                  
                             escalated=False,                                  
                             {'seat_permutations':                             
                             [{'seat_index': 0,                                
                             'shuffled_order': [3, 1,                          
                             0, 2],                                            
                             'shuffled_letter': 'D',                           
                             'canonical_letter':                               
                             'C'}, {'seat_index': 1,                           
                             'shuffled_order': [2, 3,                          
                             0, 1],                                            
                             'shuffled_letter': 'A',                           
                             'canonical_letter':                               
                             'C'}, {'seat_index': 2,                           
                             'shuffled_order': [1, 3,                          
                             0, 2],                                            
                             'shuffled_letter': 'D',                           
                             'canonical_letter':                               
                             'C'}]}) cost=$0.00000                             
[08/01/26 16:28:21] INFO     f584c3a789da4fd78ed4d1ce lever_experiments.py:2113
                             b7ad0019                                          
                             [permuted_panel]:                                 
                             final=A(correct,                                  
                             escalated=False,                                  
                             {'seat_permutations':                             
                             [{'seat_index': 0,                                
                             'shuffled_order': [3, 1,                          
                             0, 2],                                            
                             'shuffled_letter': 'C',                           
                             'canonical_letter':                               
                             'A'}, {'seat_index': 1,                           
                             'shuffled_order': [2, 0,                          
                             1, 3],                                            
                             'shuffled_letter': 'B',                           
                             'canonical_letter':                               
                             'A'}, {'seat_index': 2,                           
                             'shuffled_order': [3, 1,                          
                             2, 0],                                            
                             'shuffled_letter': 'D',                           
                             'canonical_letter':                               
                             'A'}]}) cost=$0.00000                             
[08/01/26 16:28:33] INFO     8340b646cf8a4d3d81b2c22e lever_experiments.py:2113
                             2d573143                                          
                             [permuted_panel]:                                 
                             final=C(correct,                                  
                             escalated=False,                                  
                             {'seat_permutations':                             
                             [{'seat_index': 0,                                
                             'shuffled_order': [3, 2,                          
                             1, 0],                                            
                             'shuffled_letter': 'B',                           
                             'canonical_letter':                               
                             'C'}, {'seat_index': 1,                           
                             'shuffled_order': [2, 3,                          
                             0, 1],                                            
                             'shuffled_letter': 'A',                           
                             'canonical_letter':                               
                             'C'}, {'seat_index': 2,                           
                             'shuffled_order': [0, 2,                          
                             3, 1],                                            
                             'shuffled_letter': 'B',                           
                             'canonical_letter':                               
                             'C'}]}) cost=$0.00000                             
[08/01/26 16:28:37] INFO     94fc9dd8bbbf45f0bb991c4d lever_experiments.py:2113
                             2c3d50a7                                          
                             [permuted_panel]:                                 
                             final=A(correct,                                  
                             escalated=False,                                  
                             {'seat_permutations':                             
                             [{'seat_index': 0,                                
                             'shuffled_order': [1, 0,                          
                             3, 2],                                            
                             'shuffled_letter': 'B',                           
                             'canonical_letter':                               
                             'A'}, {'seat_index': 1,                           
                             'shuffled_order': [2, 3,                          
                             0, 1],                                            
                             'shuffled_letter': 'C',                           
                             'canonical_letter':                               
                             'A'}, {'seat_index': 2,                           
                             'shuffled_order': [2, 1,                          
                             0, 3],                                            
                             'shuffled_letter': 'C',                           
                             'canonical_letter':                               
                             'A'}]}) cost=$0.00000                             
[08/01/26 16:28:48] INFO     bcfc156935154d9aa7e4335b lever_experiments.py:2113
                             373b9428                                          
                             [permuted_panel]:                                 
                             final=C(wrong,                                    
                             escalated=True,                                   
                             {'seat_permutations':                             
                             [{'seat_index': 0,                                
                             'shuffled_order': [3, 2,                          
                             1, 0],                                            
                             'shuffled_letter': 'D',                           
                             'canonical_letter':                               
                             'A'}, {'seat_index': 1,                           
                             'shuffled_order': [2, 3,                          
                             1, 0],                                            
                             'shuffled_letter': 'A',                           
                             'canonical_letter':                               
                             'C'}, {'seat_index': 2,                           
                             'shuffled_order': [0, 2,                          
                             3, 1],                                            
                             'shuffled_letter': 'B',                           
                             'canonical_letter':                               
                             'C'}]}) cost=$0.00000                             
[08/01/26 16:29:02] INFO     Processing request of type           server.py:733
                             CallToolRequest                                   
                    INFO     Processing request of type           server.py:733
                             CallToolRequest                                   
[08/01/26 16:29:08] INFO     bd089550a7184175b3730af3 lever_experiments.py:2113
                             1237c3d8                                          
                             [permuted_panel]:                                 
                             final=C(correct,                                  
                             escalated=True,                                   
                             {'seat_permutations':                             
                             [{'seat_index': 0,                                
                             'shuffled_order': [3, 0,                          
                             1, 2],                                            
                             'shuffled_letter': 'D',                           
                             'canonical_letter':                               
                             'C'}, {'seat_index': 1,                           
                             'shuffled_order': [3, 1,                          
                             0, 2],                                            
                             'shuffled_letter': 'B',                           
                             'canonical_letter':                               
                             'B'}, {'seat_index': 2,                           
                             'shuffled_order': [2, 1,                          
                             0, 3],                                            
                             'shuffled_letter': 'D',                           
                             'canonical_letter':                               
                             'D'}]}) cost=$0.00000                             
[08/01/26 16:29:41] INFO     55b40c17366749e29507b832 lever_experiments.py:2113
                             6c86c549                                          
                             [permuted_panel]:                                 
                             final=C(correct,                                  
                             escalated=True,                                   
                             {'seat_permutations':                             
                             [{'seat_index': 0,                                
                             'shuffled_order': [2, 0,                          
                             1, 3],                                            
                             'shuffled_letter': 'A',                           
                             'canonical_letter':                               
                             'C'}, {'seat_index': 1,                           
                             'shuffled_order': [3, 2,                          
                             0, 1],                                            
                             'shuffled_letter': 'B',                           
                             'canonical_letter':                               
                             'C'}, {'seat_index': 2,                           
                             'shuffled_order': [3, 0,                          
                             1, 2],                                            
                             'shuffled_letter': 'A',                           
                             'canonical_letter':                               
                             'D'}]}) cost=$0.00000                             
[08/01/26 16:29:42] WARNING  3/90 questions dropped   lever_experiments.py:2291
                             due to unrecoverable                              
                             errors                                            
                    INFO     Wrote 87 results to      lever_experiments.py:2297
                             benchmark\results\META2_                          
                             permuted_panel_supergpqa                          
                             _seed1313.jsonl                                   
--- seed 2027: arm A control ---
[08/01/26 16:29:46] INFO     HTTP Request: HEAD                 _client.py:1025
                             https://huggingface.co/datasets/m-                
                             a-p/SuperGPQA/resolve/main/README.                
                             md "HTTP/1.1 307 Temporary                        
                             Redirect"                                         
                    INFO     HTTP Request: HEAD                 _client.py:1025
                             https://huggingface.co/api/resolve                
                             -cache/datasets/m-a-p/SuperGPQA/44                
                             30d4458112c7d4497fdcf94d7cc223313d                
                             6acf/README.md "HTTP/1.1 200 OK"                  
                    INFO     HTTP Request: HEAD                 _client.py:1025
                             https://huggingface.co/datasets/m-                
                             a-p/SuperGPQA/resolve/4430d4458112                
                             c7d4497fdcf94d7cc223313d6acf/Super                
                             GPQA.py "HTTP/1.1 404 Not Found"                  
[08/01/26 16:29:47] INFO     HTTP Request: HEAD                 _client.py:1025
                             https://s3.amazonaws.com/datasets.                
                             huggingface.co/datasets/datasets/m                
                             -a-p/SuperGPQA/m-a-p/SuperGPQA.py                 
                             "HTTP/1.1 404 Not Found"                          
                    INFO     HTTP Request: GET                  _client.py:1025
                             https://huggingface.co/api/dataset                
                             s/m-a-p/SuperGPQA/revision/4430d44                
                             58112c7d4497fdcf94d7cc223313d6acf                 
                             "HTTP/1.1 200 OK"                                 
[08/01/26 16:29:48] INFO     HTTP Request: HEAD                 _client.py:1025
                             https://huggingface.co/datasets/m-                
                             a-p/SuperGPQA/resolve/4430d4458112                
                             c7d4497fdcf94d7cc223313d6acf/.hugg                
                             ingface.yaml "HTTP/1.1 404 Not                    
                             Found"                                            
                    INFO     HTTP Request: GET                  _client.py:1025
                             https://datasets-server.huggingfac                
                             e.co/info?dataset=m-a-p/SuperGPQA                 
                             "HTTP/1.1 200 OK"                                 
                    INFO     HTTP Request: GET                  _client.py:1025
                             https://huggingface.co/api/dataset                
                             s/m-a-p/SuperGPQA/tree/4430d445811                
                             2c7d4497fdcf94d7cc223313d6acf/data                
                             ?recursive=true&expand=false                      
                             "HTTP/1.1 404 Not Found"                          
                    INFO     HTTP Request: GET                  _client.py:1025
                             https://huggingface.co/api/dataset                
                             s/m-a-p/SuperGPQA/tree/4430d445811                
                             2c7d4497fdcf94d7cc223313d6acf?recu                
                             rsive=false&expand=false "HTTP/1.1                
                             200 OK"                                           
[08/01/26 16:29:49] INFO     HTTP Request: HEAD                 _client.py:1025
                             https://huggingface.co/datasets/m-                
                             a-p/SuperGPQA/resolve/4430d4458112                
                             c7d4497fdcf94d7cc223313d6acf/datas                
                             et_infos.json "HTTP/1.1 404 Not                   
                             Found"                                            
                    INFO     Loaded 90 SuperGPQA items    load_supergpqa.py:198
                             (difficulty=hard, seed=2027,                      
                             max_choices=4)                                    
                    INFO     Loaded 90 supergpqa      lever_experiments.py:2228
                             questions (seed=2027)                             
                             for lever=control                                 
[08/01/26 16:29:59] INFO     89ea2c1b2c644c1bbe9ec05c lever_experiments.py:2113
                             de7a7c34 [control]:                               
                             final=A(correct,                                  
                             escalated=False)                                  
                             cost=$0.00000                                     
[08/01/26 16:30:01] INFO     76a63f6545bc4d38a4fd9106 lever_experiments.py:2113
                             794d4bc2 [control]:                               
                             final=D(correct,                                  
                             escalated=False)                                  
                             cost=$0.00000                                     
[08/01/26 16:30:06] INFO     Processing request of type           server.py:733
                             CallToolRequest                                   
                    INFO     Processing request of type           server.py:733
                             ListToolsRequest                                  
                    INFO     Processing request of type           server.py:733
                             CallToolRequest                                   
[08/01/26 16:30:08] INFO     ab9084f0f5294f298fde1cc8 lever_experiments.py:2113
                             f3639fcd [control]:                               
                             final=C(correct,                                  
                             escalated=False)                                  
                             cost=$0.00000                                     
[08/01/26 16:30:16] INFO     Processing request of type           server.py:733
                             CallToolRequest                                   
                    INFO     Processing request of type           server.py:733
                             CallToolRequest                                   
[08/01/26 16:30:17] INFO     9d8ad39cb8ab4c0081147062 lever_experiments.py:2113
                             9f812d2c [control]:                               
                             final=C(correct,                                  
                             escalated=False)                                  
                             cost=$0.00000                                     
[08/01/26 16:30:46] INFO     55fbb0e9c5c54d05be039b0b lever_experiments.py:2113
                             e87fa963 [control]:                               
                             final=B(correct,                                  
                             escalated=True)                                   
                             cost=$0.00000                                     
[08/01/26 16:30:51] INFO     6c66d34a74a44132867652c6 lever_experiments.py:2113
                             b18d2097 [control]:                               
                             final=C(correct,                                  
                             escalated=False)                                  
                             cost=$0.00000                                     
[08/01/26 16:30:55] INFO     ad8a1dde79bf494e95a80c5d lever_experiments.py:2113
                             2495692f [control]:                               
                             final=B(correct,                                  
                             escalated=True)                                   
                             cost=$0.00000                                     
[08/01/26 16:30:59] INFO     ad04a3dd9c6e47d2b696274e lever_experiments.py:2113
                             d0b959d3 [control]:                               
                             final=B(wrong,                                    
                             escalated=False)                                  
                             cost=$0.00000                                     
[08/01/26 16:31:08] INFO     8ec3055b24ae4df1a4ec131f lever_experiments.py:2113
                             82389818 [control]:                               
                             final=C(correct,                                  
                             escalated=False)                                  
                             cost=$0.00000                                     
[08/01/26 16:31:11] INFO     b2e311f4dbbb4a03b4364679 lever_experiments.py:2113
                             034a97fb [control]:                               
                             final=A(wrong,                                    
                             escalated=False)                                  
                             cost=$0.00000                                     
[08/01/26 16:31:27] INFO     Processing request of type           server.py:733
                             CallToolRequest                                   
                    INFO     Processing request of type           server.py:733
                             CallToolRequest                                   
[08/01/26 16:31:32] INFO     Processing request of type           server.py:733
                             CallToolRequest                                   
                    INFO     Processing request of type           server.py:733
                             CallToolRequest                                   
[08/01/26 16:32:29] INFO     7a2e5ffbf3004234945055db lever_experiments.py:2113
                             182b9dd2 [control]:                               
                             final=B(correct,                                  
                             escalated=True)                                   
                             cost=$0.00000                                     
[08/01/26 16:32:46] INFO     Processing request of type           server.py:733
                             CallToolRequest                                   
                    INFO     Processing request of type           server.py:733
                             CallToolRequest                                   
[08/01/26 16:32:51] ERROR    d2210fb73ac64555a5b21bd8 lever_experiments.py:2111
                             81efa662: DROPPED after                           
                             unrecoverable error                               
                             +- Traceback (most rec-+                          
                             | C:\Users\Ong Jun     |                          
                             | Kai\Documents\Qwen   |                          
                             | Hackathon\benchmark\ |                          
                             | lever_experiments.py |                          
                             | :2106 in _run_one    |                          
                             |                      |                          
                             |   2103 ):            |                          
                             |   2104     try:      |                          
                             |   2105         async |                          
                             | > 2106             r |                          
                             |   2107               |                          
                             |   2108               |                          
                             |   2109             ) |                          
                             |                      |                          
                             | C:\Users\Ong Jun     |                          
                             | Kai\Documents\Qwen   |                          
                             | Hackathon\benchmark\ |                          
                             | lever_experiments.py |                          
                             | :2092 in             |                          
                             | run_question_lever   |                          
                             |                      |                          
                             |   2089         # ver |                          
                             |   2090         # non |                          
                             |   2091         # tri |                          
                             | > 2092         resul |                          
                             |   2093             c |                          
                             |   2094             r |                          
                             |   2095         )     |                          
                             |                      |                          
                             | C:\Users\Ong Jun     |                          
                             | Kai\Documents\Qwen   |                          
                             | Hackathon\benchmark\ |                          
                             | lever_experiments.py |                          
                             | :1838 in _tribunal   |                          
                             |                      |                          
                             |   1835             i |                          
                             |   1836         )     |                          
                             |   1837               |                          
                             | > 1838     verifier_ |                          
                             |   1839         clien |                          
                             |        evidence_bloc |                          
                             |   1840     )         |                          
                             |   1841     calls.ext |                          
                             |                      |                          
                             | C:\Users\Ong Jun     |                          
                             | Kai\Documents\Qwen   |                          
                             | Hackathon\src\quorum |                          
                             | qa\engine\verifier.p |                          
                             | y:119 in verify      |                          
                             |                      |                          
                             |   116     if not exe |                          
                             |   117         return |                          
                             |   118                |                          
                             | > 119     findings,  |                          
                             |       evidence_block |                          
                             |   120     usages.app |                          
                             |   121     return fin |                          
                             |   122                |                          
                             |                      |                          
                             | C:\Users\Ong Jun     |                          
                             | Kai\AppData\Local\Pr |                          
                             | ograms\Python\Python |                          
                             | 312\Lib\asyncio\thre |                          
                             | ads.py:25 in         |                          
                             | to_thread            |                          
                             |                      |                          
                             |   22     loop = even |                          
                             |   23     ctx = conte |                          
                             |   24     func_call = |                          
                             | > 25     return awai |                          
                             |   26                 |                          
                             |                      |                          
                             | C:\Users\Ong Jun     |                          
                             | Kai\AppData\Local\Pr |                          
                             | ograms\Python\Python |                          
                             | 312\Lib\concurrent\f |                          
                             | utures\thread.py:59  |                          
                             | in run               |                          
                             |                      |                          
                             |    56             re |                          
                             |    57                |                          
                             |    58         try:   |                          
                             | >  59             re |                          
                             |    60         except |                          
                             |    61             se |                          
                             |    62             #  |                          
                             |                      |                          
                             | C:\Users\Ong Jun     |                          
                             | Kai\Documents\Qwen   |                          
                             | Hackathon\src\quorum |                          
                             | qa\engine\verifier.p |                          
                             | y:55 in _finalize    |                          
                             |                      |                          
                             |    52         'JSON  |                          
                             |    53         '"expl |                          
                             |    54     )          |                          
                             | >  55     result = c |                          
                             |       role="verifier |                          
                             |    56     findings_r |                          
                             |    57     findings = |                          
                             |    58     for c, f i |                          
                             |                      |                          
                             | C:\Users\Ong Jun     |                          
                             | Kai\Documents\Qwen   |                          
                             | Hackathon\src\quorum |                          
                             | qa\qwen_client.py:22 |                          
                             | 5 in chat_json       |                          
                             |                      |                          
                             |   222                |                          
                             |   223                |                          
                             |   224                |                          
                             |       may have been  |                          
                             |       string value u |                          
                             | > 225         raise  |                          
                             |       + 1} attempts: |                          
                             |   226                |                          
                             +----------------------+                          
                             ValueError: Model                                 
                             qwen3.6-flash failed to                           
                             return parseable JSON                             
                             after 2 attempts:                                 
                             Invalid control                                   
                             character at: line 4                              
                             column 76 (char 99)                               
[08/01/26 16:33:02] INFO     d38fbb868d8a44db9095fa17 lever_experiments.py:2113
                             5c8b5669 [control]:                               
                             final=D(correct,                                  
                             escalated=False)                                  
                             cost=$0.00000                                     
[08/01/26 16:33:07] INFO     c247b75bef6843a6bddb467b lever_experiments.py:2113
                             4f6530c7 [control]:                               
                             final=A(wrong,                                    
                             escalated=False)                                  
                             cost=$0.00000                                     
[08/01/26 16:33:38] INFO     Processing request of type           server.py:733
                             CallToolRequest                                   
[08/01/26 16:33:42] INFO     628b15eb4d254e64b066dc67 lever_experiments.py:2113
                             ca5899c7 [control]:                               
                             final=C(wrong,                                    
                             escalated=True)                                   
                             cost=$0.00000                                     
[08/01/26 16:34:00] INFO     Processing request of type           server.py:733
                             CallToolRequest                                   
                    INFO     Processing request of type           server.py:733
                             CallToolRequest                                   
[08/01/26 16:34:48] INFO     3b528408557e4e66833e5dcb lever_experiments.py:2113
                             38729f6e [control]:                               
                             final=B(correct,                                  
                             escalated=True)                                   
                             cost=$0.00000                                     
[08/01/26 16:35:10] INFO     Processing request of type           server.py:733
                             CallToolRequest                                   
                    INFO     Processing request of type           server.py:733
                             CallToolRequest                                   
[08/01/26 16:35:45] INFO     bcd97c9fdc49413386901915 lever_experiments.py:2113
                             ccb8c135 [control]:                               
                             final=B(correct,                                  
                             escalated=True)                                   
                             cost=$0.00000                                     
[08/01/26 16:35:57] INFO     b6905cbac56e46ac93c398b5 lever_experiments.py:2113
                             910034f1 [control]:                               
                             final=D(wrong,                                    
                             escalated=True)                                   
                             cost=$0.00000                                     
[08/01/26 16:36:13] INFO     Processing request of type           server.py:733
                             CallToolRequest                                   
                    INFO     Processing request of type           server.py:733
                             CallToolRequest                                   
[08/01/26 16:36:43] INFO     9ef94cd2aae94e19a8efffa4 lever_experiments.py:2113
                             a5b8615e [control]:                               
                             final=B(correct,                                  
                             escalated=True)                                   
                             cost=$0.00000                                     
[08/01/26 16:36:48] INFO     791dcce8a03d4e438922d478 lever_experiments.py:2113
                             82148a8c [control]:                               
                             final=B(wrong,                                    
                             escalated=False)                                  
                             cost=$0.00000                                     
[08/01/26 16:37:00] INFO     Processing request of type           server.py:733
                             CallToolRequest                                   
                    INFO     Processing request of type           server.py:733
                             CallToolRequest                                   
[08/01/26 16:37:45] INFO     798a0def38ad4b159fffa920 lever_experiments.py:2113
                             42113133 [control]:                               
                             final=C(wrong,                                    
                             escalated=True)                                   
                             cost=$0.00000                                     
[08/01/26 16:37:56] INFO     048b9dc1730044e48e9ef8f0 lever_experiments.py:2113
                             a0a59db7 [control]:                               
                             final=C(correct,                                  
                             escalated=False)                                  
                             cost=$0.00000                                     
[08/01/26 16:38:10] INFO     ff4de99c7ef14f75ade99c93 lever_experiments.py:2113
                             0a77d708 [control]:                               
                             final=A(correct,                                  
                             escalated=True)                                   
                             cost=$0.00000                                     
[08/01/26 16:38:21] INFO     Processing request of type           server.py:733
                             CallToolRequest                                   
                    INFO     Processing request of type           server.py:733
                             CallToolRequest                                   
[08/01/26 16:38:23] INFO     9fc6adcb15cf46cca872d9fa lever_experiments.py:2113
                             246a4c87 [control]:                               
                             final=B(wrong,                                    
                             escalated=True)                                   
                             cost=$0.00000                                     
[08/01/26 16:38:26] INFO     Processing request of type           server.py:733
                             CallToolRequest                                   
                    INFO     Processing request of type           server.py:733
                             CallToolRequest                                   
[08/01/26 16:38:34] INFO     c801c7e862564763917fcbb5 lever_experiments.py:2113
                             dfd43df2 [control]:                               
                             final=A(correct,                                  
                             escalated=False)                                  
                             cost=$0.00000                                     
[08/01/26 16:38:51] INFO     Processing request of type           server.py:733
                             CallToolRequest                                   
                    INFO     Processing request of type           server.py:733
                             CallToolRequest                                   
[08/01/26 16:39:08] INFO     fb41440f181242a1a6b3ce7b lever_experiments.py:2113
                             9664a762 [control]:                               
                             final=D(correct,                                  
                             escalated=True)                                   
                             cost=$0.00000                                     
[08/01/26 16:39:11] INFO     4490060d4abe45a984c1f896 lever_experiments.py:2113
                             5bf10633 [control]:                               
                             final=D(correct,                                  
                             escalated=False)                                  
                             cost=$0.00000                                     
[08/01/26 16:39:21] INFO     836465ad84b24ff996128fb8 lever_experiments.py:2113
                             7fd864a1 [control]:                               
                             final=D(wrong,                                    
                             escalated=False)                                  
                             cost=$0.00000                                     
[08/01/26 16:39:29] INFO     ab99e4e6e4f548f9bf22a0c4 lever_experiments.py:2113
                             afba770a [control]:                               
                             final=A(correct,                                  
                             escalated=False)                                  
                             cost=$0.00000                                     
[08/01/26 16:39:39] INFO     b77a565706b24e75ae738496 lever_experiments.py:2113
                             3892bd16 [control]:                               
                             final=A(correct,                                  
                             escalated=False)                                  
                             cost=$0.00000                                     
[08/01/26 16:39:49] INFO     90527d3655bc43029751e21c lever_experiments.py:2113
                             db4a4f8b [control]:                               
                             final=A(correct,                                  
                             escalated=False)                                  
                             cost=$0.00000                                     
[08/01/26 16:40:12] INFO     Processing request of type           server.py:733
                             CallToolRequest                                   
                    INFO     Processing request of type           server.py:733
                             CallToolRequest                                   
[08/01/26 16:40:21] INFO     74d4f7e6fb19400f97b2b573 lever_experiments.py:2113
                             30d24ad2 [control]:                               
                             final=B(correct,                                  
                             escalated=True)                                   
                             cost=$0.00000                                     
[08/01/26 16:40:23] INFO     14110586ac6f4e02ae2b41ca lever_experiments.py:2113
                             f9767644 [control]:                               
                             final=B(wrong,                                    
                             escalated=False)                                  
                             cost=$0.00000                                     
[08/01/26 16:40:32] INFO     52b6e83adfb346178c4b9df6 lever_experiments.py:2113
                             8b857c73 [control]:                               
                             final=D(correct,                                  
                             escalated=False)                                  
                             cost=$0.00000                                     
[08/01/26 16:40:47] INFO     Processing request of type           server.py:733
                             CallToolRequest                                   
                    INFO     Processing request of type           server.py:733
                             CallToolRequest                                   
[08/01/26 16:41:07] INFO     4eb47f01e9844a2f95a415de lever_experiments.py:2113
                             6a667c07 [control]:                               
                             final=D(correct,                                  
                             escalated=True)                                   
                             cost=$0.00000                                     
[08/01/26 16:41:17] INFO     85be4287145e40b1a4d47a10 lever_experiments.py:2113
                             5aafc40d [control]:                               
                             final=B(correct,                                  
                             escalated=False)                                  
                             cost=$0.00000                                     
[08/01/26 16:41:21] INFO     9981ef47a2e243f4808420c0 lever_experiments.py:2113
                             8eed14c9 [control]:                               
                             final=B(correct,                                  
                             escalated=True)                                   
                             cost=$0.00000                                     
[08/01/26 16:41:35] INFO     c3d30d41af104ec7841aea32 lever_experiments.py:2113
                             8cf0398a [control]:                               
                             final=D(wrong,                                    
                             escalated=False)                                  
                             cost=$0.00000                                     
[08/01/26 16:41:37] INFO     Processing request of type           server.py:733
                             CallToolRequest                                   
                    INFO     Processing request of type           server.py:733
                             CallToolRequest                                   
[08/01/26 16:42:04] INFO     df2bc2a981894511b0fb00a5 lever_experiments.py:2113
                             d2ba10ef [control]:                               
                             final=D(wrong,                                    
                             escalated=True)                                   
                             cost=$0.00000                                     
[08/01/26 16:42:18] INFO     192ee980ba5f414fa1c3fec5 lever_experiments.py:2113
                             aa78b4d6 [control]:                               
                             final=B(correct,                                  
                             escalated=True)                                   
                             cost=$0.00000                                     
[08/01/26 16:42:23] INFO     0b5d8b43d02347ac965f363b lever_experiments.py:2113
                             96fd85ea [control]:                               
                             final=C(correct,                                  
                             escalated=False)                                  
                             cost=$0.00000                                     
                    INFO     df91f480915e45eb8d59b4b6 lever_experiments.py:2113
                             446bc487 [control]:                               
                             final=D(wrong,                                    
                             escalated=True)                                   
                             cost=$0.00000                                     
[08/01/26 16:42:33] INFO     f8b2bc6a248c4235812f3dfb lever_experiments.py:2113
                             c187fed7 [control]:                               
                             final=D(correct,                                  
                             escalated=False)                                  
                             cost=$0.00000                                     
[08/01/26 16:42:41] INFO     Processing request of type           server.py:733
                             CallToolRequest                                   
                    INFO     Processing request of type           server.py:733
                             CallToolRequest                                   
[08/01/26 16:42:48] INFO     75137178e29747f9975dc762 lever_experiments.py:2113
                             4cca3109 [control]:                               
                             final=A(correct,                                  
                             escalated=True)                                   
                             cost=$0.00000                                     
[08/01/26 16:43:02] INFO     Processing request of type           server.py:733
                             CallToolRequest                                   
                    INFO     Processing request of type           server.py:733
                             CallToolRequest                                   
[08/01/26 16:43:20] INFO     3113881b9caf41ebae2c4c94 lever_experiments.py:2113
                             a66990ca [control]:                               
                             final=C(correct,                                  
                             escalated=True)                                   
                             cost=$0.00000                                     
[08/01/26 16:43:23] INFO     Processing request of type           server.py:733
                             CallToolRequest                                   
                    INFO     Processing request of type           server.py:733
                             CallToolRequest                                   
[08/01/26 16:43:32] INFO     929cbd9e50d94b17ba502491 lever_experiments.py:2113
                             9e4c2ae5 [control]:                               
                             final=A(correct,                                  
                             escalated=False)                                  
                             cost=$0.00000                                     
[08/01/26 16:43:45] INFO     1eb91932207046aaa56ce242 lever_experiments.py:2113
                             34ff69af [control]:                               
                             final=B(wrong,                                    
                             escalated=False)                                  
                             cost=$0.00000                                     
[08/01/26 16:43:57] INFO     93cbf3aecc4b4d94844acbd1 lever_experiments.py:2113
                             f9517e5d [control]:                               
                             final=D(correct,                                  
                             escalated=False)                                  
                             cost=$0.00000                                     
[08/01/26 16:44:08] INFO     b6ef5fa25f6c43bb8c1ac744 lever_experiments.py:2113
                             0eeb1067 [control]:                               
                             final=C(correct,                                  
                             escalated=False)                                  
                             cost=$0.00000                                     
[08/01/26 16:44:34] INFO     Processing request of type           server.py:733
                             CallToolRequest                                   
                    INFO     Processing request of type           server.py:733
                             CallToolRequest                                   
[08/01/26 16:44:36] INFO     c25421a681cd45c6bf920c29 lever_experiments.py:2113
                             2449e068 [control]:                               
                             final=D(wrong,                                    
                             escalated=True)                                   
                             cost=$0.00000                                     
[08/01/26 16:44:38] INFO     5e19e0c88d074381afd71950 lever_experiments.py:2113
                             1a7080a1 [control]:                               
                             final=D(wrong,                                    
                             escalated=False)                                  
                             cost=$0.00000                                     
[08/01/26 16:45:08] INFO     Processing request of type           server.py:733
                             CallToolRequest                                   
                    INFO     Processing request of type           server.py:733
                             CallToolRequest                                   
[08/01/26 16:45:10] INFO     774f278462814d6298417cd1 lever_experiments.py:2113
                             eeadb78e [control]:                               
                             final=D(correct,                                  
                             escalated=True)                                   
                             cost=$0.00000                                     
[08/01/26 16:45:13] ERROR    c502c96765ab4f3791359454 lever_experiments.py:2111
                             d93deb7a: DROPPED after                           
                             unrecoverable error                               
                             +- Traceback (most rec-+                          
                             | C:\Users\Ong Jun     |                          
                             | Kai\Documents\Qwen   |                          
                             | Hackathon\benchmark\ |                          
                             | lever_experiments.py |                          
                             | :2106 in _run_one    |                          
                             |                      |                          
                             |   2103 ):            |                          
                             |   2104     try:      |                          
                             |   2105         async |                          
                             | > 2106             r |                          
                             |   2107               |                          
                             |   2108               |                          
                             |   2109             ) |                          
                             |                      |                          
                             | C:\Users\Ong Jun     |                          
                             | Kai\Documents\Qwen   |                          
                             | Hackathon\benchmark\ |                          
                             | lever_experiments.py |                          
                             | :2092 in             |                          
                             | run_question_lever   |                          
                             |                      |                          
                             |   2089         # ver |                          
                             |   2090         # non |                          
                             |   2091         # tri |                          
                             | > 2092         resul |                          
                             |   2093             c |                          
                             |   2094             r |                          
                             |   2095         )     |                          
                             |                      |                          
                             | C:\Users\Ong Jun     |                          
                             | Kai\Documents\Qwen   |                          
                             | Hackathon\benchmark\ |                          
                             | lever_experiments.py |                          
                             | :1838 in _tribunal   |                          
                             |                      |                          
                             |   1835             i |                          
                             |   1836         )     |                          
                             |   1837               |                          
                             | > 1838     verifier_ |                          
                             |   1839         clien |                          
                             |        evidence_bloc |                          
                             |   1840     )         |                          
                             |   1841     calls.ext |                          
                             |                      |                          
                             | C:\Users\Ong Jun     |                          
                             | Kai\Documents\Qwen   |                          
                             | Hackathon\src\quorum |                          
                             | qa\engine\verifier.p |                          
                             | y:119 in verify      |                          
                             |                      |                          
                             |   116     if not exe |                          
                             |   117         return |                          
                             |   118                |                          
                             | > 119     findings,  |                          
                             |       evidence_block |                          
                             |   120     usages.app |                          
                             |   121     return fin |                          
                             |   122                |                          
                             |                      |                          
                             | C:\Users\Ong Jun     |                          
                             | Kai\AppData\Local\Pr |                          
                             | ograms\Python\Python |                          
                             | 312\Lib\asyncio\thre |                          
                             | ads.py:25 in         |                          
                             | to_thread            |                          
                             |                      |                          
                             |   22     loop = even |                          
                             |   23     ctx = conte |                          
                             |   24     func_call = |                          
                             | > 25     return awai |                          
                             |   26                 |                          
                             |                      |                          
                             | C:\Users\Ong Jun     |                          
                             | Kai\AppData\Local\Pr |                          
                             | ograms\Python\Python |                          
                             | 312\Lib\concurrent\f |                          
                             | utures\thread.py:59  |                          
                             | in run               |                          
                             |                      |                          
                             |    56             re |                          
                             |    57                |                          
                             |    58         try:   |                          
                             | >  59             re |                          
                             |    60         except |                          
                             |    61             se |                          
                             |    62             #  |                          
                             |                      |                          
                             | C:\Users\Ong Jun     |                          
                             | Kai\Documents\Qwen   |                          
                             | Hackathon\src\quorum |                          
                             | qa\engine\verifier.p |                          
                             | y:55 in _finalize    |                          
                             |                      |                          
                             |    52         'JSON  |                          
                             |    53         '"expl |                          
                             |    54     )          |                          
                             | >  55     result = c |                          
                             |       role="verifier |                          
                             |    56     findings_r |                          
                             |    57     findings = |                          
                             |    58     for c, f i |                          
                             |                      |                          
                             | C:\Users\Ong Jun     |                          
                             | Kai\Documents\Qwen   |                          
                             | Hackathon\src\quorum |                          
                             | qa\qwen_client.py:22 |                          
                             | 5 in chat_json       |                          
                             |                      |                          
                             |   222                |                          
                             |   223                |                          
                             |   224                |                          
                             |       may have been  |                          
                             |       string value u |                          
                             | > 225         raise  |                          
                             |       + 1} attempts: |                          
                             |   226                |                          
                             +----------------------+                          
                             ValueError: Model                                 
                             qwen3.6-flash failed to                           
                             return parseable JSON                             
                             after 2 attempts:                                 
                             Invalid control                                   
                             character at: line 1                              
                             column 82 (char 81)                               
[08/01/26 16:45:15] INFO     ad7ec8ee49764f129a83dd55 lever_experiments.py:2113
                             7f25782e [control]:                               
                             final=A(correct,                                  
                             escalated=True)                                   
                             cost=$0.00000                                     
[08/01/26 16:45:19] INFO     09064f2131ad4c6fb1f28bc7 lever_experiments.py:2113
                             cf992775 [control]:                               
                             final=B(correct,                                  
                             escalated=False)                                  
                             cost=$0.00000                                     
[08/01/26 16:45:20] INFO     02492626d107478d80ef8dab lever_experiments.py:2113
                             8f14eae1 [control]:                               
                             final=D(correct,                                  
                             escalated=False)                                  
                             cost=$0.00000                                     
[08/01/26 16:45:27] INFO     eb78f399e33e4fde99373c29 lever_experiments.py:2113
                             44da84ba [control]:                               
                             final=D(correct,                                  
                             escalated=False)                                  
                             cost=$0.00000                                     
[08/01/26 16:45:38] INFO     Processing request of type           server.py:733
                             CallToolRequest                                   
                    INFO     Processing request of type           server.py:733
                             CallToolRequest                                   
[08/01/26 16:45:38] INFO     fb0d689c14dc4dd785e21646 lever_experiments.py:2113
                             5959a82e [control]:                               
                             final=B(correct,                                  
                             escalated=False)                                  
                             cost=$0.00000                                     
[08/01/26 16:45:41] INFO     e2b440285e784f36815fe1a9 lever_experiments.py:2113
                             69ac7254 [control]:                               
                             final=C(correct,                                  
                             escalated=False)                                  
                             cost=$0.00000                                     
[08/01/26 16:46:01] INFO     8648572e55d842439a803590 lever_experiments.py:2113
                             26e8e776 [control]:                               
                             final=D(correct,                                  
                             escalated=False)                                  
                             cost=$0.00000                                     
[08/01/26 16:46:12] INFO     Processing request of type           server.py:733
                             CallToolRequest                                   
                    INFO     Processing request of type           server.py:733
                             CallToolRequest                                   
[08/01/26 16:46:14] INFO     2da248d76137456ea8533cbb lever_experiments.py:2113
                             76a4f481 [control]:                               
                             final=D(wrong,                                    
                             escalated=False)                                  
                             cost=$0.00000                                     
[08/01/26 16:46:17] INFO     acb56c94e8f94646aed6f85e lever_experiments.py:2113
                             f997937a [control]:                               
                             final=A(correct,                                  
                             escalated=False)                                  
                             cost=$0.00000                                     
[08/01/26 16:46:19] INFO     90b5d13fe2c34fe2a19b25a0 lever_experiments.py:2113
                             96613ba7 [control]:                               
                             final=A(correct,                                  
                             escalated=False)                                  
                             cost=$0.00000                                     
[08/01/26 16:46:36] INFO     Processing request of type           server.py:733
                             CallToolRequest                                   
                    INFO     Processing request of type           server.py:733
                             CallToolRequest                                   
[08/01/26 16:47:07] INFO     2e1c92e7640f46f3b19e4cb2 lever_experiments.py:2113
                             b87f6e6a [control]:                               
                             final=C(correct,                                  
                             escalated=True)                                   
                             cost=$0.00000                                     
[08/01/26 16:47:09] INFO     93a94af4bedb477ebc390901 lever_experiments.py:2113
                             81a04e26 [control]:                               
                             final=A(correct,                                  
                             escalated=True)                                   
                             cost=$0.00000                                     
[08/01/26 16:47:22] INFO     f475d3ec790847849d371e6e lever_experiments.py:2113
                             6a208dc0 [control]:                               
                             final=C(wrong,                                    
                             escalated=True)                                   
                             cost=$0.00000                                     
[08/01/26 16:47:28] INFO     Processing request of type           server.py:733
                             CallToolRequest                                   
                    INFO     Processing request of type           server.py:733
                             CallToolRequest                                   
[08/01/26 16:47:31] INFO     Processing request of type           server.py:733
                             CallToolRequest                                   
[08/01/26 16:47:35] INFO     95be1611a1d043b5b3fd3f2b lever_experiments.py:2113
                             7708252d [control]:                               
                             final=D(correct,                                  
                             escalated=False)                                  
                             cost=$0.00000                                     
[08/01/26 16:47:46] INFO     9475ca3efa54496b83746489 lever_experiments.py:2113
                             8ac0ce37 [control]:                               
                             final=B(wrong,                                    
                             escalated=False)                                  
                             cost=$0.00000                                     
[08/01/26 16:47:56] INFO     3418164dfa79431db4b71b7e lever_experiments.py:2113
                             984f74d8 [control]:                               
                             final=B(correct,                                  
                             escalated=False)                                  
                             cost=$0.00000                                     
[08/01/26 16:48:07] INFO     8922f6cb597c486f89dba3f5 lever_experiments.py:2113
                             2a95a33f [control]:                               
                             final=D(correct,                                  
                             escalated=False)                                  
                             cost=$0.00000                                     
[08/01/26 16:48:12] INFO     e15b91b897dd46419d8f7f2a lever_experiments.py:2113
                             c2034745 [control]:                               
                             final=C(correct,                                  
                             escalated=False)                                  
                             cost=$0.00000                                     
[08/01/26 16:48:14] INFO     fbe072bb82444eef95c9a0da lever_experiments.py:2113
                             2bb383b4 [control]:                               
                             final=A(correct,                                  
                             escalated=True)                                   
                             cost=$0.00000                                     
[08/01/26 16:48:20] INFO     88dfa83c304a42fb93f5ac30 lever_experiments.py:2113
                             ca086d55 [control]:                               
                             final=A(correct,                                  
                             escalated=False)                                  
                             cost=$0.00000                                     
[08/01/26 16:48:30] INFO     3b37ffa7eb2b455283a129a4 lever_experiments.py:2113
                             ada95546 [control]:                               
                             final=B(correct,                                  
                             escalated=False)                                  
                             cost=$0.00000                                     
[08/01/26 16:48:33] INFO     Processing request of type           server.py:733
                             CallToolRequest                                   
                    INFO     Processing request of type           server.py:733
                             CallToolRequest                                   
[08/01/26 16:48:48] INFO     86e070c7501c4f5e9ca00d1a lever_experiments.py:2113
                             1bad6cef [control]:                               
                             final=B(wrong,                                    
                             escalated=True)                                   
                             cost=$0.00000                                     
[08/01/26 16:49:00] INFO     1816dcac15624eaebb551a79 lever_experiments.py:2113
                             7c2ee047 [control]:                               
                             final=D(correct,                                  
                             escalated=False)                                  
                             cost=$0.00000                                     
[08/01/26 16:49:02] INFO     Processing request of type           server.py:733
                             CallToolRequest                                   
                    INFO     Processing request of type           server.py:733
                             CallToolRequest                                   
[08/01/26 16:49:10] INFO     1769114e0de44c4d861440db lever_experiments.py:2113
                             026f439f [control]:                               
                             final=C(correct,                                  
                             escalated=False)                                  
                             cost=$0.00000                                     
[08/01/26 16:49:19] INFO     c13acd3d7e4d4afab782af71 lever_experiments.py:2113
                             80af48b8 [control]:                               
                             final=A(correct,                                  
                             escalated=False)                                  
                             cost=$0.00000                                     
[08/01/26 16:49:34] INFO     Processing request of type           server.py:733
                             CallToolRequest                                   
                    INFO     Processing request of type           server.py:733
                             CallToolRequest                                   
[08/01/26 16:50:13] INFO     714b03c815d3414980d63370 lever_experiments.py:2113
                             de5f9d15 [control]:                               
                             final=A(correct,                                  
                             escalated=True)                                   
                             cost=$0.00000                                     
[08/01/26 16:50:36] INFO     Processing request of type           server.py:733
                             CallToolRequest                                   
                    INFO     Processing request of type           server.py:733
                             CallToolRequest                                   
[08/01/26 16:50:40] INFO     917eb50b8fc1498a820da239 lever_experiments.py:2113
                             6783c272 [control]:                               
                             final=A(correct,                                  
                             escalated=True)                                   
                             cost=$0.00000                                     
[08/01/26 16:50:50] INFO     bdf9115420a84d398fb6bd36 lever_experiments.py:2113
                             7c3f0010 [control]:                               
                             final=D(wrong,                                    
                             escalated=False)                                  
                             cost=$0.00000                                     
[08/01/26 16:51:02] INFO     Processing request of type           server.py:733
                             CallToolRequest                                   
                    INFO     Processing request of type           server.py:733
                             CallToolRequest                                   
[08/01/26 16:51:18] INFO     38870fc19e34499abb8745f6 lever_experiments.py:2113
                             191855ec [control]:                               
                             final=A(correct,                                  
                             escalated=True)                                   
                             cost=$0.00000                                     
[08/01/26 16:51:23] INFO     6eb32b09d796475abb02baa1 lever_experiments.py:2113
                             fe6db7ea [control]:                               
                             final=D(correct,                                  
                             escalated=True)                                   
                             cost=$0.00000                                     
[08/01/26 16:51:25] INFO     ff771d6c3b254cd28af057b0 lever_experiments.py:2113
                             6d0992a2 [control]:                               
                             final=A(wrong,                                    
                             escalated=False)                                  
                             cost=$0.00000                                     
[08/01/26 16:51:37] INFO     edc664308309410d96a0152b lever_experiments.py:2113
                             28dc927d [control]:                               
                             final=C(correct,                                  
                             escalated=False)                                  
                             cost=$0.00000                                     
[08/01/26 16:51:39] INFO     Processing request of type           server.py:733
                             CallToolRequest                                   
                    INFO     Processing request of type           server.py:733
                             CallToolRequest                                   
[08/01/26 16:51:44] INFO     aa686324e7a84266a1ae052d lever_experiments.py:2113
                             e62eee20 [control]:                               
                             final=A(correct,                                  
                             escalated=False)                                  
                             cost=$0.00000                                     
[08/01/26 16:51:58] INFO     Processing request of type           server.py:733
                             CallToolRequest                                   
                    INFO     Processing request of type           server.py:733
                             CallToolRequest                                   
[08/01/26 16:52:09] INFO     4a67c4a9ed0743cf9131696c lever_experiments.py:2113
                             bc780d17 [control]:                               
                             final=B(correct,                                  
                             escalated=True)                                   
                             cost=$0.00000                                     
[08/01/26 16:52:11] INFO     880aebd099464404b8d229ef lever_experiments.py:2113
                             4cb3d9ea [control]:                               
                             final=D(correct,                                  
                             escalated=False)                                  
                             cost=$0.00000                                     
[08/01/26 16:52:38] INFO     2582c0c28ef94b54bd759239 lever_experiments.py:2113
                             17406a8a [control]:                               
                             final=A(correct,                                  
                             escalated=True)                                   
                             cost=$0.00000                                     
[08/01/26 16:52:56] INFO     933981950b6b48c9be0cb115 lever_experiments.py:2113
                             a3833b37 [control]:                               
                             final=C(wrong,                                    
                             escalated=True)                                   
                             cost=$0.00000                                     
[08/01/26 16:52:57] WARNING  2/90 questions dropped   lever_experiments.py:2291
                             due to unrecoverable                              
                             errors                                            
                    INFO     Wrote 88 results to      lever_experiments.py:2297
                             benchmark\results\META2_                          
                             control_supergpqa_seed20                          
                             27.jsonl                                          
--- seed 2027: arm B permuted_panel ---
[08/01/26 16:53:00] INFO     HTTP Request: HEAD                 _client.py:1025
                             https://huggingface.co/datasets/m-                
                             a-p/SuperGPQA/resolve/main/README.                
                             md "HTTP/1.1 307 Temporary                        
                             Redirect"                                         
                    INFO     HTTP Request: HEAD                 _client.py:1025
                             https://huggingface.co/api/resolve                
                             -cache/datasets/m-a-p/SuperGPQA/44                
                             30d4458112c7d4497fdcf94d7cc223313d                
                             6acf/README.md "HTTP/1.1 200 OK"                  
                    INFO     HTTP Request: HEAD                 _client.py:1025
                             https://huggingface.co/datasets/m-                
                             a-p/SuperGPQA/resolve/4430d4458112                
                             c7d4497fdcf94d7cc223313d6acf/Super                
                             GPQA.py "HTTP/1.1 404 Not Found"                  
[08/01/26 16:53:01] INFO     HTTP Request: HEAD                 _client.py:1025
                             https://s3.amazonaws.com/datasets.                
                             huggingface.co/datasets/datasets/m                
                             -a-p/SuperGPQA/m-a-p/SuperGPQA.py                 
                             "HTTP/1.1 404 Not Found"                          
                    INFO     HTTP Request: GET                  _client.py:1025
                             https://huggingface.co/api/dataset                
                             s/m-a-p/SuperGPQA/revision/4430d44                
                             58112c7d4497fdcf94d7cc223313d6acf                 
                             "HTTP/1.1 200 OK"                                 
[08/01/26 16:53:02] INFO     HTTP Request: HEAD                 _client.py:1025
                             https://huggingface.co/datasets/m-                
                             a-p/SuperGPQA/resolve/4430d4458112                
                             c7d4497fdcf94d7cc223313d6acf/.hugg                
                             ingface.yaml "HTTP/1.1 404 Not                    
                             Found"                                            
                    INFO     HTTP Request: GET                  _client.py:1025
                             https://datasets-server.huggingfac                
                             e.co/info?dataset=m-a-p/SuperGPQA                 
                             "HTTP/1.1 200 OK"                                 
                    INFO     HTTP Request: GET                  _client.py:1025
                             https://huggingface.co/api/dataset                
                             s/m-a-p/SuperGPQA/tree/4430d445811                
                             2c7d4497fdcf94d7cc223313d6acf/data                
                             ?recursive=true&expand=false                      
                             "HTTP/1.1 404 Not Found"                          
[08/01/26 16:53:03] INFO     HTTP Request: GET                  _client.py:1025
                             https://huggingface.co/api/dataset                
                             s/m-a-p/SuperGPQA/tree/4430d445811                
                             2c7d4497fdcf94d7cc223313d6acf?recu                
                             rsive=false&expand=false "HTTP/1.1                
                             200 OK"                                           
                    INFO     HTTP Request: HEAD                 _client.py:1025
                             https://huggingface.co/datasets/m-                
                             a-p/SuperGPQA/resolve/4430d4458112                
                             c7d4497fdcf94d7cc223313d6acf/datas                
                             et_infos.json "HTTP/1.1 404 Not                   
                             Found"                                            
                    INFO     Loaded 90 SuperGPQA items    load_supergpqa.py:198
                             (difficulty=hard, seed=2027,                      
                             max_choices=4)                                    
                    INFO     Loaded 90 supergpqa      lever_experiments.py:2228
                             questions (seed=2027)                             
                             for lever=permuted_panel                          
[08/01/26 16:53:09] INFO     55fbb0e9c5c54d05be039b0b lever_experiments.py:2113
                             e87fa963                                          
                             [permuted_panel]:                                 
                             final=B(correct,                                  
                             escalated=False,                                  
                             {'seat_permutations':                             
                             [{'seat_index': 0,                                
                             'shuffled_order': [0, 2,                          
                             3, 1],                                            
                             'shuffled_letter': 'D',                           
                             'canonical_letter':                               
                             'B'}, {'seat_index': 1,                           
                             'shuffled_order': [0, 1,                          
                             3, 2],                                            
                             'shuffled_letter': 'B',                           
                             'canonical_letter':                               
                             'B'}, {'seat_index': 2,                           
                             'shuffled_order': [1, 2,                          
                             0, 3],                                            
                             'shuffled_letter': 'A',                           
                             'canonical_letter':                               
                             'B'}]}) cost=$0.00000                             
[08/01/26 16:53:13] INFO     89ea2c1b2c644c1bbe9ec05c lever_experiments.py:2113
                             de7a7c34                                          
                             [permuted_panel]:                                 
                             final=A(correct,                                  
                             escalated=False,                                  
                             {'seat_permutations':                             
                             [{'seat_index': 0,                                
                             'shuffled_order': [0, 1,                          
                             3, 2],                                            
                             'shuffled_letter': 'A',                           
                             'canonical_letter':                               
                             'A'}, {'seat_index': 1,                           
                             'shuffled_order': [1, 2,                          
                             0, 3],                                            
                             'shuffled_letter': 'C',                           
                             'canonical_letter':                               
                             'A'}, {'seat_index': 2,                           
                             'shuffled_order': [3, 2,                          
                             1, 0],                                            
                             'shuffled_letter': 'D',                           
                             'canonical_letter':                               
                             'A'}]}) cost=$0.00000                             
[08/01/26 16:53:17] INFO     76a63f6545bc4d38a4fd9106 lever_experiments.py:2113
                             794d4bc2                                          
                             [permuted_panel]:                                 
                             final=D(correct,                                  
                             escalated=False,                                  
                             {'seat_permutations':                             
                             [{'seat_index': 0,                                
                             'shuffled_order': [1, 0,                          
                             3, 2],                                            
                             'shuffled_letter': 'C',                           
                             'canonical_letter':                               
                             'D'}, {'seat_index': 1,                           
                             'shuffled_order': [3, 1,                          
                             0, 2],                                            
                             'shuffled_letter': 'A',                           
                             'canonical_letter':                               
                             'D'}, {'seat_index': 2,                           
                             'shuffled_order': [1, 3,                          
                             0, 2],                                            
                             'shuffled_letter': 'B',                           
                             'canonical_letter':                               
                             'D'}]}) cost=$0.00000                             
[08/01/26 16:53:18] INFO     7a2e5ffbf3004234945055db lever_experiments.py:2113
                             182b9dd2                                          
                             [permuted_panel]:                                 
                             final=C(wrong,                                    
                             escalated=False,                                  
                             {'seat_permutations':                             
                             [{'seat_index': 0,                                
                             'shuffled_order': [0, 2,                          
                             3, 1],                                            
                             'shuffled_letter': 'B',                           
                             'canonical_letter':                               
                             'C'}, {'seat_index': 1,                           
                             'shuffled_order': [0, 2,                          
                             3, 1],                                            
                             'shuffled_letter': 'B',                           
                             'canonical_letter':                               
                             'C'}, {'seat_index': 2,                           
                             'shuffled_order': [0, 2,                          
                             1, 3],                                            
                             'shuffled_letter': 'B',                           
                             'canonical_letter':                               
                             'C'}]}) cost=$0.00000                             
[08/01/26 16:53:22] INFO     Processing request of type           server.py:733
                             CallToolRequest                                   
                    INFO     Processing request of type           server.py:733
                             ListToolsRequest                                  
                    INFO     Processing request of type           server.py:733
                             CallToolRequest                                   
[08/01/26 16:53:24] INFO     ad8a1dde79bf494e95a80c5d lever_experiments.py:2113
                             2495692f                                          
                             [permuted_panel]:                                 
                             final=B(correct,                                  
                             escalated=False,                                  
                             {'seat_permutations':                             
                             [{'seat_index': 0,                                
                             'shuffled_order': [2, 3,                          
                             0, 1],                                            
                             'shuffled_letter': 'D',                           
                             'canonical_letter':                               
                             'B'}, {'seat_index': 1,                           
                             'shuffled_order': [2, 3,                          
                             0, 1],                                            
                             'shuffled_letter': 'D',                           
                             'canonical_letter':                               
                             'B'}, {'seat_index': 2,                           
                             'shuffled_order': [0, 3,                          
                             2, 1],                                            
                             'shuffled_letter': 'D',                           
                             'canonical_letter':                               
                             'B'}]}) cost=$0.00000                             
[08/01/26 16:53:29] INFO     Processing request of type           server.py:733
                             CallToolRequest                                   
                    INFO     Processing request of type           server.py:733
                             CallToolRequest                                   
[08/01/26 16:53:46] INFO     Processing request of type           server.py:733
                             CallToolRequest                                   
                    INFO     Processing request of type           server.py:733
                             CallToolRequest                                   
[08/01/26 16:54:07] INFO     ab9084f0f5294f298fde1cc8 lever_experiments.py:2113
                             f3639fcd                                          
                             [permuted_panel]:                                 
                             final=C(correct,                                  
                             escalated=True,                                   
                             {'seat_permutations':                             
                             [{'seat_index': 0,                                
                             'shuffled_order': [3, 1,                          
                             2, 0],                                            
                             'shuffled_letter': 'A',                           
                             'canonical_letter':                               
                             'D'}, {'seat_index': 1,                           
                             'shuffled_order': [1, 3,                          
                             0, 2],                                            
                             'shuffled_letter': 'B',                           
                             'canonical_letter':                               
                             'D'}, {'seat_index': 2,                           
                             'shuffled_order': [3, 0,                          
                             1, 2],                                            
                             'shuffled_letter': 'D',                           
                             'canonical_letter':                               
                             'C'}]}) cost=$0.00000                             
[08/01/26 16:54:17] INFO     8ec3055b24ae4df1a4ec131f lever_experiments.py:2113
                             82389818                                          
                             [permuted_panel]:                                 
                             final=C(correct,                                  
                             escalated=False,                                  
                             {'seat_permutations':                             
                             [{'seat_index': 0,                                
                             'shuffled_order': [3, 1,                          
                             2, 0],                                            
                             'shuffled_letter': 'C',                           
                             'canonical_letter':                               
                             'C'}, {'seat_index': 1,                           
                             'shuffled_order': [1, 0,                          
                             2, 3],                                            
                             'shuffled_letter': 'C',                           
                             'canonical_letter':                               
                             'C'}, {'seat_index': 2,                           
                             'shuffled_order': [3, 1,                          
                             2, 0],                                            
                             'shuffled_letter': 'C',                           
                             'canonical_letter':                               
                             'C'}]}) cost=$0.00000                             
[08/01/26 16:54:38] INFO     Processing request of type           server.py:733
                             CallToolRequest                                   
                    INFO     Processing request of type           server.py:733
                             CallToolRequest                                   
[08/01/26 16:54:56] INFO     9d8ad39cb8ab4c0081147062 lever_experiments.py:2113
                             9f812d2c                                          
                             [permuted_panel]:                                 
                             final=C(correct,                                  
                             escalated=True,                                   
                             {'seat_permutations':                             
                             [{'seat_index': 0,                                
                             'shuffled_order': [3, 1,                          
                             2, 0],                                            
                             'shuffled_letter': 'D',                           
                             'canonical_letter':                               
                             'A'}, {'seat_index': 1,                           
                             'shuffled_order': [0, 1,                          
                             3, 2],                                            
                             'shuffled_letter': 'D',                           
                             'canonical_letter':                               
                             'C'}, {'seat_index': 2,                           
                             'shuffled_order': [2, 3,                          
                             1, 0],                                            
                             'shuffled_letter': 'A',                           
                             'canonical_letter':                               
                             'C'}]}) cost=$0.00000                             
[08/01/26 16:54:58] INFO     ad04a3dd9c6e47d2b696274e lever_experiments.py:2113
                             d0b959d3                                          
                             [permuted_panel]:                                 
                             final=B(wrong,                                    
                             escalated=True,                                   
                             {'seat_permutations':                             
                             [{'seat_index': 0,                                
                             'shuffled_order': [2, 1,                          
                             3, 0],                                            
                             'shuffled_letter': 'D',                           
                             'canonical_letter':                               
                             'A'}, {'seat_index': 1,                           
                             'shuffled_order': [2, 3,                          
                             1, 0],                                            
                             'shuffled_letter': 'C',                           
                             'canonical_letter':                               
                             'B'}, {'seat_index': 2,                           
                             'shuffled_order': [0, 1,                          
                             3, 2],                                            
                             'shuffled_letter': 'B',                           
                             'canonical_letter':                               
                             'B'}]}) cost=$0.00000                             
[08/01/26 16:55:17] INFO     Processing request of type           server.py:733
                             CallToolRequest                                   
                    INFO     Processing request of type           server.py:733
                             CallToolRequest                                   
[08/01/26 16:55:19] INFO     Processing request of type           server.py:733
                             CallToolRequest                                   
                    INFO     Processing request of type           server.py:733
                             CallToolRequest                                   
[08/01/26 16:55:59] INFO     b2e311f4dbbb4a03b4364679 lever_experiments.py:2113
                             034a97fb                                          
                             [permuted_panel]:                                 
                             final=C(correct,                                  
                             escalated=True,                                   
                             {'seat_permutations':                             
                             [{'seat_index': 0,                                
                             'shuffled_order': [2, 1,                          
                             3, 0],                                            
                             'shuffled_letter': 'A',                           
                             'canonical_letter':                               
                             'C'}, {'seat_index': 1,                           
                             'shuffled_order': [1, 0,                          
                             2, 3],                                            
                             'shuffled_letter': 'B',                           
                             'canonical_letter':                               
                             'A'}, {'seat_index': 2,                           
                             'shuffled_order': [2, 1,                          
                             3, 0],                                            
                             'shuffled_letter': 'D',                           
                             'canonical_letter':                               
                             'A'}]}) cost=$0.00000                             
[08/01/26 16:56:03] INFO     6c66d34a74a44132867652c6 lever_experiments.py:2113
                             b18d2097                                          
                             [permuted_panel]:                                 
                             final=C(correct,                                  
                             escalated=True,                                   
                             {'seat_permutations':                             
                             [{'seat_index': 0,                                
                             'shuffled_order': [0, 2,                          
                             3, 1],                                            
                             'shuffled_letter': 'B',                           
                             'canonical_letter':                               
                             'C'}, {'seat_index': 1,                           
                             'shuffled_order': [2, 3,                          
                             0, 1],                                            
                             'shuffled_letter': 'A',                           
                             'canonical_letter':                               
                             'C'}, {'seat_index': 2,                           
                             'shuffled_order': [3, 0,                          
                             1, 2],                                            
                             'shuffled_letter': 'B',                           
                             'canonical_letter':                               
                             'A'}]}) cost=$0.00000                             
[08/01/26 16:56:12] INFO     d2210fb73ac64555a5b21bd8 lever_experiments.py:2113
                             81efa662                                          
                             [permuted_panel]:                                 
                             final=B(correct,                                  
                             escalated=False,                                  
                             {'seat_permutations':                             
                             [{'seat_index': 0,                                
                             'shuffled_order': [0, 2,                          
                             1, 3],                                            
                             'shuffled_letter': 'C',                           
                             'canonical_letter':                               
                             'B'}, {'seat_index': 1,                           
                             'shuffled_order': [3, 2,                          
                             1, 0],                                            
                             'shuffled_letter': 'C',                           
                             'canonical_letter':                               
                             'B'}, {'seat_index': 2,                           
                             'shuffled_order': [1, 2,                          
                             3, 0],                                            
                             'shuffled_letter': 'A',                           
                             'canonical_letter':                               
                             'B'}]}) cost=$0.00000                             
[08/01/26 16:56:14] INFO     Processing request of type           server.py:733
                             CallToolRequest                                   
                    INFO     Processing request of type           server.py:733
                             CallToolRequest                                   
[08/01/26 16:56:24] INFO     d38fbb868d8a44db9095fa17 lever_experiments.py:2113
                             5c8b5669                                          
                             [permuted_panel]:                                 
                             final=D(correct,                                  
                             escalated=False,                                  
                             {'seat_permutations':                             
                             [{'seat_index': 0,                                
                             'shuffled_order': [2, 0,                          
                             3, 1],                                            
                             'shuffled_letter': 'C',                           
                             'canonical_letter':                               
                             'D'}, {'seat_index': 1,                           
                             'shuffled_order': [0, 3,                          
                             1, 2],                                            
                             'shuffled_letter': 'B',                           
                             'canonical_letter':                               
                             'D'}, {'seat_index': 2,                           
                             'shuffled_order': [2, 3,                          
                             0, 1],                                            
                             'shuffled_letter': 'B',                           
                             'canonical_letter':                               
                             'D'}]}) cost=$0.00000                             
[08/01/26 16:56:30] INFO     3b528408557e4e66833e5dcb lever_experiments.py:2113
                             38729f6e                                          
                             [permuted_panel]:                                 
                             final=B(correct,                                  
                             escalated=True,                                   
                             {'seat_permutations':                             
                             [{'seat_index': 0,                                
                             'shuffled_order': [2, 0,                          
                             1, 3],                                            
                             'shuffled_letter': 'C',                           
                             'canonical_letter':                               
                             'B'}, {'seat_index': 1,                           
                             'shuffled_order': [1, 0,                          
                             3, 2],                                            
                             'shuffled_letter': 'C',                           
                             'canonical_letter':                               
                             'D'}, {'seat_index': 2,                           
                             'shuffled_order': [2, 0,                          
                             1, 3],                                            
                             'shuffled_letter': 'C',                           
                             'canonical_letter':                               
                             'B'}]}) cost=$0.00000                             
[08/01/26 16:56:34] INFO     c247b75bef6843a6bddb467b lever_experiments.py:2113
                             4f6530c7                                          
                             [permuted_panel]:                                 
                             final=A(wrong,                                    
                             escalated=False,                                  
                             {'seat_permutations':                             
                             [{'seat_index': 0,                                
                             'shuffled_order': [3, 1,                          
                             2, 0],                                            
                             'shuffled_letter': 'D',                           
                             'canonical_letter':                               
                             'A'}, {'seat_index': 1,                           
                             'shuffled_order': [1, 0,                          
                             3, 2],                                            
                             'shuffled_letter': 'B',                           
                             'canonical_letter':                               
                             'A'}, {'seat_index': 2,                           
                             'shuffled_order': [3, 1,                          
                             0, 2],                                            
                             'shuffled_letter': 'C',                           
                             'canonical_letter':                               
                             'A'}]}) cost=$0.00000                             
[08/01/26 16:56:49] INFO     Processing request of type           server.py:733
                             CallToolRequest                                   
                    INFO     Processing request of type           server.py:733
                             CallToolRequest                                   
                    INFO     Processing request of type           server.py:733
                             CallToolRequest                                   
                    INFO     Processing request of type           server.py:733
                             CallToolRequest                                   
[08/01/26 16:57:29] INFO     628b15eb4d254e64b066dc67 lever_experiments.py:2113
                             ca5899c7                                          
                             [permuted_panel]:                                 
                             final=C(wrong,                                    
                             escalated=True,                                   
                             {'seat_permutations':                             
                             [{'seat_index': 0,                                
                             'shuffled_order': [2, 3,                          
                             0, 1],                                            
                             'shuffled_letter': 'A',                           
                             'canonical_letter':                               
                             'C'}, {'seat_index': 1,                           
                             'shuffled_order': [1, 0,                          
                             3, 2],                                            
                             'shuffled_letter': 'B',                           
                             'canonical_letter':                               
                             'A'}, {'seat_index': 2,                           
                             'shuffled_order': [2, 1,                          
                             0, 3],                                            
                             'shuffled_letter': 'A',                           
                             'canonical_letter':                               
                             'C'}]}) cost=$0.00000                             
[08/01/26 16:57:47] INFO     Processing request of type           server.py:733
                             CallToolRequest                                   
                    INFO     Processing request of type           server.py:733
                             CallToolRequest                                   
[08/01/26 16:58:24] INFO     bcd97c9fdc49413386901915 lever_experiments.py:2113
                             ccb8c135                                          
                             [permuted_panel]:                                 
                             final=B(correct,                                  
                             escalated=True,                                   
                             {'seat_permutations':                             
                             [{'seat_index': 0,                                
                             'shuffled_order': [0, 2,                          
                             1, 3],                                            
                             'shuffled_letter': 'B',                           
                             'canonical_letter':                               
                             'C'}, {'seat_index': 1,                           
                             'shuffled_order': [1, 3,                          
                             2, 0],                                            
                             'shuffled_letter': 'B',                           
                             'canonical_letter':                               
                             'D'}, {'seat_index': 2,                           
                             'shuffled_order': [1, 3,                          
                             0, 2],                                            
                             'shuffled_letter': 'D',                           
                             'canonical_letter':                               
                             'C'}]}) cost=$0.00000                             
[08/01/26 16:58:26] INFO     798a0def38ad4b159fffa920 lever_experiments.py:2113
                             42113133                                          
                             [permuted_panel]:                                 
                             final=A(correct,                                  
                             escalated=False,                                  
                             {'seat_permutations':                             
                             [{'seat_index': 0,                                
                             'shuffled_order': [3, 2,                          
                             1, 0],                                            
                             'shuffled_letter': 'D',                           
                             'canonical_letter':                               
                             'A'}, {'seat_index': 1,                           
                             'shuffled_order': [3, 1,                          
                             0, 2],                                            
                             'shuffled_letter': 'C',                           
                             'canonical_letter':                               
                             'A'}, {'seat_index': 2,                           
                             'shuffled_order': [3, 2,                          
                             1, 0],                                            
                             'shuffled_letter': 'D',                           
                             'canonical_letter':                               
                             'A'}]}) cost=$0.00000                             
[08/01/26 16:58:39] INFO     Processing request of type           server.py:733
                             CallToolRequest                                   
                    INFO     Processing request of type           server.py:733
                             CallToolRequest                                   
[08/01/26 16:58:55] INFO     9ef94cd2aae94e19a8efffa4 lever_experiments.py:2113
                             a5b8615e                                          
                             [permuted_panel]:                                 
                             final=D(wrong,                                    
                             escalated=True,                                   
                             {'seat_permutations':                             
                             [{'seat_index': 0,                                
                             'shuffled_order': [3, 1,                          
                             2, 0],                                            
                             'shuffled_letter': 'A',                           
                             'canonical_letter':                               
                             'D'}, {'seat_index': 1,                           
                             'shuffled_order': [2, 0,                          
                             3, 1],                                            
                             'shuffled_letter': 'A',                           
                             'canonical_letter':                               
                             'C'}, {'seat_index': 2,                           
                             'shuffled_order': [2, 3,                          
                             0, 1],                                            
                             'shuffled_letter': 'B',                           
                             'canonical_letter':                               
                             'D'}]}) cost=$0.00000                             
[08/01/26 16:59:03] INFO     Processing request of type           server.py:733
                             CallToolRequest                                   
                    INFO     Processing request of type           server.py:733
                             CallToolRequest                                   
[08/01/26 16:59:10] ERROR    791dcce8a03d4e438922d478 lever_experiments.py:2111
                             82148a8c: DROPPED after                           
                             unrecoverable error                               
                             +- Traceback (most rec-+                          
                             | C:\Users\Ong Jun     |                          
                             | Kai\Documents\Qwen   |                          
                             | Hackathon\benchmark\ |                          
                             | lever_experiments.py |                          
                             | :2106 in _run_one    |                          
                             |                      |                          
                             |   2103 ):            |                          
                             |   2104     try:      |                          
                             |   2105         async |                          
                             | > 2106             r |                          
                             |   2107               |                          
                             |   2108               |                          
                             |   2109             ) |                          
                             |                      |                          
                             | C:\Users\Ong Jun     |                          
                             | Kai\Documents\Qwen   |                          
                             | Hackathon\benchmark\ |                          
                             | lever_experiments.py |                          
                             | :2092 in             |                          
                             | run_question_lever   |                          
                             |                      |                          
                             |   2089         # ver |                          
                             |   2090         # non |                          
                             |   2091         # tri |                          
                             | > 2092         resul |                          
                             |   2093             c |                          
                             |   2094             r |                          
                             |   2095         )     |                          
                             |                      |                          
                             | C:\Users\Ong Jun     |                          
                             | Kai\Documents\Qwen   |                          
                             | Hackathon\benchmark\ |                          
                             | lever_experiments.py |                          
                             | :1838 in _tribunal   |                          
                             |                      |                          
                             |   1835             i |                          
                             |   1836         )     |                          
                             |   1837               |                          
                             | > 1838     verifier_ |                          
                             |   1839         clien |                          
                             |        evidence_bloc |                          
                             |   1840     )         |                          
                             |   1841     calls.ext |                          
                             |                      |                          
                             | C:\Users\Ong Jun     |                          
                             | Kai\Documents\Qwen   |                          
                             | Hackathon\src\quorum |                          
                             | qa\engine\verifier.p |                          
                             | y:119 in verify      |                          
                             |                      |                          
                             |   116     if not exe |                          
                             |   117         return |                          
                             |   118                |                          
                             | > 119     findings,  |                          
                             |       evidence_block |                          
                             |   120     usages.app |                          
                             |   121     return fin |                          
                             |   122                |                          
                             |                      |                          
                             | C:\Users\Ong Jun     |                          
                             | Kai\AppData\Local\Pr |                          
                             | ograms\Python\Python |                          
                             | 312\Lib\asyncio\thre |                          
                             | ads.py:25 in         |                          
                             | to_thread            |                          
                             |                      |                          
                             |   22     loop = even |                          
                             |   23     ctx = conte |                          
                             |   24     func_call = |                          
                             | > 25     return awai |                          
                             |   26                 |                          
                             |                      |                          
                             | C:\Users\Ong Jun     |                          
                             | Kai\AppData\Local\Pr |                          
                             | ograms\Python\Python |                          
                             | 312\Lib\concurrent\f |                          
                             | utures\thread.py:59  |                          
                             | in run               |                          
                             |                      |                          
                             |    56             re |                          
                             |    57                |                          
                             |    58         try:   |                          
                             | >  59             re |                          
                             |    60         except |                          
                             |    61             se |                          
                             |    62             #  |                          
                             |                      |                          
                             | C:\Users\Ong Jun     |                          
                             | Kai\Documents\Qwen   |                          
                             | Hackathon\src\quorum |                          
                             | qa\engine\verifier.p |                          
                             | y:55 in _finalize    |                          
                             |                      |                          
                             |    52         'JSON  |                          
                             |    53         '"expl |                          
                             |    54     )          |                          
                             | >  55     result = c |                          
                             |       role="verifier |                          
                             |    56     findings_r |                          
                             |    57     findings = |                          
                             |    58     for c, f i |                          
                             |                      |                          
                             | C:\Users\Ong Jun     |                          
                             | Kai\Documents\Qwen   |                          
                             | Hackathon\src\quorum |                          
                             | qa\qwen_client.py:22 |                          
                             | 5 in chat_json       |                          
                             |                      |                          
                             |   222                |                          
                             |   223                |                          
                             |   224                |                          
                             |       may have been  |                          
                             |       string value u |                          
                             | > 225         raise  |                          
                             |       + 1} attempts: |                          
                             |   226                |                          
                             +----------------------+                          
                             ValueError: Model                                 
                             qwen3.6-flash failed to                           
                             return parseable JSON                             
                             after 2 attempts:                                 
                             Invalid control                                   
                             character at: line 4                              
                             column 61 (char 84)                               
[08/01/26 16:59:21] INFO     Processing request of type           server.py:733
                             CallToolRequest                                   
                    INFO     Processing request of type           server.py:733
                             CallToolRequest                                   
[08/01/26 16:59:43] INFO     b6905cbac56e46ac93c398b5 lever_experiments.py:2113
                             910034f1                                          
                             [permuted_panel]:                                 
                             final=D(wrong,                                    
                             escalated=True,                                   
                             {'seat_permutations':                             
                             [{'seat_index': 0,                                
                             'shuffled_order': [2, 3,                          
                             0, 1],                                            
                             'shuffled_letter': 'C',                           
                             'canonical_letter':                               
                             'A'}, {'seat_index': 1,                           
                             'shuffled_order': [2, 0,                          
                             3, 1],                                            
                             'shuffled_letter': 'B',                           
                             'canonical_letter':                               
                             'A'}, {'seat_index': 2,                           
                             'shuffled_order': [3, 2,                          
                             1, 0],                                            
                             'shuffled_letter': 'C',                           
                             'canonical_letter':                               
                             'B'}]}) cost=$0.00000                             
[08/01/26 16:59:45] INFO     ff4de99c7ef14f75ade99c93 lever_experiments.py:2113
                             0a77d708                                          
                             [permuted_panel]:                                 
                             final=A(correct,                                  
                             escalated=True,                                   
                             {'seat_permutations':                             
                             [{'seat_index': 0,                                
                             'shuffled_order': [2, 1,                          
                             3, 0],                                            
                             'shuffled_letter': 'C',                           
                             'canonical_letter':                               
                             'D'}, {'seat_index': 1,                           
                             'shuffled_order': [0, 2,                          
                             3, 1],                                            
                             'shuffled_letter': 'A',                           
                             'canonical_letter':                               
                             'A'}, {'seat_index': 2,                           
                             'shuffled_order': [2, 1,                          
                             3, 0],                                            
                             'shuffled_letter': 'C',                           
                             'canonical_letter':                               
                             'D'}]}) cost=$0.00000                             
[08/01/26 16:59:56] INFO     9fc6adcb15cf46cca872d9fa lever_experiments.py:2113
                             246a4c87                                          
                             [permuted_panel]:                                 
                             final=D(wrong,                                    
                             escalated=True,                                   
                             {'seat_permutations':                             
                             [{'seat_index': 0,                                
                             'shuffled_order': [1, 3,                          
                             0, 2],                                            
                             'shuffled_letter': 'B',                           
                             'canonical_letter':                               
                             'D'}, {'seat_index': 1,                           
                             'shuffled_order': [3, 0,                          
                             1, 2],                                            
                             'shuffled_letter': 'B',                           
                             'canonical_letter':                               
                             'A'}, {'seat_index': 2,                           
                             'shuffled_order': [1, 2,                          
                             0, 3],                                            
                             'shuffled_letter': 'C',                           
                             'canonical_letter':                               
                             'A'}]}) cost=$0.00000                             
[08/01/26 17:00:06] INFO     Processing request of type           server.py:733
                             CallToolRequest                                   
                    INFO     Processing request of type           server.py:733
                             CallToolRequest                                   
[08/01/26 17:00:09] INFO     Processing request of type           server.py:733
                             CallToolRequest                                   
                    INFO     Processing request of type           server.py:733
                             CallToolRequest                                   
[08/01/26 17:00:18] INFO     Processing request of type           server.py:733
                             CallToolRequest                                   
                    INFO     Processing request of type           server.py:733
                             CallToolRequest                                   
[08/01/26 17:00:48] INFO     fb41440f181242a1a6b3ce7b lever_experiments.py:2113
                             9664a762                                          
                             [permuted_panel]:                                 
                             final=D(correct,                                  
                             escalated=True,                                   
                             {'seat_permutations':                             
                             [{'seat_index': 0,                                
                             'shuffled_order': [0, 3,                          
                             2, 1],                                            
                             'shuffled_letter': 'C',                           
                             'canonical_letter':                               
                             'C'}, {'seat_index': 1,                           
                             'shuffled_order': [1, 3,                          
                             0, 2],                                            
                             'shuffled_letter': 'B',                           
                             'canonical_letter':                               
                             'D'}, {'seat_index': 2,                           
                             'shuffled_order': [3, 2,                          
                             1, 0],                                            
                             'shuffled_letter': 'B',                           
                             'canonical_letter':                               
                             'C'}]}) cost=$0.00000                             
[08/01/26 17:00:59] INFO     c801c7e862564763917fcbb5 lever_experiments.py:2113
                             dfd43df2                                          
                             [permuted_panel]:                                 
                             final=A(correct,                                  
                             escalated=False,                                  
                             {'seat_permutations':                             
                             [{'seat_index': 0,                                
                             'shuffled_order': [0, 3,                          
                             2, 1],                                            
                             'shuffled_letter': 'A',                           
                             'canonical_letter':                               
                             'A'}, {'seat_index': 1,                           
                             'shuffled_order': [0, 1,                          
                             3, 2],                                            
                             'shuffled_letter': 'A',                           
                             'canonical_letter':                               
                             'A'}, {'seat_index': 2,                           
                             'shuffled_order': [3, 2,                          
                             1, 0],                                            
                             'shuffled_letter': 'D',                           
                             'canonical_letter':                               
                             'A'}]}) cost=$0.00000                             
[08/01/26 17:01:19] INFO     Processing request of type           server.py:733
                             CallToolRequest                                   
                    INFO     Processing request of type           server.py:733
                             CallToolRequest                                   
[08/01/26 17:01:35] INFO     048b9dc1730044e48e9ef8f0 lever_experiments.py:2113
                             a0a59db7                                          
                             [permuted_panel]:                                 
                             final=C(correct,                                  
                             escalated=True,                                   
                             {'seat_permutations':                             
                             [{'seat_index': 0,                                
                             'shuffled_order': [0, 1,                          
                             2, 3],                                            
                             'shuffled_letter': 'B',                           
                             'canonical_letter':                               
                             'B'}, {'seat_index': 1,                           
                             'shuffled_order': [3, 2,                          
                             0, 1],                                            
                             'shuffled_letter': 'B',                           
                             'canonical_letter':                               
                             'C'}, {'seat_index': 2,                           
                             'shuffled_order': [2, 1,                          
                             3, 0],                                            
                             'shuffled_letter': 'A',                           
                             'canonical_letter':                               
                             'C'}]}) cost=$0.00000                             
[08/01/26 17:01:37] INFO     4490060d4abe45a984c1f896 lever_experiments.py:2113
                             5bf10633                                          
                             [permuted_panel]:                                 
                             final=D(correct,                                  
                             escalated=False,                                  
                             {'seat_permutations':                             
                             [{'seat_index': 0,                                
                             'shuffled_order': [3, 1,                          
                             2, 0],                                            
                             'shuffled_letter': 'A',                           
                             'canonical_letter':                               
                             'D'}, {'seat_index': 1,                           
                             'shuffled_order': [1, 2,                          
                             0, 3],                                            
                             'shuffled_letter': 'D',                           
                             'canonical_letter':                               
                             'D'}, {'seat_index': 2,                           
                             'shuffled_order': [2, 3,                          
                             0, 1],                                            
                             'shuffled_letter': 'B',                           
                             'canonical_letter':                               
                             'D'}]}) cost=$0.00000                             
[08/01/26 17:01:53] INFO     836465ad84b24ff996128fb8 lever_experiments.py:2113
                             7fd864a1                                          
                             [permuted_panel]:                                 
                             final=C(wrong,                                    
                             escalated=False,                                  
                             {'seat_permutations':                             
                             [{'seat_index': 0,                                
                             'shuffled_order': [1, 2,                          
                             0, 3],                                            
                             'shuffled_letter': 'B',                           
                             'canonical_letter':                               
                             'C'}, {'seat_index': 1,                           
                             'shuffled_order': [1, 2,                          
                             3, 0],                                            
                             'shuffled_letter': 'B',                           
                             'canonical_letter':                               
                             'C'}, {'seat_index': 2,                           
                             'shuffled_order': [3, 2,                          
                             0, 1],                                            
                             'shuffled_letter': 'B',                           
                             'canonical_letter':                               
                             'C'}]}) cost=$0.00000                             
[08/01/26 17:02:01] INFO     ab99e4e6e4f548f9bf22a0c4 lever_experiments.py:2113
                             afba770a                                          
                             [permuted_panel]:                                 
                             final=A(correct,                                  
                             escalated=False,                                  
                             {'seat_permutations':                             
                             [{'seat_index': 0,                                
                             'shuffled_order': [1, 3,                          
                             0, 2],                                            
                             'shuffled_letter': 'C',                           
                             'canonical_letter':                               
                             'A'}, {'seat_index': 1,                           
                             'shuffled_order': [1, 2,                          
                             0, 3],                                            
                             'shuffled_letter': 'C',                           
                             'canonical_letter':                               
                             'A'}, {'seat_index': 2,                           
                             'shuffled_order': [0, 2,                          
                             3, 1],                                            
                             'shuffled_letter': 'A',                           
                             'canonical_letter':                               
                             'A'}]}) cost=$0.00000                             
[08/01/26 17:02:09] INFO     df2bc2a981894511b0fb00a5 lever_experiments.py:2113
                             d2ba10ef                                          
                             [permuted_panel]:                                 
                             final=A(correct,                                  
                             escalated=True,                                   
                             {'seat_permutations':                             
                             [{'seat_index': 0,                                
                             'shuffled_order': [3, 2,                          
                             1, 0],                                            
                             'shuffled_letter': 'B',                           
                             'canonical_letter':                               
                             'C'}, {'seat_index': 1,                           
                             'shuffled_order': [1, 2,                          
                             3, 0],                                            
                             'shuffled_letter': 'A',                           
                             'canonical_letter':                               
                             'B'}, {'seat_index': 2,                           
                             'shuffled_order': [2, 3,                          
                             1, 0],                                            
                             'shuffled_letter': 'B',                           
                             'canonical_letter':                               
                             'D'}]}) cost=$0.00000                             
                    INFO     b77a565706b24e75ae738496 lever_experiments.py:2113
                             3892bd16                                          
                             [permuted_panel]:                                 
                             final=A(correct,                                  
                             escalated=False,                                  
                             {'seat_permutations':                             
                             [{'seat_index': 0,                                
                             'shuffled_order': [3, 1,                          
                             2, 0],                                            
                             'shuffled_letter': 'D',                           
                             'canonical_letter':                               
                             'A'}, {'seat_index': 1,                           
                             'shuffled_order': [2, 0,                          
                             1, 3],                                            
                             'shuffled_letter': 'B',                           
                             'canonical_letter':                               
                             'A'}, {'seat_index': 2,                           
                             'shuffled_order': [3, 2,                          
                             0, 1],                                            
                             'shuffled_letter': 'C',                           
                             'canonical_letter':                               
                             'A'}]}) cost=$0.00000                             
[08/01/26 17:02:10] INFO     74d4f7e6fb19400f97b2b573 lever_experiments.py:2113
                             30d24ad2                                          
                             [permuted_panel]:                                 
                             final=B(correct,                                  
                             escalated=True,                                   
                             {'seat_permutations':                             
                             [{'seat_index': 0,                                
                             'shuffled_order': [1, 2,                          
                             0, 3],                                            
                             'shuffled_letter': 'A',                           
                             'canonical_letter':                               
                             'B'}, {'seat_index': 1,                           
                             'shuffled_order': [3, 1,                          
                             2, 0],                                            
                             'shuffled_letter': 'A',                           
                             'canonical_letter':                               
                             'D'}, {'seat_index': 2,                           
                             'shuffled_order': [0, 2,                          
                             3, 1],                                            
                             'shuffled_letter': 'D',                           
                             'canonical_letter':                               
                             'B'}]}) cost=$0.00000                             
[08/01/26 17:02:19] INFO     Processing request of type           server.py:733
                             CallToolRequest                                   
                    INFO     Processing request of type           server.py:733
                             CallToolRequest                                   
[08/01/26 17:02:31] INFO     Processing request of type           server.py:733
                             CallToolRequest                                   
                    INFO     Processing request of type           server.py:733
                             CallToolRequest                                   
[08/01/26 17:02:34] INFO     Processing request of type           server.py:733
                             CallToolRequest                                   
                    INFO     Processing request of type           server.py:733
                             CallToolRequest                                   
[08/01/26 17:02:59] INFO     14110586ac6f4e02ae2b41ca lever_experiments.py:2113
                             f9767644                                          
                             [permuted_panel]:                                 
                             final=B(wrong,                                    
                             escalated=True,                                   
                             {'seat_permutations':                             
                             [{'seat_index': 0,                                
                             'shuffled_order': [1, 0,                          
                             2, 3],                                            
                             'shuffled_letter': 'C',                           
                             'canonical_letter':                               
                             'C'}, {'seat_index': 1,                           
                             'shuffled_order': [0, 3,                          
                             2, 1],                                            
                             'shuffled_letter': 'A',                           
                             'canonical_letter':                               
                             'A'}, {'seat_index': 2,                           
                             'shuffled_order': [1, 2,                          
                             0, 3],                                            
                             'shuffled_letter': 'B',                           
                             'canonical_letter':                               
                             'C'}]}) cost=$0.00000                             
[08/01/26 17:03:20] INFO     Processing request of type           server.py:733
                             CallToolRequest                                   
                    INFO     Processing request of type           server.py:733
                             CallToolRequest                                   
[08/01/26 17:03:39] INFO     9981ef47a2e243f4808420c0 lever_experiments.py:2113
                             8eed14c9                                          
                             [permuted_panel]:                                 
                             final=B(correct,                                  
                             escalated=True,                                   
                             {'seat_permutations':                             
                             [{'seat_index': 0,                                
                             'shuffled_order': [3, 1,                          
                             2, 0],                                            
                             'shuffled_letter': 'B',                           
                             'canonical_letter':                               
                             'B'}, {'seat_index': 1,                           
                             'shuffled_order': [0, 1,                          
                             2, 3],                                            
                             'shuffled_letter': 'D',                           
                             'canonical_letter':                               
                             'D'}, {'seat_index': 2,                           
                             'shuffled_order': [2, 1,                          
                             0, 3],                                            
                             'shuffled_letter': 'B',                           
                             'canonical_letter':                               
                             'B'}]}) cost=$0.00000                             
[08/01/26 17:03:53] INFO     Processing request of type           server.py:733
                             CallToolRequest                                   
                    INFO     Processing request of type           server.py:733
                             CallToolRequest                                   
[08/01/26 17:03:53] INFO     52b6e83adfb346178c4b9df6 lever_experiments.py:2113
                             8b857c73                                          
                             [permuted_panel]:                                 
                             final=D(correct,                                  
                             escalated=True,                                   
                             {'seat_permutations':                             
                             [{'seat_index': 0,                                
                             'shuffled_order': [2, 1,                          
                             0, 3],                                            
                             'shuffled_letter': 'C',                           
                             'canonical_letter':                               
                             'A'}, {'seat_index': 1,                           
                             'shuffled_order': [1, 3,                          
                             0, 2],                                            
                             'shuffled_letter': 'B',                           
                             'canonical_letter':                               
                             'D'}, {'seat_index': 2,                           
                             'shuffled_order': [2, 0,                          
                             3, 1],                                            
                             'shuffled_letter': 'C',                           
                             'canonical_letter':                               
                             'D'}]}) cost=$0.00000                             
[08/01/26 17:04:10] INFO     Processing request of type           server.py:733
                             CallToolRequest                                   
                    INFO     Processing request of type           server.py:733
                             CallToolRequest                                   
[08/01/26 17:04:15] INFO     4eb47f01e9844a2f95a415de lever_experiments.py:2113
                             6a667c07                                          
                             [permuted_panel]:                                 
                             final=D(correct,                                  
                             escalated=True,                                   
                             {'seat_permutations':                             
                             [{'seat_index': 0,                                
                             'shuffled_order': [0, 1,                          
                             2, 3],                                            
                             'shuffled_letter': 'D',                           
                             'canonical_letter':                               
                             'D'}, {'seat_index': 1,                           
                             'shuffled_order': [2, 0,                          
                             1, 3],                                            
                             'shuffled_letter': 'B',                           
                             'canonical_letter':                               
                             'A'}, {'seat_index': 2,                           
                             'shuffled_order': [2, 0,                          
                             3, 1],                                            
                             'shuffled_letter': 'B',                           
                             'canonical_letter':                               
                             'A'}]}) cost=$0.00000                             
[08/01/26 17:04:38] INFO     Processing request of type           server.py:733
                             CallToolRequest                                   
[08/01/26 17:05:10] INFO     85be4287145e40b1a4d47a10 lever_experiments.py:2113
                             5aafc40d                                          
                             [permuted_panel]:                                 
                             final=B(correct,                                  
                             escalated=True,                                   
                             {'seat_permutations':                             
                             [{'seat_index': 0,                                
                             'shuffled_order': [2, 3,                          
                             1, 0],                                            
                             'shuffled_letter': 'B',                           
                             'canonical_letter':                               
                             'D'}, {'seat_index': 1,                           
                             'shuffled_order': [0, 3,                          
                             1, 2],                                            
                             'shuffled_letter': 'C',                           
                             'canonical_letter':                               
                             'B'}, {'seat_index': 2,                           
                             'shuffled_order': [1, 2,                          
                             3, 0],                                            
                             'shuffled_letter': 'A',                           
                             'canonical_letter':                               
                             'B'}]}) cost=$0.00000                             
[08/01/26 17:05:26] INFO     Processing request of type           server.py:733
                             CallToolRequest                                   
                    INFO     Processing request of type           server.py:733
                             CallToolRequest                                   
[08/01/26 17:05:42] INFO     df91f480915e45eb8d59b4b6 lever_experiments.py:2113
                             446bc487                                          
                             [permuted_panel]:                                 
                             final=D(wrong,                                    
                             escalated=True,                                   
                             {'seat_permutations':                             
                             [{'seat_index': 0,                                
                             'shuffled_order': [1, 2,                          
                             3, 0],                                            
                             'shuffled_letter': 'C',                           
                             'canonical_letter':                               
                             'D'}, {'seat_index': 1,                           
                             'shuffled_order': [1, 3,                          
                             2, 0],                                            
                             'shuffled_letter': 'B',                           
                             'canonical_letter':                               
                             'D'}, {'seat_index': 2,                           
                             'shuffled_order': [1, 0,                          
                             3, 2],                                            
                             'shuffled_letter': 'B',                           
                             'canonical_letter':                               
                             'A'}]}) cost=$0.00000                             
[08/01/26 17:06:11] INFO     192ee980ba5f414fa1c3fec5 lever_experiments.py:2113
                             aa78b4d6                                          
                             [permuted_panel]:                                 
                             final=B(correct,                                  
                             escalated=True,                                   
                             {'seat_permutations':                             
                             [{'seat_index': 0,                                
                             'shuffled_order': [2, 1,                          
                             0, 3],                                            
                             'shuffled_letter': 'B',                           
                             'canonical_letter':                               
                             'B'}, {'seat_index': 1,                           
                             'shuffled_order': [3, 0,                          
                             1, 2],                                            
                             'shuffled_letter': 'C',                           
                             'canonical_letter':                               
                             'B'}, {'seat_index': 2,                           
                             'shuffled_order': [1, 0,                          
                             3, 2],                                            
                             'shuffled_letter': 'B',                           
                             'canonical_letter':                               
                             'A'}]}) cost=$0.00000                             
[08/01/26 17:06:16] INFO     90527d3655bc43029751e21c lever_experiments.py:2113
                             db4a4f8b                                          
                             [permuted_panel]:                                 
                             final=A(correct,                                  
                             escalated=True,                                   
                             {'seat_permutations':                             
                             [{'seat_index': 0,                                
                             'shuffled_order': [2, 3,                          
                             1, 0],                                            
                             'shuffled_letter': 'B',                           
                             'canonical_letter':                               
                             'D'}, {'seat_index': 1,                           
                             'shuffled_order': [1, 0,                          
                             2, 3],                                            
                             'shuffled_letter': 'B',                           
                             'canonical_letter':                               
                             'A'}, {'seat_index': 2,                           
                             'shuffled_order': [3, 1,                          
                             0, 2],                                            
                             'shuffled_letter': 'C',                           
                             'canonical_letter':                               
                             'A'}]}) cost=$0.00000                             
[08/01/26 17:06:20] INFO     0b5d8b43d02347ac965f363b lever_experiments.py:2113
                             96fd85ea                                          
                             [permuted_panel]:                                 
                             final=C(correct,                                  
                             escalated=False,                                  
                             {'seat_permutations':                             
                             [{'seat_index': 0,                                
                             'shuffled_order': [1, 2,                          
                             0, 3],                                            
                             'shuffled_letter': 'B',                           
                             'canonical_letter':                               
                             'C'}, {'seat_index': 1,                           
                             'shuffled_order': [2, 3,                          
                             1, 0],                                            
                             'shuffled_letter': 'A',                           
                             'canonical_letter':                               
                             'C'}, {'seat_index': 2,                           
                             'shuffled_order': [2, 1,                          
                             0, 3],                                            
                             'shuffled_letter': 'A',                           
                             'canonical_letter':                               
                             'C'}]}) cost=$0.00000                             
[08/01/26 17:06:39] INFO     Processing request of type           server.py:733
                             CallToolRequest                                   
                    INFO     Processing request of type           server.py:733
                             CallToolRequest                                   
[08/01/26 17:06:40] INFO     75137178e29747f9975dc762 lever_experiments.py:2113
                             4cca3109                                          
                             [permuted_panel]:                                 
                             final=A(correct,                                  
                             escalated=True,                                   
                             {'seat_permutations':                             
                             [{'seat_index': 0,                                
                             'shuffled_order': [1, 3,                          
                             0, 2],                                            
                             'shuffled_letter': 'B',                           
                             'canonical_letter':                               
                             'D'}, {'seat_index': 1,                           
                             'shuffled_order': [0, 3,                          
                             2, 1],                                            
                             'shuffled_letter': 'B',                           
                             'canonical_letter':                               
                             'D'}, {'seat_index': 2,                           
                             'shuffled_order': [1, 0,                          
                             3, 2],                                            
                             'shuffled_letter': 'D',                           
                             'canonical_letter':                               
                             'C'}]}) cost=$0.00000                             
[08/01/26 17:06:58] INFO     Processing request of type           server.py:733
                             CallToolRequest                                   
                    INFO     Processing request of type           server.py:733
                             CallToolRequest                                   
[08/01/26 17:07:40] INFO     c3d30d41af104ec7841aea32 lever_experiments.py:2113
                             8cf0398a                                          
                             [permuted_panel]:                                 
                             final=A(wrong,                                    
                             escalated=True,                                   
                             {'seat_permutations':                             
                             [{'seat_index': 0,                                
                             'shuffled_order': [3, 0,                          
                             2, 1],                                            
                             'shuffled_letter': 'C',                           
                             'canonical_letter':                               
                             'C'}, {'seat_index': 1,                           
                             'shuffled_order': [1, 2,                          
                             3, 0],                                            
                             'shuffled_letter': 'B',                           
                             'canonical_letter':                               
                             'C'}, {'seat_index': 2,                           
                             'shuffled_order': [2, 1,                          
                             0, 3],                                            
                             'shuffled_letter': 'C',                           
                             'canonical_letter':                               
                             'A'}]}) cost=$0.00000                             
[08/01/26 17:07:56] INFO     Processing request of type           server.py:733
                             CallToolRequest                                   
                    INFO     Processing request of type           server.py:733
                             CallToolRequest                                   
[08/01/26 17:08:14] INFO     3113881b9caf41ebae2c4c94 lever_experiments.py:2113
                             a66990ca                                          
                             [permuted_panel]:                                 
                             final=C(correct,                                  
                             escalated=True,                                   
                             {'seat_permutations':                             
                             [{'seat_index': 0,                                
                             'shuffled_order': [3, 0,                          
                             1, 2],                                            
                             'shuffled_letter': 'B',                           
                             'canonical_letter':                               
                             'A'}, {'seat_index': 1,                           
                             'shuffled_order': [2, 1,                          
                             3, 0],                                            
                             'shuffled_letter': 'A',                           
                             'canonical_letter':                               
                             'C'}, {'seat_index': 2,                           
                             'shuffled_order': [3, 0,                          
                             2, 1],                                            
                             'shuffled_letter': 'C',                           
                             'canonical_letter':                               
                             'C'}]}) cost=$0.00000                             
[08/01/26 17:08:20] INFO     f8b2bc6a248c4235812f3dfb lever_experiments.py:2113
                             c187fed7                                          
                             [permuted_panel]:                                 
                             final=D(correct,                                  
                             escalated=True,                                   
                             {'seat_permutations':                             
                             [{'seat_index': 0,                                
                             'shuffled_order': [3, 0,                          
                             2, 1],                                            
                             'shuffled_letter': 'C',                           
                             'canonical_letter':                               
                             'C'}, {'seat_index': 1,                           
                             'shuffled_order': [3, 2,                          
                             1, 0],                                            
                             'shuffled_letter': 'A',                           
                             'canonical_letter':                               
                             'D'}, {'seat_index': 2,                           
                             'shuffled_order': [1, 0,                          
                             2, 3],                                            
                             'shuffled_letter': 'C',                           
                             'canonical_letter':                               
                             'C'}]}) cost=$0.00000                             
[08/01/26 17:08:27] INFO     929cbd9e50d94b17ba502491 lever_experiments.py:2113
                             9e4c2ae5                                          
                             [permuted_panel]:                                 
                             final=A(correct,                                  
                             escalated=False,                                  
                             {'seat_permutations':                             
                             [{'seat_index': 0,                                
                             'shuffled_order': [2, 0,                          
                             3, 1],                                            
                             'shuffled_letter': 'B',                           
                             'canonical_letter':                               
                             'A'}, {'seat_index': 1,                           
                             'shuffled_order': [2, 1,                          
                             0, 3],                                            
                             'shuffled_letter': 'C',                           
                             'canonical_letter':                               
                             'A'}, {'seat_index': 2,                           
                             'shuffled_order': [3, 0,                          
                             1, 2],                                            
                             'shuffled_letter': 'B',                           
                             'canonical_letter':                               
                             'A'}]}) cost=$0.00000                             
[08/01/26 17:08:42] INFO     c25421a681cd45c6bf920c29 lever_experiments.py:2113
                             2449e068                                          
                             [permuted_panel]:                                 
                             final=D(wrong,                                    
                             escalated=True,                                   
                             {'seat_permutations':                             
                             [{'seat_index': 0,                                
                             'shuffled_order': [1, 3,                          
                             0, 2],                                            
                             'shuffled_letter': 'A',                           
                             'canonical_letter':                               
                             'B'}, {'seat_index': 1,                           
                             'shuffled_order': [3, 2,                          
                             1, 0],                                            
                             'shuffled_letter': 'C',                           
                             'canonical_letter':                               
                             'B'}, {'seat_index': 2,                           
                             'shuffled_order': [1, 2,                          
                             0, 3],                                            
                             'shuffled_letter': 'D',                           
                             'canonical_letter':                               
                             'D'}]}) cost=$0.00000                             
[08/01/26 17:08:53] INFO     Processing request of type           server.py:733
                             CallToolRequest                                   
                    INFO     Processing request of type           server.py:733
                             CallToolRequest                                   
[08/01/26 17:08:54] INFO     93cbf3aecc4b4d94844acbd1 lever_experiments.py:2113
                             f9517e5d                                          
                             [permuted_panel]:                                 
                             final=D(correct,                                  
                             escalated=False,                                  
                             {'seat_permutations':                             
                             [{'seat_index': 0,                                
                             'shuffled_order': [3, 1,                          
                             0, 2],                                            
                             'shuffled_letter': 'A',                           
                             'canonical_letter':                               
                             'D'}, {'seat_index': 1,                           
                             'shuffled_order': [3, 1,                          
                             0, 2],                                            
                             'shuffled_letter': 'A',                           
                             'canonical_letter':                               
                             'D'}, {'seat_index': 2,                           
                             'shuffled_order': [2, 3,                          
                             1, 0],                                            
                             'shuffled_letter': 'B',                           
                             'canonical_letter':                               
                             'D'}]}) cost=$0.00000                             
[08/01/26 17:09:04] INFO     b6ef5fa25f6c43bb8c1ac744 lever_experiments.py:2113
                             0eeb1067                                          
                             [permuted_panel]:                                 
                             final=C(correct,                                  
                             escalated=False,                                  
                             {'seat_permutations':                             
                             [{'seat_index': 0,                                
                             'shuffled_order': [3, 1,                          
                             2, 0],                                            
                             'shuffled_letter': 'C',                           
                             'canonical_letter':                               
                             'C'}, {'seat_index': 1,                           
                             'shuffled_order': [0, 1,                          
                             3, 2],                                            
                             'shuffled_letter': 'D',                           
                             'canonical_letter':                               
                             'C'}, {'seat_index': 2,                           
                             'shuffled_order': [2, 0,                          
                             1, 3],                                            
                             'shuffled_letter': 'A',                           
                             'canonical_letter':                               
                             'C'}]}) cost=$0.00000                             
[08/01/26 17:09:28] INFO     Processing request of type           server.py:733
                             CallToolRequest                                   
                    INFO     Processing request of type           server.py:733
                             CallToolRequest                                   
[08/01/26 17:09:41] INFO     1eb91932207046aaa56ce242 lever_experiments.py:2113
                             34ff69af                                          
                             [permuted_panel]:                                 
                             final=A(correct,                                  
                             escalated=True,                                   
                             {'seat_permutations':                             
                             [{'seat_index': 0,                                
                             'shuffled_order': [3, 2,                          
                             0, 1],                                            
                             'shuffled_letter': 'D',                           
                             'canonical_letter':                               
                             'B'}, {'seat_index': 1,                           
                             'shuffled_order': [3, 0,                          
                             1, 2],                                            
                             'shuffled_letter': 'B',                           
                             'canonical_letter':                               
                             'A'}, {'seat_index': 2,                           
                             'shuffled_order': [3, 2,                          
                             1, 0],                                            
                             'shuffled_letter': 'C',                           
                             'canonical_letter':                               
                             'B'}]}) cost=$0.00000                             
[08/01/26 17:09:43] INFO     5e19e0c88d074381afd71950 lever_experiments.py:2113
                             1a7080a1                                          
                             [permuted_panel]:                                 
                             final=D(wrong,                                    
                             escalated=False,                                  
                             {'seat_permutations':                             
                             [{'seat_index': 0,                                
                             'shuffled_order': [3, 1,                          
                             0, 2],                                            
                             'shuffled_letter': 'A',                           
                             'canonical_letter':                               
                             'D'}, {'seat_index': 1,                           
                             'shuffled_order': [3, 2,                          
                             0, 1],                                            
                             'shuffled_letter': 'A',                           
                             'canonical_letter':                               
                             'D'}, {'seat_index': 2,                           
                             'shuffled_order': [2, 0,                          
                             1, 3],                                            
                             'shuffled_letter': 'D',                           
                             'canonical_letter':                               
                             'D'}]}) cost=$0.00000                             
[08/01/26 17:09:52] INFO     774f278462814d6298417cd1 lever_experiments.py:2113
                             eeadb78e                                          
                             [permuted_panel]:                                 
                             final=D(correct,                                  
                             escalated=True,                                   
                             {'seat_permutations':                             
                             [{'seat_index': 0,                                
                             'shuffled_order': [2, 1,                          
                             0, 3],                                            
                             'shuffled_letter': 'C',                           
                             'canonical_letter':                               
                             'A'}, {'seat_index': 1,                           
                             'shuffled_order': [1, 2,                          
                             0, 3],                                            
                             'shuffled_letter': 'D',                           
                             'canonical_letter':                               
                             'D'}, {'seat_index': 2,                           
                             'shuffled_order': [3, 0,                          
                             2, 1],                                            
                             'shuffled_letter': 'A',                           
                             'canonical_letter':                               
                             'D'}]}) cost=$0.00000                             
[08/01/26 17:09:56] INFO     ad7ec8ee49764f129a83dd55 lever_experiments.py:2113
                             7f25782e                                          
                             [permuted_panel]:                                 
                             final=D(wrong,                                    
                             escalated=True,                                   
                             {'seat_permutations':                             
                             [{'seat_index': 0,                                
                             'shuffled_order': [1, 2,                          
                             3, 0],                                            
                             'shuffled_letter': 'C',                           
                             'canonical_letter':                               
                             'D'}, {'seat_index': 1,                           
                             'shuffled_order': [1, 2,                          
                             0, 3],                                            
                             'shuffled_letter': 'B',                           
                             'canonical_letter':                               
                             'C'}, {'seat_index': 2,                           
                             'shuffled_order': [2, 0,                          
                             1, 3],                                            
                             'shuffled_letter': 'A',                           
                             'canonical_letter':                               
                             'C'}]}) cost=$0.00000                             
[08/01/26 17:10:02] INFO     02492626d107478d80ef8dab lever_experiments.py:2113
                             8f14eae1                                          
                             [permuted_panel]:                                 
                             final=D(correct,                                  
                             escalated=False,                                  
                             {'seat_permutations':                             
                             [{'seat_index': 0,                                
                             'shuffled_order': [3, 0,                          
                             2, 1],                                            
                             'shuffled_letter': 'A',                           
                             'canonical_letter':                               
                             'D'}, {'seat_index': 1,                           
                             'shuffled_order': [1, 0,                          
                             2, 3],                                            
                             'shuffled_letter': 'D',                           
                             'canonical_letter':                               
                             'D'}, {'seat_index': 2,                           
                             'shuffled_order': [1, 2,                          
                             0, 3],                                            
                             'shuffled_letter': 'D',                           
                             'canonical_letter':                               
                             'D'}]}) cost=$0.00000                             
[08/01/26 17:10:03] INFO     Processing request of type           server.py:733
                             CallToolRequest                                   
                    INFO     Processing request of type           server.py:733
                             CallToolRequest                                   
[08/01/26 17:10:04] INFO     09064f2131ad4c6fb1f28bc7 lever_experiments.py:2113
                             cf992775                                          
                             [permuted_panel]:                                 
                             final=A(wrong,                                    
                             escalated=False,                                  
                             {'seat_permutations':                             
                             [{'seat_index': 0,                                
                             'shuffled_order': [2, 0,                          
                             1, 3],                                            
                             'shuffled_letter': 'B',                           
                             'canonical_letter':                               
                             'A'}, {'seat_index': 1,                           
                             'shuffled_order': [2, 0,                          
                             3, 1],                                            
                             'shuffled_letter': 'B',                           
                             'canonical_letter':                               
                             'A'}, {'seat_index': 2,                           
                             'shuffled_order': [2, 1,                          
                             3, 0],                                            
                             'shuffled_letter': 'D',                           
                             'canonical_letter':                               
                             'A'}]}) cost=$0.00000                             
[08/01/26 17:10:14] INFO     8648572e55d842439a803590 lever_experiments.py:2113
                             26e8e776                                          
                             [permuted_panel]:                                 
                             final=D(correct,                                  
                             escalated=False,                                  
                             {'seat_permutations':                             
                             [{'seat_index': 0,                                
                             'shuffled_order': [1, 0,                          
                             3, 2],                                            
                             'shuffled_letter': 'C',                           
                             'canonical_letter':                               
                             'D'}, {'seat_index': 1,                           
                             'shuffled_order': [1, 2,                          
                             0, 3],                                            
                             'shuffled_letter': 'D',                           
                             'canonical_letter':                               
                             'D'}, {'seat_index': 2,                           
                             'shuffled_order': [0, 3,                          
                             2, 1],                                            
                             'shuffled_letter': 'B',                           
                             'canonical_letter':                               
                             'D'}]}) cost=$0.00000                             
[08/01/26 17:10:21] INFO     Processing request of type           server.py:733
                             CallToolRequest                                   
                    INFO     Processing request of type           server.py:733
                             CallToolRequest                                   
[08/01/26 17:10:29] INFO     Processing request of type           server.py:733
                             CallToolRequest                                   
                    INFO     Processing request of type           server.py:733
                             CallToolRequest                                   
[08/01/26 17:11:00] INFO     c502c96765ab4f3791359454 lever_experiments.py:2113
                             d93deb7a                                          
                             [permuted_panel]:                                 
                             final=C(correct,                                  
                             escalated=True,                                   
                             {'seat_permutations':                             
                             [{'seat_index': 0,                                
                             'shuffled_order': [1, 2,                          
                             0, 3],                                            
                             'shuffled_letter': 'B',                           
                             'canonical_letter':                               
                             'C'}, {'seat_index': 1,                           
                             'shuffled_order': [0, 3,                          
                             1, 2],                                            
                             'shuffled_letter': 'D',                           
                             'canonical_letter':                               
                             'C'}, {'seat_index': 2,                           
                             'shuffled_order': [1, 3,                          
                             0, 2],                                            
                             'shuffled_letter': 'B',                           
                             'canonical_letter':                               
                             'D'}]}) cost=$0.00000                             
[08/01/26 17:11:10] INFO     fb0d689c14dc4dd785e21646 lever_experiments.py:2113
                             5959a82e                                          
                             [permuted_panel]:                                 
                             final=B(correct,                                  
                             escalated=False,                                  
                             {'seat_permutations':                             
                             [{'seat_index': 0,                                
                             'shuffled_order': [0, 3,                          
                             2, 1],                                            
                             'shuffled_letter': 'D',                           
                             'canonical_letter':                               
                             'B'}, {'seat_index': 1,                           
                             'shuffled_order': [3, 2,                          
                             0, 1],                                            
                             'shuffled_letter': 'D',                           
                             'canonical_letter':                               
                             'B'}, {'seat_index': 2,                           
                             'shuffled_order': [2, 3,                          
                             0, 1],                                            
                             'shuffled_letter': 'D',                           
                             'canonical_letter':                               
                             'B'}]}) cost=$0.00000                             
[08/01/26 17:11:22] INFO     e2b440285e784f36815fe1a9 lever_experiments.py:2113
                             69ac7254                                          
                             [permuted_panel]:                                 
                             final=C(correct,                                  
                             escalated=False,                                  
                             {'seat_permutations':                             
                             [{'seat_index': 0,                                
                             'shuffled_order': [3, 2,                          
                             1, 0],                                            
                             'shuffled_letter': 'B',                           
                             'canonical_letter':                               
                             'C'}, {'seat_index': 1,                           
                             'shuffled_order': [2, 3,                          
                             0, 1],                                            
                             'shuffled_letter': 'A',                           
                             'canonical_letter':                               
                             'C'}, {'seat_index': 2,                           
                             'shuffled_order': [0, 1,                          
                             3, 2],                                            
                             'shuffled_letter': 'D',                           
                             'canonical_letter':                               
                             'C'}]}) cost=$0.00000                             
[08/01/26 17:11:45] INFO     Processing request of type           server.py:733
                             CallToolRequest                                   
                    INFO     Processing request of type           server.py:733
                             CallToolRequest                                   
[08/01/26 17:11:49] INFO     f475d3ec790847849d371e6e lever_experiments.py:2113
                             6a208dc0                                          
                             [permuted_panel]:                                 
                             final=D(correct,                                  
                             escalated=True,                                   
                             {'seat_permutations':                             
                             [{'seat_index': 0,                                
                             'shuffled_order': [1, 2,                          
                             0, 3],                                            
                             'shuffled_letter': 'D',                           
                             'canonical_letter':                               
                             'D'}, {'seat_index': 1,                           
                             'shuffled_order': [2, 0,                          
                             1, 3],                                            
                             'shuffled_letter': 'D',                           
                             'canonical_letter':                               
                             'D'}, {'seat_index': 2,                           
                             'shuffled_order': [3, 1,                          
                             2, 0],                                            
                             'shuffled_letter': 'C',                           
                             'canonical_letter':                               
                             'C'}]}) cost=$0.00000                             
[08/01/26 17:12:04] INFO     Processing request of type           server.py:733
                             CallToolRequest                                   
                    INFO     Processing request of type           server.py:733
                             CallToolRequest                                   
[08/01/26 17:12:12] INFO     eb78f399e33e4fde99373c29 lever_experiments.py:2113
                             44da84ba                                          
                             [permuted_panel]:                                 
                             final=D(correct,                                  
                             escalated=True,                                   
                             {'seat_permutations':                             
                             [{'seat_index': 0,                                
                             'shuffled_order': [3, 2,                          
                             0, 1],                                            
                             'shuffled_letter': 'D',                           
                             'canonical_letter':                               
                             'B'}, {'seat_index': 1,                           
                             'shuffled_order': [1, 0,                          
                             2, 3],                                            
                             'shuffled_letter': 'D',                           
                             'canonical_letter':                               
                             'D'}, {'seat_index': 2,                           
                             'shuffled_order': [3, 2,                          
                             1, 0],                                            
                             'shuffled_letter': 'D',                           
                             'canonical_letter':                               
                             'A'}]}) cost=$0.00000                             
[08/01/26 17:12:28] INFO     Processing request of type           server.py:733
                             CallToolRequest                                   
                    INFO     Processing request of type           server.py:733
                             CallToolRequest                                   
[08/01/26 17:13:08] INFO     2e1c92e7640f46f3b19e4cb2 lever_experiments.py:2113
                             b87f6e6a                                          
                             [permuted_panel]:                                 
                             final=C(correct,                                  
                             escalated=True,                                   
                             {'seat_permutations':                             
                             [{'seat_index': 0,                                
                             'shuffled_order': [1, 3,                          
                             2, 0],                                            
                             'shuffled_letter': 'D',                           
                             'canonical_letter':                               
                             'A'}, {'seat_index': 1,                           
                             'shuffled_order': [2, 3,                          
                             0, 1],                                            
                             'shuffled_letter': 'C',                           
                             'canonical_letter':                               
                             'A'}, {'seat_index': 2,                           
                             'shuffled_order': [0, 1,                          
                             3, 2],                                            
                             'shuffled_letter': 'D',                           
                             'canonical_letter':                               
                             'C'}]}) cost=$0.00000                             
[08/01/26 17:13:10] INFO     90b5d13fe2c34fe2a19b25a0 lever_experiments.py:2113
                             96613ba7                                          
                             [permuted_panel]:                                 
                             final=A(correct,                                  
                             escalated=False,                                  
                             {'seat_permutations':                             
                             [{'seat_index': 0,                                
                             'shuffled_order': [1, 0,                          
                             3, 2],                                            
                             'shuffled_letter': 'B',                           
                             'canonical_letter':                               
                             'A'}, {'seat_index': 1,                           
                             'shuffled_order': [3, 2,                          
                             1, 0],                                            
                             'shuffled_letter': 'D',                           
                             'canonical_letter':                               
                             'A'}, {'seat_index': 2,                           
                             'shuffled_order': [2, 3,                          
                             0, 1],                                            
                             'shuffled_letter': 'C',                           
                             'canonical_letter':                               
                             'A'}]}) cost=$0.00000                             
[08/01/26 17:13:13] INFO     acb56c94e8f94646aed6f85e lever_experiments.py:2113
                             f997937a                                          
                             [permuted_panel]:                                 
                             final=A(correct,                                  
                             escalated=True,                                   
                             {'seat_permutations':                             
                             [{'seat_index': 0,                                
                             'shuffled_order': [2, 1,                          
                             0, 3],                                            
                             'shuffled_letter': 'C',                           
                             'canonical_letter':                               
                             'A'}, {'seat_index': 1,                           
                             'shuffled_order': [3, 1,                          
                             0, 2],                                            
                             'shuffled_letter': 'A',                           
                             'canonical_letter':                               
                             'D'}, {'seat_index': 2,                           
                             'shuffled_order': [3, 0,                          
                             1, 2],                                            
                             'shuffled_letter': 'A',                           
                             'canonical_letter':                               
                             'D'}]}) cost=$0.00000                             
[08/01/26 17:13:20] INFO     93a94af4bedb477ebc390901 lever_experiments.py:2113
                             81a04e26                                          
                             [permuted_panel]:                                 
                             final=A(correct,                                  
                             escalated=False,                                  
                             {'seat_permutations':                             
                             [{'seat_index': 0,                                
                             'shuffled_order': [3, 2,                          
                             1, 0],                                            
                             'shuffled_letter': 'D',                           
                             'canonical_letter':                               
                             'A'}, {'seat_index': 1,                           
                             'shuffled_order': [0, 2,                          
                             3, 1],                                            
                             'shuffled_letter': 'A',                           
                             'canonical_letter':                               
                             'A'}, {'seat_index': 2,                           
                             'shuffled_order': [3, 1,                          
                             2, 0],                                            
                             'shuffled_letter': 'D',                           
                             'canonical_letter':                               
                             'A'}]}) cost=$0.00000                             
[08/01/26 17:13:21] INFO     fbe072bb82444eef95c9a0da lever_experiments.py:2113
                             2bb383b4                                          
                             [permuted_panel]:                                 
                             final=A(correct,                                  
                             escalated=False,                                  
                             {'seat_permutations':                             
                             [{'seat_index': 0,                                
                             'shuffled_order': [3, 0,                          
                             2, 1],                                            
                             'shuffled_letter': 'B',                           
                             'canonical_letter':                               
                             'A'}, {'seat_index': 1,                           
                             'shuffled_order': [2, 0,                          
                             1, 3],                                            
                             'shuffled_letter': 'B',                           
                             'canonical_letter':                               
                             'A'}, {'seat_index': 2,                           
                             'shuffled_order': [2, 0,                          
                             3, 1],                                            
                             'shuffled_letter': 'B',                           
                             'canonical_letter':                               
                             'A'}]}) cost=$0.00000                             
[08/01/26 17:13:31] INFO     95be1611a1d043b5b3fd3f2b lever_experiments.py:2113
                             7708252d                                          
                             [permuted_panel]:                                 
                             final=D(correct,                                  
                             escalated=False,                                  
                             {'seat_permutations':                             
                             [{'seat_index': 0,                                
                             'shuffled_order': [1, 3,                          
                             0, 2],                                            
                             'shuffled_letter': 'B',                           
                             'canonical_letter':                               
                             'D'}, {'seat_index': 1,                           
                             'shuffled_order': [2, 3,                          
                             0, 1],                                            
                             'shuffled_letter': 'B',                           
                             'canonical_letter':                               
                             'D'}, {'seat_index': 2,                           
                             'shuffled_order': [0, 2,                          
                             1, 3],                                            
                             'shuffled_letter': 'D',                           
                             'canonical_letter':                               
                             'D'}]}) cost=$0.00000                             
[08/01/26 17:13:34] INFO     Processing request of type           server.py:733
                             CallToolRequest                                   
                    INFO     Processing request of type           server.py:733
                             CallToolRequest                                   
[08/01/26 17:13:41] INFO     9475ca3efa54496b83746489 lever_experiments.py:2113
                             8ac0ce37                                          
                             [permuted_panel]:                                 
                             final=B(wrong,                                    
                             escalated=False,                                  
                             {'seat_permutations':                             
                             [{'seat_index': 0,                                
                             'shuffled_order': [1, 2,                          
                             0, 3],                                            
                             'shuffled_letter': 'A',                           
                             'canonical_letter':                               
                             'B'}, {'seat_index': 1,                           
                             'shuffled_order': [3, 1,                          
                             2, 0],                                            
                             'shuffled_letter': 'B',                           
                             'canonical_letter':                               
                             'B'}, {'seat_index': 2,                           
                             'shuffled_order': [3, 2,                          
                             1, 0],                                            
                             'shuffled_letter': 'C',                           
                             'canonical_letter':                               
                             'B'}]}) cost=$0.00000                             
[08/01/26 17:13:53] INFO     Processing request of type           server.py:733
                             CallToolRequest                                   
                    INFO     Processing request of type           server.py:733
                             CallToolRequest                                   
[08/01/26 17:13:54] INFO     2da248d76137456ea8533cbb lever_experiments.py:2113
                             76a4f481                                          
                             [permuted_panel]:                                 
                             final=C(correct,                                  
                             escalated=True,                                   
                             {'seat_permutations':                             
                             [{'seat_index': 0,                                
                             'shuffled_order': [1, 3,                          
                             2, 0],                                            
                             'shuffled_letter': 'D',                           
                             'canonical_letter':                               
                             'A'}, {'seat_index': 1,                           
                             'shuffled_order': [0, 2,                          
                             1, 3],                                            
                             'shuffled_letter': 'C',                           
                             'canonical_letter':                               
                             'B'}, {'seat_index': 2,                           
                             'shuffled_order': [3, 1,                          
                             2, 0],                                            
                             'shuffled_letter': 'D',                           
                             'canonical_letter':                               
                             'A'}]}) cost=$0.00000                             
[08/01/26 17:14:13] INFO     Processing request of type           server.py:733
                             CallToolRequest                                   
                    INFO     Processing request of type           server.py:733
                             CallToolRequest                                   
[08/01/26 17:14:25] INFO     86e070c7501c4f5e9ca00d1a lever_experiments.py:2113
                             1bad6cef                                          
                             [permuted_panel]:                                 
                             final=B(wrong,                                    
                             escalated=True,                                   
                             {'seat_permutations':                             
                             [{'seat_index': 0,                                
                             'shuffled_order': [1, 3,                          
                             0, 2],                                            
                             'shuffled_letter': 'D',                           
                             'canonical_letter':                               
                             'C'}, {'seat_index': 1,                           
                             'shuffled_order': [3, 1,                          
                             0, 2],                                            
                             'shuffled_letter': 'B',                           
                             'canonical_letter':                               
                             'B'}, {'seat_index': 2,                           
                             'shuffled_order': [3, 1,                          
                             2, 0],                                            
                             'shuffled_letter': 'B',                           
                             'canonical_letter':                               
                             'B'}]}) cost=$0.00000                             
[08/01/26 17:14:28] INFO     e15b91b897dd46419d8f7f2a lever_experiments.py:2113
                             c2034745                                          
                             [permuted_panel]:                                 
                             final=C(correct,                                  
                             escalated=False,                                  
                             {'seat_permutations':                             
                             [{'seat_index': 0,                                
                             'shuffled_order': [2, 0,                          
                             3, 1],                                            
                             'shuffled_letter': 'A',                           
                             'canonical_letter':                               
                             'C'}, {'seat_index': 1,                           
                             'shuffled_order': [2, 1,                          
                             0, 3],                                            
                             'shuffled_letter': 'A',                           
                             'canonical_letter':                               
                             'C'}, {'seat_index': 2,                           
                             'shuffled_order': [3, 2,                          
                             1, 0],                                            
                             'shuffled_letter': 'B',                           
                             'canonical_letter':                               
                             'C'}]}) cost=$0.00000                             
[08/01/26 17:14:44] INFO     8922f6cb597c486f89dba3f5 lever_experiments.py:2113
                             2a95a33f                                          
                             [permuted_panel]:                                 
                             final=D(correct,                                  
                             escalated=True,                                   
                             {'seat_permutations':                             
                             [{'seat_index': 0,                                
                             'shuffled_order': [2, 0,                          
                             3, 1],                                            
                             'shuffled_letter': 'C',                           
                             'canonical_letter':                               
                             'D'}, {'seat_index': 1,                           
                             'shuffled_order': [0, 3,                          
                             1, 2],                                            
                             'shuffled_letter': 'B',                           
                             'canonical_letter':                               
                             'D'}, {'seat_index': 2,                           
                             'shuffled_order': [1, 3,                          
                             2, 0],                                            
                             'shuffled_letter': 'C',                           
                             'canonical_letter':                               
                             'C'}]}) cost=$0.00000                             
[08/01/26 17:14:50] INFO     Processing request of type           server.py:733
                             CallToolRequest                                   
                    INFO     Processing request of type           server.py:733
                             CallToolRequest                                   
[08/01/26 17:15:06] INFO     Processing request of type           server.py:733
                             CallToolRequest                                   
                    INFO     Processing request of type           server.py:733
                             CallToolRequest                                   
[08/01/26 17:15:45] INFO     3418164dfa79431db4b71b7e lever_experiments.py:2113
                             984f74d8                                          
                             [permuted_panel]:                                 
                             final=B(correct,                                  
                             escalated=True,                                   
                             {'seat_permutations':                             
                             [{'seat_index': 0,                                
                             'shuffled_order': [2, 1,                          
                             0, 3],                                            
                             'shuffled_letter': 'B',                           
                             'canonical_letter':                               
                             'B'}, {'seat_index': 1,                           
                             'shuffled_order': [3, 0,                          
                             1, 2],                                            
                             'shuffled_letter': 'C',                           
                             'canonical_letter':                               
                             'B'}, {'seat_index': 2,                           
                             'shuffled_order': [1, 2,                          
                             0, 3],                                            
                             'shuffled_letter': 'C',                           
                             'canonical_letter':                               
                             'A'}]}) cost=$0.00000                             
[08/01/26 17:16:07] INFO     Processing request of type           server.py:733
                             CallToolRequest                                   
                    INFO     Processing request of type           server.py:733
                             CallToolRequest                                   
[08/01/26 17:16:08] INFO     714b03c815d3414980d63370 lever_experiments.py:2113
                             de5f9d15                                          
                             [permuted_panel]:                                 
                             final=A(correct,                                  
                             escalated=True,                                   
                             {'seat_permutations':                             
                             [{'seat_index': 0,                                
                             'shuffled_order': [1, 2,                          
                             0, 3],                                            
                             'shuffled_letter': 'C',                           
                             'canonical_letter':                               
                             'A'}, {'seat_index': 1,                           
                             'shuffled_order': [0, 3,                          
                             1, 2],                                            
                             'shuffled_letter': 'D',                           
                             'canonical_letter':                               
                             'C'}, {'seat_index': 2,                           
                             'shuffled_order': [2, 3,                          
                             1, 0],                                            
                             'shuffled_letter': 'A',                           
                             'canonical_letter':                               
                             'C'}]}) cost=$0.00000                             
[08/01/26 17:16:20] INFO     88dfa83c304a42fb93f5ac30 lever_experiments.py:2113
                             ca086d55                                          
                             [permuted_panel]:                                 
                             final=A(correct,                                  
                             escalated=True,                                   
                             {'seat_permutations':                             
                             [{'seat_index': 0,                                
                             'shuffled_order': [1, 3,                          
                             2, 0],                                            
                             'shuffled_letter': 'D',                           
                             'canonical_letter':                               
                             'A'}, {'seat_index': 1,                           
                             'shuffled_order': [0, 1,                          
                             3, 2],                                            
                             'shuffled_letter': 'A',                           
                             'canonical_letter':                               
                             'A'}, {'seat_index': 2,                           
                             'shuffled_order': [1, 3,                          
                             0, 2],                                            
                             'shuffled_letter': 'D',                           
                             'canonical_letter':                               
                             'C'}]}) cost=$0.00000                             
[08/01/26 17:16:28] INFO     933981950b6b48c9be0cb115 lever_experiments.py:2113
                             a3833b37                                          
                             [permuted_panel]:                                 
                             final=B(correct,                                  
                             escalated=False,                                  
                             {'seat_permutations':                             
                             [{'seat_index': 0,                                
                             'shuffled_order': [2, 3,                          
                             1, 0],                                            
                             'shuffled_letter': 'C',                           
                             'canonical_letter':                               
                             'B'}, {'seat_index': 1,                           
                             'shuffled_order': [0, 1,                          
                             2, 3],                                            
                             'shuffled_letter': 'B',                           
                             'canonical_letter':                               
                             'B'}, {'seat_index': 2,                           
                             'shuffled_order': [1, 0,                          
                             2, 3],                                            
                             'shuffled_letter': 'A',                           
                             'canonical_letter':                               
                             'B'}]}) cost=$0.00000                             
[08/01/26 17:16:31] INFO     1816dcac15624eaebb551a79 lever_experiments.py:2113
                             7c2ee047                                          
                             [permuted_panel]:                                 
                             final=D(correct,                                  
                             escalated=False,                                  
                             {'seat_permutations':                             
                             [{'seat_index': 0,                                
                             'shuffled_order': [3, 1,                          
                             0, 2],                                            
                             'shuffled_letter': 'A',                           
                             'canonical_letter':                               
                             'D'}, {'seat_index': 1,                           
                             'shuffled_order': [2, 3,                          
                             0, 1],                                            
                             'shuffled_letter': 'B',                           
                             'canonical_letter':                               
                             'D'}, {'seat_index': 2,                           
                             'shuffled_order': [1, 2,                          
                             0, 3],                                            
                             'shuffled_letter': 'D',                           
                             'canonical_letter':                               
                             'D'}]}) cost=$0.00000                             
[08/01/26 17:16:37] INFO     1769114e0de44c4d861440db lever_experiments.py:2113
                             026f439f                                          
                             [permuted_panel]:                                 
                             final=C(correct,                                  
                             escalated=False,                                  
                             {'seat_permutations':                             
                             [{'seat_index': 0,                                
                             'shuffled_order': [2, 1,                          
                             3, 0],                                            
                             'shuffled_letter': 'A',                           
                             'canonical_letter':                               
                             'C'}, {'seat_index': 1,                           
                             'shuffled_order': [1, 0,                          
                             3, 2],                                            
                             'shuffled_letter': 'D',                           
                             'canonical_letter':                               
                             'C'}, {'seat_index': 2,                           
                             'shuffled_order': [2, 1,                          
                             0, 3],                                            
                             'shuffled_letter': 'A',                           
                             'canonical_letter':                               
                             'C'}]}) cost=$0.00000                             
[08/01/26 17:16:40] INFO     917eb50b8fc1498a820da239 lever_experiments.py:2113
                             6783c272                                          
                             [permuted_panel]:                                 
                             final=A(correct,                                  
                             escalated=False,                                  
                             {'seat_permutations':                             
                             [{'seat_index': 0,                                
                             'shuffled_order': [1, 0,                          
                             2, 3],                                            
                             'shuffled_letter': 'B',                           
                             'canonical_letter':                               
                             'A'}, {'seat_index': 1,                           
                             'shuffled_order': [3, 2,                          
                             1, 0],                                            
                             'shuffled_letter': 'D',                           
                             'canonical_letter':                               
                             'A'}, {'seat_index': 2,                           
                             'shuffled_order': [1, 0,                          
                             2, 3],                                            
                             'shuffled_letter': 'B',                           
                             'canonical_letter':                               
                             'A'}]}) cost=$0.00000                             
[08/01/26 17:16:53] INFO     3b37ffa7eb2b455283a129a4 lever_experiments.py:2113
                             ada95546                                          
                             [permuted_panel]:                                 
                             final=B(correct,                                  
                             escalated=True,                                   
                             {'seat_permutations':                             
                             [{'seat_index': 0,                                
                             'shuffled_order': [3, 0,                          
                             2, 1],                                            
                             'shuffled_letter': 'D',                           
                             'canonical_letter':                               
                             'B'}, {'seat_index': 1,                           
                             'shuffled_order': [2, 1,                          
                             3, 0],                                            
                             'shuffled_letter': 'B',                           
                             'canonical_letter':                               
                             'B'}, {'seat_index': 2,                           
                             'shuffled_order': [3, 2,                          
                             0, 1],                                            
                             'shuffled_letter': 'A',                           
                             'canonical_letter':                               
                             'D'}]}) cost=$0.00000                             
[08/01/26 17:16:56] INFO     Processing request of type           server.py:733
                             CallToolRequest                                   
                    INFO     Processing request of type           server.py:733
                             CallToolRequest                                   
[08/01/26 17:16:59] INFO     38870fc19e34499abb8745f6 lever_experiments.py:2113
                             191855ec                                          
                             [permuted_panel]:                                 
                             final=A(correct,                                  
                             escalated=False,                                  
                             {'seat_permutations':                             
                             [{'seat_index': 0,                                
                             'shuffled_order': [1, 3,                          
                             2, 0],                                            
                             'shuffled_letter': 'D',                           
                             'canonical_letter':                               
                             'A'}, {'seat_index': 1,                           
                             'shuffled_order': [2, 0,                          
                             1, 3],                                            
                             'shuffled_letter': 'B',                           
                             'canonical_letter':                               
                             'A'}, {'seat_index': 2,                           
                             'shuffled_order': [1, 0,                          
                             3, 2],                                            
                             'shuffled_letter': 'B',                           
                             'canonical_letter':                               
                             'A'}]}) cost=$0.00000                             
[08/01/26 17:17:08] INFO     Processing request of type           server.py:733
                             CallToolRequest                                   
                    INFO     Processing request of type           server.py:733
                             CallToolRequest                                   
[08/01/26 17:17:11] INFO     Processing request of type           server.py:733
                             CallToolRequest                                   
                    INFO     Processing request of type           server.py:733
                             CallToolRequest                                   
[08/01/26 17:17:27] INFO     6eb32b09d796475abb02baa1 lever_experiments.py:2113
                             fe6db7ea                                          
                             [permuted_panel]:                                 
                             final=D(correct,                                  
                             escalated=True,                                   
                             {'seat_permutations':                             
                             [{'seat_index': 0,                                
                             'shuffled_order': [1, 2,                          
                             3, 0],                                            
                             'shuffled_letter': 'B',                           
                             'canonical_letter':                               
                             'C'}, {'seat_index': 1,                           
                             'shuffled_order': [2, 0,                          
                             1, 3],                                            
                             'shuffled_letter': 'A',                           
                             'canonical_letter':                               
                             'C'}, {'seat_index': 2,                           
                             'shuffled_order': [0, 3,                          
                             1, 2],                                            
                             'shuffled_letter': 'B',                           
                             'canonical_letter':                               
                             'D'}]}) cost=$0.00000                             
[08/01/26 17:17:46] INFO     Processing request of type           server.py:733
                             CallToolRequest                                   
                    INFO     Processing request of type           server.py:733
                             CallToolRequest                                   
[08/01/26 17:17:50] INFO     bdf9115420a84d398fb6bd36 lever_experiments.py:2113
                             7c3f0010                                          
                             [permuted_panel]:                                 
                             final=A(correct,                                  
                             escalated=True,                                   
                             {'seat_permutations':                             
                             [{'seat_index': 0,                                
                             'shuffled_order': [2, 1,                          
                             0, 3],                                            
                             'shuffled_letter': 'A',                           
                             'canonical_letter':                               
                             'C'}, {'seat_index': 1,                           
                             'shuffled_order': [0, 1,                          
                             2, 3],                                            
                             'shuffled_letter': 'A',                           
                             'canonical_letter':                               
                             'A'}, {'seat_index': 2,                           
                             'shuffled_order': [0, 2,                          
                             1, 3],                                            
                             'shuffled_letter': 'B',                           
                             'canonical_letter':                               
                             'C'}]}) cost=$0.00000                             
[08/01/26 17:17:52] INFO     ff771d6c3b254cd28af057b0 lever_experiments.py:2113
                             6d0992a2                                          
                             [permuted_panel]:                                 
                             final=A(wrong,                                    
                             escalated=False,                                  
                             {'seat_permutations':                             
                             [{'seat_index': 0,                                
                             'shuffled_order': [0, 2,                          
                             1, 3],                                            
                             'shuffled_letter': 'A',                           
                             'canonical_letter':                               
                             'A'}, {'seat_index': 1,                           
                             'shuffled_order': [2, 1,                          
                             0, 3],                                            
                             'shuffled_letter': 'C',                           
                             'canonical_letter':                               
                             'A'}, {'seat_index': 2,                           
                             'shuffled_order': [0, 3,                          
                             1, 2],                                            
                             'shuffled_letter': 'A',                           
                             'canonical_letter':                               
                             'A'}]}) cost=$0.00000                             
[08/01/26 17:18:33] INFO     4a67c4a9ed0743cf9131696c lever_experiments.py:2113
                             bc780d17                                          
                             [permuted_panel]:                                 
                             final=B(correct,                                  
                             escalated=True,                                   
                             {'seat_permutations':                             
                             [{'seat_index': 0,                                
                             'shuffled_order': [1, 3,                          
                             2, 0],                                            
                             'shuffled_letter': 'B',                           
                             'canonical_letter':                               
                             'D'}, {'seat_index': 1,                           
                             'shuffled_order': [1, 3,                          
                             0, 2],                                            
                             'shuffled_letter': 'A',                           
                             'canonical_letter':                               
                             'B'}, {'seat_index': 2,                           
                             'shuffled_order': [1, 0,                          
                             2, 3],                                            
                             'shuffled_letter': 'A',                           
                             'canonical_letter':                               
                             'B'}]}) cost=$0.00000                             
[08/01/26 17:18:42] INFO     c13acd3d7e4d4afab782af71 lever_experiments.py:2113
                             80af48b8                                          
                             [permuted_panel]:                                 
                             final=A(correct,                                  
                             escalated=True,                                   
                             {'seat_permutations':                             
                             [{'seat_index': 0,                                
                             'shuffled_order': [2, 1,                          
                             3, 0],                                            
                             'shuffled_letter': 'C',                           
                             'canonical_letter':                               
                             'D'}, {'seat_index': 1,                           
                             'shuffled_order': [0, 3,                          
                             1, 2],                                            
                             'shuffled_letter': 'A',                           
                             'canonical_letter':                               
                             'A'}, {'seat_index': 2,                           
                             'shuffled_order': [3, 2,                          
                             1, 0],                                            
                             'shuffled_letter': 'A',                           
                             'canonical_letter':                               
                             'D'}]}) cost=$0.00000                             
[08/01/26 17:18:46] INFO     Processing request of type           server.py:733
                             CallToolRequest                                   
                    INFO     Processing request of type           server.py:733
                             CallToolRequest                                   
[08/01/26 17:19:02] INFO     Processing request of type           server.py:733
                             CallToolRequest                                   
                    INFO     Processing request of type           server.py:733
                             CallToolRequest                                   
[08/01/26 17:19:25] INFO     aa686324e7a84266a1ae052d lever_experiments.py:2113
                             e62eee20                                          
                             [permuted_panel]:                                 
                             final=A(correct,                                  
                             escalated=True,                                   
                             {'seat_permutations':                             
                             [{'seat_index': 0,                                
                             'shuffled_order': [3, 1,                          
                             0, 2],                                            
                             'shuffled_letter': 'D',                           
                             'canonical_letter':                               
                             'C'}, {'seat_index': 1,                           
                             'shuffled_order': [3, 1,                          
                             0, 2],                                            
                             'shuffled_letter': 'B',                           
                             'canonical_letter':                               
                             'B'}, {'seat_index': 2,                           
                             'shuffled_order': [3, 2,                          
                             0, 1],                                            
                             'shuffled_letter': 'D',                           
                             'canonical_letter':                               
                             'B'}]}) cost=$0.00000                             
[08/01/26 17:19:27] INFO     880aebd099464404b8d229ef lever_experiments.py:2113
                             4cb3d9ea                                          
                             [permuted_panel]:                                 
                             final=D(correct,                                  
                             escalated=False,                                  
                             {'seat_permutations':                             
                             [{'seat_index': 0,                                
                             'shuffled_order': [1, 3,                          
                             0, 2],                                            
                             'shuffled_letter': 'B',                           
                             'canonical_letter':                               
                             'D'}, {'seat_index': 1,                           
                             'shuffled_order': [3, 2,                          
                             0, 1],                                            
                             'shuffled_letter': 'A',                           
                             'canonical_letter':                               
                             'D'}, {'seat_index': 2,                           
                             'shuffled_order': [1, 0,                          
                             2, 3],                                            
                             'shuffled_letter': 'D',                           
                             'canonical_letter':                               
                             'D'}]}) cost=$0.00000                             
[08/01/26 17:21:28] INFO     edc664308309410d96a0152b lever_experiments.py:2113
                             28dc927d                                          
                             [permuted_panel]:                                 
                             final=C(correct,                                  
                             escalated=True,                                   
                             {'seat_permutations':                             
                             [{'seat_index': 0,                                
                             'shuffled_order': [2, 1,                          
                             3, 0],                                            
                             'shuffled_letter': 'A',                           
                             'canonical_letter':                               
                             'C'}, {'seat_index': 1,                           
                             'shuffled_order': [2, 0,                          
                             3, 1],                                            
                             'shuffled_letter': 'A',                           
                             'canonical_letter':                               
                             'C'}, {'seat_index': 2,                           
                             'shuffled_order': [0, 2,                          
                             1, 3],                                            
                             'shuffled_letter': 'A',                           
                             'canonical_letter':                               
                             'A'}]}) cost=$0.00000                             
[08/01/26 17:23:07] INFO     2582c0c28ef94b54bd759239 lever_experiments.py:2113
                             17406a8a                                          
                             [permuted_panel]:                                 
                             final=A(correct,                                  
                             escalated=True,                                   
                             {'seat_permutations':                             
                             [{'seat_index': 0,                                
                             'shuffled_order': [3, 0,                          
                             1, 2],                                            
                             'shuffled_letter': 'A',                           
                             'canonical_letter':                               
                             'D'}, {'seat_index': 1,                           
                             'shuffled_order': [2, 3,                          
                             0, 1],                                            
                             'shuffled_letter': 'A',                           
                             'canonical_letter':                               
                             'C'}, {'seat_index': 2,                           
                             'shuffled_order': [1, 3,                          
                             2, 0],                                            
                             'shuffled_letter': 'C',                           
                             'canonical_letter':                               
                             'C'}]}) cost=$0.00000                             
                    WARNING  1/90 questions dropped   lever_experiments.py:2291
                             due to unrecoverable                              
                             errors                                            
                    INFO     Wrote 89 results to      lever_experiments.py:2297
                             benchmark\results\META2_                          
                             permuted_panel_supergpqa                          
                             _seed2027.jsonl                                   
--- pooled analysis, all 3 seeds ---
====================================================================================================
META-2 -- permutation-instability probe on the unanimous pool
====================================================================================================
  control-unanimous items: 139 / 260 shared
  flip rate (B vs A): 42.4%  (59 flipped)
  COVERAGE GATE: CLEARS -- extension authorised

  unanimous & wrong: 40  (flipped: 19, rate: 47.5%)
  unanimous & right: 99  (flipped: 40, rate: 40.4%)
  CONTRAST: +7.1pp  (Fisher exact p=0.4552)  [SCREEN SEED ONLY -- underpowered, cannot carry the predictive claim alone]
    clears pre-registered bar (>=25pp, p<0.05, >=8 flipped): False
    kill clause (gap<10pt or p>0.2): True

  MECHANISM: arm C not supplied -- claim must be labelled 'resample-or-permute instability'

  ACCURACY (B vs A): b=23 c=16 net=+7 p=0.1684  clears standard bar: False

Wrote benchmark/results/META2_pooled_3seed_report.json
=== META-2 Stage 2 extension finished ===
Sat Aug  1 17:23:09 MPST 2026
