=== META-2 Stage 1 (control + permuted_panel, seed 909) started ===
Sat Aug  1 14:50:55 MPST 2026
--- arm A: control ---
[08/01/26 14:50:59] INFO     HTTP Request: HEAD                 _client.py:1025
                             https://huggingface.co/datasets/m-                
                             a-p/SuperGPQA/resolve/main/README.                
                             md "HTTP/1.1 307 Temporary                        
                             Redirect"                                         
                    INFO     HTTP Request: HEAD                 _client.py:1025
                             https://huggingface.co/api/resolve                
                             -cache/datasets/m-a-p/SuperGPQA/44                
                             30d4458112c7d4497fdcf94d7cc223313d                
                             6acf/README.md "HTTP/1.1 200 OK"                  
[08/01/26 14:51:00] INFO     HTTP Request: HEAD                 _client.py:1025
                             https://huggingface.co/datasets/m-                
                             a-p/SuperGPQA/resolve/4430d4458112                
                             c7d4497fdcf94d7cc223313d6acf/Super                
                             GPQA.py "HTTP/1.1 404 Not Found"                  
[08/01/26 14:51:01] INFO     HTTP Request: HEAD                 _client.py:1025
                             https://s3.amazonaws.com/datasets.                
                             huggingface.co/datasets/datasets/m                
                             -a-p/SuperGPQA/m-a-p/SuperGPQA.py                 
                             "HTTP/1.1 404 Not Found"                          
                    INFO     HTTP Request: GET                  _client.py:1025
                             https://huggingface.co/api/dataset                
                             s/m-a-p/SuperGPQA/revision/4430d44                
                             58112c7d4497fdcf94d7cc223313d6acf                 
                             "HTTP/1.1 200 OK"                                 
                    INFO     HTTP Request: HEAD                 _client.py:1025
                             https://huggingface.co/datasets/m-                
                             a-p/SuperGPQA/resolve/4430d4458112                
                             c7d4497fdcf94d7cc223313d6acf/.hugg                
                             ingface.yaml "HTTP/1.1 404 Not                    
                             Found"                                            
                    INFO     HTTP Request: GET                  _client.py:1025
                             https://datasets-server.huggingfac                
                             e.co/info?dataset=m-a-p/SuperGPQA                 
                             "HTTP/1.1 200 OK"                                 
[08/01/26 14:51:02] INFO     HTTP Request: GET                  _client.py:1025
                             https://huggingface.co/api/dataset                
                             s/m-a-p/SuperGPQA/tree/4430d445811                
                             2c7d4497fdcf94d7cc223313d6acf/data                
                             ?recursive=true&expand=false                      
                             "HTTP/1.1 404 Not Found"                          
                    INFO     HTTP Request: GET                  _client.py:1025
                             https://huggingface.co/api/dataset                
                             s/m-a-p/SuperGPQA/tree/4430d445811                
                             2c7d4497fdcf94d7cc223313d6acf?recu                
                             rsive=false&expand=false "HTTP/1.1                
                             200 OK"                                           
                    INFO     HTTP Request: HEAD                 _client.py:1025
                             https://huggingface.co/datasets/m-                
                             a-p/SuperGPQA/resolve/4430d4458112                
                             c7d4497fdcf94d7cc223313d6acf/datas                
                             et_infos.json "HTTP/1.1 404 Not                   
                             Found"                                            
[08/01/26 14:51:03] INFO     Loaded 90 SuperGPQA items    load_supergpqa.py:198
                             (difficulty=hard, seed=909,                       
                             max_choices=4)                                    
                    INFO     Loaded 90 supergpqa      lever_experiments.py:2228
                             questions (seed=909) for                          
                             lever=control                                     
[08/01/26 14:51:07] INFO     cf53bf592b244cb1ad02b684 lever_experiments.py:2113
                             eda29e3b [control]:                               
                             final=D(wrong,                                    
                             escalated=False)                                  
                             cost=$0.00000                                     
[08/01/26 14:51:09] INFO     7f0a718222564dc3922873f9 lever_experiments.py:2113
                             b8b8b407 [control]:                               
                             final=C(wrong,                                    
                             escalated=False)                                  
                             cost=$0.00000                                     
[08/01/26 14:51:19] INFO     Processing request of type           server.py:733
                             CallToolRequest                                   
                    INFO     Processing request of type           server.py:733
                             ListToolsRequest                                  
                    INFO     Processing request of type           server.py:733
                             CallToolRequest                                   
[08/01/26 14:51:20] INFO     0c1ce9fb89c544c2b24b2609 lever_experiments.py:2113
                             bfa23642 [control]:                               
                             final=A(correct,                                  
                             escalated=False)                                  
                             cost=$0.00000                                     
[08/01/26 14:51:27] INFO     Processing request of type           server.py:733
                             CallToolRequest                                   
                    INFO     Processing request of type           server.py:733
                             CallToolRequest                                   
[08/01/26 14:51:30] INFO     3faffffae8144052ba1172a1 lever_experiments.py:2113
                             76ec445f [control]:                               
                             final=C(correct,                                  
                             escalated=False)                                  
                             cost=$0.00000                                     
[08/01/26 14:51:41] INFO     753b9bb15f1c4875b1ebd8a4 lever_experiments.py:2113
                             f0e8ad61 [control]:                               
                             final=B(wrong,                                    
                             escalated=False)                                  
                             cost=$0.00000                                     
[08/01/26 14:51:43] INFO     98fe9d9a5ade4779a6df9f69 lever_experiments.py:2113
                             035ee756 [control]:                               
                             final=C(correct,                                  
                             escalated=True)                                   
                             cost=$0.00000                                     
[08/01/26 14:51:57] INFO     Processing request of type           server.py:733
                             CallToolRequest                                   
                    INFO     Processing request of type           server.py:733
                             CallToolRequest                                   
[08/01/26 14:52:08] INFO     Processing request of type           server.py:733
                             CallToolRequest                                   
                    INFO     Processing request of type           server.py:733
                             CallToolRequest                                   
[08/01/26 14:52:44] INFO     18dd61f8f537498aab430ca9 lever_experiments.py:2113
                             9da93ddf [control]:                               
                             final=B(correct,                                  
                             escalated=True)                                   
                             cost=$0.00000                                     
[08/01/26 14:52:46] INFO     4b460c2d40974304b34a3137 lever_experiments.py:2113
                             68f1a9af [control]:                               
                             final=A(wrong,                                    
                             escalated=False)                                  
                             cost=$0.00000                                     
[08/01/26 14:53:14] INFO     Processing request of type           server.py:733
                             CallToolRequest                                   
                    INFO     Processing request of type           server.py:733
                             CallToolRequest                                   
[08/01/26 14:54:03] INFO     fee08877a8844a1c8331fc8c lever_experiments.py:2113
                             ac91d9d4 [control]:                               
                             final=A(correct,                                  
                             escalated=True)                                   
                             cost=$0.00000                                     
[08/01/26 14:54:05] INFO     446a87ff64474fe2a33eac24 lever_experiments.py:2113
                             1eaa4513 [control]:                               
                             final=C(correct,                                  
                             escalated=False)                                  
                             cost=$0.00000                                     
[08/01/26 14:54:15] INFO     f0bb3853e211468d8b09a21b lever_experiments.py:2113
                             001c3909 [control]:                               
                             final=B(correct,                                  
                             escalated=False)                                  
                             cost=$0.00000                                     
[08/01/26 14:54:29] INFO     Processing request of type           server.py:733
                             CallToolRequest                                   
                    INFO     Processing request of type           server.py:733
                             CallToolRequest                                   
[08/01/26 14:55:25] INFO     8448e9e443444fa8914dd174 lever_experiments.py:2113
                             252f8387 [control]:                               
                             final=B(correct,                                  
                             escalated=True)                                   
                             cost=$0.00000                                     
[08/01/26 14:55:30] INFO     da9a72380d03494eb15cdb63 lever_experiments.py:2113
                             26ef1d63 [control]:                               
                             final=B(correct,                                  
                             escalated=True)                                   
                             cost=$0.00000                                     
[08/01/26 14:55:45] INFO     e274da8c33684a8eaf93ff53 lever_experiments.py:2113
                             5f26966c [control]:                               
                             final=B(wrong,                                    
                             escalated=False)                                  
                             cost=$0.00000                                     
[08/01/26 14:55:53] INFO     Processing request of type           server.py:733
                             CallToolRequest                                   
                    INFO     Processing request of type           server.py:733
                             CallToolRequest                                   
[08/01/26 14:56:03] INFO     Processing request of type           server.py:733
                             CallToolRequest                                   
                    INFO     Processing request of type           server.py:733
                             CallToolRequest                                   
[08/01/26 14:56:30] INFO     8150fb059b3041fda1a3079d lever_experiments.py:2113
                             62f96c81 [control]:                               
                             final=B(wrong,                                    
                             escalated=True)                                   
                             cost=$0.00000                                     
[08/01/26 14:56:39] INFO     5b45b2db369345e58b6dfa4e lever_experiments.py:2113
                             c2bebe1e [control]:                               
                             final=D(wrong,                                    
                             escalated=False)                                  
                             cost=$0.00000                                     
[08/01/26 14:56:44] INFO     93fb4ca991b54dc9b48f6d8a lever_experiments.py:2113
                             d8dadad6 [control]:                               
                             final=A(correct,                                  
                             escalated=True)                                   
                             cost=$0.00000                                     
[08/01/26 14:57:05] INFO     Processing request of type           server.py:733
                             CallToolRequest                                   
                    INFO     Processing request of type           server.py:733
                             CallToolRequest                                   
[08/01/26 14:57:10] INFO     Processing request of type           server.py:733
                             CallToolRequest                                   
                    INFO     Processing request of type           server.py:733
                             CallToolRequest                                   
[08/01/26 14:57:18] INFO     1801d45b0acc48cf93825a48 lever_experiments.py:2113
                             f3f1f2d9 [control]:                               
                             final=A(correct,                                  
                             escalated=True)                                   
                             cost=$0.00000                                     
[08/01/26 14:57:43] INFO     Processing request of type           server.py:733
                             CallToolRequest                                   
                    INFO     Processing request of type           server.py:733
                             CallToolRequest                                   
[08/01/26 14:58:12] INFO     3b57245e92d34df8b15c3485 lever_experiments.py:2113
                             e797caa7 [control]:                               
                             final=A(correct,                                  
                             escalated=True)                                   
                             cost=$0.00000                                     
[08/01/26 14:58:22] INFO     de80385182a04a07b8e0ebf4 lever_experiments.py:2113
                             7441fd73 [control]:                               
                             final=D(correct,                                  
                             escalated=False)                                  
                             cost=$0.00000                                     
[08/01/26 14:58:28] INFO     d153c78aab83437098128b09 lever_experiments.py:2113
                             643b1b1b [control]:                               
                             final=A(correct,                                  
                             escalated=True)                                   
                             cost=$0.00000                                     
[08/01/26 14:58:31] INFO     b276a7c672c44245bd8ff7b2 lever_experiments.py:2113
                             f3bfc6ed [control]:                               
                             final=D(correct,                                  
                             escalated=False)                                  
                             cost=$0.00000                                     
[08/01/26 14:58:38] INFO     359d204466cf48a68d305af7 lever_experiments.py:2113
                             cb894607 [control]:                               
                             final=A(correct,                                  
                             escalated=True)                                   
                             cost=$0.00000                                     
[08/01/26 14:58:42] INFO     3504bf36fbae416abe5a3c35 lever_experiments.py:2113
                             905cb09c [control]:                               
                             final=D(correct,                                  
                             escalated=False)                                  
                             cost=$0.00000                                     
[08/01/26 14:58:44] INFO     Processing request of type           server.py:733
                             CallToolRequest                                   
                    INFO     Processing request of type           server.py:733
                             CallToolRequest                                   
[08/01/26 14:58:47] INFO     9fcea6b17825455e84ca2a14 lever_experiments.py:2113
                             591131db [control]:                               
                             final=A(wrong,                                    
                             escalated=False)                                  
                             cost=$0.00000                                     
[08/01/26 14:59:01] INFO     Processing request of type           server.py:733
                             CallToolRequest                                   
                    INFO     Processing request of type           server.py:733
                             CallToolRequest                                   
[08/01/26 14:59:06] INFO     Processing request of type           server.py:733
                             CallToolRequest                                   
                    INFO     Processing request of type           server.py:733
                             CallToolRequest                                   
[08/01/26 14:59:29] INFO     774f278462814d6298417cd1 lever_experiments.py:2113
                             eeadb78e [control]:                               
                             final=D(correct,                                  
                             escalated=True)                                   
                             cost=$0.00000                                     
[08/01/26 14:59:39] INFO     21d1d27ba995479dbeed0629 lever_experiments.py:2113
                             b0fb6bc6 [control]:                               
                             final=B(wrong,                                    
                             escalated=False)                                  
                             cost=$0.00000                                     
[08/01/26 14:59:44] INFO     035eea8b984a439e8aa2c57d lever_experiments.py:2113
                             8ce71004 [control]:                               
                             final=B(correct,                                  
                             escalated=True)                                   
                             cost=$0.00000                                     
[08/01/26 14:59:49] INFO     42218a1a88e144cda0a43961 lever_experiments.py:2113
                             4e5ed37a [control]:                               
                             final=A(correct,                                  
                             escalated=False)                                  
                             cost=$0.00000                                     
[08/01/26 14:59:52] INFO     cd30976ef17748819f04e654 lever_experiments.py:2113
                             23ef8b9f [control]:                               
                             final=D(correct,                                  
                             escalated=False)                                  
                             cost=$0.00000                                     
[08/01/26 15:00:00] INFO     Processing request of type           server.py:733
                             CallToolRequest                                   
                    INFO     Processing request of type           server.py:733
                             CallToolRequest                                   
[08/01/26 15:00:14] INFO     Processing request of type           server.py:733
                             CallToolRequest                                   
                    INFO     Processing request of type           server.py:733
                             CallToolRequest                                   
[08/01/26 15:00:33] INFO     58404af730f1470fb0ffa4c6 lever_experiments.py:2113
                             cb195387 [control]:                               
                             final=B(correct,                                  
                             escalated=True)                                   
                             cost=$0.00000                                     
[08/01/26 15:00:34] INFO     77426eaa0d254207a880cc04 lever_experiments.py:2113
                             6e218338 [control]:                               
                             final=A(correct,                                  
                             escalated=True)                                   
                             cost=$0.00000                                     
[08/01/26 15:00:49] INFO     Processing request of type           server.py:733
                             CallToolRequest                                   
                    INFO     Processing request of type           server.py:733
                             CallToolRequest                                   
                    INFO     Processing request of type           server.py:733
                             CallToolRequest                                   
                    INFO     Processing request of type           server.py:733
                             CallToolRequest                                   
[08/01/26 15:01:12] INFO     d3e6943775fe45a1b342d464 lever_experiments.py:2113
                             b7789fcf [control]:                               
                             final=D(correct,                                  
                             escalated=True)                                   
                             cost=$0.00000                                     
[08/01/26 15:01:21] INFO     d480d6dc26254df6952b767c lever_experiments.py:2113
                             b43ff7f5 [control]:                               
                             final=B(correct,                                  
                             escalated=True)                                   
                             cost=$0.00000                                     
                    INFO     577d8bc0b647493f99d07f67 lever_experiments.py:2113
                             b765ce79 [control]:                               
                             final=C(correct,                                  
                             escalated=True)                                   
                             cost=$0.00000                                     
[08/01/26 15:01:22] INFO     Processing request of type           server.py:733
                             CallToolRequest                                   
[08/01/26 15:01:23] INFO     f167d93fcf404e1990b65bbc lever_experiments.py:2113
                             25464616 [control]:                               
                             final=B(wrong,                                    
                             escalated=False)                                  
                             cost=$0.00000                                     
[08/01/26 15:01:29] INFO     bd5e9f3f0c264bfcbdb0d65b lever_experiments.py:2113
                             afd77574 [control]:                               
                             final=D(correct,                                  
                             escalated=False)                                  
                             cost=$0.00000                                     
[08/01/26 15:01:39] INFO     Processing request of type           server.py:733
                             CallToolRequest                                   
                    INFO     Processing request of type           server.py:733
                             CallToolRequest                                   
[08/01/26 15:01:41] INFO     a0fcdf416bfd4419ba9f7148 lever_experiments.py:2113
                             13ece402 [control]:                               
                             final=B(correct,                                  
                             escalated=False)                                  
                             cost=$0.00000                                     
[08/01/26 15:01:44] INFO     cff5a6adefff4439b484c67e lever_experiments.py:2113
                             0dab0548 [control]:                               
                             final=C(correct,                                  
                             escalated=True)                                   
                             cost=$0.00000                                     
[08/01/26 15:01:45] INFO     dc319ec3a05740bd96124fa8 lever_experiments.py:2113
                             eb972087 [control]:                               
                             final=A(correct,                                  
                             escalated=False)                                  
                             cost=$0.00000                                     
[08/01/26 15:01:46] INFO     7d09ef0797ce4e5985bf74b7 lever_experiments.py:2113
                             21552ca7 [control]:                               
                             final=D(correct,                                  
                             escalated=False)                                  
                             cost=$0.00000                                     
[08/01/26 15:02:00] INFO     37bee659d0f24b6bbb7cf001 lever_experiments.py:2113
                             9b18266b [control]:                               
                             final=C(correct,                                  
                             escalated=True)                                   
                             cost=$0.00000                                     
[08/01/26 15:02:02] INFO     06ae69ef1c91427cbe9c4828 lever_experiments.py:2113
                             fca5f44b [control]:                               
                             final=D(correct,                                  
                             escalated=False)                                  
                             cost=$0.00000                                     
[08/01/26 15:02:10] INFO     Processing request of type           server.py:733
                             CallToolRequest                                   
                    INFO     Processing request of type           server.py:733
                             CallToolRequest                                   
[08/01/26 15:02:11] INFO     Processing request of type           server.py:733
                             CallToolRequest                                   
                    INFO     Processing request of type           server.py:733
                             CallToolRequest                                   
[08/01/26 15:02:13] INFO     5421df7042274a38b3df26a3 lever_experiments.py:2113
                             5cdb469f [control]:                               
                             final=D(correct,                                  
                             escalated=False)                                  
                             cost=$0.00000                                     
[08/01/26 15:02:32] INFO     Processing request of type           server.py:733
                             CallToolRequest                                   
                    INFO     Processing request of type           server.py:733
                             CallToolRequest                                   
[08/01/26 15:02:36] INFO     f7cfee802ef34c3688d63c87 lever_experiments.py:2113
                             9ffd007b [control]:                               
                             final=D(correct,                                  
                             escalated=True)                                   
                             cost=$0.00000                                     
[08/01/26 15:02:41] INFO     c6dd6b345fbf490eb71cce53 lever_experiments.py:2113
                             229a6af2 [control]:                               
                             final=C(correct,                                  
                             escalated=False)                                  
                             cost=$0.00000                                     
[08/01/26 15:02:51] INFO     afe0ed4d48c54836b7c7290a lever_experiments.py:2113
                             88c48c6a [control]:                               
                             final=B(correct,                                  
                             escalated=False)                                  
                             cost=$0.00000                                     
[08/01/26 15:02:54] INFO     ea8ee1f301e24f2abef3454f lever_experiments.py:2113
                             aa2bcad3 [control]:                               
                             final=B(correct,                                  
                             escalated=True)                                   
                             cost=$0.00000                                     
[08/01/26 15:03:01] INFO     776b1918d67244708c5caf2f lever_experiments.py:2113
                             6d71390e [control]:                               
                             final=C(correct,                                  
                             escalated=False)                                  
                             cost=$0.00000                                     
[08/01/26 15:03:02] INFO     Processing request of type           server.py:733
                             CallToolRequest                                   
                    INFO     Processing request of type           server.py:733
                             CallToolRequest                                   
[08/01/26 15:03:05] INFO     a303795f899447c9a86c9bf2 lever_experiments.py:2113
                             22885c4d [control]:                               
                             final=C(correct,                                  
                             escalated=True)                                   
                             cost=$0.00000                                     
[08/01/26 15:03:21] INFO     Processing request of type           server.py:733
                             CallToolRequest                                   
                    INFO     Processing request of type           server.py:733
                             CallToolRequest                                   
[08/01/26 15:03:26] INFO     Processing request of type           server.py:733
                             CallToolRequest                                   
                    INFO     Processing request of type           server.py:733
                             CallToolRequest                                   
[08/01/26 15:03:27] INFO     542d66872a3744ebbe3b7edb lever_experiments.py:2113
                             81159b87 [control]:                               
                             final=D(correct,                                  
                             escalated=True)                                   
                             cost=$0.00000                                     
[08/01/26 15:03:36] INFO     9370a1e88cd44bfb97e73d1d lever_experiments.py:2113
                             bd0be108 [control]:                               
                             final=A(wrong,                                    
                             escalated=False)                                  
                             cost=$0.00000                                     
[08/01/26 15:03:58] INFO     Processing request of type           server.py:733
                             CallToolRequest                                   
                    INFO     Processing request of type           server.py:733
                             CallToolRequest                                   
[08/01/26 15:04:16] INFO     5c80431a7a44410fb7cb477e lever_experiments.py:2113
                             28b56f54 [control]:                               
                             final=C(correct,                                  
                             escalated=True)                                   
                             cost=$0.00000                                     
[08/01/26 15:04:26] INFO     89313a292b8441c9be85ed16 lever_experiments.py:2113
                             4cbcdbef [control]:                               
                             final=A(correct,                                  
                             escalated=True)                                   
                             cost=$0.00000                                     
[08/01/26 15:04:40] INFO     Processing request of type           server.py:733
                             CallToolRequest                                   
                    INFO     Processing request of type           server.py:733
                             CallToolRequest                                   
[08/01/26 15:04:46] INFO     Processing request of type           server.py:733
                             CallToolRequest                                   
                    INFO     Processing request of type           server.py:733
                             CallToolRequest                                   
[08/01/26 15:04:48] INFO     24f826b3ba9b4761a5008fb8 lever_experiments.py:2113
                             b2a764f1 [control]:                               
                             final=B(correct,                                  
                             escalated=True)                                   
                             cost=$0.00000                                     
[08/01/26 15:04:59] INFO     9b2ab36a103b4b7087634081 lever_experiments.py:2113
                             c8124ec8 [control]:                               
                             final=A(wrong,                                    
                             escalated=False)                                  
                             cost=$0.00000                                     
[08/01/26 15:05:18] INFO     Processing request of type           server.py:733
                             CallToolRequest                                   
                    INFO     Processing request of type           server.py:733
                             CallToolRequest                                   
[08/01/26 15:05:38] INFO     d991ece11c774658bba485b9 lever_experiments.py:2113
                             85d3e9d0 [control]:                               
                             final=B(correct,                                  
                             escalated=True)                                   
                             cost=$0.00000                                     
[08/01/26 15:06:02] INFO     8553c457934f417f998b45b8 lever_experiments.py:2113
                             5b13122a [control]:                               
                             final=B(correct,                                  
                             escalated=True)                                   
                             cost=$0.00000                                     
[08/01/26 15:06:05] INFO     c794f1b6844a42c49bcb2762 lever_experiments.py:2113
                             d5efd0a0 [control]:                               
                             final=D(correct,                                  
                             escalated=False)                                  
                             cost=$0.00000                                     
[08/01/26 15:06:15] INFO     becff80caaec4e6e9191e84c lever_experiments.py:2113
                             8b6caf71 [control]:                               
                             final=C(wrong,                                    
                             escalated=False)                                  
                             cost=$0.00000                                     
[08/01/26 15:06:20] INFO     423099d02b5642939e9550ce lever_experiments.py:2113
                             9eca1f31 [control]:                               
                             final=B(wrong,                                    
                             escalated=False)                                  
                             cost=$0.00000                                     
[08/01/26 15:06:30] INFO     fab27a77c7a04024bdf2a0e0 lever_experiments.py:2113
                             7f36df23 [control]:                               
                             final=A(wrong,                                    
                             escalated=False)                                  
                             cost=$0.00000                                     
[08/01/26 15:06:51] INFO     Processing request of type           server.py:733
                             CallToolRequest                                   
                    INFO     Processing request of type           server.py:733
                             CallToolRequest                                   
[08/01/26 15:07:04] INFO     55edaf10765d46d4af4e8418 lever_experiments.py:2113
                             23a9797a [control]:                               
                             final=D(wrong,                                    
                             escalated=True)                                   
                             cost=$0.00000                                     
[08/01/26 15:07:21] INFO     Processing request of type           server.py:733
                             CallToolRequest                                   
                    INFO     Processing request of type           server.py:733
                             CallToolRequest                                   
[08/01/26 15:07:31] INFO     069990efa2ad4a48b7ee0290 lever_experiments.py:2113
                             514c87d2 [control]:                               
                             final=A(wrong,                                    
                             escalated=True)                                   
                             cost=$0.00000                                     
[08/01/26 15:07:44] INFO     635d752febee4c159c6c7b64 lever_experiments.py:2113
                             0f91afee [control]:                               
                             final=A(wrong,                                    
                             escalated=True)                                   
                             cost=$0.00000                                     
[08/01/26 15:07:47] INFO     925824162d68421ab1955c70 lever_experiments.py:2113
                             e896acb3 [control]:                               
                             final=B(correct,                                  
                             escalated=True)                                   
                             cost=$0.00000                                     
[08/01/26 15:07:50] INFO     a909c0719f3e43b1a44afdbe lever_experiments.py:2113
                             dc66cf68 [control]:                               
                             final=B(correct,                                  
                             escalated=True)                                   
                             cost=$0.00000                                     
[08/01/26 15:07:55] INFO     1879143c55594a16af99b8f2 lever_experiments.py:2113
                             8262d5cd [control]:                               
                             final=D(correct,                                  
                             escalated=False)                                  
                             cost=$0.00000                                     
[08/01/26 15:07:59] INFO     c5d4d7db014b497ca7029a9b lever_experiments.py:2113
                             ec7f4bb2 [control]:                               
                             final=C(wrong,                                    
                             escalated=False)                                  
                             cost=$0.00000                                     
[08/01/26 15:08:08] INFO     Processing request of type           server.py:733
                             CallToolRequest                                   
                    INFO     Processing request of type           server.py:733
                             CallToolRequest                                   
[08/01/26 15:08:13] INFO     Processing request of type           server.py:733
                             CallToolRequest                                   
                    INFO     Processing request of type           server.py:733
                             CallToolRequest                                   
[08/01/26 15:08:18] INFO     Processing request of type           server.py:733
                             CallToolRequest                                   
                    INFO     Processing request of type           server.py:733
                             CallToolRequest                                   
[08/01/26 15:08:50] INFO     34a72c60bab346689ff20a5c lever_experiments.py:2113
                             79f7bcbd [control]:                               
                             final=B(correct,                                  
                             escalated=True)                                   
                             cost=$0.00000                                     
[08/01/26 15:09:00] INFO     4eca043b6430444cbdd049af lever_experiments.py:2113
                             dfa2f053 [control]:                               
                             final=C(correct,                                  
                             escalated=False)                                  
                             cost=$0.00000                                     
[08/01/26 15:09:04] INFO     86ad4780d9e843f7b8a98e20 lever_experiments.py:2113
                             8abf3a52 [control]:                               
                             final=D(wrong,                                    
                             escalated=True)                                   
                             cost=$0.00000                                     
[08/01/26 15:09:12] INFO     cf4f5dcb74544dc982db8d33 lever_experiments.py:2113
                             e421d563 [control]:                               
                             final=A(correct,                                  
                             escalated=False)                                  
                             cost=$0.00000                                     
[08/01/26 15:09:16] INFO     879ba709078a42cb83bb6c35 lever_experiments.py:2113
                             d0f46988 [control]:                               
                             final=D(correct,                                  
                             escalated=False)                                  
                             cost=$0.00000                                     
[08/01/26 15:09:19] INFO     6c089bcc77df411186116b02 lever_experiments.py:2113
                             d5a29397 [control]:                               
                             final=B(correct,                                  
                             escalated=False)                                  
                             cost=$0.00000                                     
[08/01/26 15:09:36] INFO     Processing request of type           server.py:733
                             CallToolRequest                                   
                    INFO     Processing request of type           server.py:733
                             CallToolRequest                                   
[08/01/26 15:09:52] INFO     1b439dbf5fa94d12b70bfc09 lever_experiments.py:2113
                             f67c0207 [control]:                               
                             final=D(correct,                                  
                             escalated=True)                                   
                             cost=$0.00000                                     
[08/01/26 15:10:14] INFO     Processing request of type           server.py:733
                             CallToolRequest                                   
                    INFO     Processing request of type           server.py:733
                             CallToolRequest                                   
[08/01/26 15:10:46] INFO     75a69daf29714e578b45461e lever_experiments.py:2113
                             f75c49b8 [control]:                               
                             final=B(correct,                                  
                             escalated=True)                                   
                             cost=$0.00000                                     
[08/01/26 15:11:23] INFO     3b56dfe1a6c7451bb96852d0 lever_experiments.py:2113
                             3c781fec [control]:                               
                             final=B(correct,                                  
                             escalated=True)                                   
                             cost=$0.00000                                     
[08/01/26 15:11:46] INFO     Processing request of type           server.py:733
                             CallToolRequest                                   
                    INFO     Processing request of type           server.py:733
                             CallToolRequest                                   
[08/01/26 15:11:49] INFO     81a567f240f046d9b3efd974 lever_experiments.py:2113
                             01d5e613 [control]:                               
                             final=C(wrong,                                    
                             escalated=True)                                   
                             cost=$0.00000                                     
[08/01/26 15:12:00] INFO     37871236ef614d9ead11af49 lever_experiments.py:2113
                             12abc0fd [control]:                               
                             final=D(correct,                                  
                             escalated=False)                                  
                             cost=$0.00000                                     
[08/01/26 15:12:38] INFO     39500f844ccf4842b37634e6 lever_experiments.py:2113
                             09862e09 [control]:                               
                             final=D(wrong,                                    
                             escalated=True)                                   
                             cost=$0.00000                                     
[08/01/26 15:12:40] INFO     118d86cc46f849688d4fa43f lever_experiments.py:2113
                             1946e64c [control]:                               
                             final=D(correct,                                  
                             escalated=True)                                   
                             cost=$0.00000                                     
[08/01/26 15:12:52] INFO     Processing request of type           server.py:733
                             CallToolRequest                                   
                    INFO     Processing request of type           server.py:733
                             CallToolRequest                                   
[08/01/26 15:12:54] INFO     Processing request of type           server.py:733
                             CallToolRequest                                   
                    INFO     Processing request of type           server.py:733
                             CallToolRequest                                   
[08/01/26 15:12:57] INFO     02825cc4d5204391ad16af37 lever_experiments.py:2113
                             a803370b [control]:                               
                             final=D(wrong,                                    
                             escalated=True)                                   
                             cost=$0.00000                                     
[08/01/26 15:13:30] INFO     Processing request of type           server.py:733
                             CallToolRequest                                   
                    INFO     Processing request of type           server.py:733
                             CallToolRequest                                   
[08/01/26 15:13:36] INFO     530a6c1b54cb409c8785941f lever_experiments.py:2113
                             b637e814 [control]:                               
                             final=C(correct,                                  
                             escalated=True)                                   
                             cost=$0.00000                                     
[08/01/26 15:13:41] INFO     07e1b41abb9444cfbd9d3abf lever_experiments.py:2113
                             de3fd2be [control]:                               
                             final=C(correct,                                  
                             escalated=True)                                   
                             cost=$0.00000                                     
[08/01/26 15:13:49] INFO     7596b20b80904d37a2cdb357 lever_experiments.py:2113
                             1dd140b1 [control]:                               
                             final=D(wrong,                                    
                             escalated=False)                                  
                             cost=$0.00000                                     
[08/01/26 15:13:50] INFO     Processing request of type           server.py:733
                             CallToolRequest                                   
                    INFO     Processing request of type           server.py:733
                             CallToolRequest                                   
[08/01/26 15:13:59] INFO     92ce9438a8dc454fb4400a14 lever_experiments.py:2113
                             ecfb25cd [control]:                               
                             final=B(correct,                                  
                             escalated=False)                                  
                             cost=$0.00000                                     
[08/01/26 15:14:02] INFO     0116019c4d2949ffbb23d38c lever_experiments.py:2113
                             1d02155f [control]:                               
                             final=D(wrong,                                    
                             escalated=False)                                  
                             cost=$0.00000                                     
[08/01/26 15:14:09] INFO     210b3664e51b43bbab0d4b1b lever_experiments.py:2113
                             fa4668d0 [control]:                               
                             final=A(wrong,                                    
                             escalated=True)                                   
                             cost=$0.00000                                     
[08/01/26 15:14:50] INFO     8646541e72e1482bacecb2f5 lever_experiments.py:2113
                             74a70667 [control]:                               
                             final=B(wrong,                                    
                             escalated=True)                                   
                             cost=$0.00000                                     
                    INFO     Wrote 90 results to      lever_experiments.py:2297
                             benchmark\results\META2_                          
                             control_supergpqa_seed90                          
                             9.jsonl                                           
--- arm B: permuted_panel ---
[08/01/26 15:14:53] INFO     HTTP Request: HEAD                 _client.py:1025
                             https://huggingface.co/datasets/m-                
                             a-p/SuperGPQA/resolve/main/README.                
                             md "HTTP/1.1 307 Temporary                        
                             Redirect"                                         
                    INFO     HTTP Request: HEAD                 _client.py:1025
                             https://huggingface.co/api/resolve                
                             -cache/datasets/m-a-p/SuperGPQA/44                
                             30d4458112c7d4497fdcf94d7cc223313d                
                             6acf/README.md "HTTP/1.1 200 OK"                  
                    INFO     HTTP Request: HEAD                 _client.py:1025
                             https://huggingface.co/datasets/m-                
                             a-p/SuperGPQA/resolve/4430d4458112                
                             c7d4497fdcf94d7cc223313d6acf/Super                
                             GPQA.py "HTTP/1.1 404 Not Found"                  
[08/01/26 15:14:54] INFO     HTTP Request: HEAD                 _client.py:1025
                             https://s3.amazonaws.com/datasets.                
                             huggingface.co/datasets/datasets/m                
                             -a-p/SuperGPQA/m-a-p/SuperGPQA.py                 
                             "HTTP/1.1 404 Not Found"                          
                    INFO     HTTP Request: GET                  _client.py:1025
                             https://huggingface.co/api/dataset                
                             s/m-a-p/SuperGPQA/revision/4430d44                
                             58112c7d4497fdcf94d7cc223313d6acf                 
                             "HTTP/1.1 200 OK"                                 
[08/01/26 15:14:55] INFO     HTTP Request: HEAD                 _client.py:1025
                             https://huggingface.co/datasets/m-                
                             a-p/SuperGPQA/resolve/4430d4458112                
                             c7d4497fdcf94d7cc223313d6acf/.hugg                
                             ingface.yaml "HTTP/1.1 404 Not                    
                             Found"                                            
                    INFO     HTTP Request: GET                  _client.py:1025
                             https://datasets-server.huggingfac                
                             e.co/info?dataset=m-a-p/SuperGPQA                 
                             "HTTP/1.1 200 OK"                                 
                    INFO     HTTP Request: GET                  _client.py:1025
                             https://huggingface.co/api/dataset                
                             s/m-a-p/SuperGPQA/tree/4430d445811                
                             2c7d4497fdcf94d7cc223313d6acf/data                
                             ?recursive=true&expand=false                      
                             "HTTP/1.1 404 Not Found"                          
                    INFO     HTTP Request: GET                  _client.py:1025
                             https://huggingface.co/api/dataset                
                             s/m-a-p/SuperGPQA/tree/4430d445811                
                             2c7d4497fdcf94d7cc223313d6acf?recu                
                             rsive=false&expand=false "HTTP/1.1                
                             200 OK"                                           
[08/01/26 15:14:56] INFO     HTTP Request: HEAD                 _client.py:1025
                             https://huggingface.co/datasets/m-                
                             a-p/SuperGPQA/resolve/4430d4458112                
                             c7d4497fdcf94d7cc223313d6acf/datas                
                             et_infos.json "HTTP/1.1 404 Not                   
                             Found"                                            
                    INFO     Loaded 90 SuperGPQA items    load_supergpqa.py:198
                             (difficulty=hard, seed=909,                       
                             max_choices=4)                                    
                    INFO     Loaded 90 supergpqa      lever_experiments.py:2228
                             questions (seed=909) for                          
                             lever=permuted_panel                              
[08/01/26 15:15:00] INFO     cf53bf592b244cb1ad02b684 lever_experiments.py:2113
                             eda29e3b                                          
                             [permuted_panel]:                                 
                             final=A(correct,                                  
                             escalated=False,                                  
                             {'seat_permutations':                             
                             [{'seat_index': 0,                                
                             'shuffled_order': [2, 1,                          
                             3, 0],                                            
                             'shuffled_letter': 'D',                           
                             'canonical_letter':                               
                             'A'}, {'seat_index': 1,                           
                             'shuffled_order': [0, 2,                          
                             3, 1],                                            
                             'shuffled_letter': 'A',                           
                             'canonical_letter':                               
                             'A'}, {'seat_index': 2,                           
                             'shuffled_order': [2, 1,                          
                             0, 3],                                            
                             'shuffled_letter': 'C',                           
                             'canonical_letter':                               
                             'A'}]}) cost=$0.00000                             
[08/01/26 15:15:05] INFO     98fe9d9a5ade4779a6df9f69 lever_experiments.py:2113
                             035ee756                                          
                             [permuted_panel]:                                 
                             final=B(wrong,                                    
                             escalated=False,                                  
                             {'seat_permutations':                             
                             [{'seat_index': 0,                                
                             'shuffled_order': [2, 1,                          
                             3, 0],                                            
                             'shuffled_letter': 'B',                           
                             'canonical_letter':                               
                             'B'}, {'seat_index': 1,                           
                             'shuffled_order': [3, 0,                          
                             1, 2],                                            
                             'shuffled_letter': 'C',                           
                             'canonical_letter':                               
                             'B'}, {'seat_index': 2,                           
                             'shuffled_order': [3, 2,                          
                             0, 1],                                            
                             'shuffled_letter': 'D',                           
                             'canonical_letter':                               
                             'B'}]}) cost=$0.00000                             
[08/01/26 15:15:08] INFO     Processing request of type           server.py:733
                             CallToolRequest                                   
                    INFO     Processing request of type           server.py:733
                             ListToolsRequest                                  
                    INFO     Processing request of type           server.py:733
                             CallToolRequest                                   
[08/01/26 15:15:10] INFO     Processing request of type           server.py:733
                             CallToolRequest                                   
                    INFO     Processing request of type           server.py:733
                             CallToolRequest                                   
[08/01/26 15:15:28] INFO     Processing request of type           server.py:733
                             CallToolRequest                                   
                    INFO     Processing request of type           server.py:733
                             CallToolRequest                                   
[08/01/26 15:15:41] INFO     7f0a718222564dc3922873f9 lever_experiments.py:2113
                             b8b8b407                                          
                             [permuted_panel]:                                 
                             final=C(wrong,                                    
                             escalated=True,                                   
                             {'seat_permutations':                             
                             [{'seat_index': 0,                                
                             'shuffled_order': [2, 0,                          
                             3, 1],                                            
                             'shuffled_letter': 'B',                           
                             'canonical_letter':                               
                             'A'}, {'seat_index': 1,                           
                             'shuffled_order': [0, 1,                          
                             2, 3],                                            
                             'shuffled_letter': 'C',                           
                             'canonical_letter':                               
                             'C'}, {'seat_index': 2,                           
                             'shuffled_order': [3, 1,                          
                             2, 0],                                            
                             'shuffled_letter': 'D',                           
                             'canonical_letter':                               
                             'A'}]}) cost=$0.00000                             
[08/01/26 15:17:05] INFO     3faffffae8144052ba1172a1 lever_experiments.py:2113
                             76ec445f                                          
                             [permuted_panel]:                                 
                             final=C(correct,                                  
                             escalated=True,                                   
                             {'seat_permutations':                             
                             [{'seat_index': 0,                                
                             'shuffled_order': [1, 0,                          
                             2, 3],                                            
                             'shuffled_letter': 'C',                           
                             'canonical_letter':                               
                             'C'}, {'seat_index': 1,                           
                             'shuffled_order': [2, 1,                          
                             0, 3],                                            
                             'shuffled_letter': 'A',                           
                             'canonical_letter':                               
                             'C'}, {'seat_index': 2,                           
                             'shuffled_order': [1, 3,                          
                             2, 0],                                            
                             'shuffled_letter': 'A',                           
                             'canonical_letter':                               
                             'B'}]}) cost=$0.00000                             
[08/01/26 15:17:09] INFO     18dd61f8f537498aab430ca9 lever_experiments.py:2113
                             9da93ddf                                          
                             [permuted_panel]:                                 
                             final=B(correct,                                  
                             escalated=True,                                   
                             {'seat_permutations':                             
                             [{'seat_index': 0,                                
                             'shuffled_order': [1, 2,                          
                             0, 3],                                            
                             'shuffled_letter': 'B',                           
                             'canonical_letter':                               
                             'C'}, {'seat_index': 1,                           
                             'shuffled_order': [2, 0,                          
                             1, 3],                                            
                             'shuffled_letter': 'A',                           
                             'canonical_letter':                               
                             'C'}, {'seat_index': 2,                           
                             'shuffled_order': [1, 2,                          
                             0, 3],                                            
                             'shuffled_letter': 'A',                           
                             'canonical_letter':                               
                             'B'}]}) cost=$0.00000                             
[08/01/26 15:17:22] INFO     Processing request of type           server.py:733
                             CallToolRequest                                   
                    INFO     Processing request of type           server.py:733
                             CallToolRequest                                   
[08/01/26 15:17:27] INFO     Processing request of type           server.py:733
                             CallToolRequest                                   
                    INFO     Processing request of type           server.py:733
                             CallToolRequest                                   
[08/01/26 15:17:45] INFO     0c1ce9fb89c544c2b24b2609 lever_experiments.py:2113
                             bfa23642                                          
                             [permuted_panel]:                                 
                             final=A(correct,                                  
                             escalated=True,                                   
                             {'seat_permutations':                             
                             [{'seat_index': 0,                                
                             'shuffled_order': [0, 1,                          
                             2, 3],                                            
                             'shuffled_letter': 'A',                           
                             'canonical_letter':                               
                             'A'}, {'seat_index': 1,                           
                             'shuffled_order': [3, 0,                          
                             2, 1],                                            
                             'shuffled_letter': 'A',                           
                             'canonical_letter':                               
                             'D'}, {'seat_index': 2,                           
                             'shuffled_order': [1, 3,                          
                             2, 0],                                            
                             'shuffled_letter': 'A',                           
                             'canonical_letter':                               
                             'B'}]}) cost=$0.00000                             
[08/01/26 15:18:09] INFO     Processing request of type           server.py:733
                             CallToolRequest                                   
                    INFO     Processing request of type           server.py:733
                             CallToolRequest                                   
[08/01/26 15:18:32] INFO     fee08877a8844a1c8331fc8c lever_experiments.py:2113
                             ac91d9d4                                          
                             [permuted_panel]:                                 
                             final=A(correct,                                  
                             escalated=True,                                   
                             {'seat_permutations':                             
                             [{'seat_index': 0,                                
                             'shuffled_order': [0, 2,                          
                             1, 3],                                            
                             'shuffled_letter': 'C',                           
                             'canonical_letter':                               
                             'B'}, {'seat_index': 1,                           
                             'shuffled_order': [2, 1,                          
                             3, 0],                                            
                             'shuffled_letter': 'C',                           
                             'canonical_letter':                               
                             'D'}, {'seat_index': 2,                           
                             'shuffled_order': [2, 1,                          
                             3, 0],                                            
                             'shuffled_letter': 'D',                           
                             'canonical_letter':                               
                             'A'}]}) cost=$0.00000                             
[08/01/26 15:18:41] INFO     Processing request of type           server.py:733
                             CallToolRequest                                   
                    INFO     Processing request of type           server.py:733
                             CallToolRequest                                   
[08/01/26 15:18:46] ERROR    4b460c2d40974304b34a3137 lever_experiments.py:2111
                             68f1a9af: DROPPED after                           
                             unrecoverable error                               
                             +- Traceback (most rec-+                          
                             | C:\Users\Ong Jun     |                          
                             | Kai\Documents\Qwen   |                          
                             | Hackathon\benchmark\ |                          
                             | lever_experiments.py |                          
                             | :2106 in _run_one    |                          
                             |                      |                          
                             |   2103 ):            |                          
                             |   2104     try:      |                          
                             |   2105         async |                          
                             | > 2106             r |                          
                             |   2107               |                          
                             |   2108               |                          
                             |   2109             ) |                          
                             |                      |                          
                             | C:\Users\Ong Jun     |                          
                             | Kai\Documents\Qwen   |                          
                             | Hackathon\benchmark\ |                          
                             | lever_experiments.py |                          
                             | :2092 in             |                          
                             | run_question_lever   |                          
                             |                      |                          
                             |   2089         # ver |                          
                             |   2090         # non |                          
                             |   2091         # tri |                          
                             | > 2092         resul |                          
                             |   2093             c |                          
                             |   2094             r |                          
                             |   2095         )     |                          
                             |                      |                          
                             | C:\Users\Ong Jun     |                          
                             | Kai\Documents\Qwen   |                          
                             | Hackathon\benchmark\ |                          
                             | lever_experiments.py |                          
                             | :1838 in _tribunal   |                          
                             |                      |                          
                             |   1835             i |                          
                             |   1836         )     |                          
                             |   1837               |                          
                             | > 1838     verifier_ |                          
                             |   1839         clien |                          
                             |        evidence_bloc |                          
                             |   1840     )         |                          
                             |   1841     calls.ext |                          
                             |                      |                          
                             | C:\Users\Ong Jun     |                          
                             | Kai\Documents\Qwen   |                          
                             | Hackathon\src\quorum |                          
                             | qa\engine\verifier.p |                          
                             | y:119 in verify      |                          
                             |                      |                          
                             |   116     if not exe |                          
                             |   117         return |                          
                             |   118                |                          
                             | > 119     findings,  |                          
                             |       evidence_block |                          
                             |   120     usages.app |                          
                             |   121     return fin |                          
                             |   122                |                          
                             |                      |                          
                             | C:\Users\Ong Jun     |                          
                             | Kai\AppData\Local\Pr |                          
                             | ograms\Python\Python |                          
                             | 312\Lib\asyncio\thre |                          
                             | ads.py:25 in         |                          
                             | to_thread            |                          
                             |                      |                          
                             |   22     loop = even |                          
                             |   23     ctx = conte |                          
                             |   24     func_call = |                          
                             | > 25     return awai |                          
                             |   26                 |                          
                             |                      |                          
                             | C:\Users\Ong Jun     |                          
                             | Kai\AppData\Local\Pr |                          
                             | ograms\Python\Python |                          
                             | 312\Lib\concurrent\f |                          
                             | utures\thread.py:59  |                          
                             | in run               |                          
                             |                      |                          
                             |    56             re |                          
                             |    57                |                          
                             |    58         try:   |                          
                             | >  59             re |                          
                             |    60         except |                          
                             |    61             se |                          
                             |    62             #  |                          
                             |                      |                          
                             | C:\Users\Ong Jun     |                          
                             | Kai\Documents\Qwen   |                          
                             | Hackathon\src\quorum |                          
                             | qa\engine\verifier.p |                          
                             | y:55 in _finalize    |                          
                             |                      |                          
                             |    52         'JSON  |                          
                             |    53         '"expl |                          
                             |    54     )          |                          
                             | >  55     result = c |                          
                             |       role="verifier |                          
                             |    56     findings_r |                          
                             |    57     findings = |                          
                             |    58     for c, f i |                          
                             |                      |                          
                             | C:\Users\Ong Jun     |                          
                             | Kai\Documents\Qwen   |                          
                             | Hackathon\src\quorum |                          
                             | qa\qwen_client.py:22 |                          
                             | 5 in chat_json       |                          
                             |                      |                          
                             |   222                |                          
                             |   223                |                          
                             |   224                |                          
                             |       may have been  |                          
                             |       string value u |                          
                             | > 225         raise  |                          
                             |       + 1} attempts: |                          
                             |   226                |                          
                             +----------------------+                          
                             ValueError: Model                                 
                             qwen3.6-flash failed to                           
                             return parseable JSON                             
                             after 2 attempts:                                 
                             Invalid control                                   
                             character at: line 1                              
                             column 89 (char 88)                               
[08/01/26 15:18:55] INFO     753b9bb15f1c4875b1ebd8a4 lever_experiments.py:2113
                             f0e8ad61                                          
                             [permuted_panel]:                                 
                             final=A(correct,                                  
                             escalated=True,                                   
                             {'seat_permutations':                             
                             [{'seat_index': 0,                                
                             'shuffled_order': [1, 2,                          
                             3, 0],                                            
                             'shuffled_letter': 'D',                           
                             'canonical_letter':                               
                             'A'}, {'seat_index': 1,                           
                             'shuffled_order': [0, 2,                          
                             3, 1],                                            
                             'shuffled_letter': 'D',                           
                             'canonical_letter':                               
                             'B'}, {'seat_index': 2,                           
                             'shuffled_order': [0, 2,                          
                             1, 3],                                            
                             'shuffled_letter': 'C',                           
                             'canonical_letter':                               
                             'B'}]}) cost=$0.00000                             
[08/01/26 15:18:57] INFO     446a87ff64474fe2a33eac24 lever_experiments.py:2113
                             1eaa4513                                          
                             [permuted_panel]:                                 
                             final=C(correct,                                  
                             escalated=False,                                  
                             {'seat_permutations':                             
                             [{'seat_index': 0,                                
                             'shuffled_order': [0, 2,                          
                             3, 1],                                            
                             'shuffled_letter': 'B',                           
                             'canonical_letter':                               
                             'C'}, {'seat_index': 1,                           
                             'shuffled_order': [1, 0,                          
                             2, 3],                                            
                             'shuffled_letter': 'C',                           
                             'canonical_letter':                               
                             'C'}, {'seat_index': 2,                           
                             'shuffled_order': [0, 1,                          
                             2, 3],                                            
                             'shuffled_letter': 'C',                           
                             'canonical_letter':                               
                             'C'}]}) cost=$0.00000                             
[08/01/26 15:18:59] INFO     da9a72380d03494eb15cdb63 lever_experiments.py:2113
                             26ef1d63                                          
                             [permuted_panel]:                                 
                             final=A(wrong,                                    
                             escalated=False,                                  
                             {'seat_permutations':                             
                             [{'seat_index': 0,                                
                             'shuffled_order': [0, 1,                          
                             2, 3],                                            
                             'shuffled_letter': 'A',                           
                             'canonical_letter':                               
                             'A'}, {'seat_index': 1,                           
                             'shuffled_order': [1, 2,                          
                             0, 3],                                            
                             'shuffled_letter': 'C',                           
                             'canonical_letter':                               
                             'A'}, {'seat_index': 2,                           
                             'shuffled_order': [3, 1,                          
                             2, 0],                                            
                             'shuffled_letter': 'D',                           
                             'canonical_letter':                               
                             'A'}]}) cost=$0.00000                             
[08/01/26 15:19:08] INFO     f0bb3853e211468d8b09a21b lever_experiments.py:2113
                             001c3909                                          
                             [permuted_panel]:                                 
                             final=B(correct,                                  
                             escalated=False,                                  
                             {'seat_permutations':                             
                             [{'seat_index': 0,                                
                             'shuffled_order': [1, 2,                          
                             0, 3],                                            
                             'shuffled_letter': 'A',                           
                             'canonical_letter':                               
                             'B'}, {'seat_index': 1,                           
                             'shuffled_order': [1, 0,                          
                             2, 3],                                            
                             'shuffled_letter': 'A',                           
                             'canonical_letter':                               
                             'B'}, {'seat_index': 2,                           
                             'shuffled_order': [2, 3,                          
                             1, 0],                                            
                             'shuffled_letter': 'C',                           
                             'canonical_letter':                               
                             'B'}]}) cost=$0.00000                             
[08/01/26 15:19:25] INFO     Processing request of type           server.py:733
                             CallToolRequest                                   
                    INFO     Processing request of type           server.py:733
                             CallToolRequest                                   
[08/01/26 15:19:31] INFO     Processing request of type           server.py:733
                             CallToolRequest                                   
                    INFO     Processing request of type           server.py:733
                             CallToolRequest                                   
[08/01/26 15:20:36] INFO     8448e9e443444fa8914dd174 lever_experiments.py:2113
                             252f8387                                          
                             [permuted_panel]:                                 
                             final=B(correct,                                  
                             escalated=True,                                   
                             {'seat_permutations':                             
                             [{'seat_index': 0,                                
                             'shuffled_order': [1, 0,                          
                             2, 3],                                            
                             'shuffled_letter': 'B',                           
                             'canonical_letter':                               
                             'A'}, {'seat_index': 1,                           
                             'shuffled_order': [3, 0,                          
                             2, 1],                                            
                             'shuffled_letter': 'B',                           
                             'canonical_letter':                               
                             'A'}, {'seat_index': 2,                           
                             'shuffled_order': [3, 2,                          
                             0, 1],                                            
                             'shuffled_letter': 'D',                           
                             'canonical_letter':                               
                             'B'}]}) cost=$0.00000                             
[08/01/26 15:20:53] INFO     Processing request of type           server.py:733
                             CallToolRequest                                   
                    INFO     Processing request of type           server.py:733
                             CallToolRequest                                   
[08/01/26 15:20:58] INFO     8150fb059b3041fda1a3079d lever_experiments.py:2113
                             62f96c81                                          
                             [permuted_panel]:                                 
                             final=B(wrong,                                    
                             escalated=True,                                   
                             {'seat_permutations':                             
                             [{'seat_index': 0,                                
                             'shuffled_order': [1, 0,                          
                             3, 2],                                            
                             'shuffled_letter': 'A',                           
                             'canonical_letter':                               
                             'B'}, {'seat_index': 1,                           
                             'shuffled_order': [3, 2,                          
                             1, 0],                                            
                             'shuffled_letter': 'D',                           
                             'canonical_letter':                               
                             'A'}, {'seat_index': 2,                           
                             'shuffled_order': [2, 0,                          
                             1, 3],                                            
                             'shuffled_letter': 'C',                           
                             'canonical_letter':                               
                             'B'}]}) cost=$0.00000                             
[08/01/26 15:21:20] INFO     Processing request of type           server.py:733
                             CallToolRequest                                   
                    INFO     Processing request of type           server.py:733
                             CallToolRequest                                   
[08/01/26 15:22:09] INFO     93fb4ca991b54dc9b48f6d8a lever_experiments.py:2113
                             d8dadad6                                          
                             [permuted_panel]:                                 
                             final=A(correct,                                  
                             escalated=True,                                   
                             {'seat_permutations':                             
                             [{'seat_index': 0,                                
                             'shuffled_order': [1, 2,                          
                             0, 3],                                            
                             'shuffled_letter': 'C',                           
                             'canonical_letter':                               
                             'A'}, {'seat_index': 1,                           
                             'shuffled_order': [0, 2,                          
                             1, 3],                                            
                             'shuffled_letter': 'D',                           
                             'canonical_letter':                               
                             'D'}, {'seat_index': 2,                           
                             'shuffled_order': [2, 3,                          
                             1, 0],                                            
                             'shuffled_letter': 'D',                           
                             'canonical_letter':                               
                             'A'}]}) cost=$0.00000                             
[08/01/26 15:22:11] INFO     1801d45b0acc48cf93825a48 lever_experiments.py:2113
                             f3f1f2d9                                          
                             [permuted_panel]:                                 
                             final=A(correct,                                  
                             escalated=True,                                   
                             {'seat_permutations':                             
                             [{'seat_index': 0,                                
                             'shuffled_order': [0, 2,                          
                             1, 3],                                            
                             'shuffled_letter': 'D',                           
                             'canonical_letter':                               
                             'D'}, {'seat_index': 1,                           
                             'shuffled_order': [0, 3,                          
                             1, 2],                                            
                             'shuffled_letter': 'C',                           
                             'canonical_letter':                               
                             'B'}, {'seat_index': 2,                           
                             'shuffled_order': [0, 1,                          
                             3, 2],                                            
                             'shuffled_letter': 'A',                           
                             'canonical_letter':                               
                             'A'}]}) cost=$0.00000                             
[08/01/26 15:22:12] INFO     5b45b2db369345e58b6dfa4e lever_experiments.py:2113
                             c2bebe1e                                          
                             [permuted_panel]:                                 
                             final=D(wrong,                                    
                             escalated=False,                                  
                             {'seat_permutations':                             
                             [{'seat_index': 0,                                
                             'shuffled_order': [3, 1,                          
                             0, 2],                                            
                             'shuffled_letter': 'A',                           
                             'canonical_letter':                               
                             'D'}, {'seat_index': 1,                           
                             'shuffled_order': [3, 0,                          
                             2, 1],                                            
                             'shuffled_letter': 'A',                           
                             'canonical_letter':                               
                             'D'}, {'seat_index': 2,                           
                             'shuffled_order': [3, 0,                          
                             1, 2],                                            
                             'shuffled_letter': 'A',                           
                             'canonical_letter':                               
                             'D'}]}) cost=$0.00000                             
[08/01/26 15:22:35] INFO     Processing request of type           server.py:733
                             CallToolRequest                                   
                    INFO     Processing request of type           server.py:733
                             CallToolRequest                                   
[08/01/26 15:22:36] INFO     Processing request of type           server.py:733
                             CallToolRequest                                   
                    INFO     Processing request of type           server.py:733
                             CallToolRequest                                   
[08/01/26 15:22:58] INFO     e274da8c33684a8eaf93ff53 lever_experiments.py:2113
                             5f26966c                                          
                             [permuted_panel]:                                 
                             final=B(wrong,                                    
                             escalated=True,                                   
                             {'seat_permutations':                             
                             [{'seat_index': 0,                                
                             'shuffled_order': [0, 3,                          
                             2, 1],                                            
                             'shuffled_letter': 'D',                           
                             'canonical_letter':                               
                             'B'}, {'seat_index': 1,                           
                             'shuffled_order': [0, 3,                          
                             2, 1],                                            
                             'shuffled_letter': 'D',                           
                             'canonical_letter':                               
                             'B'}, {'seat_index': 2,                           
                             'shuffled_order': [0, 2,                          
                             1, 3],                                            
                             'shuffled_letter': 'B',                           
                             'canonical_letter':                               
                             'C'}]}) cost=$0.00000                             
[08/01/26 15:23:10] INFO     3b57245e92d34df8b15c3485 lever_experiments.py:2113
                             e797caa7                                          
                             [permuted_panel]:                                 
                             final=D(wrong,                                    
                             escalated=False,                                  
                             {'seat_permutations':                             
                             [{'seat_index': 0,                                
                             'shuffled_order': [1, 2,                          
                             0, 3],                                            
                             'shuffled_letter': 'D',                           
                             'canonical_letter':                               
                             'D'}, {'seat_index': 1,                           
                             'shuffled_order': [2, 1,                          
                             3, 0],                                            
                             'shuffled_letter': 'C',                           
                             'canonical_letter':                               
                             'D'}, {'seat_index': 2,                           
                             'shuffled_order': [1, 2,                          
                             3, 0],                                            
                             'shuffled_letter': 'C',                           
                             'canonical_letter':                               
                             'D'}]}) cost=$0.00000                             
[08/01/26 15:23:25] INFO     Processing request of type           server.py:733
                             CallToolRequest                                   
[08/01/26 15:23:26] INFO     d153c78aab83437098128b09 lever_experiments.py:2113
                             643b1b1b                                          
                             [permuted_panel]:                                 
                             final=A(correct,                                  
                             escalated=True,                                   
                             {'seat_permutations':                             
                             [{'seat_index': 0,                                
                             'shuffled_order': [0, 1,                          
                             3, 2],                                            
                             'shuffled_letter': 'A',                           
                             'canonical_letter':                               
                             'A'}, {'seat_index': 1,                           
                             'shuffled_order': [1, 0,                          
                             3, 2],                                            
                             'shuffled_letter': 'A',                           
                             'canonical_letter':                               
                             'B'}, {'seat_index': 2,                           
                             'shuffled_order': [3, 0,                          
                             1, 2],                                            
                             'shuffled_letter': 'A',                           
                             'canonical_letter':                               
                             'D'}]}) cost=$0.00000                             
[08/01/26 15:23:46] INFO     Processing request of type           server.py:733
                             CallToolRequest                                   
                    INFO     Processing request of type           server.py:733
                             CallToolRequest                                   
[08/01/26 15:24:08] INFO     359d204466cf48a68d305af7 lever_experiments.py:2113
                             cb894607                                          
                             [permuted_panel]:                                 
                             final=A(correct,                                  
                             escalated=True,                                   
                             {'seat_permutations':                             
                             [{'seat_index': 0,                                
                             'shuffled_order': [3, 2,                          
                             0, 1],                                            
                             'shuffled_letter': 'C',                           
                             'canonical_letter':                               
                             'A'}, {'seat_index': 1,                           
                             'shuffled_order': [3, 0,                          
                             2, 1],                                            
                             'shuffled_letter': '',                            
                             'canonical_letter':                               
                             'D'}, {'seat_index': 2,                           
                             'shuffled_order': [1, 0,                          
                             2, 3],                                            
                             'shuffled_letter': 'B',                           
                             'canonical_letter':                               
                             'A'}]}) cost=$0.00000                             
[08/01/26 15:24:11] INFO     b276a7c672c44245bd8ff7b2 lever_experiments.py:2113
                             f3bfc6ed                                          
                             [permuted_panel]:                                 
                             final=D(correct,                                  
                             escalated=False,                                  
                             {'seat_permutations':                             
                             [{'seat_index': 0,                                
                             'shuffled_order': [0, 1,                          
                             2, 3],                                            
                             'shuffled_letter': 'D',                           
                             'canonical_letter':                               
                             'D'}, {'seat_index': 1,                           
                             'shuffled_order': [1, 3,                          
                             0, 2],                                            
                             'shuffled_letter': 'B',                           
                             'canonical_letter':                               
                             'D'}, {'seat_index': 2,                           
                             'shuffled_order': [3, 1,                          
                             0, 2],                                            
                             'shuffled_letter': 'A',                           
                             'canonical_letter':                               
                             'D'}]}) cost=$0.00000                             
[08/01/26 15:24:25] INFO     774f278462814d6298417cd1 lever_experiments.py:2113
                             eeadb78e                                          
                             [permuted_panel]:                                 
                             final=D(correct,                                  
                             escalated=True,                                   
                             {'seat_permutations':                             
                             [{'seat_index': 0,                                
                             'shuffled_order': [3, 2,                          
                             1, 0],                                            
                             'shuffled_letter': 'A',                           
                             'canonical_letter':                               
                             'D'}, {'seat_index': 1,                           
                             'shuffled_order': [2, 0,                          
                             1, 3],                                            
                             'shuffled_letter': 'D',                           
                             'canonical_letter':                               
                             'D'}, {'seat_index': 2,                           
                             'shuffled_order': [0, 3,                          
                             2, 1],                                            
                             'shuffled_letter': 'C',                           
                             'canonical_letter':                               
                             'C'}]}) cost=$0.00000                             
[08/01/26 15:24:28] INFO     Processing request of type           server.py:733
                             CallToolRequest                                   
                    INFO     Processing request of type           server.py:733
                             CallToolRequest                                   
[08/01/26 15:24:35] INFO     77426eaa0d254207a880cc04 lever_experiments.py:2113
                             6e218338                                          
                             [permuted_panel]:                                 
                             final=A(correct,                                  
                             escalated=False,                                  
                             {'seat_permutations':                             
                             [{'seat_index': 0,                                
                             'shuffled_order': [2, 3,                          
                             1, 0],                                            
                             'shuffled_letter': 'D',                           
                             'canonical_letter':                               
                             'A'}, {'seat_index': 1,                           
                             'shuffled_order': [2, 3,                          
                             1, 0],                                            
                             'shuffled_letter': 'D',                           
                             'canonical_letter':                               
                             'A'}, {'seat_index': 2,                           
                             'shuffled_order': [2, 3,                          
                             1, 0],                                            
                             'shuffled_letter': 'D',                           
                             'canonical_letter':                               
                             'A'}]}) cost=$0.00000                             
[08/01/26 15:24:36] INFO     de80385182a04a07b8e0ebf4 lever_experiments.py:2113
                             7441fd73                                          
                             [permuted_panel]:                                 
                             final=D(correct,                                  
                             escalated=True,                                   
                             {'seat_permutations':                             
                             [{'seat_index': 0,                                
                             'shuffled_order': [3, 1,                          
                             0, 2],                                            
                             'shuffled_letter': 'D',                           
                             'canonical_letter':                               
                             'C'}, {'seat_index': 1,                           
                             'shuffled_order': [1, 2,                          
                             0, 3],                                            
                             'shuffled_letter': 'D',                           
                             'canonical_letter':                               
                             'D'}, {'seat_index': 2,                           
                             'shuffled_order': [1, 0,                          
                             2, 3],                                            
                             'shuffled_letter': 'D',                           
                             'canonical_letter':                               
                             'D'}]}) cost=$0.00000                             
[08/01/26 15:24:39] INFO     9fcea6b17825455e84ca2a14 lever_experiments.py:2113
                             591131db                                          
                             [permuted_panel]:                                 
                             final=A(wrong,                                    
                             escalated=False,                                  
                             {'seat_permutations':                             
                             [{'seat_index': 0,                                
                             'shuffled_order': [2, 0,                          
                             1, 3],                                            
                             'shuffled_letter': 'B',                           
                             'canonical_letter':                               
                             'A'}, {'seat_index': 1,                           
                             'shuffled_order': [1, 2,                          
                             3, 0],                                            
                             'shuffled_letter': 'D',                           
                             'canonical_letter':                               
                             'A'}, {'seat_index': 2,                           
                             'shuffled_order': [3, 0,                          
                             1, 2],                                            
                             'shuffled_letter': 'B',                           
                             'canonical_letter':                               
                             'A'}]}) cost=$0.00000                             
[08/01/26 15:24:47] INFO     035eea8b984a439e8aa2c57d lever_experiments.py:2113
                             8ce71004                                          
                             [permuted_panel]:                                 
                             final=B(correct,                                  
                             escalated=False,                                  
                             {'seat_permutations':                             
                             [{'seat_index': 0,                                
                             'shuffled_order': [3, 0,                          
                             2, 1],                                            
                             'shuffled_letter': 'D',                           
                             'canonical_letter':                               
                             'B'}, {'seat_index': 1,                           
                             'shuffled_order': [3, 2,                          
                             0, 1],                                            
                             'shuffled_letter': 'D',                           
                             'canonical_letter':                               
                             'B'}, {'seat_index': 2,                           
                             'shuffled_order': [0, 3,                          
                             2, 1],                                            
                             'shuffled_letter': 'D',                           
                             'canonical_letter':                               
                             'B'}]}) cost=$0.00000                             
[08/01/26 15:24:49] INFO     21d1d27ba995479dbeed0629 lever_experiments.py:2113
                             b0fb6bc6                                          
                             [permuted_panel]:                                 
                             final=B(wrong,                                    
                             escalated=False,                                  
                             {'seat_permutations':                             
                             [{'seat_index': 0,                                
                             'shuffled_order': [2, 1,                          
                             3, 0],                                            
                             'shuffled_letter': 'B',                           
                             'canonical_letter':                               
                             'B'}, {'seat_index': 1,                           
                             'shuffled_order': [2, 0,                          
                             3, 1],                                            
                             'shuffled_letter': 'D',                           
                             'canonical_letter':                               
                             'B'}, {'seat_index': 2,                           
                             'shuffled_order': [3, 0,                          
                             1, 2],                                            
                             'shuffled_letter': 'C',                           
                             'canonical_letter':                               
                             'B'}]}) cost=$0.00000                             
[08/01/26 15:24:54] INFO     42218a1a88e144cda0a43961 lever_experiments.py:2113
                             4e5ed37a                                          
                             [permuted_panel]:                                 
                             final=A(correct,                                  
                             escalated=False,                                  
                             {'seat_permutations':                             
                             [{'seat_index': 0,                                
                             'shuffled_order': [3, 1,                          
                             2, 0],                                            
                             'shuffled_letter': 'D',                           
                             'canonical_letter':                               
                             'A'}, {'seat_index': 1,                           
                             'shuffled_order': [0, 1,                          
                             2, 3],                                            
                             'shuffled_letter': 'A',                           
                             'canonical_letter':                               
                             'A'}, {'seat_index': 2,                           
                             'shuffled_order': [3, 1,                          
                             0, 2],                                            
                             'shuffled_letter': 'C',                           
                             'canonical_letter':                               
                             'A'}]}) cost=$0.00000                             
[08/01/26 15:24:57] INFO     cd30976ef17748819f04e654 lever_experiments.py:2113
                             23ef8b9f                                          
                             [permuted_panel]:                                 
                             final=D(correct,                                  
                             escalated=False,                                  
                             {'seat_permutations':                             
                             [{'seat_index': 0,                                
                             'shuffled_order': [0, 3,                          
                             2, 1],                                            
                             'shuffled_letter': 'B',                           
                             'canonical_letter':                               
                             'D'}, {'seat_index': 1,                           
                             'shuffled_order': [1, 0,                          
                             3, 2],                                            
                             'shuffled_letter': 'C',                           
                             'canonical_letter':                               
                             'D'}, {'seat_index': 2,                           
                             'shuffled_order': [3, 0,                          
                             1, 2],                                            
                             'shuffled_letter': 'A',                           
                             'canonical_letter':                               
                             'D'}]}) cost=$0.00000                             
[08/01/26 15:25:06] INFO     58404af730f1470fb0ffa4c6 lever_experiments.py:2113
                             cb195387                                          
                             [permuted_panel]:                                 
                             final=B(correct,                                  
                             escalated=False,                                  
                             {'seat_permutations':                             
                             [{'seat_index': 0,                                
                             'shuffled_order': [0, 3,                          
                             2, 1],                                            
                             'shuffled_letter': 'D',                           
                             'canonical_letter':                               
                             'B'}, {'seat_index': 1,                           
                             'shuffled_order': [2, 1,                          
                             0, 3],                                            
                             'shuffled_letter': 'B',                           
                             'canonical_letter':                               
                             'B'}, {'seat_index': 2,                           
                             'shuffled_order': [1, 0,                          
                             2, 3],                                            
                             'shuffled_letter': 'A',                           
                             'canonical_letter':                               
                             'B'}]}) cost=$0.00000                             
[08/01/26 15:25:11] INFO     Processing request of type           server.py:733
                             CallToolRequest                                   
                    INFO     Processing request of type           server.py:733
                             CallToolRequest                                   
[08/01/26 15:25:18] INFO     3504bf36fbae416abe5a3c35 lever_experiments.py:2113
                             905cb09c                                          
                             [permuted_panel]:                                 
                             final=D(correct,                                  
                             escalated=True,                                   
                             {'seat_permutations':                             
                             [{'seat_index': 0,                                
                             'shuffled_order': [3, 1,                          
                             2, 0],                                            
                             'shuffled_letter': 'D',                           
                             'canonical_letter':                               
                             'A'}, {'seat_index': 1,                           
                             'shuffled_order': [0, 3,                          
                             2, 1],                                            
                             'shuffled_letter': 'A',                           
                             'canonical_letter':                               
                             'A'}, {'seat_index': 2,                           
                             'shuffled_order': [3, 1,                          
                             0, 2],                                            
                             'shuffled_letter': 'A',                           
                             'canonical_letter':                               
                             'D'}]}) cost=$0.00000                             
[08/01/26 15:25:25] INFO     Processing request of type           server.py:733
                             CallToolRequest                                   
                    INFO     Processing request of type           server.py:733
                             CallToolRequest                                   
[08/01/26 15:25:26] INFO     d480d6dc26254df6952b767c lever_experiments.py:2113
                             b43ff7f5                                          
                             [permuted_panel]:                                 
                             final=B(correct,                                  
                             escalated=False,                                  
                             {'seat_permutations':                             
                             [{'seat_index': 0,                                
                             'shuffled_order': [1, 3,                          
                             0, 2],                                            
                             'shuffled_letter': 'A',                           
                             'canonical_letter':                               
                             'B'}, {'seat_index': 1,                           
                             'shuffled_order': [1, 2,                          
                             0, 3],                                            
                             'shuffled_letter': 'A',                           
                             'canonical_letter':                               
                             'B'}, {'seat_index': 2,                           
                             'shuffled_order': [2, 1,                          
                             0, 3],                                            
                             'shuffled_letter': 'B',                           
                             'canonical_letter':                               
                             'B'}]}) cost=$0.00000                             
[08/01/26 15:25:35] INFO     cff5a6adefff4439b484c67e lever_experiments.py:2113
                             0dab0548                                          
                             [permuted_panel]:                                 
                             final=C(correct,                                  
                             escalated=False,                                  
                             {'seat_permutations':                             
                             [{'seat_index': 0,                                
                             'shuffled_order': [0, 1,                          
                             3, 2],                                            
                             'shuffled_letter': 'D',                           
                             'canonical_letter':                               
                             'C'}, {'seat_index': 1,                           
                             'shuffled_order': [3, 2,                          
                             1, 0],                                            
                             'shuffled_letter': 'B',                           
                             'canonical_letter':                               
                             'C'}, {'seat_index': 2,                           
                             'shuffled_order': [0, 1,                          
                             3, 2],                                            
                             'shuffled_letter': 'D',                           
                             'canonical_letter':                               
                             'C'}]}) cost=$0.00000                             
[08/01/26 15:25:44] INFO     bd5e9f3f0c264bfcbdb0d65b lever_experiments.py:2113
                             afd77574                                          
                             [permuted_panel]:                                 
                             final=D(correct,                                  
                             escalated=False,                                  
                             {'seat_permutations':                             
                             [{'seat_index': 0,                                
                             'shuffled_order': [0, 2,                          
                             1, 3],                                            
                             'shuffled_letter': 'D',                           
                             'canonical_letter':                               
                             'D'}, {'seat_index': 1,                           
                             'shuffled_order': [3, 0,                          
                             2, 1],                                            
                             'shuffled_letter': 'A',                           
                             'canonical_letter':                               
                             'D'}, {'seat_index': 2,                           
                             'shuffled_order': [2, 1,                          
                             3, 0],                                            
                             'shuffled_letter': 'C',                           
                             'canonical_letter':                               
                             'D'}]}) cost=$0.00000                             
[08/01/26 15:25:54] INFO     Processing request of type           server.py:733
                             CallToolRequest                                   
                    INFO     Processing request of type           server.py:733
                             CallToolRequest                                   
[08/01/26 15:26:26] INFO     f167d93fcf404e1990b65bbc lever_experiments.py:2113
                             25464616                                          
                             [permuted_panel]:                                 
                             final=A(correct,                                  
                             escalated=True,                                   
                             {'seat_permutations':                             
                             [{'seat_index': 0,                                
                             'shuffled_order': [0, 1,                          
                             2, 3],                                            
                             'shuffled_letter': 'B',                           
                             'canonical_letter':                               
                             'B'}, {'seat_index': 1,                           
                             'shuffled_order': [1, 0,                          
                             2, 3],                                            
                             'shuffled_letter': 'C',                           
                             'canonical_letter':                               
                             'C'}, {'seat_index': 2,                           
                             'shuffled_order': [0, 1,                          
                             2, 3],                                            
                             'shuffled_letter': 'C',                           
                             'canonical_letter':                               
                             'C'}]}) cost=$0.00000                             
[08/01/26 15:26:28] INFO     d3e6943775fe45a1b342d464 lever_experiments.py:2113
                             b7789fcf                                          
                             [permuted_panel]:                                 
                             final=D(correct,                                  
                             escalated=True,                                   
                             {'seat_permutations':                             
                             [{'seat_index': 0,                                
                             'shuffled_order': [1, 3,                          
                             2, 0],                                            
                             'shuffled_letter': 'B',                           
                             'canonical_letter':                               
                             'D'}, {'seat_index': 1,                           
                             'shuffled_order': [0, 1,                          
                             2, 3],                                            
                             'shuffled_letter': 'B',                           
                             'canonical_letter':                               
                             'B'}, {'seat_index': 2,                           
                             'shuffled_order': [3, 2,                          
                             0, 1],                                            
                             'shuffled_letter': 'D',                           
                             'canonical_letter':                               
                             'B'}]}) cost=$0.00000                             
[08/01/26 15:26:39] INFO     577d8bc0b647493f99d07f67 lever_experiments.py:2113
                             b765ce79                                          
                             [permuted_panel]:                                 
                             final=C(correct,                                  
                             escalated=True,                                   
                             {'seat_permutations':                             
                             [{'seat_index': 0,                                
                             'shuffled_order': [0, 3,                          
                             2, 1],                                            
                             'shuffled_letter': 'C',                           
                             'canonical_letter':                               
                             'C'}, {'seat_index': 1,                           
                             'shuffled_order': [1, 3,                          
                             2, 0],                                            
                             'shuffled_letter': 'A',                           
                             'canonical_letter':                               
                             'B'}, {'seat_index': 2,                           
                             'shuffled_order': [2, 1,                          
                             0, 3],                                            
                             'shuffled_letter': 'A',                           
                             'canonical_letter':                               
                             'C'}]}) cost=$0.00000                             
[08/01/26 15:26:42] INFO     dc319ec3a05740bd96124fa8 lever_experiments.py:2113
                             eb972087                                          
                             [permuted_panel]:                                 
                             final=A(correct,                                  
                             escalated=False,                                  
                             {'seat_permutations':                             
                             [{'seat_index': 0,                                
                             'shuffled_order': [2, 0,                          
                             1, 3],                                            
                             'shuffled_letter': 'B',                           
                             'canonical_letter':                               
                             'A'}, {'seat_index': 1,                           
                             'shuffled_order': [3, 1,                          
                             2, 0],                                            
                             'shuffled_letter': 'D',                           
                             'canonical_letter':                               
                             'A'}, {'seat_index': 2,                           
                             'shuffled_order': [3, 0,                          
                             2, 1],                                            
                             'shuffled_letter': 'B',                           
                             'canonical_letter':                               
                             'A'}]}) cost=$0.00000                             
[08/01/26 15:26:48] INFO     Processing request of type           server.py:733
                             CallToolRequest                                   
                    INFO     Processing request of type           server.py:733
                             CallToolRequest                                   
[08/01/26 15:26:51] ERROR    a0fcdf416bfd4419ba9f7148 lever_experiments.py:2111
                             13ece402: DROPPED after                           
                             unrecoverable error                               
                             +- Traceback (most rec-+                          
                             | C:\Users\Ong Jun     |                          
                             | Kai\Documents\Qwen   |                          
                             | Hackathon\benchmark\ |                          
                             | lever_experiments.py |                          
                             | :2106 in _run_one    |                          
                             |                      |                          
                             |   2103 ):            |                          
                             |   2104     try:      |                          
                             |   2105         async |                          
                             | > 2106             r |                          
                             |   2107               |                          
                             |   2108               |                          
                             |   2109             ) |                          
                             |                      |                          
                             | C:\Users\Ong Jun     |                          
                             | Kai\Documents\Qwen   |                          
                             | Hackathon\benchmark\ |                          
                             | lever_experiments.py |                          
                             | :1885 in             |                          
                             | run_question_lever   |                          
                             |                      |                          
                             |   1882     elif leve |                          
                             |   1883         solve |                          
                             |   1884     elif leve |                          
                             | > 1885         solve |                          
                             |        item.question |                          
                             |   1886     elif leve |                          
                             |   1887         solve |                          
                             |   1888     elif leve |                          
                             |                      |                          
                             | C:\Users\Ong Jun     |                          
                             | Kai\Documents\Qwen   |                          
                             | Hackathon\benchmark\ |                          
                             | lever_experiments.py |                          
                             | :953 in              |                          
                             | solve_all_permuted_p |                          
                             | anel                 |                          
                             |                      |                          
                             |    950         async |                          
                             |        seed, questio |                          
                             |    951         for i |                          
                             |    952     ]         |                          
                             | >  953     triples = |                          
                             |    954     solver_pa |                          
                             |    955     seat_perm |                          
                             |    956     return so |                          
                             |                      |                          
                             | C:\Users\Ong Jun     |                          
                             | Kai\AppData\Local\Pr |                          
                             | ograms\Python\Python |                          
                             | 312\Lib\asyncio\thre |                          
                             | ads.py:25 in         |                          
                             | to_thread            |                          
                             |                      |                          
                             |   22     loop = even |                          
                             |   23     ctx = conte |                          
                             |   24     func_call = |                          
                             | > 25     return awai |                          
                             |   26                 |                          
                             |                      |                          
                             | C:\Users\Ong Jun     |                          
                             | Kai\AppData\Local\Pr |                          
                             | ograms\Python\Python |                          
                             | 312\Lib\concurrent\f |                          
                             | utures\thread.py:59  |                          
                             | in run               |                          
                             |                      |                          
                             |    56             re |                          
                             |    57                |                          
                             |    58         try:   |                          
                             | >  59             re |                          
                             |    60         except |                          
                             |    61             se |                          
                             |    62             #  |                          
                             |                      |                          
                             | C:\Users\Ong Jun     |                          
                             | Kai\Documents\Qwen   |                          
                             | Hackathon\benchmark\ |                          
                             | lever_experiments.py |                          
                             | :918 in              |                          
                             | _solve_one_permuted  |                          
                             |                      |                          
                             |    915         "Keep |                          
                             |        showing full  |                          
                             |    916     )         |                          
                             |    917     role = "s |                          
                             | >  918     result =  |                          
                             |        user=user, ro |                          
                             |    919     letters = |                          
                             |    920     shuffled_ |                          
                             |    921     shuffled_ |                          
                             |                      |                          
                             | C:\Users\Ong Jun     |                          
                             | Kai\Documents\Qwen   |                          
                             | Hackathon\src\quorum |                          
                             | qa\qwen_client.py:22 |                          
                             | 5 in chat_json       |                          
                             |                      |                          
                             |   222                |                          
                             |   223                |                          
                             |   224                |                          
                             |       may have been  |                          
                             |       string value u |                          
                             | > 225         raise  |                          
                             |       + 1} attempts: |                          
                             |   226                |                          
                             +----------------------+                          
                             ValueError: Model                                 
                             qwen3.6-flash failed to                           
                             return parseable JSON                             
                             after 3 attempts: No                              
                             JSON object found in                              
                             model output:                                     
                             '{"letter": "C",                                  
                             "confidence": 0.85,                               
                             "reasoning": "Sequence                            
                             $1,2,2$ gives $x_4=6,                             
                             x_5=24, x_6=144$. Then                            
                             $x_7 = 144(24+6) =                                
                             4320$. Last three digits                          
                             320. Not an option.                               
                             Another solution:                                 
                             $x_1=1, x_2=1, x_3=1                              
                             \\to 12$. $x_1=1, x_2=1,                          
                             x_3=2 \\to 72$. $x_1=2,                           
                             x_2=1, x_3=1 \\to 24$.                            
                             $x_1=1, x_2=2, x_3=1                              
                             \\to'                                             
[08/01/26 15:27:00] INFO     f7cfee802ef34c3688d63c87 lever_experiments.py:2113
                             9ffd007b                                          
                             [permuted_panel]:                                 
                             final=B(wrong,                                    
                             escalated=False,                                  
                             {'seat_permutations':                             
                             [{'seat_index': 0,                                
                             'shuffled_order': [3, 0,                          
                             2, 1],                                            
                             'shuffled_letter': 'D',                           
                             'canonical_letter':                               
                             'B'}, {'seat_index': 1,                           
                             'shuffled_order': [0, 2,                          
                             1, 3],                                            
                             'shuffled_letter': 'C',                           
                             'canonical_letter':                               
                             'B'}, {'seat_index': 2,                           
                             'shuffled_order': [2, 0,                          
                             3, 1],                                            
                             'shuffled_letter': 'D',                           
                             'canonical_letter':                               
                             'B'}]}) cost=$0.00000                             
[08/01/26 15:27:08] INFO     7d09ef0797ce4e5985bf74b7 lever_experiments.py:2113
                             21552ca7                                          
                             [permuted_panel]:                                 
                             final=C(wrong,                                    
                             escalated=True,                                   
                             {'seat_permutations':                             
                             [{'seat_index': 0,                                
                             'shuffled_order': [2, 1,                          
                             0, 3],                                            
                             'shuffled_letter': 'D',                           
                             'canonical_letter':                               
                             'D'}, {'seat_index': 1,                           
                             'shuffled_order': [2, 1,                          
                             3, 0],                                            
                             'shuffled_letter': 'C',                           
                             'canonical_letter':                               
                             'D'}, {'seat_index': 2,                           
                             'shuffled_order': [0, 2,                          
                             1, 3],                                            
                             'shuffled_letter': 'B',                           
                             'canonical_letter':                               
                             'C'}]}) cost=$0.00000                             
[08/01/26 15:27:11] INFO     37bee659d0f24b6bbb7cf001 lever_experiments.py:2113
                             9b18266b                                          
                             [permuted_panel]:                                 
                             final=C(correct,                                  
                             escalated=True,                                   
                             {'seat_permutations':                             
                             [{'seat_index': 0,                                
                             'shuffled_order': [3, 1,                          
                             0, 2],                                            
                             'shuffled_letter': 'B',                           
                             'canonical_letter':                               
                             'B'}, {'seat_index': 1,                           
                             'shuffled_order': [2, 0,                          
                             3, 1],                                            
                             'shuffled_letter': 'A',                           
                             'canonical_letter':                               
                             'C'}, {'seat_index': 2,                           
                             'shuffled_order': [3, 2,                          
                             1, 0],                                            
                             'shuffled_letter': 'B',                           
                             'canonical_letter':                               
                             'C'}]}) cost=$0.00000                             
[08/01/26 15:27:16] INFO     06ae69ef1c91427cbe9c4828 lever_experiments.py:2113
                             fca5f44b                                          
                             [permuted_panel]:                                 
                             final=D(correct,                                  
                             escalated=False,                                  
                             {'seat_permutations':                             
                             [{'seat_index': 0,                                
                             'shuffled_order': [0, 1,                          
                             3, 2],                                            
                             'shuffled_letter': 'C',                           
                             'canonical_letter':                               
                             'D'}, {'seat_index': 1,                           
                             'shuffled_order': [0, 1,                          
                             2, 3],                                            
                             'shuffled_letter': 'D',                           
                             'canonical_letter':                               
                             'D'}, {'seat_index': 2,                           
                             'shuffled_order': [0, 2,                          
                             1, 3],                                            
                             'shuffled_letter': 'D',                           
                             'canonical_letter':                               
                             'D'}]}) cost=$0.00000                             
[08/01/26 15:27:20] INFO     5421df7042274a38b3df26a3 lever_experiments.py:2113
                             5cdb469f                                          
                             [permuted_panel]:                                 
                             final=D(correct,                                  
                             escalated=False,                                  
                             {'seat_permutations':                             
                             [{'seat_index': 0,                                
                             'shuffled_order': [2, 3,                          
                             1, 0],                                            
                             'shuffled_letter': 'B',                           
                             'canonical_letter':                               
                             'D'}, {'seat_index': 1,                           
                             'shuffled_order': [2, 3,                          
                             1, 0],                                            
                             'shuffled_letter': 'B',                           
                             'canonical_letter':                               
                             'D'}, {'seat_index': 2,                           
                             'shuffled_order': [0, 3,                          
                             2, 1],                                            
                             'shuffled_letter': 'B',                           
                             'canonical_letter':                               
                             'D'}]}) cost=$0.00000                             
[08/01/26 15:27:22] INFO     Processing request of type           server.py:733
                             CallToolRequest                                   
                    INFO     Processing request of type           server.py:733
                             CallToolRequest                                   
[08/01/26 15:27:25] INFO     c6dd6b345fbf490eb71cce53 lever_experiments.py:2113
                             229a6af2                                          
                             [permuted_panel]:                                 
                             final=C(correct,                                  
                             escalated=False,                                  
                             {'seat_permutations':                             
                             [{'seat_index': 0,                                
                             'shuffled_order': [0, 1,                          
                             2, 3],                                            
                             'shuffled_letter': 'C',                           
                             'canonical_letter':                               
                             'C'}, {'seat_index': 1,                           
                             'shuffled_order': [2, 0,                          
                             1, 3],                                            
                             'shuffled_letter': 'A',                           
                             'canonical_letter':                               
                             'C'}, {'seat_index': 2,                           
                             'shuffled_order': [2, 0,                          
                             3, 1],                                            
                             'shuffled_letter': 'A',                           
                             'canonical_letter':                               
                             'C'}]}) cost=$0.00000                             
[08/01/26 15:27:27] INFO     ea8ee1f301e24f2abef3454f lever_experiments.py:2113
                             aa2bcad3                                          
                             [permuted_panel]:                                 
                             final=B(correct,                                  
                             escalated=False,                                  
                             {'seat_permutations':                             
                             [{'seat_index': 0,                                
                             'shuffled_order': [0, 3,                          
                             2, 1],                                            
                             'shuffled_letter': 'D',                           
                             'canonical_letter':                               
                             'B'}, {'seat_index': 1,                           
                             'shuffled_order': [3, 2,                          
                             1, 0],                                            
                             'shuffled_letter': 'C',                           
                             'canonical_letter':                               
                             'B'}, {'seat_index': 2,                           
                             'shuffled_order': [1, 0,                          
                             2, 3],                                            
                             'shuffled_letter': 'A',                           
                             'canonical_letter':                               
                             'B'}]}) cost=$0.00000                             
[08/01/26 15:27:36] INFO     776b1918d67244708c5caf2f lever_experiments.py:2113
                             6d71390e                                          
                             [permuted_panel]:                                 
                             final=C(correct,                                  
                             escalated=False,                                  
                             {'seat_permutations':                             
                             [{'seat_index': 0,                                
                             'shuffled_order': [1, 2,                          
                             0, 3],                                            
                             'shuffled_letter': 'B',                           
                             'canonical_letter':                               
                             'C'}, {'seat_index': 1,                           
                             'shuffled_order': [2, 3,                          
                             1, 0],                                            
                             'shuffled_letter': 'A',                           
                             'canonical_letter':                               
                             'C'}, {'seat_index': 2,                           
                             'shuffled_order': [2, 1,                          
                             0, 3],                                            
                             'shuffled_letter': 'A',                           
                             'canonical_letter':                               
                             'C'}]}) cost=$0.00000                             
[08/01/26 15:27:45] INFO     Processing request of type           server.py:733
                             CallToolRequest                                   
                    INFO     Processing request of type           server.py:733
                             CallToolRequest                                   
[08/01/26 15:27:53] INFO     Processing request of type           server.py:733
                             CallToolRequest                                   
                    INFO     Processing request of type           server.py:733
                             CallToolRequest                                   
[08/01/26 15:28:23] INFO     542d66872a3744ebbe3b7edb lever_experiments.py:2113
                             81159b87                                          
                             [permuted_panel]:                                 
                             final=D(correct,                                  
                             escalated=True,                                   
                             {'seat_permutations':                             
                             [{'seat_index': 0,                                
                             'shuffled_order': [1, 2,                          
                             3, 0],                                            
                             'shuffled_letter': 'A',                           
                             'canonical_letter':                               
                             'B'}, {'seat_index': 1,                           
                             'shuffled_order': [1, 2,                          
                             0, 3],                                            
                             'shuffled_letter': 'D',                           
                             'canonical_letter':                               
                             'D'}, {'seat_index': 2,                           
                             'shuffled_order': [0, 2,                          
                             3, 1],                                            
                             'shuffled_letter': 'D',                           
                             'canonical_letter':                               
                             'B'}]}) cost=$0.00000                             
[08/01/26 15:28:30] INFO     afe0ed4d48c54836b7c7290a lever_experiments.py:2113
                             88c48c6a                                          
                             [permuted_panel]:                                 
                             final=C(wrong,                                    
                             escalated=True,                                   
                             {'seat_permutations':                             
                             [{'seat_index': 0,                                
                             'shuffled_order': [1, 3,                          
                             0, 2],                                            
                             'shuffled_letter': 'C',                           
                             'canonical_letter':                               
                             'A'}, {'seat_index': 1,                           
                             'shuffled_order': [0, 1,                          
                             3, 2],                                            
                             'shuffled_letter': 'D',                           
                             'canonical_letter':                               
                             'C'}, {'seat_index': 2,                           
                             'shuffled_order': [1, 3,                          
                             2, 0],                                            
                             'shuffled_letter': 'A',                           
                             'canonical_letter':                               
                             'B'}]}) cost=$0.00000                             
[08/01/26 15:28:32] INFO     5c80431a7a44410fb7cb477e lever_experiments.py:2113
                             28b56f54                                          
                             [permuted_panel]:                                 
                             final=C(correct,                                  
                             escalated=False,                                  
                             {'seat_permutations':                             
                             [{'seat_index': 0,                                
                             'shuffled_order': [2, 1,                          
                             0, 3],                                            
                             'shuffled_letter': 'A',                           
                             'canonical_letter':                               
                             'C'}, {'seat_index': 1,                           
                             'shuffled_order': [0, 3,                          
                             1, 2],                                            
                             'shuffled_letter': 'D',                           
                             'canonical_letter':                               
                             'C'}, {'seat_index': 2,                           
                             'shuffled_order': [1, 2,                          
                             0, 3],                                            
                             'shuffled_letter': 'B',                           
                             'canonical_letter':                               
                             'C'}]}) cost=$0.00000                             
[08/01/26 15:28:36] INFO     a303795f899447c9a86c9bf2 lever_experiments.py:2113
                             22885c4d                                          
                             [permuted_panel]:                                 
                             final=C(correct,                                  
                             escalated=True,                                   
                             {'seat_permutations':                             
                             [{'seat_index': 0,                                
                             'shuffled_order': [3, 1,                          
                             2, 0],                                            
                             'shuffled_letter': 'A',                           
                             'canonical_letter':                               
                             'D'}, {'seat_index': 1,                           
                             'shuffled_order': [3, 0,                          
                             1, 2],                                            
                             'shuffled_letter': 'A',                           
                             'canonical_letter':                               
                             'D'}, {'seat_index': 2,                           
                             'shuffled_order': [1, 0,                          
                             2, 3],                                            
                             'shuffled_letter': 'C',                           
                             'canonical_letter':                               
                             'C'}]}) cost=$0.00000                             
[08/01/26 15:28:49] INFO     Processing request of type           server.py:733
                             CallToolRequest                                   
                    INFO     Processing request of type           server.py:733
                             CallToolRequest                                   
[08/01/26 15:28:52] INFO     Processing request of type           server.py:733
                             CallToolRequest                                   
                    INFO     Processing request of type           server.py:733
                             CallToolRequest                                   
[08/01/26 15:29:53] INFO     9370a1e88cd44bfb97e73d1d lever_experiments.py:2113
                             bd0be108                                          
                             [permuted_panel]:                                 
                             final=A(wrong,                                    
                             escalated=True,                                   
                             {'seat_permutations':                             
                             [{'seat_index': 0,                                
                             'shuffled_order': [2, 3,                          
                             1, 0],                                            
                             'shuffled_letter': 'A',                           
                             'canonical_letter':                               
                             'C'}, {'seat_index': 1,                           
                             'shuffled_order': [1, 0,                          
                             3, 2],                                            
                             'shuffled_letter': 'A',                           
                             'canonical_letter':                               
                             'B'}, {'seat_index': 2,                           
                             'shuffled_order': [1, 0,                          
                             3, 2],                                            
                             'shuffled_letter': 'A',                           
                             'canonical_letter':                               
                             'B'}]}) cost=$0.00000                             
[08/01/26 15:30:04] INFO     89313a292b8441c9be85ed16 lever_experiments.py:2113
                             4cbcdbef                                          
                             [permuted_panel]:                                 
                             final=A(correct,                                  
                             escalated=True,                                   
                             {'seat_permutations':                             
                             [{'seat_index': 0,                                
                             'shuffled_order': [1, 0,                          
                             2, 3],                                            
                             'shuffled_letter': 'A',                           
                             'canonical_letter':                               
                             'B'}, {'seat_index': 1,                           
                             'shuffled_order': [3, 2,                          
                             1, 0],                                            
                             'shuffled_letter': 'B',                           
                             'canonical_letter':                               
                             'C'}, {'seat_index': 2,                           
                             'shuffled_order': [0, 1,                          
                             2, 3],                                            
                             'shuffled_letter': 'B',                           
                             'canonical_letter':                               
                             'B'}]}) cost=$0.00000                             
                    INFO     069990efa2ad4a48b7ee0290 lever_experiments.py:2113
                             514c87d2                                          
                             [permuted_panel]:                                 
                             final=A(wrong,                                    
                             escalated=False,                                  
                             {'seat_permutations':                             
                             [{'seat_index': 0,                                
                             'shuffled_order': [3, 0,                          
                             2, 1],                                            
                             'shuffled_letter': 'B',                           
                             'canonical_letter':                               
                             'A'}, {'seat_index': 1,                           
                             'shuffled_order': [3, 1,                          
                             2, 0],                                            
                             'shuffled_letter': 'D',                           
                             'canonical_letter':                               
                             'A'}, {'seat_index': 2,                           
                             'shuffled_order': [1, 2,                          
                             0, 3],                                            
                             'shuffled_letter': 'C',                           
                             'canonical_letter':                               
                             'A'}]}) cost=$0.00000                             
[08/01/26 15:30:20] INFO     Processing request of type           server.py:733
                             CallToolRequest                                   
                    INFO     Processing request of type           server.py:733
                             CallToolRequest                                   
[08/01/26 15:30:27] INFO     Processing request of type           server.py:733
                             CallToolRequest                                   
                    INFO     Processing request of type           server.py:733
                             CallToolRequest                                   
[08/01/26 15:30:31] INFO     24f826b3ba9b4761a5008fb8 lever_experiments.py:2113
                             b2a764f1                                          
                             [permuted_panel]:                                 
                             final=B(correct,                                  
                             escalated=True,                                   
                             {'seat_permutations':                             
                             [{'seat_index': 0,                                
                             'shuffled_order': [2, 3,                          
                             0, 1],                                            
                             'shuffled_letter': 'B',                           
                             'canonical_letter':                               
                             'D'}, {'seat_index': 1,                           
                             'shuffled_order': [2, 1,                          
                             3, 0],                                            
                             'shuffled_letter': 'C',                           
                             'canonical_letter':                               
                             'D'}, {'seat_index': 2,                           
                             'shuffled_order': [3, 1,                          
                             2, 0],                                            
                             'shuffled_letter': 'B',                           
                             'canonical_letter':                               
                             'B'}]}) cost=$0.00000                             
[08/01/26 15:30:44] INFO     8553c457934f417f998b45b8 lever_experiments.py:2113
                             5b13122a                                          
                             [permuted_panel]:                                 
                             final=B(correct,                                  
                             escalated=False,                                  
                             {'seat_permutations':                             
                             [{'seat_index': 0,                                
                             'shuffled_order': [0, 3,                          
                             2, 1],                                            
                             'shuffled_letter': 'D',                           
                             'canonical_letter':                               
                             'B'}, {'seat_index': 1,                           
                             'shuffled_order': [2, 0,                          
                             1, 3],                                            
                             'shuffled_letter': 'C',                           
                             'canonical_letter':                               
                             'B'}, {'seat_index': 2,                           
                             'shuffled_order': [1, 0,                          
                             2, 3],                                            
                             'shuffled_letter': 'A',                           
                             'canonical_letter':                               
                             'B'}]}) cost=$0.00000                             
[08/01/26 15:30:49] INFO     55edaf10765d46d4af4e8418 lever_experiments.py:2113
                             23a9797a                                          
                             [permuted_panel]:                                 
                             final=D(wrong,                                    
                             escalated=False,                                  
                             {'seat_permutations':                             
                             [{'seat_index': 0,                                
                             'shuffled_order': [2, 3,                          
                             0, 1],                                            
                             'shuffled_letter': 'B',                           
                             'canonical_letter':                               
                             'D'}, {'seat_index': 1,                           
                             'shuffled_order': [3, 1,                          
                             0, 2],                                            
                             'shuffled_letter': 'A',                           
                             'canonical_letter':                               
                             'D'}, {'seat_index': 2,                           
                             'shuffled_order': [2, 3,                          
                             0, 1],                                            
                             'shuffled_letter': 'B',                           
                             'canonical_letter':                               
                             'D'}]}) cost=$0.00000                             
[08/01/26 15:30:54] INFO     c794f1b6844a42c49bcb2762 lever_experiments.py:2113
                             d5efd0a0                                          
                             [permuted_panel]:                                 
                             final=D(correct,                                  
                             escalated=False,                                  
                             {'seat_permutations':                             
                             [{'seat_index': 0,                                
                             'shuffled_order': [1, 3,                          
                             0, 2],                                            
                             'shuffled_letter': 'B',                           
                             'canonical_letter':                               
                             'D'}, {'seat_index': 1,                           
                             'shuffled_order': [3, 2,                          
                             0, 1],                                            
                             'shuffled_letter': 'A',                           
                             'canonical_letter':                               
                             'D'}, {'seat_index': 2,                           
                             'shuffled_order': [1, 2,                          
                             3, 0],                                            
                             'shuffled_letter': 'C',                           
                             'canonical_letter':                               
                             'D'}]}) cost=$0.00000                             
[08/01/26 15:31:08] INFO     becff80caaec4e6e9191e84c lever_experiments.py:2113
                             8b6caf71                                          
                             [permuted_panel]:                                 
                             final=C(wrong,                                    
                             escalated=False,                                  
                             {'seat_permutations':                             
                             [{'seat_index': 0,                                
                             'shuffled_order': [0, 1,                          
                             2, 3],                                            
                             'shuffled_letter': 'C',                           
                             'canonical_letter':                               
                             'C'}, {'seat_index': 1,                           
                             'shuffled_order': [2, 1,                          
                             3, 0],                                            
                             'shuffled_letter': 'A',                           
                             'canonical_letter':                               
                             'C'}, {'seat_index': 2,                           
                             'shuffled_order': [2, 0,                          
                             1, 3],                                            
                             'shuffled_letter': 'A',                           
                             'canonical_letter':                               
                             'C'}]}) cost=$0.00000                             
[08/01/26 15:31:10] INFO     423099d02b5642939e9550ce lever_experiments.py:2113
                             9eca1f31                                          
                             [permuted_panel]:                                 
                             final=B(wrong,                                    
                             escalated=False,                                  
                             {'seat_permutations':                             
                             [{'seat_index': 0,                                
                             'shuffled_order': [2, 1,                          
                             3, 0],                                            
                             'shuffled_letter': 'B',                           
                             'canonical_letter':                               
                             'B'}, {'seat_index': 1,                           
                             'shuffled_order': [0, 2,                          
                             1, 3],                                            
                             'shuffled_letter': 'C',                           
                             'canonical_letter':                               
                             'B'}, {'seat_index': 2,                           
                             'shuffled_order': [1, 0,                          
                             3, 2],                                            
                             'shuffled_letter': 'A',                           
                             'canonical_letter':                               
                             'B'}]}) cost=$0.00000                             
[08/01/26 15:31:20] INFO     fab27a77c7a04024bdf2a0e0 lever_experiments.py:2113
                             7f36df23                                          
                             [permuted_panel]:                                 
                             final=B(correct,                                  
                             escalated=False,                                  
                             {'seat_permutations':                             
                             [{'seat_index': 0,                                
                             'shuffled_order': [3, 2,                          
                             1, 0],                                            
                             'shuffled_letter': 'C',                           
                             'canonical_letter':                               
                             'B'}, {'seat_index': 1,                           
                             'shuffled_order': [3, 0,                          
                             2, 1],                                            
                             'shuffled_letter': 'D',                           
                             'canonical_letter':                               
                             'B'}, {'seat_index': 2,                           
                             'shuffled_order': [2, 0,                          
                             1, 3],                                            
                             'shuffled_letter': 'C',                           
                             'canonical_letter':                               
                             'B'}]}) cost=$0.00000                             
[08/01/26 15:31:24] INFO     9b2ab36a103b4b7087634081 lever_experiments.py:2113
                             c8124ec8                                          
                             [permuted_panel]:                                 
                             final=B(correct,                                  
                             escalated=True,                                   
                             {'seat_permutations':                             
                             [{'seat_index': 0,                                
                             'shuffled_order': [3, 2,                          
                             1, 0],                                            
                             'shuffled_letter': 'A',                           
                             'canonical_letter':                               
                             'D'}, {'seat_index': 1,                           
                             'shuffled_order': [3, 1,                          
                             2, 0],                                            
                             'shuffled_letter': 'A',                           
                             'canonical_letter':                               
                             'D'}, {'seat_index': 2,                           
                             'shuffled_order': [0, 1,                          
                             3, 2],                                            
                             'shuffled_letter': 'A',                           
                             'canonical_letter':                               
                             'A'}]}) cost=$0.00000                             
[08/01/26 15:31:29] INFO     925824162d68421ab1955c70 lever_experiments.py:2113
                             e896acb3                                          
                             [permuted_panel]:                                 
                             final=B(correct,                                  
                             escalated=False,                                  
                             {'seat_permutations':                             
                             [{'seat_index': 0,                                
                             'shuffled_order': [0, 3,                          
                             1, 2],                                            
                             'shuffled_letter': 'C',                           
                             'canonical_letter':                               
                             'B'}, {'seat_index': 1,                           
                             'shuffled_order': [2, 1,                          
                             3, 0],                                            
                             'shuffled_letter': 'B',                           
                             'canonical_letter':                               
                             'B'}, {'seat_index': 2,                           
                             'shuffled_order': [2, 1,                          
                             3, 0],                                            
                             'shuffled_letter': 'B',                           
                             'canonical_letter':                               
                             'B'}]}) cost=$0.00000                             
[08/01/26 15:31:31] INFO     a909c0719f3e43b1a44afdbe lever_experiments.py:2113
                             dc66cf68                                          
                             [permuted_panel]:                                 
                             final=B(correct,                                  
                             escalated=False,                                  
                             {'seat_permutations':                             
                             [{'seat_index': 0,                                
                             'shuffled_order': [0, 3,                          
                             2, 1],                                            
                             'shuffled_letter': 'D',                           
                             'canonical_letter':                               
                             'B'}, {'seat_index': 1,                           
                             'shuffled_order': [2, 0,                          
                             3, 1],                                            
                             'shuffled_letter': 'D',                           
                             'canonical_letter':                               
                             'B'}, {'seat_index': 2,                           
                             'shuffled_order': [0, 3,                          
                             2, 1],                                            
                             'shuffled_letter': 'D',                           
                             'canonical_letter':                               
                             'B'}]}) cost=$0.00000                             
[08/01/26 15:31:35] INFO     d991ece11c774658bba485b9 lever_experiments.py:2113
                             85d3e9d0                                          
                             [permuted_panel]:                                 
                             final=B(correct,                                  
                             escalated=True,                                   
                             {'seat_permutations':                             
                             [{'seat_index': 0,                                
                             'shuffled_order': [1, 3,                          
                             0, 2],                                            
                             'shuffled_letter': 'C',                           
                             'canonical_letter':                               
                             'A'}, {'seat_index': 1,                           
                             'shuffled_order': [3, 2,                          
                             1, 0],                                            
                             'shuffled_letter': 'B',                           
                             'canonical_letter':                               
                             'C'}, {'seat_index': 2,                           
                             'shuffled_order': [3, 0,                          
                             2, 1],                                            
                             'shuffled_letter': 'D',                           
                             'canonical_letter':                               
                             'B'}]}) cost=$0.00000                             
[08/01/26 15:31:39] INFO     Processing request of type           server.py:733
                             CallToolRequest                                   
                    INFO     Processing request of type           server.py:733
                             CallToolRequest                                   
[08/01/26 15:31:45] INFO     Processing request of type           server.py:733
                             CallToolRequest                                   
                    INFO     Processing request of type           server.py:733
                             CallToolRequest                                   
[08/01/26 15:31:47] INFO     c5d4d7db014b497ca7029a9b lever_experiments.py:2113
                             ec7f4bb2                                          
                             [permuted_panel]:                                 
                             final=C(wrong,                                    
                             escalated=False,                                  
                             {'seat_permutations':                             
                             [{'seat_index': 0,                                
                             'shuffled_order': [2, 1,                          
                             3, 0],                                            
                             'shuffled_letter': 'A',                           
                             'canonical_letter':                               
                             'C'}, {'seat_index': 1,                           
                             'shuffled_order': [1, 0,                          
                             3, 2],                                            
                             'shuffled_letter': 'D',                           
                             'canonical_letter':                               
                             'C'}, {'seat_index': 2,                           
                             'shuffled_order': [1, 3,                          
                             0, 2],                                            
                             'shuffled_letter': 'D',                           
                             'canonical_letter':                               
                             'C'}]}) cost=$0.00000                             
[08/01/26 15:32:03] INFO     Processing request of type           server.py:733
                             CallToolRequest                                   
                    INFO     Processing request of type           server.py:733
                             CallToolRequest                                   
[08/01/26 15:32:36] INFO     1879143c55594a16af99b8f2 lever_experiments.py:2113
                             8262d5cd                                          
                             [permuted_panel]:                                 
                             final=D(correct,                                  
                             escalated=True,                                   
                             {'seat_permutations':                             
                             [{'seat_index': 0,                                
                             'shuffled_order': [2, 0,                          
                             3, 1],                                            
                             'shuffled_letter': 'C',                           
                             'canonical_letter':                               
                             'D'}, {'seat_index': 1,                           
                             'shuffled_order': [3, 0,                          
                             2, 1],                                            
                             'shuffled_letter': 'D',                           
                             'canonical_letter':                               
                             'B'}, {'seat_index': 2,                           
                             'shuffled_order': [1, 3,                          
                             0, 2],                                            
                             'shuffled_letter': 'D',                           
                             'canonical_letter':                               
                             'C'}]}) cost=$0.00000                             
[08/01/26 15:32:39] INFO     635d752febee4c159c6c7b64 lever_experiments.py:2113
                             0f91afee                                          
                             [permuted_panel]:                                 
                             final=D(correct,                                  
                             escalated=True,                                   
                             {'seat_permutations':                             
                             [{'seat_index': 0,                                
                             'shuffled_order': [2, 3,                          
                             0, 1],                                            
                             'shuffled_letter': 'C',                           
                             'canonical_letter':                               
                             'A'}, {'seat_index': 1,                           
                             'shuffled_order': [0, 1,                          
                             2, 3],                                            
                             'shuffled_letter': 'B',                           
                             'canonical_letter':                               
                             'B'}, {'seat_index': 2,                           
                             'shuffled_order': [2, 1,                          
                             3, 0],                                            
                             'shuffled_letter': 'D',                           
                             'canonical_letter':                               
                             'A'}]}) cost=$0.00000                             
[08/01/26 15:32:40] INFO     34a72c60bab346689ff20a5c lever_experiments.py:2113
                             79f7bcbd                                          
                             [permuted_panel]:                                 
                             final=B(correct,                                  
                             escalated=False,                                  
                             {'seat_permutations':                             
                             [{'seat_index': 0,                                
                             'shuffled_order': [1, 3,                          
                             0, 2],                                            
                             'shuffled_letter': 'A',                           
                             'canonical_letter':                               
                             'B'}, {'seat_index': 1,                           
                             'shuffled_order': [2, 1,                          
                             3, 0],                                            
                             'shuffled_letter': 'B',                           
                             'canonical_letter':                               
                             'B'}, {'seat_index': 2,                           
                             'shuffled_order': [3, 0,                          
                             1, 2],                                            
                             'shuffled_letter': 'C',                           
                             'canonical_letter':                               
                             'B'}]}) cost=$0.00000                             
[08/01/26 15:32:51] INFO     1b439dbf5fa94d12b70bfc09 lever_experiments.py:2113
                             f67c0207                                          
                             [permuted_panel]:                                 
                             final=B(wrong,                                    
                             escalated=False,                                  
                             {'seat_permutations':                             
                             [{'seat_index': 0,                                
                             'shuffled_order': [0, 1,                          
                             2, 3],                                            
                             'shuffled_letter': 'B',                           
                             'canonical_letter':                               
                             'B'}, {'seat_index': 1,                           
                             'shuffled_order': [1, 3,                          
                             0, 2],                                            
                             'shuffled_letter': 'A',                           
                             'canonical_letter':                               
                             'B'}, {'seat_index': 2,                           
                             'shuffled_order': [1, 2,                          
                             3, 0],                                            
                             'shuffled_letter': 'A',                           
                             'canonical_letter':                               
                             'B'}]}) cost=$0.00000                             
[08/01/26 15:32:55] INFO     Processing request of type           server.py:733
                             CallToolRequest                                   
                    INFO     Processing request of type           server.py:733
                             CallToolRequest                                   
[08/01/26 15:32:55] INFO     86ad4780d9e843f7b8a98e20 lever_experiments.py:2113
                             8abf3a52                                          
                             [permuted_panel]:                                 
                             final=D(wrong,                                    
                             escalated=True,                                   
                             {'seat_permutations':                             
                             [{'seat_index': 0,                                
                             'shuffled_order': [2, 3,                          
                             0, 1],                                            
                             'shuffled_letter': 'D',                           
                             'canonical_letter':                               
                             'B'}, {'seat_index': 1,                           
                             'shuffled_order': [1, 0,                          
                             3, 2],                                            
                             'shuffled_letter': 'A',                           
                             'canonical_letter':                               
                             'B'}, {'seat_index': 2,                           
                             'shuffled_order': [1, 3,                          
                             2, 0],                                            
                             'shuffled_letter': 'B',                           
                             'canonical_letter':                               
                             'D'}]}) cost=$0.00000                             
[08/01/26 15:33:04] INFO     cf4f5dcb74544dc982db8d33 lever_experiments.py:2113
                             e421d563                                          
                             [permuted_panel]:                                 
                             final=A(correct,                                  
                             escalated=False,                                  
                             {'seat_permutations':                             
                             [{'seat_index': 0,                                
                             'shuffled_order': [0, 3,                          
                             2, 1],                                            
                             'shuffled_letter': 'A',                           
                             'canonical_letter':                               
                             'A'}, {'seat_index': 1,                           
                             'shuffled_order': [0, 3,                          
                             1, 2],                                            
                             'shuffled_letter': 'A',                           
                             'canonical_letter':                               
                             'A'}, {'seat_index': 2,                           
                             'shuffled_order': [0, 2,                          
                             3, 1],                                            
                             'shuffled_letter': 'A',                           
                             'canonical_letter':                               
                             'A'}]}) cost=$0.00000                             
[08/01/26 15:33:14] INFO     39500f844ccf4842b37634e6 lever_experiments.py:2113
                             09862e09                                          
                             [permuted_panel]:                                 
                             final=A(correct,                                  
                             escalated=False,                                  
                             {'seat_permutations':                             
                             [{'seat_index': 0,                                
                             'shuffled_order': [3, 2,                          
                             0, 1],                                            
                             'shuffled_letter': 'C',                           
                             'canonical_letter':                               
                             'A'}, {'seat_index': 1,                           
                             'shuffled_order': [1, 2,                          
                             3, 0],                                            
                             'shuffled_letter': 'D',                           
                             'canonical_letter':                               
                             'A'}, {'seat_index': 2,                           
                             'shuffled_order': [0, 2,                          
                             3, 1],                                            
                             'shuffled_letter': 'A',                           
                             'canonical_letter':                               
                             'A'}]}) cost=$0.00000                             
[08/01/26 15:33:15] INFO     Processing request of type           server.py:733
                             CallToolRequest                                   
                    INFO     Processing request of type           server.py:733
                             CallToolRequest                                   
[08/01/26 15:33:17] INFO     6c089bcc77df411186116b02 lever_experiments.py:2113
                             d5a29397                                          
                             [permuted_panel]:                                 
                             final=B(correct,                                  
                             escalated=False,                                  
                             {'seat_permutations':                             
                             [{'seat_index': 0,                                
                             'shuffled_order': [0, 1,                          
                             2, 3],                                            
                             'shuffled_letter': 'B',                           
                             'canonical_letter':                               
                             'B'}, {'seat_index': 1,                           
                             'shuffled_order': [0, 1,                          
                             3, 2],                                            
                             'shuffled_letter': 'B',                           
                             'canonical_letter':                               
                             'B'}, {'seat_index': 2,                           
                             'shuffled_order': [1, 2,                          
                             0, 3],                                            
                             'shuffled_letter': 'A',                           
                             'canonical_letter':                               
                             'B'}]}) cost=$0.00000                             
[08/01/26 15:33:34] INFO     Processing request of type           server.py:733
                             CallToolRequest                                   
                    INFO     Processing request of type           server.py:733
                             CallToolRequest                                   
[08/01/26 15:33:38] INFO     879ba709078a42cb83bb6c35 lever_experiments.py:2113
                             d0f46988                                          
                             [permuted_panel]:                                 
                             final=D(correct,                                  
                             escalated=True,                                   
                             {'seat_permutations':                             
                             [{'seat_index': 0,                                
                             'shuffled_order': [2, 0,                          
                             3, 1],                                            
                             'shuffled_letter': 'C',                           
                             'canonical_letter':                               
                             'D'}, {'seat_index': 1,                           
                             'shuffled_order': [2, 3,                          
                             0, 1],                                            
                             'shuffled_letter': 'D',                           
                             'canonical_letter':                               
                             'B'}, {'seat_index': 2,                           
                             'shuffled_order': [3, 2,                          
                             0, 1],                                            
                             'shuffled_letter': 'D',                           
                             'canonical_letter':                               
                             'B'}]}) cost=$0.00000                             
[08/01/26 15:33:47] INFO     3b56dfe1a6c7451bb96852d0 lever_experiments.py:2113
                             3c781fec                                          
                             [permuted_panel]:                                 
                             final=B(correct,                                  
                             escalated=False,                                  
                             {'seat_permutations':                             
                             [{'seat_index': 0,                                
                             'shuffled_order': [0, 3,                          
                             1, 2],                                            
                             'shuffled_letter': 'C',                           
                             'canonical_letter':                               
                             'B'}, {'seat_index': 1,                           
                             'shuffled_order': [0, 1,                          
                             3, 2],                                            
                             'shuffled_letter': 'B',                           
                             'canonical_letter':                               
                             'B'}, {'seat_index': 2,                           
                             'shuffled_order': [1, 3,                          
                             0, 2],                                            
                             'shuffled_letter': 'A',                           
                             'canonical_letter':                               
                             'B'}]}) cost=$0.00000                             
[08/01/26 15:34:02] INFO     4eca043b6430444cbdd049af lever_experiments.py:2113
                             dfa2f053                                          
                             [permuted_panel]:                                 
                             final=C(correct,                                  
                             escalated=True,                                   
                             {'seat_permutations':                             
                             [{'seat_index': 0,                                
                             'shuffled_order': [1, 0,                          
                             2, 3],                                            
                             'shuffled_letter': 'C',                           
                             'canonical_letter':                               
                             'C'}, {'seat_index': 1,                           
                             'shuffled_order': [3, 0,                          
                             2, 1],                                            
                             'shuffled_letter': 'D',                           
                             'canonical_letter':                               
                             'B'}, {'seat_index': 2,                           
                             'shuffled_order': [0, 2,                          
                             1, 3],                                            
                             'shuffled_letter': 'B',                           
                             'canonical_letter':                               
                             'C'}]}) cost=$0.00000                             
[08/01/26 15:34:10] INFO     Processing request of type           server.py:733
                             CallToolRequest                                   
                    INFO     Processing request of type           server.py:733
                             CallToolRequest                                   
[08/01/26 15:34:20] INFO     02825cc4d5204391ad16af37 lever_experiments.py:2113
                             a803370b                                          
                             [permuted_panel]:                                 
                             final=B(correct,                                  
                             escalated=False,                                  
                             {'seat_permutations':                             
                             [{'seat_index': 0,                                
                             'shuffled_order': [1, 2,                          
                             0, 3],                                            
                             'shuffled_letter': 'A',                           
                             'canonical_letter':                               
                             'B'}, {'seat_index': 1,                           
                             'shuffled_order': [2, 1,                          
                             3, 0],                                            
                             'shuffled_letter': 'B',                           
                             'canonical_letter':                               
                             'B'}, {'seat_index': 2,                           
                             'shuffled_order': [2, 1,                          
                             3, 0],                                            
                             'shuffled_letter': 'B',                           
                             'canonical_letter':                               
                             'B'}]}) cost=$0.00000                             
[08/01/26 15:34:29] INFO     75a69daf29714e578b45461e lever_experiments.py:2113
                             f75c49b8                                          
                             [permuted_panel]:                                 
                             final=B(correct,                                  
                             escalated=True,                                   
                             {'seat_permutations':                             
                             [{'seat_index': 0,                                
                             'shuffled_order': [1, 2,                          
                             3, 0],                                            
                             'shuffled_letter': 'C',                           
                             'canonical_letter':                               
                             'D'}, {'seat_index': 1,                           
                             'shuffled_order': [3, 1,                          
                             0, 2],                                            
                             'shuffled_letter': 'C',                           
                             'canonical_letter':                               
                             'A'}, {'seat_index': 2,                           
                             'shuffled_order': [1, 2,                          
                             0, 3],                                            
                             'shuffled_letter': 'A',                           
                             'canonical_letter':                               
                             'B'}]}) cost=$0.00000                             
                    INFO     37871236ef614d9ead11af49 lever_experiments.py:2113
                             12abc0fd                                          
                             [permuted_panel]:                                 
                             final=D(correct,                                  
                             escalated=False,                                  
                             {'seat_permutations':                             
                             [{'seat_index': 0,                                
                             'shuffled_order': [2, 3,                          
                             0, 1],                                            
                             'shuffled_letter': 'B',                           
                             'canonical_letter':                               
                             'D'}, {'seat_index': 1,                           
                             'shuffled_order': [0, 2,                          
                             1, 3],                                            
                             'shuffled_letter': 'D',                           
                             'canonical_letter':                               
                             'D'}, {'seat_index': 2,                           
                             'shuffled_order': [1, 0,                          
                             2, 3],                                            
                             'shuffled_letter': 'D',                           
                             'canonical_letter':                               
                             'D'}]}) cost=$0.00000                             
[08/01/26 15:34:44] INFO     Processing request of type           server.py:733
                             CallToolRequest                                   
                    INFO     Processing request of type           server.py:733
                             CallToolRequest                                   
[08/01/26 15:34:50] INFO     81a567f240f046d9b3efd974 lever_experiments.py:2113
                             01d5e613                                          
                             [permuted_panel]:                                 
                             final=C(wrong,                                    
                             escalated=True,                                   
                             {'seat_permutations':                             
                             [{'seat_index': 0,                                
                             'shuffled_order': [3, 2,                          
                             1, 0],                                            
                             'shuffled_letter': 'D',                           
                             'canonical_letter':                               
                             'A'}, {'seat_index': 1,                           
                             'shuffled_order': [0, 1,                          
                             3, 2],                                            
                             'shuffled_letter': 'D',                           
                             'canonical_letter':                               
                             'C'}, {'seat_index': 2,                           
                             'shuffled_order': [1, 0,                          
                             3, 2],                                            
                             'shuffled_letter': 'D',                           
                             'canonical_letter':                               
                             'C'}]}) cost=$0.00000                             
[08/01/26 15:35:07] INFO     Processing request of type           server.py:733
                             CallToolRequest                                   
                    INFO     Processing request of type           server.py:733
                             CallToolRequest                                   
[08/01/26 15:35:09] INFO     118d86cc46f849688d4fa43f lever_experiments.py:2113
                             1946e64c                                          
                             [permuted_panel]:                                 
                             final=D(correct,                                  
                             escalated=True,                                   
                             {'seat_permutations':                             
                             [{'seat_index': 0,                                
                             'shuffled_order': [1, 2,                          
                             3, 0],                                            
                             'shuffled_letter': 'C',                           
                             'canonical_letter':                               
                             'D'}, {'seat_index': 1,                           
                             'shuffled_order': [1, 0,                          
                             2, 3],                                            
                             'shuffled_letter': 'C',                           
                             'canonical_letter':                               
                             'C'}, {'seat_index': 2,                           
                             'shuffled_order': [0, 2,                          
                             1, 3],                                            
                             'shuffled_letter': 'D',                           
                             'canonical_letter':                               
                             'D'}]}) cost=$0.00000                             
[08/01/26 15:35:22] INFO     530a6c1b54cb409c8785941f lever_experiments.py:2113
                             b637e814                                          
                             [permuted_panel]:                                 
                             final=C(correct,                                  
                             escalated=True,                                   
                             {'seat_permutations':                             
                             [{'seat_index': 0,                                
                             'shuffled_order': [0, 2,                          
                             3, 1],                                            
                             'shuffled_letter': 'B',                           
                             'canonical_letter':                               
                             'C'}, {'seat_index': 1,                           
                             'shuffled_order': [2, 3,                          
                             1, 0],                                            
                             'shuffled_letter': 'D',                           
                             'canonical_letter':                               
                             'A'}, {'seat_index': 2,                           
                             'shuffled_order': [3, 0,                          
                             1, 2],                                            
                             'shuffled_letter': 'D',                           
                             'canonical_letter':                               
                             'C'}]}) cost=$0.00000                             
[08/01/26 15:35:30] INFO     Processing request of type           server.py:733
                             CallToolRequest                                   
                    INFO     Processing request of type           server.py:733
                             CallToolRequest                                   
[08/01/26 15:35:45] INFO     Processing request of type           server.py:733
                             CallToolRequest                                   
                    INFO     Processing request of type           server.py:733
                             CallToolRequest                                   
[08/01/26 15:36:09] INFO     07e1b41abb9444cfbd9d3abf lever_experiments.py:2113
                             de3fd2be                                          
                             [permuted_panel]:                                 
                             final=C(correct,                                  
                             escalated=True,                                   
                             {'seat_permutations':                             
                             [{'seat_index': 0,                                
                             'shuffled_order': [3, 2,                          
                             0, 1],                                            
                             'shuffled_letter': 'B',                           
                             'canonical_letter':                               
                             'C'}, {'seat_index': 1,                           
                             'shuffled_order': [2, 1,                          
                             0, 3],                                            
                             'shuffled_letter': 'A',                           
                             'canonical_letter':                               
                             'C'}, {'seat_index': 2,                           
                             'shuffled_order': [3, 2,                          
                             0, 1],                                            
                             'shuffled_letter': 'D',                           
                             'canonical_letter':                               
                             'B'}]}) cost=$0.00000                             
[08/01/26 15:36:12] INFO     210b3664e51b43bbab0d4b1b lever_experiments.py:2113
                             fa4668d0                                          
                             [permuted_panel]:                                 
                             final=A(wrong,                                    
                             escalated=True,                                   
                             {'seat_permutations':                             
                             [{'seat_index': 0,                                
                             'shuffled_order': [2, 3,                          
                             1, 0],                                            
                             'shuffled_letter': 'C',                           
                             'canonical_letter':                               
                             'B'}, {'seat_index': 1,                           
                             'shuffled_order': [0, 2,                          
                             3, 1],                                            
                             'shuffled_letter': 'A',                           
                             'canonical_letter':                               
                             'A'}, {'seat_index': 2,                           
                             'shuffled_order': [1, 0,                          
                             3, 2],                                            
                             'shuffled_letter': 'A',                           
                             'canonical_letter':                               
                             'B'}]}) cost=$0.00000                             
[08/01/26 15:36:26] INFO     Processing request of type           server.py:733
                             CallToolRequest                                   
                    INFO     Processing request of type           server.py:733
                             CallToolRequest                                   
[08/01/26 15:36:34] INFO     Processing request of type           server.py:733
                             CallToolRequest                                   
                    INFO     Processing request of type           server.py:733
                             CallToolRequest                                   
[08/01/26 15:36:55] INFO     8646541e72e1482bacecb2f5 lever_experiments.py:2113
                             74a70667                                          
                             [permuted_panel]:                                 
                             final=D(correct,                                  
                             escalated=True,                                   
                             {'seat_permutations':                             
                             [{'seat_index': 0,                                
                             'shuffled_order': [2, 3,                          
                             0, 1],                                            
                             'shuffled_letter': 'D',                           
                             'canonical_letter':                               
                             'B'}, {'seat_index': 1,                           
                             'shuffled_order': [1, 3,                          
                             2, 0],                                            
                             'shuffled_letter': 'B',                           
                             'canonical_letter':                               
                             'D'}, {'seat_index': 2,                           
                             'shuffled_order': [0, 3,                          
                             2, 1],                                            
                             'shuffled_letter': 'D',                           
                             'canonical_letter':                               
                             'B'}]}) cost=$0.00000                             
[08/01/26 15:37:04] INFO     Processing request of type           server.py:733
                             CallToolRequest                                   
                    INFO     Processing request of type           server.py:733
                             CallToolRequest                                   
[08/01/26 15:37:18] INFO     92ce9438a8dc454fb4400a14 lever_experiments.py:2113
                             ecfb25cd                                          
                             [permuted_panel]:                                 
                             final=B(correct,                                  
                             escalated=True,                                   
                             {'seat_permutations':                             
                             [{'seat_index': 0,                                
                             'shuffled_order': [1, 2,                          
                             0, 3],                                            
                             'shuffled_letter': 'A',                           
                             'canonical_letter':                               
                             'B'}, {'seat_index': 1,                           
                             'shuffled_order': [1, 0,                          
                             3, 2],                                            
                             'shuffled_letter': 'A',                           
                             'canonical_letter':                               
                             'B'}, {'seat_index': 2,                           
                             'shuffled_order': [3, 1,                          
                             0, 2],                                            
                             'shuffled_letter': 'A',                           
                             'canonical_letter':                               
                             'D'}]}) cost=$0.00000                             
[08/01/26 15:37:58] INFO     0116019c4d2949ffbb23d38c lever_experiments.py:2113
                             1d02155f                                          
                             [permuted_panel]:                                 
                             final=B(correct,                                  
                             escalated=True,                                   
                             {'seat_permutations':                             
                             [{'seat_index': 0,                                
                             'shuffled_order': [3, 0,                          
                             1, 2],                                            
                             'shuffled_letter': 'A',                           
                             'canonical_letter':                               
                             'D'}, {'seat_index': 1,                           
                             'shuffled_order': [1, 2,                          
                             3, 0],                                            
                             'shuffled_letter': 'B',                           
                             'canonical_letter':                               
                             'C'}, {'seat_index': 2,                           
                             'shuffled_order': [0, 1,                          
                             2, 3],                                            
                             'shuffled_letter': 'D',                           
                             'canonical_letter':                               
                             'D'}]}) cost=$0.00000                             
[08/01/26 15:38:55] INFO     7596b20b80904d37a2cdb357 lever_experiments.py:2113
                             1dd140b1                                          
                             [permuted_panel]:                                 
                             final=A(correct,                                  
                             escalated=True,                                   
                             {'seat_permutations':                             
                             [{'seat_index': 0,                                
                             'shuffled_order': [0, 1,                          
                             2, 3],                                            
                             'shuffled_letter': 'D',                           
                             'canonical_letter':                               
                             'D'}, {'seat_index': 1,                           
                             'shuffled_order': [0, 2,                          
                             3, 1],                                            
                             'shuffled_letter': 'A',                           
                             'canonical_letter':                               
                             'A'}, {'seat_index': 2,                           
                             'shuffled_order': [0, 2,                          
                             1, 3],                                            
                             'shuffled_letter': 'D',                           
                             'canonical_letter':                               
                             'D'}]}) cost=$0.00000                             
                    WARNING  2/90 questions dropped   lever_experiments.py:2291
                             due to unrecoverable                              
                             errors                                            
                    INFO     Wrote 88 results to      lever_experiments.py:2297
                             benchmark\results\META2_                          
                             permuted_panel_supergpqa                          
                             _seed909.jsonl                                    
--- analyze (coverage gate) ---
====================================================================================================
META-2 -- permutation-instability probe on the unanimous pool
====================================================================================================
  control-unanimous items: 41 / 88 shared
  flip rate (B vs A): 43.9%  (18 flipped)
  COVERAGE GATE: CLEARS -- extension authorised

  unanimous & wrong: 16  (flipped: 8, rate: 50.0%)
  unanimous & right: 25  (flipped: 10, rate: 40.0%)
  CONTRAST: +10.0pp  (Fisher exact p=0.7477)  [SCREEN SEED ONLY -- underpowered, cannot carry the predictive claim alone]
    clears pre-registered bar (>=25pp, p<0.05, >=8 flipped): False
    kill clause (gap<10pt or p>0.2): True

  MECHANISM: arm C not supplied -- claim must be labelled 'resample-or-permute instability'

  ACCURACY (B vs A): b=11 c=7 net=+4 p=0.2403  clears standard bar: False

Wrote benchmark/results/META2_stage1_report_seed909.json
=== META-2 Stage 1 finished ===
Sat Aug  1 15:38:56 MPST 2026
