arm,dataset,seed,question_id,completed,correct,escalated,unanimous,tokens,n_calls
adhoc_check,unknown,-1,recyPffUDqC2k7ZZO,1,1,0,1,6967,3
adhoc_check,unknown,-1,recmI7EiLv72PxmYK,1,1,1,0,12317,7
adhoc_check,unknown,-1,recO3hvCWRGiG0odN,1,1,0,1,8813,3
adhoc_check,unknown,-1,recvZlMbpPz0yLDle,1,0,0,1,6925,3
adhoc_check,unknown,-1,recNuT2oSnO86bxOx,1,1,0,1,2214,3
adhoc_check,unknown,-1,recDDxpS9s8cwkqfq,1,0,0,1,6178,3
adhoc_check,unknown,-1,reccOKzFNmyqeJ6ry,1,1,0,1,3217,3
adhoc_check,unknown,-1,recN4DY9Q5V03glmQ,1,1,1,0,18721,7
adhoc_check,unknown,-1,recnGEpF1srQpaqWq,1,1,0,1,4256,3
compute_matched_control_supergpqa,supergpqa,123,325534796b254b3499202862368c0f5c,1,1,,,6473,3
compute_matched_control_supergpqa,supergpqa,123,28940f5e66204d6d8da272c94357c949,1,0,,,3848,3
compute_matched_control_supergpqa,supergpqa,123,ea4794c5a4774d66b38264b39f2fe72d,1,1,,,8134,3
compute_matched_control_supergpqa,supergpqa,123,f3dbbb1c935242e287d05399a283167a,1,0,,,6587,3
compute_matched_control_supergpqa,supergpqa,123,c4f6b8482b184c0b98b6d72d00204932,1,1,,,6899,3
compute_matched_control_supergpqa,supergpqa,123,e459d523e32a40e483fa37877ae37dd7,1,1,,,11430,3
compute_matched_control_supergpqa,supergpqa,123,3379eb264f7a44fcbb8967c1257d8ef1,1,1,,,6309,3
compute_matched_control_supergpqa,supergpqa,123,a171bbfccbe24401a400031c59b4af26,1,1,,,8667,3
compute_matched_control_supergpqa,supergpqa,123,cef6e3a767534afab6be3925eee3908f,1,1,,,9025,3
compute_matched_control_supergpqa,supergpqa,123,8e138fad2c6a4a5d94d6c17aa87bd47e,1,0,,,6766,3
compute_matched_control_supergpqa,supergpqa,123,93fb85fa16e54fffb106e0e8b6ea0a41,1,1,,,8787,3
compute_matched_control_supergpqa,supergpqa,123,9bffaf0a268949899e234cf7a4299f16,1,0,,,11416,3
compute_matched_control_supergpqa,supergpqa,123,03ccb89aa12341928fc94ffc1721820d,1,1,,,13114,3
compute_matched_control_supergpqa,supergpqa,123,b586d22adc1340dcb0af3966063009ee,1,1,,,9135,3
compute_matched_control_supergpqa,supergpqa,123,e7ed8b4f392140368530a851521d82e0,1,0,,,12591,3
compute_matched_control_supergpqa,supergpqa,123,10e238c23efe47cf85d9718dfea21752,1,0,,,41561,3
compute_matched_control_supergpqa,supergpqa,123,23e717d973b547e1839a1e41467174ad,1,0,,,21727,3
compute_matched_control_supergpqa,supergpqa,123,43b85949f89c4ced866cc8222329c0d5,1,1,,,4801,3
compute_matched_control_supergpqa,supergpqa,123,937e75090a8a4e4f8dd14f6330f14ed4,1,1,,,8941,3
compute_matched_control_supergpqa,supergpqa,123,27a902f1fd954aef804640412578914b,1,1,,,2152,3
compute_matched_control_supergpqa,supergpqa,123,53185f05190546179a849bb17515c3b5,1,1,,,4310,3
compute_matched_control_supergpqa,supergpqa,123,4a0b44d076df4b458538e29e594ab4a8,1,1,,,4738,3
compute_matched_control_supergpqa,supergpqa,123,345786092a354c1e90c6b2004b9d5719,1,1,,,8817,3
compute_matched_control_supergpqa,supergpqa,123,0798fd9db4e14572a71233e3b6e3acbd,1,1,,,7633,3
compute_matched_control_supergpqa,supergpqa,123,b389bd8fda16458da390b0aeefa9328c,1,1,,,7709,3
compute_matched_control_supergpqa,supergpqa,123,b3743d924802472a989b477f6b0345af,1,1,,,14021,3
compute_matched_control_supergpqa,supergpqa,123,287b698ee9404cd9bca05074a5f2e382,1,1,,,21148,3
compute_matched_control_supergpqa,supergpqa,123,7a9df24be1fa4c2ebb1d80d46daf7203,1,1,,,9139,3
compute_matched_control_supergpqa,supergpqa,123,2e1738795281443cbc6067913cc2162b,1,1,,,19502,3
compute_matched_control_supergpqa,supergpqa,123,2dc1e5336b3c4da59b7bdd773371ed9b,1,1,,,6530,3
compute_matched_control_supergpqa,supergpqa,123,45337265a83048bc99fd9c20a79a4937,1,1,,,6481,3
compute_matched_control_supergpqa,supergpqa,123,0c5b12065dff42d386db06e43ed8b632,1,1,,,7597,3
compute_matched_control_supergpqa,supergpqa,123,f36a5f7ac1104f8f976b65b4bb352cc6,1,1,,,5673,3
compute_matched_control_supergpqa,supergpqa,123,5e95ac70fd304758a6bd82c6230f0ebc,1,1,,,22751,3
compute_matched_control_supergpqa,supergpqa,123,f0cb01ea21ce4febb636008055080398,1,1,,,5625,3
compute_matched_control_supergpqa,supergpqa,123,f5746a6b252a42cdb64cd25fe623a7b6,1,1,,,25173,3
compute_matched_control_supergpqa,supergpqa,123,01eb5d6dafa04f91b785e456c88d12d7,1,0,,,3460,3
compute_matched_control_supergpqa,supergpqa,123,7becb6c49d3d402686a0eafc9041a91f,1,1,,,6012,3
compute_matched_control_supergpqa,supergpqa,123,c7d8cdb8547648f0aebb0de1e9d33105,1,1,,,14880,3
compute_matched_control_supergpqa,supergpqa,123,904a4aeefbb644f684bed204a8647109,1,1,,,4649,3
compute_matched_control_supergpqa,supergpqa,123,0619ff74bac54d10a1912900ca5901d7,1,0,,,5902,3
compute_matched_control_supergpqa,supergpqa,123,405821e0aa2f42c594b673d3e1273026,1,0,,,4873,3
compute_matched_control_supergpqa,supergpqa,123,abcb96943b3241f5bda9f3b6765fe5a0,1,1,,,4035,3
compute_matched_control_supergpqa,supergpqa,123,60568684a6c7436cb002aaaae1224044,1,1,,,5734,3
compute_matched_control_supergpqa,supergpqa,123,5e20b93a9d8e4171836aa1e0e5320730,1,1,,,3267,3
compute_matched_control_supergpqa,supergpqa,123,48de38a79dd148da89ca4bf92c8bddd1,1,1,,,2346,3
compute_matched_control_supergpqa,supergpqa,123,67737a767408432796a707a8a10d859b,1,1,,,3454,3
compute_matched_control_supergpqa,supergpqa,123,a4c88f95e21f4fb4bcb82fb49377a5d5,1,1,,,8584,3
compute_matched_control_supergpqa,supergpqa,123,f4c026d1f3e945a5a3829d02351a7560,1,1,,,5326,3
compute_matched_control_supergpqa,supergpqa,123,505cf024c3d34a8cad5631b7c487733c,1,1,,,8847,3
compute_matched_control_supergpqa,supergpqa,123,b41fbe0149264bc98901fdcaa06e84d7,1,1,,,3102,3
compute_matched_control_supergpqa,supergpqa,123,d008e4e5fa3740599a6cdbb6afef7e06,1,1,,,7693,3
compute_matched_control_supergpqa,supergpqa,123,7cba4178aa2b47d8abd5c11113bcd92f,1,1,,,8269,3
compute_matched_control_supergpqa,supergpqa,123,3f8989b3db06466787aa75da59bd29f5,1,0,,,10913,3
compute_matched_control_supergpqa,supergpqa,123,4284e998fada4c82963c98155b243a6d,1,0,,,23843,3
compute_matched_control_supergpqa,supergpqa,123,00f8026cfff64ca1b556ed8e3ee5084b,1,1,,,6506,3
compute_matched_control_supergpqa,supergpqa,123,a4d720c59e7844a792c74c8f11f39f32,1,1,,,6892,3
compute_matched_control_supergpqa,supergpqa,123,3c4c69c60cc840138881e84e7dfc53c2,1,0,,,4278,3
compute_matched_control_supergpqa,supergpqa,123,1bc58f1386a149d9978e41488ed96e44,1,1,,,7279,3
compute_matched_control_supergpqa,supergpqa,123,7753d398f364454d84d42d1d81b3537b,1,1,,,8108,3
compute_matched_control_supergpqa,supergpqa,123,19216cc8085c4e9089ba5d9e765fc373,1,1,,,2628,3
compute_matched_control_supergpqa,supergpqa,123,88525de50e7d4b47830c6eb98c9f17d2,1,1,,,8444,3
compute_matched_control_supergpqa,supergpqa,123,d99bd9be83bd49ea8a9da3bf863bbd5f,1,1,,,19515,3
compute_matched_control_supergpqa,supergpqa,123,c134c966d6d04da0b1d6b1a268a70744,1,1,,,6633,3
compute_matched_control_supergpqa,supergpqa,123,a1fe1674694645b8914102f518ba1dbd,1,1,,,6777,3
compute_matched_control_supergpqa,supergpqa,123,be49b5e8f608434db1b5147ca20fb19b,1,1,,,7291,3
compute_matched_control_supergpqa,supergpqa,123,b3d0389dfc294bc2a3a305710907635c,1,1,,,18479,3
compute_matched_control_supergpqa,supergpqa,123,e1fab0b4cf6d474bb0f67c5b31a8820a,1,0,,,14589,3
compute_matched_control_supergpqa,supergpqa,123,80ecabf1688e4be3bb3f9c0181947167,1,1,,,9843,3
compute_matched_control_supergpqa,supergpqa,123,e26b923888d1415f9c76de764ba146b0,1,0,,,7103,3
compute_matched_control_supergpqa,supergpqa,123,c417a559e8b44c698489454d49cfc72f,1,1,,,6614,3
compute_matched_control_supergpqa,supergpqa,123,3fe28bc716c245ed80ddac64604a5d82,1,1,,,8505,3
compute_matched_control_supergpqa,supergpqa,123,9f8ccb34f3cf4eb1b8459927abbbca9c,1,1,,,9789,3
compute_matched_control_supergpqa,supergpqa,123,ebe13c146960463e8ea8c439076c0f1f,1,1,,,5221,3
compute_matched_control_supergpqa,supergpqa,123,98273697cfe64c44b258fcf337adbd0e,1,1,,,4794,3
compute_matched_control_supergpqa,supergpqa,123,64a904ae6727433ea41ef31690ba0711,1,1,,,4940,3
compute_matched_control_supergpqa,supergpqa,123,24e2c4692bdf48ea9323dc867b09f891,1,1,,,4027,3
compute_matched_control_supergpqa,supergpqa,123,bf42bdb404084228996458cc4ff2e9dd,1,1,,,7639,3
compute_matched_control_supergpqa,supergpqa,123,095e4a649d634eef99b6be4b39625b09,1,1,,,11835,3
compute_matched_control_supergpqa,supergpqa,123,2810b2b7944c4905b3dcb543060e32c4,1,1,,,3605,3
compute_matched_control_supergpqa,supergpqa,123,e086530f5eee4ec3b687fb2ef2bf1e18,1,0,,,3643,3
compute_matched_control_supergpqa,supergpqa,123,90295a93faf14a3fb0a9a42dc7a54ee0,1,1,,,19292,3
compute_matched_control_supergpqa,supergpqa,123,1f3d33e572a44b1681f2a328042e2218,1,1,,,7337,3
compute_matched_control_supergpqa,supergpqa,123,ca835c9753b3495881d157093a494969,1,1,,,6210,3
compute_matched_control_supergpqa,supergpqa,42,5b3ba5d082c74528ab9c60a12e0e3614,1,1,,,3221,3
compute_matched_control_supergpqa,supergpqa,42,4e711f17db254dd4953606570f0cc7a7,1,0,,,11276,3
compute_matched_control_supergpqa,supergpqa,42,1d55d70bc081494da80f9c9735015376,1,1,,,20028,3
compute_matched_control_supergpqa,supergpqa,42,e313bac23c0a44a09b34da5cda7a7a5a,1,1,,,8466,3
compute_matched_control_supergpqa,supergpqa,42,454028b0c0884f4192d16081e358d436,1,1,,,5645,3
compute_matched_control_supergpqa,supergpqa,42,917d14354e104597ab763b7c98ec5098,1,1,,,7426,3
compute_matched_control_supergpqa,supergpqa,42,f3dbbb1c935242e287d05399a283167a,1,0,,,5114,3
compute_matched_control_supergpqa,supergpqa,42,bf79c60db17b4207957d40a5ada06a76,1,1,,,3386,3
compute_matched_control_supergpqa,supergpqa,42,21de236f15e846ecaac90b5464aa6751,1,1,,,6791,3
compute_matched_control_supergpqa,supergpqa,42,28b8e9105db04b8b9d3a7e2f6aedff5c,1,1,,,3622,3
compute_matched_control_supergpqa,supergpqa,42,ef085846d5e74e358456de0a96fc049b,1,1,,,4988,3
compute_matched_control_supergpqa,supergpqa,42,3aa8040fa0174d9ebee38e9a1f196d26,1,1,,,7877,3
compute_matched_control_supergpqa,supergpqa,42,e78c81f946704e8ab0fb15182b6f8f68,1,1,,,6250,3
compute_matched_control_supergpqa,supergpqa,42,10306739cc6f4b94afa3336c48376be7,1,1,,,6446,3
compute_matched_control_supergpqa,supergpqa,42,f99d0c2438e347088abece7d58f4e3cc,1,1,,,8019,3
compute_matched_control_supergpqa,supergpqa,42,21c8296790dc44c3b47308fe139b1378,1,1,,,14999,3
compute_matched_control_supergpqa,supergpqa,42,8920a6411ede4a54af86c8ec5be736bd,1,1,,,11125,3
compute_matched_control_supergpqa,supergpqa,42,c0aff61a5b0243628fe8d3684305f4cb,1,1,,,2563,3
compute_matched_control_supergpqa,supergpqa,42,fc86b86189fa4145bfc49c741a7d8387,1,1,,,7076,3
compute_matched_control_supergpqa,supergpqa,42,d3c2c6065bd540298bc50e5c2786cfd7,1,1,,,9228,3
compute_matched_control_supergpqa,supergpqa,42,a7a3dc6d5b5b4d37a32c2839833a4d6c,1,0,,,13443,3
compute_matched_control_supergpqa,supergpqa,42,cd59e82f9198404fad3b5e494c032544,1,1,,,11955,3
compute_matched_control_supergpqa,supergpqa,42,2613e2e31a7f45d9bd02d6c09fdc898c,1,1,,,7492,3
compute_matched_control_supergpqa,supergpqa,42,644c9b34ba504b098e1f27a5343df847,1,1,,,36705,3
compute_matched_control_supergpqa,supergpqa,42,f4e38f53765c4c249769703d0ba24b3d,1,0,,,25772,3
compute_matched_control_supergpqa,supergpqa,42,20fff2a5feb746d5a6614e360c9bec7d,1,1,,,4624,3
compute_matched_control_supergpqa,supergpqa,42,469ab0b1358b48019d3a8f218edbf379,1,0,,,3604,3
compute_matched_control_supergpqa,supergpqa,42,1e6267aed56a4fba91a50215560a698b,1,1,,,10492,3
compute_matched_control_supergpqa,supergpqa,42,1948e331b8ba410b9717275eff8958ed,1,1,,,14982,3
compute_matched_control_supergpqa,supergpqa,42,562abaf94b0e4999a6a2b27104ef8297,1,1,,,7883,3
compute_matched_control_supergpqa,supergpqa,42,396c4ac5d5784036865383281513d239,1,0,,,25617,3
compute_matched_control_supergpqa,supergpqa,42,54feae1e9cf54ae985fc5b07a79d864d,1,1,,,4926,3
compute_matched_control_supergpqa,supergpqa,42,8cb1a3d68036488689cc6279ff47fd5a,1,0,,,5477,3
compute_matched_control_supergpqa,supergpqa,42,a90f5627afb840dcb32c78b91d72bb9d,1,1,,,18717,3
compute_matched_control_supergpqa,supergpqa,42,a782760c647f4ed8b56277449bbec5fa,1,1,,,5995,3
compute_matched_control_supergpqa,supergpqa,42,468c654c940f438dafebc19b7ab77b1a,1,1,,,5803,3
compute_matched_control_supergpqa,supergpqa,42,8c05de6e528f4219a5ca0f2c4d0ad747,1,1,,,9839,3
compute_matched_control_supergpqa,supergpqa,42,9be741c434a348ef9eed758bb0b69347,1,0,,,11475,3
compute_matched_control_supergpqa,supergpqa,42,bba0149a0e4e4fb2b289442bc74883ee,1,1,,,5875,3
compute_matched_control_supergpqa,supergpqa,42,624ccf3cf3e144ccbe8f18ec921d686a,1,1,,,14768,3
compute_matched_control_supergpqa,supergpqa,42,b0c962e65001442ea12ea33cf2ab3c25,1,1,,,7728,3
compute_matched_control_supergpqa,supergpqa,42,09f8f51f6b3b41d6b53b58f8232dfc20,1,0,,,2965,3
compute_matched_control_supergpqa,supergpqa,42,f94991ad92ec4a2793686b5fc3b6f5d1,1,1,,,8031,3
compute_matched_control_supergpqa,supergpqa,42,20ef016bd2514deeb9fc7667952dfb58,1,1,,,11744,3
compute_matched_control_supergpqa,supergpqa,42,42432d79d0af4c2fa1612e6ca53f2882,1,1,,,7706,3
compute_matched_control_supergpqa,supergpqa,42,4da750a1226341988c648c97d601821e,1,1,,,7638,3
compute_matched_control_supergpqa,supergpqa,42,8015afe9ebfa45388f4c8ec8d990e431,1,1,,,4856,3
compute_matched_control_supergpqa,supergpqa,42,e015103613d84a6489a1867aa85f4f65,1,1,,,10620,3
compute_matched_control_supergpqa,supergpqa,42,bb5212d584224509ab73a3304e906859,1,1,,,4646,3
compute_matched_control_supergpqa,supergpqa,42,9149453edaf0461db9a37d0816015e3a,1,1,,,7533,3
compute_matched_control_supergpqa,supergpqa,42,f7a2f5fbb748428baff111afe4464ab5,1,1,,,8655,3
compute_matched_control_supergpqa,supergpqa,42,e4650932081741f68c95ce460a1cb60b,1,1,,,5847,3
compute_matched_control_supergpqa,supergpqa,42,73a3ff299dc040ad8e5ac743c66a1050,1,1,,,8119,3
compute_matched_control_supergpqa,supergpqa,42,64a792c9306c4d659f4796d4abed795a,1,1,,,4691,3
compute_matched_control_supergpqa,supergpqa,42,06eb007eee9f4e29a75bb5537d94bfba,1,1,,,4106,3
compute_matched_control_supergpqa,supergpqa,42,983cda51b83847a8bf05440abd38e194,1,1,,,2781,3
compute_matched_control_supergpqa,supergpqa,42,438f43de355a46e982a21abda8d4f152,1,0,,,3829,3
compute_matched_control_supergpqa,supergpqa,42,ca2b68f8198e4c41befc4a3ceee1a9bc,1,1,,,10651,3
compute_matched_control_supergpqa,supergpqa,42,e8f3f3605af14100a15b8c0a8c2f89fa,1,1,,,6910,3
compute_matched_control_supergpqa,supergpqa,42,fb9042d1b91d4037b436629fccc2e322,1,1,,,4223,3
compute_matched_control_supergpqa,supergpqa,42,5cf02070572d4b8da047af4b587897e1,1,1,,,16236,3
compute_matched_control_supergpqa,supergpqa,42,89c81fa5104e4d2580f05c3dc32fa11d,1,1,,,12055,3
compute_matched_control_supergpqa,supergpqa,42,446a334636724901bdafdaa3501bbb49,1,1,,,4680,3
compute_matched_control_supergpqa,supergpqa,42,23ad44902ff945798a7ff404a3bb98d3,1,0,,,13510,3
compute_matched_control_supergpqa,supergpqa,42,a596b66d08484915a5c1996add9b104d,1,0,,,6806,3
compute_matched_control_supergpqa,supergpqa,42,9706c4ed64d346bdb4326a3951d46dbf,1,1,,,3667,3
compute_matched_control_supergpqa,supergpqa,42,325534796b254b3499202862368c0f5c,1,1,,,8551,3
compute_matched_control_supergpqa,supergpqa,42,d8f80bece1864043a27ed1179ff8fe9f,1,1,,,4270,3
compute_matched_control_supergpqa,supergpqa,42,980ca009cc1f4003b4647f0a9bb0289c,1,1,,,20264,3
compute_matched_control_supergpqa,supergpqa,42,095ff35b087e416f9a2797a86611b4c2,1,0,,,11203,3
compute_matched_control_supergpqa,supergpqa,42,e1b314d091334b5dbc93a0053e1313d5,1,1,,,8508,3
compute_matched_control_supergpqa,supergpqa,42,c83eb03cf4be49dcb0b470fb5da66009,1,1,,,9129,3
compute_matched_control_supergpqa,supergpqa,42,b278c269529d444e97014e86de71b135,1,1,,,6451,3
compute_matched_control_supergpqa,supergpqa,42,02606f10da9b4a91a734948a2f8f8cab,1,1,,,2173,3
compute_matched_control_supergpqa,supergpqa,42,fed1780eaf1f42a09ea63e89e1d18a41,1,0,,,4458,3
compute_matched_control_supergpqa,supergpqa,42,f67699a734ca477eb153ad6d4f7f30e0,1,1,,,21843,3
compute_matched_control_supergpqa,supergpqa,42,30ca59713f1b4dc8a6f9e2be9261e168,1,1,,,6246,3
compute_matched_control_supergpqa,supergpqa,42,1bd477364f034265bdfe60d0b00b219a,1,1,,,21213,3
compute_matched_control_supergpqa,supergpqa,42,16b1ffdff66c4c48ac0b5d2209a5af64,1,1,,,4225,3
compute_matched_control_supergpqa,supergpqa,42,2ee372f987304fe882e13238d4c6925e,1,0,,,5296,3
compute_matched_control_supergpqa,supergpqa,42,3a1dc503ec92489c8b0dcbcf77e5b7ea,1,1,,,4130,3
compute_matched_control_supergpqa,supergpqa,42,a909c0719f3e43b1a44afdbedc66cf68,1,1,,,2431,3
compute_matched_control_supergpqa,supergpqa,42,4817837b472e4795aa76b5e9b2dc1cc2,1,1,,,9764,3
compute_matched_control_supergpqa,supergpqa,42,8de4e96a88f546c78038f13b06b2a747,1,1,,,23302,3
compute_matched_control_supergpqa,supergpqa,42,68a4b9f37a0a432886fe2c90c0c90466,1,1,,,6008,3
compute_matched_control_supergpqa,supergpqa,7,8a331a10506a4ff6b543fc5b2ac2502f,1,1,,,5630,3
compute_matched_control_supergpqa,supergpqa,7,811c704287184f8fa520358dc0ea2493,1,0,,,5836,3
compute_matched_control_supergpqa,supergpqa,7,b389bd8fda16458da390b0aeefa9328c,1,1,,,6473,3
compute_matched_control_supergpqa,supergpqa,7,b278c269529d444e97014e86de71b135,1,1,,,7323,3
compute_matched_control_supergpqa,supergpqa,7,843e623807884c63a38376e9bd6d6f14,1,0,,,18998,3
compute_matched_control_supergpqa,supergpqa,7,a14c016f261f4b46a1f62c1a4096bd86,1,1,,,5667,3
compute_matched_control_supergpqa,supergpqa,7,a63462f4ff9e44289d3c9e4a91314250,1,1,,,2630,3
compute_matched_control_supergpqa,supergpqa,7,c9aaec36dd7d48d0b90c34c9955bdf1b,1,1,,,7745,3
compute_matched_control_supergpqa,supergpqa,7,b68e89ad898246c4bc116ff4d353e4b9,1,0,,,15176,3
compute_matched_control_supergpqa,supergpqa,7,4068f6cb89214b0a86c16c2497caeb6e,1,1,,,5264,3
compute_matched_control_supergpqa,supergpqa,7,cb1f3d75e5a9402a9bb7755b6f6a029c,1,1,,,6126,3
compute_matched_control_supergpqa,supergpqa,7,2ee8b1af76f04527a574124df6476a8d,1,1,,,6259,3
compute_matched_control_supergpqa,supergpqa,7,ff414ca699a74f7484650a3595512055,1,1,,,2634,3
compute_matched_control_supergpqa,supergpqa,7,2cf2296143904690a6c6f376236839d2,1,1,,,9625,3
compute_matched_control_supergpqa,supergpqa,7,7c20fd3e214f4e438614b091fccce433,1,1,,,4358,3
compute_matched_control_supergpqa,supergpqa,7,711025f0562b41118c0c383afdc77215,1,1,,,9744,3
compute_matched_control_supergpqa,supergpqa,7,32d56386e78f4e16bfe38d9ea73fd02a,1,1,,,6521,3
compute_matched_control_supergpqa,supergpqa,7,d0fe7c1a74314662ac5ed5f2538e7b13,1,0,,,3573,3
compute_matched_control_supergpqa,supergpqa,7,24b548b324684a8490d46d476bde792c,1,1,,,13396,3
compute_matched_control_supergpqa,supergpqa,7,077aea7da31e4b94886be9713580db0d,1,1,,,5256,3
compute_matched_control_supergpqa,supergpqa,7,413f8d70916547989ed51d1116a4551a,1,1,,,6426,3
compute_matched_control_supergpqa,supergpqa,7,8fb8ca1cd7114cd8b8dcad3953f68a44,1,1,,,18850,3
compute_matched_control_supergpqa,supergpqa,7,5f0bde5deeae40a88762eea520849455,1,1,,,12554,3
compute_matched_control_supergpqa,supergpqa,7,920d5a4aae764dc8962d36ff4d95710a,1,1,,,16983,3
compute_matched_control_supergpqa,supergpqa,7,facd6dd1e2074073adcfcac48eab3afb,1,1,,,3759,3
compute_matched_control_supergpqa,supergpqa,7,d9f3da47d50840a79c51096169d25583,1,0,,,11556,3
compute_matched_control_supergpqa,supergpqa,7,10f542902dfa44d795fba244e7f1a69c,1,1,,,6165,3
compute_matched_control_supergpqa,supergpqa,7,de43b1c48f7b410695b2a4daf5fe3f31,1,1,,,8447,3
compute_matched_control_supergpqa,supergpqa,7,fc9a01ab2a2344cabfe9c2bd94be487f,1,1,,,5682,3
compute_matched_control_supergpqa,supergpqa,7,8f9ae9b94a0a4e66ab56225f7a356fd1,1,1,,,10654,3
compute_matched_control_supergpqa,supergpqa,7,05edf34d21464999ad82c54bad66a005,1,1,,,12547,3
compute_matched_control_supergpqa,supergpqa,7,f8e740921e964dfc9922e08b7f5e815b,1,1,,,7153,3
compute_matched_control_supergpqa,supergpqa,7,5cbfbf1108434eca91c070d1ed1c0bc6,1,1,,,12862,3
compute_matched_control_supergpqa,supergpqa,7,5fe6a509598c4dd5aec2c8f7abc0d259,1,1,,,7288,3
compute_matched_control_supergpqa,supergpqa,7,ccbff2992c7f49c48a8fe254e1fff783,1,1,,,9000,3
compute_matched_control_supergpqa,supergpqa,7,fa49b578c45543d8847bac91a1e14045,1,1,,,8774,3
compute_matched_control_supergpqa,supergpqa,7,ea9364829af04d188546f8d369483d46,1,1,,,13610,3
compute_matched_control_supergpqa,supergpqa,7,0a3895b8a5cc4239a2a6e96c1289011d,1,1,,,10633,3
compute_matched_control_supergpqa,supergpqa,7,b81111afa517415f8f5b91a17ac991ce,1,1,,,5410,3
compute_matched_control_supergpqa,supergpqa,7,bfba15ab92174bf5b537cadc675dafdb,1,1,,,6928,3
compute_matched_control_supergpqa,supergpqa,7,1d1666032573496f84efe333d572f1e2,1,1,,,8734,3
compute_matched_control_supergpqa,supergpqa,7,2789bb6861f94992954c4df00ec8e656,1,0,,,8555,3
compute_matched_control_supergpqa,supergpqa,7,93218c202d734e8cacaa4dff4cd9a761,1,1,,,13167,3
compute_matched_control_supergpqa,supergpqa,7,fe7c522a688a4b3c952b4ae95a5d1ae8,1,0,,,23554,3
compute_matched_control_supergpqa,supergpqa,7,e301bd85789b4c4fa02b60e3dba62e5c,1,0,,,20805,3
compute_matched_control_supergpqa,supergpqa,7,2e1d297065d247068eaa68f6585f9764,1,0,,,4930,3
compute_matched_control_supergpqa,supergpqa,7,4cd0be5521844b3781d88e8a29433b39,1,1,,,4625,3
compute_matched_control_supergpqa,supergpqa,7,e020184788314d25a2ea1828d568538a,1,1,,,6610,3
compute_matched_control_supergpqa,supergpqa,7,12a6d09d1179401498c2cae7d2d886a8,1,1,,,7341,3
compute_matched_control_supergpqa,supergpqa,7,18aa367ae47744199ba63308b5c581bf,1,1,,,7649,3
compute_matched_control_supergpqa,supergpqa,7,492ac21c1ff94ba49de684cfb6527930,1,1,,,3535,3
compute_matched_control_supergpqa,supergpqa,7,54bfc8311916428a8f2a43c17ca17c7a,1,1,,,4876,3
compute_matched_control_supergpqa,supergpqa,7,01ac3e46a5f04c48b3ad3d21e7a8eacd,1,0,,,7003,3
compute_matched_control_supergpqa,supergpqa,7,515b67c43f064c15bb0154d546f88277,1,1,,,10299,3
compute_matched_control_supergpqa,supergpqa,7,a9ab2cd572f04f88b629deb59e486adf,1,1,,,6737,3
compute_matched_control_supergpqa,supergpqa,7,abf7231db16a4ccfa58e0973e98e91c1,1,1,,,19235,3
compute_matched_control_supergpqa,supergpqa,7,e8e40ae579384b51b006d7d50d8d039d,1,1,,,5038,3
compute_matched_control_supergpqa,supergpqa,7,d7f9b5a785a94530a9e737656ec0dcaa,1,1,,,9436,3
compute_matched_control_supergpqa,supergpqa,7,8aca8b27a1674720bcb8271a46213d95,1,0,,,13212,3
compute_matched_control_supergpqa,supergpqa,7,9da468facb58464982465242468c9a13,1,1,,,10079,3
compute_matched_control_supergpqa,supergpqa,7,933f999d89984b4ea9c59bffad3405ef,1,1,,,3335,3
compute_matched_control_supergpqa,supergpqa,7,c4f6b8482b184c0b98b6d72d00204932,1,1,,,8551,3
compute_matched_control_supergpqa,supergpqa,7,9ae52f5b63d9459a833c6e10c0539a4d,1,1,,,13296,3
compute_matched_control_supergpqa,supergpqa,7,6b347be4d8ba43e2b425fd504ad16f4c,1,1,,,13133,3
compute_matched_control_supergpqa,supergpqa,7,5272de2f504946d1beff3dbb51bea3f3,1,1,,,12803,3
compute_matched_control_supergpqa,supergpqa,7,776b536a60e241f2b75b94accc6dff2c,1,1,,,10419,3
compute_matched_control_supergpqa,supergpqa,7,4f85b84235914d259dbdd8931be5d3a9,1,1,,,7323,3
compute_matched_control_supergpqa,supergpqa,7,f1c5fbceb2124a8bb11963f76c8771b3,1,1,,,5817,3
compute_matched_control_supergpqa,supergpqa,7,080a910849bd4aae8dbdeb3d7a6e835b,1,0,,,35440,3
compute_matched_control_supergpqa,supergpqa,7,a462a6fe458b4b6e8b609cf0ef896b52,1,1,,,27070,3
compute_matched_control_supergpqa,supergpqa,7,b06afc3997974662986e009c41226c9c,1,1,,,5357,3
compute_matched_control_supergpqa,supergpqa,7,3f48e266da744ae6b9e99e762b67954f,1,1,,,7099,3
compute_matched_control_supergpqa,supergpqa,7,7a71c086988a45f6823dbb8748e89f66,1,0,,,24826,3
compute_matched_control_supergpqa,supergpqa,7,a9f34192579d4f448b378d733eb8d3bf,1,0,,,3038,3
compute_matched_control_supergpqa,supergpqa,7,e286dac07362459cb41b0c9adca02747,1,1,,,5702,3
compute_matched_control_supergpqa,supergpqa,7,2811febd3e9a4348a352c0c2b33ee464,1,0,,,4934,3
compute_matched_control_supergpqa,supergpqa,7,0e4c4ac2694d4b88b43bf6bbd6f4c356,1,1,,,10559,3
compute_matched_control_supergpqa,supergpqa,7,8c293442d9444277866f493968187325,1,1,,,11883,3
compute_matched_control_supergpqa,supergpqa,7,15e29ed7c9d1459484348074abe10661,1,1,,,10623,3
compute_matched_control_supergpqa,supergpqa,7,9b67dac06fc448afa19a33728a469cec,1,1,,,3907,3
compute_matched_control_supergpqa,supergpqa,7,1b003811eaf443e492e6717fa934b15b,1,0,,,10314,3
compute_matched_control_supergpqa,supergpqa,7,ec301d7b596f4f45afef08dc4448910c,1,1,,,6149,3
compute_matched_control_supergpqa,supergpqa,7,2761d3d5298f4a4a8b52db20fc0343cb,1,1,,,12374,3
compute_matched_control_supergpqa,supergpqa,7,f9d8f390f4c348838f3d42e5c15fbb24,1,0,,,8554,3
full_run,unknown,-1,recypVp2NmPlBKVTp,1,1,0,1,1303,3
full_run,unknown,-1,recINSFEYLCyyd08m,1,1,1,0,12392,6
full_run,unknown,-1,recnawZPumSCLMVgp,1,1,1,0,9531,7
full_run,unknown,-1,rec4r4KWNLrT7g2kR,1,1,0,1,4785,3
full_run,unknown,-1,rec527dNeEtWJrYNl,1,1,0,1,1525,3
full_run,unknown,-1,rechKl68Uc6H7vU0N,1,1,1,0,12724,6
full_run,unknown,-1,rec0yTRmO1o1xCA6H,1,1,1,0,4990,6
full_run,unknown,-1,recnTTKdBzfuoZ7w7,1,0,1,0,37462,6
full_run,unknown,-1,recDj2Y2BbtV02Wv5,1,0,1,0,6709,6
full_run,unknown,-1,recb80OwMgNnceA9t,1,0,1,0,14205,6
full_run,unknown,-1,recE2ihVfqEK4R9d0,1,1,1,0,10497,7
full_run,unknown,-1,rec5rjeLsEq5Fg7Oj,1,1,0,1,4662,3
full_run,unknown,-1,reczjcMtrB1YGS2fO,1,0,0,1,2040,3
full_run,unknown,-1,recpki12iG9RUGrz9,1,1,0,1,5075,3
full_run,unknown,-1,rec260hNUCEj109Dj,1,1,1,0,8458,7
full_run,unknown,-1,recGFNRVl1qBZGwyU,1,1,1,0,14929,7
full_run,unknown,-1,recLAgwx9vbgB5EHk,1,1,0,1,4579,3
full_run,unknown,-1,recWPMm91mGDLXONm,1,1,0,1,1779,3
full_run,unknown,-1,recVvpD8miVjmmyfe,1,0,1,0,16981,7
full_run,unknown,-1,recHVUd2DkoKfedJZ,1,1,0,1,6696,3
full_run,unknown,-1,recVEXvhYxAhELVqB,1,1,0,1,9616,3
full_run,unknown,-1,reczzzihL7btBH7RO,1,0,1,0,14738,7
full_run,unknown,-1,recPSTGXK3P39yNYT,1,1,0,1,3421,3
full_run,unknown,-1,recnGEpF1srQpaqWq,1,0,1,0,9323,6
full_run,unknown,-1,recL9MFV5zmdlle5T,1,1,0,1,4193,3
full_run,unknown,-1,recwW1A85nfyQpReG,1,1,0,1,2998,3
full_run,unknown,-1,recIlghoOw5VbY4Zh,1,1,1,0,15366,7
full_run,unknown,-1,recOvqPKUtyy9ISA1,1,1,1,0,22300,6
full_run,unknown,-1,rec4L69T0Y1AS4AFS,1,1,0,1,1931,3
full_run,unknown,-1,recEmTBhx2hgw6tPQ,1,1,1,0,18437,6
full_run,unknown,-1,recNuT2oSnO86bxOx,1,1,0,1,2827,3
full_run,unknown,-1,recGee5m84dg5FZkc,1,0,0,1,7385,3
full_run,unknown,-1,recwlwlcPvXVNPmvl,1,1,0,1,3002,3
full_run,unknown,-1,recJZ3QEfRKjYw9a7,1,1,1,0,15226,7
full_run,unknown,-1,recdya6FuYraBU5Rh,1,1,1,0,12624,7
full_run,unknown,-1,reccOKzFNmyqeJ6ry,1,1,0,1,3408,3
full_run,unknown,-1,rectXfsCM1dj4Kv2c,1,1,1,0,10903,7
full_run,unknown,-1,recaXdGn3FAIkxLGM,1,1,1,0,14647,7
full_run,unknown,-1,rec06pnAkLOr2t2mp,1,1,0,1,2823,3
full_run,unknown,-1,recO3hvCWRGiG0odN,1,1,0,1,5571,3
full_run,unknown,-1,rec7C06XOB2h298ue,1,1,0,1,1890,3
full_run,unknown,-1,recs3PLPUEMiqg4P8,1,1,1,0,15313,6
full_run,unknown,-1,reccVFW11Elovnf8T,1,1,0,1,4891,3
full_run,unknown,-1,recoiTJPGUmzAkief,1,1,0,1,1821,3
full_run,unknown,-1,reckEnrOPFT9Ru7tW,1,1,1,0,12070,6
full_run,unknown,-1,reck4G4xxv3YnpbtQ,1,0,1,0,12059,6
full_run,unknown,-1,rechgQucGlrnt8KRV,1,1,0,1,5242,3
full_run,unknown,-1,recI1ls9OXdxatHQn,1,1,0,1,4269,3
full_run,unknown,-1,recIOlKBsOeEcgkA1,1,1,0,1,2195,3
full_run,unknown,-1,rechtUKxC6G67H7Pr,1,1,0,1,1900,3
full_run,unknown,-1,rec8y3ZrBOcLgNEkE,1,1,0,1,1512,3
full_run,unknown,-1,reczUoM8JsxU6pYxr,1,1,0,1,1414,3
full_run,unknown,-1,recPL4ZPpVYxgMu57,1,1,0,1,1306,3
full_run,unknown,-1,recPIzpnuYpB4yvmp,1,1,1,0,12492,7
full_run,unknown,-1,recINGR1z01Fh1Z3A,1,1,1,0,10285,7
full_run,unknown,-1,recJJcOHhFeSaRpl4,1,1,0,1,1439,3
full_run,unknown,-1,receo3UUzRvWCqyfA,1,1,0,1,4319,3
full_run,unknown,-1,reczkBiPPNrNN49Hp,1,1,1,0,9003,7
full_run,unknown,-1,receYQxnUBvxPcvbQ,1,1,1,0,16967,7
full_run,unknown,-1,recLSzwBUS3olCjhl,1,1,0,1,1419,3
full_run,unknown,-1,recv7GsQg3f0fvB1f,1,1,0,1,1968,3
full_run,unknown,-1,recf6ayQmL1SxKbvW,1,0,0,1,1508,3
full_run,unknown,-1,recn3NhOhqAPLda16,1,1,1,0,10358,6
full_run,unknown,-1,recihePFulRgNKsIn,1,0,1,0,5800,6
full_run,unknown,-1,recUOePh79cp4T2Bg,1,0,0,1,5266,3
full_run,unknown,-1,recrNbtgTNoabJJi6,1,0,0,1,1177,3
full_run,unknown,-1,recjJ54TXc04enRkZ,1,1,0,1,6974,3
full_run,unknown,-1,recFaL6j8UMhutXrc,1,1,0,1,7553,3
full_run,unknown,-1,recr3VHM4zYf6dMFY,1,1,0,1,6507,3
full_run,unknown,-1,rec8nshandHARTkrg,1,1,1,0,14989,6
full_run,unknown,-1,recXsuOHRBLcyenF2,1,1,0,1,1019,3
full_run,unknown,-1,recfTlTMjZBuOducT,1,1,1,0,11631,7
full_run,unknown,-1,recBhnXrUyTJ6WHIR,1,0,0,1,8598,3
full_run,unknown,-1,reckl6PkaEMWM50yZ,1,0,0,1,4703,3
full_run2,unknown,-1,recypVp2NmPlBKVTp,1,1,0,1,1324,3
full_run2,unknown,-1,recINSFEYLCyyd08m,1,1,0,1,8953,3
full_run2,unknown,-1,recnawZPumSCLMVgp,1,0,0,1,3052,3
full_run2,unknown,-1,rec527dNeEtWJrYNl,1,1,0,1,1239,3
full_run2,unknown,-1,rechKl68Uc6H7vU0N,1,1,1,0,22650,7
full_run2,unknown,-1,rec4r4KWNLrT7g2kR,1,1,0,1,9382,3
full_run2,unknown,-1,rec0yTRmO1o1xCA6H,1,0,0,1,1325,3
full_run2,unknown,-1,recVvpD8miVjmmyfe,1,1,0,1,8351,3
full_run2,unknown,-1,recE2ihVfqEK4R9d0,1,1,0,1,4795,3
full_run2,unknown,-1,recnTTKdBzfuoZ7w7,1,0,1,0,41121,6
full_run2,unknown,-1,rec5rjeLsEq5Fg7Oj,1,1,1,0,10873,6
full_run2,unknown,-1,recb80OwMgNnceA9t,1,0,1,0,16298,6
full_run2,unknown,-1,reczjcMtrB1YGS2fO,1,1,1,0,13529,7
full_run2,unknown,-1,recpki12iG9RUGrz9,1,1,0,1,5350,3
full_run2,unknown,-1,recDj2Y2BbtV02Wv5,1,0,0,1,1408,3
full_run2,unknown,-1,rec260hNUCEj109Dj,1,1,0,1,2414,3
full_run2,unknown,-1,recLAgwx9vbgB5EHk,1,1,0,1,8422,3
full_run2,unknown,-1,recIj8lR4tuDgrHou,1,1,1,0,11409,7
full_run2,unknown,-1,recWPMm91mGDLXONm,1,1,0,1,1598,3
full_run2,unknown,-1,recHVUd2DkoKfedJZ,1,0,1,0,15437,7
full_run2,unknown,-1,recVEXvhYxAhELVqB,1,1,0,1,9603,3
full_run2,unknown,-1,recnGEpF1srQpaqWq,1,1,1,1,11721,6
full_run2,unknown,-1,recPSTGXK3P39yNYT,1,1,0,1,3723,3
full_run2,unknown,-1,recIlghoOw5VbY4Zh,1,1,0,1,6291,3
full_run2,unknown,-1,recOvqPKUtyy9ISA1,1,1,1,0,24028,6
full_run2,unknown,-1,recL9MFV5zmdlle5T,1,1,0,1,7097,3
full_run2,unknown,-1,recwW1A85nfyQpReG,1,1,1,0,14010,7
full_run2,unknown,-1,rec4L69T0Y1AS4AFS,1,1,0,1,4462,3
full_run2,unknown,-1,recNuT2oSnO86bxOx,1,1,0,1,4244,3
full_run2,unknown,-1,recGee5m84dg5FZkc,1,0,0,1,8766,3
full_run2,unknown,-1,recEmTBhx2hgw6tPQ,1,1,0,1,9120,3
full_run2,unknown,-1,recJZ3QEfRKjYw9a7,1,1,1,0,17909,6
full_run2,unknown,-1,recwlwlcPvXVNPmvl,1,1,0,1,1404,3
full_run2,unknown,-1,recdya6FuYraBU5Rh,1,1,1,0,11950,7
full_run2,unknown,-1,recooG6bivTUJpDBz,1,0,0,1,9880,3
full_run2,unknown,-1,recaXdGn3FAIkxLGM,1,1,0,1,4587,3
full_run2,unknown,-1,reccOKzFNmyqeJ6ry,1,1,0,1,1537,3
full_run2,unknown,-1,rec06pnAkLOr2t2mp,1,1,0,1,2762,3
full_run2,unknown,-1,rectXfsCM1dj4Kv2c,1,1,1,0,8855,7
full_run2,unknown,-1,rec7C06XOB2h298ue,1,1,0,1,1971,3
full_run2,unknown,-1,recs3PLPUEMiqg4P8,1,0,0,1,9804,3
full_run2,unknown,-1,recO3hvCWRGiG0odN,1,1,0,1,8790,3
full_run2,unknown,-1,reckEnrOPFT9Ru7tW,1,1,1,0,15164,6
full_run2,unknown,-1,reck4G4xxv3YnpbtQ,1,0,1,0,11944,6
full_run2,unknown,-1,recoiTJPGUmzAkief,1,1,0,1,3777,3
full_run2,unknown,-1,reccVFW11Elovnf8T,1,1,1,0,17391,6
full_run2,unknown,-1,recI1ls9OXdxatHQn,1,1,0,1,4630,3
full_run2,unknown,-1,recIOlKBsOeEcgkA1,1,1,0,1,1866,3
full_run2,unknown,-1,recRZjaElf8ft7xTq,1,1,1,0,10090,7
full_run2,unknown,-1,recmkvk6EFAmqyMxR,1,1,0,1,4272,3
full_run2,unknown,-1,rechtUKxC6G67H7Pr,1,1,0,1,1768,3
full_run2,unknown,-1,rec8y3ZrBOcLgNEkE,1,1,0,1,1535,3
full_run2,unknown,-1,reczUoM8JsxU6pYxr,1,1,0,1,2266,3
full_run2,unknown,-1,rec5eA17Qr1ucNLUf,1,1,0,1,6037,3
full_run2,unknown,-1,recPIzpnuYpB4yvmp,1,1,0,1,6522,3
full_run2,unknown,-1,recINGR1z01Fh1Z3A,1,1,0,1,2064,3
full_run2,unknown,-1,recPL4ZPpVYxgMu57,1,1,0,1,1237,3
full_run2,unknown,-1,reczkBiPPNrNN49Hp,1,1,0,1,4330,3
full_run2,unknown,-1,recJJcOHhFeSaRpl4,1,1,0,1,1467,3
full_run2,unknown,-1,receo3UUzRvWCqyfA,1,1,1,0,15368,7
full_run2,unknown,-1,recuYEkVjdVUwA3c0,1,1,1,0,10089,7
full_run2,unknown,-1,recv7GsQg3f0fvB1f,1,1,0,1,1706,3
full_run2,unknown,-1,recLSzwBUS3olCjhl,1,1,1,0,8985,7
full_run2,unknown,-1,recUOePh79cp4T2Bg,1,0,0,1,7972,3
full_run2,unknown,-1,recf6ayQmL1SxKbvW,1,0,0,1,1590,3
full_run2,unknown,-1,recn3NhOhqAPLda16,1,1,1,0,14179,6
full_run2,unknown,-1,recihePFulRgNKsIn,1,0,0,1,1906,3
full_run2,unknown,-1,recrNbtgTNoabJJi6,1,1,0,1,3495,3
full_run2,unknown,-1,rec8nshandHARTkrg,1,1,1,0,17964,6
full_run2,unknown,-1,recFaL6j8UMhutXrc,1,1,1,0,26549,7
full_run2,unknown,-1,recr3VHM4zYf6dMFY,1,1,1,0,12484,6
full_run2,unknown,-1,recjJ54TXc04enRkZ,1,0,1,0,24114,6
full_run2,unknown,-1,recclFbsjbaiVVnnV,1,0,1,0,18842,6
full_run2,unknown,-1,recXsuOHRBLcyenF2,1,1,0,1,1061,3
full_run2,unknown,-1,recfTlTMjZBuOducT,1,1,1,0,14185,7
full_run2,unknown,-1,recOkA2zsy4GSMD9R,1,0,0,1,9158,3
full_run2,unknown,-1,reckl6PkaEMWM50yZ,1,0,0,1,4094,3
full_run2,unknown,-1,recBhnXrUyTJ6WHIR,1,1,1,0,16087,6
full_run2,unknown,-1,recQiWOxhkXRz9NVE,1,1,1,0,24758,7
full_run2,unknown,-1,recGFNRVl1qBZGwyU,1,1,1,0,22877,7
full_run2,unknown,-1,recXvQ6gWAmyakrpD,1,1,1,0,14506,7
full_run2,unknown,-1,reczzzihL7btBH7RO,1,0,1,0,14110,7
full_run2,unknown,-1,rechgQucGlrnt8KRV,1,1,1,0,14524,7
full_run2,unknown,-1,receYQxnUBvxPcvbQ,1,1,0,1,6890,3
full_run2,unknown,-1,rec6sE2CRtD4drtHg,1,1,0,1,11471,3
full_run2,unknown,-1,recSBcGLPatKb3Ygu,1,1,0,1,3800,3
full_run2,unknown,-1,recmI7EiLv72PxmYK,1,1,0,1,4257,3
full_run2,unknown,-1,recatj4YXzbOaq3Ar,1,1,0,1,2523,3
full_run2,unknown,-1,recMicVBcqy1xM1jq,1,0,0,1,6382,3
full_run2,unknown,-1,rec0wZvZgiz320KRs,1,1,1,0,7411,7
gsm8k_pilot,unknown,42,1214,1,1,0,1,880,3
gsm8k_pilot,unknown,42,588,1,1,0,1,1030,3
gsm8k_pilot,unknown,42,906,1,1,0,1,1060,3
gsm8k_pilot,unknown,42,57,1,1,0,1,1033,3
gsm8k_pilot,unknown,42,1252,1,1,0,1,954,3
gsm8k_pilot,unknown,42,599,1,1,0,1,928,3
gsm8k_pilot,unknown,42,618,1,1,0,1,1051,3
gsm8k_pilot,unknown,42,400,1,1,0,1,896,3
gsm8k_pilot,unknown,42,289,1,1,0,1,1017,3
gsm8k_pilot,unknown,42,608,1,1,0,1,1037,3
gsm8k_pilot,unknown,42,237,1,1,0,1,899,3
gsm8k_pilot,unknown,42,1132,1,1,0,1,1077,3
gsm8k_pilot,unknown,42,672,1,1,0,1,4309,3
gsm8k_pilot,unknown,42,222,1,1,0,1,909,3
gsm8k_pilot,unknown,42,616,1,1,1,0,6383,7
gsm8k_pilot,unknown,42,238,1,1,0,1,934,3
gsm8k_pilot,unknown,42,945,1,1,0,1,1149,3
gsm8k_pilot,unknown,42,55,1,1,0,1,924,3
gsm8k_pilot,unknown,42,730,1,1,0,1,881,3
gsm8k_pilot,unknown,42,463,1,1,1,0,6671,7
gsm8k_pilot,unknown,42,176,1,1,0,1,981,3
gsm8k_pilot,unknown,42,772,1,1,0,1,1124,3
gsm8k_pilot,unknown,42,15,1,1,0,1,1206,3
gsm8k_pilot,unknown,42,66,1,1,0,1,1009,3
gsm8k_pilot,unknown,42,479,1,1,0,1,1174,3
gsm8k_pilot,unknown,42,1005,1,1,0,1,1150,3
gsm8k_pilot,unknown,42,480,1,1,0,1,957,3
gsm8k_pilot,unknown,42,896,1,1,1,0,4482,7
gsm8k_pilot,unknown,42,1122,1,1,0,1,1318,3
gsm8k_pilot,unknown,42,921,1,0,0,1,892,3
gsm8k_pilot,unknown,42,275,1,1,0,1,1222,3
gsm8k_pilot,unknown,42,868,1,1,0,1,1100,3
gsm8k_pilot,unknown,42,187,1,0,0,1,1438,3
gsm8k_pilot,unknown,42,562,1,1,0,1,1191,3
gsm8k_pilot,unknown,42,770,1,1,0,1,1106,3
gsm8k_pilot,unknown,42,172,1,1,0,1,1090,3
gsm8k_pilot,unknown,42,1191,1,1,0,1,967,3
gsm8k_pilot,unknown,42,1082,1,1,1,0,5616,7
gsm8k_pilot,unknown,42,1308,1,1,0,1,874,3
gsm8k_pilot,unknown,42,1154,1,1,1,0,3771,7
gsm8k_pilot,unknown,42,537,1,1,0,1,1085,3
gsm8k_pilot,unknown,42,280,1,1,0,1,891,3
gsm8k_pilot,unknown,42,413,1,1,1,0,7317,7
gsm8k_pilot,unknown,42,677,1,1,0,1,1140,3
gsm8k_pilot,unknown,42,177,1,1,0,1,1179,3
gsm8k_pilot,unknown,42,923,1,1,0,1,1100,3
gsm8k_pilot,unknown,42,454,1,1,0,1,4232,3
gsm8k_pilot,unknown,42,970,1,1,0,1,894,3
gsm8k_pilot,unknown,42,21,1,1,0,1,1293,3
gsm8k_pilot,unknown,42,1176,1,1,0,1,1499,3
KI1BC_compute_matched_n9_gpqa,gpqa,2311,recyl3usDqb7ruXJx,1,1,0,0,5747,9
KI1BC_compute_matched_n9_gpqa,gpqa,2311,rec260hNUCEj109Dj,1,1,0,0,6284,9
KI1BC_compute_matched_n9_gpqa,gpqa,2311,recNAiPUKOulQbKVP,1,0,0,0,3088,9
KI1BC_compute_matched_n9_gpqa,gpqa,2311,recZbxrocrxh9YENH,1,0,0,0,27736,9
KI1BC_compute_matched_n9_gpqa,gpqa,2311,receYQxnUBvxPcvbQ,1,1,0,0,20032,9
KI1BC_compute_matched_n9_gpqa,gpqa,2311,recwlwlcPvXVNPmvl,1,1,0,1,5726,9
KI1BC_compute_matched_n9_gpqa,gpqa,2311,rechgQucGlrnt8KRV,1,1,0,0,19386,9
KI1BC_compute_matched_n9_gpqa,gpqa,2311,rect4iLrSfUwkNTno,1,1,0,0,10324,9
KI1BC_compute_matched_n9_gpqa,gpqa,2311,rec4JrWy7Il8ho5vk,1,1,0,0,5916,9
KI1BC_compute_matched_n9_gpqa,gpqa,2311,recJJcOHhFeSaRpl4,1,1,0,1,4879,9
KI1BC_compute_matched_n9_gpqa,gpqa,2311,rec06pnAkLOr2t2mp,1,1,0,1,5830,9
KI1BC_compute_matched_n9_gpqa,gpqa,2311,recRZjaElf8ft7xTq,1,1,0,0,13935,9
KI1BC_compute_matched_n9_gpqa,gpqa,2311,recrNbtgTNoabJJi6,1,1,0,0,10129,9
KI1BC_compute_matched_n9_gpqa,gpqa,2311,rec1oj2DveQWl9Rpw,1,0,0,0,18290,9
KI1BC_compute_matched_n9_gpqa,gpqa,2311,rec0VuKUjt1SZ7NYv,1,1,0,1,7803,9
KI1BC_compute_matched_n9_gpqa,gpqa,2311,recz3MfYHPRhsEQkW,1,1,0,0,10369,9
KI1BC_compute_matched_n9_gpqa,gpqa,2311,rec4L69T0Y1AS4AFS,1,1,0,1,8521,9
KI1BC_compute_matched_n9_gpqa,gpqa,2311,recb2M22zaD3tL6Qc,1,0,0,0,30136,9
KI1BC_compute_matched_n9_gpqa,gpqa,2311,recVvpD8miVjmmyfe,1,0,0,0,25169,9
KI1BC_compute_matched_n9_gpqa,gpqa,2311,reczzzihL7btBH7RO,1,1,0,0,12689,9
KI1BC_compute_matched_n9_gpqa,gpqa,2311,recgC4GJ8wUemlUQD,1,1,0,1,3006,9
KI1BC_compute_matched_n9_gpqa,gpqa,2311,recLrRirj7iXoB0rU,1,1,0,1,19818,9
KI1BC_compute_matched_n9_gpqa,gpqa,2311,recZSGUkn56v9kEp1,1,1,0,0,12824,9
KI1BC_compute_matched_n9_gpqa,gpqa,2311,recpki12iG9RUGrz9,1,1,0,0,16425,9
KI1BC_compute_matched_n9_gpqa,gpqa,2311,recuYEkVjdVUwA3c0,1,0,0,0,8328,9
KI1BC_compute_matched_n9_gpqa,gpqa,2311,recypVp2NmPlBKVTp,1,1,0,1,4145,9
KI1BC_compute_matched_n9_gpqa,gpqa,2311,recwW1A85nfyQpReG,1,0,0,0,9375,9
KI1BC_compute_matched_n9_gpqa,gpqa,2311,recLSzwBUS3olCjhl,1,1,0,1,4541,9
KI1BC_compute_matched_n9_gpqa,gpqa,2311,recDytVnNYZe2HuUU,1,1,0,0,16963,9
KI1BC_compute_matched_n9_gpqa,gpqa,2311,recb4cGsC6BJUCU3V,1,0,0,0,10807,9
KI1BC_compute_matched_n9_gpqa,gpqa,2311,rec0wZvZgiz320KRs,1,0,0,0,5254,9
KI1BC_compute_matched_n9_gpqa,gpqa,2311,recnawZPumSCLMVgp,1,0,0,0,20700,9
KI1BC_compute_matched_n9_gpqa,gpqa,2311,reck4G4xxv3YnpbtQ,1,1,0,0,10738,9
KI1BC_compute_matched_n9_gpqa,gpqa,2311,recZt4x514UQNnsgy,1,0,0,0,16125,9
KI1BC_compute_matched_n9_gpqa,gpqa,2311,rechtUKxC6G67H7Pr,1,1,0,1,6334,9
KI1BC_compute_matched_n9_gpqa,gpqa,2311,reczUoM8JsxU6pYxr,1,1,0,0,8885,9
KI1BC_compute_matched_n9_gpqa,gpqa,2311,reck1zKeCssmN82Ga,1,1,0,0,7017,9
KI1BC_compute_matched_n9_gpqa,gpqa,2311,recw4rROcnHKNZhtK,1,1,0,1,6638,9
KI1BC_compute_matched_n9_gpqa,gpqa,2311,recvlnu8BuLmXZhSX,1,1,0,0,13145,9
KI1BC_compute_matched_n9_gpqa,gpqa,2311,rec2ZTsqazBZ3LTWZ,1,1,0,0,28243,9
KI1BC_compute_matched_n9_gpqa,gpqa,2311,recatj4YXzbOaq3Ar,1,1,0,1,4911,9
KI1BC_compute_matched_n9_gpqa,gpqa,2311,recQiWOxhkXRz9NVE,1,0,0,0,26536,9
KI1BC_compute_matched_n9_gpqa,gpqa,2311,recyrk6XBVwugG5u8,1,1,0,0,26714,9
KI1BC_compute_matched_n9_gpqa,gpqa,2311,recXsuOHRBLcyenF2,1,1,0,1,3385,9
KI1BC_compute_matched_n9_gpqa,gpqa,2311,recBXlqrZUCR897It,1,0,0,0,27707,9
KI1BC_compute_matched_n9_gpqa,gpqa,2311,rec527dNeEtWJrYNl,1,1,0,0,6470,9
KI1BC_compute_matched_n9_gpqa,gpqa,2311,recPzW1WqRnPs57D6,1,1,0,1,3913,9
KI1BC_compute_matched_n9_gpqa,gpqa,2311,rec2UlKqC6RFHdcro,1,1,0,0,10041,9
KI1BC_compute_matched_n9_gpqa,gpqa,2311,reczkBiPPNrNN49Hp,1,1,0,1,10999,9
KI1BC_compute_matched_n9_gpqa,gpqa,2311,recJZ3QEfRKjYw9a7,1,0,0,0,15679,9
KI1BC_compute_matched_n9_gpqa,gpqa,2311,recNuT2oSnO86bxOx,1,1,0,1,17483,9
KI1BC_compute_matched_n9_gpqa,gpqa,2311,recAAJoHMW45Lv5je,1,1,0,0,43402,9
KI1BC_compute_matched_n9_gpqa,gpqa,2311,recYA3LPsCvF1fTMI,1,0,0,0,28586,9
KI1BC_compute_matched_n9_gpqa,gpqa,2311,recooG6bivTUJpDBz,1,0,0,0,35920,9
KI1BC_compute_matched_n9_gpqa,gpqa,2311,recIIUynGGpsGEYuo,1,1,0,0,3866,9
KI1BC_compute_matched_n9_gpqa,gpqa,2311,reckYqR92oJkqJXkE,1,0,0,0,4334,9
KI1BC_compute_matched_n9_gpqa,gpqa,2311,recjgMJaMxz4ESDF2,1,1,0,1,6058,9
KI1BC_compute_matched_n9_gpqa,gpqa,2311,reco8WSc71p8zAv4q,1,0,0,0,26214,9
KI1BC_compute_matched_n9_gpqa,gpqa,2311,recjJ54TXc04enRkZ,1,0,0,0,20935,9
KI1BC_compute_matched_n9_gpqa,gpqa,2311,recVE8cUNHpHZIAvL,1,1,0,0,23785,9
KI1BC_compute_matched_n9_gpqa,gpqa,2311,rechKl68Uc6H7vU0N,1,0,0,0,25978,9
KI1BC_compute_matched_n9_gpqa,gpqa,2311,recs3PLPUEMiqg4P8,1,0,0,0,21938,9
KI1BC_compute_matched_n9_gpqa,gpqa,2311,recHVUd2DkoKfedJZ,1,1,0,0,23793,9
KI1BC_compute_matched_n9_gpqa,gpqa,2311,recINGR1z01Fh1Z3A,1,1,0,1,5296,9
KI1BC_compute_matched_n9_gpqa,gpqa,2311,recqGD3fxPCI59vPQ,1,1,0,0,16047,9
KI1BC_compute_matched_n9_gpqa,gpqa,2311,recUBgVlkKzcRPDdK,1,0,0,0,16815,9
KI1BC_compute_matched_n9_gpqa,gpqa,2311,recPIzpnuYpB4yvmp,1,1,0,0,19882,9
KI1BC_compute_matched_n9_gpqa,gpqa,2311,rec47oNPXudlTIk4y,1,1,0,0,24861,9
KI1BC_compute_matched_n9_gpqa,gpqa,2311,recGFKDUd8qgz81Zl,1,1,0,0,7863,9
KI1BC_compute_matched_n9_gpqa,gpqa,2311,recnTTKdBzfuoZ7w7,1,1,0,0,72135,9
KI1BC_compute_matched_n9_gpqa,gpqa,2311,recCJJOeBGERaHYax,1,0,0,0,18735,9
KI1BC_compute_matched_n9_gpqa,gpqa,2311,rec8nshandHARTkrg,1,1,0,0,23972,9
KI1BC_compute_matched_n9_gpqa,gpqa,2311,recclFbsjbaiVVnnV,1,0,0,0,32317,9
KI1BC_compute_matched_n9_gpqa,gpqa,2311,reckEnrOPFT9Ru7tW,1,1,0,0,18754,9
KI1BC_compute_matched_n9_gpqa,gpqa,2311,recgM7o1tcc7tP778,1,1,0,0,23570,9
KI1BC_compute_matched_n9_gpqa,gpqa,2311,recLB0EkQ54bYVhnd,1,1,0,0,16221,9
KI1BC_compute_matched_n9_gpqa,gpqa,2311,receo3UUzRvWCqyfA,1,1,0,0,19304,9
KI1BC_compute_matched_n9_gpqa,gpqa,2311,recMicVBcqy1xM1jq,1,0,0,1,6758,9
KI1BC_compute_matched_n9_gpqa,gpqa,2311,recG1ljJQcVy6CbSl,1,1,0,1,12642,9
KI1BC_compute_matched_n9_gpqa,gpqa,2311,recGee5m84dg5FZkc,1,0,0,0,26686,9
KI1BC_compute_matched_n9_gpqa,gpqa,2311,reczQ4I0VpENdMtIj,1,0,0,0,4415,9
KI1BC_compute_matched_n9_gpqa,gpqa,2311,recgXxEgllSGEpELP,1,1,0,0,30908,9
KI1BC_compute_matched_n9_gpqa,gpqa,2311,recD8oX1KevFbl7bL,1,1,0,0,21080,9
KI1BC_compute_matched_n9_gpqa,gpqa,2311,recNu3MXkvWUzHZr9,1,1,0,0,10284,9
KI1BC_compute_matched_n9_gpqa,gpqa,2311,rec0yTRmO1o1xCA6H,1,0,0,1,3887,9
KI1BC_compute_matched_n9_gpqa,gpqa,2311,reckl6PkaEMWM50yZ,1,0,0,0,20205,9
KI1BC_compute_matched_n9_gpqa,gpqa,2311,recpJmTOXx6T48nDJ,1,1,0,0,11787,9
KI1BC_compute_matched_n9_gpqa,gpqa,2311,recnjViFrqlZNL3fY,1,1,0,0,9133,9
KI1BC_compute_matched_n9_gpqa,gpqa,2311,recf6ayQmL1SxKbvW,1,0,0,1,4767,9
KI1BC_compute_matched_n9_gpqa,gpqa,2311,rec9ubQihAh6g9bft,1,0,0,0,4357,9
lever_baseline_gpqa,gpqa,217,recjgMJaMxz4ESDF2,1,1,,,1227,1
lever_baseline_gpqa,gpqa,217,rec7C06XOB2h298ue,1,1,,,1271,1
lever_baseline_gpqa,gpqa,217,recA1i5ZAh0Uzclxp,1,1,,,1906,1
lever_baseline_gpqa,gpqa,217,recyl3usDqb7ruXJx,1,1,,,3488,1
lever_baseline_gpqa,gpqa,217,rec47oNPXudlTIk4y,1,0,,,2140,1
lever_baseline_gpqa,gpqa,217,rec2UlKqC6RFHdcro,1,1,,,1589,1
lever_baseline_gpqa,gpqa,217,recL9MFV5zmdlle5T,1,1,,,1808,1
lever_baseline_gpqa,gpqa,217,recgC4GJ8wUemlUQD,1,1,,,1316,1
lever_baseline_gpqa,gpqa,217,recIOlKBsOeEcgkA1,1,1,,,962,1
lever_baseline_gpqa,gpqa,217,recdya6FuYraBU5Rh,1,1,,,2094,1
lever_baseline_gpqa,gpqa,217,rec5eA17Qr1ucNLUf,1,1,,,1706,1
lever_baseline_gpqa,gpqa,217,recIDiDKKrN61Auyr,1,1,,,799,1
lever_baseline_gpqa,gpqa,217,reczQ4I0VpENdMtIj,1,1,,,1707,1
lever_baseline_gpqa,gpqa,217,recGFNRVl1qBZGwyU,1,1,,,2339,1
lever_baseline_gpqa,gpqa,217,reca44yABeO2fx7UB,1,0,,,10175,1
lever_baseline_gpqa,gpqa,217,recRZjaElf8ft7xTq,1,1,,,3362,1
lever_baseline_gpqa,gpqa,217,recZ13cwgDQf9jRd9,1,1,,,10142,1
lever_baseline_gpqa,gpqa,217,recZSGUkn56v9kEp1,1,1,,,5408,1
lever_baseline_gpqa,gpqa,217,recPzW1WqRnPs57D6,1,1,,,1472,1
lever_baseline_gpqa,gpqa,217,recINGR1z01Fh1Z3A,1,1,,,1815,1
lever_baseline_gpqa,gpqa,217,recKm6LNWykGapmCr,1,1,,,1901,1
lever_baseline_gpqa,gpqa,217,recBXlqrZUCR897It,1,1,,,2539,1
lever_baseline_gpqa,gpqa,217,recb2M22zaD3tL6Qc,1,1,,,3802,1
lever_baseline_gpqa,gpqa,217,rec6sE2CRtD4drtHg,1,1,,,2118,1
lever_baseline_gpqa,gpqa,217,rec1oj2DveQWl9Rpw,1,0,,,3892,1
lever_baseline_gpqa,gpqa,217,recReg13iV2HwJTaA,1,1,,,946,1
lever_baseline_gpqa,gpqa,217,recw4rROcnHKNZhtK,1,1,,,1218,1
lever_baseline_gpqa,gpqa,217,recPL4ZPpVYxgMu57,1,1,,,923,1
lever_baseline_gpqa,gpqa,217,recgXxEgllSGEpELP,1,1,,,5247,1
lever_baseline_gpqa,gpqa,217,recNFJjE5PPTqVJGv,1,1,,,1424,1
lever_baseline_gpqa,gpqa,217,recpJmTOXx6T48nDJ,1,1,,,2345,1
lever_baseline_gpqa,gpqa,217,rec527dNeEtWJrYNl,1,1,,,1899,1
lever_baseline_gpqa,gpqa,217,recD8oX1KevFbl7bL,1,1,,,1742,1
lever_baseline_gpqa,gpqa,217,recBGxVySx1pkrO1i,1,1,,,2397,1
lever_baseline_gpqa,gpqa,217,recn3NhOhqAPLda16,1,1,,,2618,1
lever_baseline_gpqa,gpqa,217,recE2ihVfqEK4R9d0,1,1,,,2457,1
lever_baseline_gpqa,gpqa,217,recIlghoOw5VbY4Zh,1,1,,,3357,1
lever_baseline_gpqa,gpqa,217,rec4JrWy7Il8ho5vk,1,1,,,1021,1
lever_baseline_gpqa,gpqa,217,rec0yTRmO1o1xCA6H,1,1,,,1463,1
lever_baseline_gpqa,gpqa,217,recYCMJWH7IpcdqwE,1,1,,,6761,1
lever_baseline_gpqa,gpqa,217,recXsuOHRBLcyenF2,1,1,,,602,1
lever_baseline_gpqa,gpqa,217,recXvQ6gWAmyakrpD,1,1,,,2080,1
lever_baseline_gpqa,gpqa,217,recyPffUDqC2k7ZZO,1,1,,,2019,1
lever_baseline_gpqa,gpqa,217,recVvpD8miVjmmyfe,1,0,,,6653,1
lever_baseline_gpqa,gpqa,217,rec260hNUCEj109Dj,1,1,,,1452,1
lever_baseline_gpqa,gpqa,217,rec32C1ZEapBnCC0E,1,1,,,1709,1
lever_baseline_gpqa,gpqa,217,recJJcOHhFeSaRpl4,1,1,,,1665,1
lever_baseline_gpqa,gpqa,217,recb80OwMgNnceA9t,1,0,,,14798,1
lever_baseline_gpqa,gpqa,217,rec0wZvZgiz320KRs,1,1,,,1236,1
lever_baseline_gpqa,gpqa,217,reck1zKeCssmN82Ga,1,1,,,1433,1
lever_baseline_gpqa,gpqa,217,recPIzpnuYpB4yvmp,1,1,,,2148,1
lever_baseline_gpqa,gpqa,217,rec0VuKUjt1SZ7NYv,1,1,,,1454,1
lever_baseline_gpqa,gpqa,217,recnGEpF1srQpaqWq,1,0,,,11185,1
lever_baseline_gpqa,gpqa,217,recGFKDUd8qgz81Zl,1,1,,,1682,1
lever_baseline_gpqa,gpqa,217,recVE8cUNHpHZIAvL,1,1,,,2634,1
lever_baseline_gpqa,gpqa,217,reckl6PkaEMWM50yZ,1,0,,,15744,1
lever_baseline_gpqa,gpqa,217,rechgQucGlrnt8KRV,1,1,,,4133,1
lever_baseline_gpqa,gpqa,217,reck4G4xxv3YnpbtQ,1,1,,,3185,1
lever_baseline_gpqa,gpqa,217,recpki12iG9RUGrz9,1,0,,,2210,1
lever_baseline_gpqa,gpqa,217,receo3UUzRvWCqyfA,1,1,,,1859,1
lever_baseline_gpqa,gpqa,217,rec7qmSnbud4FHSqL,1,0,,,2817,1
lever_baseline_gpqa,gpqa,217,recINSFEYLCyyd08m,1,1,,,4283,1
lever_baseline_gpqa,gpqa,217,recv7GsQg3f0fvB1f,1,1,,,997,1
lever_baseline_gpqa,gpqa,217,recaXdGn3FAIkxLGM,1,1,,,3308,1
lever_baseline_gpqa,gpqa,217,rectlyG9pCAAuWhoB,1,0,,,11043,1
lever_baseline_gpqa,gpqa,217,recV1nqYQvpII94oC,1,1,,,1403,1
lever_baseline_gpqa,gpqa,217,recgI6tUQ7RLJRWGx,1,1,,,1331,1
lever_baseline_gpqa,gpqa,217,recAYkd96NNuNl1Ei,1,0,,,1076,1
lever_baseline_gpqa,gpqa,217,recRTiyaRymerDJ4y,1,1,,,1644,1
lever_baseline_gpqa,gpqa,217,recZt4x514UQNnsgy,1,0,,,3710,1
lever_baseline_gpqa,gpqa,217,recuYEkVjdVUwA3c0,1,1,,,2099,1
lever_baseline_gpqa,gpqa,217,recNAiPUKOulQbKVP,1,1,,,760,1
lever_baseline_gpqa,gpqa,217,recPSTGXK3P39yNYT,1,1,,,1132,1
lever_baseline_gpqa,gpqa,217,recr3VHM4zYf6dMFY,1,1,,,1974,1
lever_baseline_gpqa,gpqa,217,recs3PLPUEMiqg4P8,1,1,,,4235,1
lever_baseline_gpqa,gpqa,217,reco8WSc71p8zAv4q,1,0,,,8449,1
lever_baseline_gpqa,gpqa,217,reczzzihL7btBH7RO,1,0,,,2832,1
lever_baseline_gpqa,gpqa,217,recFaL6j8UMhutXrc,1,1,,,7807,1
lever_baseline_gpqa,gpqa,217,reciuppdQde4FGX1z,1,1,,,986,1
lever_baseline_gpqa,gpqa,217,recixxJmdux0d8LZQ,1,1,,,1412,1
lever_baseline_gpqa,gpqa,217,rechtUKxC6G67H7Pr,1,1,,,1221,1
lever_baseline_gpqa,gpqa,217,recywRj5a8EEjj2Ib,1,1,,,1193,1
lever_baseline_gpqa,gpqa,217,recBtVK8rBVtIlXDq,1,1,,,1038,1
lever_baseline_gpqa,gpqa,217,recooG6bivTUJpDBz,1,1,,,3420,1
lever_baseline_gpqa,gpqa,217,recWXwn9v4IG9ZrM6,1,1,,,1191,1
lever_baseline_gpqa,gpqa,217,recRgabRzMaEoBRcM,1,1,,,3839,1
lever_baseline_gpqa,gpqa,217,recO3hvCWRGiG0odN,1,0,,,5613,1
lever_baseline_gpqa,gpqa,217,recoy9ZLBsc7HIRBy,1,1,,,2288,1
lever_baseline_gpqa,gpqa,314,recNAiPUKOulQbKVP,1,1,,,683,1
lever_baseline_gpqa,gpqa,314,recAYkd96NNuNl1Ei,1,0,,,844,1
lever_baseline_gpqa,gpqa,314,rec4JrWy7Il8ho5vk,1,1,,,1193,1
lever_baseline_gpqa,gpqa,314,rec8y3ZrBOcLgNEkE,1,1,,,1308,1
lever_baseline_gpqa,gpqa,314,reck1zKeCssmN82Ga,1,1,,,1382,1
lever_baseline_gpqa,gpqa,314,rec9GugrngvsQR99A,1,1,,,1659,1
lever_baseline_gpqa,gpqa,314,recwW1A85nfyQpReG,1,1,,,1747,1
lever_baseline_gpqa,gpqa,314,recnjViFrqlZNL3fY,1,1,,,1764,1
lever_baseline_gpqa,gpqa,314,recRhwQwHijW0gCLo,1,1,,,3398,1
lever_baseline_gpqa,gpqa,314,recSBcGLPatKb3Ygu,1,1,,,1600,1
lever_baseline_gpqa,gpqa,314,recJJcOHhFeSaRpl4,1,1,,,1474,1
lever_baseline_gpqa,gpqa,314,recqLRu4BcJvlSANc,1,1,,,1110,1
lever_baseline_gpqa,gpqa,314,rec260hNUCEj109Dj,1,1,,,1628,1
lever_baseline_gpqa,gpqa,314,recO3hvCWRGiG0odN,1,1,,,4325,1
lever_baseline_gpqa,gpqa,314,recJZ3QEfRKjYw9a7,1,1,,,2059,1
lever_baseline_gpqa,gpqa,314,recMicVBcqy1xM1jq,1,1,,,2606,1
lever_baseline_gpqa,gpqa,314,rec7qmSnbud4FHSqL,1,0,,,2435,1
lever_baseline_gpqa,gpqa,314,recNFJjE5PPTqVJGv,1,1,,,1442,1
lever_baseline_gpqa,gpqa,314,recakFKZioXUuldcd,1,1,,,2202,1
lever_baseline_gpqa,gpqa,314,recypVp2NmPlBKVTp,1,1,,,769,1
lever_baseline_gpqa,gpqa,314,recz3MfYHPRhsEQkW,1,1,,,1387,1
lever_baseline_gpqa,gpqa,314,recLB0EkQ54bYVhnd,1,1,,,1724,1
lever_baseline_gpqa,gpqa,314,recZt4x514UQNnsgy,1,0,,,6597,1
lever_baseline_gpqa,gpqa,314,rec9W28HgpEUeUN8k,1,1,,,4521,1
lever_baseline_gpqa,gpqa,314,recZWeueB7lSPR6wN,1,0,,,10377,1
lever_baseline_gpqa,gpqa,314,recINGR1z01Fh1Z3A,1,1,,,1193,1
lever_baseline_gpqa,gpqa,314,recQ8oxSY2aCwFRS8,1,1,,,3832,1
lever_baseline_gpqa,gpqa,314,rec8nshandHARTkrg,1,1,,,2737,1
lever_baseline_gpqa,gpqa,314,rec7C06XOB2h298ue,1,1,,,1245,1
lever_baseline_gpqa,gpqa,314,recafnH3RRnMBXEb1,1,1,,,1348,1
lever_baseline_gpqa,gpqa,314,recXsYa3i2UhGF5fe,1,1,,,1327,1
lever_baseline_gpqa,gpqa,314,recS48OsU6kVadBPW,1,1,,,1705,1
lever_baseline_gpqa,gpqa,314,recXvQ6gWAmyakrpD,1,1,,,2097,1
lever_baseline_gpqa,gpqa,314,receYQxnUBvxPcvbQ,1,1,,,2372,1
lever_baseline_gpqa,gpqa,314,recG1ljJQcVy6CbSl,1,1,,,1343,1
lever_baseline_gpqa,gpqa,314,reca44yABeO2fx7UB,1,1,,,6188,1
lever_baseline_gpqa,gpqa,314,recrs0kUo7Ua1xhKO,1,1,,,1100,1
lever_baseline_gpqa,gpqa,314,recVE8cUNHpHZIAvL,1,1,,,2007,1
lever_baseline_gpqa,gpqa,314,recmI7EiLv72PxmYK,1,1,,,1722,1
lever_baseline_gpqa,gpqa,314,recRZjaElf8ft7xTq,1,1,,,2277,1
lever_baseline_gpqa,gpqa,314,recPzW1WqRnPs57D6,1,1,,,1284,1
lever_baseline_gpqa,gpqa,314,recGFNRVl1qBZGwyU,1,1,,,2690,1
lever_baseline_gpqa,gpqa,314,recooG6bivTUJpDBz,1,0,,,5681,1
lever_baseline_gpqa,gpqa,314,recvlnu8BuLmXZhSX,1,1,,,2145,1
lever_baseline_gpqa,gpqa,314,recvZlMbpPz0yLDle,1,1,,,2104,1
lever_baseline_gpqa,gpqa,314,recZ13cwgDQf9jRd9,1,0,,,5659,1
lever_baseline_gpqa,gpqa,314,rec47oNPXudlTIk4y,1,0,,,2182,1
lever_baseline_gpqa,gpqa,314,recIDiDKKrN61Auyr,1,1,,,619,1
lever_baseline_gpqa,gpqa,314,recPSTGXK3P39yNYT,1,1,,,1224,1
lever_baseline_gpqa,gpqa,314,recAAJoHMW45Lv5je,1,1,,,1992,1
lever_baseline_gpqa,gpqa,314,recyl3usDqb7ruXJx,1,1,,,9616,1
lever_baseline_gpqa,gpqa,314,recGFKDUd8qgz81Zl,1,1,,,2280,1
lever_baseline_gpqa,gpqa,314,recb80OwMgNnceA9t,1,1,,,12131,1
lever_baseline_gpqa,gpqa,314,recK9F5aqdaybl8bb,1,1,,,7103,1
lever_baseline_gpqa,gpqa,314,recw4rROcnHKNZhtK,1,1,,,1484,1
lever_baseline_gpqa,gpqa,314,recrNbtgTNoabJJi6,1,1,,,3507,1
lever_baseline_gpqa,gpqa,314,recqFDvYKKRmbnoUb,1,1,,,1272,1
lever_baseline_gpqa,gpqa,314,reco8WSc71p8zAv4q,1,0,,,3745,1
lever_baseline_gpqa,gpqa,314,rec2UlKqC6RFHdcro,1,1,,,1461,1
lever_baseline_gpqa,gpqa,314,recatj4YXzbOaq3Ar,1,1,,,959,1
lever_baseline_gpqa,gpqa,314,recBtVK8rBVtIlXDq,1,1,,,1060,1
lever_baseline_gpqa,gpqa,314,recnGEpF1srQpaqWq,1,1,,,9646,1
lever_baseline_gpqa,gpqa,314,recPIzpnuYpB4yvmp,1,1,,,2968,1
lever_baseline_gpqa,gpqa,314,recIMcQfaQNa6vzsT,1,1,,,1389,1
lever_baseline_gpqa,gpqa,314,reckEnrOPFT9Ru7tW,1,1,,,2224,1
lever_baseline_gpqa,gpqa,314,rectXfsCM1dj4Kv2c,1,1,,,1571,1
lever_baseline_gpqa,gpqa,314,recIOlKBsOeEcgkA1,1,1,,,1255,1
lever_baseline_gpqa,gpqa,314,recxsX66ktJ1Lwt4f,1,1,,,1182,1
lever_baseline_gpqa,gpqa,314,reciuppdQde4FGX1z,1,1,,,1235,1
lever_baseline_gpqa,gpqa,314,recZbxrocrxh9YENH,1,1,,,2941,1
lever_baseline_gpqa,gpqa,314,rect4iLrSfUwkNTno,1,1,,,3220,1
lever_baseline_gpqa,gpqa,314,recVEXvhYxAhELVqB,1,1,,,5183,1
lever_baseline_gpqa,gpqa,314,recUBgVlkKzcRPDdK,1,1,,,2969,1
lever_baseline_gpqa,gpqa,314,recnTTKdBzfuoZ7w7,1,0,,,10652,1
lever_baseline_gpqa,gpqa,314,recReg13iV2HwJTaA,1,1,,,875,1
lever_baseline_gpqa,gpqa,314,recYCMJWH7IpcdqwE,1,1,,,4470,1
lever_baseline_gpqa,gpqa,314,recyPffUDqC2k7ZZO,1,1,,,2110,1
lever_baseline_gpqa,gpqa,314,recEmTBhx2hgw6tPQ,1,1,,,7247,1
lever_baseline_gpqa,gpqa,314,recBhnXrUyTJ6WHIR,1,1,,,3625,1
lever_baseline_gpqa,gpqa,314,recDj2Y2BbtV02Wv5,1,0,,,3499,1
lever_baseline_gpqa,gpqa,314,rec4L69T0Y1AS4AFS,1,0,,,2845,1
lever_baseline_gpqa,gpqa,314,recBGxVySx1pkrO1i,1,1,,,4664,1
lever_baseline_gpqa,gpqa,314,rec0Arme2jcXQZnAW,1,1,,,1539,1
lever_baseline_gpqa,gpqa,314,receo3UUzRvWCqyfA,1,1,,,1675,1
lever_baseline_gpqa,gpqa,314,recE2ihVfqEK4R9d0,1,1,,,1756,1
lever_baseline_gpqa,gpqa,314,reccVFW11Elovnf8T,1,1,,,3164,1
lever_baseline_gpqa,gpqa,314,recxTy0x7M6T9ikc0,1,1,,,2833,1
lever_baseline_gpqa,gpqa,314,recOvqPKUtyy9ISA1,1,1,,,10917,1
lever_baseline_gpqa,gpqa,314,reck4G4xxv3YnpbtQ,1,0,,,2759,1
lever_baseline_gpqa,gpqa,471,recypVp2NmPlBKVTp,1,1,,,1156,1
lever_baseline_gpqa,gpqa,471,reciuppdQde4FGX1z,1,1,,,2103,1
lever_baseline_gpqa,gpqa,471,recG1ljJQcVy6CbSl,1,1,,,1475,1
lever_baseline_gpqa,gpqa,471,recIj8lR4tuDgrHou,1,1,,,2045,1
lever_baseline_gpqa,gpqa,471,recAAJoHMW45Lv5je,1,1,,,2035,1
lever_baseline_gpqa,gpqa,471,recD8oX1KevFbl7bL,1,1,,,1749,1
lever_baseline_gpqa,gpqa,471,recBXlqrZUCR897It,1,1,,,2599,1
lever_baseline_gpqa,gpqa,471,recBtVK8rBVtIlXDq,1,1,,,1197,1
lever_baseline_gpqa,gpqa,471,recE2ihVfqEK4R9d0,1,1,,,1623,1
lever_baseline_gpqa,gpqa,471,recnjViFrqlZNL3fY,1,1,,,2520,1
lever_baseline_gpqa,gpqa,471,rec9ubQihAh6g9bft,1,1,,,838,1
lever_baseline_gpqa,gpqa,471,reca44yABeO2fx7UB,1,0,,,5537,1
lever_baseline_gpqa,gpqa,471,recJZ3QEfRKjYw9a7,1,1,,,4354,1
lever_baseline_gpqa,gpqa,471,recL9MFV5zmdlle5T,1,1,,,1840,1
lever_baseline_gpqa,gpqa,471,reckl6PkaEMWM50yZ,1,1,,,11517,1
lever_baseline_gpqa,gpqa,471,recPIzpnuYpB4yvmp,1,1,,,2313,1
lever_baseline_gpqa,gpqa,471,recIDiDKKrN61Auyr,1,1,,,673,1
lever_baseline_gpqa,gpqa,471,recyl3usDqb7ruXJx,1,1,,,4370,1
lever_baseline_gpqa,gpqa,471,recakFKZioXUuldcd,1,1,,,2327,1
lever_baseline_gpqa,gpqa,471,recNAiPUKOulQbKVP,1,1,,,730,1
lever_baseline_gpqa,gpqa,471,recpJmTOXx6T48nDJ,1,1,,,1125,1
lever_baseline_gpqa,gpqa,471,rec32C1ZEapBnCC0E,1,1,,,2132,1
lever_baseline_gpqa,gpqa,471,recGFNRVl1qBZGwyU,1,1,,,2526,1
lever_baseline_gpqa,gpqa,471,recqGD3fxPCI59vPQ,1,1,,,1863,1
lever_baseline_gpqa,gpqa,471,recs3PLPUEMiqg4P8,1,1,,,4842,1
lever_baseline_gpqa,gpqa,471,recXsuOHRBLcyenF2,1,1,,,754,1
lever_baseline_gpqa,gpqa,471,rec8nshandHARTkrg,1,1,,,2141,1
lever_baseline_gpqa,gpqa,471,recb4cGsC6BJUCU3V,1,1,,,2510,1
lever_baseline_gpqa,gpqa,471,recYA3LPsCvF1fTMI,1,1,,,6184,1
lever_baseline_gpqa,gpqa,471,recclFbsjbaiVVnnV,1,1,,,5468,1
lever_baseline_gpqa,gpqa,471,recf6ayQmL1SxKbvW,1,0,,,1204,1
lever_baseline_gpqa,gpqa,471,recgM7o1tcc7tP778,1,1,,,4751,1
lever_baseline_gpqa,gpqa,471,recihePFulRgNKsIn,1,0,,,1638,1
lever_baseline_gpqa,gpqa,471,recl1UtgTVKishAq4,1,1,,,4813,1
lever_baseline_gpqa,gpqa,471,rechKl68Uc6H7vU0N,1,1,,,3307,1
lever_baseline_gpqa,gpqa,471,recDDxpS9s8cwkqfq,1,1,,,2526,1
lever_baseline_gpqa,gpqa,471,recIMcQfaQNa6vzsT,1,1,,,1551,1
lever_baseline_gpqa,gpqa,471,recQiWOxhkXRz9NVE,1,1,,,9511,1
lever_baseline_gpqa,gpqa,471,recqLRu4BcJvlSANc,1,1,,,995,1
lever_baseline_gpqa,gpqa,471,recnawZPumSCLMVgp,1,1,,,7758,1
lever_baseline_gpqa,gpqa,471,rec9W28HgpEUeUN8k,1,1,,,7726,1
lever_baseline_gpqa,gpqa,471,recSBcGLPatKb3Ygu,1,1,,,1798,1
lever_baseline_gpqa,gpqa,471,rec4JrWy7Il8ho5vk,1,1,,,1019,1
lever_baseline_gpqa,gpqa,471,recooG6bivTUJpDBz,1,1,,,5088,1
lever_baseline_gpqa,gpqa,471,rec06pnAkLOr2t2mp,1,1,,,1543,1
lever_baseline_gpqa,gpqa,471,recafnH3RRnMBXEb1,1,1,,,1027,1
lever_baseline_gpqa,gpqa,471,recjgMJaMxz4ESDF2,1,1,,,1921,1
lever_baseline_gpqa,gpqa,471,reczjcMtrB1YGS2fO,1,1,,,2120,1
lever_baseline_gpqa,gpqa,471,recb2M22zaD3tL6Qc,1,1,,,2486,1
lever_baseline_gpqa,gpqa,471,receYQxnUBvxPcvbQ,1,1,,,2248,1
lever_baseline_gpqa,gpqa,471,recK9F5aqdaybl8bb,1,1,,,11977,1
lever_baseline_gpqa,gpqa,471,recS48OsU6kVadBPW,1,1,,,1550,1
lever_baseline_gpqa,gpqa,471,reco8WSc71p8zAv4q,1,1,,,3149,1
lever_baseline_gpqa,gpqa,471,recKcjTwONILZqHAX,1,1,,,1029,1
lever_baseline_gpqa,gpqa,471,reck1zKeCssmN82Ga,1,1,,,1576,1
lever_baseline_gpqa,gpqa,471,recyrk6XBVwugG5u8,1,1,,,2170,1
lever_baseline_gpqa,gpqa,471,recOvqPKUtyy9ISA1,1,1,,,9756,1
lever_baseline_gpqa,gpqa,471,rec7C06XOB2h298ue,1,1,,,1140,1
lever_baseline_gpqa,gpqa,471,recNu3MXkvWUzHZr9,1,1,,,1898,1
lever_baseline_gpqa,gpqa,471,reczQ4I0VpENdMtIj,1,1,,,2084,1
lever_baseline_gpqa,gpqa,471,receo3UUzRvWCqyfA,1,1,,,1730,1
lever_baseline_gpqa,gpqa,471,recQ8oxSY2aCwFRS8,1,1,,,3497,1
lever_baseline_gpqa,gpqa,471,rec5rjeLsEq5Fg7Oj,1,1,,,9043,1
lever_baseline_gpqa,gpqa,471,reckEnrOPFT9Ru7tW,1,1,,,1893,1
lever_baseline_gpqa,gpqa,471,recOkA2zsy4GSMD9R,1,1,,,1688,1
lever_baseline_gpqa,gpqa,471,recLSzwBUS3olCjhl,1,1,,,1252,1
lever_baseline_gpqa,gpqa,471,reczkBiPPNrNN49Hp,1,1,,,1832,1
lever_baseline_gpqa,gpqa,471,recHVUd2DkoKfedJZ,1,1,,,3072,1
lever_baseline_gpqa,gpqa,471,reccOKzFNmyqeJ6ry,1,1,,,1638,1
lever_baseline_gpqa,gpqa,471,recCJJOeBGERaHYax,1,1,,,2575,1
lever_baseline_gpqa,gpqa,471,recReg13iV2HwJTaA,1,1,,,923,1
lever_baseline_gpqa,gpqa,471,recMicVBcqy1xM1jq,1,1,,,2784,1
lever_baseline_gpqa,gpqa,471,recgXxEgllSGEpELP,1,1,,,3500,1
lever_baseline_gpqa,gpqa,471,rec260hNUCEj109Dj,1,1,,,1748,1
lever_baseline_gpqa,gpqa,471,recXvQ6gWAmyakrpD,1,1,,,2754,1
lever_baseline_gpqa,gpqa,471,recEmTBhx2hgw6tPQ,1,0,,,9026,1
lever_baseline_gpqa,gpqa,471,recGee5m84dg5FZkc,1,0,,,2169,1
lever_baseline_gpqa,gpqa,471,recRhwQwHijW0gCLo,1,1,,,2663,1
lever_baseline_gpqa,gpqa,471,recZt4x514UQNnsgy,1,1,,,5135,1
lever_baseline_gpqa,gpqa,471,rect4iLrSfUwkNTno,1,1,,,3776,1
lever_baseline_gpqa,gpqa,471,recrHBEJJoDTV05JR,1,1,,,3125,1
lever_baseline_gpqa,gpqa,471,rec4UqStf9WUVif1f,1,1,,,1845,1
lever_baseline_gpqa,gpqa,471,recTs7qzfJs6kfLUK,1,1,,,1927,1
lever_baseline_gpqa,gpqa,471,recywRj5a8EEjj2Ib,1,1,,,1788,1
lever_baseline_gpqa,gpqa,471,recKm6LNWykGapmCr,1,1,,,1353,1
lever_baseline_gpqa,gpqa,471,recVE8cUNHpHZIAvL,1,1,,,1909,1
lever_baseline_gpqa,gpqa,471,recnTTKdBzfuoZ7w7,1,1,,,7816,1
lever_baseline_gpqa,gpqa,471,recPzW1WqRnPs57D6,1,1,,,1327,1
lever_baseline_mmlu_pro_stem,mmlu_pro,42,3320,1,1,,,522,1
lever_baseline_mmlu_pro_stem,mmlu_pro,42,8486,1,1,,,484,1
lever_baseline_mmlu_pro_stem,mmlu_pro,42,2854,1,1,,,674,1
lever_baseline_mmlu_pro_stem,mmlu_pro,42,10024,1,1,,,677,1
lever_baseline_mmlu_pro_stem,mmlu_pro,42,3079,1,1,,,676,1
lever_baseline_mmlu_pro_stem,mmlu_pro,42,8802,1,1,,,620,1
lever_baseline_mmlu_pro_stem,mmlu_pro,42,11489,1,1,,,1741,1
lever_baseline_mmlu_pro_stem,mmlu_pro,42,8930,1,1,,,1743,1
lever_baseline_mmlu_pro_stem,mmlu_pro,42,7847,1,1,,,392,1
lever_baseline_mmlu_pro_stem,mmlu_pro,42,11562,1,1,,,908,1
lever_baseline_mmlu_pro_stem,mmlu_pro,42,10343,1,1,,,2297,1
lever_baseline_mmlu_pro_stem,mmlu_pro,42,9795,1,1,,,984,1
lever_baseline_mmlu_pro_stem,mmlu_pro,42,3917,1,0,,,2062,1
lever_baseline_mmlu_pro_stem,mmlu_pro,42,3739,1,1,,,1468,1
lever_baseline_mmlu_pro_stem,mmlu_pro,42,10452,1,1,,,441,1
lever_baseline_mmlu_pro_stem,mmlu_pro,42,8147,1,1,,,592,1
lever_baseline_mmlu_pro_stem,mmlu_pro,42,8676,1,1,,,420,1
lever_baseline_mmlu_pro_stem,mmlu_pro,42,11847,1,1,,,1388,1
lever_baseline_mmlu_pro_stem,mmlu_pro,42,12113,1,1,,,4140,1
lever_baseline_mmlu_pro_stem,mmlu_pro,42,11886,1,1,,,2022,1
lever_baseline_mmlu_pro_stem,mmlu_pro,42,7807,1,1,,,430,1
lever_baseline_mmlu_pro_stem,mmlu_pro,42,11733,1,1,,,2106,1
lever_baseline_mmlu_pro_stem,mmlu_pro,42,12104,1,1,,,2880,1
lever_baseline_mmlu_pro_stem,mmlu_pro,42,3763,1,1,,,1307,1
lever_baseline_mmlu_pro_stem,mmlu_pro,42,10306,1,1,,,909,1
lever_baseline_mmlu_pro_stem,mmlu_pro,42,9030,1,1,,,1368,1
lever_baseline_mmlu_pro_stem,mmlu_pro,42,3878,1,1,,,1013,1
lever_baseline_mmlu_pro_stem,mmlu_pro,42,4090,1,1,,,2226,1
lever_baseline_mmlu_pro_stem,mmlu_pro,42,7793,1,1,,,901,1
lever_baseline_mmlu_pro_stem,mmlu_pro,42,8369,1,1,,,1321,1
lever_baseline_mmlu_pro_stem,mmlu_pro,42,10510,1,1,,,528,1
lever_baseline_mmlu_pro_stem,mmlu_pro,42,3944,1,1,,,635,1
lever_baseline_mmlu_pro_stem,mmlu_pro,42,12122,1,1,,,978,1
lever_baseline_mmlu_pro_stem,mmlu_pro,42,8266,1,1,,,448,1
lever_baseline_mmlu_pro_stem,mmlu_pro,42,10582,1,1,,,715,1
lever_baseline_mmlu_pro_stem,mmlu_pro,42,10478,1,1,,,965,1
lever_baseline_mmlu_pro_stem,mmlu_pro,42,7737,1,1,,,992,1
lever_baseline_mmlu_pro_stem,mmlu_pro,42,7771,1,1,,,591,1
lever_baseline_mmlu_pro_stem,mmlu_pro,42,3206,1,1,,,763,1
lever_baseline_mmlu_pro_stem,mmlu_pro,42,9735,1,1,,,334,1
lever_baseline_mmlu_pro_stem,mmlu_pro,42,3454,1,1,,,774,1
lever_baseline_mmlu_pro_stem,mmlu_pro,42,11879,1,1,,,2564,1
lever_baseline_mmlu_pro_stem,mmlu_pro,42,11343,1,1,,,2717,1
lever_baseline_mmlu_pro_stem,mmlu_pro,42,4663,1,1,,,1163,1
lever_baseline_mmlu_pro_stem,mmlu_pro,42,9350,1,1,,,1233,1
lever_baseline_mmlu_pro_stem,mmlu_pro,42,4063,1,1,,,1183,1
lever_baseline_mmlu_pro_stem,mmlu_pro,42,8895,1,1,,,488,1
lever_baseline_mmlu_pro_stem,mmlu_pro,42,10520,1,1,,,612,1
lever_baseline_mmlu_pro_stem,mmlu_pro,42,12183,1,1,,,1176,1
lever_baseline_mmlu_pro_stem,mmlu_pro,42,8024,1,1,,,324,1
lever_baseline_mmlu_pro_stem,mmlu_pro,42,12181,1,1,,,1263,1
lever_baseline_mmlu_pro_stem,mmlu_pro,42,7964,1,1,,,1378,1
lever_baseline_mmlu_pro_stem,mmlu_pro,42,3364,1,1,,,692,1
lever_baseline_mmlu_pro_stem,mmlu_pro,42,11384,1,1,,,3305,1
lever_baseline_mmlu_pro_stem,mmlu_pro,42,3672,1,1,,,613,1
lever_baseline_mmlu_pro_stem,mmlu_pro,42,11899,1,1,,,1648,1
lever_baseline_mmlu_pro_stem,mmlu_pro,42,7804,1,1,,,620,1
lever_baseline_mmlu_pro_stem,mmlu_pro,42,10689,1,1,,,645,1
lever_baseline_mmlu_pro_stem,mmlu_pro,42,8955,1,0,,,2208,1
lever_baseline_mmlu_pro_stem,mmlu_pro,42,8638,1,1,,,2466,1
lever_baseline,unknown,123,recNAiPUKOulQbKVP,1,1,,,696,1
lever_baseline,unknown,123,recwW1A85nfyQpReG,1,1,,,1070,1
lever_baseline,unknown,123,recnjViFrqlZNL3fY,1,1,,,1684,1
lever_baseline,unknown,123,recjgMJaMxz4ESDF2,1,1,,,1266,1
lever_baseline,unknown,123,recJZ3QEfRKjYw9a7,1,1,,,2407,1
lever_baseline,unknown,123,recRhwQwHijW0gCLo,1,1,,,2964,1
lever_baseline,unknown,123,recb2M22zaD3tL6Qc,1,1,,,2248,1
lever_baseline,unknown,123,recIDiDKKrN61Auyr,1,1,,,693,1
lever_baseline,unknown,123,recBXlqrZUCR897It,1,1,,,2030,1
lever_baseline,unknown,123,recXsuOHRBLcyenF2,1,1,,,808,1
lever_baseline,unknown,123,recD8oX1KevFbl7bL,1,1,,,1393,1
lever_baseline,unknown,123,recKm6LNWykGapmCr,1,1,,,1711,1
lever_baseline,unknown,123,recNuT2oSnO86bxOx,1,1,,,2629,1
lever_baseline,unknown,123,rec2UlKqC6RFHdcro,1,1,,,2399,1
lever_baseline,unknown,123,recw4rROcnHKNZhtK,1,1,,,1181,1
lever_baseline,unknown,123,recDytVnNYZe2HuUU,1,1,,,4288,1
lever_baseline,unknown,123,recdya6FuYraBU5Rh,1,1,,,1482,1
lever_baseline,unknown,123,recLSzwBUS3olCjhl,1,1,,,1137,1
lever_baseline,unknown,123,recRgabRzMaEoBRcM,1,0,,,6952,1
lever_baseline,unknown,123,recV1nqYQvpII94oC,1,1,,,1545,1
lever_baseline,unknown,123,rec5eA17Qr1ucNLUf,1,1,,,2018,1
lever_baseline,unknown,123,recyPffUDqC2k7ZZO,1,1,,,2843,1
lever_baseline,unknown,123,recrNbtgTNoabJJi6,1,1,,,2208,1
lever_baseline,unknown,123,rec9GugrngvsQR99A,1,1,,,1427,1
lever_baseline,unknown,123,recIj8lR4tuDgrHou,1,1,,,1869,1
lever_baseline,unknown,123,rec7C06XOB2h298ue,1,1,,,1122,1
lever_baseline,unknown,123,recxsX66ktJ1Lwt4f,1,1,,,1214,1
lever_baseline,unknown,123,recHVUd2DkoKfedJZ,1,1,,,3173,1
lever_baseline,unknown,123,recPSTGXK3P39yNYT,1,1,,,2391,1
lever_baseline,unknown,123,recI1ls9OXdxatHQn,1,1,,,1905,1
lever_baseline,unknown,123,recgM7o1tcc7tP778,1,1,,,4820,1
lever_baseline,unknown,123,recUOePh79cp4T2Bg,1,0,,,4745,1
lever_baseline,unknown,123,recBhnXrUyTJ6WHIR,1,0,,,3605,1
lever_baseline,unknown,123,recyrk6XBVwugG5u8,1,1,,,3122,1
lever_baseline,unknown,123,reca44yABeO2fx7UB,1,1,,,4769,1
lever_baseline,unknown,123,recs3PLPUEMiqg4P8,1,1,,,3138,1
lever_baseline,unknown,123,recZWeueB7lSPR6wN,1,1,,,9319,1
lever_baseline,unknown,123,reck4G4xxv3YnpbtQ,1,0,,,2183,1
lever_baseline,unknown,123,rec4r4KWNLrT7g2kR,1,1,,,13194,1
lever_baseline,unknown,123,recvlnu8BuLmXZhSX,1,1,,,2001,1
lever_baseline,unknown,123,rec6sE2CRtD4drtHg,1,1,,,2149,1
lever_baseline,unknown,123,recINSFEYLCyyd08m,1,1,,,2674,1
lever_baseline,unknown,123,recclFbsjbaiVVnnV,1,1,,,6659,1
lever_baseline,unknown,123,rec0VuKUjt1SZ7NYv,1,1,,,1190,1
lever_baseline,unknown,123,recoy9ZLBsc7HIRBy,1,1,,,2449,1
lever_baseline,unknown,123,recnTTKdBzfuoZ7w7,1,0,,,16077,1
lever_baseline,unknown,123,rec1zl5LvaatzGhFt,1,1,,,1486,1
lever_baseline,unknown,123,rec5rjeLsEq5Fg7Oj,1,0,,,6166,1
lever_baseline,unknown,123,recS48OsU6kVadBPW,1,1,,,1612,1
lever_baseline,unknown,123,recatj4YXzbOaq3Ar,1,1,,,964,1
lever_baseline,unknown,123,recl1UtgTVKishAq4,1,1,,,4628,1
lever_baseline,unknown,123,recRTiyaRymerDJ4y,1,1,,,1522,1
lever_baseline,unknown,123,recr3VHM4zYf6dMFY,1,1,,,1570,1
lever_baseline,unknown,123,reczUoM8JsxU6pYxr,1,1,,,3715,1
lever_baseline,unknown,123,recAYkd96NNuNl1Ei,1,0,,,935,1
lever_baseline,unknown,123,recvZlMbpPz0yLDle,1,1,,,2325,1
lever_baseline,unknown,123,recXvQ6gWAmyakrpD,1,1,,,2031,1
lever_baseline,unknown,123,recGFKDUd8qgz81Zl,1,1,,,2532,1
lever_baseline,unknown,123,recZSGUkn56v9kEp1,1,1,,,12088,1
lever_baseline,unknown,123,recJpyGtGIsxulevT,1,1,,,2377,1
lever_baseline,unknown,123,recReg13iV2HwJTaA,1,1,,,910,1
lever_baseline,unknown,123,reczzzihL7btBH7RO,1,0,,,1744,1
lever_baseline,unknown,123,recVvpD8miVjmmyfe,1,1,,,8821,1
lever_baseline,unknown,123,reczjcMtrB1YGS2fO,1,1,,,2737,1
lever_baseline,unknown,123,recFaL6j8UMhutXrc,1,1,,,5181,1
lever_baseline,unknown,123,rectlyG9pCAAuWhoB,1,0,,,9404,1
lever_baseline,unknown,123,recZbxrocrxh9YENH,1,1,,,3742,1
lever_baseline,unknown,123,recZt4x514UQNnsgy,1,1,,,5227,1
lever_baseline,unknown,123,recyl3usDqb7ruXJx,1,1,,,6681,1
lever_baseline,unknown,123,rec4L69T0Y1AS4AFS,1,0,,,2999,1
lever_baseline,unknown,123,reck1zKeCssmN82Ga,1,1,,,1524,1
lever_baseline,unknown,123,recPL4ZPpVYxgMu57,1,1,,,884,1
lever_baseline,unknown,123,recWzUUYBN0NuXO2k,1,1,,,1508,1
lever_baseline,unknown,123,recqGD3fxPCI59vPQ,1,1,,,1725,1
lever_baseline,unknown,123,recZ13cwgDQf9jRd9,1,0,,,8365,1
lever_baseline,unknown,123,recRZjaElf8ft7xTq,1,1,,,2743,1
lever_baseline,unknown,123,recLrRirj7iXoB0rU,1,1,,,2483,1
lever_baseline,unknown,123,recDj2Y2BbtV02Wv5,1,0,,,16389,1
lever_baseline,unknown,123,rechtUKxC6G67H7Pr,1,1,,,1040,1
lever_baseline,unknown,123,recypVp2NmPlBKVTp,1,1,,,1000,1
lever_baseline,unknown,123,recLAgwx9vbgB5EHk,1,1,,,4785,1
lever_baseline,unknown,123,recYCMJWH7IpcdqwE,1,1,,,3968,1
lever_baseline,unknown,123,rec32C1ZEapBnCC0E,1,1,,,1883,1
lever_baseline,unknown,123,reckYqR92oJkqJXkE,1,1,,,1085,1
lever_baseline,unknown,123,recihePFulRgNKsIn,1,0,,,1080,1
lever_baseline,unknown,123,recINGR1z01Fh1Z3A,1,1,,,1546,1
lever_baseline,unknown,123,rec1oj2DveQWl9Rpw,1,1,,,2546,1
lever_baseline,unknown,123,recn3NhOhqAPLda16,1,1,,,3440,1
lever_baseline,unknown,123,recb80OwMgNnceA9t,1,1,,,10806,1
lever_baseline,unknown,123,recnawZPumSCLMVgp,1,1,,,15826,1
lever_baseline,unknown,7,recoiTJPGUmzAkief,1,1,,,1556,1
lever_baseline,unknown,7,recz3MfYHPRhsEQkW,1,1,,,1778,1
lever_baseline,unknown,7,recrHBEJJoDTV05JR,1,1,,,2819,1
lever_baseline,unknown,7,recooG6bivTUJpDBz,1,1,,,3222,1
lever_baseline,unknown,7,rec527dNeEtWJrYNl,1,1,,,1781,1
lever_baseline,unknown,7,recYt8xx80OTyDsL0,1,1,,,879,1
lever_baseline,unknown,7,rec0yTRmO1o1xCA6H,1,1,,,1591,1
lever_baseline,unknown,7,recmwwQJnx7ll7bqL,1,1,,,1495,1
lever_baseline,unknown,7,recFaL6j8UMhutXrc,1,1,,,3084,1
lever_baseline,unknown,7,rec2UlKqC6RFHdcro,1,1,,,1947,1
lever_baseline,unknown,7,recD8oX1KevFbl7bL,1,1,,,2070,1
lever_baseline,unknown,7,recBXlqrZUCR897It,1,1,,,2141,1
lever_baseline,unknown,7,reczUoM8JsxU6pYxr,1,1,,,3376,1
lever_baseline,unknown,7,recOvqPKUtyy9ISA1,1,0,,,8908,1
lever_baseline,unknown,7,recYOzCsevNz61Lyn,1,1,,,1740,1
lever_baseline,unknown,7,recDDxpS9s8cwkqfq,1,1,,,1806,1
lever_baseline,unknown,7,rec47oNPXudlTIk4y,1,1,,,3517,1
lever_baseline,unknown,7,recIMcQfaQNa6vzsT,1,1,,,2309,1
lever_baseline,unknown,7,rec0Arme2jcXQZnAW,1,1,,,1438,1
lever_baseline,unknown,7,recEmTBhx2hgw6tPQ,1,0,,,7275,1
lever_baseline,unknown,7,reck4G4xxv3YnpbtQ,1,1,,,2814,1
lever_baseline,unknown,7,reccVBrYdwsB84fGy,1,1,,,2230,1
lever_baseline,unknown,7,recS48OsU6kVadBPW,1,1,,,865,1
lever_baseline,unknown,7,rec1zl5LvaatzGhFt,1,1,,,1675,1
lever_baseline,unknown,7,recPzW1WqRnPs57D6,1,1,,,2060,1
lever_baseline,unknown,7,recPSTGXK3P39yNYT,1,1,,,1788,1
lever_baseline,unknown,7,recpki12iG9RUGrz9,1,1,,,1743,1
lever_baseline,unknown,7,recihePFulRgNKsIn,1,0,,,863,1
lever_baseline,unknown,7,recyl3usDqb7ruXJx,1,1,,,6137,1
lever_baseline,unknown,7,recRhwQwHijW0gCLo,1,1,,,2779,1
lever_baseline,unknown,7,recdya6FuYraBU5Rh,1,1,,,1922,1
lever_baseline,unknown,7,recwW1A85nfyQpReG,1,1,,,1303,1
lever_baseline,unknown,7,recjJ54TXc04enRkZ,1,1,,,5471,1
lever_baseline,unknown,7,recf6ayQmL1SxKbvW,1,0,,,889,1
lever_baseline,unknown,7,recWxGU8Q4YReJ1tb,1,0,,,6191,1
lever_baseline,unknown,7,recXsYa3i2UhGF5fe,1,1,,,1457,1
lever_baseline,unknown,7,recb80OwMgNnceA9t,1,0,,,16834,1
lever_baseline,unknown,7,recRTiyaRymerDJ4y,1,1,,,1974,1
lever_baseline,unknown,7,rec06pnAkLOr2t2mp,1,1,,,1610,1
lever_baseline,unknown,7,recHVUd2DkoKfedJZ,1,1,,,3155,1
lever_baseline,unknown,7,recAYkd96NNuNl1Ei,1,0,,,903,1
lever_baseline,unknown,7,recINSFEYLCyyd08m,1,1,,,2779,1
lever_baseline,unknown,7,recJZ3QEfRKjYw9a7,1,1,,,2435,1
lever_baseline,unknown,7,recQ8oxSY2aCwFRS8,1,1,,,3991,1
lever_baseline,unknown,7,recRZjaElf8ft7xTq,1,1,,,2015,1
lever_baseline,unknown,7,rechKl68Uc6H7vU0N,1,1,,,3103,1
lever_baseline,unknown,7,recb4cGsC6BJUCU3V,1,1,,,2013,1
lever_baseline,unknown,7,reca44yABeO2fx7UB,1,1,,,5141,1
lever_baseline,unknown,7,recvlnu8BuLmXZhSX,1,1,,,2439,1
lever_baseline,unknown,7,recxsX66ktJ1Lwt4f,1,1,,,1031,1
lever_baseline,unknown,7,recclFbsjbaiVVnnV,1,0,,,6252,1
lever_baseline,unknown,7,rectlyG9pCAAuWhoB,1,0,,,8030,1
lever_baseline,unknown,7,recMicVBcqy1xM1jq,1,1,,,2833,1
lever_baseline,unknown,7,recLrRirj7iXoB0rU,1,1,,,1902,1
lever_baseline,unknown,7,recUc29lMDBEvurYo,1,1,,,5292,1
lever_baseline,unknown,7,recReg13iV2HwJTaA,1,1,,,903,1
lever_baseline,unknown,7,rec32C1ZEapBnCC0E,1,1,,,1823,1
lever_baseline,unknown,7,recZbxrocrxh9YENH,1,1,,,2450,1
lever_baseline,unknown,7,recYCMJWH7IpcdqwE,1,1,,,12388,1
lever_baseline,unknown,7,recGFKDUd8qgz81Zl,1,1,,,2176,1
lever_baseline,unknown,7,recKv4hFyNpViUXnL,1,1,,,1924,1
lever_baseline,unknown,7,recVE8cUNHpHZIAvL,1,1,,,3125,1
lever_baseline,unknown,7,recXvQ6gWAmyakrpD,1,1,,,2530,1
lever_baseline,unknown,7,rec4L69T0Y1AS4AFS,1,0,,,3424,1
lever_baseline,unknown,7,recUBgVlkKzcRPDdK,1,0,,,3027,1
lever_baseline,unknown,7,recKm6LNWykGapmCr,1,1,,,1517,1
lever_baseline,unknown,7,recl1UtgTVKishAq4,1,1,,,6879,1
lever_baseline,unknown,7,recQiWOxhkXRz9NVE,1,0,,,4466,1
lever_baseline,unknown,7,recXsuOHRBLcyenF2,1,1,,,731,1
lever_baseline,unknown,7,recLB0EkQ54bYVhnd,1,1,,,4065,1
lever_baseline,unknown,7,recxTy0x7M6T9ikc0,1,1,,,3441,1
lever_baseline,unknown,7,recCJJOeBGERaHYax,1,1,,,2248,1
lever_baseline,unknown,7,receYQxnUBvxPcvbQ,1,1,,,2900,1
lever_baseline,unknown,7,recZWeueB7lSPR6wN,1,1,,,17948,1
lever_baseline,unknown,7,recqFDvYKKRmbnoUb,1,1,,,1056,1
lever_baseline,unknown,7,recb2M22zaD3tL6Qc,1,1,,,3909,1
lever_baseline,unknown,7,recfTlTMjZBuOducT,1,1,,,3477,1
lever_baseline,unknown,7,rec0wZvZgiz320KRs,1,1,,,1567,1
lever_baseline,unknown,7,recNu3MXkvWUzHZr9,1,1,,,2175,1
lever_baseline,unknown,7,reccOKzFNmyqeJ6ry,1,1,,,1970,1
lever_baseline,unknown,7,recKcjTwONILZqHAX,1,1,,,1136,1
lever_baseline,unknown,7,recIlghoOw5VbY4Zh,1,1,,,3589,1
lever_baseline,unknown,7,recmkvk6EFAmqyMxR,1,1,,,1252,1
lever_baseline,unknown,7,recIDiDKKrN61Auyr,1,1,,,666,1
lever_baseline,unknown,7,receo3UUzRvWCqyfA,1,1,,,1550,1
lever_baseline,unknown,7,recmI7EiLv72PxmYK,1,1,,,2541,1
lever_baseline,unknown,7,reczkBiPPNrNN49Hp,1,1,,,2178,1
lever_baseline,unknown,7,rec2ZTsqazBZ3LTWZ,1,1,,,2394,1
lever_baseline,unknown,7,recyrk6XBVwugG5u8,1,1,,,2754,1
lever_baseline_supergpqa,supergpqa,123,28940f5e66204d6d8da272c94357c949,1,0,,,1378,1
lever_baseline_supergpqa,supergpqa,123,325534796b254b3499202862368c0f5c,1,1,,,3555,1
lever_baseline_supergpqa,supergpqa,123,ea4794c5a4774d66b38264b39f2fe72d,1,1,,,2825,1
lever_baseline_supergpqa,supergpqa,123,f3dbbb1c935242e287d05399a283167a,1,0,,,2066,1
lever_baseline_supergpqa,supergpqa,123,c4f6b8482b184c0b98b6d72d00204932,1,1,,,1353,1
lever_baseline_supergpqa,supergpqa,123,3379eb264f7a44fcbb8967c1257d8ef1,1,1,,,2108,1
lever_baseline_supergpqa,supergpqa,123,a171bbfccbe24401a400031c59b4af26,1,1,,,2627,1
lever_baseline_supergpqa,supergpqa,123,cef6e3a767534afab6be3925eee3908f,1,1,,,2407,1
lever_baseline_supergpqa,supergpqa,123,e459d523e32a40e483fa37877ae37dd7,1,1,,,6987,1
lever_baseline_supergpqa,supergpqa,123,10e238c23efe47cf85d9718dfea21752,1,0,,,12733,1
lever_baseline_supergpqa,supergpqa,123,8e138fad2c6a4a5d94d6c17aa87bd47e,1,0,,,2780,1
lever_baseline_supergpqa,supergpqa,123,93fb85fa16e54fffb106e0e8b6ea0a41,1,0,,,3262,1
lever_baseline_supergpqa,supergpqa,123,9bffaf0a268949899e234cf7a4299f16,1,0,,,5159,1
lever_baseline_supergpqa,supergpqa,123,03ccb89aa12341928fc94ffc1721820d,1,1,,,2823,1
lever_baseline_supergpqa,supergpqa,123,23e717d973b547e1839a1e41467174ad,1,0,,,6847,1
lever_baseline_supergpqa,supergpqa,123,b586d22adc1340dcb0af3966063009ee,1,1,,,3540,1
lever_baseline_supergpqa,supergpqa,123,43b85949f89c4ced866cc8222329c0d5,1,1,,,1769,1
lever_baseline_supergpqa,supergpqa,123,e7ed8b4f392140368530a851521d82e0,1,0,,,3574,1
lever_baseline_supergpqa,supergpqa,123,53185f05190546179a849bb17515c3b5,1,1,,,1169,1
lever_baseline_supergpqa,supergpqa,123,27a902f1fd954aef804640412578914b,1,1,,,700,1
lever_baseline_supergpqa,supergpqa,123,937e75090a8a4e4f8dd14f6330f14ed4,1,1,,,3300,1
lever_baseline_supergpqa,supergpqa,123,345786092a354c1e90c6b2004b9d5719,1,1,,,2404,1
lever_baseline_supergpqa,supergpqa,123,4a0b44d076df4b458538e29e594ab4a8,1,1,,,2307,1
lever_baseline_supergpqa,supergpqa,123,b389bd8fda16458da390b0aeefa9328c,1,1,,,2278,1
lever_baseline_supergpqa,supergpqa,123,0798fd9db4e14572a71233e3b6e3acbd,1,0,,,3113,1
lever_baseline_supergpqa,supergpqa,123,287b698ee9404cd9bca05074a5f2e382,1,1,,,5614,1
lever_baseline_supergpqa,supergpqa,123,b3743d924802472a989b477f6b0345af,1,1,,,5117,1
lever_baseline_supergpqa,supergpqa,123,7a9df24be1fa4c2ebb1d80d46daf7203,1,1,,,2848,1
lever_baseline_supergpqa,supergpqa,123,2dc1e5336b3c4da59b7bdd773371ed9b,1,1,,,2745,1
lever_baseline_supergpqa,supergpqa,123,45337265a83048bc99fd9c20a79a4937,1,0,,,1785,1
lever_baseline_supergpqa,supergpqa,123,2e1738795281443cbc6067913cc2162b,1,1,,,7973,1
lever_baseline_supergpqa,supergpqa,123,0c5b12065dff42d386db06e43ed8b632,1,1,,,2562,1
lever_baseline_supergpqa,supergpqa,123,f36a5f7ac1104f8f976b65b4bb352cc6,1,1,,,2285,1
lever_baseline_supergpqa,supergpqa,123,f0cb01ea21ce4febb636008055080398,1,1,,,2734,1
lever_baseline_supergpqa,supergpqa,123,01eb5d6dafa04f91b785e456c88d12d7,1,0,,,1043,1
lever_baseline_supergpqa,supergpqa,123,c7d8cdb8547648f0aebb0de1e9d33105,1,1,,,3559,1
lever_baseline_supergpqa,supergpqa,123,904a4aeefbb644f684bed204a8647109,1,1,,,1200,1
lever_baseline_supergpqa,supergpqa,123,f5746a6b252a42cdb64cd25fe623a7b6,1,1,,,5154,1
lever_baseline_supergpqa,supergpqa,123,7becb6c49d3d402686a0eafc9041a91f,1,1,,,1971,1
lever_baseline_supergpqa,supergpqa,123,0619ff74bac54d10a1912900ca5901d7,1,0,,,1569,1
lever_baseline_supergpqa,supergpqa,123,405821e0aa2f42c594b673d3e1273026,1,0,,,1457,1
lever_baseline_supergpqa,supergpqa,123,abcb96943b3241f5bda9f3b6765fe5a0,1,1,,,1489,1
lever_baseline_supergpqa,supergpqa,123,5e20b93a9d8e4171836aa1e0e5320730,1,1,,,641,1
lever_baseline_supergpqa,supergpqa,123,60568684a6c7436cb002aaaae1224044,1,1,,,1984,1
lever_baseline_supergpqa,supergpqa,123,48de38a79dd148da89ca4bf92c8bddd1,1,1,,,808,1
lever_baseline_supergpqa,supergpqa,123,67737a767408432796a707a8a10d859b,1,1,,,1226,1
lever_baseline_supergpqa,supergpqa,123,f4c026d1f3e945a5a3829d02351a7560,1,1,,,1151,1
lever_baseline_supergpqa,supergpqa,123,a4c88f95e21f4fb4bcb82fb49377a5d5,1,1,,,2146,1
lever_baseline_supergpqa,supergpqa,123,5e95ac70fd304758a6bd82c6230f0ebc,1,1,,,13281,1
lever_baseline_supergpqa,supergpqa,123,d008e4e5fa3740599a6cdbb6afef7e06,1,1,,,2287,1
lever_baseline_supergpqa,supergpqa,123,505cf024c3d34a8cad5631b7c487733c,1,1,,,3233,1
lever_baseline_supergpqa,supergpqa,123,b41fbe0149264bc98901fdcaa06e84d7,1,1,,,954,1
lever_baseline_supergpqa,supergpqa,123,7cba4178aa2b47d8abd5c11113bcd92f,1,1,,,1825,1
lever_baseline_supergpqa,supergpqa,123,3f8989b3db06466787aa75da59bd29f5,1,0,,,2448,1
lever_baseline_supergpqa,supergpqa,123,00f8026cfff64ca1b556ed8e3ee5084b,1,1,,,1917,1
lever_baseline_supergpqa,supergpqa,123,a4d720c59e7844a792c74c8f11f39f32,1,0,,,3903,1
lever_baseline_supergpqa,supergpqa,123,3c4c69c60cc840138881e84e7dfc53c2,1,0,,,1563,1
lever_baseline_supergpqa,supergpqa,123,4284e998fada4c82963c98155b243a6d,1,0,,,7080,1
lever_baseline_supergpqa,supergpqa,123,1bc58f1386a149d9978e41488ed96e44,1,1,,,2087,1
lever_baseline_supergpqa,supergpqa,123,7753d398f364454d84d42d1d81b3537b,1,1,,,2442,1
lever_baseline_supergpqa,supergpqa,123,19216cc8085c4e9089ba5d9e765fc373,1,1,,,914,1
lever_baseline_supergpqa,supergpqa,123,d99bd9be83bd49ea8a9da3bf863bbd5f,1,0,,,3312,1
lever_baseline_supergpqa,supergpqa,123,88525de50e7d4b47830c6eb98c9f17d2,1,1,,,2264,1
lever_baseline_supergpqa,supergpqa,123,c134c966d6d04da0b1d6b1a268a70744,1,1,,,2383,1
lever_baseline_supergpqa,supergpqa,123,a1fe1674694645b8914102f518ba1dbd,1,1,,,1454,1
lever_baseline_supergpqa,supergpqa,123,be49b5e8f608434db1b5147ca20fb19b,1,1,,,1723,1
lever_baseline_supergpqa,supergpqa,123,e1fab0b4cf6d474bb0f67c5b31a8820a,1,1,,,2844,1
lever_baseline_supergpqa,supergpqa,123,80ecabf1688e4be3bb3f9c0181947167,1,1,,,3115,1
lever_baseline_supergpqa,supergpqa,123,e26b923888d1415f9c76de764ba146b0,1,0,,,2423,1
lever_baseline_supergpqa,supergpqa,123,b3d0389dfc294bc2a3a305710907635c,1,1,,,4747,1
lever_baseline_supergpqa,supergpqa,123,c417a559e8b44c698489454d49cfc72f,1,1,,,2505,1
lever_baseline_supergpqa,supergpqa,123,3fe28bc716c245ed80ddac64604a5d82,1,1,,,2209,1
lever_baseline_supergpqa,supergpqa,123,ebe13c146960463e8ea8c439076c0f1f,1,1,,,1965,1
lever_baseline_supergpqa,supergpqa,123,98273697cfe64c44b258fcf337adbd0e,1,1,,,1882,1
lever_baseline_supergpqa,supergpqa,123,64a904ae6727433ea41ef31690ba0711,1,1,,,1632,1
lever_baseline_supergpqa,supergpqa,123,24e2c4692bdf48ea9323dc867b09f891,1,1,,,1484,1
lever_baseline_supergpqa,supergpqa,123,bf42bdb404084228996458cc4ff2e9dd,1,1,,,2288,1
lever_baseline_supergpqa,supergpqa,123,9f8ccb34f3cf4eb1b8459927abbbca9c,1,0,,,6062,1
lever_baseline_supergpqa,supergpqa,123,095e4a649d634eef99b6be4b39625b09,1,1,,,2836,1
lever_baseline_supergpqa,supergpqa,123,2810b2b7944c4905b3dcb543060e32c4,1,1,,,929,1
lever_baseline_supergpqa,supergpqa,123,e086530f5eee4ec3b687fb2ef2bf1e18,1,0,,,1137,1
lever_baseline_supergpqa,supergpqa,123,ca835c9753b3495881d157093a494969,1,1,,,1857,1
lever_baseline_supergpqa,supergpqa,123,1f3d33e572a44b1681f2a328042e2218,1,1,,,2302,1
lever_baseline_supergpqa,supergpqa,123,90295a93faf14a3fb0a9a42dc7a54ee0,1,1,,,3929,1
lever_baseline_supergpqa,supergpqa,123,afe0ed4d48c54836b7c7290a88c48c6a,1,1,,,8740,1
lever_baseline_supergpqa,supergpqa,123,1d20f67dc3f848e791ee5d1ea58acba2,1,0,,,4093,1
lever_baseline_supergpqa,supergpqa,42,5b3ba5d082c74528ab9c60a12e0e3614,1,1,,,1347,1
lever_baseline_supergpqa,supergpqa,42,e313bac23c0a44a09b34da5cda7a7a5a,1,1,,,2040,1
lever_baseline_supergpqa,supergpqa,42,454028b0c0884f4192d16081e358d436,1,1,,,1923,1
lever_baseline_supergpqa,supergpqa,42,4e711f17db254dd4953606570f0cc7a7,1,0,,,5873,1
lever_baseline_supergpqa,supergpqa,42,917d14354e104597ab763b7c98ec5098,1,1,,,2312,1
lever_baseline_supergpqa,supergpqa,42,f3dbbb1c935242e287d05399a283167a,1,0,,,1516,1
lever_baseline_supergpqa,supergpqa,42,bf79c60db17b4207957d40a5ada06a76,1,1,,,948,1
lever_baseline_supergpqa,supergpqa,42,21de236f15e846ecaac90b5464aa6751,1,1,,,2824,1
lever_baseline_supergpqa,supergpqa,42,4e8a3894e41f4ca291c7b9d40a6bbe41,1,0,,,4731,1
lever_baseline_supergpqa,supergpqa,42,28b8e9105db04b8b9d3a7e2f6aedff5c,1,1,,,1963,1
lever_baseline_supergpqa,supergpqa,42,ef085846d5e74e358456de0a96fc049b,1,1,,,1987,1
lever_baseline_supergpqa,supergpqa,42,3aa8040fa0174d9ebee38e9a1f196d26,1,1,,,3293,1
lever_baseline_supergpqa,supergpqa,42,10306739cc6f4b94afa3336c48376be7,1,1,,,2618,1
lever_baseline_supergpqa,supergpqa,42,e78c81f946704e8ab0fb15182b6f8f68,1,1,,,2290,1
lever_baseline_supergpqa,supergpqa,42,21c8296790dc44c3b47308fe139b1378,1,1,,,4196,1
lever_baseline_supergpqa,supergpqa,42,f99d0c2438e347088abece7d58f4e3cc,1,0,,,3343,1
lever_baseline_supergpqa,supergpqa,42,8920a6411ede4a54af86c8ec5be736bd,1,1,,,3501,1
lever_baseline_supergpqa,supergpqa,42,c0aff61a5b0243628fe8d3684305f4cb,1,1,,,1114,1
lever_baseline_supergpqa,supergpqa,42,fc86b86189fa4145bfc49c741a7d8387,1,1,,,1940,1
lever_baseline_supergpqa,supergpqa,42,d3c2c6065bd540298bc50e5c2786cfd7,1,1,,,10373,1
lever_baseline_supergpqa,supergpqa,42,a7a3dc6d5b5b4d37a32c2839833a4d6c,1,1,,,10668,1
lever_baseline_supergpqa,supergpqa,42,2613e2e31a7f45d9bd02d6c09fdc898c,1,1,,,2295,1
lever_baseline_supergpqa,supergpqa,42,cd59e82f9198404fad3b5e494c032544,1,1,,,3881,1
lever_baseline_supergpqa,supergpqa,42,644c9b34ba504b098e1f27a5343df847,1,1,,,14078,1
lever_baseline_supergpqa,supergpqa,42,20fff2a5feb746d5a6614e360c9bec7d,1,1,,,1535,1
lever_baseline_supergpqa,supergpqa,42,469ab0b1358b48019d3a8f218edbf379,1,0,,,1184,1
lever_baseline_supergpqa,supergpqa,42,1e6267aed56a4fba91a50215560a698b,1,1,,,3181,1
lever_baseline_supergpqa,supergpqa,42,1948e331b8ba410b9717275eff8958ed,1,1,,,3189,1
lever_baseline_supergpqa,supergpqa,42,f4e38f53765c4c249769703d0ba24b3d,1,0,,,10711,1
lever_baseline_supergpqa,supergpqa,42,562abaf94b0e4999a6a2b27104ef8297,1,1,,,2658,1
lever_baseline_supergpqa,supergpqa,42,54feae1e9cf54ae985fc5b07a79d864d,1,1,,,2004,1
lever_baseline_supergpqa,supergpqa,42,8cb1a3d68036488689cc6279ff47fd5a,1,0,,,2464,1
lever_baseline_supergpqa,supergpqa,42,396c4ac5d5784036865383281513d239,1,0,,,10177,1
lever_baseline_supergpqa,supergpqa,42,a782760c647f4ed8b56277449bbec5fa,1,1,,,2031,1
lever_baseline_supergpqa,supergpqa,42,1b5146ef461741a1a68490564550fce3,1,1,,,8871,1
lever_baseline_supergpqa,supergpqa,42,468c654c940f438dafebc19b7ab77b1a,1,1,,,2085,1
lever_baseline_supergpqa,supergpqa,42,a90f5627afb840dcb32c78b91d72bb9d,1,1,,,5536,1
lever_baseline_supergpqa,supergpqa,42,8c05de6e528f4219a5ca0f2c4d0ad747,1,1,,,3794,1
lever_baseline_supergpqa,supergpqa,42,624ccf3cf3e144ccbe8f18ec921d686a,1,1,,,2309,1
lever_baseline_supergpqa,supergpqa,42,9be741c434a348ef9eed758bb0b69347,1,1,,,4391,1
lever_baseline_supergpqa,supergpqa,42,bba0149a0e4e4fb2b289442bc74883ee,1,1,,,1664,1
lever_baseline_supergpqa,supergpqa,42,09f8f51f6b3b41d6b53b58f8232dfc20,1,0,,,824,1
lever_baseline_supergpqa,supergpqa,42,f94991ad92ec4a2793686b5fc3b6f5d1,1,1,,,2502,1
lever_baseline_supergpqa,supergpqa,42,20ef016bd2514deeb9fc7667952dfb58,1,1,,,4141,1
lever_baseline_supergpqa,supergpqa,42,42432d79d0af4c2fa1612e6ca53f2882,1,1,,,1786,1
lever_baseline_supergpqa,supergpqa,42,4da750a1226341988c648c97d601821e,1,1,,,2448,1
lever_baseline_supergpqa,supergpqa,42,b0c962e65001442ea12ea33cf2ab3c25,1,1,,,7295,1
lever_baseline_supergpqa,supergpqa,42,8015afe9ebfa45388f4c8ec8d990e431,1,1,,,1524,1
lever_baseline_supergpqa,supergpqa,42,bb5212d584224509ab73a3304e906859,1,1,,,1352,1
lever_baseline_supergpqa,supergpqa,42,e015103613d84a6489a1867aa85f4f65,1,1,,,3974,1
lever_baseline_supergpqa,supergpqa,42,9149453edaf0461db9a37d0816015e3a,1,1,,,1568,1
lever_baseline_supergpqa,supergpqa,42,f7a2f5fbb748428baff111afe4464ab5,1,1,,,2400,1
lever_baseline_supergpqa,supergpqa,42,e4650932081741f68c95ce460a1cb60b,1,1,,,2149,1
lever_baseline_supergpqa,supergpqa,42,73a3ff299dc040ad8e5ac743c66a1050,1,1,,,2585,1
lever_baseline_supergpqa,supergpqa,42,06eb007eee9f4e29a75bb5537d94bfba,1,1,,,1388,1
lever_baseline_supergpqa,supergpqa,42,64a792c9306c4d659f4796d4abed795a,1,1,,,1792,1
lever_baseline_supergpqa,supergpqa,42,983cda51b83847a8bf05440abd38e194,1,1,,,1115,1
lever_baseline_supergpqa,supergpqa,42,438f43de355a46e982a21abda8d4f152,1,0,,,1222,1
lever_baseline_supergpqa,supergpqa,42,ca2b68f8198e4c41befc4a3ceee1a9bc,1,1,,,2357,1
lever_baseline_supergpqa,supergpqa,42,e8f3f3605af14100a15b8c0a8c2f89fa,1,1,,,1697,1
lever_baseline_supergpqa,supergpqa,42,fb9042d1b91d4037b436629fccc2e322,1,1,,,1148,1
lever_baseline_supergpqa,supergpqa,42,89c81fa5104e4d2580f05c3dc32fa11d,1,1,,,2974,1
lever_baseline_supergpqa,supergpqa,42,23ad44902ff945798a7ff404a3bb98d3,1,0,,,3886,1
lever_baseline_supergpqa,supergpqa,42,446a334636724901bdafdaa3501bbb49,1,1,,,1701,1
lever_baseline_supergpqa,supergpqa,42,5cf02070572d4b8da047af4b587897e1,1,1,,,6643,1
lever_baseline_supergpqa,supergpqa,42,a596b66d08484915a5c1996add9b104d,1,0,,,1993,1
lever_baseline_supergpqa,supergpqa,42,9706c4ed64d346bdb4326a3951d46dbf,1,1,,,1280,1
lever_baseline_supergpqa,supergpqa,42,325534796b254b3499202862368c0f5c,1,1,,,2165,1
lever_baseline_supergpqa,supergpqa,42,d8f80bece1864043a27ed1179ff8fe9f,1,1,,,1335,1
lever_baseline_supergpqa,supergpqa,42,14e7a5802c464cfc9e28aafee9fdfd42,1,0,,,2262,1
lever_baseline_supergpqa,supergpqa,42,980ca009cc1f4003b4647f0a9bb0289c,1,1,,,2509,1
lever_baseline_supergpqa,supergpqa,42,b4824b77747748cf8486b9e948899ef8,1,1,,,1577,1
lever_baseline_supergpqa,supergpqa,42,e1b314d091334b5dbc93a0053e1313d5,1,1,,,2467,1
lever_baseline_supergpqa,supergpqa,42,095ff35b087e416f9a2797a86611b4c2,1,0,,,2939,1
lever_baseline_supergpqa,supergpqa,42,c83eb03cf4be49dcb0b470fb5da66009,1,1,,,3123,1
lever_baseline_supergpqa,supergpqa,42,02606f10da9b4a91a734948a2f8f8cab,1,1,,,737,1
lever_baseline_supergpqa,supergpqa,42,b278c269529d444e97014e86de71b135,1,1,,,2363,1
lever_baseline_supergpqa,supergpqa,42,fed1780eaf1f42a09ea63e89e1d18a41,1,0,,,1486,1
lever_baseline_supergpqa,supergpqa,42,30ca59713f1b4dc8a6f9e2be9261e168,1,1,,,2251,1
lever_baseline_supergpqa,supergpqa,42,f67699a734ca477eb153ad6d4f7f30e0,1,1,,,5607,1
lever_baseline_supergpqa,supergpqa,42,16b1ffdff66c4c48ac0b5d2209a5af64,1,1,,,1414,1
lever_baseline_supergpqa,supergpqa,42,2ee372f987304fe882e13238d4c6925e,1,0,,,1428,1
lever_baseline_supergpqa,supergpqa,42,1bd477364f034265bdfe60d0b00b219a,1,1,,,5226,1
lever_baseline_supergpqa,supergpqa,42,a909c0719f3e43b1a44afdbedc66cf68,1,1,,,955,1
lever_baseline_supergpqa,supergpqa,42,3a1dc503ec92489c8b0dcbcf77e5b7ea,1,1,,,1270,1
lever_baseline_supergpqa,supergpqa,42,8de4e96a88f546c78038f13b06b2a747,1,1,,,3827,1
lever_baseline_supergpqa,supergpqa,42,68a4b9f37a0a432886fe2c90c0c90466,1,1,,,2447,1
lever_baseline_supergpqa,supergpqa,42,4817837b472e4795aa76b5e9b2dc1cc2,1,1,,,2811,1
lever_baseline_supergpqa,supergpqa,7,811c704287184f8fa520358dc0ea2493,1,0,,,1701,1
lever_baseline_supergpqa,supergpqa,7,8a331a10506a4ff6b543fc5b2ac2502f,1,1,,,1940,1
lever_baseline_supergpqa,supergpqa,7,b389bd8fda16458da390b0aeefa9328c,1,1,,,2150,1
lever_baseline_supergpqa,supergpqa,7,b278c269529d444e97014e86de71b135,1,1,,,3062,1
lever_baseline_supergpqa,supergpqa,7,a14c016f261f4b46a1f62c1a4096bd86,1,1,,,1916,1
lever_baseline_supergpqa,supergpqa,7,a63462f4ff9e44289d3c9e4a91314250,1,1,,,826,1
lever_baseline_supergpqa,supergpqa,7,749c18edf45840fca90d356bbed0fe5b,1,1,,,3361,1
lever_baseline_supergpqa,supergpqa,7,4068f6cb89214b0a86c16c2497caeb6e,1,1,,,1761,1
lever_baseline_supergpqa,supergpqa,7,c9aaec36dd7d48d0b90c34c9955bdf1b,1,1,,,2316,1
lever_baseline_supergpqa,supergpqa,7,2ee8b1af76f04527a574124df6476a8d,1,1,,,1875,1
lever_baseline_supergpqa,supergpqa,7,cb1f3d75e5a9402a9bb7755b6f6a029c,1,1,,,1958,1
lever_baseline_supergpqa,supergpqa,7,b68e89ad898246c4bc116ff4d353e4b9,1,0,,,5633,1
lever_baseline_supergpqa,supergpqa,7,ff414ca699a74f7484650a3595512055,1,1,,,895,1
lever_baseline_supergpqa,supergpqa,7,843e623807884c63a38376e9bd6d6f14,1,0,,,8800,1
lever_baseline_supergpqa,supergpqa,7,5d4e9507100c48c89db59015820c6059,1,1,,,1797,1
lever_baseline_supergpqa,supergpqa,7,7c20fd3e214f4e438614b091fccce433,1,1,,,1437,1
lever_baseline_supergpqa,supergpqa,7,711025f0562b41118c0c383afdc77215,1,1,,,3028,1
lever_baseline_supergpqa,supergpqa,7,32d56386e78f4e16bfe38d9ea73fd02a,1,1,,,2480,1
lever_baseline_supergpqa,supergpqa,7,d0fe7c1a74314662ac5ed5f2538e7b13,1,0,,,692,1
lever_baseline_supergpqa,supergpqa,7,2cf2296143904690a6c6f376236839d2,1,1,,,7307,1
lever_baseline_supergpqa,supergpqa,7,2499f7cec22b4bda8f96d061a1fae7af,1,1,,,9646,1
lever_baseline_supergpqa,supergpqa,7,077aea7da31e4b94886be9713580db0d,1,1,,,1643,1
lever_baseline_supergpqa,supergpqa,7,413f8d70916547989ed51d1116a4551a,1,1,,,2281,1
lever_baseline_supergpqa,supergpqa,7,24b548b324684a8490d46d476bde792c,1,1,,,5939,1
lever_baseline_supergpqa,supergpqa,7,8fb8ca1cd7114cd8b8dcad3953f68a44,1,1,,,5731,1
lever_baseline_supergpqa,supergpqa,7,facd6dd1e2074073adcfcac48eab3afb,1,1,,,1394,1
lever_baseline_supergpqa,supergpqa,7,5f0bde5deeae40a88762eea520849455,1,1,,,4152,1
lever_baseline_supergpqa,supergpqa,7,d9f3da47d50840a79c51096169d25583,1,1,,,3394,1
lever_baseline_supergpqa,supergpqa,7,10f542902dfa44d795fba244e7f1a69c,1,0,,,2541,1
lever_baseline_supergpqa,supergpqa,7,de43b1c48f7b410695b2a4daf5fe3f31,1,1,,,2518,1
lever_baseline_supergpqa,supergpqa,7,fc9a01ab2a2344cabfe9c2bd94be487f,1,1,,,1643,1
lever_baseline_supergpqa,supergpqa,7,05edf34d21464999ad82c54bad66a005,1,1,,,2223,1
lever_baseline_supergpqa,supergpqa,7,5cbfbf1108434eca91c070d1ed1c0bc6,1,1,,,2164,1
lever_baseline_supergpqa,supergpqa,7,f8e740921e964dfc9922e08b7f5e815b,1,1,,,1849,1
lever_baseline_supergpqa,supergpqa,7,920d5a4aae764dc8962d36ff4d95710a,1,0,,,9096,1
lever_baseline_supergpqa,supergpqa,7,8f9ae9b94a0a4e66ab56225f7a356fd1,1,1,,,5476,1
lever_baseline_supergpqa,supergpqa,7,ccbff2992c7f49c48a8fe254e1fff783,1,1,,,3178,1
lever_baseline_supergpqa,supergpqa,7,5fe6a509598c4dd5aec2c8f7abc0d259,1,1,,,2219,1
lever_baseline_supergpqa,supergpqa,7,fa49b578c45543d8847bac91a1e14045,1,1,,,4212,1
lever_baseline_supergpqa,supergpqa,7,b81111afa517415f8f5b91a17ac991ce,1,1,,,1658,1
lever_baseline_supergpqa,supergpqa,7,ea9364829af04d188546f8d369483d46,1,1,,,5783,1
lever_baseline_supergpqa,supergpqa,7,bfba15ab92174bf5b537cadc675dafdb,1,1,,,1618,1
lever_baseline_supergpqa,supergpqa,7,1d1666032573496f84efe333d572f1e2,1,1,,,2653,1
lever_baseline_supergpqa,supergpqa,7,0a3895b8a5cc4239a2a6e96c1289011d,1,1,,,8405,1
lever_baseline_supergpqa,supergpqa,7,2789bb6861f94992954c4df00ec8e656,1,0,,,4019,1
lever_baseline_supergpqa,supergpqa,7,93218c202d734e8cacaa4dff4cd9a761,1,1,,,3159,1
lever_baseline_supergpqa,supergpqa,7,fe7c522a688a4b3c952b4ae95a5d1ae8,1,0,,,7206,1
lever_baseline_supergpqa,supergpqa,7,2e1d297065d247068eaa68f6585f9764,1,0,,,2033,1
lever_baseline_supergpqa,supergpqa,7,e301bd85789b4c4fa02b60e3dba62e5c,1,0,,,7908,1
lever_baseline_supergpqa,supergpqa,7,4cd0be5521844b3781d88e8a29433b39,1,1,,,1448,1
lever_baseline_supergpqa,supergpqa,7,e020184788314d25a2ea1828d568538a,1,1,,,1858,1
lever_baseline_supergpqa,supergpqa,7,18aa367ae47744199ba63308b5c581bf,1,1,,,2058,1
lever_baseline_supergpqa,supergpqa,7,492ac21c1ff94ba49de684cfb6527930,1,1,,,1136,1
lever_baseline_supergpqa,supergpqa,7,12a6d09d1179401498c2cae7d2d886a8,1,1,,,2294,1
lever_baseline_supergpqa,supergpqa,7,54bfc8311916428a8f2a43c17ca17c7a,1,1,,,1370,1
lever_baseline_supergpqa,supergpqa,7,01ac3e46a5f04c48b3ad3d21e7a8eacd,1,0,,,1923,1
lever_baseline_supergpqa,supergpqa,7,abf7231db16a4ccfa58e0973e98e91c1,1,0,,,2616,1
lever_baseline_supergpqa,supergpqa,7,a9ab2cd572f04f88b629deb59e486adf,1,1,,,1523,1
lever_baseline_supergpqa,supergpqa,7,e8e40ae579384b51b006d7d50d8d039d,1,1,,,1600,1
lever_baseline_supergpqa,supergpqa,7,515b67c43f064c15bb0154d546f88277,1,1,,,3489,1
lever_baseline_supergpqa,supergpqa,7,d7f9b5a785a94530a9e737656ec0dcaa,1,1,,,2699,1
lever_baseline_supergpqa,supergpqa,7,9da468facb58464982465242468c9a13,1,1,,,2842,1
lever_baseline_supergpqa,supergpqa,7,933f999d89984b4ea9c59bffad3405ef,1,1,,,1125,1
lever_baseline_supergpqa,supergpqa,7,8aca8b27a1674720bcb8271a46213d95,1,0,,,4071,1
lever_baseline_supergpqa,supergpqa,7,c4f6b8482b184c0b98b6d72d00204932,1,1,,,1589,1
lever_baseline_supergpqa,supergpqa,7,9ae52f5b63d9459a833c6e10c0539a4d,1,0,,,4481,1
lever_baseline_supergpqa,supergpqa,7,6b347be4d8ba43e2b425fd504ad16f4c,1,1,,,1461,1
lever_baseline_supergpqa,supergpqa,7,4f85b84235914d259dbdd8931be5d3a9,1,1,,,2343,1
lever_baseline_supergpqa,supergpqa,7,f1c5fbceb2124a8bb11963f76c8771b3,1,1,,,2003,1
lever_baseline_supergpqa,supergpqa,7,5272de2f504946d1beff3dbb51bea3f3,1,1,,,5504,1
lever_baseline_supergpqa,supergpqa,7,7a71c086988a45f6823dbb8748e89f66,1,1,,,6027,1
lever_baseline_supergpqa,supergpqa,7,b06afc3997974662986e009c41226c9c,1,1,,,2188,1
lever_baseline_supergpqa,supergpqa,7,a462a6fe458b4b6e8b609cf0ef896b52,1,1,,,9266,1
lever_baseline_supergpqa,supergpqa,7,080a910849bd4aae8dbdeb3d7a6e835b,1,0,,,14214,1
lever_baseline_supergpqa,supergpqa,7,e286dac07362459cb41b0c9adca02747,1,1,,,1920,1
lever_baseline_supergpqa,supergpqa,7,a9f34192579d4f448b378d733eb8d3bf,1,0,,,1322,1
lever_baseline_supergpqa,supergpqa,7,3f48e266da744ae6b9e99e762b67954f,1,1,,,2722,1
lever_baseline_supergpqa,supergpqa,7,2811febd3e9a4348a352c0c2b33ee464,1,0,,,1557,1
lever_baseline_supergpqa,supergpqa,7,776b536a60e241f2b75b94accc6dff2c,1,1,,,17009,1
lever_baseline_supergpqa,supergpqa,7,0e4c4ac2694d4b88b43bf6bbd6f4c356,1,1,,,2381,1
lever_baseline_supergpqa,supergpqa,7,9b67dac06fc448afa19a33728a469cec,1,1,,,1244,1
lever_baseline_supergpqa,supergpqa,7,8c293442d9444277866f493968187325,1,1,,,3449,1
lever_baseline_supergpqa,supergpqa,7,15e29ed7c9d1459484348074abe10661,1,1,,,3803,1
lever_baseline_supergpqa,supergpqa,7,ec301d7b596f4f45afef08dc4448910c,1,1,,,2188,1
lever_baseline_supergpqa,supergpqa,7,1b003811eaf443e492e6717fa934b15b,1,0,,,5907,1
lever_baseline_supergpqa,supergpqa,7,f9d8f390f4c348838f3d42e5c15fbb24,1,0,,,2677,1
lever_baseline_supergpqa,supergpqa,7,2761d3d5298f4a4a8b52db20fc0343cb,1,1,,,6796,1
lever_baseline_supergpqa,supergpqa,7,620f491d9a9542fca57a62d2799d97a6,1,1,,,11030,1
lever_chem_flagship_gate_gpqa,gpqa,777,recJJcOHhFeSaRpl4,1,1,0,1,5848,4
lever_chem_flagship_gate_gpqa,gpqa,777,rec0yTRmO1o1xCA6H,1,0,0,1,1863,4
lever_chem_flagship_gate_gpqa,gpqa,777,recn3NhOhqAPLda16,1,1,0,1,8572,4
lever_chem_flagship_gate_gpqa,gpqa,777,recnjViFrqlZNL3fY,1,1,1,1,10117,8
lever_chem_flagship_gate_gpqa,gpqa,777,recNAiPUKOulQbKVP,1,0,0,1,1636,4
lever_chem_flagship_gate_gpqa,gpqa,777,recqGD3fxPCI59vPQ,1,1,1,0,12200,7
lever_chem_flagship_gate_gpqa,gpqa,777,rec2ZTsqazBZ3LTWZ,1,1,1,1,15384,7
lever_chem_flagship_gate_gpqa,gpqa,777,reczkBiPPNrNN49Hp,1,1,0,1,5355,4
lever_chem_flagship_gate_gpqa,gpqa,777,rec5eA17Qr1ucNLUf,1,1,1,0,13074,7
lever_chem_flagship_gate_gpqa,gpqa,777,recZdZxsN0AxDx0pB,1,1,1,0,12452,7
lever_chem_flagship_gate_gpqa,gpqa,777,reckEnrOPFT9Ru7tW,1,1,0,1,8104,4
lever_chem_flagship_gate_gpqa,gpqa,777,recD8oX1KevFbl7bL,1,1,1,0,23447,7
lever_chem_flagship_gate_gpqa,gpqa,777,reco8WSc71p8zAv4q,1,1,1,0,27381,6
lever_chem_flagship_gate_gpqa,gpqa,777,recihePFulRgNKsIn,1,0,0,1,5095,4
lever_chem_flagship_gate_gpqa,gpqa,777,recqFDvYKKRmbnoUb,1,1,0,1,2944,4
lever_chem_flagship_gate_gpqa,gpqa,777,recdya6FuYraBU5Rh,1,1,1,0,10669,7
lever_chem_flagship_gate_gpqa,gpqa,777,rec32C1ZEapBnCC0E,1,1,1,0,13308,7
lever_chem_flagship_gate_gpqa,gpqa,777,reccVFW11Elovnf8T,1,1,1,1,17130,7
lever_chem_flagship_gate_gpqa,gpqa,777,recWXwn9v4IG9ZrM6,1,1,0,1,2521,4
lever_chem_flagship_gate_gpqa,gpqa,777,reczQ4I0VpENdMtIj,1,1,1,0,7398,6
lever_chem_flagship_gate_gpqa,gpqa,777,recRZjaElf8ft7xTq,1,1,1,0,8066,7
lever_chem_flagship_gate_gpqa,gpqa,777,rec527dNeEtWJrYNl,1,1,1,1,7341,7
lever_chem_flagship_gate_gpqa,gpqa,777,recgI6tUQ7RLJRWGx,1,1,0,1,3506,4
lever_chem_flagship_gate_gpqa,gpqa,777,recjgMJaMxz4ESDF2,1,1,0,1,5649,4
lever_chem_flagship_gate_gpqa,gpqa,777,recBXlqrZUCR897It,1,1,0,1,8389,4
lever_chem_flagship_gate_gpqa,gpqa,777,recZbxrocrxh9YENH,1,1,1,1,18622,8
lever_chem_flagship_gate_gpqa,gpqa,777,recoy9ZLBsc7HIRBy,1,1,1,0,11948,7
lever_chem_flagship_gate_gpqa,gpqa,777,rec4UqStf9WUVif1f,1,1,1,1,9237,8
lever_chem_flagship_gate_gpqa,gpqa,777,recAAJoHMW45Lv5je,1,1,0,1,8743,4
lever_chem_flagship_gate_gpqa,gpqa,777,recIIUynGGpsGEYuo,1,1,1,0,5477,7
lever_chem_flagship_gate_gpqa,gpqa,777,recfTlTMjZBuOducT,1,1,0,1,8663,4
lever_chem_flagship_gate_gpqa,gpqa,777,recv7GsQg3f0fvB1f,1,1,0,1,2427,4
lever_chem_flagship_gate_gpqa,gpqa,777,rec6sE2CRtD4drtHg,1,1,0,1,10371,4
lever_chem_flagship_gate_gpqa,gpqa,777,rec4JrWy7Il8ho5vk,1,1,1,0,10656,6
lever_chem_flagship_gate_gpqa,gpqa,777,rechKl68Uc6H7vU0N,1,1,0,1,14153,4
lever_chem_flagship_gate_gpqa,gpqa,777,recgM7o1tcc7tP778,1,0,0,1,9930,4
lever_chem_flagship_gate_gpqa,gpqa,777,recRgabRzMaEoBRcM,1,0,1,1,37571,7
lever_chem_flagship_gate_gpqa,gpqa,777,recPzW1WqRnPs57D6,1,1,0,1,3452,4
lever_chem_flagship_gate_gpqa,gpqa,777,recPIzpnuYpB4yvmp,1,1,1,0,19003,7
lever_chem_flagship_gate_gpqa,gpqa,777,rec9W28HgpEUeUN8k,1,1,1,1,12898,8
lever_chem_flagship_gate_gpqa,gpqa,777,recNu3MXkvWUzHZr9,1,1,0,1,7416,4
lever_chem_flagship_gate_gpqa,gpqa,777,recBhnXrUyTJ6WHIR,1,1,1,0,18467,6
lever_chem_flagship_gate_gpqa,gpqa,777,rec8nshandHARTkrg,1,1,0,1,9880,4
lever_chem_flagship_gate_gpqa,gpqa,777,recL9MFV5zmdlle5T,1,1,1,0,15350,7
lever_chem_flagship_gate_gpqa,gpqa,777,recxTy0x7M6T9ikc0,1,1,0,1,9748,4
lever_chem_flagship_gate_gpqa,gpqa,777,recUOePh79cp4T2Bg,1,0,1,0,24351,6
lever_chem_flagship_gate_gpqa,gpqa,777,recgXxEgllSGEpELP,1,1,1,0,22314,7
lever_chem_flagship_gate_gpqa,gpqa,777,recIDiDKKrN61Auyr,1,1,0,1,2846,4
lever_chem_flagship_gate_gpqa,gpqa,777,recYt8xx80OTyDsL0,1,1,0,1,1841,4
lever_chem_flagship_gate_gpqa,gpqa,777,recMicVBcqy1xM1jq,1,1,1,0,11967,7
lever_chem_flagship_gate_gpqa,gpqa,777,recINSFEYLCyyd08m,1,1,0,1,10286,4
lever_chem_flagship_gate_gpqa,gpqa,777,recUc29lMDBEvurYo,1,1,1,0,17769,7
lever_chem_flagship_gate_gpqa,gpqa,777,rectlyG9pCAAuWhoB,1,1,1,0,50160,6
lever_chem_flagship_gate_gpqa,gpqa,777,recooG6bivTUJpDBz,1,1,1,1,20898,8
lever_chem_flagship_gate_gpqa,gpqa,777,rec1zl5LvaatzGhFt,1,1,0,1,5847,4
lever_chem_flagship_gate_gpqa,gpqa,777,reck1zKeCssmN82Ga,1,1,0,1,5040,4
lever_chem_flagship_gate_gpqa,gpqa,777,rechgQucGlrnt8KRV,1,1,1,0,14637,7
lever_chem_flagship_gate_gpqa,gpqa,777,recVE8cUNHpHZIAvL,1,1,1,0,15523,7
lever_chem_flagship_gate_gpqa,gpqa,777,rec260hNUCEj109Dj,1,1,1,0,10782,7
lever_chem_flagship_gate_gpqa,gpqa,777,recgC4GJ8wUemlUQD,1,1,0,1,1477,4
lever_chem_flagship_gate_gpqa,gpqa,777,recE2ihVfqEK4R9d0,1,1,0,1,5362,4
lever_chem_flagship_gate_gpqa,gpqa,777,recS48OsU6kVadBPW,1,1,0,1,5426,4
lever_chem_flagship_gate_gpqa,gpqa,777,recZ13cwgDQf9jRd9,1,1,1,1,27670,7
lever_chem_flagship_gate_gpqa,gpqa,777,rec1oj2DveQWl9Rpw,1,0,0,1,4568,4
lever_chem_flagship_gate_gpqa,gpqa,777,recrs0kUo7Ua1xhKO,1,1,0,1,2358,4
lever_chem_flagship_gate_gpqa,gpqa,777,recI1ls9OXdxatHQn,1,1,0,1,5741,4
lever_chem_flagship_gate_gpqa,gpqa,777,recixxJmdux0d8LZQ,1,1,0,1,6348,4
lever_chem_flagship_gate_gpqa,gpqa,777,recIMcQfaQNa6vzsT,1,1,1,0,11990,7
lever_chem_flagship_gate_gpqa,gpqa,777,rec9GugrngvsQR99A,1,1,0,1,5314,4
lever_chem_flagship_gate_gpqa,gpqa,777,rec7qmSnbud4FHSqL,1,0,1,0,16700,7
lever_chem_flagship_gate_gpqa,gpqa,777,recPSTGXK3P39yNYT,1,1,0,1,4293,4
lever_chem_flagship_gate_gpqa,gpqa,777,recO3hvCWRGiG0odN,1,1,0,1,10039,4
lever_chem_flagship_gate_gpqa,gpqa,777,recaXdGn3FAIkxLGM,1,1,1,0,10169,7
lever_chem_flagship_gate_gpqa,gpqa,777,recakFKZioXUuldcd,1,1,0,1,8798,4
lever_chem_flagship_gate_gpqa,gpqa,777,recZt4x514UQNnsgy,1,1,1,0,25409,6
lever_chem_flagship_gate_gpqa,gpqa,777,recKm6LNWykGapmCr,1,1,0,1,2385,4
lever_chem_flagship_gate_gpqa,gpqa,777,reck4G4xxv3YnpbtQ,1,0,0,1,9372,4
lever_chem_flagship_gate_gpqa,gpqa,777,recGFKDUd8qgz81Zl,1,1,1,0,10141,7
lever_chem_flagship_gate_gpqa,gpqa,777,recyPffUDqC2k7ZZO,1,1,0,1,7304,4
lever_chem_flagship_gate_gpqa,gpqa,777,recOYsaYs6RmtlTDy,1,1,1,0,17059,7
lever_chem_flagship_gate_gpqa,gpqa,777,rect4iLrSfUwkNTno,1,1,0,1,6426,4
lever_chem_flagship_gate_gpqa,gpqa,777,recTs7qzfJs6kfLUK,1,1,0,1,4544,4
lever_chem_flagship_gate_gpqa,gpqa,777,recyrk6XBVwugG5u8,1,1,1,0,16424,7
lever_chem_flagship_gate_gpqa,gpqa,777,recs3PLPUEMiqg4P8,1,1,0,1,14058,4
lever_chem_flagship_gate_gpqa,gpqa,777,recJZ3QEfRKjYw9a7,1,1,0,1,10427,4
lever_chem_flagship_gate_gpqa,gpqa,777,recZWeueB7lSPR6wN,1,0,0,1,9314,4
lever_chem_flagship_gate_gpqa,gpqa,777,recGFNRVl1qBZGwyU,1,1,0,1,11373,4
lever_chem_flagship_gate_gpqa,gpqa,777,recpJmTOXx6T48nDJ,1,1,1,0,14123,7
lever_chem_flagship_gate_gpqa,gpqa,888,rechtUKxC6G67H7Pr,1,1,0,1,2488,4
lever_chem_flagship_gate_gpqa,gpqa,888,recSBcGLPatKb3Ygu,1,1,0,1,3412,4
lever_chem_flagship_gate_gpqa,gpqa,888,recKm6LNWykGapmCr,1,1,1,1,8445,8
lever_chem_flagship_gate_gpqa,gpqa,888,recrNbtgTNoabJJi6,1,1,0,1,8355,4
lever_chem_flagship_gate_gpqa,gpqa,888,reczkBiPPNrNN49Hp,1,1,0,1,4576,4
lever_chem_flagship_gate_gpqa,gpqa,888,recNu3MXkvWUzHZr9,1,1,1,0,9054,7
lever_chem_flagship_gate_gpqa,gpqa,888,recLSzwBUS3olCjhl,1,1,0,1,2196,4
lever_chem_flagship_gate_gpqa,gpqa,888,rec6sE2CRtD4drtHg,1,1,0,1,10250,4
lever_chem_flagship_gate_gpqa,gpqa,888,recOvqPKUtyy9ISA1,1,1,0,1,22867,4
lever_chem_flagship_gate_gpqa,gpqa,888,recZdZxsN0AxDx0pB,1,0,1,0,12914,7
lever_chem_flagship_gate_gpqa,gpqa,888,recWxGU8Q4YReJ1tb,1,1,1,0,27566,6
lever_chem_flagship_gate_gpqa,gpqa,888,recqLRu4BcJvlSANc,1,1,0,1,1884,4
lever_chem_flagship_gate_gpqa,gpqa,888,recxsX66ktJ1Lwt4f,1,1,0,1,4608,4
lever_chem_flagship_gate_gpqa,gpqa,888,recQ8oxSY2aCwFRS8,1,1,0,1,6273,4
lever_chem_flagship_gate_gpqa,gpqa,888,recXvQ6gWAmyakrpD,1,1,0,1,8365,4
lever_chem_flagship_gate_gpqa,gpqa,888,recCJJOeBGERaHYax,1,1,1,0,33638,6
lever_chem_flagship_gate_gpqa,gpqa,888,recK9F5aqdaybl8bb,1,1,0,1,27774,4
lever_chem_flagship_gate_gpqa,gpqa,888,rec06pnAkLOr2t2mp,1,1,0,1,3428,4
lever_chem_flagship_gate_gpqa,gpqa,888,reczzzihL7btBH7RO,1,0,1,0,15282,7
lever_chem_flagship_gate_gpqa,gpqa,888,recclFbsjbaiVVnnV,1,1,1,0,23944,6
lever_chem_flagship_gate_gpqa,gpqa,888,recxTy0x7M6T9ikc0,1,1,0,1,9873,4
lever_chem_flagship_gate_gpqa,gpqa,888,receYQxnUBvxPcvbQ,1,1,0,1,5563,4
lever_chem_flagship_gate_gpqa,gpqa,888,recmI7EiLv72PxmYK,1,1,0,1,4449,4
lever_chem_flagship_gate_gpqa,gpqa,888,recPIzpnuYpB4yvmp,1,1,1,0,13006,7
lever_chem_flagship_gate_gpqa,gpqa,888,recnawZPumSCLMVgp,1,1,0,1,12920,4
lever_chem_flagship_gate_gpqa,gpqa,888,recOkA2zsy4GSMD9R,1,1,1,1,20014,8
lever_chem_flagship_gate_gpqa,gpqa,888,recBXlqrZUCR897It,1,1,0,1,8292,4
lever_chem_flagship_gate_gpqa,gpqa,888,recUOePh79cp4T2Bg,1,0,1,1,33939,7
lever_chem_flagship_gate_gpqa,gpqa,888,recE2ihVfqEK4R9d0,1,1,1,0,11711,7
lever_chem_flagship_gate_gpqa,gpqa,888,recHVUd2DkoKfedJZ,1,1,1,1,15209,8
lever_chem_flagship_gate_gpqa,gpqa,888,recFaL6j8UMhutXrc,1,1,0,1,15733,4
lever_chem_flagship_gate_gpqa,gpqa,888,recIIUynGGpsGEYuo,1,1,0,1,1861,4
lever_chem_flagship_gate_gpqa,gpqa,888,recBGxVySx1pkrO1i,1,1,0,1,8471,4
lever_chem_flagship_gate_gpqa,gpqa,888,recZ13cwgDQf9jRd9,1,0,1,0,32351,7
lever_chem_flagship_gate_gpqa,gpqa,888,recywRj5a8EEjj2Ib,1,1,0,1,3282,4
lever_chem_flagship_gate_gpqa,gpqa,888,recZSGUkn56v9kEp1,1,1,1,1,31350,8
lever_chem_flagship_gate_gpqa,gpqa,888,recL9MFV5zmdlle5T,1,1,0,1,8663,4
lever_chem_flagship_gate_gpqa,gpqa,888,rect4iLrSfUwkNTno,1,1,0,1,2376,4
lever_chem_flagship_gate_gpqa,gpqa,888,recJZ3QEfRKjYw9a7,1,1,0,1,16035,4
lever_chem_flagship_gate_gpqa,gpqa,888,recReg13iV2HwJTaA,1,1,0,1,3987,4
lever_chem_flagship_gate_gpqa,gpqa,888,recOYsaYs6RmtlTDy,1,1,1,0,15407,7
lever_chem_flagship_gate_gpqa,gpqa,888,recyrk6XBVwugG5u8,1,1,1,0,14647,7
lever_chem_flagship_gate_gpqa,gpqa,888,recDDxpS9s8cwkqfq,1,1,1,1,10628,8
lever_chem_flagship_gate_gpqa,gpqa,888,recfTlTMjZBuOducT,1,1,1,0,13129,7
lever_chem_flagship_gate_gpqa,gpqa,888,recJJcOHhFeSaRpl4,1,1,0,1,6361,4
lever_chem_flagship_gate_gpqa,gpqa,888,recnjViFrqlZNL3fY,1,1,0,1,2340,4
lever_chem_flagship_gate_gpqa,gpqa,888,recGFKDUd8qgz81Zl,1,1,1,1,9746,8
lever_chem_flagship_gate_gpqa,gpqa,888,rec47oNPXudlTIk4y,1,1,1,0,12618,6
lever_chem_flagship_gate_gpqa,gpqa,888,rec2ZTsqazBZ3LTWZ,1,1,1,1,16936,7
lever_chem_flagship_gate_gpqa,gpqa,888,recakFKZioXUuldcd,1,1,0,1,19585,4
lever_chem_flagship_gate_gpqa,gpqa,888,reco8WSc71p8zAv4q,1,1,1,0,21988,6
lever_chem_flagship_gate_gpqa,gpqa,888,recZbxrocrxh9YENH,1,1,1,0,15531,7
lever_chem_flagship_gate_gpqa,gpqa,888,recypVp2NmPlBKVTp,1,1,0,1,2035,4
lever_chem_flagship_gate_gpqa,gpqa,888,recyPffUDqC2k7ZZO,1,1,0,1,7956,4
lever_chem_flagship_gate_gpqa,gpqa,888,recBhnXrUyTJ6WHIR,1,0,1,0,17567,6
lever_chem_flagship_gate_gpqa,gpqa,888,recTs7qzfJs6kfLUK,1,1,0,1,5327,4
lever_chem_flagship_gate_gpqa,gpqa,888,rectlyG9pCAAuWhoB,1,0,1,0,37821,6
lever_chem_flagship_gate_gpqa,gpqa,888,recBtVK8rBVtIlXDq,1,1,0,1,2006,4
lever_chem_flagship_gate_gpqa,gpqa,888,recPL4ZPpVYxgMu57,1,0,1,0,11683,6
lever_chem_flagship_gate_gpqa,gpqa,888,recw4rROcnHKNZhtK,1,1,0,1,2801,4
lever_chem_flagship_gate_gpqa,gpqa,888,recpki12iG9RUGrz9,1,1,1,0,11971,7
lever_chem_flagship_gate_gpqa,gpqa,888,recIlghoOw5VbY4Zh,1,1,0,1,12763,4
lever_chem_flagship_gate_gpqa,gpqa,888,recmkvk6EFAmqyMxR,1,1,0,1,3076,4
lever_chem_flagship_gate_gpqa,gpqa,888,recA1i5ZAh0Uzclxp,1,1,0,1,9163,4
lever_chem_flagship_gate_gpqa,gpqa,888,recAAJoHMW45Lv5je,1,1,0,1,8466,4
lever_chem_flagship_gate_gpqa,gpqa,888,recoiTJPGUmzAkief,1,1,0,1,2689,4
lever_chem_flagship_gate_gpqa,gpqa,888,reczQ4I0VpENdMtIj,1,1,1,1,6915,7
lever_chem_flagship_gate_gpqa,gpqa,888,reckYqR92oJkqJXkE,1,1,1,0,9852,7
lever_chem_flagship_gate_gpqa,gpqa,888,recMicVBcqy1xM1jq,1,0,0,1,4810,4
lever_chem_flagship_gate_gpqa,gpqa,888,recpJmTOXx6T48nDJ,1,1,0,1,6939,4
lever_chem_flagship_gate_gpqa,gpqa,888,recjgMJaMxz4ESDF2,1,1,0,1,6125,4
lever_chem_flagship_gate_gpqa,gpqa,888,recG1ljJQcVy6CbSl,1,1,0,1,3009,4
lever_chem_flagship_gate_gpqa,gpqa,888,recINGR1z01Fh1Z3A,1,1,0,1,3957,4
lever_chem_flagship_gate_gpqa,gpqa,888,reckl6PkaEMWM50yZ,1,0,1,0,38607,7
lever_chem_flagship_gate_gpqa,gpqa,888,recdya6FuYraBU5Rh,1,1,1,0,15518,7
lever_chem_flagship_gate_gpqa,gpqa,888,recgC4GJ8wUemlUQD,1,1,0,1,1447,4
lever_chem_flagship_gate_gpqa,gpqa,888,recYOzCsevNz61Lyn,1,1,0,1,8081,4
lever_chem_flagship_gate_gpqa,gpqa,888,rec4r4KWNLrT7g2kR,1,1,0,1,15326,4
lever_chem_flagship_gate_gpqa,gpqa,888,recqGD3fxPCI59vPQ,1,1,0,1,7551,4
lever_chem_flagship_gate_gpqa,gpqa,888,recVvpD8miVjmmyfe,1,0,1,0,17653,7
lever_chem_flagship_gate_gpqa,gpqa,888,recLB0EkQ54bYVhnd,1,1,1,1,14003,8
lever_chem_flagship_gate_gpqa,gpqa,888,rec4UqStf9WUVif1f,1,1,1,1,7458,8
lever_chem_flagship_gate_gpqa,gpqa,888,reca44yABeO2fx7UB,1,0,1,0,38261,7
lever_chem_flagship_gate_gpqa,gpqa,888,rec8nshandHARTkrg,1,1,0,1,10044,4
lever_chem_flagship_gate_gpqa,gpqa,888,recRZjaElf8ft7xTq,1,1,1,0,8688,7
lever_chem_flagship_gate_gpqa,gpqa,888,recb4cGsC6BJUCU3V,1,1,1,1,16123,7
lever_chem_flagship_gate_gpqa,gpqa,888,recgM7o1tcc7tP778,1,1,1,1,21060,8
lever_chem_flagship_gate,unknown,555,recG1ljJQcVy6CbSl,1,1,0,1,2590,4
lever_chem_flagship_gate,unknown,555,recIOlKBsOeEcgkA1,1,1,0,1,2549,4
lever_chem_flagship_gate,unknown,555,recKv4hFyNpViUXnL,1,1,0,1,6088,4
lever_chem_flagship_gate,unknown,555,reczjcMtrB1YGS2fO,1,1,1,1,11523,8
lever_chem_flagship_gate,unknown,555,recb2M22zaD3tL6Qc,1,1,1,1,19697,7
lever_chem_flagship_gate,unknown,555,recpki12iG9RUGrz9,1,1,1,0,10320,7
lever_chem_flagship_gate,unknown,555,recAYkd96NNuNl1Ei,1,0,1,1,4498,7
lever_chem_flagship_gate,unknown,555,recVEXvhYxAhELVqB,1,1,0,1,9815,4
lever_chem_flagship_gate,unknown,555,recPzW1WqRnPs57D6,1,1,0,1,2024,4
lever_chem_flagship_gate,unknown,555,recLSzwBUS3olCjhl,1,1,0,1,2233,4
lever_chem_flagship_gate,unknown,555,rec0VuKUjt1SZ7NYv,1,1,0,1,5659,4
lever_chem_flagship_gate,unknown,555,reco8WSc71p8zAv4q,1,0,1,0,22021,6
lever_chem_flagship_gate,unknown,555,reckl6PkaEMWM50yZ,1,1,0,1,24705,4
lever_chem_flagship_gate,unknown,555,recwW1A85nfyQpReG,1,1,1,1,7733,8
lever_chem_flagship_gate,unknown,555,recyl3usDqb7ruXJx,1,1,0,1,11702,4
lever_chem_flagship_gate,unknown,555,reck4G4xxv3YnpbtQ,1,0,0,1,8389,4
lever_chem_flagship_gate,unknown,555,recRhwQwHijW0gCLo,1,1,1,1,21016,8
lever_chem_flagship_gate,unknown,555,recUOePh79cp4T2Bg,1,0,1,1,21030,7
lever_chem_flagship_gate,unknown,555,recBtVK8rBVtIlXDq,1,1,0,1,2366,4
lever_chem_flagship_gate,unknown,555,rec4r4KWNLrT7g2kR,1,1,0,1,15987,4
lever_chem_flagship_gate,unknown,555,recINGR1z01Fh1Z3A,1,1,0,1,2755,4
lever_chem_flagship_gate,unknown,555,recmkvk6EFAmqyMxR,1,1,0,1,2841,4
lever_chem_flagship_gate,unknown,555,recZdZxsN0AxDx0pB,1,0,1,1,15572,8
lever_chem_flagship_gate,unknown,555,recVE8cUNHpHZIAvL,1,1,1,0,13540,7
lever_chem_flagship_gate,unknown,555,recrHBEJJoDTV05JR,1,1,0,1,10672,4
lever_chem_flagship_gate,unknown,555,reccVBrYdwsB84fGy,1,1,1,0,14058,7
lever_chem_flagship_gate,unknown,555,recKm6LNWykGapmCr,1,1,1,1,11988,8
lever_chem_flagship_gate,unknown,555,recuYEkVjdVUwA3c0,1,1,1,0,12806,7
lever_chem_flagship_gate,unknown,555,rec9W28HgpEUeUN8k,1,1,1,0,19054,7
lever_chem_flagship_gate,unknown,555,rec32C1ZEapBnCC0E,1,1,1,0,11408,7
lever_chem_flagship_gate,unknown,555,recb4cGsC6BJUCU3V,1,1,0,1,9213,4
lever_chem_flagship_gate,unknown,555,recywRj5a8EEjj2Ib,1,1,0,1,3445,4
lever_chem_flagship_gate,unknown,555,reckEnrOPFT9Ru7tW,1,1,0,1,7824,4
lever_chem_flagship_gate,unknown,555,reczUoM8JsxU6pYxr,1,1,0,1,2843,4
lever_chem_flagship_gate,unknown,555,recgI6tUQ7RLJRWGx,1,1,0,1,2815,4
lever_chem_flagship_gate,unknown,555,recO3hvCWRGiG0odN,1,1,0,1,10638,4
lever_chem_flagship_gate,unknown,555,recD8oX1KevFbl7bL,1,1,0,1,10496,4
lever_chem_flagship_gate,unknown,555,recWPMm91mGDLXONm,1,1,1,1,11240,7
lever_chem_flagship_gate,unknown,555,recYt8xx80OTyDsL0,1,1,0,1,1749,4
lever_chem_flagship_gate,unknown,555,rec6sE2CRtD4drtHg,1,1,0,1,11015,4
lever_chem_flagship_gate,unknown,555,rec0yTRmO1o1xCA6H,1,0,0,1,1929,4
lever_chem_flagship_gate,unknown,555,recIj8lR4tuDgrHou,1,1,1,0,11507,7
lever_chem_flagship_gate,unknown,555,recNu3MXkvWUzHZr9,1,1,1,0,14400,7
lever_chem_flagship_gate,unknown,555,recNFJjE5PPTqVJGv,1,1,0,1,4128,4
lever_chem_flagship_gate,unknown,555,recafnH3RRnMBXEb1,1,1,0,1,2610,4
lever_chem_flagship_gate,unknown,555,reccVFW11Elovnf8T,1,1,1,1,14704,7
lever_chem_flagship_gate,unknown,555,recJJcOHhFeSaRpl4,1,1,0,1,5548,4
lever_chem_flagship_gate,unknown,555,reccOKzFNmyqeJ6ry,1,1,0,1,5950,4
lever_chem_flagship_gate,unknown,555,recYA3LPsCvF1fTMI,1,1,1,0,32345,6
lever_chem_flagship_gate,unknown,555,recn3NhOhqAPLda16,1,1,0,1,9615,4
lever_chem_flagship_gate,unknown,555,rechgQucGlrnt8KRV,1,1,1,0,12350,7
lever_chem_flagship_gate,unknown,555,rec0wZvZgiz320KRs,1,1,1,0,6472,7
lever_chem_flagship_gate,unknown,555,recdya6FuYraBU5Rh,1,1,1,0,12503,7
lever_chem_flagship_gate,unknown,555,recVvpD8miVjmmyfe,1,0,1,0,21819,7
lever_chem_flagship_gate,unknown,555,recL9MFV5zmdlle5T,1,1,0,1,7185,4
lever_chem_flagship_gate,unknown,555,recK9F5aqdaybl8bb,1,1,1,0,28902,6
lever_chem_flagship_gate,unknown,555,recvlnu8BuLmXZhSX,1,1,1,0,11986,7
lever_chem_flagship_gate,unknown,555,recaXdGn3FAIkxLGM,1,1,1,0,13286,7
lever_chem_flagship_gate,unknown,555,recrs0kUo7Ua1xhKO,1,1,0,1,1923,4
lever_chem_flagship_gate,unknown,555,rec260hNUCEj109Dj,1,1,0,1,4117,4
lever_chem_flagship_gate,unknown,555,recwlwlcPvXVNPmvl,1,1,0,1,2258,4
lever_chem_flagship_gate,unknown,555,recPSTGXK3P39yNYT,1,1,0,1,5086,4
lever_chem_flagship_gate,unknown,555,recclFbsjbaiVVnnV,1,1,0,1,20886,4
lever_chem_flagship_gate,unknown,555,rec4JrWy7Il8ho5vk,1,1,0,1,3821,4
lever_chem_flagship_gate,unknown,555,recyPffUDqC2k7ZZO,1,1,0,1,5798,4
lever_chem_flagship_gate,unknown,555,recr3VHM4zYf6dMFY,1,1,0,1,5365,4
lever_chem_flagship_gate,unknown,555,recZbxrocrxh9YENH,1,1,1,0,19868,7
lever_chem_flagship_gate,unknown,555,recooG6bivTUJpDBz,1,0,1,1,18134,8
lever_chem_flagship_gate,unknown,555,recnjViFrqlZNL3fY,1,1,1,0,10372,7
lever_chem_flagship_gate,unknown,555,recqFDvYKKRmbnoUb,1,1,0,1,2892,4
lever_chem_flagship_gate,unknown,555,recNuT2oSnO86bxOx,1,1,0,1,7791,4
lever_chem_flagship_gate,unknown,555,recA1i5ZAh0Uzclxp,1,1,0,1,9975,4
lever_chem_flagship_gate,unknown,555,rec4UqStf9WUVif1f,1,1,1,1,9443,8
lever_chem_flagship_gate,unknown,555,reciuppdQde4FGX1z,1,1,1,0,13276,7
lever_chem_flagship_gate,unknown,555,recv7GsQg3f0fvB1f,1,1,0,1,2926,4
lever_chem_flagship_gate,unknown,555,reczQ4I0VpENdMtIj,1,0,0,1,4685,4
lever_chem_flagship_gate,unknown,555,recl1UtgTVKishAq4,1,1,0,1,15973,4
lever_chem_flagship_gate,unknown,555,reck1zKeCssmN82Ga,1,1,0,1,4998,4
lever_chem_flagship_gate,unknown,555,recb80OwMgNnceA9t,1,1,1,0,60199,6
lever_chem_flagship_gate,unknown,555,rechKl68Uc6H7vU0N,1,1,0,1,13157,4
lever_chem_flagship_gate,unknown,555,rec5eA17Qr1ucNLUf,1,1,0,1,3601,4
lever_chem_flagship_gate,unknown,555,recJZ3QEfRKjYw9a7,1,1,0,1,10233,4
lever_chem_flagship_gate,unknown,555,rec06pnAkLOr2t2mp,1,1,0,1,2876,4
lever_chem_flagship_gate,unknown,555,recnawZPumSCLMVgp,1,1,0,1,8958,4
lever_chem_flagship_gate,unknown,555,rec9GugrngvsQR99A,1,1,0,1,5620,4
lever_chem_flagship_gate,unknown,555,recOYsaYs6RmtlTDy,1,1,1,0,20249,7
lever_chem_flagship_gate,unknown,555,recZWeueB7lSPR6wN,1,1,0,1,17899,4
lever_chem_flagship_gate,unknown,555,recFaL6j8UMhutXrc,1,1,1,0,29975,6
lever_chem_thinking_gate_gpqa,gpqa,217,rec7C06XOB2h298ue,1,1,0,1,2942,4
lever_chem_thinking_gate_gpqa,gpqa,217,recjgMJaMxz4ESDF2,1,1,0,1,5517,4
lever_chem_thinking_gate_gpqa,gpqa,217,rec2UlKqC6RFHdcro,1,1,0,1,6054,4
lever_chem_thinking_gate_gpqa,gpqa,217,recA1i5ZAh0Uzclxp,1,1,1,1,17563,7
lever_chem_thinking_gate_gpqa,gpqa,217,recL9MFV5zmdlle5T,1,1,1,0,19049,7
lever_chem_thinking_gate_gpqa,gpqa,217,recIOlKBsOeEcgkA1,1,1,0,1,3723,4
lever_chem_thinking_gate_gpqa,gpqa,217,recgC4GJ8wUemlUQD,1,1,0,1,3483,4
lever_chem_thinking_gate_gpqa,gpqa,217,recdya6FuYraBU5Rh,1,1,0,1,5530,4
lever_chem_thinking_gate_gpqa,gpqa,217,rec47oNPXudlTIk4y,1,1,1,0,21498,6
lever_chem_thinking_gate_gpqa,gpqa,217,rec5eA17Qr1ucNLUf,1,1,0,1,7542,4
lever_chem_thinking_gate_gpqa,gpqa,217,recyl3usDqb7ruXJx,1,1,1,1,21591,7
lever_chem_thinking_gate_gpqa,gpqa,217,recIDiDKKrN61Auyr,1,1,0,1,2859,4
lever_chem_thinking_gate_gpqa,gpqa,217,reczQ4I0VpENdMtIj,1,1,1,0,8747,6
lever_chem_thinking_gate_gpqa,gpqa,217,recGFNRVl1qBZGwyU,1,1,0,1,11430,4
lever_chem_thinking_gate_gpqa,gpqa,217,recRZjaElf8ft7xTq,1,1,1,0,13122,7
lever_chem_thinking_gate_gpqa,gpqa,217,recPzW1WqRnPs57D6,1,1,0,1,4515,4
lever_chem_thinking_gate_gpqa,gpqa,217,reca44yABeO2fx7UB,1,0,0,1,28032,4
lever_chem_thinking_gate_gpqa,gpqa,217,recINGR1z01Fh1Z3A,1,1,0,1,5067,4
lever_chem_thinking_gate_gpqa,gpqa,217,recKm6LNWykGapmCr,1,1,0,1,6983,4
lever_chem_thinking_gate_gpqa,gpqa,217,recBXlqrZUCR897It,1,1,0,1,8339,4
lever_chem_thinking_gate_gpqa,gpqa,217,recZSGUkn56v9kEp1,1,1,1,1,29391,8
lever_chem_thinking_gate_gpqa,gpqa,217,recb2M22zaD3tL6Qc,1,1,1,0,25672,7
lever_chem_thinking_gate_gpqa,gpqa,217,rec6sE2CRtD4drtHg,1,1,0,1,14151,4
lever_chem_thinking_gate_gpqa,gpqa,217,recgXxEgllSGEpELP,1,1,0,1,13007,4
lever_chem_thinking_gate_gpqa,gpqa,217,recReg13iV2HwJTaA,1,1,0,1,6193,4
lever_chem_thinking_gate_gpqa,gpqa,217,recw4rROcnHKNZhtK,1,1,0,1,4512,4
lever_chem_thinking_gate_gpqa,gpqa,217,rec1oj2DveQWl9Rpw,1,1,1,0,18942,7
lever_chem_thinking_gate_gpqa,gpqa,217,recNFJjE5PPTqVJGv,1,1,0,1,4454,4
lever_chem_thinking_gate_gpqa,gpqa,217,rec527dNeEtWJrYNl,1,1,0,1,3570,4
lever_chem_thinking_gate_gpqa,gpqa,217,recPL4ZPpVYxgMu57,1,1,1,0,9036,6
lever_chem_thinking_gate_gpqa,gpqa,217,recpJmTOXx6T48nDJ,1,1,1,0,10961,7
lever_chem_thinking_gate_gpqa,gpqa,217,recBGxVySx1pkrO1i,1,1,0,1,8117,4
lever_chem_thinking_gate_gpqa,gpqa,217,recn3NhOhqAPLda16,1,1,0,1,9371,4
lever_chem_thinking_gate_gpqa,gpqa,217,recE2ihVfqEK4R9d0,1,1,1,0,10671,7
lever_chem_thinking_gate_gpqa,gpqa,217,rec4JrWy7Il8ho5vk,1,1,0,1,3608,4
lever_chem_thinking_gate_gpqa,gpqa,217,recD8oX1KevFbl7bL,1,1,1,0,19017,7
lever_chem_thinking_gate_gpqa,gpqa,217,rec0yTRmO1o1xCA6H,1,1,1,0,6079,6
lever_chem_thinking_gate_gpqa,gpqa,217,recXvQ6gWAmyakrpD,1,1,0,1,10028,4
lever_chem_thinking_gate_gpqa,gpqa,217,recXsuOHRBLcyenF2,1,1,0,1,2121,4
lever_chem_thinking_gate_gpqa,gpqa,217,recyPffUDqC2k7ZZO,1,1,0,1,9551,4
lever_chem_thinking_gate_gpqa,gpqa,217,recIlghoOw5VbY4Zh,1,1,0,1,13651,4
lever_chem_thinking_gate_gpqa,gpqa,217,rec260hNUCEj109Dj,1,1,0,1,3934,4
lever_chem_thinking_gate_gpqa,gpqa,217,rec32C1ZEapBnCC0E,1,1,0,1,7202,4
lever_chem_thinking_gate_gpqa,gpqa,217,recJJcOHhFeSaRpl4,1,1,0,1,4720,4
lever_chem_thinking_gate_gpqa,gpqa,217,rec0wZvZgiz320KRs,1,1,1,0,11014,7
lever_chem_thinking_gate_gpqa,gpqa,217,recYCMJWH7IpcdqwE,1,1,1,0,32769,6
lever_chem_thinking_gate_gpqa,gpqa,217,recPIzpnuYpB4yvmp,1,1,0,1,10831,4
lever_chem_thinking_gate_gpqa,gpqa,217,reck1zKeCssmN82Ga,1,1,0,1,5236,4
lever_chem_thinking_gate_gpqa,gpqa,217,rec0VuKUjt1SZ7NYv,1,1,0,1,7121,4
lever_chem_thinking_gate_gpqa,gpqa,217,recVvpD8miVjmmyfe,1,0,1,0,30102,7
lever_chem_thinking_gate_gpqa,gpqa,217,recb80OwMgNnceA9t,1,1,0,1,34216,4
lever_chem_thinking_gate_gpqa,gpqa,217,recVE8cUNHpHZIAvL,1,1,0,1,8409,4
lever_chem_thinking_gate_gpqa,gpqa,217,recGFKDUd8qgz81Zl,1,1,1,0,17023,7
lever_chem_thinking_gate_gpqa,gpqa,217,rechgQucGlrnt8KRV,1,1,1,0,16988,7
lever_chem_thinking_gate_gpqa,gpqa,217,recpki12iG9RUGrz9,1,1,1,0,15980,7
lever_chem_thinking_gate_gpqa,gpqa,217,receo3UUzRvWCqyfA,1,1,0,1,6644,4
lever_chem_thinking_gate_gpqa,gpqa,217,reckl6PkaEMWM50yZ,1,1,0,1,28729,4
lever_chem_thinking_gate_gpqa,gpqa,217,rec7qmSnbud4FHSqL,1,0,0,1,13145,4
lever_chem_thinking_gate_gpqa,gpqa,217,reck4G4xxv3YnpbtQ,1,1,1,0,19349,6
lever_chem_thinking_gate_gpqa,gpqa,217,recv7GsQg3f0fvB1f,1,1,0,1,3672,4
lever_chem_thinking_gate_gpqa,gpqa,217,recINSFEYLCyyd08m,1,1,0,1,10195,4
lever_chem_thinking_gate_gpqa,gpqa,217,recnGEpF1srQpaqWq,1,1,1,0,32604,6
lever_chem_thinking_gate_gpqa,gpqa,217,recV1nqYQvpII94oC,1,1,0,1,8017,4
lever_chem_thinking_gate_gpqa,gpqa,217,recgI6tUQ7RLJRWGx,1,1,0,1,4927,4
lever_chem_thinking_gate_gpqa,gpqa,217,recAYkd96NNuNl1Ei,1,0,0,1,3511,4
lever_chem_thinking_gate_gpqa,gpqa,217,recRTiyaRymerDJ4y,1,1,1,0,14390,7
lever_chem_thinking_gate_gpqa,gpqa,217,recaXdGn3FAIkxLGM,1,1,1,0,14927,7
lever_chem_thinking_gate_gpqa,gpqa,217,recr3VHM4zYf6dMFY,1,1,0,1,6051,4
lever_chem_thinking_gate_gpqa,gpqa,217,recuYEkVjdVUwA3c0,1,1,1,0,8418,7
lever_chem_thinking_gate_gpqa,gpqa,217,recNAiPUKOulQbKVP,1,1,0,1,3045,4
lever_chem_thinking_gate_gpqa,gpqa,217,recPSTGXK3P39yNYT,1,1,0,1,6294,4
lever_chem_thinking_gate_gpqa,gpqa,217,rectlyG9pCAAuWhoB,1,0,1,0,37433,6
lever_chem_thinking_gate_gpqa,gpqa,217,recs3PLPUEMiqg4P8,1,1,0,1,12303,4
lever_chem_thinking_gate_gpqa,gpqa,217,recDj2Y2BbtV02Wv5,1,0,1,1,16392,7
lever_chem_thinking_gate_gpqa,gpqa,217,reczzzihL7btBH7RO,1,0,1,0,13545,7
lever_chem_thinking_gate_gpqa,gpqa,217,recZt4x514UQNnsgy,1,1,1,0,39782,7
lever_chem_thinking_gate_gpqa,gpqa,217,reco8WSc71p8zAv4q,1,1,0,1,18994,4
lever_chem_thinking_gate_gpqa,gpqa,217,recQiWOxhkXRz9NVE,1,0,1,0,20062,7
lever_chem_thinking_gate_gpqa,gpqa,217,reciuppdQde4FGX1z,1,1,0,1,9870,4
lever_chem_thinking_gate_gpqa,gpqa,217,rechtUKxC6G67H7Pr,1,1,0,1,4607,4
lever_chem_thinking_gate_gpqa,gpqa,217,recFaL6j8UMhutXrc,1,1,0,1,14141,4
lever_chem_thinking_gate_gpqa,gpqa,217,recixxJmdux0d8LZQ,1,1,0,1,6118,4
lever_chem_thinking_gate_gpqa,gpqa,217,recWXwn9v4IG9ZrM6,1,1,0,1,2939,4
lever_chem_thinking_gate_gpqa,gpqa,217,recBtVK8rBVtIlXDq,1,1,0,1,3894,4
lever_chem_thinking_gate_gpqa,gpqa,217,recywRj5a8EEjj2Ib,1,1,0,1,8118,4
lever_chem_thinking_gate_gpqa,gpqa,217,recooG6bivTUJpDBz,1,1,1,0,22846,7
lever_chem_thinking_gate_gpqa,gpqa,217,recoy9ZLBsc7HIRBy,1,1,1,0,16848,7
lever_chem_thinking_gate_gpqa,gpqa,217,recO3hvCWRGiG0odN,1,1,0,1,10942,4
lever_chem_thinking_gate_gpqa,gpqa,217,recRgabRzMaEoBRcM,1,1,1,1,28839,7
lever_chem_thinking_gate_gpqa,gpqa,314,rec8y3ZrBOcLgNEkE,1,1,0,1,3055,4
lever_chem_thinking_gate_gpqa,gpqa,314,rec4JrWy7Il8ho5vk,1,1,0,1,4167,4
lever_chem_thinking_gate_gpqa,gpqa,314,recNAiPUKOulQbKVP,1,1,0,1,3276,4
lever_chem_thinking_gate_gpqa,gpqa,314,reck1zKeCssmN82Ga,1,1,0,1,5564,4
lever_chem_thinking_gate_gpqa,gpqa,314,recAYkd96NNuNl1Ei,1,0,1,0,5322,6
lever_chem_thinking_gate_gpqa,gpqa,314,rec9GugrngvsQR99A,1,1,0,1,5497,4
lever_chem_thinking_gate_gpqa,gpqa,314,recwW1A85nfyQpReG,1,0,1,0,12071,7
lever_chem_thinking_gate_gpqa,gpqa,314,recZWeueB7lSPR6wN,1,0,0,1,11281,4
lever_chem_thinking_gate_gpqa,gpqa,314,recRhwQwHijW0gCLo,1,1,1,0,20994,7
lever_chem_thinking_gate_gpqa,gpqa,314,recSBcGLPatKb3Ygu,1,1,0,1,6990,4
lever_chem_thinking_gate_gpqa,gpqa,314,recJJcOHhFeSaRpl4,1,1,0,1,5530,4
lever_chem_thinking_gate_gpqa,gpqa,314,recqLRu4BcJvlSANc,1,1,0,1,3855,4
lever_chem_thinking_gate_gpqa,gpqa,314,recO3hvCWRGiG0odN,1,1,0,1,12580,4
lever_chem_thinking_gate_gpqa,gpqa,314,recnjViFrqlZNL3fY,1,1,1,0,15253,7
lever_chem_thinking_gate_gpqa,gpqa,314,rec260hNUCEj109Dj,1,1,0,1,5238,4
lever_chem_thinking_gate_gpqa,gpqa,314,rec7qmSnbud4FHSqL,1,0,0,1,8349,4
lever_chem_thinking_gate_gpqa,gpqa,314,recMicVBcqy1xM1jq,1,1,1,0,16772,7
lever_chem_thinking_gate_gpqa,gpqa,314,recJZ3QEfRKjYw9a7,1,1,0,1,12205,4
lever_chem_thinking_gate_gpqa,gpqa,314,recNFJjE5PPTqVJGv,1,1,0,1,5375,4
lever_chem_thinking_gate_gpqa,gpqa,314,rec9W28HgpEUeUN8k,1,1,0,1,9307,4
lever_chem_thinking_gate_gpqa,gpqa,314,recypVp2NmPlBKVTp,1,1,0,1,3359,4
lever_chem_thinking_gate_gpqa,gpqa,314,recZt4x514UQNnsgy,1,1,0,1,18029,4
lever_chem_thinking_gate_gpqa,gpqa,314,recz3MfYHPRhsEQkW,1,1,0,1,5895,4
lever_chem_thinking_gate_gpqa,gpqa,314,recakFKZioXUuldcd,1,1,0,1,16167,4
lever_chem_thinking_gate_gpqa,gpqa,314,recQ8oxSY2aCwFRS8,1,1,0,1,12163,4
lever_chem_thinking_gate_gpqa,gpqa,314,recQiWOxhkXRz9NVE,1,0,1,0,21770,6
lever_chem_thinking_gate_gpqa,gpqa,314,recLB0EkQ54bYVhnd,1,1,1,1,21885,8
lever_chem_thinking_gate_gpqa,gpqa,314,recINGR1z01Fh1Z3A,1,1,0,1,4992,4
lever_chem_thinking_gate_gpqa,gpqa,314,rec7C06XOB2h298ue,1,1,0,1,4275,4
lever_chem_thinking_gate_gpqa,gpqa,314,recafnH3RRnMBXEb1,1,1,0,1,4348,4
lever_chem_thinking_gate_gpqa,gpqa,314,rec8nshandHARTkrg,1,1,0,1,9162,4
lever_chem_thinking_gate_gpqa,gpqa,314,receYQxnUBvxPcvbQ,1,1,0,1,8831,4
lever_chem_thinking_gate_gpqa,gpqa,314,recXvQ6gWAmyakrpD,1,1,0,1,10278,4
lever_chem_thinking_gate_gpqa,gpqa,314,recXsYa3i2UhGF5fe,1,1,0,1,5860,4
lever_chem_thinking_gate_gpqa,gpqa,314,recS48OsU6kVadBPW,1,1,0,1,6650,4
lever_chem_thinking_gate_gpqa,gpqa,314,recG1ljJQcVy6CbSl,1,1,0,1,6462,4
lever_chem_thinking_gate_gpqa,gpqa,314,reca44yABeO2fx7UB,1,0,0,1,19097,4
lever_chem_thinking_gate_gpqa,gpqa,314,recrs0kUo7Ua1xhKO,1,1,0,1,2411,4
lever_chem_thinking_gate_gpqa,gpqa,314,recVE8cUNHpHZIAvL,1,1,0,1,12337,4
lever_chem_thinking_gate_gpqa,gpqa,314,recPzW1WqRnPs57D6,1,1,0,1,4098,4
lever_chem_thinking_gate_gpqa,gpqa,314,recRZjaElf8ft7xTq,1,1,1,0,11144,7
lever_chem_thinking_gate_gpqa,gpqa,314,recmI7EiLv72PxmYK,1,1,1,0,18039,7
lever_chem_thinking_gate_gpqa,gpqa,314,recooG6bivTUJpDBz,1,0,1,0,18394,7
lever_chem_thinking_gate_gpqa,gpqa,314,recGFNRVl1qBZGwyU,1,1,0,1,11343,4
lever_chem_thinking_gate_gpqa,gpqa,314,recvlnu8BuLmXZhSX,1,1,0,1,8177,4
lever_chem_thinking_gate_gpqa,gpqa,314,recyl3usDqb7ruXJx,1,1,1,1,24363,7
lever_chem_thinking_gate_gpqa,gpqa,314,recvZlMbpPz0yLDle,1,1,0,1,9597,4
lever_chem_thinking_gate_gpqa,gpqa,314,recnGEpF1srQpaqWq,1,1,0,1,14248,4
lever_chem_thinking_gate_gpqa,gpqa,314,recZ13cwgDQf9jRd9,1,1,1,0,40488,6
lever_chem_thinking_gate_gpqa,gpqa,314,recIDiDKKrN61Auyr,1,1,0,1,3355,4
lever_chem_thinking_gate_gpqa,gpqa,314,rec47oNPXudlTIk4y,1,1,1,0,14856,6
lever_chem_thinking_gate_gpqa,gpqa,314,recPSTGXK3P39yNYT,1,1,0,1,6991,4
lever_chem_thinking_gate_gpqa,gpqa,314,recGFKDUd8qgz81Zl,1,1,0,1,5316,4
lever_chem_thinking_gate_gpqa,gpqa,314,recAAJoHMW45Lv5je,1,1,0,1,9202,4
lever_chem_thinking_gate_gpqa,gpqa,314,recb80OwMgNnceA9t,1,1,1,0,51818,6
lever_chem_thinking_gate_gpqa,gpqa,314,recw4rROcnHKNZhtK,1,1,0,1,6129,4
lever_chem_thinking_gate_gpqa,gpqa,314,recrNbtgTNoabJJi6,1,1,0,1,10653,4
lever_chem_thinking_gate_gpqa,gpqa,314,recqFDvYKKRmbnoUb,1,1,0,1,5184,4
lever_chem_thinking_gate_gpqa,gpqa,314,rec2UlKqC6RFHdcro,1,1,0,1,5561,4
lever_chem_thinking_gate_gpqa,gpqa,314,recatj4YXzbOaq3Ar,1,1,0,1,4459,4
lever_chem_thinking_gate_gpqa,gpqa,314,recBtVK8rBVtIlXDq,1,1,0,1,4076,4
lever_chem_thinking_gate_gpqa,gpqa,314,recPIzpnuYpB4yvmp,1,1,1,0,17187,7
lever_chem_thinking_gate_gpqa,gpqa,314,reckEnrOPFT9Ru7tW,1,1,0,1,8067,4
lever_chem_thinking_gate_gpqa,gpqa,314,recIMcQfaQNa6vzsT,1,1,1,0,9705,7
lever_chem_thinking_gate_gpqa,gpqa,314,reco8WSc71p8zAv4q,1,0,1,0,28322,7
lever_chem_thinking_gate_gpqa,gpqa,314,recZbxrocrxh9YENH,1,1,1,0,17571,7
lever_chem_thinking_gate_gpqa,gpqa,314,rectXfsCM1dj4Kv2c,1,1,0,1,8345,4
lever_chem_thinking_gate_gpqa,gpqa,314,recIOlKBsOeEcgkA1,1,1,0,1,2906,4
lever_chem_thinking_gate_gpqa,gpqa,314,recxsX66ktJ1Lwt4f,1,1,0,1,4663,4
lever_chem_thinking_gate_gpqa,gpqa,314,recnTTKdBzfuoZ7w7,1,1,1,0,42488,6
lever_chem_thinking_gate_gpqa,gpqa,314,reciuppdQde4FGX1z,1,1,0,1,7684,4
lever_chem_thinking_gate_gpqa,gpqa,314,rect4iLrSfUwkNTno,1,1,1,0,21893,7
lever_chem_thinking_gate_gpqa,gpqa,314,recVEXvhYxAhELVqB,1,1,0,1,11911,4
lever_chem_thinking_gate_gpqa,gpqa,314,recUBgVlkKzcRPDdK,1,1,1,1,10695,7
lever_chem_thinking_gate_gpqa,gpqa,314,recReg13iV2HwJTaA,1,1,0,1,5978,4
lever_chem_thinking_gate_gpqa,gpqa,314,recOvqPKUtyy9ISA1,1,1,0,1,23751,4
lever_chem_thinking_gate_gpqa,gpqa,314,recBGxVySx1pkrO1i,1,1,0,1,10544,4
lever_chem_thinking_gate_gpqa,gpqa,314,recyPffUDqC2k7ZZO,1,1,0,1,7197,4
lever_chem_thinking_gate_gpqa,gpqa,314,recEmTBhx2hgw6tPQ,1,1,1,0,38787,6
lever_chem_thinking_gate_gpqa,gpqa,314,recBhnXrUyTJ6WHIR,1,1,1,0,19245,6
lever_chem_thinking_gate_gpqa,gpqa,314,rec4L69T0Y1AS4AFS,1,1,1,1,10559,7
lever_chem_thinking_gate_gpqa,gpqa,314,rec0Arme2jcXQZnAW,1,1,1,1,14527,8
lever_chem_thinking_gate_gpqa,gpqa,314,recYCMJWH7IpcdqwE,1,1,1,0,37054,6
lever_chem_thinking_gate_gpqa,gpqa,314,reccVFW11Elovnf8T,1,1,1,0,20497,6
lever_chem_thinking_gate_gpqa,gpqa,314,receo3UUzRvWCqyfA,1,1,1,1,11618,7
lever_chem_thinking_gate_gpqa,gpqa,314,recxTy0x7M6T9ikc0,1,1,0,1,11572,4
lever_chem_thinking_gate_gpqa,gpqa,314,recE2ihVfqEK4R9d0,1,1,1,0,14139,7
lever_chem_thinking_gate_gpqa,gpqa,314,reck4G4xxv3YnpbtQ,1,1,1,0,14131,6
lever_chem_thinking_gate_gpqa,gpqa,471,recypVp2NmPlBKVTp,1,1,0,1,3298,4
lever_chem_thinking_gate_gpqa,gpqa,471,recG1ljJQcVy6CbSl,1,1,0,1,5317,4
lever_chem_thinking_gate_gpqa,gpqa,471,recAAJoHMW45Lv5je,1,1,0,1,7520,4
lever_chem_thinking_gate_gpqa,gpqa,471,recIj8lR4tuDgrHou,1,1,1,0,15155,7
lever_chem_thinking_gate_gpqa,gpqa,471,reciuppdQde4FGX1z,1,1,1,0,18769,7
lever_chem_thinking_gate_gpqa,gpqa,471,recBtVK8rBVtIlXDq,1,1,0,1,3808,4
lever_chem_thinking_gate_gpqa,gpqa,471,recD8oX1KevFbl7bL,1,1,1,1,19333,8
lever_chem_thinking_gate_gpqa,gpqa,471,recBXlqrZUCR897It,1,1,0,1,8626,4
lever_chem_thinking_gate_gpqa,gpqa,471,recnjViFrqlZNL3fY,1,1,0,1,6093,4
lever_chem_thinking_gate_gpqa,gpqa,471,recE2ihVfqEK4R9d0,1,1,1,0,10190,7
lever_chem_thinking_gate_gpqa,gpqa,471,rec9ubQihAh6g9bft,1,1,1,0,11568,7
lever_chem_thinking_gate_gpqa,gpqa,471,recL9MFV5zmdlle5T,1,1,0,1,10986,4
lever_chem_thinking_gate_gpqa,gpqa,471,recPIzpnuYpB4yvmp,1,1,1,1,16692,8
lever_chem_thinking_gate_gpqa,gpqa,471,recJZ3QEfRKjYw9a7,1,1,0,1,15597,4
lever_chem_thinking_gate_gpqa,gpqa,471,recIDiDKKrN61Auyr,1,1,0,1,3203,4
lever_chem_thinking_gate_gpqa,gpqa,471,recGFNRVl1qBZGwyU,1,1,0,1,11583,4
lever_chem_thinking_gate_gpqa,gpqa,471,recNAiPUKOulQbKVP,1,1,0,1,1981,4
lever_chem_thinking_gate_gpqa,gpqa,471,reca44yABeO2fx7UB,1,0,1,0,35156,7
lever_chem_thinking_gate_gpqa,gpqa,471,rec32C1ZEapBnCC0E,1,1,0,1,9452,4
lever_chem_thinking_gate_gpqa,gpqa,471,recakFKZioXUuldcd,1,1,0,1,10948,4
lever_chem_thinking_gate_gpqa,gpqa,471,recpJmTOXx6T48nDJ,1,1,1,0,14944,7
lever_chem_thinking_gate_gpqa,gpqa,471,recXsuOHRBLcyenF2,1,1,0,1,2584,4
lever_chem_thinking_gate_gpqa,gpqa,471,recyl3usDqb7ruXJx,1,1,1,1,27203,7
lever_chem_thinking_gate_gpqa,gpqa,471,rec8nshandHARTkrg,1,1,0,1,9129,4
lever_chem_thinking_gate_gpqa,gpqa,471,recqGD3fxPCI59vPQ,1,1,1,0,13627,7
lever_chem_thinking_gate_gpqa,gpqa,471,recb4cGsC6BJUCU3V,1,1,0,1,8953,4
lever_chem_thinking_gate_gpqa,gpqa,471,recs3PLPUEMiqg4P8,1,1,1,1,29714,7
lever_chem_thinking_gate_gpqa,gpqa,471,recf6ayQmL1SxKbvW,1,0,0,1,4496,4
lever_chem_thinking_gate_gpqa,gpqa,471,recYA3LPsCvF1fTMI,1,1,1,0,28359,6
lever_chem_thinking_gate_gpqa,gpqa,471,recihePFulRgNKsIn,1,0,0,1,7201,4
lever_chem_thinking_gate_gpqa,gpqa,471,recl1UtgTVKishAq4,1,1,1,0,25655,7
lever_chem_thinking_gate_gpqa,gpqa,471,recclFbsjbaiVVnnV,1,1,1,1,30246,7
lever_chem_thinking_gate_gpqa,gpqa,471,recgM7o1tcc7tP778,1,1,1,0,24190,7
lever_chem_thinking_gate_gpqa,gpqa,471,recIMcQfaQNa6vzsT,1,1,1,0,13198,7
lever_chem_thinking_gate_gpqa,gpqa,471,rechKl68Uc6H7vU0N,1,1,0,1,13144,4
lever_chem_thinking_gate_gpqa,gpqa,471,recqLRu4BcJvlSANc,1,1,0,1,2926,4
lever_chem_thinking_gate_gpqa,gpqa,471,recDDxpS9s8cwkqfq,1,1,1,1,12187,8
lever_chem_thinking_gate_gpqa,gpqa,471,recQiWOxhkXRz9NVE,1,1,1,0,25744,7
lever_chem_thinking_gate_gpqa,gpqa,471,recnawZPumSCLMVgp,1,1,0,1,11440,4
lever_chem_thinking_gate_gpqa,gpqa,471,recSBcGLPatKb3Ygu,1,1,0,1,3709,4
lever_chem_thinking_gate_gpqa,gpqa,471,rec4JrWy7Il8ho5vk,1,1,0,1,4758,4
lever_chem_thinking_gate_gpqa,gpqa,471,rec9W28HgpEUeUN8k,1,1,1,0,19486,7
lever_chem_thinking_gate_gpqa,gpqa,471,rec06pnAkLOr2t2mp,1,1,0,1,4558,4
lever_chem_thinking_gate_gpqa,gpqa,471,recafnH3RRnMBXEb1,1,1,0,1,3885,4
lever_chem_thinking_gate_gpqa,gpqa,471,recooG6bivTUJpDBz,1,1,1,0,15308,6
lever_chem_thinking_gate_gpqa,gpqa,471,recjgMJaMxz4ESDF2,1,1,0,1,6275,4
lever_chem_thinking_gate_gpqa,gpqa,471,recVvpD8miVjmmyfe,1,0,1,0,31386,7
lever_chem_thinking_gate_gpqa,gpqa,471,reczjcMtrB1YGS2fO,1,1,1,0,14244,7
lever_chem_thinking_gate_gpqa,gpqa,471,receYQxnUBvxPcvbQ,1,1,0,1,6191,4
lever_chem_thinking_gate_gpqa,gpqa,471,recS48OsU6kVadBPW,1,1,0,1,5652,4
lever_chem_thinking_gate_gpqa,gpqa,471,recb2M22zaD3tL6Qc,1,1,1,0,20562,6
lever_chem_thinking_gate_gpqa,gpqa,471,recKcjTwONILZqHAX,1,1,0,1,4277,4
lever_chem_thinking_gate_gpqa,gpqa,471,reck1zKeCssmN82Ga,1,1,0,1,5742,4
lever_chem_thinking_gate_gpqa,gpqa,471,recK9F5aqdaybl8bb,1,1,1,0,30875,7
lever_chem_thinking_gate_gpqa,gpqa,471,rec7C06XOB2h298ue,1,1,0,1,3082,4
lever_chem_thinking_gate_gpqa,gpqa,471,recyrk6XBVwugG5u8,1,1,0,1,12776,4
lever_chem_thinking_gate_gpqa,gpqa,471,recNu3MXkvWUzHZr9,1,1,1,0,13706,7
lever_chem_thinking_gate_gpqa,gpqa,471,reczQ4I0VpENdMtIj,1,0,0,1,4298,4
lever_chem_thinking_gate_gpqa,gpqa,471,receo3UUzRvWCqyfA,1,1,0,1,6955,4
lever_chem_thinking_gate_gpqa,gpqa,471,recQ8oxSY2aCwFRS8,1,1,0,1,10145,4
lever_chem_thinking_gate_gpqa,gpqa,471,reco8WSc71p8zAv4q,1,1,1,1,31357,7
lever_chem_thinking_gate_gpqa,gpqa,471,reckEnrOPFT9Ru7tW,1,1,0,1,7681,4
lever_chem_thinking_gate_gpqa,gpqa,471,recLSzwBUS3olCjhl,1,1,0,1,3758,4
lever_chem_thinking_gate_gpqa,gpqa,471,recOkA2zsy4GSMD9R,1,1,0,1,13552,4
lever_chem_thinking_gate_gpqa,gpqa,471,reczkBiPPNrNN49Hp,1,1,0,1,6156,4
lever_chem_thinking_gate_gpqa,gpqa,471,recHVUd2DkoKfedJZ,1,1,0,1,10835,4
lever_chem_thinking_gate_gpqa,gpqa,471,reccOKzFNmyqeJ6ry,1,1,1,0,9524,6
lever_chem_thinking_gate_gpqa,gpqa,471,recCJJOeBGERaHYax,1,1,1,1,22253,7
lever_chem_thinking_gate_gpqa,gpqa,471,recReg13iV2HwJTaA,1,1,0,1,5578,4
lever_chem_thinking_gate_gpqa,gpqa,471,rec260hNUCEj109Dj,1,1,0,1,4924,4
lever_chem_thinking_gate_gpqa,gpqa,471,recMicVBcqy1xM1jq,1,1,1,0,15584,7
lever_chem_thinking_gate_gpqa,gpqa,471,recXvQ6gWAmyakrpD,1,1,0,1,11137,4
lever_chem_thinking_gate_gpqa,gpqa,471,recGee5m84dg5FZkc,1,1,0,1,6597,4
lever_chem_thinking_gate_gpqa,gpqa,471,recgXxEgllSGEpELP,1,1,1,1,19361,8
lever_chem_thinking_gate_gpqa,gpqa,471,recRhwQwHijW0gCLo,1,1,1,0,24106,7
lever_chem_thinking_gate_gpqa,gpqa,471,rect4iLrSfUwkNTno,1,1,1,0,18578,7
lever_chem_thinking_gate_gpqa,gpqa,471,recEmTBhx2hgw6tPQ,1,0,1,0,40631,7
lever_chem_thinking_gate_gpqa,gpqa,471,recuyeuT5rQ6qDt8F,1,0,1,1,43749,8
lever_chem_thinking_gate_gpqa,gpqa,471,recTs7qzfJs6kfLUK,1,1,0,1,6335,4
lever_chem_thinking_gate_gpqa,gpqa,471,recZt4x514UQNnsgy,1,1,1,0,31480,6
lever_chem_thinking_gate_gpqa,gpqa,471,recrHBEJJoDTV05JR,1,1,0,1,10005,4
lever_chem_thinking_gate_gpqa,gpqa,471,recywRj5a8EEjj2Ib,1,1,0,1,6134,4
lever_chem_thinking_gate_gpqa,gpqa,471,rec4UqStf9WUVif1f,1,1,1,0,11391,7
lever_chem_thinking_gate_gpqa,gpqa,471,recPzW1WqRnPs57D6,1,1,0,1,5592,4
lever_chem_thinking_gate_gpqa,gpqa,471,recVE8cUNHpHZIAvL,1,1,0,1,12238,4
lever_chem_thinking_gate_gpqa,gpqa,471,recnTTKdBzfuoZ7w7,1,0,0,1,31407,4
lever_chem_thinking_gate_gpqa,gpqa,471,recKm6LNWykGapmCr,1,1,1,0,14416,7
lever_combined,unknown,42,recypVp2NmPlBKVTp,1,1,0,1,2771,3
lever_combined,unknown,42,rec0wZvZgiz320KRs,1,1,1,0,12750,7
lever_combined,unknown,42,recnawZPumSCLMVgp,1,1,1,0,17082,6
lever_combined,unknown,42,recINSFEYLCyyd08m,1,1,1,0,25154,6
lever_combined,unknown,42,rechKl68Uc6H7vU0N,1,1,1,0,25610,7
lever_combined,unknown,42,rec527dNeEtWJrYNl,1,1,0,1,3553,3
lever_combined,unknown,42,recQiWOxhkXRz9NVE,1,0,1,0,23698,7
lever_combined,unknown,42,rec0yTRmO1o1xCA6H,1,1,1,0,7070,6
lever_combined,unknown,42,recnTTKdBzfuoZ7w7,1,0,1,0,40049,6
lever_combined,unknown,42,recVvpD8miVjmmyfe,1,1,1,0,32221,7
lever_combined,unknown,42,rec6sE2CRtD4drtHg,1,1,0,1,10270,3
lever_combined,unknown,42,rec4r4KWNLrT7g2kR,1,1,1,0,34736,6
lever_combined,unknown,42,recE2ihVfqEK4R9d0,1,1,0,1,3918,3
lever_combined,unknown,42,recDj2Y2BbtV02Wv5,1,0,1,0,12867,6
lever_combined,unknown,42,reczjcMtrB1YGS2fO,1,1,1,0,11652,7
lever_combined,unknown,42,recpki12iG9RUGrz9,1,1,0,1,8472,3
lever_combined,unknown,42,rec5rjeLsEq5Fg7Oj,1,1,1,0,17354,6
lever_combined,unknown,42,recb80OwMgNnceA9t,1,0,1,0,22718,6
lever_combined,unknown,42,rec260hNUCEj109Dj,1,1,0,1,5307,3
lever_combined,unknown,42,recGFNRVl1qBZGwyU,1,1,1,1,20085,6
lever_combined,unknown,42,recXvQ6gWAmyakrpD,1,1,0,1,8466,3
lever_combined,unknown,42,recIj8lR4tuDgrHou,1,1,1,0,22568,7
lever_combined,unknown,42,recSBcGLPatKb3Ygu,1,1,0,1,5684,3
lever_combined,unknown,42,recWPMm91mGDLXONm,1,1,1,1,11914,6
lever_combined,unknown,42,recLAgwx9vbgB5EHk,1,1,1,1,21107,6
lever_combined,unknown,42,recOvqPKUtyy9ISA1,1,0,1,0,18383,6
lever_combined,unknown,42,recHVUd2DkoKfedJZ,1,1,1,0,16947,6
lever_combined,unknown,42,recmI7EiLv72PxmYK,1,1,0,1,7580,3
lever_combined,unknown,42,recPSTGXK3P39yNYT,1,1,0,1,5486,3
lever_combined,unknown,42,reczzzihL7btBH7RO,1,0,0,1,6416,3
lever_combined,unknown,42,recatj4YXzbOaq3Ar,1,1,0,1,3174,3
lever_combined,unknown,42,recIlghoOw5VbY4Zh,1,1,1,1,15361,6
lever_combined,unknown,42,recVEXvhYxAhELVqB,1,1,1,0,21538,6
lever_combined,unknown,42,recnGEpF1srQpaqWq,1,1,1,0,25293,7
lever_combined,unknown,42,recL9MFV5zmdlle5T,1,1,0,1,9954,3
lever_combined,unknown,42,recwW1A85nfyQpReG,1,1,1,0,10168,7
lever_combined,unknown,42,rec4L69T0Y1AS4AFS,1,1,0,1,4154,3
lever_combined,unknown,42,recEmTBhx2hgw6tPQ,1,1,1,0,16952,6
lever_combined,unknown,42,recMicVBcqy1xM1jq,1,1,1,0,17506,7
lever_combined,unknown,42,recJZ3QEfRKjYw9a7,1,1,1,0,12497,7
lever_combined,unknown,42,recNuT2oSnO86bxOx,1,1,1,1,15904,6
lever_combined,unknown,42,recGee5m84dg5FZkc,1,1,1,0,16090,6
lever_combined,unknown,42,recwlwlcPvXVNPmvl,1,1,0,1,3308,3
lever_combined,unknown,42,recooG6bivTUJpDBz,1,0,0,1,16464,3
lever_combined,unknown,42,recdya6FuYraBU5Rh,1,1,1,0,13421,7
lever_combined,unknown,42,rectXfsCM1dj4Kv2c,1,1,1,0,14811,7
lever_combined,unknown,42,reccOKzFNmyqeJ6ry,1,1,1,0,8985,6
lever_combined,unknown,42,rec06pnAkLOr2t2mp,1,1,0,1,3278,3
lever_combined,unknown,42,recaXdGn3FAIkxLGM,1,1,1,0,17032,7
lever_combined,unknown,42,rec7C06XOB2h298ue,1,1,0,1,4341,3
lever_combined,unknown,42,reckEnrOPFT9Ru7tW,1,1,1,0,17383,6
lever_combined,unknown,42,recs3PLPUEMiqg4P8,1,1,1,0,23083,6
lever_combined,unknown,42,recO3hvCWRGiG0odN,1,1,1,1,19859,6
lever_combined,unknown,42,recoiTJPGUmzAkief,1,1,0,1,4522,3
lever_combined,unknown,42,reck4G4xxv3YnpbtQ,1,0,1,0,16692,6
lever_combined,unknown,42,rechgQucGlrnt8KRV,1,1,1,0,16704,7
lever_combined,unknown,42,recI1ls9OXdxatHQn,1,1,0,1,7442,3
lever_combined,unknown,42,reccVFW11Elovnf8T,1,1,1,0,18966,6
lever_combined,unknown,42,recIOlKBsOeEcgkA1,1,1,0,1,3055,3
lever_combined,unknown,42,recmkvk6EFAmqyMxR,1,1,0,1,4413,3
lever_combined,unknown,42,rechtUKxC6G67H7Pr,1,1,0,1,3900,3
lever_combined,unknown,42,reczUoM8JsxU6pYxr,1,1,0,1,4830,3
lever_combined,unknown,42,recRZjaElf8ft7xTq,1,1,1,0,14331,7
lever_combined,unknown,42,rec8y3ZrBOcLgNEkE,1,1,0,1,3302,3
lever_combined,unknown,42,recINGR1z01Fh1Z3A,1,1,0,1,5367,3
lever_combined,unknown,42,recPIzpnuYpB4yvmp,1,1,0,1,7489,3
lever_combined,unknown,42,recPL4ZPpVYxgMu57,1,1,0,1,4509,3
lever_combined,unknown,42,receYQxnUBvxPcvbQ,1,1,0,1,6202,3
lever_combined,unknown,42,rec5eA17Qr1ucNLUf,1,1,1,0,13237,7
lever_combined,unknown,42,recclFbsjbaiVVnnV,1,0,1,1,21392,6
lever_combined,unknown,42,reczkBiPPNrNN49Hp,1,1,0,1,6132,3
lever_combined,unknown,42,receo3UUzRvWCqyfA,1,1,1,1,12830,6
lever_combined,unknown,42,recLSzwBUS3olCjhl,1,1,0,1,4181,3
lever_combined,unknown,42,recJJcOHhFeSaRpl4,1,1,1,1,12867,6
lever_combined,unknown,42,recuYEkVjdVUwA3c0,1,1,1,0,12375,7
lever_combined,unknown,42,recv7GsQg3f0fvB1f,1,1,0,1,4086,3
lever_combined,unknown,42,recf6ayQmL1SxKbvW,1,0,0,1,2968,3
lever_combined,unknown,42,recihePFulRgNKsIn,1,0,1,1,6793,6
lever_combined,unknown,42,recn3NhOhqAPLda16,1,1,1,0,16927,6
lever_combined,unknown,42,recUOePh79cp4T2Bg,1,0,1,1,25025,6
lever_combined,unknown,42,recrNbtgTNoabJJi6,1,1,1,0,14670,6
lever_combined,unknown,42,rec8nshandHARTkrg,1,1,1,0,18767,6
lever_combined,unknown,42,recjJ54TXc04enRkZ,1,1,1,0,24500,6
lever_combined,unknown,42,recFaL6j8UMhutXrc,1,1,1,0,24380,6
lever_combined,unknown,42,recr3VHM4zYf6dMFY,1,1,1,0,19043,6
lever_combined,unknown,42,recXsuOHRBLcyenF2,1,1,0,1,2482,3
lever_combined,unknown,42,recfTlTMjZBuOducT,1,1,1,0,19384,7
lever_combined,unknown,42,recOkA2zsy4GSMD9R,1,1,1,0,18722,7
lever_combined,unknown,42,recBhnXrUyTJ6WHIR,1,0,1,0,13345,6
lever_combined,unknown,42,reckl6PkaEMWM50yZ,1,1,1,0,31033,6
lever_combined,unknown,7,recoiTJPGUmzAkief,1,1,0,1,4729,3
lever_combined,unknown,7,recooG6bivTUJpDBz,1,0,0,1,9025,3
lever_combined,unknown,7,recz3MfYHPRhsEQkW,1,1,1,1,11843,6
lever_combined,unknown,7,rec527dNeEtWJrYNl,1,1,0,1,3211,3
lever_combined,unknown,7,recYt8xx80OTyDsL0,1,1,0,1,2363,3
lever_combined,unknown,7,recmwwQJnx7ll7bqL,1,1,0,1,4803,3
lever_combined,unknown,7,rec0yTRmO1o1xCA6H,1,1,1,0,6398,6
lever_combined,unknown,7,rec2UlKqC6RFHdcro,1,1,0,1,6021,3
lever_combined,unknown,7,recD8oX1KevFbl7bL,1,1,0,1,9904,3
lever_combined,unknown,7,reczUoM8JsxU6pYxr,1,1,0,1,4083,3
lever_combined,unknown,7,recFaL6j8UMhutXrc,1,1,1,0,14494,6
lever_combined,unknown,7,recYOzCsevNz61Lyn,1,1,0,1,5761,3
lever_combined,unknown,7,recBXlqrZUCR897It,1,1,1,1,20328,7
lever_combined,unknown,7,recOvqPKUtyy9ISA1,1,0,1,0,25335,6
lever_combined,unknown,7,recDDxpS9s8cwkqfq,1,1,1,0,13663,7
lever_combined,unknown,7,recEmTBhx2hgw6tPQ,1,1,1,0,20583,6
lever_combined,unknown,7,recIMcQfaQNa6vzsT,1,1,0,1,5852,3
lever_combined,unknown,7,rec47oNPXudlTIk4y,1,1,1,0,19811,6
lever_combined,unknown,7,rec0Arme2jcXQZnAW,1,1,1,0,13894,7
lever_combined,unknown,7,reck4G4xxv3YnpbtQ,1,0,1,0,17264,6
lever_combined,unknown,7,recS48OsU6kVadBPW,1,1,0,1,5805,3
lever_combined,unknown,7,recyl3usDqb7ruXJx,1,1,1,1,12439,6
lever_combined,unknown,7,recPzW1WqRnPs57D6,1,1,0,1,4397,3
lever_combined,unknown,7,rec1zl5LvaatzGhFt,1,1,0,1,7803,3
lever_combined,unknown,7,recPSTGXK3P39yNYT,1,1,0,1,7344,3
lever_combined,unknown,7,reccVBrYdwsB84fGy,1,1,1,0,17720,7
lever_combined,unknown,7,recihePFulRgNKsIn,1,0,1,1,9482,6
lever_combined,unknown,7,recpki12iG9RUGrz9,1,1,1,0,13270,7
lever_combined,unknown,7,recb80OwMgNnceA9t,1,1,1,0,20863,6
lever_combined,unknown,7,recdya6FuYraBU5Rh,1,1,1,0,13329,7
lever_combined,unknown,7,recRhwQwHijW0gCLo,1,1,1,0,22551,7
lever_combined,unknown,7,recf6ayQmL1SxKbvW,1,0,0,1,3142,3
lever_combined,unknown,7,recwW1A85nfyQpReG,1,1,1,0,11396,7
lever_combined,unknown,7,recjJ54TXc04enRkZ,1,0,1,1,21642,6
lever_combined,unknown,7,recXsYa3i2UhGF5fe,1,1,1,1,9833,7
lever_combined,unknown,7,rec06pnAkLOr2t2mp,1,1,0,1,4957,3
lever_combined,unknown,7,recRTiyaRymerDJ4y,1,1,1,0,7833,7
lever_combined,unknown,7,recWxGU8Q4YReJ1tb,1,1,1,0,24167,6
lever_combined,unknown,7,recHVUd2DkoKfedJZ,1,1,1,1,17160,7
lever_combined,unknown,7,recAYkd96NNuNl1Ei,1,0,1,0,5513,6
lever_combined,unknown,7,recINSFEYLCyyd08m,1,1,1,1,14598,6
lever_combined,unknown,7,recJZ3QEfRKjYw9a7,1,1,1,0,18239,6
lever_combined,unknown,7,recQ8oxSY2aCwFRS8,1,1,1,0,18882,7
lever_combined,unknown,7,recRZjaElf8ft7xTq,1,1,1,0,12140,7
lever_combined,unknown,7,rechKl68Uc6H7vU0N,1,1,1,0,25357,7
lever_combined,unknown,7,recb4cGsC6BJUCU3V,1,1,1,0,16486,7
lever_combined,unknown,7,rectlyG9pCAAuWhoB,1,0,1,1,22937,6
lever_combined,unknown,7,recYCMJWH7IpcdqwE,1,1,1,1,25717,6
lever_combined,unknown,7,recvlnu8BuLmXZhSX,1,1,1,0,12816,7
lever_combined,unknown,7,reca44yABeO2fx7UB,1,1,1,1,36744,6
lever_combined,unknown,7,recclFbsjbaiVVnnV,1,0,1,1,29245,6
lever_combined,unknown,7,recxsX66ktJ1Lwt4f,1,1,1,1,8710,7
lever_combined,unknown,7,recMicVBcqy1xM1jq,1,0,0,1,8143,3
lever_combined,unknown,7,recReg13iV2HwJTaA,1,1,0,1,4520,3
lever_combined,unknown,7,recLrRirj7iXoB0rU,1,1,0,1,10146,3
lever_combined,unknown,7,rec32C1ZEapBnCC0E,1,1,0,1,5324,3
lever_combined,unknown,7,recZWeueB7lSPR6wN,1,0,1,0,14209,7
lever_combined,unknown,7,recZbxrocrxh9YENH,1,1,1,0,18745,7
lever_combined,unknown,7,recVE8cUNHpHZIAvL,1,1,0,1,12200,3
lever_combined,unknown,7,recUc29lMDBEvurYo,1,1,1,0,25476,7
lever_combined,unknown,7,recKv4hFyNpViUXnL,1,1,0,1,8102,3
lever_combined,unknown,7,recGFKDUd8qgz81Zl,1,1,1,0,10065,7
lever_combined,unknown,7,rec4L69T0Y1AS4AFS,1,1,0,1,7985,3
lever_combined,unknown,7,recXvQ6gWAmyakrpD,1,1,1,0,19646,7
lever_combined,unknown,7,recUBgVlkKzcRPDdK,1,0,1,0,11902,6
lever_combined,unknown,7,recKm6LNWykGapmCr,1,1,1,0,14370,7
lever_combined,unknown,7,recLB0EkQ54bYVhnd,1,1,1,0,14876,7
lever_combined,unknown,7,recXsuOHRBLcyenF2,1,1,0,1,1658,3
lever_combined,unknown,7,recl1UtgTVKishAq4,1,1,1,0,32708,6
lever_combined,unknown,7,recQiWOxhkXRz9NVE,1,1,0,1,33604,3
lever_combined,unknown,7,receYQxnUBvxPcvbQ,1,1,1,0,13858,7
lever_combined,unknown,7,recxTy0x7M6T9ikc0,1,1,1,1,22915,6
lever_combined,unknown,7,recCJJOeBGERaHYax,1,1,1,0,13747,6
lever_combined,unknown,7,recqFDvYKKRmbnoUb,1,1,0,1,3810,3
lever_combined,unknown,7,recfTlTMjZBuOducT,1,1,0,1,11645,3
lever_combined,unknown,7,recNu3MXkvWUzHZr9,1,1,1,0,13830,7
lever_combined,unknown,7,recb2M22zaD3tL6Qc,1,1,1,0,21265,6
lever_combined,unknown,7,recKcjTwONILZqHAX,1,1,0,1,2486,3
lever_combined,unknown,7,rec0wZvZgiz320KRs,1,1,1,0,11006,7
lever_combined,unknown,7,recmI7EiLv72PxmYK,1,1,0,1,6853,3
lever_combined,unknown,7,reccOKzFNmyqeJ6ry,1,1,1,1,8853,6
lever_combined,unknown,7,recmkvk6EFAmqyMxR,1,1,1,0,10862,7
lever_combined,unknown,7,reczkBiPPNrNN49Hp,1,1,0,1,7310,3
lever_combined,unknown,7,recIDiDKKrN61Auyr,1,1,1,1,5282,6
lever_combined,unknown,7,rec2ZTsqazBZ3LTWZ,1,1,0,1,9717,3
lever_combined,unknown,7,receo3UUzRvWCqyfA,1,1,1,0,15125,7
lever_combined,unknown,7,recyrk6XBVwugG5u8,1,1,0,1,9149,3
lever_combined,unknown,7,recIlghoOw5VbY4Zh,1,1,1,1,27303,6
lever_control_lexam,lexam,42,09a2eebe-6c96-4f10-bc76-689eec854b43,1,1,0,1,1285,3
lever_control_lexam,lexam,42,b9785176-6859-42c9-829d-0312609916ae,1,1,0,1,1459,3
lever_control_lexam,lexam,42,736a05d4-da8a-4177-8bd9-03d4257ff68f,1,0,0,1,1953,3
lever_control_lexam,lexam,42,53bbecbc-ef12-4b60-9645-04015eeaa4ae,1,1,0,1,2683,3
lever_control_lexam,lexam,42,866f89e9-c8fd-4bef-bf85-e92a7b992cf7,1,1,0,1,2252,3
lever_control_lexam,lexam,42,8afbc6d1-fa2b-4e02-a0f3-af802c5320c3,1,1,0,1,1150,3
lever_control_lexam,lexam,42,f1bdfe14-a0bc-496c-b9ea-49ed1d6d03df,1,0,1,0,4596,6
lever_control_lexam,lexam,42,26263099-799d-4319-baac-3acf978c7c0a,1,1,1,0,7935,6
lever_control_lexam,lexam,42,e7273a6a-d416-452a-9b8c-6998c58fced2,1,1,0,1,1716,3
lever_control_lexam,lexam,42,d60d8887-e23a-4219-be7a-f1f29c281c53,1,0,0,1,1547,3
lever_control_lexam,lexam,42,842abce3-39e3-43a5-8730-a4318fd1c3f1,1,1,0,1,4268,3
lever_control_lexam,lexam,42,0ad0edf4-dc5f-40a3-9ec3-ae70daaa271e,1,1,0,1,4908,3
lever_control_lexam,lexam,42,38783200-42e6-465a-98b8-410a27eb4f56,1,0,1,0,9540,6
lever_control_lexam,lexam,42,8f4ae013-cbd7-4563-9d97-26686b88ea14,1,1,1,0,10163,7
lever_control_lexam,lexam,42,2f078222-29e9-47ce-b441-66921b51b3e7,1,0,0,1,1369,3
lever_control_lexam,lexam,42,ee9c501e-8d41-49d3-85bc-a4a1e8f6a57c,1,1,0,1,1348,3
lever_control_lexam,lexam,42,2cdd4813-3450-4626-8aca-773dfea1f607,1,0,0,1,3836,3
lever_control_lexam,lexam,42,6500b177-e1e0-47f7-b550-8224fba100cf,1,1,0,1,1396,3
lever_control_lexam,lexam,42,b218966a-d22d-412b-b3d1-cffa3755872d,1,1,0,1,1601,3
lever_control_lexam,lexam,42,102d2e11-f391-44a7-b978-a3f83d882f74,1,0,1,0,6166,6
lever_control_lexam,lexam,42,1ac7dcee-1599-464e-949e-8464745c0177,1,0,0,1,8388,3
lever_control_lexam,lexam,42,b9948b7c-c704-456f-bd02-c1bdf8cc17ba,1,0,0,1,4625,3
lever_control_lexam,lexam,42,5515aed1-568b-4a32-ac6d-8a41c70f878e,1,1,0,1,6416,3
lever_control_lexam,lexam,42,99c5edda-c827-4430-8f45-5d0cb7412e4c,1,1,0,1,1273,3
lever_control_lexam,lexam,42,ca114601-0baa-4ada-8b10-26d0ece00f7e,1,1,0,1,2096,3
lever_control_lexam,lexam,42,e2d75efc-b65e-40d1-9fa7-e47d05b2653d,1,1,0,1,1070,3
lever_control_lexam,lexam,42,e1440aa0-1770-4750-8c8e-69cb5dae0df7,1,1,0,1,6580,3
lever_control_lexam,lexam,42,a58581c7-2ffe-412b-819c-9938459733b1,1,1,0,1,1427,3
lever_control_lexam,lexam,42,7d1ed894-dea7-4d33-88b9-efccb20333a4,1,1,1,0,13992,6
lever_control_lexam,lexam,42,e4f77fd4-cd04-4b47-821c-9c969dfc1f80,1,1,0,1,2559,3
lever_control_lexam,lexam,42,a32c143b-f4e0-4c32-9f06-cf4cbf9579b6,1,1,1,0,12221,6
lever_control_lexam,lexam,42,045fd390-346e-4d5a-a82c-5c620a53d207,1,1,0,1,1765,3
lever_control_lexam,lexam,42,7d9a3bb7-c8cf-4a4f-a502-b0c8ea44eef6,1,1,1,0,14574,7
lever_control_lexam,lexam,42,430dc3d6-009b-4da6-8eba-a01f1c58589c,1,1,0,1,1840,3
lever_control_lexam,lexam,42,1aa2d158-1f58-4671-ba73-78b7f64d04d3,1,0,0,1,1427,3
lever_control_lexam,lexam,42,568814d7-2e54-41ab-ac2c-c14f7e17f054,1,1,0,1,1591,3
lever_control_lexam,lexam,42,e7ce2112-cb65-469b-a6ae-fe9b49ebc8f9,1,1,0,1,4321,3
lever_control_lexam,lexam,42,4eadfed1-062d-441f-b86f-a3407bc282e7,1,1,0,1,1975,3
lever_control_lexam,lexam,42,bffa4b3e-2917-424e-a915-9b277f58f54e,1,0,0,1,4850,3
lever_control_lexam,lexam,42,b766bab3-7116-42ee-853e-2eb3f01c0c15,1,0,0,1,1433,3
lever_control_lexam,lexam,42,79b8e5fe-3c1c-434e-8ab4-3f7c6ea87e32,1,1,0,1,5957,3
lever_control_lexam,lexam,42,02d7f932-337e-4f51-b72b-a3054d726c48,1,1,0,1,1312,3
lever_control_lexam,lexam,42,53e67d91-df72-4136-b78c-4be1b900eaae,1,0,0,1,1302,3
lever_control_lexam,lexam,42,8449146d-90ee-4ee9-abe4-94e1beaa0ac2,1,1,1,0,9468,6
lever_control_lexam,lexam,42,658ad4b8-1fb2-4ddf-be33-75064c459692,1,1,0,1,1550,3
lever_control_lexam,lexam,42,9abc219b-82f3-4c7c-91d7-653ae4960d02,1,1,0,1,1398,3
lever_control_lexam,lexam,42,c72132c6-8bcb-4d4c-9d5b-2acbd0cd42e8,1,1,1,0,7446,7
lever_control_lexam,lexam,42,70d58c55-71d9-400a-938a-d79bfa9856e0,1,0,1,0,6048,6
lever_control_lexam,lexam,42,5a6dba84-0a81-48a5-ab34-74049fde90df,1,0,0,1,1721,3
lever_control_lexam,lexam,42,0e6fe784-81bc-454f-9d8c-f3c339fc5205,1,0,1,0,8351,6
lever_control_lexam,lexam,42,f14962d2-fa9c-436a-b283-daf4b770e9cf,1,1,1,0,9042,6
lever_control_lexam,lexam,42,087bd6d4-e66b-4e93-b4b0-eabd3000221a,1,1,0,1,1223,3
lever_control_lexam,lexam,42,fec50c1a-a039-4132-a084-c36540d87d9b,1,1,1,0,4727,6
lever_control_lexam,lexam,42,976c31fb-9a6c-4048-b82c-1103ca9359ae,1,1,0,1,1326,3
lever_control_lexam,lexam,42,c26390d0-3935-4006-a24e-6dfaf39cef80,1,1,0,1,1172,3
lever_control_lexam,lexam,42,b21b13ee-ceae-4883-949a-ca9b4f6c20e1,1,1,1,0,10004,7
lever_control_lexam,lexam,42,85eef1a1-ec5c-4708-b96f-1c231cf70de6,1,1,0,1,1401,3
lever_control_lexam,lexam,42,9975be1d-0c23-4dba-850f-b6e4319c3b4d,1,1,0,1,1242,3
lever_control_lexam,lexam,42,ba413a41-1ebb-4c03-94e7-17e0445511d5,1,1,0,1,7666,3
lever_control_lexam,lexam,42,4d0236c9-d3f2-4c60-8257-7225cddc1be6,1,1,1,0,4692,6
lever_control_lexam,lexam,42,b4ead004-85e3-466a-b962-2aae328bcdb4,1,1,1,0,7480,6
lever_control_lexam,lexam,42,de1c1c2a-bd46-4d81-b319-0fb93481797d,1,0,0,1,1410,3
lever_control_lexam,lexam,42,8b9b4ae4-41fd-42d1-99e5-556b8e900d0d,1,1,0,1,4881,3
lever_control_lexam,lexam,42,5c5b901c-f9f1-4c80-965b-1f9e0b39d3f6,1,1,0,1,1615,3
lever_control_lexam,lexam,42,35e36767-b938-46f1-83db-ea9ad2a3ddc8,1,0,1,0,6682,6
lever_control_lexam,lexam,42,7fe55c7a-82d0-4cca-8b51-455539312689,1,0,0,1,1496,3
lever_control_lexam,lexam,42,3745876e-f1aa-45d4-95e7-515fd94bb067,1,1,0,1,1283,3
lever_control_lexam,lexam,42,1f971333-c7a9-4e08-b7d5-ba53f5d2ab96,1,1,1,0,12103,6
lever_control_lexam,lexam,42,c1b40f1a-b273-4ba1-9ec2-3f0e3665096b,1,1,0,1,1636,3
lever_control_lexam,lexam,42,72d45659-9250-4a9f-9818-3dc1132eb878,1,0,1,0,8839,6
lever_control_lexam,lexam,42,f56522b5-2e36-4188-ad2e-66e5c429cd9a,1,1,1,0,8248,6
lever_control_lexam,lexam,42,00694d7e-6eb2-4f13-af22-1dc87d8194a5,1,1,1,0,5748,6
lever_control_lexam,lexam,42,321d143a-8bc8-4403-a4a7-f7507c124281,1,1,1,0,6421,6
lever_control_lexam,lexam,42,5dc69e0f-1ad8-4f6c-bc29-4c03eef68fbd,1,1,0,1,1159,3
lever_control_lexam,lexam,42,398441e4-df09-4b8d-8d12-7a7bbfc317ef,1,1,0,1,2327,3
lever_control_lexam,lexam,42,85f1cc1d-6881-4ce7-8706-1de83450e79a,1,1,0,1,1271,3
lever_control_lexam,lexam,42,f8ec52b4-b134-48ae-9018-59c104a29796,1,0,1,0,5251,6
lever_control_lexam,lexam,42,1701d694-bddc-4f42-9bb1-b376a7317ce9,1,1,0,1,1500,3
lever_control_lexam,lexam,42,fcdfb402-3cd2-4483-922d-4b1a82d5ff55,1,0,0,1,4398,3
lever_control_lexam,lexam,42,1ed14de1-4b52-423e-98d0-bb9027a17240,1,1,1,0,10669,6
lever_control_lexam,lexam,42,3c051a4b-8387-4378-9c2c-b97e8113918e,1,1,0,1,1458,3
lever_control_lexam,lexam,42,ed64e65a-1ddc-4b6e-ba99-59018a14383f,1,0,1,0,9636,6
lever_control_lexam,lexam,42,9526a1f2-7704-4cb5-9d5f-bac3a623a495,1,1,1,0,7345,6
lever_control_lexam,lexam,42,3c169f97-dc08-40a7-b647-79705eca9fe0,1,1,0,1,2849,3
lever_control_lexam,lexam,42,7f312059-c871-4aae-9f44-9eb4fc8625a1,1,1,0,1,1619,3
lever_control_lexam,lexam,42,2fd8b61d-1c5b-4a09-818c-2780c6d50921,1,1,1,0,14745,7
lever_control_lexam,lexam,42,362a46c3-5a62-4fa8-815e-3212b38d5826,1,1,0,1,1380,3
lever_control_lexam,lexam,42,e49934e7-16cc-455f-b5e7-efef5a34c270,1,1,0,1,1870,3
lever_control_lexam,lexam,42,7020eae4-7abf-48e7-9074-d064e34d30c3,1,1,1,0,7225,7
lever_control_lexam,lexam,42,7f1e923a-ba29-47c6-b42f-497cf1ae387d,1,1,1,0,6835,6
lever_control,unknown,7,recoiTJPGUmzAkief,1,1,0,1,1847,3
lever_control,unknown,7,recooG6bivTUJpDBz,1,0,0,1,9418,3
lever_control,unknown,7,recrHBEJJoDTV05JR,1,1,1,0,13286,7
lever_control,unknown,7,rec527dNeEtWJrYNl,1,1,0,1,1467,3
lever_control,unknown,7,recz3MfYHPRhsEQkW,1,1,1,0,9141,6
lever_control,unknown,7,recYt8xx80OTyDsL0,1,1,0,1,1242,3
lever_control,unknown,7,rec0yTRmO1o1xCA6H,1,0,0,1,1226,3
lever_control,unknown,7,recmwwQJnx7ll7bqL,1,1,0,1,2624,3
lever_control,unknown,7,rec2UlKqC6RFHdcro,1,1,0,1,4284,3
lever_control,unknown,7,recFaL6j8UMhutXrc,1,1,1,0,24594,6
lever_control,unknown,7,reczUoM8JsxU6pYxr,1,1,0,1,3032,3
lever_control,unknown,7,recEmTBhx2hgw6tPQ,1,0,0,1,6780,3
lever_control,unknown,7,recD8oX1KevFbl7bL,1,1,1,0,19692,7
lever_control,unknown,7,recYOzCsevNz61Lyn,1,1,0,1,4396,3
lever_control,unknown,7,recVvpD8miVjmmyfe,1,0,1,0,21358,7
lever_control,unknown,7,recOvqPKUtyy9ISA1,1,0,1,0,22640,6
lever_control,unknown,7,recBXlqrZUCR897It,1,1,1,0,17008,6
lever_control,unknown,7,recDDxpS9s8cwkqfq,1,1,1,0,11315,7
lever_control,unknown,7,recIMcQfaQNa6vzsT,1,1,1,0,11139,7
lever_control,unknown,7,reck4G4xxv3YnpbtQ,1,1,1,0,9686,6
lever_control,unknown,7,rec47oNPXudlTIk4y,1,1,1,0,15536,6
lever_control,unknown,7,recyl3usDqb7ruXJx,1,1,0,1,1976,3
lever_control,unknown,7,reccVBrYdwsB84fGy,1,1,0,1,9243,3
lever_control,unknown,7,recS48OsU6kVadBPW,1,1,0,1,4271,3
lever_control,unknown,7,recPzW1WqRnPs57D6,1,1,0,1,1903,3
lever_control,unknown,7,rec0Arme2jcXQZnAW,1,1,1,0,14170,7
lever_control,unknown,7,rec1zl5LvaatzGhFt,1,1,0,1,5946,3
lever_control,unknown,7,recpki12iG9RUGrz9,1,1,0,1,5291,3
lever_control,unknown,7,recihePFulRgNKsIn,1,0,0,1,3950,3
lever_control,unknown,7,recjJ54TXc04enRkZ,1,0,0,1,8880,3
lever_control,unknown,7,recWxGU8Q4YReJ1tb,1,0,0,1,9172,3
lever_control,unknown,7,recPSTGXK3P39yNYT,1,1,1,0,15922,6
lever_control,unknown,7,recdya6FuYraBU5Rh,1,1,1,0,10032,7
lever_control,unknown,7,recf6ayQmL1SxKbvW,1,0,0,1,1562,3
lever_control,unknown,7,recwW1A85nfyQpReG,1,1,1,0,11934,7
lever_control,unknown,7,recHVUd2DkoKfedJZ,1,1,0,1,9087,3
lever_control,unknown,7,recb80OwMgNnceA9t,1,0,1,0,18890,6
lever_control,unknown,7,rec06pnAkLOr2t2mp,1,1,0,1,2833,3
lever_control,unknown,7,recQ8oxSY2aCwFRS8,1,1,0,1,3475,3
lever_control,unknown,7,recXsYa3i2UhGF5fe,1,1,1,0,7482,7
lever_control,unknown,7,recAYkd96NNuNl1Ei,1,0,0,1,1067,3
lever_control,unknown,7,recRTiyaRymerDJ4y,1,1,1,0,9713,7
lever_control,unknown,7,recRhwQwHijW0gCLo,1,1,1,0,23274,7
lever_control,unknown,7,recINSFEYLCyyd08m,1,1,1,0,18575,7
lever_control,unknown,7,recJZ3QEfRKjYw9a7,1,1,1,0,16865,6
lever_control,unknown,7,recb4cGsC6BJUCU3V,1,0,0,1,4411,3
lever_control,unknown,7,rectlyG9pCAAuWhoB,1,0,0,1,6626,3
lever_control,unknown,7,recRZjaElf8ft7xTq,1,1,1,0,11915,7
lever_control,unknown,7,recYCMJWH7IpcdqwE,1,1,0,1,9888,3
lever_control,unknown,7,rechKl68Uc6H7vU0N,1,1,1,0,18442,7
lever_control,unknown,7,recxsX66ktJ1Lwt4f,1,1,0,1,1680,3
lever_control,unknown,7,reca44yABeO2fx7UB,1,0,1,0,20858,6
lever_control,unknown,7,recvlnu8BuLmXZhSX,1,1,1,0,16423,7
lever_control,unknown,7,recMicVBcqy1xM1jq,1,0,0,1,5370,3
lever_control,unknown,7,recLrRirj7iXoB0rU,1,1,0,1,4447,3
lever_control,unknown,7,recReg13iV2HwJTaA,1,1,0,1,3396,3
lever_control,unknown,7,recZWeueB7lSPR6wN,1,1,0,1,6558,3
lever_control,unknown,7,recZbxrocrxh9YENH,1,0,0,1,12373,3
lever_control,unknown,7,recVE8cUNHpHZIAvL,1,1,0,1,8904,3
lever_control,unknown,7,rec32C1ZEapBnCC0E,1,1,1,0,13051,7
lever_control,unknown,7,recclFbsjbaiVVnnV,1,0,1,0,23059,6
lever_control,unknown,7,recKv4hFyNpViUXnL,1,1,0,1,7462,3
lever_control,unknown,7,recXvQ6gWAmyakrpD,1,1,0,1,6251,3
lever_control,unknown,7,rec4L69T0Y1AS4AFS,1,1,0,1,1930,3
lever_control,unknown,7,recl1UtgTVKishAq4,1,0,0,1,12010,3
lever_control,unknown,7,recUc29lMDBEvurYo,1,1,1,0,18602,7
lever_control,unknown,7,recQiWOxhkXRz9NVE,1,1,0,1,8421,3
lever_control,unknown,7,recGFKDUd8qgz81Zl,1,1,1,0,10008,7
lever_control,unknown,7,recxTy0x7M6T9ikc0,1,1,0,1,10556,3
lever_control,unknown,7,recXsuOHRBLcyenF2,1,1,0,1,974,3
lever_control,unknown,7,recKm6LNWykGapmCr,1,1,1,0,7303,7
lever_control,unknown,7,recCJJOeBGERaHYax,1,1,0,1,9200,3
lever_control,unknown,7,receYQxnUBvxPcvbQ,1,1,0,1,6927,3
lever_control,unknown,7,recb2M22zaD3tL6Qc,1,0,0,1,7187,3
lever_control,unknown,7,recqFDvYKKRmbnoUb,1,1,0,1,2055,3
lever_control,unknown,7,recfTlTMjZBuOducT,1,1,0,1,6548,3
lever_control,unknown,7,recUBgVlkKzcRPDdK,1,0,1,0,11375,6
lever_control,unknown,7,recIlghoOw5VbY4Zh,1,1,0,1,4310,3
lever_control,unknown,7,reccOKzFNmyqeJ6ry,1,1,0,1,1520,3
lever_control,unknown,7,recLB0EkQ54bYVhnd,1,1,1,0,11315,7
lever_control,unknown,7,recKcjTwONILZqHAX,1,1,0,1,1398,3
lever_control,unknown,7,recNu3MXkvWUzHZr9,1,1,1,0,10314,7
lever_control,unknown,7,rec0wZvZgiz320KRs,1,1,1,0,11522,7
lever_control,unknown,7,recmI7EiLv72PxmYK,1,1,1,0,9697,7
lever_control,unknown,7,recmkvk6EFAmqyMxR,1,1,1,0,9445,7
lever_control,unknown,7,recIDiDKKrN61Auyr,1,1,0,1,1148,3
lever_control,unknown,7,reczkBiPPNrNN49Hp,1,1,0,1,4131,3
lever_control,unknown,7,rec2ZTsqazBZ3LTWZ,1,1,0,1,8256,3
lever_control,unknown,7,receo3UUzRvWCqyfA,1,1,1,0,9788,6
lever_control,unknown,7,recyrk6XBVwugG5u8,1,1,1,0,18734,7
lever_control__replicate,unknown,7,recoiTJPGUmzAkief,1,1,0,1,2712,3
lever_control__replicate,unknown,7,recz3MfYHPRhsEQkW,1,1,0,1,4111,3
lever_control__replicate,unknown,7,recooG6bivTUJpDBz,1,0,0,1,7125,3
lever_control__replicate,unknown,7,recrHBEJJoDTV05JR,1,1,1,0,16534,7
lever_control__replicate,unknown,7,recFaL6j8UMhutXrc,1,0,0,1,7725,3
lever_control__replicate,unknown,7,recYt8xx80OTyDsL0,1,1,0,1,1177,3
lever_control__replicate,unknown,7,rec527dNeEtWJrYNl,1,1,1,0,6797,6
lever_control__replicate,unknown,7,rec0yTRmO1o1xCA6H,1,0,0,1,1178,3
lever_control__replicate,unknown,7,recmwwQJnx7ll7bqL,1,1,0,1,2558,3
lever_control__replicate,unknown,7,rec2UlKqC6RFHdcro,1,1,0,1,3423,3
lever_control__replicate,unknown,7,recD8oX1KevFbl7bL,1,1,0,1,5640,3
lever_control__replicate,unknown,7,reczUoM8JsxU6pYxr,1,1,0,1,3274,3
lever_control__replicate,unknown,7,recEmTBhx2hgw6tPQ,1,0,0,1,6875,3
lever_control__replicate,unknown,7,recYOzCsevNz61Lyn,1,1,0,1,5170,3
lever_control__replicate,unknown,7,recBXlqrZUCR897It,1,1,1,0,15442,6
lever_control__replicate,unknown,7,rec47oNPXudlTIk4y,1,0,1,0,13298,6
lever_control__replicate,unknown,7,recDDxpS9s8cwkqfq,1,1,1,0,17409,7
lever_control__replicate,unknown,7,recIMcQfaQNa6vzsT,1,1,0,1,3186,3
lever_control__replicate,unknown,7,rec0Arme2jcXQZnAW,1,0,0,1,4464,3
lever_control__replicate,unknown,7,recOvqPKUtyy9ISA1,1,1,1,0,24171,6
lever_control__replicate,unknown,7,reck4G4xxv3YnpbtQ,1,0,0,1,4357,3
lever_control__replicate,unknown,7,recyl3usDqb7ruXJx,1,1,0,1,2670,3
lever_control__replicate,unknown,7,recS48OsU6kVadBPW,1,1,0,1,3883,3
lever_control__replicate,unknown,7,recPzW1WqRnPs57D6,1,1,0,1,1267,3
lever_control__replicate,unknown,7,recVvpD8miVjmmyfe,1,0,1,0,25492,7
lever_control__replicate,unknown,7,rec1zl5LvaatzGhFt,1,1,0,1,4422,3
lever_control__replicate,unknown,7,recPSTGXK3P39yNYT,1,1,0,1,4535,3
lever_control__replicate,unknown,7,recihePFulRgNKsIn,1,0,0,1,2504,3
lever_control__replicate,unknown,7,reccVBrYdwsB84fGy,1,1,1,0,12501,7
lever_control__replicate,unknown,7,recjJ54TXc04enRkZ,1,0,0,1,6596,3
lever_control__replicate,unknown,7,recpki12iG9RUGrz9,1,1,1,0,13228,7
lever_control__replicate,unknown,7,recRhwQwHijW0gCLo,1,1,1,0,22776,7
lever_control__replicate,unknown,7,recdya6FuYraBU5Rh,1,1,1,0,14436,7
lever_control__replicate,unknown,7,recf6ayQmL1SxKbvW,1,0,0,1,1528,3
lever_control__replicate,unknown,7,recXsYa3i2UhGF5fe,1,1,0,1,1869,3
lever_control__replicate,unknown,7,recb80OwMgNnceA9t,1,1,1,0,18020,6
lever_control__replicate,unknown,7,recwW1A85nfyQpReG,1,1,1,0,12394,7
lever_control__replicate,unknown,7,recHVUd2DkoKfedJZ,1,1,0,1,9126,3
lever_control__replicate,unknown,7,rec06pnAkLOr2t2mp,1,1,0,1,1536,3
lever_control__replicate,unknown,7,recQ8oxSY2aCwFRS8,1,1,0,1,4138,3
lever_control__replicate,unknown,7,recAYkd96NNuNl1Ei,1,0,1,0,3989,6
lever_control__replicate,unknown,7,recRTiyaRymerDJ4y,1,1,1,0,8419,7
lever_control__replicate,unknown,7,recINSFEYLCyyd08m,1,1,1,0,15087,7
lever_control__replicate,unknown,7,recWxGU8Q4YReJ1tb,1,1,1,0,22855,6
lever_control__replicate,unknown,7,recRZjaElf8ft7xTq,1,0,0,1,1502,3
lever_control__replicate,unknown,7,recb4cGsC6BJUCU3V,1,0,0,1,2461,3
lever_control__replicate,unknown,7,recJZ3QEfRKjYw9a7,1,1,1,0,13537,7
lever_control__replicate,unknown,7,rectlyG9pCAAuWhoB,1,0,0,1,6561,3
lever_control__replicate,unknown,7,recYCMJWH7IpcdqwE,1,1,0,1,9857,3
lever_control__replicate,unknown,7,rechKl68Uc6H7vU0N,1,1,1,0,19051,6
lever_control__replicate,unknown,7,recvlnu8BuLmXZhSX,1,1,1,0,11233,7
lever_control__replicate,unknown,7,recxsX66ktJ1Lwt4f,1,1,0,1,1687,3
lever_control__replicate,unknown,7,recMicVBcqy1xM1jq,1,0,0,1,5638,3
lever_control__replicate,unknown,7,reca44yABeO2fx7UB,1,1,1,0,21797,6
lever_control__replicate,unknown,7,recLrRirj7iXoB0rU,1,1,0,1,6753,3
lever_control__replicate,unknown,7,recReg13iV2HwJTaA,1,1,0,1,3370,3
lever_control__replicate,unknown,7,recclFbsjbaiVVnnV,1,0,1,0,16162,6
lever_control__replicate,unknown,7,rec32C1ZEapBnCC0E,1,1,0,1,5727,3
lever_control__replicate,unknown,7,recZWeueB7lSPR6wN,1,0,1,0,9637,6
lever_control__replicate,unknown,7,recGFKDUd8qgz81Zl,1,1,0,1,2808,3
lever_control__replicate,unknown,7,recVE8cUNHpHZIAvL,1,1,1,0,16700,6
lever_control__replicate,unknown,7,recXvQ6gWAmyakrpD,1,1,0,1,6845,3
lever_control__replicate,unknown,7,recUc29lMDBEvurYo,1,1,1,0,17677,7
lever_control__replicate,unknown,7,recZbxrocrxh9YENH,1,1,1,0,17351,7
lever_control__replicate,unknown,7,recKv4hFyNpViUXnL,1,1,1,0,12500,7
lever_control__replicate,unknown,7,rec4L69T0Y1AS4AFS,1,1,0,1,4507,3
lever_control__replicate,unknown,7,recUBgVlkKzcRPDdK,1,0,0,1,3995,3
lever_control__replicate,unknown,7,recKm6LNWykGapmCr,1,0,0,1,1634,3
lever_control__replicate,unknown,7,recl1UtgTVKishAq4,1,0,0,1,12958,3
lever_control__replicate,unknown,7,recXsuOHRBLcyenF2,1,1,0,1,1101,3
lever_control__replicate,unknown,7,recLB0EkQ54bYVhnd,1,0,0,1,4881,3
lever_control__replicate,unknown,7,recxTy0x7M6T9ikc0,1,1,0,1,14316,3
lever_control__replicate,unknown,7,receYQxnUBvxPcvbQ,1,1,0,1,4342,3
lever_control__replicate,unknown,7,recqFDvYKKRmbnoUb,1,1,0,1,2139,3
lever_control__replicate,unknown,7,recb2M22zaD3tL6Qc,1,1,0,1,13168,3
lever_control__replicate,unknown,7,recIlghoOw5VbY4Zh,1,1,0,1,3420,3
lever_control__replicate,unknown,7,recCJJOeBGERaHYax,1,1,1,0,17195,6
lever_control__replicate,unknown,7,reccOKzFNmyqeJ6ry,1,1,0,1,1616,3
lever_control__replicate,unknown,7,recKcjTwONILZqHAX,1,1,0,1,2553,3
lever_control__replicate,unknown,7,rec0wZvZgiz320KRs,1,1,1,0,7345,7
lever_control__replicate,unknown,7,recNu3MXkvWUzHZr9,1,1,1,0,8776,7
lever_control__replicate,unknown,7,recfTlTMjZBuOducT,1,1,1,0,16168,7
lever_control__replicate,unknown,7,reczkBiPPNrNN49Hp,1,1,0,1,4787,3
lever_control__replicate,unknown,7,recIDiDKKrN61Auyr,1,1,0,1,1140,3
lever_control__replicate,unknown,7,recmI7EiLv72PxmYK,1,1,1,0,16012,7
lever_control__replicate,unknown,7,recmkvk6EFAmqyMxR,1,1,1,0,13336,7
lever_control__replicate,unknown,7,rec2ZTsqazBZ3LTWZ,1,1,0,1,10105,3
lever_control__replicate,unknown,7,receo3UUzRvWCqyfA,1,1,1,0,11846,6
lever_control__replicate,unknown,7,recyrk6XBVwugG5u8,1,1,1,0,15958,7
lever_control_supergpqa,supergpqa,123,10189f626a71458193ceb74c22288670,1,0,0,1,11829,3
lever_control_supergpqa,supergpqa,123,f3dbbb1c935242e287d05399a283167a,1,0,0,1,1515,3
lever_control_supergpqa,supergpqa,123,28940f5e66204d6d8da272c94357c949,1,0,1,0,13979,7
lever_control_supergpqa,supergpqa,123,e459d523e32a40e483fa37877ae37dd7,1,1,0,1,6467,3
lever_control_supergpqa,supergpqa,123,3379eb264f7a44fcbb8967c1257d8ef1,1,0,0,1,2240,3
lever_control_supergpqa,supergpqa,123,ea4794c5a4774d66b38264b39f2fe72d,1,1,1,0,19843,7
lever_control_supergpqa,supergpqa,123,c4f6b8482b184c0b98b6d72d00204932,1,1,1,0,18597,7
lever_control_supergpqa,supergpqa,123,cef6e3a767534afab6be3925eee3908f,1,1,0,1,4063,3
lever_control_supergpqa,supergpqa,123,a171bbfccbe24401a400031c59b4af26,1,1,1,0,18241,7
lever_control_supergpqa,supergpqa,123,dff99ba339964cb9b6ab381b618355b5,1,0,0,1,9329,3
lever_control_supergpqa,supergpqa,123,93fb85fa16e54fffb106e0e8b6ea0a41,1,1,1,0,14627,7
lever_control_supergpqa,supergpqa,123,8e138fad2c6a4a5d94d6c17aa87bd47e,1,0,1,0,12212,7
lever_control_supergpqa,supergpqa,123,03ccb89aa12341928fc94ffc1721820d,1,1,0,1,8131,3
lever_control_supergpqa,supergpqa,123,b586d22adc1340dcb0af3966063009ee,1,0,0,1,1618,3
lever_control_supergpqa,supergpqa,123,10e238c23efe47cf85d9718dfea21752,1,0,1,0,22798,7
lever_control_supergpqa,supergpqa,123,e7ed8b4f392140368530a851521d82e0,1,0,0,1,3799,3
lever_control_supergpqa,supergpqa,123,9bffaf0a268949899e234cf7a4299f16,1,0,1,0,16316,7
lever_control_supergpqa,supergpqa,123,937e75090a8a4e4f8dd14f6330f14ed4,1,1,0,1,8326,3
lever_control_supergpqa,supergpqa,123,43b85949f89c4ced866cc8222329c0d5,1,1,1,0,12403,7
lever_control_supergpqa,supergpqa,123,27a902f1fd954aef804640412578914b,1,1,0,1,1101,3
lever_control_supergpqa,supergpqa,123,345786092a354c1e90c6b2004b9d5719,1,0,0,1,8301,3
lever_control_supergpqa,supergpqa,123,4a0b44d076df4b458538e29e594ab4a8,1,1,0,1,6467,3
lever_control_supergpqa,supergpqa,123,53185f05190546179a849bb17515c3b5,1,1,1,0,13185,7
lever_control_supergpqa,supergpqa,123,b389bd8fda16458da390b0aeefa9328c,1,1,0,1,9295,3
lever_control_supergpqa,supergpqa,123,0798fd9db4e14572a71233e3b6e3acbd,1,1,1,0,8332,7
lever_control_supergpqa,supergpqa,123,b3743d924802472a989b477f6b0345af,1,1,0,1,9608,3
lever_control_supergpqa,supergpqa,123,2e1738795281443cbc6067913cc2162b,1,0,0,1,4907,3
lever_control_supergpqa,supergpqa,123,7a9df24be1fa4c2ebb1d80d46daf7203,1,1,0,1,1506,3
lever_control_supergpqa,supergpqa,123,23e717d973b547e1839a1e41467174ad,1,0,1,0,18330,7
lever_control_supergpqa,supergpqa,123,287b698ee9404cd9bca05074a5f2e382,1,1,1,0,20941,7
lever_control_supergpqa,supergpqa,123,0c5b12065dff42d386db06e43ed8b632,1,0,0,1,2601,3
lever_control_supergpqa,supergpqa,123,f36a5f7ac1104f8f976b65b4bb352cc6,1,1,0,1,6772,3
lever_control_supergpqa,supergpqa,123,2dc1e5336b3c4da59b7bdd773371ed9b,1,1,1,0,21569,7
lever_control_supergpqa,supergpqa,123,a6d224d814c74b14b05cbc915f94c318,1,0,1,0,28926,7
lever_control_supergpqa,supergpqa,123,f0cb01ea21ce4febb636008055080398,1,1,0,1,7260,3
lever_control_supergpqa,supergpqa,123,45337265a83048bc99fd9c20a79a4937,1,1,1,0,9838,7
lever_control_supergpqa,supergpqa,123,7becb6c49d3d402686a0eafc9041a91f,1,1,0,1,1616,3
lever_control_supergpqa,supergpqa,123,01eb5d6dafa04f91b785e456c88d12d7,1,0,1,0,9533,7
lever_control_supergpqa,supergpqa,123,904a4aeefbb644f684bed204a8647109,1,1,1,0,16998,7
lever_control_supergpqa,supergpqa,123,c7d8cdb8547648f0aebb0de1e9d33105,1,1,1,0,16067,7
lever_control_supergpqa,supergpqa,123,abcb96943b3241f5bda9f3b6765fe5a0,1,1,1,0,12588,7
lever_control_supergpqa,supergpqa,123,0619ff74bac54d10a1912900ca5901d7,1,0,1,0,19588,7
lever_control_supergpqa,supergpqa,123,60568684a6c7436cb002aaaae1224044,1,1,0,1,5485,3
lever_control_supergpqa,supergpqa,123,5e20b93a9d8e4171836aa1e0e5320730,1,0,0,1,1433,3
lever_control_supergpqa,supergpqa,123,210b3664e51b43bbab0d4b1bfa4668d0,1,0,0,1,8296,3
lever_control_supergpqa,supergpqa,123,48de38a79dd148da89ca4bf92c8bddd1,1,0,0,1,1492,3
lever_control_supergpqa,supergpqa,123,a4c88f95e21f4fb4bcb82fb49377a5d5,1,0,0,1,2544,3
lever_control_supergpqa,supergpqa,123,f4c026d1f3e945a5a3829d02351a7560,1,1,0,1,2688,3
lever_control_supergpqa,supergpqa,123,405821e0aa2f42c594b673d3e1273026,1,0,1,0,14629,7
lever_control_supergpqa,supergpqa,123,5e95ac70fd304758a6bd82c6230f0ebc,1,1,1,0,19759,7
lever_control_supergpqa,supergpqa,123,d008e4e5fa3740599a6cdbb6afef7e06,1,1,0,1,8322,3
lever_control_supergpqa,supergpqa,123,67737a767408432796a707a8a10d859b,1,1,1,0,9690,7
lever_control_supergpqa,supergpqa,123,4284e998fada4c82963c98155b243a6d,1,0,0,1,8900,3
lever_control_supergpqa,supergpqa,123,7cba4178aa2b47d8abd5c11113bcd92f,1,0,0,1,6142,3
lever_control_supergpqa,supergpqa,123,3f8989b3db06466787aa75da59bd29f5,1,0,0,1,5819,3
lever_control_supergpqa,supergpqa,123,b41fbe0149264bc98901fdcaa06e84d7,1,1,1,0,14919,7
lever_control_supergpqa,supergpqa,123,3c4c69c60cc840138881e84e7dfc53c2,1,0,0,1,1490,3
lever_control_supergpqa,supergpqa,123,505cf024c3d34a8cad5631b7c487733c,1,1,1,0,21825,7
lever_control_supergpqa,supergpqa,123,a4d720c59e7844a792c74c8f11f39f32,1,1,1,0,17270,7
lever_control_supergpqa,supergpqa,123,00f8026cfff64ca1b556ed8e3ee5084b,1,1,1,0,11814,7
lever_control_supergpqa,supergpqa,123,19216cc8085c4e9089ba5d9e765fc373,1,1,0,1,1906,3
lever_control_supergpqa,supergpqa,123,1bc58f1386a149d9978e41488ed96e44,1,1,1,0,16814,7
lever_control_supergpqa,supergpqa,123,c134c966d6d04da0b1d6b1a268a70744,1,0,0,1,1973,3
lever_control_supergpqa,supergpqa,123,88525de50e7d4b47830c6eb98c9f17d2,1,1,0,1,9416,3
lever_control_supergpqa,supergpqa,123,a1fe1674694645b8914102f518ba1dbd,1,1,0,1,6865,3
lever_control_supergpqa,supergpqa,123,b3d0389dfc294bc2a3a305710907635c,1,1,0,1,12807,3
lever_control_supergpqa,supergpqa,123,e1fab0b4cf6d474bb0f67c5b31a8820a,1,1,0,1,7098,3
lever_control_supergpqa,supergpqa,123,80ecabf1688e4be3bb3f9c0181947167,1,0,0,1,6502,3
lever_control_supergpqa,supergpqa,123,e26b923888d1415f9c76de764ba146b0,1,0,0,1,5648,3
lever_control_supergpqa,supergpqa,123,7753d398f364454d84d42d1d81b3537b,1,1,1,0,15544,7
lever_control_supergpqa,supergpqa,123,c417a559e8b44c698489454d49cfc72f,1,1,0,1,8190,3
lever_control_supergpqa,supergpqa,123,3fe28bc716c245ed80ddac64604a5d82,1,1,0,1,2087,3
lever_control_supergpqa,supergpqa,123,9f8ccb34f3cf4eb1b8459927abbbca9c,1,1,0,1,8509,3
lever_control_supergpqa,supergpqa,123,ebe13c146960463e8ea8c439076c0f1f,1,1,0,1,4958,3
lever_control_supergpqa,supergpqa,123,be49b5e8f608434db1b5147ca20fb19b,1,1,1,0,13323,7
lever_control_supergpqa,supergpqa,123,64a904ae6727433ea41ef31690ba0711,1,1,1,0,7904,7
lever_control_supergpqa,supergpqa,123,98273697cfe64c44b258fcf337adbd0e,1,1,1,0,11513,7
lever_control_supergpqa,supergpqa,123,bf42bdb404084228996458cc4ff2e9dd,1,1,0,1,7347,3
lever_control_supergpqa,supergpqa,123,24e2c4692bdf48ea9323dc867b09f891,1,1,1,0,16128,7
lever_control_supergpqa,supergpqa,123,095e4a649d634eef99b6be4b39625b09,1,1,1,0,15507,7
lever_control_supergpqa,supergpqa,123,d99bd9be83bd49ea8a9da3bf863bbd5f,1,1,1,0,26282,7
lever_control_supergpqa,supergpqa,123,afe0ed4d48c54836b7c7290a88c48c6a,1,0,1,0,15823,7
lever_control_supergpqa,supergpqa,123,1f3d33e572a44b1681f2a328042e2218,1,1,0,1,3144,3
lever_control_supergpqa,supergpqa,123,2810b2b7944c4905b3dcb543060e32c4,1,0,1,0,9695,6
lever_control_supergpqa,supergpqa,123,ca835c9753b3495881d157093a494969,1,1,0,1,8326,3
lever_control_supergpqa,supergpqa,123,e086530f5eee4ec3b687fb2ef2bf1e18,1,0,1,0,7137,7
lever_control_supergpqa,supergpqa,123,90295a93faf14a3fb0a9a42dc7a54ee0,1,1,1,0,23324,7
lever_control_supergpqa,supergpqa,123,1d20f67dc3f848e791ee5d1ea58acba2,1,1,1,0,14107,6
lever_control_supergpqa,supergpqa,271,c69b37c168c0442d8535be75e705658e,1,0,0,1,3827,3
lever_control_supergpqa,supergpqa,271,8df1ce32bc37459a8e09994c1a69be1b,1,1,1,0,17894,7
lever_control_supergpqa,supergpqa,271,6b1823e9cf1a408394028492a2543d2f,1,1,0,1,5828,3
lever_control_supergpqa,supergpqa,271,ae3cc3ad3166484cbe83f9cd3b604761,1,1,1,0,15350,7
lever_control_supergpqa,supergpqa,271,667bfe0ed4b9420cab5fdfd122909d26,1,0,0,1,5762,3
lever_control_supergpqa,supergpqa,271,81bb88e7883d4fc7aae41299e7522a01,1,0,0,1,9040,3
lever_control_supergpqa,supergpqa,271,62f9e0bfbb3e4ca7ac35c6968bbc1a96,1,0,1,0,12692,6
lever_control_supergpqa,supergpqa,271,950df3915a04434eab77d8f4f0322b84,1,1,0,1,5883,3
lever_control_supergpqa,supergpqa,271,d637308b16d4406f8d467e25c2b9ed4b,1,1,0,1,1516,3
lever_control_supergpqa,supergpqa,271,d735b8507f654bb19440357d19395199,1,1,1,0,21588,7
lever_control_supergpqa,supergpqa,271,5fcfe657cd5748408e39a90ef94ad757,1,1,1,0,13417,7
lever_control_supergpqa,supergpqa,271,be091c3945a54db99326f44605f5aadf,1,0,0,1,9366,3
lever_control_supergpqa,supergpqa,271,ba968b5d723c4e148fd8dd326314f7ad,1,0,1,0,18137,7
lever_control_supergpqa,supergpqa,271,423099d02b5642939e9550ce9eca1f31,1,1,1,0,4805,6
lever_control_supergpqa,supergpqa,271,9a21e0b2e2a94a3787d79b8b68b2fe5a,1,1,0,1,9029,3
lever_control_supergpqa,supergpqa,271,700b8287d2af47898340c7c01fb3a354,1,1,1,0,16700,7
lever_control_supergpqa,supergpqa,271,f9a33d8f93a746ec8c6431a2b6bce193,1,1,0,1,4481,3
lever_control_supergpqa,supergpqa,271,0256b93a2457448cb7ca2c06fd7b66cd,1,1,0,1,4148,3
lever_control_supergpqa,supergpqa,271,08a4102166144f5d922ce24ee38463d4,1,0,1,0,12197,7
lever_control_supergpqa,supergpqa,271,8592bcd761ff42b0a42cfa99fb3e497c,1,1,1,0,9440,6
lever_control_supergpqa,supergpqa,271,8e40cd53b45a4b15ac686b1de9f0c732,1,0,0,1,1246,3
lever_control_supergpqa,supergpqa,271,f303c96caa884a1d83af52b6df8f2ae9,1,0,0,1,1226,3
lever_control_supergpqa,supergpqa,271,0e971ef965cc4f0582b90c5b7b15e048,1,1,1,0,14743,7
lever_control_supergpqa,supergpqa,271,dfe791a34609485cad4160cb7b7a9921,1,1,1,0,19782,7
lever_control_supergpqa,supergpqa,271,0a6a29e816074835b6ac6886e3575da6,1,1,0,1,2646,3
lever_control_supergpqa,supergpqa,271,3bb9bdcf2aae48e5a62161a1578a5df5,1,0,0,1,6703,3
lever_control_supergpqa,supergpqa,271,cc07381e5bd4405fa179ca1b4f716345,1,1,0,1,8256,3
lever_control_supergpqa,supergpqa,271,644f2d1d1e644326a8da88e2010deeff,1,1,1,0,19892,7
lever_control_supergpqa,supergpqa,271,2c80ad52c2324c3ab0b78cbad3437367,1,0,0,1,8459,3
lever_control_supergpqa,supergpqa,271,8152cb30d5e44cf5824639f5c1f87b68,1,1,1,0,16669,7
lever_control_supergpqa,supergpqa,271,42c21a0221b74afebe151a545114e59f,1,1,0,1,1374,3
lever_control_supergpqa,supergpqa,271,9cfa56aef69d4ca9b5801d28f2cd1e00,1,1,0,1,2205,3
lever_control_supergpqa,supergpqa,271,664f513b52d340afbc7d6ecce20671f3,1,1,0,1,5054,3
lever_control_supergpqa,supergpqa,271,86ad4780d9e843f7b8a98e208abf3a52,1,0,0,1,8445,3
lever_control_supergpqa,supergpqa,271,e13b5563e1eb450d94962f013c3ae36a,1,0,1,0,15276,7
lever_control_supergpqa,supergpqa,271,937463eca06f4d778540791c4e2da3b7,1,1,1,0,17291,7
lever_control_supergpqa,supergpqa,271,c5bc0452236e47068ed4e570875ea4d2,1,1,1,0,12658,7
lever_control_supergpqa,supergpqa,271,f82319d73b044735be5dfe1187da76f8,1,0,0,1,1965,3
lever_control_supergpqa,supergpqa,271,db63f2730520468e86d5071599d6cffd,1,1,1,0,18084,7
lever_control_supergpqa,supergpqa,271,8ed91874efe844458592ce5db5ba6aec,1,0,0,1,1596,3
lever_control_supergpqa,supergpqa,271,37cb2e257bb449cf951354ed79d9faed,1,1,0,1,1328,3
lever_control_supergpqa,supergpqa,271,a914371a88744c8e9433972f5624fca4,1,1,1,0,18316,7
lever_control_supergpqa,supergpqa,271,0cec965e083d473b91baf8419e499266,1,0,0,1,1688,3
lever_control_supergpqa,supergpqa,271,6394e81994e74f66baadec99cfaf103e,1,1,1,0,15605,7
lever_control_supergpqa,supergpqa,271,a05ccae7bcc14d9791e97e9f628ca88e,1,0,0,1,4941,3
lever_control_supergpqa,supergpqa,271,5b52a5d2e16147c48ba126e8d7b14f27,1,1,0,1,10554,3
lever_control_supergpqa,supergpqa,271,f4a869b1b9484dbf8c0540064d101ea1,1,1,0,1,2386,3
lever_control_supergpqa,supergpqa,271,437cfa50474b432ca76856889904d972,1,0,1,0,24891,7
lever_control_supergpqa,supergpqa,271,d5aeeab54d66402884025a6038acd942,1,1,0,1,2070,3
lever_control_supergpqa,supergpqa,271,2a6cd8ccbd7d42ad9cf12e178c94b946,1,0,1,0,11936,7
lever_control_supergpqa,supergpqa,271,8220134735164021974f2c9cb3fe485e,1,0,0,1,6873,3
lever_control_supergpqa,supergpqa,271,2fbb335d9144491da36f525024d4fa4a,1,1,0,1,1436,3
lever_control_supergpqa,supergpqa,271,001ea608b585461abf01ae38e9cd380c,1,1,1,0,14432,7
lever_control_supergpqa,supergpqa,271,16cef3414b88465496646fb53ecb3357,1,1,1,0,22583,7
lever_control_supergpqa,supergpqa,271,d0fc74cd11664ab2a3dbee8d055afb5d,1,0,0,1,8510,3
lever_control_supergpqa,supergpqa,271,74c0789f36bc46b08cdc2fbdfa488b2c,1,1,0,1,1186,3
lever_control_supergpqa,supergpqa,271,9a5556075b3047a18d44f2024d367249,1,0,1,0,16677,6
lever_control_supergpqa,supergpqa,271,617b2dd1258d4613af5936776fd69d09,1,1,1,0,20579,7
lever_control_supergpqa,supergpqa,271,0a17de3f76d141a4abf081610dee0248,1,1,1,0,17443,7
lever_control_supergpqa,supergpqa,271,7b90a6c0ad344c569ca3c1a8b85fc37e,1,1,1,0,23409,7
lever_control_supergpqa,supergpqa,271,a3f592957d154bafb00025aa580c1f59,1,1,1,0,15643,6
lever_control_supergpqa,supergpqa,271,dae4002886484ca9b3f2e329a73e69f9,1,0,0,1,8719,3
lever_control_supergpqa,supergpqa,271,c02bdc589b28470f9e8c9ebaf715cfd0,1,1,0,1,990,3
lever_control_supergpqa,supergpqa,271,2b7c420445b941ee9c6c30974c8910f6,1,1,0,1,8360,3
lever_control_supergpqa,supergpqa,271,075a3d9c2ade4393b154cb4cb885d232,1,1,1,0,16919,7
lever_control_supergpqa,supergpqa,271,c9a90d77920e426592a8016b8282d0b4,1,1,0,1,8268,3
lever_control_supergpqa,supergpqa,271,f63cf000cb004ff989417e027221c056,1,0,0,1,1437,3
lever_control_supergpqa,supergpqa,271,ecbdd9947fd94b588f3873caed11ffeb,1,0,0,1,1286,3
lever_control_supergpqa,supergpqa,271,dbb0051f0dc54c399a92967f5f8d3adf,1,1,0,1,1328,3
lever_control_supergpqa,supergpqa,271,984102446bb9410db4813f0135c7b86b,1,1,1,0,14305,7
lever_control_supergpqa,supergpqa,271,9ab1011859954a9da4ebea4ceaa3f4bc,1,1,1,0,25200,7
lever_control_supergpqa,supergpqa,271,5311909efaca4ab580654676d1850946,1,1,0,1,3564,3
lever_control_supergpqa,supergpqa,271,ac0c51aebdc54ae4a2ab973206aa6a63,1,1,0,1,9199,3
lever_control_supergpqa,supergpqa,271,0fa712ebccaa4d23849cc1f4904445f4,1,1,0,1,3458,3
lever_control_supergpqa,supergpqa,271,8663d52325714e76ad7e012721316c23,1,0,0,1,9390,3
lever_control_supergpqa,supergpqa,271,ef0b43160d8241c6bbaf4a579a6370f7,1,1,1,0,18026,7
lever_control_supergpqa,supergpqa,271,787c2342e0ef4aaa85f1bd2fcedd9fe0,1,0,0,1,6075,3
lever_control_supergpqa,supergpqa,271,937e75090a8a4e4f8dd14f6330f14ed4,1,1,1,0,18029,7
lever_control_supergpqa,supergpqa,271,82a54ba5be6e4550b70b18e7dc13d5c9,1,1,1,0,10243,7
lever_control_supergpqa,supergpqa,271,706e5c2922d54efdb65739a97378b9aa,1,1,1,0,21284,7
lever_control_supergpqa,supergpqa,271,8c908849bd1640a1a991bf8de055826c,1,1,0,1,1438,3
lever_control_supergpqa,supergpqa,271,42fc314addcb4e3580e011b12cde0406,1,0,0,1,1290,3
lever_control_supergpqa,supergpqa,271,3f99cdb3a05942cfa51b0862814020fc,1,1,1,0,9865,7
lever_control_supergpqa,supergpqa,271,0f992c29ab324c379406fabdcf277a68,1,1,1,0,13653,7
lever_control_supergpqa,supergpqa,271,15be8f8e252644028475951da8318593,1,0,0,1,8911,3
lever_control_supergpqa,supergpqa,271,e09f849537f34441a37dff017aaa193a,1,1,1,0,10360,7
lever_control_supergpqa,supergpqa,271,628b15eb4d254e64b066dc67ca5899c7,1,1,0,1,8717,3
lever_control_supergpqa,supergpqa,271,379a1dab01cd43f4b1af48063a968333,1,1,1,0,16056,7
lever_control_supergpqa,supergpqa,271,ff672b02fbba48ccb76f12b73b438d37,1,0,1,0,11676,7
lever_control_supergpqa,supergpqa,271,9456f7bba7b64d7ab4621174d5200968,1,1,1,0,20148,7
lever_control_supergpqa,supergpqa,606,3b37ffa7eb2b455283a129a4ada95546,1,1,0,1,5113,3
lever_control_supergpqa,supergpqa,606,674fd9508773498499d78bf6e2194315,1,1,1,0,10165,7
lever_control_supergpqa,supergpqa,606,5a29ea2e0dde4ca89fc25d873f0783f0,1,0,1,0,14868,7
lever_control_supergpqa,supergpqa,606,6012508b88a9421180551fdef0e17a13,1,0,1,0,15123,7
lever_control_supergpqa,supergpqa,606,c5632825dac84046af5fb820a66ff3ea,1,1,1,0,21580,6
lever_control_supergpqa,supergpqa,606,10189f626a71458193ceb74c22288670,1,1,1,0,21029,7
lever_control_supergpqa,supergpqa,606,07178da056dd43c39d7f7aee51bdbff8,1,0,1,0,10304,7
lever_control_supergpqa,supergpqa,606,94fa8b6b6a6f497f8d566ff083384f1e,1,1,1,0,17605,6
lever_control_supergpqa,supergpqa,606,a9ef86d999d6451da0be649f98619cf8,1,0,0,1,3209,3
lever_control_supergpqa,supergpqa,606,c8bf16ae628348ee96bd7127f5ae6bef,1,0,1,0,29227,7
lever_control_supergpqa,supergpqa,606,99a57a8ecb994d2398eeb11d5a4f4287,1,0,0,1,9157,3
lever_control_supergpqa,supergpqa,606,d871b9b07c184d6fbcf59c459d99036a,1,1,1,0,20919,7
lever_control_supergpqa,supergpqa,606,4b23599f709e402a85d20e0693fcbec7,1,1,1,0,24823,7
lever_control_supergpqa,supergpqa,606,a24daf6e481d48fd9f272c1e3a1bfc3d,1,1,0,1,9263,3
lever_control_supergpqa,supergpqa,606,bba7bc7236a341fabf5661c3056e362f,1,1,0,1,2493,3
lever_control_supergpqa,supergpqa,606,925edd1a51234c619cdd2f02bd90e0a3,1,0,0,1,6491,3
lever_control_supergpqa,supergpqa,606,4e86797184da47a2b73f1e72ea451f8d,1,1,1,0,20942,7
lever_control_supergpqa,supergpqa,606,61fcd7e73e194e2ebea202afec24e266,1,1,0,1,3982,3
lever_control_supergpqa,supergpqa,606,7ba19feea53345f1b264cd94e8d2538f,1,1,1,0,17009,7
lever_control_supergpqa,supergpqa,606,6409dc9dba8d4f28a06fd6807e3c7cf9,1,0,0,1,1485,3
lever_control_supergpqa,supergpqa,606,8663d52325714e76ad7e012721316c23,1,0,0,1,9985,3
lever_control_supergpqa,supergpqa,606,05e77d690c294b10ad74c766460dc052,1,1,1,0,29990,7
lever_control_supergpqa,supergpqa,606,8e6adf9e81774ae98a454a1736907ba1,1,1,0,1,2303,3
lever_control_supergpqa,supergpqa,606,b7b66af0bf0940ffbb69c04dd5f1b995,1,1,0,1,1149,3
lever_control_supergpqa,supergpqa,606,f8a631c172f042bbb5db6b725743d199,1,1,1,0,15485,7
lever_control_supergpqa,supergpqa,606,a66b114a5e13440eb33f817f4a443ffb,1,1,0,1,2163,3
lever_control_supergpqa,supergpqa,606,25d2d85093d3401b9883e0142407d0ee,1,0,0,1,1906,3
lever_control_supergpqa,supergpqa,606,b6905cbac56e46ac93c398b5910034f1,1,1,1,0,19112,7
lever_control_supergpqa,supergpqa,606,7788cdba3e464b49b9516f45fa00381a,1,1,0,1,12493,3
lever_control_supergpqa,supergpqa,606,ce27ed54573241aeb3a7923baf3bd2b9,1,1,1,0,7602,7
lever_control_supergpqa,supergpqa,606,b48e738748e24c309530026051f00c50,1,1,0,1,8590,3
lever_control_supergpqa,supergpqa,606,05ff75c957d445298164337f6fb16dce,1,0,0,1,9339,3
lever_control_supergpqa,supergpqa,606,1a2b570b90b940d9a7e60ec37a91c438,1,1,0,1,9172,3
lever_control_supergpqa,supergpqa,606,3ebe31c1ad0044b3a4ba989121a9652a,1,1,0,1,7161,3
lever_control_supergpqa,supergpqa,606,7f9f7b71691f4b9abd8f4d8ce5321a82,1,1,1,0,8937,6
lever_control_supergpqa,supergpqa,606,3564dcf444ca495aa0ac15b8c53ce046,1,1,1,0,17074,7
lever_control_supergpqa,supergpqa,606,16cef3414b88465496646fb53ecb3357,1,1,0,1,11258,3
lever_control_supergpqa,supergpqa,606,278b1bc0ff8040b5beb619203318ea17,1,0,0,1,8494,3
lever_control_supergpqa,supergpqa,606,fb32edc392d24dc3815f58909cecdba4,1,0,1,0,7225,6
lever_control_supergpqa,supergpqa,606,ddb18eed65624eb8857f493d3575fef0,1,1,0,1,10962,3
lever_control_supergpqa,supergpqa,606,8c466141d2b744ee9303d466b28b2e52,1,0,0,1,6468,3
lever_control_supergpqa,supergpqa,606,4090034d344442a39f6ac38ffe2cc550,1,0,1,0,12680,6
lever_control_supergpqa,supergpqa,606,672ca23b604743f0ac2330c05ed10499,1,1,0,1,2768,3
lever_control_supergpqa,supergpqa,606,68be2b3c64f340e1ab95a722390c67b6,1,0,0,1,1224,3
lever_control_supergpqa,supergpqa,606,7f8c9e5f1e554ad396060dbe085be0bc,1,0,0,1,1411,3
lever_control_supergpqa,supergpqa,606,fda86567101842ffbb3faff3164f528b,1,1,1,0,21961,7
lever_control_supergpqa,supergpqa,606,ea96b2f056914d9e853e946a1d96987c,1,0,1,0,13930,7
lever_control_supergpqa,supergpqa,606,4bbb616f70fa470ead5f650821ff158f,1,1,0,1,9036,3
lever_control_supergpqa,supergpqa,606,d38fbb868d8a44db9095fa175c8b5669,1,1,1,0,14975,7
lever_control_supergpqa,supergpqa,606,feb181573d6d4f398db27ee6a26962ad,1,1,1,0,18205,7
lever_control_supergpqa,supergpqa,606,d14d338a85264ca7ac2ad2fb159e78cd,1,1,1,0,13345,7
lever_control_supergpqa,supergpqa,606,e407e20ef9774016a7466c88610322ef,1,0,1,0,18960,6
lever_control_supergpqa,supergpqa,606,3e3aef19b7bf40668f24d9a67f396473,1,1,0,1,9818,3
lever_control_supergpqa,supergpqa,606,9658dc48503c49cb840ccc27f9e10eb9,1,0,1,0,20658,7
lever_control_supergpqa,supergpqa,606,d2b8029fab3a458b9d1be6cf6a68091a,1,1,0,1,3710,3
lever_control_supergpqa,supergpqa,606,7ec0b78739564a38912533cf4bb90a1a,1,1,1,0,11928,6
lever_control_supergpqa,supergpqa,606,9f62bcf50de74401a603615456213baf,1,1,0,1,5642,3
lever_control_supergpqa,supergpqa,606,f258bb1065be48218e7d3a3f5baa4821,1,1,0,1,2128,3
lever_control_supergpqa,supergpqa,606,ba5929c89bf34872beb2bda81c3f7ac0,1,1,0,1,6824,3
lever_control_supergpqa,supergpqa,606,f3657e5a406947ddb8ad447219321aef,1,0,0,1,8585,3
lever_control_supergpqa,supergpqa,606,ba3e6704deaf4503afd6d5cd103203c9,1,0,1,0,10437,7
lever_control_supergpqa,supergpqa,606,05e650ec825f4ae5a54deb872af466d2,1,1,1,0,21833,7
lever_control_supergpqa,supergpqa,606,ebea0f7c051d4247be3d6bee67e0da89,1,0,0,1,7518,3
lever_control_supergpqa,supergpqa,606,0d55abc62c6541119ac010bd0bd11cb4,1,1,0,1,4723,3
lever_control_supergpqa,supergpqa,606,6514ced034134b80bfee523ab31dd6be,1,1,0,1,8581,3
lever_control_supergpqa,supergpqa,606,1ec0b6b8d6b74d6f81c900d22aa3f9b3,1,1,0,1,12037,3
lever_control_supergpqa,supergpqa,606,84fba45a65da41fb8ea056a8cd072fff,1,1,0,1,9115,3
lever_control_supergpqa,supergpqa,606,7d0d30aa83704e04bd9330d2c8e90f78,1,1,0,1,1753,3
lever_control_supergpqa,supergpqa,606,bcd2baac739146eebec003eb6adda5ae,1,1,1,0,26391,7
lever_control_supergpqa,supergpqa,606,1b003811eaf443e492e6717fa934b15b,1,1,0,1,11484,3
lever_control_supergpqa,supergpqa,606,db63f2730520468e86d5071599d6cffd,1,1,0,1,1263,3
lever_control_supergpqa,supergpqa,606,1bb8a86a4ca34595bf2cc53e8c70d488,1,0,1,0,16940,7
lever_control_supergpqa,supergpqa,606,6f448d668c2743988aaf055cd5d0b1d5,1,1,1,0,16992,7
lever_control_supergpqa,supergpqa,606,d0004a6586604fb097d29b2a9e2fafba,1,0,0,1,3548,3
lever_control_supergpqa,supergpqa,606,89c0dd54ad6d4419a29148159a71a478,1,1,0,1,9299,3
lever_control_supergpqa,supergpqa,606,ab99e4e6e4f548f9bf22a0c4afba770a,1,1,0,1,3903,3
lever_control_supergpqa,supergpqa,606,46d9995281cc4c4eb53ae5077ea91144,1,1,0,1,1669,3
lever_control_supergpqa,supergpqa,606,25ff3053d5cd4fe1b53e4bfce27dc709,1,1,1,0,18941,7
lever_control_supergpqa,supergpqa,606,18dd61f8f537498aab430ca99da93ddf,1,1,1,0,15015,7
lever_control_supergpqa,supergpqa,606,d16188425b8d459799e3a25590ce3a1f,1,1,0,1,6509,3
lever_control_supergpqa,supergpqa,606,5559142f9bfb407b835f455534274613,1,0,0,1,1706,3
lever_control_supergpqa,supergpqa,606,8feeeb6daae74c819f01a0d2bddb62a5,1,1,1,0,14231,7
lever_control_supergpqa,supergpqa,606,2a0199802fa34912899bc4db2e48e324,1,1,0,1,1489,3
lever_control_supergpqa,supergpqa,606,017d54709f0b48a3980238ac4f0dd851,1,1,1,0,20599,7
lever_control_supergpqa,supergpqa,606,d6762f8d80e24ca78b14ac20eb6d7ddb,1,1,1,0,12685,7
lever_control_supergpqa,supergpqa,606,81265918776f42ecb936b1ff7149f893,1,1,1,0,16372,7
lever_control_supergpqa,supergpqa,606,c719d6d9548f43779f3eab22fafa99bc,1,1,1,0,17301,7
lever_control_supergpqa,supergpqa,606,83540adee86445058338548a07e2eacd,1,0,1,0,22547,7
lever_control_supergpqa,supergpqa,606,420ba9fd6958410188aa97873da40f86,1,1,1,0,19780,7
lever_control_supergpqa,supergpqa,7,b278c269529d444e97014e86de71b135,1,0,0,1,6142,3
lever_control_supergpqa,supergpqa,7,8a331a10506a4ff6b543fc5b2ac2502f,1,1,1,0,13394,7
lever_control_supergpqa,supergpqa,7,b389bd8fda16458da390b0aeefa9328c,1,1,1,0,16501,7
lever_control_supergpqa,supergpqa,7,a14c016f261f4b46a1f62c1a4096bd86,1,1,0,1,4334,3
lever_control_supergpqa,supergpqa,7,811c704287184f8fa520358dc0ea2493,1,0,1,0,18754,7
lever_control_supergpqa,supergpqa,7,a63462f4ff9e44289d3c9e4a91314250,1,1,0,1,1175,3
lever_control_supergpqa,supergpqa,7,c9aaec36dd7d48d0b90c34c9955bdf1b,1,1,0,1,8842,3
lever_control_supergpqa,supergpqa,7,4068f6cb89214b0a86c16c2497caeb6e,1,1,0,1,2555,3
lever_control_supergpqa,supergpqa,7,843e623807884c63a38376e9bd6d6f14,1,1,1,0,18191,6
lever_control_supergpqa,supergpqa,7,749c18edf45840fca90d356bbed0fe5b,1,0,1,0,14073,7
lever_control_supergpqa,supergpqa,7,cb1f3d75e5a9402a9bb7755b6f6a029c,1,1,0,1,4252,3
lever_control_supergpqa,supergpqa,7,ff414ca699a74f7484650a3595512055,1,1,0,1,1156,3
lever_control_supergpqa,supergpqa,7,2cf2296143904690a6c6f376236839d2,1,0,0,1,3841,3
lever_control_supergpqa,supergpqa,7,2ee8b1af76f04527a574124df6476a8d,1,1,1,0,17522,6
lever_control_supergpqa,supergpqa,7,7c20fd3e214f4e438614b091fccce433,1,1,0,1,1240,3
lever_control_supergpqa,supergpqa,7,5d4e9507100c48c89db59015820c6059,1,1,1,0,11566,7
lever_control_supergpqa,supergpqa,7,32d56386e78f4e16bfe38d9ea73fd02a,1,1,0,1,8220,3
lever_control_supergpqa,supergpqa,7,2499f7cec22b4bda8f96d061a1fae7af,1,1,1,0,16815,6
lever_control_supergpqa,supergpqa,7,d0fe7c1a74314662ac5ed5f2538e7b13,1,0,0,1,1075,3
lever_control_supergpqa,supergpqa,7,8fb8ca1cd7114cd8b8dcad3953f68a44,1,1,0,1,8475,3
lever_control_supergpqa,supergpqa,7,b68e89ad898246c4bc116ff4d353e4b9,1,0,1,0,19516,7
lever_control_supergpqa,supergpqa,7,711025f0562b41118c0c383afdc77215,1,1,1,0,13108,7
lever_control_supergpqa,supergpqa,7,077aea7da31e4b94886be9713580db0d,1,1,1,0,7967,7
lever_control_supergpqa,supergpqa,7,5f0bde5deeae40a88762eea520849455,1,0,0,1,8148,3
lever_control_supergpqa,supergpqa,7,d9f3da47d50840a79c51096169d25583,1,0,0,1,8691,3
lever_control_supergpqa,supergpqa,7,413f8d70916547989ed51d1116a4551a,1,1,1,0,11361,7
lever_control_supergpqa,supergpqa,7,facd6dd1e2074073adcfcac48eab3afb,1,1,0,1,3280,3
lever_control_supergpqa,supergpqa,7,10f542902dfa44d795fba244e7f1a69c,1,0,0,1,3609,3
lever_control_supergpqa,supergpqa,7,24b548b324684a8490d46d476bde792c,1,1,1,0,23689,7
lever_control_supergpqa,supergpqa,7,8f9ae9b94a0a4e66ab56225f7a356fd1,1,1,0,1,10077,3
lever_control_supergpqa,supergpqa,7,fc9a01ab2a2344cabfe9c2bd94be487f,1,1,1,0,10934,7
lever_control_supergpqa,supergpqa,7,de43b1c48f7b410695b2a4daf5fe3f31,1,1,1,0,18233,7
lever_control_supergpqa,supergpqa,7,f8e740921e964dfc9922e08b7f5e815b,1,1,0,1,4242,3
lever_control_supergpqa,supergpqa,7,5cbfbf1108434eca91c070d1ed1c0bc6,1,0,1,0,16395,7
lever_control_supergpqa,supergpqa,7,05edf34d21464999ad82c54bad66a005,1,1,1,0,18255,6
lever_control_supergpqa,supergpqa,7,fa49b578c45543d8847bac91a1e14045,1,0,0,1,4087,3
lever_control_supergpqa,supergpqa,7,ccbff2992c7f49c48a8fe254e1fff783,1,1,1,0,14611,7
lever_control_supergpqa,supergpqa,7,c8be6f10c6b04b879a5fe393fb1b38f8,1,0,0,1,1152,3
lever_control_supergpqa,supergpqa,7,5fe6a509598c4dd5aec2c8f7abc0d259,1,1,1,0,16314,7
lever_control_supergpqa,supergpqa,7,920d5a4aae764dc8962d36ff4d95710a,1,0,1,0,22962,7
lever_control_supergpqa,supergpqa,7,b81111afa517415f8f5b91a17ac991ce,1,1,1,0,13467,7
lever_control_supergpqa,supergpqa,7,bfba15ab92174bf5b537cadc675dafdb,1,1,1,0,17514,7
lever_control_supergpqa,supergpqa,7,0a3895b8a5cc4239a2a6e96c1289011d,1,1,1,0,16759,7
lever_control_supergpqa,supergpqa,7,2789bb6861f94992954c4df00ec8e656,1,0,0,1,8697,3
lever_control_supergpqa,supergpqa,7,1d1666032573496f84efe333d572f1e2,1,1,1,0,18302,7
lever_control_supergpqa,supergpqa,7,93218c202d734e8cacaa4dff4cd9a761,1,1,1,0,16581,7
lever_control_supergpqa,supergpqa,7,ea9364829af04d188546f8d369483d46,1,1,1,0,16628,7
lever_control_supergpqa,supergpqa,7,05ac97570c2a40ab94f83a5cf3aa09df,1,1,0,1,9537,3
lever_control_supergpqa,supergpqa,7,2e1d297065d247068eaa68f6585f9764,1,0,0,1,4915,3
lever_control_supergpqa,supergpqa,7,fe7c522a688a4b3c952b4ae95a5d1ae8,1,0,1,0,16121,7
lever_control_supergpqa,supergpqa,7,e020184788314d25a2ea1828d568538a,1,1,0,1,5067,3
lever_control_supergpqa,supergpqa,7,12a6d09d1179401498c2cae7d2d886a8,1,0,0,1,4162,3
lever_control_supergpqa,supergpqa,7,4cd0be5521844b3781d88e8a29433b39,1,1,1,0,11353,7
lever_control_supergpqa,supergpqa,7,e301bd85789b4c4fa02b60e3dba62e5c,1,0,1,0,15477,7
lever_control_supergpqa,supergpqa,7,492ac21c1ff94ba49de684cfb6527930,1,1,1,0,10928,7
lever_control_supergpqa,supergpqa,7,01ac3e46a5f04c48b3ad3d21e7a8eacd,1,0,0,1,3298,3
lever_control_supergpqa,supergpqa,7,abf7231db16a4ccfa58e0973e98e91c1,1,1,0,1,9317,3
lever_control_supergpqa,supergpqa,7,515b67c43f064c15bb0154d546f88277,1,1,0,1,4175,3
lever_control_supergpqa,supergpqa,7,18aa367ae47744199ba63308b5c581bf,1,1,1,0,25841,7
lever_control_supergpqa,supergpqa,7,e8e40ae579384b51b006d7d50d8d039d,1,1,0,1,2901,3
lever_control_supergpqa,supergpqa,7,8aca8b27a1674720bcb8271a46213d95,1,0,0,1,2553,3
lever_control_supergpqa,supergpqa,7,9da468facb58464982465242468c9a13,1,1,0,1,8943,3
lever_control_supergpqa,supergpqa,7,a9ab2cd572f04f88b629deb59e486adf,1,1,1,0,18152,7
lever_control_supergpqa,supergpqa,7,933f999d89984b4ea9c59bffad3405ef,1,1,0,1,1939,3
lever_control_supergpqa,supergpqa,7,9ae52f5b63d9459a833c6e10c0539a4d,1,1,0,1,9120,3
lever_control_supergpqa,supergpqa,7,d7f9b5a785a94530a9e737656ec0dcaa,1,1,1,0,16611,7
lever_control_supergpqa,supergpqa,7,54bfc8311916428a8f2a43c17ca17c7a,1,1,1,0,15655,7
lever_control_supergpqa,supergpqa,7,6b347be4d8ba43e2b425fd504ad16f4c,1,1,0,1,8293,3
lever_control_supergpqa,supergpqa,7,776b536a60e241f2b75b94accc6dff2c,1,1,0,1,9435,3
lever_control_supergpqa,supergpqa,7,4f85b84235914d259dbdd8931be5d3a9,1,1,0,1,1516,3
lever_control_supergpqa,supergpqa,7,5272de2f504946d1beff3dbb51bea3f3,1,1,1,0,9587,7
lever_control_supergpqa,supergpqa,7,f1c5fbceb2124a8bb11963f76c8771b3,1,1,1,0,15972,7
lever_control_supergpqa,supergpqa,7,c4f6b8482b184c0b98b6d72d00204932,1,1,1,0,17083,7
lever_control_supergpqa,supergpqa,7,b06afc3997974662986e009c41226c9c,1,1,0,1,1246,3
lever_control_supergpqa,supergpqa,7,080a910849bd4aae8dbdeb3d7a6e835b,1,0,1,0,20013,7
lever_control_supergpqa,supergpqa,7,e286dac07362459cb41b0c9adca02747,1,1,0,1,2140,3
lever_control_supergpqa,supergpqa,7,a9f34192579d4f448b378d733eb8d3bf,1,0,0,1,1985,3
lever_control_supergpqa,supergpqa,7,3f48e266da744ae6b9e99e762b67954f,1,1,1,0,13660,7
lever_control_supergpqa,supergpqa,7,7a71c086988a45f6823dbb8748e89f66,1,0,1,0,10685,6
lever_control_supergpqa,supergpqa,7,2811febd3e9a4348a352c0c2b33ee464,1,0,0,1,1853,3
lever_control_supergpqa,supergpqa,7,15e29ed7c9d1459484348074abe10661,1,1,0,1,6551,3
lever_control_supergpqa,supergpqa,7,8c293442d9444277866f493968187325,1,0,0,1,10774,3
lever_control_supergpqa,supergpqa,7,9b67dac06fc448afa19a33728a469cec,1,1,0,1,2221,3
lever_control_supergpqa,supergpqa,7,1b003811eaf443e492e6717fa934b15b,1,1,0,1,11780,3
lever_control_supergpqa,supergpqa,7,ec301d7b596f4f45afef08dc4448910c,1,0,0,1,2357,3
lever_control_supergpqa,supergpqa,7,2761d3d5298f4a4a8b52db20fc0343cb,1,1,0,1,9590,3
lever_control_supergpqa,supergpqa,7,f9d8f390f4c348838f3d42e5c15fbb24,1,0,0,1,4228,3
lever_control_supergpqa,supergpqa,7,0e4c4ac2694d4b88b43bf6bbd6f4c356,1,1,1,0,15231,7
lever_control_supergpqa,supergpqa,7,a462a6fe458b4b6e8b609cf0ef896b52,1,0,1,0,26836,7
lever_control_supergpqa,supergpqa,7,620f491d9a9542fca57a62d2799d97a6,1,0,1,0,23615,7
lever_control_supergpqa,supergpqa,838,8212116814624ac3ab3c645bb720a0de,1,0,0,1,9384,3
lever_control_supergpqa,supergpqa,838,65e18d5ebc6d481f92372a02f7346d7e,1,1,0,1,9426,3
lever_control_supergpqa,supergpqa,838,2901fd9282834a269854bd1c929c2d27,1,1,0,1,9297,3
lever_control_supergpqa,supergpqa,838,b1292883447c4964834d2f93d9ad6866,1,1,0,1,1530,3
lever_control_supergpqa,supergpqa,838,784bc160afa34cc184a98687b152411a,1,0,0,1,14234,3
lever_control_supergpqa,supergpqa,838,ad9b69d4627741a1a953880f089b14f0,1,1,0,1,9335,3
lever_control_supergpqa,supergpqa,838,ff08acf886a048119cc4651bd9185258,1,1,1,0,14161,7
lever_control_supergpqa,supergpqa,838,662dee3f92714e84a08098c31a9dfede,1,1,1,0,15470,7
lever_control_supergpqa,supergpqa,838,c5836da9034249b4b27508d97f2fef48,1,1,0,1,8428,3
lever_control_supergpqa,supergpqa,838,42ff314467d2496490c62c7064c0d6cc,1,1,1,0,7642,7
lever_control_supergpqa,supergpqa,838,6afbc30d68f940abbb7fe92128c3cf86,1,1,0,1,2143,3
lever_control_supergpqa,supergpqa,838,6c14595204824c9fb7a2ad000c332e37,1,1,1,0,16041,7
lever_control_supergpqa,supergpqa,838,47f09ff7d66a4742ba76601ea67539d8,1,1,0,1,8851,3
lever_control_supergpqa,supergpqa,838,27b0cc6c758649ecb4fb058ecdad4757,1,0,0,1,4159,3
lever_control_supergpqa,supergpqa,838,495126540259474fb0700bf7fe2a837f,1,1,1,0,6825,7
lever_control_supergpqa,supergpqa,838,2f6042eca8834ba78cec6a229e21e89b,1,1,1,0,19471,7
lever_control_supergpqa,supergpqa,838,b370dd1899e24b37b27c4eec64ca2de9,1,1,1,0,15013,7
lever_control_supergpqa,supergpqa,838,c247b75bef6843a6bddb467b4f6530c7,1,0,0,1,1899,3
lever_control_supergpqa,supergpqa,838,9d29c330b74a4c878301338bfaa022f7,1,1,1,0,12112,7
lever_control_supergpqa,supergpqa,838,7642c7abd7554d85a9ad74550cc95428,1,1,0,1,1431,3
lever_control_supergpqa,supergpqa,838,e9850e7c1b5744b19cdf700c4bbac0ab,1,1,0,1,6741,3
lever_control_supergpqa,supergpqa,838,5d0d7b5d79d448c7b2ffdee0247a0296,1,0,0,1,9163,3
lever_control_supergpqa,supergpqa,838,5f1d14b7898843078179131808d8b102,1,1,1,0,23055,7
lever_control_supergpqa,supergpqa,838,37bee659d0f24b6bbb7cf0019b18266b,1,1,1,0,11492,7
lever_control_supergpqa,supergpqa,838,b232c347b66641feb655e8089ad3236c,1,1,0,1,11909,3
lever_control_supergpqa,supergpqa,838,45ead910eb784c63aff46227f35006c1,1,0,1,0,15740,7
lever_control_supergpqa,supergpqa,838,1f7eebad0c1b4d7bada8526fc5eca57a,1,1,1,0,10643,7
lever_control_supergpqa,supergpqa,838,76baec1d98e94e2aaa91e9e07bafc4ee,1,1,0,1,8229,3
lever_control_supergpqa,supergpqa,838,5dc0a21f75b44980b701d62896d3edcb,1,0,1,0,12113,7
lever_control_supergpqa,supergpqa,838,f89ec3f159cd40c385b7f26813b62486,1,1,1,0,4428,6
lever_control_supergpqa,supergpqa,838,029f7e87aa534e76b95b143ca61b8051,1,1,1,0,10240,7
lever_control_supergpqa,supergpqa,838,92158717e4684fbc960d84d858017ff8,1,1,0,1,5011,3
lever_control_supergpqa,supergpqa,838,8e58552045574cd082ae3ea220ee55d9,1,0,1,0,13650,7
lever_control_supergpqa,supergpqa,838,be529e4267c8488f8df3970620cef40e,1,0,0,1,8716,3
lever_control_supergpqa,supergpqa,838,8286c21c723f421cae07723ee28f793c,1,1,1,0,10347,6
lever_control_supergpqa,supergpqa,838,aa75f2e217f34054905f326269e5565f,1,0,1,0,18669,7
lever_control_supergpqa,supergpqa,838,52d60b890b534b4090eb911da9632d13,1,1,0,1,1675,3
lever_control_supergpqa,supergpqa,838,6be198f958ef4516852dc9c0b0f93766,1,0,0,1,9535,3
lever_control_supergpqa,supergpqa,838,4706d9d11ac74f13bb26c4e243a9fedd,1,1,1,0,11721,7
lever_control_supergpqa,supergpqa,838,d651ee6a2c05458abcfa6fc4f2701660,1,1,0,1,4586,3
lever_control_supergpqa,supergpqa,838,b6bb5716a3e04e67b34e8675a3eddde3,1,1,0,1,7339,3
lever_control_supergpqa,supergpqa,838,25139c83331f4efead0a39063294e6d1,1,1,0,1,8120,3
lever_control_supergpqa,supergpqa,838,8bec621e6eae43f59459dacaebd4cc42,1,1,1,0,11722,7
lever_control_supergpqa,supergpqa,838,f0ad3ea70b04422fbf89443a247fd4c6,1,1,1,0,13977,7
lever_control_supergpqa,supergpqa,838,450173d7e21e4b66a618097c366a3755,1,1,1,0,21247,7
lever_control_supergpqa,supergpqa,838,f7b30d755ce94690aee11d8246a70df3,1,1,1,0,16003,7
lever_control_supergpqa,supergpqa,838,c9820d674f5e49148ebf9a5211482572,1,1,1,0,14041,7
lever_control_supergpqa,supergpqa,838,6debc81571924be3a4b1fb060efa5d28,1,1,1,0,13402,7
lever_control_supergpqa,supergpqa,838,2e0a1bdc84054c3886f8f6dcad5d123d,1,1,1,0,6647,7
lever_control_supergpqa,supergpqa,838,774540d412ae4311b7aa433bf2f64b10,1,1,1,0,14985,7
lever_control_supergpqa,supergpqa,838,e4e11a5fc2714133b1c7af4a68f24b7c,1,0,0,1,1644,3
lever_control_supergpqa,supergpqa,838,3f48e266da744ae6b9e99e762b67954f,1,1,1,0,13395,7
lever_control_supergpqa,supergpqa,838,e13b5563e1eb450d94962f013c3ae36a,1,0,1,0,18877,7
lever_control_supergpqa,supergpqa,838,1b003811eaf443e492e6717fa934b15b,1,1,0,1,11571,3
lever_control_supergpqa,supergpqa,838,4da6b094f021432e9f07bcff16c36b4e,1,0,0,1,1893,3
lever_control_supergpqa,supergpqa,838,71af5cfedc1849cd9c99e9d4904c1d97,1,1,1,0,15388,7
lever_control_supergpqa,supergpqa,838,7fe42cc3bf84464993ffb660dac2653f,1,1,1,0,9599,7
lever_control_supergpqa,supergpqa,838,4c53840b44904a97b04bf942e34ce522,1,0,0,1,9803,3
lever_control_supergpqa,supergpqa,838,4ae91bc0704c4d16891bceda9518416c,1,0,0,1,1669,3
lever_control_supergpqa,supergpqa,838,7038ebb226d241c69e0370492f042a10,1,1,0,1,3687,3
lever_control_supergpqa,supergpqa,838,f7cfee802ef34c3688d63c879ffd007b,1,1,1,0,17017,7
lever_control_supergpqa,supergpqa,838,4317af96cdb445fe8d23e95bbf487c6d,1,1,1,0,12143,7
lever_control_supergpqa,supergpqa,838,6f48814bd0a14a67bb76a67dfff57723,1,1,0,1,7371,3
lever_control_supergpqa,supergpqa,838,29e041d1e6384f738d9582ca5d67d584,1,1,1,0,8512,7
lever_control_supergpqa,supergpqa,838,fab25aad3a89427aaf6cdffc0295360e,1,1,0,1,1700,3
lever_control_supergpqa,supergpqa,838,e286dac07362459cb41b0c9adca02747,1,1,0,1,1287,3
lever_control_supergpqa,supergpqa,838,5df707865b404a0697d8fd1791bb9b0b,1,0,0,1,7894,3
lever_control_supergpqa,supergpqa,838,b9f43cc8a6ff4438ab18497fc9bf7cf0,1,0,1,0,13106,6
lever_control_supergpqa,supergpqa,838,a33d9512c6ab4a3eb4e172e2e2255293,1,1,0,1,4729,3
lever_control_supergpqa,supergpqa,838,7adc0c3199974e778dbb75b22c3406d4,1,1,1,0,25827,7
lever_control_supergpqa,supergpqa,838,b8de1171b4a44ba4bf85615dca222549,1,0,0,1,1560,3
lever_control_supergpqa,supergpqa,838,e639f6eaf9a542f4a26c1358c0ef3f2c,1,0,0,1,9164,3
lever_control_supergpqa,supergpqa,838,cf53bf592b244cb1ad02b684eda29e3b,1,1,0,1,1086,3
lever_control_supergpqa,supergpqa,838,8aa00695f3ed4b3a9d445fec8513b65b,1,1,1,0,11874,7
lever_control_supergpqa,supergpqa,838,1667a63ffa874e25950f004d0bfe0199,1,1,1,0,15604,7
lever_control_supergpqa,supergpqa,838,59964f9268c240609796de021ca97aff,1,0,0,1,9295,3
lever_control_supergpqa,supergpqa,838,e8716931ede04137a3dfa8794d456d57,1,1,0,1,2770,3
lever_control_supergpqa,supergpqa,838,85fd7a86245d412e865fda1920b02b2a,1,1,1,0,10294,7
lever_control_supergpqa,supergpqa,838,f63cf000cb004ff989417e027221c056,1,1,0,1,4015,3
lever_control_supergpqa,supergpqa,838,a38723e1b2ea48b9b8d6a723fc64d90d,1,0,0,1,6359,3
lever_control_supergpqa,supergpqa,838,6bff44235adb4f219d4c041c565f5faf,1,1,1,0,12826,7
lever_control_supergpqa,supergpqa,838,e9e1fba9d67a424abefb846d7aa58857,1,1,1,0,20901,7
lever_control_supergpqa,supergpqa,838,6d9c551019b94cf6bf31b3e5189c4607,1,1,1,0,10620,7
lever_control_supergpqa,supergpqa,838,791dcce8a03d4e438922d47882148a8c,1,1,1,0,10717,7
lever_control_supergpqa,supergpqa,838,4ec7fd279abe4399b72a91acb406fa9e,1,0,0,1,15307,3
lever_control_supergpqa,supergpqa,838,75137178e29747f9975dc7624cca3109,1,1,0,1,1564,3
lever_control_supergpqa,supergpqa,838,388a3c0ff6bb403b89f8fa9441989e29,1,1,1,0,12350,7
lever_control_supergpqa,supergpqa,838,a42ce4ef47314d43bdcb8f6e33bae8be,1,1,1,0,18367,7
lever_control_supergpqa,supergpqa,838,cb587d9fecd8447b9a8c98f3c1b1ff3e,1,1,1,0,16918,7
lever_control_supergpqa,supergpqa,838,84644f66158b4fdaaddb6fc86aa19a3b,1,1,1,0,11891,7
lever_cycled_panel_supergpqa,supergpqa,19,96de9708bb69463b846fd1c6300b9f0a,1,0,0,0,43731,15
lever_cycled_panel_supergpqa,supergpqa,19,4cc09d5121b24752ae88aaade87f5b18,1,0,0,0,45039,15
lever_cycled_panel_supergpqa,supergpqa,19,4df480a05c3149fbbc378c400adc2ccd,1,1,0,0,44121,15
lever_cycled_panel_supergpqa,supergpqa,19,7579d2311eed41c6811a85ecc6f9e5c9,1,1,0,0,47081,15
lever_cycled_panel_supergpqa,supergpqa,19,18ecdb4991cf4d248296db7f1893c7ea,1,0,0,0,49937,15
lever_cycled_panel_supergpqa,supergpqa,19,0d9ba8e9698c49639500b5550c57d7ee,1,1,0,1,40988,15
lever_cycled_panel_supergpqa,supergpqa,19,572769efcc6d4031adc194211e973490,1,1,0,0,26423,15
lever_cycled_panel_supergpqa,supergpqa,19,6f900ba491194836a96b960a6ad728bf,1,0,0,0,8820,15
lever_cycled_panel_supergpqa,supergpqa,19,d8509b5a44834ec6ad75db04c1aee8f6,1,0,0,0,44530,15
lever_cycled_panel_supergpqa,supergpqa,19,52021db90913488caf319ab17121120c,1,1,0,0,27866,15
lever_cycled_panel_supergpqa,supergpqa,19,097f9aedb1f24c25a4e5673ac9d5ba93,1,1,0,0,43914,15
lever_cycled_panel_supergpqa,supergpqa,19,17ac767a0dda4fa4ac527695baa7519d,1,0,0,0,30438,15
lever_cycled_panel_supergpqa,supergpqa,19,fdb82c5da8514a1f8d8cade343d372bf,1,1,0,0,48559,15
lever_cycled_panel_supergpqa,supergpqa,19,8511f059ad6248e5a0bcc0f22d93ba2e,1,0,0,0,43994,15
lever_cycled_panel_supergpqa,supergpqa,19,5fcfe657cd5748408e39a90ef94ad757,1,0,0,0,21134,15
lever_cycled_panel_supergpqa,supergpqa,19,5be153717fd341c9b63d6f25778e5aac,1,0,0,0,45593,15
lever_cycled_panel_supergpqa,supergpqa,19,a1bed481cda3417295912d6db997a9c5,1,0,0,0,21165,15
lever_cycled_panel_supergpqa,supergpqa,19,830cccab332c43ad9425d296af89ab00,1,0,0,1,11848,15
lever_cycled_panel_supergpqa,supergpqa,19,cc2d160cb5f6455c8da635903f540371,1,1,0,1,11428,15
lever_cycled_panel_supergpqa,supergpqa,19,e4446b9edaa946968fbdad0ebcb4b3d4,1,0,0,0,19913,15
lever_cycled_panel_supergpqa,supergpqa,19,ed8b16d1f60a45a8b8d85bbf0733f4e7,1,0,0,0,42542,15
lever_cycled_panel_supergpqa,supergpqa,19,cf6ffc3020ba42a7871c5e6a8b37000c,1,1,0,0,33728,15
lever_cycled_panel_supergpqa,supergpqa,19,7268698fce624c8a90a0fdf7c65a66d8,1,1,0,1,59308,15
lever_cycled_panel_supergpqa,supergpqa,19,37350fba596c40b9bb6765725919d996,1,0,0,0,46289,15
lever_cycled_panel_supergpqa,supergpqa,19,ad49a2d77e14436d9866f5882fe884cb,1,0,0,0,28445,15
lever_cycled_panel_supergpqa,supergpqa,19,240b244bf06a413aa0d89c526f540bb0,1,1,0,0,15042,15
lever_cycled_panel_supergpqa,supergpqa,19,c4ead190185f4ba49e9ba5a03fbaeaf9,1,0,0,0,31816,15
lever_cycled_panel_supergpqa,supergpqa,19,39b523e1544248428f4a7aec54a306f8,1,1,0,0,46975,15
lever_cycled_panel_supergpqa,supergpqa,19,ba9179824d684f61982600f4d135daaa,1,0,0,0,28462,15
lever_cycled_panel_supergpqa,supergpqa,19,b4c687ff4f9242148bf15b825653c4ec,1,1,0,1,10385,15
lever_cycled_panel_supergpqa,supergpqa,19,d64856ca870f4220924bc661d70468c8,1,0,0,1,6037,15
lever_cycled_panel_supergpqa,supergpqa,19,99ff46c39bee42d0a3ff6925e112b257,1,0,0,0,18305,15
lever_cycled_panel_supergpqa,supergpqa,19,4a6e1f20cfb94162b9766d55fb8faf5a,1,0,0,1,12981,15
lever_cycled_panel_supergpqa,supergpqa,19,319876d9dae8430aa8c25ae3b9da1577,1,0,0,0,45236,15
lever_cycled_panel_supergpqa,supergpqa,19,d69bdd15a4b74cf7800920dbd1928452,1,0,0,0,58008,15
lever_cycled_panel_supergpqa,supergpqa,19,a9cce0ae643b4633bf6d4d9a7e22fa35,1,0,0,0,25109,15
lever_cycled_panel_supergpqa,supergpqa,19,a91ed7e946af4172be3dab0bd762c014,1,1,0,1,6350,15
lever_cycled_panel_supergpqa,supergpqa,19,0aced28d37014fbdb3ccb35c475698cd,1,1,0,0,23388,15
lever_cycled_panel_supergpqa,supergpqa,19,6adc7a620415473da6d5a69d3d3b27e5,1,0,0,1,4745,15
lever_cycled_panel_supergpqa,supergpqa,19,800ce17fc9d042199f5e566870379013,1,1,0,0,49007,15
lever_cycled_panel_supergpqa,supergpqa,19,05ac97570c2a40ab94f83a5cf3aa09df,1,1,0,0,47265,15
lever_cycled_panel_supergpqa,supergpqa,19,bb6098ed7f43413d99b699313fa26228,1,0,0,0,29669,15
lever_cycled_panel_supergpqa,supergpqa,19,b4fbaecc4a764ac4ab6d58be984fee6e,1,0,0,0,41945,15
lever_cycled_panel_supergpqa,supergpqa,19,7f90368bde1646bd8658c21fc3fa022e,1,0,0,0,49902,15
lever_cycled_panel_supergpqa,supergpqa,19,9c1a9d87952f4b258171f48697b8b380,1,0,0,0,42178,15
lever_cycled_panel_supergpqa,supergpqa,19,3e2c9fee16e24ee38c9c93bf43be775b,1,0,0,0,47891,15
lever_cycled_panel_supergpqa,supergpqa,19,b526da7c6f604c85852e1aefd69f2fc3,1,1,0,1,13068,15
lever_cycled_panel_supergpqa,supergpqa,19,c880f8b15e6d4b0ab8fd8a8dbcccc9de,1,1,0,0,42519,15
lever_cycled_panel_supergpqa,supergpqa,19,8592bcd761ff42b0a42cfa99fb3e497c,1,0,0,0,12260,15
lever_cycled_panel_supergpqa,supergpqa,19,d5b5046b851244b2a5b5064b05a47044,1,1,0,0,44652,15
lever_cycled_panel_supergpqa,supergpqa,19,dbb72b44038641f093b3190b50f55c07,1,0,0,1,10126,15
lever_cycled_panel_supergpqa,supergpqa,19,35a725001bd84d4d99770ffdb1aa2aad,1,0,0,0,46173,15
lever_cycled_panel_supergpqa,supergpqa,19,c8a2acecac234ab6ab356ddae087be03,1,1,0,1,13221,15
lever_cycled_panel_supergpqa,supergpqa,19,1a5707eca8304fb4a0930abf341c6d43,1,0,0,0,27433,15
lever_cycled_panel_supergpqa,supergpqa,19,5176e714d8ec47ed972067003052ed0b,1,1,0,0,52305,15
lever_cycled_panel_supergpqa,supergpqa,19,85b411f1253a4bf1a0513244fc9cd18f,1,1,0,0,24638,15
lever_cycled_panel_supergpqa,supergpqa,19,622296777b7f4aa38a74652b8efc6b67,1,1,0,0,47889,15
lever_cycled_panel_supergpqa,supergpqa,19,ee5adda33b484d39ac3b892c6bfcf7f4,1,0,0,0,31531,15
lever_cycled_panel_supergpqa,supergpqa,19,c159804aefa047ef86b65e63f1735794,1,1,0,1,18609,15
lever_cycled_panel_supergpqa,supergpqa,19,5f4dce12f9a244dcb7631b51b6cfb7d0,1,1,0,0,12506,15
lever_cycled_panel_supergpqa,supergpqa,19,cf1d87cecba74957b3c7c3054f95be81,1,0,0,0,26090,15
lever_cycled_panel_supergpqa,supergpqa,19,ec33474441a246628b52f2cd92e42848,1,1,0,1,9955,15
lever_cycled_panel_supergpqa,supergpqa,19,4da6b094f021432e9f07bcff16c36b4e,1,0,0,1,6668,15
lever_cycled_panel_supergpqa,supergpqa,19,4295a35934474721a9bc74e675c8c2d9,1,1,0,0,11397,15
lever_cycled_panel_supergpqa,supergpqa,19,447cecef7ae74a66a5cd4e00e6c8ecd2,1,0,0,1,21023,15
lever_cycled_panel_supergpqa,supergpqa,19,dbf352790b754c3db88217235557c64c,1,1,0,0,20992,15
lever_cycled_panel_supergpqa,supergpqa,19,75137178e29747f9975dc7624cca3109,1,1,0,0,12990,15
lever_cycled_panel_supergpqa,supergpqa,19,eafcd86892c845cbaabd15f986af3e6c,1,1,0,1,6156,15
lever_cycled_panel_supergpqa,supergpqa,19,5b084c10dcfd415b8e9e8873069bc6e7,1,1,0,0,21396,15
lever_cycled_panel_supergpqa,supergpqa,19,1723a610e3aa4f86a6374738f1b0466b,1,1,0,1,9452,15
lever_cycled_panel_supergpqa,supergpqa,19,701898aad61a489886c2eb8f4db59cdd,1,0,0,0,9668,15
lever_cycled_panel_supergpqa,supergpqa,19,33f4021880ee450ab42490c299db88d6,1,0,0,0,22045,15
lever_cycled_panel_supergpqa,supergpqa,19,de1950516378426e8ffac8edc68cbb86,1,0,0,0,6366,15
lever_cycled_panel_supergpqa,supergpqa,19,b0a81c33d74941818515be3c05e1d622,1,1,0,0,10263,15
lever_cycled_panel_supergpqa,supergpqa,19,58afd33ef5d24b3bb7d214b9cdb5db0d,1,1,0,0,28429,15
lever_cycled_panel_supergpqa,supergpqa,19,84644f66158b4fdaaddb6fc86aa19a3b,1,1,0,1,9479,15
lever_cycled_panel_supergpqa,supergpqa,19,0557caca2fe347c29170e24eae1f076d,1,1,0,0,47510,15
lever_cycled_panel_supergpqa,supergpqa,19,900345e64f964883a76dc1b78ce26f14,1,0,0,0,43333,15
lever_cycled_panel_supergpqa,supergpqa,19,bd3c525b63b745208f0fff4028f50d23,1,1,0,1,22448,15
lever_cycled_panel_supergpqa,supergpqa,19,ea949e7345ea4f28bda095f1066c928f,1,1,0,1,10356,15
lever_cycled_panel_supergpqa,supergpqa,19,e90de2e77fa94a12893bbe63fcde4c80,1,1,0,1,42366,15
lever_cycled_panel_supergpqa,supergpqa,19,35674e7f0b134a13a82d46f4babdf749,1,1,0,0,12323,15
lever_cycled_panel_supergpqa,supergpqa,19,c18165652d764f8283c9ee5e0fcb766c,1,0,0,0,21843,15
lever_cycled_panel_supergpqa,supergpqa,19,291b20b80f20452ab35d37928a85b5cc,1,0,0,0,16619,15
lever_cycled_panel_supergpqa,supergpqa,19,0470883f4bd6454a9080210d435a58e7,1,1,0,0,53697,15
lever_cycled_panel_supergpqa,supergpqa,19,16bf421100124ababe356600a10d9b2e,1,0,0,0,38675,15
lever_cycled_panel_supergpqa,supergpqa,19,5cb9e12dbd64468a9ef69d9303febfe6,1,0,0,0,43287,15
lever_diversified_panel_supergpqa,supergpqa,19,4cc09d5121b24752ae88aaade87f5b18,1,0,0,0,45477,15
lever_diversified_panel_supergpqa,supergpqa,19,96de9708bb69463b846fd1c6300b9f0a,1,0,0,0,29478,15
lever_diversified_panel_supergpqa,supergpqa,19,4df480a05c3149fbbc378c400adc2ccd,1,1,0,0,37333,15
lever_diversified_panel_supergpqa,supergpqa,19,7579d2311eed41c6811a85ecc6f9e5c9,1,0,0,0,44715,15
lever_diversified_panel_supergpqa,supergpqa,19,18ecdb4991cf4d248296db7f1893c7ea,1,0,0,0,49347,15
lever_diversified_panel_supergpqa,supergpqa,19,0d9ba8e9698c49639500b5550c57d7ee,1,1,0,0,38997,15
lever_diversified_panel_supergpqa,supergpqa,19,572769efcc6d4031adc194211e973490,1,1,0,0,26144,15
lever_diversified_panel_supergpqa,supergpqa,19,6f900ba491194836a96b960a6ad728bf,1,0,0,0,7457,15
lever_diversified_panel_supergpqa,supergpqa,19,52021db90913488caf319ab17121120c,1,1,0,0,22576,15
lever_diversified_panel_supergpqa,supergpqa,19,d8509b5a44834ec6ad75db04c1aee8f6,1,0,0,1,45660,15
lever_diversified_panel_supergpqa,supergpqa,19,097f9aedb1f24c25a4e5673ac9d5ba93,1,1,0,0,44352,15
lever_diversified_panel_supergpqa,supergpqa,19,8e494ef9276e4977af216a49cb561cf2,1,1,0,0,26443,15
lever_diversified_panel_supergpqa,supergpqa,19,17ac767a0dda4fa4ac527695baa7519d,1,0,0,0,25542,15
lever_diversified_panel_supergpqa,supergpqa,19,6808dfb4b1b643e59868f013dd757ee6,1,0,0,0,22963,15
lever_diversified_panel_supergpqa,supergpqa,19,fdb82c5da8514a1f8d8cade343d372bf,1,1,0,0,49838,15
lever_diversified_panel_supergpqa,supergpqa,19,8511f059ad6248e5a0bcc0f22d93ba2e,1,1,0,0,37378,15
lever_diversified_panel_supergpqa,supergpqa,19,5fcfe657cd5748408e39a90ef94ad757,1,0,0,0,20675,15
lever_diversified_panel_supergpqa,supergpqa,19,5be153717fd341c9b63d6f25778e5aac,1,0,0,0,46166,15
lever_diversified_panel_supergpqa,supergpqa,19,a1bed481cda3417295912d6db997a9c5,1,0,0,0,20304,15
lever_diversified_panel_supergpqa,supergpqa,19,830cccab332c43ad9425d296af89ab00,1,0,0,0,11866,15
lever_diversified_panel_supergpqa,supergpqa,19,cc2d160cb5f6455c8da635903f540371,1,1,0,0,10072,15
lever_diversified_panel_supergpqa,supergpqa,19,e4446b9edaa946968fbdad0ebcb4b3d4,1,0,0,0,14942,15
lever_diversified_panel_supergpqa,supergpqa,19,ed8b16d1f60a45a8b8d85bbf0733f4e7,1,0,0,0,33959,15
lever_diversified_panel_supergpqa,supergpqa,19,cf6ffc3020ba42a7871c5e6a8b37000c,1,1,0,0,27085,15
lever_diversified_panel_supergpqa,supergpqa,19,7268698fce624c8a90a0fdf7c65a66d8,1,1,0,1,58959,15
lever_diversified_panel_supergpqa,supergpqa,19,37350fba596c40b9bb6765725919d996,1,1,0,0,42111,15
lever_diversified_panel_supergpqa,supergpqa,19,ad49a2d77e14436d9866f5882fe884cb,1,0,0,0,31475,15
lever_diversified_panel_supergpqa,supergpqa,19,240b244bf06a413aa0d89c526f540bb0,1,1,0,0,18094,15
lever_diversified_panel_supergpqa,supergpqa,19,ba9179824d684f61982600f4d135daaa,1,1,0,0,24115,15
lever_diversified_panel_supergpqa,supergpqa,19,39b523e1544248428f4a7aec54a306f8,1,0,0,0,38579,15
lever_diversified_panel_supergpqa,supergpqa,19,b4c687ff4f9242148bf15b825653c4ec,1,1,0,0,7676,15
lever_diversified_panel_supergpqa,supergpqa,19,d64856ca870f4220924bc661d70468c8,1,0,0,1,6219,15
lever_diversified_panel_supergpqa,supergpqa,19,99ff46c39bee42d0a3ff6925e112b257,1,0,0,0,15486,15
lever_diversified_panel_supergpqa,supergpqa,19,4a6e1f20cfb94162b9766d55fb8faf5a,1,0,0,0,14040,15
lever_diversified_panel_supergpqa,supergpqa,19,319876d9dae8430aa8c25ae3b9da1577,1,0,0,0,45554,15
lever_diversified_panel_supergpqa,supergpqa,19,d69bdd15a4b74cf7800920dbd1928452,1,0,0,0,56819,15
lever_diversified_panel_supergpqa,supergpqa,19,a9cce0ae643b4633bf6d4d9a7e22fa35,1,0,0,0,36238,15
lever_diversified_panel_supergpqa,supergpqa,19,a91ed7e946af4172be3dab0bd762c014,1,1,0,1,6639,15
lever_diversified_panel_supergpqa,supergpqa,19,0aced28d37014fbdb3ccb35c475698cd,1,0,0,0,13054,15
lever_diversified_panel_supergpqa,supergpqa,19,6adc7a620415473da6d5a69d3d3b27e5,1,0,0,0,5045,15
lever_diversified_panel_supergpqa,supergpqa,19,800ce17fc9d042199f5e566870379013,1,1,0,0,47643,15
lever_diversified_panel_supergpqa,supergpqa,19,05ac97570c2a40ab94f83a5cf3aa09df,1,1,0,0,48133,15
lever_diversified_panel_supergpqa,supergpqa,19,b4fbaecc4a764ac4ab6d58be984fee6e,1,0,0,0,38936,15
lever_diversified_panel_supergpqa,supergpqa,19,bb6098ed7f43413d99b699313fa26228,1,0,0,0,40822,15
lever_diversified_panel_supergpqa,supergpqa,19,7f90368bde1646bd8658c21fc3fa022e,1,1,0,0,40242,15
lever_diversified_panel_supergpqa,supergpqa,19,9c1a9d87952f4b258171f48697b8b380,1,0,0,0,42892,15
lever_diversified_panel_supergpqa,supergpqa,19,3e2c9fee16e24ee38c9c93bf43be775b,1,1,0,0,48018,15
lever_diversified_panel_supergpqa,supergpqa,19,c880f8b15e6d4b0ab8fd8a8dbcccc9de,1,1,0,0,27217,15
lever_diversified_panel_supergpqa,supergpqa,19,b526da7c6f604c85852e1aefd69f2fc3,1,1,0,1,10203,15
lever_diversified_panel_supergpqa,supergpqa,19,8592bcd761ff42b0a42cfa99fb3e497c,1,0,0,0,18268,15
lever_diversified_panel_supergpqa,supergpqa,19,d5b5046b851244b2a5b5064b05a47044,1,1,0,0,40712,15
lever_diversified_panel_supergpqa,supergpqa,19,35a725001bd84d4d99770ffdb1aa2aad,1,0,0,0,43623,15
lever_diversified_panel_supergpqa,supergpqa,19,dbb72b44038641f093b3190b50f55c07,1,0,0,0,10734,15
lever_diversified_panel_supergpqa,supergpqa,19,1a5707eca8304fb4a0930abf341c6d43,1,0,0,0,33123,15
lever_diversified_panel_supergpqa,supergpqa,19,c8a2acecac234ab6ab356ddae087be03,1,1,0,1,12654,15
lever_diversified_panel_supergpqa,supergpqa,19,5176e714d8ec47ed972067003052ed0b,1,1,0,0,53073,15
lever_diversified_panel_supergpqa,supergpqa,19,622296777b7f4aa38a74652b8efc6b67,1,1,0,0,40241,15
lever_diversified_panel_supergpqa,supergpqa,19,85b411f1253a4bf1a0513244fc9cd18f,1,0,0,0,18787,15
lever_diversified_panel_supergpqa,supergpqa,19,ee5adda33b484d39ac3b892c6bfcf7f4,1,0,0,0,24891,15
lever_diversified_panel_supergpqa,supergpqa,19,cf1d87cecba74957b3c7c3054f95be81,1,0,0,0,26857,15
lever_diversified_panel_supergpqa,supergpqa,19,c159804aefa047ef86b65e63f1735794,1,1,0,0,17602,15
lever_diversified_panel_supergpqa,supergpqa,19,5f4dce12f9a244dcb7631b51b6cfb7d0,1,1,0,0,9942,15
lever_diversified_panel_supergpqa,supergpqa,19,ec33474441a246628b52f2cd92e42848,1,1,0,0,10334,15
lever_diversified_panel_supergpqa,supergpqa,19,4295a35934474721a9bc74e675c8c2d9,1,1,0,0,10382,15
lever_diversified_panel_supergpqa,supergpqa,19,447cecef7ae74a66a5cd4e00e6c8ecd2,1,0,0,1,24472,15
lever_diversified_panel_supergpqa,supergpqa,19,4da6b094f021432e9f07bcff16c36b4e,1,0,0,0,9278,15
lever_diversified_panel_supergpqa,supergpqa,19,dbf352790b754c3db88217235557c64c,1,1,0,0,9692,15
lever_diversified_panel_supergpqa,supergpqa,19,5b084c10dcfd415b8e9e8873069bc6e7,1,1,0,0,15840,15
lever_diversified_panel_supergpqa,supergpqa,19,75137178e29747f9975dc7624cca3109,1,1,0,0,12176,15
lever_diversified_panel_supergpqa,supergpqa,19,1723a610e3aa4f86a6374738f1b0466b,1,1,0,1,7603,15
lever_diversified_panel_supergpqa,supergpqa,19,eafcd86892c845cbaabd15f986af3e6c,1,1,0,0,6451,15
lever_diversified_panel_supergpqa,supergpqa,19,33f4021880ee450ab42490c299db88d6,1,0,0,0,18145,15
lever_diversified_panel_supergpqa,supergpqa,19,701898aad61a489886c2eb8f4db59cdd,1,0,0,0,15972,15
lever_diversified_panel_supergpqa,supergpqa,19,de1950516378426e8ffac8edc68cbb86,1,0,0,0,6118,15
lever_diversified_panel_supergpqa,supergpqa,19,58afd33ef5d24b3bb7d214b9cdb5db0d,1,1,0,0,45800,15
lever_diversified_panel_supergpqa,supergpqa,19,84644f66158b4fdaaddb6fc86aa19a3b,1,0,0,0,10494,15
lever_diversified_panel_supergpqa,supergpqa,19,0557caca2fe347c29170e24eae1f076d,1,1,0,0,44014,15
lever_diversified_panel_supergpqa,supergpqa,19,900345e64f964883a76dc1b78ce26f14,1,0,0,0,44804,15
lever_diversified_panel_supergpqa,supergpqa,19,bd3c525b63b745208f0fff4028f50d23,1,0,0,0,33326,15
lever_diversified_panel_supergpqa,supergpqa,19,e90de2e77fa94a12893bbe63fcde4c80,1,0,0,0,40746,15
lever_diversified_panel_supergpqa,supergpqa,19,ea949e7345ea4f28bda095f1066c928f,1,1,0,0,10724,15
lever_diversified_panel_supergpqa,supergpqa,19,35674e7f0b134a13a82d46f4babdf749,1,1,0,0,12765,15
lever_diversified_panel_supergpqa,supergpqa,19,c18165652d764f8283c9ee5e0fcb766c,1,0,0,0,16496,15
lever_diversified_panel_supergpqa,supergpqa,19,291b20b80f20452ab35d37928a85b5cc,1,0,0,0,23805,15
lever_diversified_panel_supergpqa,supergpqa,19,16bf421100124ababe356600a10d9b2e,1,1,0,0,38504,15
lever_diversified_panel_supergpqa,supergpqa,19,0470883f4bd6454a9080210d435a58e7,1,1,0,0,54173,15
lever_diversified_panel_supergpqa,supergpqa,19,5cb9e12dbd64468a9ef69d9303febfe6,1,0,0,0,47292,15
lever_five,unknown,42,recypVp2NmPlBKVTp,1,1,0,1,2125,5
lever_five,unknown,42,rechKl68Uc6H7vU0N,1,0,0,1,15544,5
lever_five,unknown,42,recnawZPumSCLMVgp,1,0,0,1,7225,5
lever_five,unknown,42,rec0wZvZgiz320KRs,1,1,1,0,11962,9
lever_five,unknown,42,rec527dNeEtWJrYNl,1,1,0,1,1942,5
lever_five,unknown,42,recINSFEYLCyyd08m,1,1,1,0,24529,8
lever_five,unknown,42,recQiWOxhkXRz9NVE,1,1,0,1,14108,5
lever_five,unknown,42,rec0yTRmO1o1xCA6H,1,0,0,1,2080,5
lever_five,unknown,42,rec4r4KWNLrT7g2kR,1,1,1,0,24008,8
lever_five,unknown,42,recb80OwMgNnceA9t,1,0,1,0,22654,8
lever_five,unknown,42,rec6sE2CRtD4drtHg,1,1,0,1,15910,5
lever_five,unknown,42,recE2ihVfqEK4R9d0,1,1,0,1,4016,5
lever_five,unknown,42,recDj2Y2BbtV02Wv5,1,0,1,0,10457,8
lever_five,unknown,42,recVvpD8miVjmmyfe,1,0,1,0,33163,9
lever_five,unknown,42,rec5rjeLsEq5Fg7Oj,1,1,0,1,11729,5
lever_five,unknown,42,recpki12iG9RUGrz9,1,1,0,1,10682,5
lever_five,unknown,42,reczjcMtrB1YGS2fO,1,1,1,0,15971,9
lever_five,unknown,42,recIj8lR4tuDgrHou,1,1,1,0,30190,9
lever_five,unknown,42,rec260hNUCEj109Dj,1,1,0,1,4052,5
lever_five,unknown,42,recLAgwx9vbgB5EHk,1,1,0,1,14042,5
lever_five,unknown,42,recWPMm91mGDLXONm,1,1,0,1,3418,5
lever_five,unknown,42,recGFNRVl1qBZGwyU,1,1,1,0,30611,9
lever_five,unknown,42,recSBcGLPatKb3Ygu,1,1,0,1,5673,5
lever_five,unknown,42,recOvqPKUtyy9ISA1,1,1,0,1,10691,5
lever_five,unknown,42,recHVUd2DkoKfedJZ,1,0,0,1,15187,5
lever_five,unknown,42,recnGEpF1srQpaqWq,1,1,0,1,8883,5
lever_five,unknown,42,recVEXvhYxAhELVqB,1,1,0,1,16137,5
lever_five,unknown,42,recXvQ6gWAmyakrpD,1,1,1,0,22437,9
lever_five,unknown,42,recPSTGXK3P39yNYT,1,1,0,1,5388,5
lever_five,unknown,42,recIlghoOw5VbY4Zh,1,1,0,1,11384,5
lever_five,unknown,42,recmI7EiLv72PxmYK,1,1,1,0,20640,9
lever_five,unknown,42,recatj4YXzbOaq3Ar,1,1,0,1,3925,5
lever_five,unknown,42,recL9MFV5zmdlle5T,1,1,0,1,10575,5
lever_five,unknown,42,reczzzihL7btBH7RO,1,0,1,0,17890,9
lever_five,unknown,42,recwW1A85nfyQpReG,1,1,1,0,15590,9
lever_five,unknown,42,rec4L69T0Y1AS4AFS,1,1,0,1,5797,5
lever_five,unknown,42,recNuT2oSnO86bxOx,1,1,0,1,8207,5
lever_five,unknown,42,recMicVBcqy1xM1jq,1,1,1,0,15437,9
lever_five,unknown,42,recGee5m84dg5FZkc,1,1,1,0,22863,8
lever_five,unknown,42,recEmTBhx2hgw6tPQ,1,0,1,0,26463,8
lever_five,unknown,42,recooG6bivTUJpDBz,1,1,1,0,27251,8
lever_five,unknown,42,recJZ3QEfRKjYw9a7,1,1,1,0,18001,8
lever_five,unknown,42,recwlwlcPvXVNPmvl,1,1,0,1,3952,5
lever_five,unknown,42,recnTTKdBzfuoZ7w7,1,0,1,0,78443,8
lever_five,unknown,42,reccOKzFNmyqeJ6ry,1,1,0,1,4946,5
lever_five,unknown,42,recdya6FuYraBU5Rh,1,1,1,0,15002,9
lever_five,unknown,42,recO3hvCWRGiG0odN,1,1,0,1,18191,5
lever_five,unknown,42,rec06pnAkLOr2t2mp,1,1,0,1,3262,5
lever_five,unknown,42,recaXdGn3FAIkxLGM,1,1,1,0,11367,9
lever_five,unknown,42,rec7C06XOB2h298ue,1,1,0,1,3230,5
lever_five,unknown,42,reck4G4xxv3YnpbtQ,1,0,0,1,5530,5
lever_five,unknown,42,rectXfsCM1dj4Kv2c,1,1,1,0,18343,9
lever_five,unknown,42,rechgQucGlrnt8KRV,1,1,0,1,10200,5
lever_five,unknown,42,recoiTJPGUmzAkief,1,1,0,1,3136,5
lever_five,unknown,42,reckEnrOPFT9Ru7tW,1,1,1,0,19614,8
lever_five,unknown,42,recs3PLPUEMiqg4P8,1,1,1,0,26299,8
lever_five,unknown,42,reccVFW11Elovnf8T,1,1,1,0,24351,8
lever_five,unknown,42,recRZjaElf8ft7xTq,1,1,1,0,15078,9
lever_five,unknown,42,recIOlKBsOeEcgkA1,1,1,0,1,2801,5
lever_five,unknown,42,recI1ls9OXdxatHQn,1,1,0,1,9359,5
lever_five,unknown,42,reczUoM8JsxU6pYxr,1,1,0,1,2632,5
lever_five,unknown,42,recmkvk6EFAmqyMxR,1,1,0,1,5232,5
lever_five,unknown,42,rec8y3ZrBOcLgNEkE,1,1,0,1,2599,5
lever_five,unknown,42,rechtUKxC6G67H7Pr,1,1,0,1,3813,5
lever_five,unknown,42,recINGR1z01Fh1Z3A,1,1,0,1,3240,5
lever_five,unknown,42,receYQxnUBvxPcvbQ,1,1,0,1,8123,5
lever_five,unknown,42,rec5eA17Qr1ucNLUf,1,1,1,0,10853,9
lever_five,unknown,42,reczkBiPPNrNN49Hp,1,1,0,1,6982,5
lever_five,unknown,42,receo3UUzRvWCqyfA,1,1,0,1,6540,5
lever_five,unknown,42,recJJcOHhFeSaRpl4,1,1,0,1,2455,5
lever_five,unknown,42,recPIzpnuYpB4yvmp,1,1,1,0,18440,9
lever_five,unknown,42,recUOePh79cp4T2Bg,1,0,0,1,15005,5
lever_five,unknown,42,recLSzwBUS3olCjhl,1,1,0,1,2505,5
lever_five,unknown,42,recPL4ZPpVYxgMu57,1,1,1,0,8784,8
lever_five,unknown,42,recv7GsQg3f0fvB1f,1,1,0,1,4089,5
lever_five,unknown,42,recuYEkVjdVUwA3c0,1,1,1,0,11044,9
lever_five,unknown,42,recf6ayQmL1SxKbvW,1,0,0,1,2557,5
lever_five,unknown,42,recihePFulRgNKsIn,1,0,0,1,3100,5
lever_five,unknown,42,recclFbsjbaiVVnnV,1,0,1,0,28503,8
lever_five,unknown,42,recn3NhOhqAPLda16,1,1,1,0,16208,8
lever_five,unknown,42,recrNbtgTNoabJJi6,1,1,1,0,19931,8
lever_five,unknown,42,rec8nshandHARTkrg,1,1,1,0,26184,8
lever_five,unknown,42,reckl6PkaEMWM50yZ,1,0,0,1,14998,5
lever_five,unknown,42,recr3VHM4zYf6dMFY,1,1,1,0,19074,8
lever_five,unknown,42,recOkA2zsy4GSMD9R,1,0,0,1,15498,5
lever_five,unknown,42,recXsuOHRBLcyenF2,1,1,0,1,1679,5
lever_five,unknown,42,recFaL6j8UMhutXrc,1,1,1,0,26001,8
lever_five,unknown,42,recjJ54TXc04enRkZ,1,1,1,0,29711,9
lever_five,unknown,42,recBhnXrUyTJ6WHIR,1,1,1,0,22838,8
lever_five,unknown,42,recfTlTMjZBuOducT,1,1,1,0,23176,9
lever_flagship_panel_mmlu_pro_stem,mmlu_pro,42,2854,1,1,0,1,2429,3
lever_flagship_panel_mmlu_pro_stem,mmlu_pro,42,8486,1,1,0,1,2701,3
lever_flagship_panel_mmlu_pro_stem,mmlu_pro,42,10024,1,1,0,1,2682,3
lever_flagship_panel_mmlu_pro_stem,mmlu_pro,42,3079,1,1,0,1,2130,3
lever_flagship_panel_mmlu_pro_stem,mmlu_pro,42,11489,1,1,0,1,4068,3
lever_flagship_panel_mmlu_pro_stem,mmlu_pro,42,3320,1,1,0,1,2964,3
lever_flagship_panel_mmlu_pro_stem,mmlu_pro,42,8802,1,1,0,1,1875,3
lever_flagship_panel_mmlu_pro_stem,mmlu_pro,42,8930,1,1,0,1,6195,3
lever_flagship_panel_mmlu_pro_stem,mmlu_pro,42,11562,1,1,0,1,2848,3
lever_flagship_panel_mmlu_pro_stem,mmlu_pro,42,7847,1,1,0,1,1877,3
lever_flagship_panel_mmlu_pro_stem,mmlu_pro,42,9795,1,1,0,1,3155,3
lever_flagship_panel_mmlu_pro_stem,mmlu_pro,42,3739,1,1,0,1,5244,3
lever_flagship_panel_mmlu_pro_stem,mmlu_pro,42,10343,1,1,0,1,8599,3
lever_flagship_panel_mmlu_pro_stem,mmlu_pro,42,3917,1,0,0,1,8576,3
lever_flagship_panel_mmlu_pro_stem,mmlu_pro,42,10452,1,1,0,1,1763,3
lever_flagship_panel_mmlu_pro_stem,mmlu_pro,42,12104,1,1,0,1,6264,3
lever_flagship_panel_mmlu_pro_stem,mmlu_pro,42,8147,1,1,0,1,1806,3
lever_flagship_panel_mmlu_pro_stem,mmlu_pro,42,8676,1,1,0,1,1348,3
lever_flagship_panel_mmlu_pro_stem,mmlu_pro,42,12113,1,1,0,1,12386,3
lever_flagship_panel_mmlu_pro_stem,mmlu_pro,42,11847,1,1,0,1,4886,3
lever_flagship_panel_mmlu_pro_stem,mmlu_pro,42,11886,1,1,0,1,8193,3
lever_flagship_panel_mmlu_pro_stem,mmlu_pro,42,7807,1,1,0,1,1205,3
lever_flagship_panel_mmlu_pro_stem,mmlu_pro,42,3763,1,1,0,1,4004,3
lever_flagship_panel_mmlu_pro_stem,mmlu_pro,42,3878,1,1,0,1,2954,3
lever_flagship_panel_mmlu_pro_stem,mmlu_pro,42,10306,1,1,0,1,2734,3
lever_flagship_panel_mmlu_pro_stem,mmlu_pro,42,9030,1,1,0,1,4178,3
lever_flagship_panel_mmlu_pro_stem,mmlu_pro,42,11733,1,1,0,1,7497,3
lever_flagship_panel_mmlu_pro_stem,mmlu_pro,42,3944,1,1,0,1,1631,3
lever_flagship_panel_mmlu_pro_stem,mmlu_pro,42,8369,1,1,0,1,3341,3
lever_flagship_panel_mmlu_pro_stem,mmlu_pro,42,7793,1,1,0,1,3072,3
lever_flagship_panel_mmlu_pro_stem,mmlu_pro,42,10510,1,1,0,1,1819,3
lever_flagship_panel_mmlu_pro_stem,mmlu_pro,42,10582,1,1,0,1,2240,3
lever_flagship_panel_mmlu_pro_stem,mmlu_pro,42,4090,1,1,0,1,8768,3
lever_flagship_panel_mmlu_pro_stem,mmlu_pro,42,11879,1,1,0,1,6574,3
lever_flagship_panel_mmlu_pro_stem,mmlu_pro,42,7737,1,1,0,1,4151,3
lever_flagship_panel_mmlu_pro_stem,mmlu_pro,42,8266,1,1,0,1,1608,3
lever_flagship_panel_mmlu_pro_stem,mmlu_pro,42,11343,1,1,0,1,6388,3
lever_flagship_panel_mmlu_pro_stem,mmlu_pro,42,10478,1,1,0,1,3631,3
lever_flagship_panel_mmlu_pro_stem,mmlu_pro,42,3206,1,1,0,1,3053,3
lever_flagship_panel_mmlu_pro_stem,mmlu_pro,42,7771,1,1,0,1,2450,3
lever_flagship_panel_mmlu_pro_stem,mmlu_pro,42,9735,1,1,0,1,1501,3
lever_flagship_panel_mmlu_pro_stem,mmlu_pro,42,3454,1,1,0,1,2663,3
lever_flagship_panel_mmlu_pro_stem,mmlu_pro,42,12122,1,1,1,0,9880,6
lever_flagship_panel_mmlu_pro_stem,mmlu_pro,42,9350,1,1,0,1,3335,3
lever_flagship_panel_mmlu_pro_stem,mmlu_pro,42,4063,1,1,0,1,3725,3
lever_flagship_panel_mmlu_pro_stem,mmlu_pro,42,12183,1,1,0,1,3920,3
lever_flagship_panel_mmlu_pro_stem,mmlu_pro,42,8895,1,1,0,1,1836,3
lever_flagship_panel_mmlu_pro_stem,mmlu_pro,42,10520,1,1,0,1,1951,3
lever_flagship_panel_mmlu_pro_stem,mmlu_pro,42,4663,1,1,0,1,4976,3
lever_flagship_panel_mmlu_pro_stem,mmlu_pro,42,8024,1,1,0,1,1638,3
lever_flagship_panel_mmlu_pro_stem,mmlu_pro,42,7964,1,1,0,1,3711,3
lever_flagship_panel_mmlu_pro_stem,mmlu_pro,42,3364,1,1,0,1,2382,3
lever_flagship_panel_mmlu_pro_stem,mmlu_pro,42,3672,1,1,0,1,1887,3
lever_flagship_panel_mmlu_pro_stem,mmlu_pro,42,11899,1,1,0,1,6377,3
lever_flagship_panel_mmlu_pro_stem,mmlu_pro,42,12181,1,1,0,1,6042,3
lever_flagship_panel_mmlu_pro_stem,mmlu_pro,42,7804,1,1,0,1,1894,3
lever_flagship_panel_mmlu_pro_stem,mmlu_pro,42,10689,1,1,0,1,2574,3
lever_flagship_panel_mmlu_pro_stem,mmlu_pro,42,8638,1,1,0,1,6351,3
lever_flagship_panel_mmlu_pro_stem,mmlu_pro,42,8955,1,0,1,0,10880,7
lever_flagship_panel_mmlu_pro_stem,mmlu_pro,42,11384,1,1,0,1,22877,3
lever_flagship_panel,unknown,42,rec0wZvZgiz320KRs,1,1,0,1,5794,3
lever_flagship_panel,unknown,42,recypVp2NmPlBKVTp,1,1,0,1,2795,3
lever_flagship_panel,unknown,42,rechKl68Uc6H7vU0N,1,1,0,1,9498,3
lever_flagship_panel,unknown,42,recINSFEYLCyyd08m,1,1,0,1,8200,3
lever_flagship_panel,unknown,42,recnawZPumSCLMVgp,1,1,0,1,16676,3
lever_flagship_panel,unknown,42,rec4r4KWNLrT7g2kR,1,1,0,1,17960,3
lever_flagship_panel,unknown,42,rec527dNeEtWJrYNl,1,1,0,1,6517,3
lever_flagship_panel,unknown,42,recQiWOxhkXRz9NVE,1,0,1,0,34179,6
lever_flagship_panel,unknown,42,rec0yTRmO1o1xCA6H,1,1,0,1,4467,3
lever_flagship_panel,unknown,42,recnTTKdBzfuoZ7w7,1,1,1,0,50894,6
lever_flagship_panel,unknown,42,recDj2Y2BbtV02Wv5,1,0,1,0,19048,6
lever_flagship_panel,unknown,42,rec6sE2CRtD4drtHg,1,1,0,1,8134,3
lever_flagship_panel,unknown,42,recE2ihVfqEK4R9d0,1,1,0,1,4860,3
lever_flagship_panel,unknown,42,recb80OwMgNnceA9t,1,1,0,1,38005,3
lever_flagship_panel,unknown,42,reczjcMtrB1YGS2fO,1,1,0,1,8187,3
lever_flagship_panel,unknown,42,recGFNRVl1qBZGwyU,1,1,0,1,9437,3
lever_flagship_panel,unknown,42,recpki12iG9RUGrz9,1,1,0,1,6483,3
lever_flagship_panel,unknown,42,recIj8lR4tuDgrHou,1,1,0,1,5428,3
lever_flagship_panel,unknown,42,rec260hNUCEj109Dj,1,1,0,1,4039,3
lever_flagship_panel,unknown,42,recLAgwx9vbgB5EHk,1,1,0,1,10801,3
lever_flagship_panel,unknown,42,recXvQ6gWAmyakrpD,1,1,0,1,7308,3
lever_flagship_panel,unknown,42,recWPMm91mGDLXONm,1,1,0,1,6157,3
lever_flagship_panel,unknown,42,recVvpD8miVjmmyfe,1,0,1,0,28642,7
lever_flagship_panel,unknown,42,recSBcGLPatKb3Ygu,1,1,0,1,4638,3
lever_flagship_panel,unknown,42,recHVUd2DkoKfedJZ,1,1,0,1,7421,3
lever_flagship_panel,unknown,42,recOvqPKUtyy9ISA1,1,0,1,0,48808,7
lever_flagship_panel,unknown,42,recmI7EiLv72PxmYK,1,1,0,1,7870,3
lever_flagship_panel,unknown,42,recnGEpF1srQpaqWq,1,1,0,1,17550,3
lever_flagship_panel,unknown,42,recVEXvhYxAhELVqB,1,1,0,1,14171,3
lever_flagship_panel,unknown,42,reczzzihL7btBH7RO,1,0,0,1,8338,3
lever_flagship_panel,unknown,42,recPSTGXK3P39yNYT,1,1,0,1,5069,3
lever_flagship_panel,unknown,42,recatj4YXzbOaq3Ar,1,1,0,1,3029,3
lever_flagship_panel,unknown,42,recIlghoOw5VbY4Zh,1,1,0,1,15161,3
lever_flagship_panel,unknown,42,recL9MFV5zmdlle5T,1,1,1,0,15394,7
lever_flagship_panel,unknown,42,recwW1A85nfyQpReG,1,1,0,1,4655,3
lever_flagship_panel,unknown,42,recEmTBhx2hgw6tPQ,1,0,1,0,31281,6
lever_flagship_panel,unknown,42,recMicVBcqy1xM1jq,1,1,0,1,7881,3
lever_flagship_panel,unknown,42,recNuT2oSnO86bxOx,1,1,0,1,7757,3
lever_flagship_panel,unknown,42,recGee5m84dg5FZkc,1,1,0,1,8223,3
lever_flagship_panel,unknown,42,rec4L69T0Y1AS4AFS,1,0,1,0,19369,6
lever_flagship_panel,unknown,42,recJZ3QEfRKjYw9a7,1,1,0,1,10958,3
lever_flagship_panel,unknown,42,recooG6bivTUJpDBz,1,1,0,1,11631,3
lever_flagship_panel,unknown,42,recdya6FuYraBU5Rh,1,1,0,1,5381,3
lever_flagship_panel,unknown,42,recwlwlcPvXVNPmvl,1,1,0,1,5080,3
lever_flagship_panel,unknown,42,rec5rjeLsEq5Fg7Oj,1,0,0,1,56601,3
lever_flagship_panel,unknown,42,rectXfsCM1dj4Kv2c,1,1,0,1,7776,3
lever_flagship_panel,unknown,42,recaXdGn3FAIkxLGM,1,1,0,1,8488,3
lever_flagship_panel,unknown,42,reccOKzFNmyqeJ6ry,1,1,0,1,5046,3
lever_flagship_panel,unknown,42,rec06pnAkLOr2t2mp,1,1,0,1,3975,3
lever_flagship_panel,unknown,42,reckEnrOPFT9Ru7tW,1,1,0,1,7280,3
lever_flagship_panel,unknown,42,recs3PLPUEMiqg4P8,1,1,0,1,10405,3
lever_flagship_panel,unknown,42,recO3hvCWRGiG0odN,1,1,0,1,9121,3
lever_flagship_panel,unknown,42,rec7C06XOB2h298ue,1,1,0,1,3562,3
lever_flagship_panel,unknown,42,rechgQucGlrnt8KRV,1,1,0,1,5326,3
lever_flagship_panel,unknown,42,reck4G4xxv3YnpbtQ,1,1,0,1,9698,3
lever_flagship_panel,unknown,42,reccVFW11Elovnf8T,1,1,0,1,7919,3
lever_flagship_panel,unknown,42,recoiTJPGUmzAkief,1,1,0,1,5481,3
lever_flagship_panel,unknown,42,recI1ls9OXdxatHQn,1,1,0,1,4012,3
lever_flagship_panel,unknown,42,recmkvk6EFAmqyMxR,1,1,0,1,3170,3
lever_flagship_panel,unknown,42,recRZjaElf8ft7xTq,1,1,0,1,8254,3
lever_flagship_panel,unknown,42,recIOlKBsOeEcgkA1,1,1,0,1,4228,3
lever_flagship_panel,unknown,42,rechtUKxC6G67H7Pr,1,1,0,1,4387,3
lever_flagship_panel,unknown,42,rec8y3ZrBOcLgNEkE,1,1,0,1,3720,3
lever_flagship_panel,unknown,42,reczUoM8JsxU6pYxr,1,1,0,1,14315,3
lever_flagship_panel,unknown,42,rec5eA17Qr1ucNLUf,1,1,0,1,5641,3
lever_flagship_panel,unknown,42,recINGR1z01Fh1Z3A,1,1,0,1,5251,3
lever_flagship_panel,unknown,42,recPIzpnuYpB4yvmp,1,1,0,1,6495,3
lever_flagship_panel,unknown,42,recclFbsjbaiVVnnV,1,0,1,0,24498,6
lever_flagship_panel,unknown,42,recPL4ZPpVYxgMu57,1,1,0,1,3347,3
lever_flagship_panel,unknown,42,receYQxnUBvxPcvbQ,1,1,0,1,8755,3
lever_flagship_panel,unknown,42,reczkBiPPNrNN49Hp,1,1,0,1,6223,3
lever_flagship_panel,unknown,42,receo3UUzRvWCqyfA,1,1,0,1,5880,3
lever_flagship_panel,unknown,42,recuYEkVjdVUwA3c0,1,1,0,1,4212,3
lever_flagship_panel,unknown,42,recJJcOHhFeSaRpl4,1,1,0,1,5777,3
lever_flagship_panel,unknown,42,recLSzwBUS3olCjhl,1,1,0,1,3984,3
lever_flagship_panel,unknown,42,recv7GsQg3f0fvB1f,1,1,0,1,4104,3
lever_flagship_panel,unknown,42,recn3NhOhqAPLda16,1,1,0,1,8110,3
lever_flagship_panel,unknown,42,recUOePh79cp4T2Bg,1,0,0,1,15497,3
lever_flagship_panel,unknown,42,recf6ayQmL1SxKbvW,1,0,0,1,3864,3
lever_flagship_panel,unknown,42,recihePFulRgNKsIn,1,0,0,1,4368,3
lever_flagship_panel,unknown,42,recrNbtgTNoabJJi6,1,1,0,1,10023,3
lever_flagship_panel,unknown,42,rec8nshandHARTkrg,1,1,0,1,8337,3
lever_flagship_panel,unknown,42,recr3VHM4zYf6dMFY,1,1,0,1,4988,3
lever_flagship_panel,unknown,42,recFaL6j8UMhutXrc,1,1,0,1,18448,3
lever_flagship_panel,unknown,42,recfTlTMjZBuOducT,1,1,0,1,7374,3
lever_flagship_panel,unknown,42,recOkA2zsy4GSMD9R,1,1,0,1,11528,3
lever_flagship_panel,unknown,42,recXsuOHRBLcyenF2,1,1,0,1,2259,3
lever_flagship_panel,unknown,42,recBhnXrUyTJ6WHIR,1,0,0,1,10969,3
lever_flagship_panel,unknown,42,reckl6PkaEMWM50yZ,1,1,1,0,42544,7
lever_flagship_panel,unknown,42,recjJ54TXc04enRkZ,1,1,1,0,32608,7
lever_flagship_panel__replicate,unknown,42,rec0wZvZgiz320KRs,1,1,0,1,4401,3
lever_flagship_panel__replicate,unknown,42,recypVp2NmPlBKVTp,1,1,0,1,2661,3
lever_flagship_panel__replicate,unknown,42,recINSFEYLCyyd08m,1,1,0,1,8221,3
lever_flagship_panel__replicate,unknown,42,rechKl68Uc6H7vU0N,1,1,0,1,12331,3
lever_flagship_panel__replicate,unknown,42,rec4r4KWNLrT7g2kR,1,1,0,1,20410,3
lever_flagship_panel__replicate,unknown,42,recnawZPumSCLMVgp,1,1,0,1,16669,3
lever_flagship_panel__replicate,unknown,42,rec527dNeEtWJrYNl,1,1,0,1,5768,3
lever_flagship_panel__replicate,unknown,42,recQiWOxhkXRz9NVE,1,0,1,0,35332,6
lever_flagship_panel__replicate,unknown,42,rec0yTRmO1o1xCA6H,1,1,0,1,4672,3
lever_flagship_panel__replicate,unknown,42,recnTTKdBzfuoZ7w7,1,1,1,0,61111,6
lever_flagship_panel__replicate,unknown,42,recDj2Y2BbtV02Wv5,1,0,1,0,19251,6
lever_flagship_panel__replicate,unknown,42,rec6sE2CRtD4drtHg,1,1,0,1,7211,3
lever_flagship_panel__replicate,unknown,42,recb80OwMgNnceA9t,1,1,0,1,46123,3
lever_flagship_panel__replicate,unknown,42,recVvpD8miVjmmyfe,1,0,1,0,26836,7
lever_flagship_panel__replicate,unknown,42,recE2ihVfqEK4R9d0,1,1,0,1,6016,3
lever_flagship_panel__replicate,unknown,42,reczjcMtrB1YGS2fO,1,1,0,1,10122,3
lever_flagship_panel__replicate,unknown,42,recpki12iG9RUGrz9,1,1,0,1,6496,3
lever_flagship_panel__replicate,unknown,42,recGFNRVl1qBZGwyU,1,1,0,1,12284,3
lever_flagship_panel__replicate,unknown,42,recIj8lR4tuDgrHou,1,1,0,1,4917,3
lever_flagship_panel__replicate,unknown,42,rec260hNUCEj109Dj,1,1,0,1,4369,3
lever_flagship_panel__replicate,unknown,42,recXvQ6gWAmyakrpD,1,1,0,1,7258,3
lever_flagship_panel__replicate,unknown,42,recWPMm91mGDLXONm,1,1,0,1,6483,3
lever_flagship_panel__replicate,unknown,42,recLAgwx9vbgB5EHk,1,1,0,1,15349,3
lever_flagship_panel__replicate,unknown,42,recSBcGLPatKb3Ygu,1,1,0,1,4456,3
lever_flagship_panel__replicate,unknown,42,recHVUd2DkoKfedJZ,1,1,0,1,8996,3
lever_flagship_panel__replicate,unknown,42,recnGEpF1srQpaqWq,1,1,0,1,21733,3
lever_flagship_panel__replicate,unknown,42,recmI7EiLv72PxmYK,1,1,0,1,7886,3
lever_flagship_panel__replicate,unknown,42,recOvqPKUtyy9ISA1,1,1,1,0,47272,6
lever_flagship_panel__replicate,unknown,42,recVEXvhYxAhELVqB,1,1,0,1,11312,3
lever_flagship_panel__replicate,unknown,42,reczzzihL7btBH7RO,1,0,0,1,10809,3
lever_flagship_panel__replicate,unknown,42,recPSTGXK3P39yNYT,1,1,0,1,6844,3
lever_flagship_panel__replicate,unknown,42,recatj4YXzbOaq3Ar,1,1,0,1,3385,3
lever_flagship_panel__replicate,unknown,42,recIlghoOw5VbY4Zh,1,1,0,1,11087,3
lever_flagship_panel__replicate,unknown,42,recL9MFV5zmdlle5T,1,1,0,1,6052,3
lever_flagship_panel__replicate,unknown,42,rec5rjeLsEq5Fg7Oj,1,0,1,0,37834,6
lever_flagship_panel__replicate,unknown,42,recwW1A85nfyQpReG,1,1,0,1,4032,3
lever_flagship_panel__replicate,unknown,42,recMicVBcqy1xM1jq,1,1,0,1,8809,3
lever_flagship_panel__replicate,unknown,42,recNuT2oSnO86bxOx,1,1,0,1,8400,3
lever_flagship_panel__replicate,unknown,42,recGee5m84dg5FZkc,1,1,0,1,7746,3
lever_flagship_panel__replicate,unknown,42,recEmTBhx2hgw6tPQ,1,1,1,0,35569,6
lever_flagship_panel__replicate,unknown,42,recJZ3QEfRKjYw9a7,1,1,0,1,9012,3
lever_flagship_panel__replicate,unknown,42,recdya6FuYraBU5Rh,1,1,0,1,5083,3
lever_flagship_panel__replicate,unknown,42,recwlwlcPvXVNPmvl,1,1,0,1,3668,3
lever_flagship_panel__replicate,unknown,42,recooG6bivTUJpDBz,1,1,1,0,20473,7
lever_flagship_panel__replicate,unknown,42,recaXdGn3FAIkxLGM,1,1,0,1,10694,3
lever_flagship_panel__replicate,unknown,42,rectXfsCM1dj4Kv2c,1,1,0,1,6756,3
lever_flagship_panel__replicate,unknown,42,reccOKzFNmyqeJ6ry,1,1,0,1,5318,3
lever_flagship_panel__replicate,unknown,42,recs3PLPUEMiqg4P8,1,1,0,1,13088,3
lever_flagship_panel__replicate,unknown,42,rec4L69T0Y1AS4AFS,1,1,1,0,33831,6
lever_flagship_panel__replicate,unknown,42,recO3hvCWRGiG0odN,1,1,0,1,8364,3
lever_flagship_panel__replicate,unknown,42,rec7C06XOB2h298ue,1,1,0,1,2977,3
lever_flagship_panel__replicate,unknown,42,rec06pnAkLOr2t2mp,1,1,0,1,4077,3
lever_flagship_panel__replicate,unknown,42,reckEnrOPFT9Ru7tW,1,1,0,1,6910,3
lever_flagship_panel__replicate,unknown,42,rechgQucGlrnt8KRV,1,1,0,1,5272,3
lever_flagship_panel__replicate,unknown,42,reccVFW11Elovnf8T,1,1,0,1,8831,3
lever_flagship_panel__replicate,unknown,42,recoiTJPGUmzAkief,1,1,0,1,5419,3
lever_flagship_panel__replicate,unknown,42,recRZjaElf8ft7xTq,1,1,0,1,8242,3
lever_flagship_panel__replicate,unknown,42,recI1ls9OXdxatHQn,1,1,0,1,4227,3
lever_flagship_panel__replicate,unknown,42,reck4G4xxv3YnpbtQ,1,0,1,0,16665,6
lever_flagship_panel__replicate,unknown,42,recIOlKBsOeEcgkA1,1,1,0,1,4773,3
lever_flagship_panel__replicate,unknown,42,recmkvk6EFAmqyMxR,1,1,0,1,4871,3
lever_flagship_panel__replicate,unknown,42,rechtUKxC6G67H7Pr,1,1,0,1,4164,3
lever_flagship_panel__replicate,unknown,42,rec8y3ZrBOcLgNEkE,1,1,0,1,3670,3
lever_flagship_panel__replicate,unknown,42,reczUoM8JsxU6pYxr,1,1,0,1,10301,3
lever_flagship_panel__replicate,unknown,42,rec5eA17Qr1ucNLUf,1,1,0,1,6008,3
lever_flagship_panel__replicate,unknown,42,recclFbsjbaiVVnnV,1,0,1,0,21287,6
lever_flagship_panel__replicate,unknown,42,recINGR1z01Fh1Z3A,1,1,0,1,5164,3
lever_flagship_panel__replicate,unknown,42,recPIzpnuYpB4yvmp,1,1,0,1,5863,3
lever_flagship_panel__replicate,unknown,42,recPL4ZPpVYxgMu57,1,1,0,1,2867,3
lever_flagship_panel__replicate,unknown,42,reczkBiPPNrNN49Hp,1,1,0,1,4302,3
lever_flagship_panel__replicate,unknown,42,receYQxnUBvxPcvbQ,1,1,0,1,8247,3
lever_flagship_panel__replicate,unknown,42,receo3UUzRvWCqyfA,1,1,0,1,6391,3
lever_flagship_panel__replicate,unknown,42,recJJcOHhFeSaRpl4,1,1,0,1,5271,3
lever_flagship_panel__replicate,unknown,42,recuYEkVjdVUwA3c0,1,1,0,1,5397,3
lever_flagship_panel__replicate,unknown,42,recLSzwBUS3olCjhl,1,1,0,1,4535,3
lever_flagship_panel__replicate,unknown,42,recv7GsQg3f0fvB1f,1,1,0,1,4106,3
lever_flagship_panel__replicate,unknown,42,recn3NhOhqAPLda16,1,1,0,1,8868,3
lever_flagship_panel__replicate,unknown,42,recf6ayQmL1SxKbvW,1,0,0,1,4104,3
lever_flagship_panel__replicate,unknown,42,recihePFulRgNKsIn,1,0,0,1,4092,3
lever_flagship_panel__replicate,unknown,42,recrNbtgTNoabJJi6,1,1,0,1,11577,3
lever_flagship_panel__replicate,unknown,42,recFaL6j8UMhutXrc,1,1,0,1,15317,3
lever_flagship_panel__replicate,unknown,42,rec8nshandHARTkrg,1,1,0,1,7950,3
lever_flagship_panel__replicate,unknown,42,recr3VHM4zYf6dMFY,1,1,0,1,4887,3
lever_flagship_panel__replicate,unknown,42,recjJ54TXc04enRkZ,1,1,1,0,40425,7
lever_flagship_panel__replicate,unknown,42,recUOePh79cp4T2Bg,1,0,1,0,36559,6
lever_flagship_panel__replicate,unknown,42,recfTlTMjZBuOducT,1,1,0,1,7445,3
lever_flagship_panel__replicate,unknown,42,recXsuOHRBLcyenF2,1,1,0,1,2146,3
lever_flagship_panel__replicate,unknown,42,recOkA2zsy4GSMD9R,1,1,0,1,10130,3
lever_flagship_panel__replicate,unknown,42,recBhnXrUyTJ6WHIR,1,0,0,1,10519,3
lever_flagship_panel__replicate,unknown,42,reckl6PkaEMWM50yZ,1,1,1,0,38008,6
lever_flagship_panel,unknown,7,recz3MfYHPRhsEQkW,1,1,0,1,4876,3
lever_flagship_panel,unknown,7,recoiTJPGUmzAkief,1,1,0,1,5064,3
lever_flagship_panel,unknown,7,recooG6bivTUJpDBz,1,1,0,1,10752,3
lever_flagship_panel,unknown,7,recrHBEJJoDTV05JR,1,1,0,1,8140,3
lever_flagship_panel,unknown,7,rec527dNeEtWJrYNl,1,1,0,1,6396,3
lever_flagship_panel,unknown,7,recFaL6j8UMhutXrc,1,1,0,1,12812,3
lever_flagship_panel,unknown,7,recYt8xx80OTyDsL0,1,1,0,1,3081,3
lever_flagship_panel,unknown,7,rec0yTRmO1o1xCA6H,1,1,0,1,4611,3
lever_flagship_panel,unknown,7,recOvqPKUtyy9ISA1,1,1,0,1,37881,3
lever_flagship_panel,unknown,7,recmwwQJnx7ll7bqL,1,1,0,1,4585,3
lever_flagship_panel,unknown,7,rec2UlKqC6RFHdcro,1,1,0,1,5657,3
lever_flagship_panel,unknown,7,recD8oX1KevFbl7bL,1,1,0,1,5224,3
lever_flagship_panel,unknown,7,reczUoM8JsxU6pYxr,1,1,0,1,11802,3
lever_flagship_panel,unknown,7,recBXlqrZUCR897It,1,1,0,1,6661,3
lever_flagship_panel,unknown,7,recYOzCsevNz61Lyn,1,1,0,1,5000,3
lever_flagship_panel,unknown,7,recDDxpS9s8cwkqfq,1,1,0,1,4938,3
lever_flagship_panel,unknown,7,rec47oNPXudlTIk4y,1,0,0,1,5568,3
lever_flagship_panel,unknown,7,recEmTBhx2hgw6tPQ,1,1,1,0,39650,6
lever_flagship_panel,unknown,7,recIMcQfaQNa6vzsT,1,1,0,1,6366,3
lever_flagship_panel,unknown,7,rec0Arme2jcXQZnAW,1,1,0,1,5985,3
lever_flagship_panel,unknown,7,reck4G4xxv3YnpbtQ,1,1,1,0,15665,6
lever_flagship_panel,unknown,7,recb80OwMgNnceA9t,1,1,1,0,50396,6
lever_flagship_panel,unknown,7,reccVBrYdwsB84fGy,1,1,0,1,7075,3
lever_flagship_panel,unknown,7,recS48OsU6kVadBPW,1,1,0,1,3191,3
lever_flagship_panel,unknown,7,recPzW1WqRnPs57D6,1,1,0,1,5269,3
lever_flagship_panel,unknown,7,rec1zl5LvaatzGhFt,1,1,0,1,5637,3
lever_flagship_panel,unknown,7,recyl3usDqb7ruXJx,1,1,0,1,14150,3
lever_flagship_panel,unknown,7,recpki12iG9RUGrz9,1,1,0,1,5623,3
lever_flagship_panel,unknown,7,recPSTGXK3P39yNYT,1,1,0,1,5945,3
lever_flagship_panel,unknown,7,recihePFulRgNKsIn,1,0,0,1,4023,3
lever_flagship_panel,unknown,7,recRhwQwHijW0gCLo,1,1,0,1,8553,3
lever_flagship_panel,unknown,7,recVvpD8miVjmmyfe,1,1,1,0,41956,7
lever_flagship_panel,unknown,7,recdya6FuYraBU5Rh,1,1,0,1,6657,3
lever_flagship_panel,unknown,7,recwW1A85nfyQpReG,1,1,0,1,3902,3
lever_flagship_panel,unknown,7,recWxGU8Q4YReJ1tb,1,0,0,1,16228,3
lever_flagship_panel,unknown,7,recXsYa3i2UhGF5fe,1,1,0,1,4931,3
lever_flagship_panel,unknown,7,recf6ayQmL1SxKbvW,1,0,0,1,6143,3
lever_flagship_panel,unknown,7,recRTiyaRymerDJ4y,1,1,0,1,4997,3
lever_flagship_panel,unknown,7,rec06pnAkLOr2t2mp,1,1,0,1,4473,3
lever_flagship_panel,unknown,7,recHVUd2DkoKfedJZ,1,1,0,1,8443,3
lever_flagship_panel,unknown,7,recINSFEYLCyyd08m,1,1,0,1,7736,3
lever_flagship_panel,unknown,7,recQ8oxSY2aCwFRS8,1,1,0,1,11758,3
lever_flagship_panel,unknown,7,recAYkd96NNuNl1Ei,1,0,0,1,3080,3
lever_flagship_panel,unknown,7,recJZ3QEfRKjYw9a7,1,1,0,1,10775,3
lever_flagship_panel,unknown,7,rechKl68Uc6H7vU0N,1,1,0,1,17616,3
lever_flagship_panel,unknown,7,recRZjaElf8ft7xTq,1,1,0,1,7942,3
lever_flagship_panel,unknown,7,recb4cGsC6BJUCU3V,1,1,0,1,6668,3
lever_flagship_panel,unknown,7,reca44yABeO2fx7UB,1,0,1,0,33075,7
lever_flagship_panel,unknown,7,recjJ54TXc04enRkZ,1,0,0,1,20856,3
lever_flagship_panel,unknown,7,recclFbsjbaiVVnnV,1,1,1,0,24253,6
lever_flagship_panel,unknown,7,recvlnu8BuLmXZhSX,1,1,0,1,4851,3
lever_flagship_panel,unknown,7,recxsX66ktJ1Lwt4f,1,1,0,1,3779,3
lever_flagship_panel,unknown,7,recUc29lMDBEvurYo,1,1,0,1,15418,3
lever_flagship_panel,unknown,7,rectlyG9pCAAuWhoB,1,0,1,0,42940,6
lever_flagship_panel,unknown,7,recMicVBcqy1xM1jq,1,1,0,1,9180,3
lever_flagship_panel,unknown,7,recLrRirj7iXoB0rU,1,1,0,1,7753,3
lever_flagship_panel,unknown,7,recReg13iV2HwJTaA,1,1,0,1,3450,3
lever_flagship_panel,unknown,7,recYCMJWH7IpcdqwE,1,1,1,0,39583,6
lever_flagship_panel,unknown,7,recZWeueB7lSPR6wN,1,1,0,1,11132,3
lever_flagship_panel,unknown,7,recZbxrocrxh9YENH,1,1,0,1,8750,3
lever_flagship_panel,unknown,7,rec32C1ZEapBnCC0E,1,1,0,1,6166,3
lever_flagship_panel,unknown,7,recVE8cUNHpHZIAvL,1,1,0,1,8405,3
lever_flagship_panel,unknown,7,recGFKDUd8qgz81Zl,1,1,0,1,7694,3
lever_flagship_panel,unknown,7,recXvQ6gWAmyakrpD,1,1,0,1,7271,3
lever_flagship_panel,unknown,7,recKv4hFyNpViUXnL,1,1,1,0,15409,7
lever_flagship_panel,unknown,7,recl1UtgTVKishAq4,1,1,0,1,15774,3
lever_flagship_panel,unknown,7,recUBgVlkKzcRPDdK,1,0,0,1,8694,3
lever_flagship_panel,unknown,7,recKm6LNWykGapmCr,1,1,0,1,5217,3
lever_flagship_panel,unknown,7,recLB0EkQ54bYVhnd,1,1,0,1,7329,3
lever_flagship_panel,unknown,7,rec4L69T0Y1AS4AFS,1,0,0,1,20342,3
lever_flagship_panel,unknown,7,recXsuOHRBLcyenF2,1,1,0,1,2717,3
lever_flagship_panel,unknown,7,recxTy0x7M6T9ikc0,1,1,0,1,9907,3
lever_flagship_panel,unknown,7,receYQxnUBvxPcvbQ,1,1,0,1,7135,3
lever_flagship_panel,unknown,7,recQiWOxhkXRz9NVE,1,0,1,0,28914,6
lever_flagship_panel,unknown,7,recfTlTMjZBuOducT,1,1,0,1,8116,3
lever_flagship_panel,unknown,7,recb2M22zaD3tL6Qc,1,1,0,1,11559,3
lever_flagship_panel,unknown,7,recqFDvYKKRmbnoUb,1,1,0,1,3719,3
lever_flagship_panel,unknown,7,recNu3MXkvWUzHZr9,1,1,0,1,6530,3
lever_flagship_panel,unknown,7,recIlghoOw5VbY4Zh,1,1,0,1,10634,3
lever_flagship_panel,unknown,7,rec0wZvZgiz320KRs,1,1,0,1,5401,3
lever_flagship_panel,unknown,7,reccOKzFNmyqeJ6ry,1,1,0,1,5572,3
lever_flagship_panel,unknown,7,recCJJOeBGERaHYax,1,0,1,0,30925,6
lever_flagship_panel,unknown,7,recKcjTwONILZqHAX,1,1,0,1,3391,3
lever_flagship_panel,unknown,7,receo3UUzRvWCqyfA,1,1,0,1,5168,3
lever_flagship_panel,unknown,7,recmkvk6EFAmqyMxR,1,1,0,1,3928,3
lever_flagship_panel,unknown,7,recIDiDKKrN61Auyr,1,1,0,1,2151,3
lever_flagship_panel,unknown,7,recmI7EiLv72PxmYK,1,1,0,1,7676,3
lever_flagship_panel,unknown,7,reczkBiPPNrNN49Hp,1,1,0,1,6355,3
lever_flagship_panel,unknown,7,rec2ZTsqazBZ3LTWZ,1,1,0,1,7378,3
lever_flagship_panel,unknown,7,recyrk6XBVwugG5u8,1,1,0,1,22356,3
lever_flagship_panel_supergpqa,supergpqa,123,28940f5e66204d6d8da272c94357c949,1,0,0,1,4344,3
lever_flagship_panel_supergpqa,supergpqa,123,325534796b254b3499202862368c0f5c,1,1,0,1,8972,3
lever_flagship_panel_supergpqa,supergpqa,123,ea4794c5a4774d66b38264b39f2fe72d,1,1,0,1,8983,3
lever_flagship_panel_supergpqa,supergpqa,123,f3dbbb1c935242e287d05399a283167a,1,0,0,1,6567,3
lever_flagship_panel_supergpqa,supergpqa,123,e459d523e32a40e483fa37877ae37dd7,1,1,0,1,7657,3
lever_flagship_panel_supergpqa,supergpqa,123,c4f6b8482b184c0b98b6d72d00204932,1,1,0,1,8840,3
lever_flagship_panel_supergpqa,supergpqa,123,3379eb264f7a44fcbb8967c1257d8ef1,1,1,0,1,5378,3
lever_flagship_panel_supergpqa,supergpqa,123,a171bbfccbe24401a400031c59b4af26,1,1,0,1,9714,3
lever_flagship_panel_supergpqa,supergpqa,123,cef6e3a767534afab6be3925eee3908f,1,1,0,1,10432,3
lever_flagship_panel_supergpqa,supergpqa,123,8e138fad2c6a4a5d94d6c17aa87bd47e,1,0,0,1,8334,3
lever_flagship_panel_supergpqa,supergpqa,123,10e238c23efe47cf85d9718dfea21752,1,0,0,1,34663,3
lever_flagship_panel_supergpqa,supergpqa,123,93fb85fa16e54fffb106e0e8b6ea0a41,1,1,1,0,22587,7
lever_flagship_panel_supergpqa,supergpqa,123,9bffaf0a268949899e234cf7a4299f16,1,0,0,1,14680,3
lever_flagship_panel_supergpqa,supergpqa,123,b586d22adc1340dcb0af3966063009ee,1,1,0,1,8128,3
lever_flagship_panel_supergpqa,supergpqa,123,03ccb89aa12341928fc94ffc1721820d,1,1,0,1,18659,3
lever_flagship_panel_supergpqa,supergpqa,123,43b85949f89c4ced866cc8222329c0d5,1,1,0,1,5544,3
lever_flagship_panel_supergpqa,supergpqa,123,53185f05190546179a849bb17515c3b5,1,1,0,1,5440,3
lever_flagship_panel_supergpqa,supergpqa,123,27a902f1fd954aef804640412578914b,1,1,0,1,3935,3
lever_flagship_panel_supergpqa,supergpqa,123,937e75090a8a4e4f8dd14f6330f14ed4,1,1,0,1,12035,3
lever_flagship_panel_supergpqa,supergpqa,123,4a0b44d076df4b458538e29e594ab4a8,1,1,0,1,5853,3
lever_flagship_panel_supergpqa,supergpqa,123,345786092a354c1e90c6b2004b9d5719,1,1,0,1,10583,3
lever_flagship_panel_supergpqa,supergpqa,123,b389bd8fda16458da390b0aeefa9328c,1,1,0,1,7283,3
lever_flagship_panel_supergpqa,supergpqa,123,e7ed8b4f392140368530a851521d82e0,1,0,1,0,30135,7
lever_flagship_panel_supergpqa,supergpqa,123,0798fd9db4e14572a71233e3b6e3acbd,1,1,0,1,9249,3
lever_flagship_panel_supergpqa,supergpqa,123,7a9df24be1fa4c2ebb1d80d46daf7203,1,1,1,0,13731,7
lever_flagship_panel_supergpqa,supergpqa,123,b3743d924802472a989b477f6b0345af,1,1,0,1,16619,3
lever_flagship_panel_supergpqa,supergpqa,123,287b698ee9404cd9bca05074a5f2e382,1,1,0,1,23644,3
lever_flagship_panel_supergpqa,supergpqa,123,2dc1e5336b3c4da59b7bdd773371ed9b,1,1,0,1,6774,3
lever_flagship_panel_supergpqa,supergpqa,123,45337265a83048bc99fd9c20a79a4937,1,1,0,1,5747,3
lever_flagship_panel_supergpqa,supergpqa,123,0c5b12065dff42d386db06e43ed8b632,1,1,0,1,7560,3
lever_flagship_panel_supergpqa,supergpqa,123,2e1738795281443cbc6067913cc2162b,1,1,0,1,26850,3
lever_flagship_panel_supergpqa,supergpqa,123,f36a5f7ac1104f8f976b65b4bb352cc6,1,1,0,1,6163,3
lever_flagship_panel_supergpqa,supergpqa,123,f0cb01ea21ce4febb636008055080398,1,1,0,1,5210,3
lever_flagship_panel_supergpqa,supergpqa,123,c7d8cdb8547648f0aebb0de1e9d33105,1,1,0,1,8239,3
lever_flagship_panel_supergpqa,supergpqa,123,01eb5d6dafa04f91b785e456c88d12d7,1,0,0,1,3291,3
lever_flagship_panel_supergpqa,supergpqa,123,7becb6c49d3d402686a0eafc9041a91f,1,1,0,1,5205,3
lever_flagship_panel_supergpqa,supergpqa,123,904a4aeefbb644f684bed204a8647109,1,1,0,1,5082,3
lever_flagship_panel_supergpqa,supergpqa,123,405821e0aa2f42c594b673d3e1273026,1,0,0,1,4935,3
lever_flagship_panel_supergpqa,supergpqa,123,0619ff74bac54d10a1912900ca5901d7,1,0,0,1,7049,3
lever_flagship_panel_supergpqa,supergpqa,123,60568684a6c7436cb002aaaae1224044,1,1,0,1,7280,3
lever_flagship_panel_supergpqa,supergpqa,123,5e95ac70fd304758a6bd82c6230f0ebc,1,1,0,1,20478,3
lever_flagship_panel_supergpqa,supergpqa,123,abcb96943b3241f5bda9f3b6765fe5a0,1,1,0,1,11900,3
lever_flagship_panel_supergpqa,supergpqa,123,5e20b93a9d8e4171836aa1e0e5320730,1,1,0,1,2938,3
lever_flagship_panel_supergpqa,supergpqa,123,48de38a79dd148da89ca4bf92c8bddd1,1,1,0,1,3360,3
lever_flagship_panel_supergpqa,supergpqa,123,67737a767408432796a707a8a10d859b,1,1,0,1,3467,3
lever_flagship_panel_supergpqa,supergpqa,123,a4c88f95e21f4fb4bcb82fb49377a5d5,1,1,0,1,8630,3
lever_flagship_panel_supergpqa,supergpqa,123,f4c026d1f3e945a5a3829d02351a7560,1,1,0,1,5158,3
lever_flagship_panel_supergpqa,supergpqa,123,b41fbe0149264bc98901fdcaa06e84d7,1,1,0,1,3807,3
lever_flagship_panel_supergpqa,supergpqa,123,d008e4e5fa3740599a6cdbb6afef7e06,1,1,0,1,8523,3
lever_flagship_panel_supergpqa,supergpqa,123,7cba4178aa2b47d8abd5c11113bcd92f,1,1,0,1,5975,3
lever_flagship_panel_supergpqa,supergpqa,123,4284e998fada4c82963c98155b243a6d,1,0,0,1,17560,3
lever_flagship_panel_supergpqa,supergpqa,123,a4d720c59e7844a792c74c8f11f39f32,1,1,0,1,6406,3
lever_flagship_panel_supergpqa,supergpqa,123,3c4c69c60cc840138881e84e7dfc53c2,1,0,0,1,3114,3
lever_flagship_panel_supergpqa,supergpqa,123,00f8026cfff64ca1b556ed8e3ee5084b,1,1,0,1,5693,3
lever_flagship_panel_supergpqa,supergpqa,123,7753d398f364454d84d42d1d81b3537b,1,1,0,1,6783,3
lever_flagship_panel_supergpqa,supergpqa,123,3f8989b3db06466787aa75da59bd29f5,1,0,1,0,19153,7
lever_flagship_panel_supergpqa,supergpqa,123,1bc58f1386a149d9978e41488ed96e44,1,1,0,1,8563,3
lever_flagship_panel_supergpqa,supergpqa,123,19216cc8085c4e9089ba5d9e765fc373,1,1,0,1,3573,3
lever_flagship_panel_supergpqa,supergpqa,123,c134c966d6d04da0b1d6b1a268a70744,1,1,0,1,5857,3
lever_flagship_panel_supergpqa,supergpqa,123,88525de50e7d4b47830c6eb98c9f17d2,1,1,0,1,8443,3
lever_flagship_panel_supergpqa,supergpqa,123,a1fe1674694645b8914102f518ba1dbd,1,1,0,1,6561,3
lever_flagship_panel_supergpqa,supergpqa,123,be49b5e8f608434db1b5147ca20fb19b,1,1,0,1,6137,3
lever_flagship_panel_supergpqa,supergpqa,123,e1fab0b4cf6d474bb0f67c5b31a8820a,1,1,0,1,9917,3
lever_flagship_panel_supergpqa,supergpqa,123,80ecabf1688e4be3bb3f9c0181947167,1,1,0,1,12495,3
lever_flagship_panel_supergpqa,supergpqa,123,b3d0389dfc294bc2a3a305710907635c,1,1,0,1,17409,3
lever_flagship_panel_supergpqa,supergpqa,123,e26b923888d1415f9c76de764ba146b0,1,0,0,1,12972,3
lever_flagship_panel_supergpqa,supergpqa,123,c417a559e8b44c698489454d49cfc72f,1,1,0,1,7062,3
lever_flagship_panel_supergpqa,supergpqa,123,ebe13c146960463e8ea8c439076c0f1f,1,1,0,1,5802,3
lever_flagship_panel_supergpqa,supergpqa,123,9f8ccb34f3cf4eb1b8459927abbbca9c,1,1,0,1,11123,3
lever_flagship_panel_supergpqa,supergpqa,123,98273697cfe64c44b258fcf337adbd0e,1,1,0,1,5347,3
lever_flagship_panel_supergpqa,supergpqa,123,64a904ae6727433ea41ef31690ba0711,1,1,0,1,5142,3
lever_flagship_panel_supergpqa,supergpqa,123,24e2c4692bdf48ea9323dc867b09f891,1,1,0,1,5540,3
lever_flagship_panel_supergpqa,supergpqa,123,3fe28bc716c245ed80ddac64604a5d82,1,1,0,1,12415,3
lever_flagship_panel_supergpqa,supergpqa,123,bf42bdb404084228996458cc4ff2e9dd,1,1,0,1,6464,3
lever_flagship_panel_supergpqa,supergpqa,123,2810b2b7944c4905b3dcb543060e32c4,1,1,0,1,5399,3
lever_flagship_panel_supergpqa,supergpqa,123,e086530f5eee4ec3b687fb2ef2bf1e18,1,0,0,1,3798,3
lever_flagship_panel_supergpqa,supergpqa,123,095e4a649d634eef99b6be4b39625b09,1,1,0,1,14638,3
lever_flagship_panel_supergpqa,supergpqa,123,ca835c9753b3495881d157093a494969,1,1,0,1,6423,3
lever_flagship_panel_supergpqa,supergpqa,123,1f3d33e572a44b1681f2a328042e2218,1,1,0,1,7608,3
lever_flagship_panel_supergpqa,supergpqa,123,afe0ed4d48c54836b7c7290a88c48c6a,1,1,0,1,26577,3
lever_flagship_panel_supergpqa,supergpqa,123,90295a93faf14a3fb0a9a42dc7a54ee0,1,1,0,1,22232,3
lever_flagship_panel_supergpqa,supergpqa,42,5b3ba5d082c74528ab9c60a12e0e3614,1,1,0,1,3806,3
lever_flagship_panel_supergpqa,supergpqa,42,454028b0c0884f4192d16081e358d436,1,1,0,1,6869,3
lever_flagship_panel_supergpqa,supergpqa,42,e313bac23c0a44a09b34da5cda7a7a5a,1,1,0,1,10729,3
lever_flagship_panel_supergpqa,supergpqa,42,f3dbbb1c935242e287d05399a283167a,1,0,0,1,5635,3
lever_flagship_panel_supergpqa,supergpqa,42,917d14354e104597ab763b7c98ec5098,1,1,0,1,8221,3
lever_flagship_panel_supergpqa,supergpqa,42,bf79c60db17b4207957d40a5ada06a76,1,1,0,1,5180,3
lever_flagship_panel_supergpqa,supergpqa,42,21de236f15e846ecaac90b5464aa6751,1,1,0,1,7581,3
lever_flagship_panel_supergpqa,supergpqa,42,28b8e9105db04b8b9d3a7e2f6aedff5c,1,1,0,1,5369,3
lever_flagship_panel_supergpqa,supergpqa,42,ef085846d5e74e358456de0a96fc049b,1,1,0,1,5110,3
lever_flagship_panel_supergpqa,supergpqa,42,4e711f17db254dd4953606570f0cc7a7,1,0,1,0,26673,6
lever_flagship_panel_supergpqa,supergpqa,42,10306739cc6f4b94afa3336c48376be7,1,1,0,1,6434,3
lever_flagship_panel_supergpqa,supergpqa,42,e78c81f946704e8ab0fb15182b6f8f68,1,1,0,1,6610,3
lever_flagship_panel_supergpqa,supergpqa,42,3aa8040fa0174d9ebee38e9a1f196d26,1,1,0,1,14081,3
lever_flagship_panel_supergpqa,supergpqa,42,f99d0c2438e347088abece7d58f4e3cc,1,1,0,1,6662,3
lever_flagship_panel_supergpqa,supergpqa,42,21c8296790dc44c3b47308fe139b1378,1,1,0,1,12272,3
lever_flagship_panel_supergpqa,supergpqa,42,c0aff61a5b0243628fe8d3684305f4cb,1,1,0,1,2768,3
lever_flagship_panel_supergpqa,supergpqa,42,fc86b86189fa4145bfc49c741a7d8387,1,1,0,1,6846,3
lever_flagship_panel_supergpqa,supergpqa,42,d3c2c6065bd540298bc50e5c2786cfd7,1,1,0,1,9899,3
lever_flagship_panel_supergpqa,supergpqa,42,8920a6411ede4a54af86c8ec5be736bd,1,1,0,1,17950,3
lever_flagship_panel_supergpqa,supergpqa,42,cd59e82f9198404fad3b5e494c032544,1,1,0,1,8884,3
lever_flagship_panel_supergpqa,supergpqa,42,2613e2e31a7f45d9bd02d6c09fdc898c,1,1,0,1,7264,3
lever_flagship_panel_supergpqa,supergpqa,42,f4e38f53765c4c249769703d0ba24b3d,1,0,0,1,18279,3
lever_flagship_panel_supergpqa,supergpqa,42,20fff2a5feb746d5a6614e360c9bec7d,1,1,0,1,4831,3
lever_flagship_panel_supergpqa,supergpqa,42,469ab0b1358b48019d3a8f218edbf379,1,0,0,1,4174,3
lever_flagship_panel_supergpqa,supergpqa,42,1e6267aed56a4fba91a50215560a698b,1,1,0,1,14958,3
lever_flagship_panel_supergpqa,supergpqa,42,a7a3dc6d5b5b4d37a32c2839833a4d6c,1,1,1,0,41262,7
lever_flagship_panel_supergpqa,supergpqa,42,1948e331b8ba410b9717275eff8958ed,1,1,1,0,19991,7
lever_flagship_panel_supergpqa,supergpqa,42,54feae1e9cf54ae985fc5b07a79d864d,1,1,0,1,4969,3
lever_flagship_panel_supergpqa,supergpqa,42,8cb1a3d68036488689cc6279ff47fd5a,1,0,0,1,7933,3
lever_flagship_panel_supergpqa,supergpqa,42,396c4ac5d5784036865383281513d239,1,0,1,0,32159,7
lever_flagship_panel_supergpqa,supergpqa,42,562abaf94b0e4999a6a2b27104ef8297,1,1,0,1,14922,3
lever_flagship_panel_supergpqa,supergpqa,42,a90f5627afb840dcb32c78b91d72bb9d,1,1,0,1,17019,3
lever_flagship_panel_supergpqa,supergpqa,42,a782760c647f4ed8b56277449bbec5fa,1,1,0,1,7925,3
lever_flagship_panel_supergpqa,supergpqa,42,468c654c940f438dafebc19b7ab77b1a,1,1,0,1,7620,3
lever_flagship_panel_supergpqa,supergpqa,42,8c05de6e528f4219a5ca0f2c4d0ad747,1,1,0,1,7700,3
lever_flagship_panel_supergpqa,supergpqa,42,bba0149a0e4e4fb2b289442bc74883ee,1,1,0,1,5298,3
lever_flagship_panel_supergpqa,supergpqa,42,624ccf3cf3e144ccbe8f18ec921d686a,1,1,0,1,11408,3
lever_flagship_panel_supergpqa,supergpqa,42,09f8f51f6b3b41d6b53b58f8232dfc20,1,0,0,1,3016,3
lever_flagship_panel_supergpqa,supergpqa,42,b0c962e65001442ea12ea33cf2ab3c25,1,1,0,1,8642,3
lever_flagship_panel_supergpqa,supergpqa,42,42432d79d0af4c2fa1612e6ca53f2882,1,1,0,1,6089,3
lever_flagship_panel_supergpqa,supergpqa,42,f94991ad92ec4a2793686b5fc3b6f5d1,1,1,0,1,8519,3
lever_flagship_panel_supergpqa,supergpqa,42,4da750a1226341988c648c97d601821e,1,1,0,1,10422,3
lever_flagship_panel_supergpqa,supergpqa,42,e015103613d84a6489a1867aa85f4f65,1,1,0,1,9810,3
lever_flagship_panel_supergpqa,supergpqa,42,8015afe9ebfa45388f4c8ec8d990e431,1,1,0,1,6356,3
lever_flagship_panel_supergpqa,supergpqa,42,bb5212d584224509ab73a3304e906859,1,1,0,1,5301,3
lever_flagship_panel_supergpqa,supergpqa,42,9be741c434a348ef9eed758bb0b69347,1,1,1,0,33686,7
lever_flagship_panel_supergpqa,supergpqa,42,f7a2f5fbb748428baff111afe4464ab5,1,1,0,1,8188,3
lever_flagship_panel_supergpqa,supergpqa,42,20ef016bd2514deeb9fc7667952dfb58,1,1,0,1,19993,3
lever_flagship_panel_supergpqa,supergpqa,42,9149453edaf0461db9a37d0816015e3a,1,1,0,1,10264,3
lever_flagship_panel_supergpqa,supergpqa,42,e4650932081741f68c95ce460a1cb60b,1,1,0,1,6585,3
lever_flagship_panel_supergpqa,supergpqa,42,73a3ff299dc040ad8e5ac743c66a1050,1,1,0,1,8766,3
lever_flagship_panel_supergpqa,supergpqa,42,64a792c9306c4d659f4796d4abed795a,1,1,0,1,4917,3
lever_flagship_panel_supergpqa,supergpqa,42,06eb007eee9f4e29a75bb5537d94bfba,1,1,0,1,5175,3
lever_flagship_panel_supergpqa,supergpqa,42,983cda51b83847a8bf05440abd38e194,1,1,0,1,3039,3
lever_flagship_panel_supergpqa,supergpqa,42,438f43de355a46e982a21abda8d4f152,1,0,0,1,4304,3
lever_flagship_panel_supergpqa,supergpqa,42,ca2b68f8198e4c41befc4a3ceee1a9bc,1,1,0,1,9460,3
lever_flagship_panel_supergpqa,supergpqa,42,e8f3f3605af14100a15b8c0a8c2f89fa,1,1,0,1,6933,3
lever_flagship_panel_supergpqa,supergpqa,42,fb9042d1b91d4037b436629fccc2e322,1,1,0,1,4071,3
lever_flagship_panel_supergpqa,supergpqa,42,446a334636724901bdafdaa3501bbb49,1,1,0,1,4366,3
lever_flagship_panel_supergpqa,supergpqa,42,5cf02070572d4b8da047af4b587897e1,1,1,0,1,13877,3
lever_flagship_panel_supergpqa,supergpqa,42,a596b66d08484915a5c1996add9b104d,1,0,0,1,6391,3
lever_flagship_panel_supergpqa,supergpqa,42,9706c4ed64d346bdb4326a3951d46dbf,1,1,0,1,4195,3
lever_flagship_panel_supergpqa,supergpqa,42,325534796b254b3499202862368c0f5c,1,1,0,1,7841,3
lever_flagship_panel_supergpqa,supergpqa,42,d8f80bece1864043a27ed1179ff8fe9f,1,1,0,1,4209,3
lever_flagship_panel_supergpqa,supergpqa,42,23ad44902ff945798a7ff404a3bb98d3,1,0,0,1,31384,3
lever_flagship_panel_supergpqa,supergpqa,42,b4824b77747748cf8486b9e948899ef8,1,1,0,1,4378,3
lever_flagship_panel_supergpqa,supergpqa,42,e1b314d091334b5dbc93a0053e1313d5,1,1,0,1,10372,3
lever_flagship_panel_supergpqa,supergpqa,42,c83eb03cf4be49dcb0b470fb5da66009,1,1,0,1,7671,3
lever_flagship_panel_supergpqa,supergpqa,42,02606f10da9b4a91a734948a2f8f8cab,1,1,0,1,3494,3
lever_flagship_panel_supergpqa,supergpqa,42,fed1780eaf1f42a09ea63e89e1d18a41,1,0,0,1,4870,3
lever_flagship_panel_supergpqa,supergpqa,42,b278c269529d444e97014e86de71b135,1,1,0,1,10816,3
lever_flagship_panel_supergpqa,supergpqa,42,30ca59713f1b4dc8a6f9e2be9261e168,1,1,0,1,8646,3
lever_flagship_panel_supergpqa,supergpqa,42,16b1ffdff66c4c48ac0b5d2209a5af64,1,1,0,1,3771,3
lever_flagship_panel_supergpqa,supergpqa,42,2ee372f987304fe882e13238d4c6925e,1,0,0,1,4524,3
lever_flagship_panel_supergpqa,supergpqa,42,3a1dc503ec92489c8b0dcbcf77e5b7ea,1,1,0,1,3552,3
lever_flagship_panel_supergpqa,supergpqa,42,a909c0719f3e43b1a44afdbedc66cf68,1,1,0,1,2822,3
lever_flagship_panel_supergpqa,supergpqa,42,68a4b9f37a0a432886fe2c90c0c90466,1,1,0,1,6194,3
lever_flagship_panel_supergpqa,supergpqa,42,4817837b472e4795aa76b5e9b2dc1cc2,1,0,1,0,18853,7
lever_flagship_panel_supergpqa,supergpqa,42,8de4e96a88f546c78038f13b06b2a747,1,1,1,0,28043,7
lever_flagship_panel_supergpqa,supergpqa,7,811c704287184f8fa520358dc0ea2493,1,0,0,1,5376,3
lever_flagship_panel_supergpqa,supergpqa,7,8a331a10506a4ff6b543fc5b2ac2502f,1,1,0,1,4823,3
lever_flagship_panel_supergpqa,supergpqa,7,b389bd8fda16458da390b0aeefa9328c,1,1,0,1,7312,3
lever_flagship_panel_supergpqa,supergpqa,7,b278c269529d444e97014e86de71b135,1,1,0,1,7763,3
lever_flagship_panel_supergpqa,supergpqa,7,a14c016f261f4b46a1f62c1a4096bd86,1,1,0,1,7187,3
lever_flagship_panel_supergpqa,supergpqa,7,a63462f4ff9e44289d3c9e4a91314250,1,1,0,1,2573,3
lever_flagship_panel_supergpqa,supergpqa,7,c9aaec36dd7d48d0b90c34c9955bdf1b,1,1,0,1,8842,3
lever_flagship_panel_supergpqa,supergpqa,7,b68e89ad898246c4bc116ff4d353e4b9,1,0,1,0,19119,7
lever_flagship_panel_supergpqa,supergpqa,7,4068f6cb89214b0a86c16c2497caeb6e,1,1,0,1,5180,3
lever_flagship_panel_supergpqa,supergpqa,7,843e623807884c63a38376e9bd6d6f14,1,0,0,1,17109,3
lever_flagship_panel_supergpqa,supergpqa,7,cb1f3d75e5a9402a9bb7755b6f6a029c,1,1,0,1,5909,3
lever_flagship_panel_supergpqa,supergpqa,7,2ee8b1af76f04527a574124df6476a8d,1,1,0,1,7196,3
lever_flagship_panel_supergpqa,supergpqa,7,ff414ca699a74f7484650a3595512055,1,1,0,1,3290,3
lever_flagship_panel_supergpqa,supergpqa,7,5d4e9507100c48c89db59015820c6059,1,1,0,1,5972,3
lever_flagship_panel_supergpqa,supergpqa,7,7c20fd3e214f4e438614b091fccce433,1,1,0,1,3288,3
lever_flagship_panel_supergpqa,supergpqa,7,2cf2296143904690a6c6f376236839d2,1,1,0,1,13308,3
lever_flagship_panel_supergpqa,supergpqa,7,711025f0562b41118c0c383afdc77215,1,1,0,1,10222,3
lever_flagship_panel_supergpqa,supergpqa,7,2499f7cec22b4bda8f96d061a1fae7af,1,1,0,1,22320,3
lever_flagship_panel_supergpqa,supergpqa,7,32d56386e78f4e16bfe38d9ea73fd02a,1,1,0,1,6551,3
lever_flagship_panel_supergpqa,supergpqa,7,077aea7da31e4b94886be9713580db0d,1,1,0,1,4768,3
lever_flagship_panel_supergpqa,supergpqa,7,d0fe7c1a74314662ac5ed5f2538e7b13,1,0,1,0,8480,6
lever_flagship_panel_supergpqa,supergpqa,7,8fb8ca1cd7114cd8b8dcad3953f68a44,1,1,0,1,9694,3
lever_flagship_panel_supergpqa,supergpqa,7,24b548b324684a8490d46d476bde792c,1,1,0,1,11997,3
lever_flagship_panel_supergpqa,supergpqa,7,413f8d70916547989ed51d1116a4551a,1,1,0,1,6297,3
lever_flagship_panel_supergpqa,supergpqa,7,facd6dd1e2074073adcfcac48eab3afb,1,1,0,1,5004,3
lever_flagship_panel_supergpqa,supergpqa,7,5f0bde5deeae40a88762eea520849455,1,1,0,1,15022,3
lever_flagship_panel_supergpqa,supergpqa,7,10f542902dfa44d795fba244e7f1a69c,1,1,0,1,9168,3
lever_flagship_panel_supergpqa,supergpqa,7,920d5a4aae764dc8962d36ff4d95710a,1,1,0,1,16102,3
lever_flagship_panel_supergpqa,supergpqa,7,d9f3da47d50840a79c51096169d25583,1,1,1,0,15809,7
lever_flagship_panel_supergpqa,supergpqa,7,fc9a01ab2a2344cabfe9c2bd94be487f,1,1,0,1,6005,3
lever_flagship_panel_supergpqa,supergpqa,7,de43b1c48f7b410695b2a4daf5fe3f31,1,1,0,1,8941,3
lever_flagship_panel_supergpqa,supergpqa,7,8f9ae9b94a0a4e66ab56225f7a356fd1,1,1,0,1,14872,3
lever_flagship_panel_supergpqa,supergpqa,7,5cbfbf1108434eca91c070d1ed1c0bc6,1,1,0,1,9785,3
lever_flagship_panel_supergpqa,supergpqa,7,f8e740921e964dfc9922e08b7f5e815b,1,1,0,1,9332,3
lever_flagship_panel_supergpqa,supergpqa,7,5fe6a509598c4dd5aec2c8f7abc0d259,1,1,0,1,6308,3
lever_flagship_panel_supergpqa,supergpqa,7,ccbff2992c7f49c48a8fe254e1fff783,1,1,0,1,11030,3
lever_flagship_panel_supergpqa,supergpqa,7,05edf34d21464999ad82c54bad66a005,1,0,1,0,21330,6
lever_flagship_panel_supergpqa,supergpqa,7,fa49b578c45543d8847bac91a1e14045,1,1,0,1,12159,3
lever_flagship_panel_supergpqa,supergpqa,7,ea9364829af04d188546f8d369483d46,1,1,0,1,11739,3
lever_flagship_panel_supergpqa,supergpqa,7,b81111afa517415f8f5b91a17ac991ce,1,1,0,1,4990,3
lever_flagship_panel_supergpqa,supergpqa,7,c8be6f10c6b04b879a5fe393fb1b38f8,1,1,0,1,8378,3
lever_flagship_panel_supergpqa,supergpqa,7,bfba15ab92174bf5b537cadc675dafdb,1,1,0,1,6952,3
lever_flagship_panel_supergpqa,supergpqa,7,1d1666032573496f84efe333d572f1e2,1,1,0,1,7782,3
lever_flagship_panel_supergpqa,supergpqa,7,2789bb6861f94992954c4df00ec8e656,1,0,0,1,8668,3
lever_flagship_panel_supergpqa,supergpqa,7,0a3895b8a5cc4239a2a6e96c1289011d,1,1,0,1,23358,3
lever_flagship_panel_supergpqa,supergpqa,7,93218c202d734e8cacaa4dff4cd9a761,1,1,0,1,15178,3
lever_flagship_panel_supergpqa,supergpqa,7,2e1d297065d247068eaa68f6585f9764,1,0,0,1,5566,3
lever_flagship_panel_supergpqa,supergpqa,7,4cd0be5521844b3781d88e8a29433b39,1,1,0,1,5286,3
lever_flagship_panel_supergpqa,supergpqa,7,fe7c522a688a4b3c952b4ae95a5d1ae8,1,0,0,1,21765,3
lever_flagship_panel_supergpqa,supergpqa,7,e020184788314d25a2ea1828d568538a,1,1,0,1,7412,3
lever_flagship_panel_supergpqa,supergpqa,7,12a6d09d1179401498c2cae7d2d886a8,1,1,0,1,6955,3
lever_flagship_panel_supergpqa,supergpqa,7,492ac21c1ff94ba49de684cfb6527930,1,1,0,1,3702,3
lever_flagship_panel_supergpqa,supergpqa,7,18aa367ae47744199ba63308b5c581bf,1,1,0,1,8549,3
lever_flagship_panel_supergpqa,supergpqa,7,54bfc8311916428a8f2a43c17ca17c7a,1,1,0,1,4330,3
lever_flagship_panel_supergpqa,supergpqa,7,01ac3e46a5f04c48b3ad3d21e7a8eacd,1,0,0,1,16083,3
lever_flagship_panel_supergpqa,supergpqa,7,515b67c43f064c15bb0154d546f88277,1,1,0,1,11219,3
lever_flagship_panel_supergpqa,supergpqa,7,a9ab2cd572f04f88b629deb59e486adf,1,1,0,1,5528,3
lever_flagship_panel_supergpqa,supergpqa,7,e8e40ae579384b51b006d7d50d8d039d,1,1,0,1,4727,3
lever_flagship_panel_supergpqa,supergpqa,7,d7f9b5a785a94530a9e737656ec0dcaa,1,1,0,1,9554,3
lever_flagship_panel_supergpqa,supergpqa,7,8aca8b27a1674720bcb8271a46213d95,1,0,0,1,11965,3
lever_flagship_panel_supergpqa,supergpqa,7,933f999d89984b4ea9c59bffad3405ef,1,1,0,1,3351,3
lever_flagship_panel_supergpqa,supergpqa,7,9da468facb58464982465242468c9a13,1,1,0,1,14345,3
lever_flagship_panel_supergpqa,supergpqa,7,6b347be4d8ba43e2b425fd504ad16f4c,1,1,0,1,12279,3
lever_flagship_panel_supergpqa,supergpqa,7,9ae52f5b63d9459a833c6e10c0539a4d,1,1,1,0,24113,7
lever_flagship_panel_supergpqa,supergpqa,7,5272de2f504946d1beff3dbb51bea3f3,1,1,0,1,7717,3
lever_flagship_panel_supergpqa,supergpqa,7,c4f6b8482b184c0b98b6d72d00204932,1,1,0,1,16413,3
lever_flagship_panel_supergpqa,supergpqa,7,4f85b84235914d259dbdd8931be5d3a9,1,1,0,1,6553,3
lever_flagship_panel_supergpqa,supergpqa,7,f1c5fbceb2124a8bb11963f76c8771b3,1,1,0,1,6327,3
lever_flagship_panel_supergpqa,supergpqa,7,776b536a60e241f2b75b94accc6dff2c,1,1,0,1,25367,3
lever_flagship_panel_supergpqa,supergpqa,7,b06afc3997974662986e009c41226c9c,1,1,0,1,5447,3
lever_flagship_panel_supergpqa,supergpqa,7,3f48e266da744ae6b9e99e762b67954f,1,1,0,1,6959,3
lever_flagship_panel_supergpqa,supergpqa,7,e286dac07362459cb41b0c9adca02747,1,1,0,1,9381,3
lever_flagship_panel_supergpqa,supergpqa,7,a9f34192579d4f448b378d733eb8d3bf,1,0,0,1,3966,3
lever_flagship_panel_supergpqa,supergpqa,7,2811febd3e9a4348a352c0c2b33ee464,1,0,0,1,4618,3
lever_flagship_panel_supergpqa,supergpqa,7,0e4c4ac2694d4b88b43bf6bbd6f4c356,1,1,0,1,8861,3
lever_flagship_panel_supergpqa,supergpqa,7,080a910849bd4aae8dbdeb3d7a6e835b,1,0,1,0,46587,6
lever_flagship_panel_supergpqa,supergpqa,7,9b67dac06fc448afa19a33728a469cec,1,1,0,1,3706,3
lever_flagship_panel_supergpqa,supergpqa,7,8c293442d9444277866f493968187325,1,1,0,1,12041,3
lever_flagship_panel_supergpqa,supergpqa,7,ec301d7b596f4f45afef08dc4448910c,1,1,0,1,6260,3
lever_flagship_panel_supergpqa,supergpqa,7,1b003811eaf443e492e6717fa934b15b,1,0,1,0,18391,6
lever_flagship_panel_supergpqa,supergpqa,7,15e29ed7c9d1459484348074abe10661,1,1,1,0,24387,7
lever_flagship_panel_supergpqa,supergpqa,7,620f491d9a9542fca57a62d2799d97a6,1,1,1,0,28566,6
lever_flagship_panel_supergpqa,supergpqa,7,f9d8f390f4c348838f3d42e5c15fbb24,1,0,1,0,16077,7
lever_qwen38_judge_gpqa,gpqa,42,recypVp2NmPlBKVTp,1,1,0,1,1264,3
lever_qwen38_judge_gpqa,gpqa,42,rec0wZvZgiz320KRs,1,1,1,0,13590,7
lever_qwen38_judge_gpqa,gpqa,42,rec4r4KWNLrT7g2kR,1,1,0,1,4528,3
lever_qwen38_judge_gpqa,gpqa,42,rechKl68Uc6H7vU0N,1,1,1,0,24174,6
lever_qwen38_judge_gpqa,gpqa,42,recVvpD8miVjmmyfe,1,1,1,0,23642,7
lever_qwen38_judge_gpqa,gpqa,42,recnawZPumSCLMVgp,1,1,1,0,25427,6
lever_qwen38_judge_gpqa,gpqa,42,recnTTKdBzfuoZ7w7,1,0,0,1,23956,3
lever_qwen38_judge_gpqa,gpqa,42,rec0yTRmO1o1xCA6H,1,0,0,1,1190,3
lever_qwen38_judge_gpqa,gpqa,42,recQiWOxhkXRz9NVE,1,1,0,1,8500,3
lever_qwen38_judge_gpqa,gpqa,42,rec6sE2CRtD4drtHg,1,1,0,1,8728,3
lever_qwen38_judge_gpqa,gpqa,42,recDj2Y2BbtV02Wv5,1,0,0,1,4848,3
lever_qwen38_judge_gpqa,gpqa,42,recE2ihVfqEK4R9d0,1,1,0,1,1963,3
lever_qwen38_judge_gpqa,gpqa,42,rec5rjeLsEq5Fg7Oj,1,1,0,1,6344,3
lever_qwen38_judge_gpqa,gpqa,42,reczjcMtrB1YGS2fO,1,1,1,0,14675,7
lever_qwen38_judge_gpqa,gpqa,42,recpki12iG9RUGrz9,1,1,0,1,5196,3
lever_qwen38_judge_gpqa,gpqa,42,recIj8lR4tuDgrHou,1,1,0,1,8439,3
lever_qwen38_judge_gpqa,gpqa,42,rec260hNUCEj109Dj,1,1,0,1,1818,3
lever_qwen38_judge_gpqa,gpqa,42,recLAgwx9vbgB5EHk,1,1,0,1,8446,3
lever_qwen38_judge_gpqa,gpqa,42,recXvQ6gWAmyakrpD,1,1,0,1,8329,3
lever_qwen38_judge_gpqa,gpqa,42,rec527dNeEtWJrYNl,1,1,1,0,16115,6
lever_qwen38_judge_gpqa,gpqa,42,recGFNRVl1qBZGwyU,1,1,1,0,13801,6
lever_qwen38_judge_gpqa,gpqa,42,recSBcGLPatKb3Ygu,1,1,0,1,2744,3
lever_qwen38_judge_gpqa,gpqa,42,recmI7EiLv72PxmYK,1,1,1,0,13160,7
lever_qwen38_judge_gpqa,gpqa,42,recPSTGXK3P39yNYT,1,1,0,1,1851,3
lever_qwen38_judge_gpqa,gpqa,42,recIlghoOw5VbY4Zh,1,1,0,1,5872,3
lever_qwen38_judge_gpqa,gpqa,42,recatj4YXzbOaq3Ar,1,1,0,1,2643,3
lever_qwen38_judge_gpqa,gpqa,42,recEmTBhx2hgw6tPQ,1,0,0,1,6825,3
lever_qwen38_judge_gpqa,gpqa,42,recL9MFV5zmdlle5T,1,1,0,1,6248,3
lever_qwen38_judge_gpqa,gpqa,42,recMicVBcqy1xM1jq,1,0,0,1,4933,3
lever_qwen38_judge_gpqa,gpqa,42,recwW1A85nfyQpReG,1,1,1,0,9955,7
lever_qwen38_judge_gpqa,gpqa,42,recNuT2oSnO86bxOx,1,1,0,1,4318,3
lever_qwen38_judge_gpqa,gpqa,42,recVEXvhYxAhELVqB,1,1,1,1,23821,7
lever_qwen38_judge_gpqa,gpqa,42,reczzzihL7btBH7RO,1,0,1,0,25298,7
lever_qwen38_judge_gpqa,gpqa,42,recooG6bivTUJpDBz,1,0,0,1,9420,3
lever_qwen38_judge_gpqa,gpqa,42,recdya6FuYraBU5Rh,1,1,1,0,13992,7
lever_qwen38_judge_gpqa,gpqa,42,rec4L69T0Y1AS4AFS,1,1,1,0,20650,6
lever_qwen38_judge_gpqa,gpqa,42,recwlwlcPvXVNPmvl,1,1,0,1,4623,3
lever_qwen38_judge_gpqa,gpqa,42,rectXfsCM1dj4Kv2c,1,1,0,1,3258,3
lever_qwen38_judge_gpqa,gpqa,42,reccOKzFNmyqeJ6ry,1,1,0,1,3761,3
lever_qwen38_judge_gpqa,gpqa,42,recs3PLPUEMiqg4P8,1,0,0,1,9732,3
lever_qwen38_judge_gpqa,gpqa,42,recO3hvCWRGiG0odN,1,1,0,1,8808,3
lever_qwen38_judge_gpqa,gpqa,42,rec06pnAkLOr2t2mp,1,1,0,1,1739,3
lever_qwen38_judge_gpqa,gpqa,42,rec7C06XOB2h298ue,1,1,0,1,1347,3
lever_qwen38_judge_gpqa,gpqa,42,recaXdGn3FAIkxLGM,1,1,1,0,13098,7
lever_qwen38_judge_gpqa,gpqa,42,reckEnrOPFT9Ru7tW,1,1,1,0,17604,6
lever_qwen38_judge_gpqa,gpqa,42,recoiTJPGUmzAkief,1,1,0,1,2784,3
lever_qwen38_judge_gpqa,gpqa,42,rechgQucGlrnt8KRV,1,1,1,0,11934,7
lever_qwen38_judge_gpqa,gpqa,42,recI1ls9OXdxatHQn,1,1,0,1,5762,3
lever_qwen38_judge_gpqa,gpqa,42,recmkvk6EFAmqyMxR,1,1,0,1,2333,3
lever_qwen38_judge_gpqa,gpqa,42,recIOlKBsOeEcgkA1,1,1,0,1,2548,3
lever_qwen38_judge_gpqa,gpqa,42,reczUoM8JsxU6pYxr,1,1,0,1,2211,3
lever_qwen38_judge_gpqa,gpqa,42,rechtUKxC6G67H7Pr,1,1,0,1,2147,3
lever_qwen38_judge_gpqa,gpqa,42,rec8y3ZrBOcLgNEkE,1,1,0,1,1550,3
lever_qwen38_judge_gpqa,gpqa,42,rec5eA17Qr1ucNLUf,1,1,1,0,7969,7
lever_qwen38_judge_gpqa,gpqa,42,recINGR1z01Fh1Z3A,1,1,0,1,1506,3
lever_qwen38_judge_gpqa,gpqa,42,recRZjaElf8ft7xTq,1,1,1,0,22908,7
lever_qwen38_judge_gpqa,gpqa,42,reczkBiPPNrNN49Hp,1,1,0,1,3912,3
lever_qwen38_judge_gpqa,gpqa,42,recPL4ZPpVYxgMu57,1,1,1,0,7898,6
lever_qwen38_judge_gpqa,gpqa,42,recJJcOHhFeSaRpl4,1,1,0,1,1437,3
lever_qwen38_judge_gpqa,gpqa,42,recPIzpnuYpB4yvmp,1,1,1,0,23051,7
lever_qwen38_judge_gpqa,gpqa,42,recUOePh79cp4T2Bg,1,0,0,1,6181,3
lever_qwen38_judge_gpqa,gpqa,42,recLSzwBUS3olCjhl,1,1,0,1,3763,3
lever_qwen38_judge_gpqa,gpqa,42,recv7GsQg3f0fvB1f,1,1,0,1,1955,3
lever_qwen38_judge_gpqa,gpqa,42,receo3UUzRvWCqyfA,1,1,1,0,20777,7
lever_qwen38_judge_gpqa,gpqa,42,recuYEkVjdVUwA3c0,1,1,1,0,15833,7
lever_qwen38_judge_gpqa,gpqa,42,recf6ayQmL1SxKbvW,1,0,0,1,1550,3
lever_qwen38_judge_gpqa,gpqa,42,recihePFulRgNKsIn,1,0,0,1,1492,3
lever_qwen38_judge_gpqa,gpqa,42,receYQxnUBvxPcvbQ,1,1,1,0,25672,7
lever_qwen38_judge_gpqa,gpqa,42,recn3NhOhqAPLda16,1,1,1,0,26008,6
lever_qwen38_judge_gpqa,gpqa,42,rec8nshandHARTkrg,1,0,0,1,10525,3
lever_qwen38_judge_gpqa,gpqa,42,reckl6PkaEMWM50yZ,1,0,0,1,4173,3
lever_qwen38_judge_gpqa,gpqa,42,recrNbtgTNoabJJi6,1,1,1,0,23024,6
lever_qwen38_judge_gpqa,gpqa,42,recOkA2zsy4GSMD9R,1,0,0,1,12845,3
lever_qwen38_judge_gpqa,gpqa,42,recXsuOHRBLcyenF2,1,1,0,1,975,3
lever_qwen38_judge_gpqa,gpqa,42,recBhnXrUyTJ6WHIR,1,0,0,1,6295,3
lever_qwen38_judge_gpqa,gpqa,42,recfTlTMjZBuOducT,1,1,1,0,17423,7
lever_qwen38_panel_supergpqa,supergpqa,42,5b3ba5d082c74528ab9c60a12e0e3614,1,1,0,1,3619,3
lever_qwen38_panel_supergpqa,supergpqa,42,1d55d70bc081494da80f9c9735015376,1,1,0,1,13896,3
lever_qwen38_panel_supergpqa,supergpqa,42,454028b0c0884f4192d16081e358d436,1,1,0,1,3996,3
lever_qwen38_panel_supergpqa,supergpqa,42,917d14354e104597ab763b7c98ec5098,1,1,0,1,6242,3
lever_qwen38_panel_supergpqa,supergpqa,42,bf79c60db17b4207957d40a5ada06a76,1,1,0,1,2622,3
lever_qwen38_panel_supergpqa,supergpqa,42,4e8a3894e41f4ca291c7b9d40a6bbe41,1,0,0,1,18799,3
lever_qwen38_panel_supergpqa,supergpqa,42,21de236f15e846ecaac90b5464aa6751,1,1,0,1,5533,3
lever_qwen38_panel_supergpqa,supergpqa,42,28b8e9105db04b8b9d3a7e2f6aedff5c,1,1,0,1,3570,3
lever_qwen38_panel_supergpqa,supergpqa,42,ef085846d5e74e358456de0a96fc049b,1,1,0,1,2992,3
lever_qwen38_panel_supergpqa,supergpqa,42,3aa8040fa0174d9ebee38e9a1f196d26,1,1,0,1,4145,3
lever_qwen38_panel_supergpqa,supergpqa,42,e78c81f946704e8ab0fb15182b6f8f68,1,1,0,1,3535,3
lever_qwen38_panel_supergpqa,supergpqa,42,21c8296790dc44c3b47308fe139b1378,1,0,0,1,23636,3
lever_qwen38_panel_supergpqa,supergpqa,42,f99d0c2438e347088abece7d58f4e3cc,1,1,0,1,14266,3
lever_qwen38_panel_supergpqa,supergpqa,42,fc86b86189fa4145bfc49c741a7d8387,1,1,0,1,4640,3
lever_qwen38_panel_supergpqa,supergpqa,42,c0aff61a5b0243628fe8d3684305f4cb,1,1,0,1,1894,3
lever_qwen38_panel_supergpqa,supergpqa,42,d3c2c6065bd540298bc50e5c2786cfd7,1,1,0,1,13511,3
lever_qwen38_panel_supergpqa,supergpqa,42,cd59e82f9198404fad3b5e494c032544,1,1,0,1,6060,3
lever_qwen38_panel_supergpqa,supergpqa,42,2613e2e31a7f45d9bd02d6c09fdc898c,1,1,0,1,3643,3
lever_qwen38_panel_supergpqa,supergpqa,42,469ab0b1358b48019d3a8f218edbf379,1,0,0,1,2377,3
lever_qwen38_panel_supergpqa,supergpqa,42,20fff2a5feb746d5a6614e360c9bec7d,1,1,0,1,4890,3
lever_qwen38_panel_supergpqa,supergpqa,42,1948e331b8ba410b9717275eff8958ed,1,1,0,1,8074,3
lever_qwen38_panel_supergpqa,supergpqa,42,54feae1e9cf54ae985fc5b07a79d864d,1,1,0,1,3010,3
lever_qwen38_panel_supergpqa,supergpqa,42,562abaf94b0e4999a6a2b27104ef8297,1,1,0,1,11545,3
lever_qwen38_panel_supergpqa,supergpqa,42,a90f5627afb840dcb32c78b91d72bb9d,1,1,0,1,16513,3
lever_qwen38_panel_supergpqa,supergpqa,42,468c654c940f438dafebc19b7ab77b1a,1,1,0,1,13136,3
lever_qwen38_panel_supergpqa,supergpqa,42,a782760c647f4ed8b56277449bbec5fa,1,1,0,1,24166,3
lever_qwen38_panel_supergpqa,supergpqa,42,8c05de6e528f4219a5ca0f2c4d0ad747,1,1,0,1,5870,3
lever_qwen38_panel_supergpqa,supergpqa,42,624ccf3cf3e144ccbe8f18ec921d686a,1,1,0,1,9807,3
lever_qwen38_panel_supergpqa,supergpqa,42,bba0149a0e4e4fb2b289442bc74883ee,1,1,0,1,2959,3
lever_qwen38_panel_supergpqa,supergpqa,42,09f8f51f6b3b41d6b53b58f8232dfc20,1,0,0,1,1957,3
lever_qwen38_panel_supergpqa,supergpqa,42,f94991ad92ec4a2793686b5fc3b6f5d1,1,1,0,1,4179,3
lever_qwen38_panel_supergpqa,supergpqa,42,42432d79d0af4c2fa1612e6ca53f2882,1,1,0,1,6206,3
lever_qwen38_panel_supergpqa,supergpqa,42,e015103613d84a6489a1867aa85f4f65,1,1,0,1,15875,3
lever_qwen38_panel_supergpqa,supergpqa,42,bb5212d584224509ab73a3304e906859,1,1,0,1,6145,3
lever_qwen38_panel_supergpqa,supergpqa,42,9149453edaf0461db9a37d0816015e3a,1,1,0,1,9404,3
lever_qwen38_panel_supergpqa,supergpqa,42,f7a2f5fbb748428baff111afe4464ab5,1,1,0,1,2735,3
lever_qwen38_panel_supergpqa,supergpqa,42,e4650932081741f68c95ce460a1cb60b,1,1,0,1,3581,3
lever_qwen38_panel_supergpqa,supergpqa,42,73a3ff299dc040ad8e5ac743c66a1050,1,1,0,1,4645,3
lever_qwen38_panel_supergpqa,supergpqa,42,64a792c9306c4d659f4796d4abed795a,1,1,0,1,8540,3
lever_qwen38_panel_supergpqa,supergpqa,42,983cda51b83847a8bf05440abd38e194,1,1,0,1,2421,3
lever_qwen38_panel_supergpqa,supergpqa,42,438f43de355a46e982a21abda8d4f152,1,0,0,1,1816,3
lever_qwen38_panel_supergpqa,supergpqa,42,e8f3f3605af14100a15b8c0a8c2f89fa,1,1,0,1,9956,3
lever_qwen38_panel_supergpqa,supergpqa,42,fb9042d1b91d4037b436629fccc2e322,1,1,0,1,2946,3
lever_qwen38_panel_supergpqa,supergpqa,42,5cf02070572d4b8da047af4b587897e1,1,1,0,1,29312,3
lever_qwen38_panel_supergpqa,supergpqa,42,446a334636724901bdafdaa3501bbb49,1,1,0,1,2258,3
lever_qwen38_panel_supergpqa,supergpqa,42,a596b66d08484915a5c1996add9b104d,1,0,0,1,5532,3
lever_qwen38_panel_supergpqa,supergpqa,42,9706c4ed64d346bdb4326a3951d46dbf,1,1,0,1,2892,3
lever_qwen38_panel_supergpqa,supergpqa,42,325534796b254b3499202862368c0f5c,1,1,0,1,11528,3
lever_qwen38_panel_supergpqa,supergpqa,42,d8f80bece1864043a27ed1179ff8fe9f,1,1,0,1,3196,3
lever_qwen38_panel_supergpqa,supergpqa,42,b4824b77747748cf8486b9e948899ef8,1,1,0,1,3433,3
lever_qwen38_panel_supergpqa,supergpqa,42,e1b314d091334b5dbc93a0053e1313d5,1,1,0,1,4792,3
lever_qwen38_panel_supergpqa,supergpqa,42,c83eb03cf4be49dcb0b470fb5da66009,1,1,0,1,6155,3
lever_qwen38_panel_supergpqa,supergpqa,42,b278c269529d444e97014e86de71b135,1,1,0,1,8712,3
lever_qwen38_panel_supergpqa,supergpqa,42,02606f10da9b4a91a734948a2f8f8cab,1,1,0,1,2463,3
lever_qwen38_panel_supergpqa,supergpqa,42,fed1780eaf1f42a09ea63e89e1d18a41,1,0,0,1,2403,3
lever_qwen38_panel_supergpqa,supergpqa,42,1bd477364f034265bdfe60d0b00b219a,1,1,0,1,14736,3
lever_qwen38_panel_supergpqa,supergpqa,42,30ca59713f1b4dc8a6f9e2be9261e168,1,1,0,1,2747,3
lever_qwen38_panel_supergpqa,supergpqa,42,f67699a734ca477eb153ad6d4f7f30e0,1,1,0,1,29023,3
lever_qwen38_panel_supergpqa,supergpqa,42,16b1ffdff66c4c48ac0b5d2209a5af64,1,1,0,1,4406,3
lever_qwen38_panel_supergpqa,supergpqa,42,2ee372f987304fe882e13238d4c6925e,1,0,0,1,2086,3
lever_qwen38_panel_supergpqa,supergpqa,42,3a1dc503ec92489c8b0dcbcf77e5b7ea,1,1,0,1,2573,3
lever_qwen38_panel_supergpqa,supergpqa,42,a909c0719f3e43b1a44afdbedc66cf68,1,1,0,1,2153,3
lever_qwen38_panel_supergpqa,supergpqa,42,68a4b9f37a0a432886fe2c90c0c90466,1,1,0,1,18024,3
lever_rag_presolve_gpqa,gpqa,42,recypVp2NmPlBKVTp,1,1,0,1,2317,3
lever_rag_presolve_gpqa,gpqa,42,rec0wZvZgiz320KRs,1,1,0,1,5703,3
lever_rag_presolve_gpqa,gpqa,42,rechKl68Uc6H7vU0N,1,0,0,1,11602,3
lever_rag_presolve_gpqa,gpqa,42,recnawZPumSCLMVgp,1,0,0,1,11772,3
lever_rag_presolve_gpqa,gpqa,42,rec527dNeEtWJrYNl,1,1,0,1,2437,3
lever_rag_presolve_gpqa,gpqa,42,recINSFEYLCyyd08m,1,1,1,0,21211,6
lever_rag_presolve_gpqa,gpqa,42,recVvpD8miVjmmyfe,1,1,1,0,22881,7
lever_rag_presolve_gpqa,gpqa,42,rec0yTRmO1o1xCA6H,1,0,0,1,3142,3
lever_rag_presolve_gpqa,gpqa,42,rec4r4KWNLrT7g2kR,1,1,1,0,23587,6
lever_rag_presolve_gpqa,gpqa,42,recDj2Y2BbtV02Wv5,1,0,0,1,5225,3
lever_rag_presolve_gpqa,gpqa,42,rec6sE2CRtD4drtHg,1,1,0,1,12908,3
lever_rag_presolve_gpqa,gpqa,42,recE2ihVfqEK4R9d0,1,1,0,1,7250,3
lever_rag_presolve_gpqa,gpqa,42,recnTTKdBzfuoZ7w7,1,0,1,0,42722,6
lever_rag_presolve_gpqa,gpqa,42,rec5rjeLsEq5Fg7Oj,1,1,0,1,8734,3
lever_rag_presolve_gpqa,gpqa,42,recQiWOxhkXRz9NVE,1,0,1,0,24273,6
lever_rag_presolve_gpqa,gpqa,42,reczjcMtrB1YGS2fO,1,1,1,0,12653,7
lever_rag_presolve_gpqa,gpqa,42,recpki12iG9RUGrz9,1,1,0,1,9834,3
lever_rag_presolve_gpqa,gpqa,42,rec260hNUCEj109Dj,1,1,0,1,7698,3
lever_rag_presolve_gpqa,gpqa,42,recIj8lR4tuDgrHou,1,1,0,1,10549,3
lever_rag_presolve_gpqa,gpqa,42,recGFNRVl1qBZGwyU,1,1,1,0,27451,7
lever_rag_presolve_gpqa,gpqa,42,recb80OwMgNnceA9t,1,0,1,0,19800,6
lever_rag_presolve_gpqa,gpqa,42,recSBcGLPatKb3Ygu,1,1,0,1,4847,3
lever_rag_presolve_gpqa,gpqa,42,recLAgwx9vbgB5EHk,1,1,1,0,20814,7
lever_rag_presolve_gpqa,gpqa,42,recWPMm91mGDLXONm,1,1,1,0,7905,6
lever_rag_presolve_gpqa,gpqa,42,recnGEpF1srQpaqWq,1,1,0,1,10608,3
lever_rag_presolve_gpqa,gpqa,42,recmI7EiLv72PxmYK,1,1,0,1,6738,3
lever_rag_presolve_gpqa,gpqa,42,recVEXvhYxAhELVqB,1,1,0,1,12829,3
lever_rag_presolve_gpqa,gpqa,42,recHVUd2DkoKfedJZ,1,1,1,0,16219,6
lever_rag_presolve_gpqa,gpqa,42,recPSTGXK3P39yNYT,1,1,0,1,7491,3
lever_rag_presolve_gpqa,gpqa,42,recIlghoOw5VbY4Zh,1,1,0,1,7801,3
lever_rag_presolve_gpqa,gpqa,42,recatj4YXzbOaq3Ar,1,1,0,1,2452,3
lever_rag_presolve_gpqa,gpqa,42,recOvqPKUtyy9ISA1,1,1,1,0,21244,6
lever_rag_presolve_gpqa,gpqa,42,recL9MFV5zmdlle5T,1,1,0,1,11054,3
lever_rag_presolve_gpqa,gpqa,42,recwW1A85nfyQpReG,1,1,0,1,4596,3
lever_rag_presolve_gpqa,gpqa,42,recEmTBhx2hgw6tPQ,1,0,1,0,13229,6
lever_rag_presolve_gpqa,gpqa,42,rec4L69T0Y1AS4AFS,1,1,0,1,2956,3
lever_rag_presolve_gpqa,gpqa,42,recMicVBcqy1xM1jq,1,0,0,1,6685,3
lever_rag_presolve_gpqa,gpqa,42,reczzzihL7btBH7RO,1,0,1,0,19318,7
lever_rag_presolve_gpqa,gpqa,42,recNuT2oSnO86bxOx,1,1,0,1,5492,3
lever_rag_presolve_gpqa,gpqa,42,recGee5m84dg5FZkc,1,0,0,1,11144,3
lever_rag_presolve_gpqa,gpqa,42,recdya6FuYraBU5Rh,1,1,0,1,5667,3
lever_rag_presolve_gpqa,gpqa,42,recwlwlcPvXVNPmvl,1,1,0,1,8583,3
lever_rag_presolve_gpqa,gpqa,42,recooG6bivTUJpDBz,1,0,0,1,11944,3
lever_rag_presolve_gpqa,gpqa,42,reccOKzFNmyqeJ6ry,1,1,0,1,5757,3
lever_rag_presolve_gpqa,gpqa,42,recJZ3QEfRKjYw9a7,1,1,1,0,24429,7
lever_rag_presolve_gpqa,gpqa,42,recaXdGn3FAIkxLGM,1,1,1,0,15376,7
lever_rag_presolve_gpqa,gpqa,42,recO3hvCWRGiG0odN,1,1,0,1,11482,3
lever_rag_presolve_gpqa,gpqa,42,rec06pnAkLOr2t2mp,1,1,0,1,2681,3
lever_rag_presolve_gpqa,gpqa,42,rectXfsCM1dj4Kv2c,1,1,1,0,11530,7
lever_rag_presolve_gpqa,gpqa,42,recs3PLPUEMiqg4P8,1,0,0,1,12394,3
lever_rag_presolve_gpqa,gpqa,42,rec7C06XOB2h298ue,1,1,0,1,4935,3
lever_rag_presolve_gpqa,gpqa,42,reckEnrOPFT9Ru7tW,1,1,1,0,17221,6
lever_rag_presolve_gpqa,gpqa,42,reck4G4xxv3YnpbtQ,1,0,1,0,15034,6
lever_rag_presolve_gpqa,gpqa,42,recoiTJPGUmzAkief,1,1,0,1,2840,3
lever_rag_presolve_gpqa,gpqa,42,recRZjaElf8ft7xTq,1,0,0,1,2669,3
lever_rag_presolve_gpqa,gpqa,42,recI1ls9OXdxatHQn,1,1,0,1,6562,3
lever_rag_presolve_gpqa,gpqa,42,rechgQucGlrnt8KRV,1,1,1,0,16057,7
lever_rag_presolve_gpqa,gpqa,42,recIOlKBsOeEcgkA1,1,1,0,1,2819,3
lever_rag_presolve_gpqa,gpqa,42,recmkvk6EFAmqyMxR,1,1,0,1,5221,3
lever_rag_presolve_gpqa,gpqa,42,reccVFW11Elovnf8T,1,1,1,0,17277,6
lever_rag_presolve_gpqa,gpqa,42,reczUoM8JsxU6pYxr,1,1,0,1,2884,3
lever_rag_presolve_gpqa,gpqa,42,rec8y3ZrBOcLgNEkE,1,1,0,1,2654,3
lever_rag_presolve_gpqa,gpqa,42,rechtUKxC6G67H7Pr,1,1,0,1,3320,3
lever_rag_presolve_gpqa,gpqa,42,recclFbsjbaiVVnnV,1,1,1,0,26645,6
lever_rag_presolve_gpqa,gpqa,42,rec5eA17Qr1ucNLUf,1,1,0,1,3299,3
lever_rag_presolve_gpqa,gpqa,42,recINGR1z01Fh1Z3A,1,1,0,1,7273,3
lever_rag_presolve_gpqa,gpqa,42,receYQxnUBvxPcvbQ,1,1,0,1,7305,3
lever_rag_presolve_gpqa,gpqa,42,recPIzpnuYpB4yvmp,1,1,0,1,10458,3
lever_rag_presolve_gpqa,gpqa,42,recPL4ZPpVYxgMu57,1,1,0,1,2314,3
lever_rag_presolve_gpqa,gpqa,42,reczkBiPPNrNN49Hp,1,1,0,1,7096,3
lever_rag_presolve_gpqa,gpqa,42,recJJcOHhFeSaRpl4,1,1,0,1,3210,3
lever_rag_presolve_gpqa,gpqa,42,receo3UUzRvWCqyfA,1,1,0,1,10998,3
lever_rag_presolve_gpqa,gpqa,42,recLSzwBUS3olCjhl,1,1,0,1,3272,3
lever_rag_presolve_gpqa,gpqa,42,recUOePh79cp4T2Bg,1,0,0,1,9999,3
lever_rag_presolve_gpqa,gpqa,42,recuYEkVjdVUwA3c0,1,1,1,0,18044,7
lever_rag_presolve_gpqa,gpqa,42,recf6ayQmL1SxKbvW,1,0,0,1,2392,3
lever_rag_presolve_gpqa,gpqa,42,recihePFulRgNKsIn,1,0,0,1,4005,3
lever_rag_presolve_gpqa,gpqa,42,recrNbtgTNoabJJi6,1,0,0,1,2465,3
lever_rag_presolve_gpqa,gpqa,42,recr3VHM4zYf6dMFY,1,1,0,1,8650,3
lever_rag_presolve_gpqa,gpqa,42,recjJ54TXc04enRkZ,1,0,1,0,16212,6
lever_rag_presolve_gpqa,gpqa,42,recFaL6j8UMhutXrc,1,1,1,0,23181,6
lever_rag_presolve_gpqa,gpqa,42,recfTlTMjZBuOducT,1,1,1,0,16601,7
lever_rag_presolve_gpqa,gpqa,42,rec8nshandHARTkrg,1,1,1,0,14331,6
lever_rag_presolve_gpqa,gpqa,42,recXsuOHRBLcyenF2,1,1,0,1,2145,3
lever_rag_presolve_gpqa,gpqa,42,recOkA2zsy4GSMD9R,1,0,0,1,11670,3
lever_rag_presolve_gpqa,gpqa,42,recBhnXrUyTJ6WHIR,1,0,1,0,17357,6
lever_rag_presolve_supergpqa,supergpqa,123,325534796b254b3499202862368c0f5c,1,0,0,1,10239,3
lever_rag_presolve_supergpqa,supergpqa,123,28940f5e66204d6d8da272c94357c949,1,0,0,1,9310,3
lever_rag_presolve_supergpqa,supergpqa,123,f3dbbb1c935242e287d05399a283167a,1,0,0,1,2189,3
lever_rag_presolve_supergpqa,supergpqa,123,ea4794c5a4774d66b38264b39f2fe72d,1,0,0,1,11178,3
lever_rag_presolve_supergpqa,supergpqa,123,e459d523e32a40e483fa37877ae37dd7,1,1,0,1,7590,3
lever_rag_presolve_supergpqa,supergpqa,123,c4f6b8482b184c0b98b6d72d00204932,1,1,1,0,15205,7
lever_rag_presolve_supergpqa,supergpqa,123,3379eb264f7a44fcbb8967c1257d8ef1,1,1,1,0,16430,7
lever_rag_presolve_supergpqa,supergpqa,123,cef6e3a767534afab6be3925eee3908f,1,1,0,1,6892,3
lever_rag_presolve_supergpqa,supergpqa,123,10e238c23efe47cf85d9718dfea21752,1,0,1,0,20734,7
lever_rag_presolve_supergpqa,supergpqa,123,8e138fad2c6a4a5d94d6c17aa87bd47e,1,1,0,1,10414,3
lever_rag_presolve_supergpqa,supergpqa,123,a171bbfccbe24401a400031c59b4af26,1,1,1,0,18473,7
lever_rag_presolve_supergpqa,supergpqa,123,93fb85fa16e54fffb106e0e8b6ea0a41,1,0,0,1,8672,3
lever_rag_presolve_supergpqa,supergpqa,123,9bffaf0a268949899e234cf7a4299f16,1,0,0,1,10603,3
lever_rag_presolve_supergpqa,supergpqa,123,23e717d973b547e1839a1e41467174ad,1,1,0,1,12320,3
lever_rag_presolve_supergpqa,supergpqa,123,b586d22adc1340dcb0af3966063009ee,1,0,0,1,5901,3
lever_rag_presolve_supergpqa,supergpqa,123,a6d224d814c74b14b05cbc915f94c318,1,1,0,1,10775,3
lever_rag_presolve_supergpqa,supergpqa,123,e7ed8b4f392140368530a851521d82e0,1,0,0,1,10161,3
lever_rag_presolve_supergpqa,supergpqa,123,43b85949f89c4ced866cc8222329c0d5,1,1,0,1,9204,3
lever_rag_presolve_supergpqa,supergpqa,123,10189f626a71458193ceb74c22288670,1,1,1,0,29211,7
lever_rag_presolve_supergpqa,supergpqa,123,937e75090a8a4e4f8dd14f6330f14ed4,1,1,0,1,10512,3
lever_rag_presolve_supergpqa,supergpqa,123,03ccb89aa12341928fc94ffc1721820d,1,0,1,0,18350,7
lever_rag_presolve_supergpqa,supergpqa,123,27a902f1fd954aef804640412578914b,1,1,0,1,4992,3
lever_rag_presolve_supergpqa,supergpqa,123,345786092a354c1e90c6b2004b9d5719,1,1,0,1,8803,3
lever_rag_presolve_supergpqa,supergpqa,123,4a0b44d076df4b458538e29e594ab4a8,1,1,0,1,10302,3
lever_rag_presolve_supergpqa,supergpqa,123,53185f05190546179a849bb17515c3b5,1,1,1,0,12162,6
lever_rag_presolve_supergpqa,supergpqa,123,0798fd9db4e14572a71233e3b6e3acbd,1,1,1,0,12709,7
lever_rag_presolve_supergpqa,supergpqa,123,dff99ba339964cb9b6ab381b618355b5,1,1,1,0,26775,7
lever_rag_presolve_supergpqa,supergpqa,123,2e1738795281443cbc6067913cc2162b,1,0,0,1,12079,3
lever_rag_presolve_supergpqa,supergpqa,123,b389bd8fda16458da390b0aeefa9328c,1,1,1,0,20329,7
lever_rag_presolve_supergpqa,supergpqa,123,7a9df24be1fa4c2ebb1d80d46daf7203,1,0,1,0,11683,7
lever_rag_presolve_supergpqa,supergpqa,123,2dc1e5336b3c4da59b7bdd773371ed9b,1,1,1,0,20296,7
lever_rag_presolve_supergpqa,supergpqa,123,0c5b12065dff42d386db06e43ed8b632,1,1,0,1,10111,3
lever_rag_presolve_supergpqa,supergpqa,123,287b698ee9404cd9bca05074a5f2e382,1,1,1,0,24314,7
lever_rag_presolve_supergpqa,supergpqa,123,f36a5f7ac1104f8f976b65b4bb352cc6,1,1,0,1,10634,3
lever_rag_presolve_supergpqa,supergpqa,123,5e95ac70fd304758a6bd82c6230f0ebc,1,0,0,1,8496,3
lever_rag_presolve_supergpqa,supergpqa,123,45337265a83048bc99fd9c20a79a4937,1,1,1,0,22558,7
lever_rag_presolve_supergpqa,supergpqa,123,01eb5d6dafa04f91b785e456c88d12d7,1,0,0,1,4391,3
lever_rag_presolve_supergpqa,supergpqa,123,7becb6c49d3d402686a0eafc9041a91f,1,1,0,1,4262,3
lever_rag_presolve_supergpqa,supergpqa,123,f0cb01ea21ce4febb636008055080398,1,1,1,0,18251,7
lever_rag_presolve_supergpqa,supergpqa,123,c7d8cdb8547648f0aebb0de1e9d33105,1,1,1,0,20349,7
lever_rag_presolve_supergpqa,supergpqa,123,904a4aeefbb644f684bed204a8647109,1,1,1,0,18252,7
lever_rag_presolve_supergpqa,supergpqa,123,f5746a6b252a42cdb64cd25fe623a7b6,1,1,1,0,29064,7
lever_rag_presolve_supergpqa,supergpqa,123,0619ff74bac54d10a1912900ca5901d7,1,0,1,0,15472,7
lever_rag_presolve_supergpqa,supergpqa,123,405821e0aa2f42c594b673d3e1273026,1,0,1,0,21253,7
lever_rag_presolve_supergpqa,supergpqa,123,60568684a6c7436cb002aaaae1224044,1,1,1,0,20734,7
lever_rag_presolve_supergpqa,supergpqa,123,abcb96943b3241f5bda9f3b6765fe5a0,1,1,1,0,18359,7
lever_rag_presolve_supergpqa,supergpqa,123,67737a767408432796a707a8a10d859b,1,1,0,1,4153,3
lever_rag_presolve_supergpqa,supergpqa,123,a4c88f95e21f4fb4bcb82fb49377a5d5,1,0,0,1,5709,3
lever_rag_presolve_supergpqa,supergpqa,123,48de38a79dd148da89ca4bf92c8bddd1,1,1,1,0,6208,6
lever_rag_presolve_supergpqa,supergpqa,123,5e20b93a9d8e4171836aa1e0e5320730,1,1,1,0,8980,7
lever_rag_presolve_supergpqa,supergpqa,123,f4c026d1f3e945a5a3829d02351a7560,1,1,0,1,4506,3
lever_rag_presolve_supergpqa,supergpqa,123,210b3664e51b43bbab0d4b1bfa4668d0,1,1,1,0,17619,7
lever_rag_presolve_supergpqa,supergpqa,123,d008e4e5fa3740599a6cdbb6afef7e06,1,1,1,0,15759,7
lever_rag_presolve_supergpqa,supergpqa,123,b41fbe0149264bc98901fdcaa06e84d7,1,1,1,0,16006,7
lever_rag_presolve_supergpqa,supergpqa,123,505cf024c3d34a8cad5631b7c487733c,1,1,1,0,26657,7
lever_rag_presolve_supergpqa,supergpqa,123,7cba4178aa2b47d8abd5c11113bcd92f,1,1,1,0,18427,7
lever_rag_presolve_supergpqa,supergpqa,123,00f8026cfff64ca1b556ed8e3ee5084b,1,1,0,1,9184,3
lever_rag_presolve_supergpqa,supergpqa,123,3f8989b3db06466787aa75da59bd29f5,1,0,1,0,17215,7
lever_rag_presolve_supergpqa,supergpqa,123,a4d720c59e7844a792c74c8f11f39f32,1,1,1,0,14890,7
lever_rag_presolve_supergpqa,supergpqa,123,1bc58f1386a149d9978e41488ed96e44,1,1,0,1,10529,3
lever_rag_presolve_supergpqa,supergpqa,123,4284e998fada4c82963c98155b243a6d,1,0,1,0,22236,7
lever_rag_presolve_supergpqa,supergpqa,123,19216cc8085c4e9089ba5d9e765fc373,1,1,0,1,2160,3
lever_rag_presolve_supergpqa,supergpqa,123,3c4c69c60cc840138881e84e7dfc53c2,1,0,1,0,15809,7
lever_rag_presolve_supergpqa,supergpqa,123,88525de50e7d4b47830c6eb98c9f17d2,1,1,0,1,9081,3
lever_rag_presolve_supergpqa,supergpqa,123,c134c966d6d04da0b1d6b1a268a70744,1,0,0,1,2809,3
lever_rag_presolve_supergpqa,supergpqa,123,a1fe1674694645b8914102f518ba1dbd,1,1,0,1,9705,3
lever_rag_presolve_supergpqa,supergpqa,123,b3d0389dfc294bc2a3a305710907635c,1,1,0,1,10614,3
lever_rag_presolve_supergpqa,supergpqa,123,e1fab0b4cf6d474bb0f67c5b31a8820a,1,1,0,1,8568,3
lever_rag_presolve_supergpqa,supergpqa,123,7753d398f364454d84d42d1d81b3537b,1,1,1,0,20996,7
lever_rag_presolve_supergpqa,supergpqa,123,e26b923888d1415f9c76de764ba146b0,1,0,0,1,6878,3
lever_rag_presolve_supergpqa,supergpqa,123,d99bd9be83bd49ea8a9da3bf863bbd5f,1,1,1,0,21859,7
lever_rag_presolve_supergpqa,supergpqa,123,c417a559e8b44c698489454d49cfc72f,1,1,0,1,10000,3
lever_rag_presolve_supergpqa,supergpqa,123,3fe28bc716c245ed80ddac64604a5d82,1,1,0,1,11027,3
lever_rag_presolve_supergpqa,supergpqa,123,be49b5e8f608434db1b5147ca20fb19b,1,1,1,0,23139,7
lever_rag_presolve_supergpqa,supergpqa,123,ebe13c146960463e8ea8c439076c0f1f,1,1,0,1,7907,3
lever_rag_presolve_supergpqa,supergpqa,123,64a904ae6727433ea41ef31690ba0711,1,1,0,1,7046,3
lever_rag_presolve_supergpqa,supergpqa,123,98273697cfe64c44b258fcf337adbd0e,1,1,1,0,16880,7
lever_rag_presolve_supergpqa,supergpqa,123,80ecabf1688e4be3bb3f9c0181947167,1,1,1,0,20482,7
lever_rag_presolve_supergpqa,supergpqa,123,bf42bdb404084228996458cc4ff2e9dd,1,1,0,1,9738,3
lever_rag_presolve_supergpqa,supergpqa,123,24e2c4692bdf48ea9323dc867b09f891,1,1,1,0,12089,7
lever_rag_presolve_supergpqa,supergpqa,123,2810b2b7944c4905b3dcb543060e32c4,1,0,0,1,9170,3
lever_rag_presolve_supergpqa,supergpqa,123,90295a93faf14a3fb0a9a42dc7a54ee0,1,0,0,1,10986,3
lever_rag_presolve_supergpqa,supergpqa,123,e086530f5eee4ec3b687fb2ef2bf1e18,1,0,0,1,3450,3
lever_rag_presolve_supergpqa,supergpqa,123,9f8ccb34f3cf4eb1b8459927abbbca9c,1,0,1,0,21907,7
lever_rag_presolve_supergpqa,supergpqa,123,1f3d33e572a44b1681f2a328042e2218,1,1,0,1,6176,3
lever_rag_presolve_supergpqa,supergpqa,123,ca835c9753b3495881d157093a494969,1,1,0,1,12531,3
lever_rag_presolve_supergpqa,supergpqa,123,095e4a649d634eef99b6be4b39625b09,1,1,1,0,19581,7
lever_rag_presolve_supergpqa,supergpqa,123,afe0ed4d48c54836b7c7290a88c48c6a,1,1,1,0,20358,7
lever_rag_presolve_supergpqa,supergpqa,123,1d20f67dc3f848e791ee5d1ea58acba2,1,1,1,0,16054,6
lever_rag_presolve_supergpqa,supergpqa,271,d735b8507f654bb19440357d19395199,1,0,0,1,11335,3
lever_rag_presolve_supergpqa,supergpqa,271,8df1ce32bc37459a8e09994c1a69be1b,1,1,0,1,11273,3
lever_rag_presolve_supergpqa,supergpqa,271,6b1823e9cf1a408394028492a2543d2f,1,1,0,1,6560,3
lever_rag_presolve_supergpqa,supergpqa,271,667bfe0ed4b9420cab5fdfd122909d26,1,0,0,1,9751,3
lever_rag_presolve_supergpqa,supergpqa,271,81bb88e7883d4fc7aae41299e7522a01,1,0,0,1,10859,3
lever_rag_presolve_supergpqa,supergpqa,271,62f9e0bfbb3e4ca7ac35c6968bbc1a96,1,1,1,0,15942,7
lever_rag_presolve_supergpqa,supergpqa,271,700b8287d2af47898340c7c01fb3a354,1,1,0,1,10477,3
lever_rag_presolve_supergpqa,supergpqa,271,c69b37c168c0442d8535be75e705658e,1,0,1,0,11496,7
lever_rag_presolve_supergpqa,supergpqa,271,d637308b16d4406f8d467e25c2b9ed4b,1,1,0,1,2393,3
lever_rag_presolve_supergpqa,supergpqa,271,950df3915a04434eab77d8f4f0322b84,1,1,0,1,6836,3
lever_rag_presolve_supergpqa,supergpqa,271,5fcfe657cd5748408e39a90ef94ad757,1,1,0,1,9123,3
lever_rag_presolve_supergpqa,supergpqa,271,644f2d1d1e644326a8da88e2010deeff,1,0,0,1,7936,3
lever_rag_presolve_supergpqa,supergpqa,271,423099d02b5642939e9550ce9eca1f31,1,1,0,1,2755,3
lever_rag_presolve_supergpqa,supergpqa,271,ae3cc3ad3166484cbe83f9cd3b604761,1,1,1,0,21505,7
lever_rag_presolve_supergpqa,supergpqa,271,9a21e0b2e2a94a3787d79b8b68b2fe5a,1,1,0,1,10850,3
lever_rag_presolve_supergpqa,supergpqa,271,f9a33d8f93a746ec8c6431a2b6bce193,1,1,0,1,6986,3
lever_rag_presolve_supergpqa,supergpqa,271,ba968b5d723c4e148fd8dd326314f7ad,1,1,1,0,16621,7
lever_rag_presolve_supergpqa,supergpqa,271,08a4102166144f5d922ce24ee38463d4,1,0,0,1,7659,3
lever_rag_presolve_supergpqa,supergpqa,271,0256b93a2457448cb7ca2c06fd7b66cd,1,0,0,1,4922,3
lever_rag_presolve_supergpqa,supergpqa,271,8592bcd761ff42b0a42cfa99fb3e497c,1,1,0,1,4099,3
lever_rag_presolve_supergpqa,supergpqa,271,be091c3945a54db99326f44605f5aadf,1,0,1,0,16696,6
lever_rag_presolve_supergpqa,supergpqa,271,f303c96caa884a1d83af52b6df8f2ae9,1,0,0,1,4841,3
lever_rag_presolve_supergpqa,supergpqa,271,8e40cd53b45a4b15ac686b1de9f0c732,1,1,1,0,7288,7
lever_rag_presolve_supergpqa,supergpqa,271,0a6a29e816074835b6ac6886e3575da6,1,1,0,1,3176,3
lever_rag_presolve_supergpqa,supergpqa,271,dfe791a34609485cad4160cb7b7a9921,1,1,1,0,22500,7
lever_rag_presolve_supergpqa,supergpqa,271,3bb9bdcf2aae48e5a62161a1578a5df5,1,0,0,1,11685,3
lever_rag_presolve_supergpqa,supergpqa,271,e13b5563e1eb450d94962f013c3ae36a,1,0,0,1,10920,3
lever_rag_presolve_supergpqa,supergpqa,271,937463eca06f4d778540791c4e2da3b7,1,1,1,0,16352,7
lever_rag_presolve_supergpqa,supergpqa,271,0e971ef965cc4f0582b90c5b7b15e048,1,1,1,0,20007,7
lever_rag_presolve_supergpqa,supergpqa,271,8152cb30d5e44cf5824639f5c1f87b68,1,1,0,1,10713,3
lever_rag_presolve_supergpqa,supergpqa,271,2c80ad52c2324c3ab0b78cbad3437367,1,1,0,1,10318,3
lever_rag_presolve_supergpqa,supergpqa,271,42c21a0221b74afebe151a545114e59f,1,1,0,1,2461,3
lever_rag_presolve_supergpqa,supergpqa,271,9cfa56aef69d4ca9b5801d28f2cd1e00,1,1,0,1,5799,3
lever_rag_presolve_supergpqa,supergpqa,271,437cfa50474b432ca76856889904d972,1,1,0,1,10583,3
lever_rag_presolve_supergpqa,supergpqa,271,664f513b52d340afbc7d6ecce20671f3,1,1,0,1,9629,3
lever_rag_presolve_supergpqa,supergpqa,271,86ad4780d9e843f7b8a98e208abf3a52,1,0,0,1,10237,3
lever_rag_presolve_supergpqa,supergpqa,271,a914371a88744c8e9433972f5624fca4,1,1,0,1,4800,3
lever_rag_presolve_supergpqa,supergpqa,271,c5bc0452236e47068ed4e570875ea4d2,1,1,1,0,21440,7
lever_rag_presolve_supergpqa,supergpqa,271,cc07381e5bd4405fa179ca1b4f716345,1,1,1,0,20103,7
lever_rag_presolve_supergpqa,supergpqa,271,6394e81994e74f66baadec99cfaf103e,1,0,0,1,11711,3
lever_rag_presolve_supergpqa,supergpqa,271,37cb2e257bb449cf951354ed79d9faed,1,1,0,1,2195,3
lever_rag_presolve_supergpqa,supergpqa,271,f82319d73b044735be5dfe1187da76f8,1,1,1,0,18849,7
lever_rag_presolve_supergpqa,supergpqa,271,0cec965e083d473b91baf8419e499266,1,0,0,1,4141,3
lever_rag_presolve_supergpqa,supergpqa,271,16cef3414b88465496646fb53ecb3357,1,1,0,1,12344,3
lever_rag_presolve_supergpqa,supergpqa,271,8ed91874efe844458592ce5db5ba6aec,1,0,1,0,11198,7
lever_rag_presolve_supergpqa,supergpqa,271,db63f2730520468e86d5071599d6cffd,1,1,1,0,20739,7
lever_rag_presolve_supergpqa,supergpqa,271,a05ccae7bcc14d9791e97e9f628ca88e,1,0,0,1,7211,3
lever_rag_presolve_supergpqa,supergpqa,271,f4a869b1b9484dbf8c0540064d101ea1,1,0,0,1,4138,3
lever_rag_presolve_supergpqa,supergpqa,271,2a6cd8ccbd7d42ad9cf12e178c94b946,1,0,0,1,6817,3
lever_rag_presolve_supergpqa,supergpqa,271,001ea608b585461abf01ae38e9cd380c,1,0,0,1,13077,3
lever_rag_presolve_supergpqa,supergpqa,271,d5aeeab54d66402884025a6038acd942,1,1,0,1,8418,3
lever_rag_presolve_supergpqa,supergpqa,271,2fbb335d9144491da36f525024d4fa4a,1,1,0,1,2538,3
lever_rag_presolve_supergpqa,supergpqa,271,8220134735164021974f2c9cb3fe485e,1,0,0,1,10320,3
lever_rag_presolve_supergpqa,supergpqa,271,5b52a5d2e16147c48ba126e8d7b14f27,1,1,1,0,21421,7
lever_rag_presolve_supergpqa,supergpqa,271,9a5556075b3047a18d44f2024d367249,1,0,1,0,20696,6
lever_rag_presolve_supergpqa,supergpqa,271,0a17de3f76d141a4abf081610dee0248,1,1,1,0,17723,7
lever_rag_presolve_supergpqa,supergpqa,271,74c0789f36bc46b08cdc2fbdfa488b2c,1,0,0,1,4173,3
lever_rag_presolve_supergpqa,supergpqa,271,617b2dd1258d4613af5936776fd69d09,1,1,1,0,18770,7
lever_rag_presolve_supergpqa,supergpqa,271,a3f592957d154bafb00025aa580c1f59,1,0,0,1,10989,3
lever_rag_presolve_supergpqa,supergpqa,271,7b90a6c0ad344c569ca3c1a8b85fc37e,1,0,0,1,17850,3
lever_rag_presolve_supergpqa,supergpqa,271,075a3d9c2ade4393b154cb4cb885d232,1,1,1,0,19512,7
lever_rag_presolve_supergpqa,supergpqa,271,d0fc74cd11664ab2a3dbee8d055afb5d,1,0,1,0,22876,7
lever_rag_presolve_supergpqa,supergpqa,271,c02bdc589b28470f9e8c9ebaf715cfd0,1,0,0,1,2053,3
lever_rag_presolve_supergpqa,supergpqa,271,dae4002886484ca9b3f2e329a73e69f9,1,0,0,1,10401,3
lever_rag_presolve_supergpqa,supergpqa,271,c9a90d77920e426592a8016b8282d0b4,1,1,0,1,9040,3
lever_rag_presolve_supergpqa,supergpqa,271,984102446bb9410db4813f0135c7b86b,1,1,0,1,7181,3
lever_rag_presolve_supergpqa,supergpqa,271,f63cf000cb004ff989417e027221c056,1,0,0,1,2557,3
lever_rag_presolve_supergpqa,supergpqa,271,2b7c420445b941ee9c6c30974c8910f6,1,0,1,0,16522,7
lever_rag_presolve_supergpqa,supergpqa,271,ecbdd9947fd94b588f3873caed11ffeb,1,0,0,1,2283,3
lever_rag_presolve_supergpqa,supergpqa,271,dbb0051f0dc54c399a92967f5f8d3adf,1,1,0,1,4020,3
lever_rag_presolve_supergpqa,supergpqa,271,ef0b43160d8241c6bbaf4a579a6370f7,1,1,0,1,11077,3
lever_rag_presolve_supergpqa,supergpqa,271,5311909efaca4ab580654676d1850946,1,1,0,1,7207,3
lever_rag_presolve_supergpqa,supergpqa,271,9ab1011859954a9da4ebea4ceaa3f4bc,1,0,1,0,24747,7
lever_rag_presolve_supergpqa,supergpqa,271,0fa712ebccaa4d23849cc1f4904445f4,1,1,0,1,6941,3
lever_rag_presolve_supergpqa,supergpqa,271,8663d52325714e76ad7e012721316c23,1,0,0,1,11304,3
lever_rag_presolve_supergpqa,supergpqa,271,937e75090a8a4e4f8dd14f6330f14ed4,1,1,1,0,19590,7
lever_rag_presolve_supergpqa,supergpqa,271,82a54ba5be6e4550b70b18e7dc13d5c9,1,1,0,1,2538,3
lever_rag_presolve_supergpqa,supergpqa,271,706e5c2922d54efdb65739a97378b9aa,1,1,1,0,23224,7
lever_rag_presolve_supergpqa,supergpqa,271,787c2342e0ef4aaa85f1bd2fcedd9fe0,1,0,0,1,10415,3
lever_rag_presolve_supergpqa,supergpqa,271,3f99cdb3a05942cfa51b0862814020fc,1,1,0,1,5787,3
lever_rag_presolve_supergpqa,supergpqa,271,e09f849537f34441a37dff017aaa193a,1,1,0,1,4628,3
lever_rag_presolve_supergpqa,supergpqa,271,42fc314addcb4e3580e011b12cde0406,1,1,0,1,8985,3
lever_rag_presolve_supergpqa,supergpqa,271,8c908849bd1640a1a991bf8de055826c,1,1,0,1,7634,3
lever_rag_presolve_supergpqa,supergpqa,271,0f992c29ab324c379406fabdcf277a68,1,1,1,0,15934,7
lever_rag_presolve_supergpqa,supergpqa,271,379a1dab01cd43f4b1af48063a968333,1,1,1,0,20424,7
lever_rag_presolve_supergpqa,supergpqa,271,15be8f8e252644028475951da8318593,1,0,1,0,20667,7
lever_rag_presolve_supergpqa,supergpqa,271,ac0c51aebdc54ae4a2ab973206aa6a63,1,1,1,0,24054,7
lever_rag_presolve_supergpqa,supergpqa,271,9456f7bba7b64d7ab4621174d5200968,1,1,1,0,19029,7
lever_rag_presolve_supergpqa,supergpqa,271,ff672b02fbba48ccb76f12b73b438d37,1,0,1,0,21438,7
lever_rag_presolve_supergpqa,supergpqa,271,628b15eb4d254e64b066dc67ca5899c7,1,0,1,0,16013,7
lever_rag_presolve_supergpqa,supergpqa,42,e313bac23c0a44a09b34da5cda7a7a5a,1,0,0,1,10947,3
lever_rag_presolve_supergpqa,supergpqa,42,4e711f17db254dd4953606570f0cc7a7,1,0,0,1,11072,3
lever_rag_presolve_supergpqa,supergpqa,42,454028b0c0884f4192d16081e358d436,1,1,0,1,9880,3
lever_rag_presolve_supergpqa,supergpqa,42,5b3ba5d082c74528ab9c60a12e0e3614,1,1,1,0,15948,7
lever_rag_presolve_supergpqa,supergpqa,42,f3dbbb1c935242e287d05399a283167a,1,0,0,1,2995,3
lever_rag_presolve_supergpqa,supergpqa,42,917d14354e104597ab763b7c98ec5098,1,1,0,1,11617,3
lever_rag_presolve_supergpqa,supergpqa,42,bf79c60db17b4207957d40a5ada06a76,1,1,0,1,6561,3
lever_rag_presolve_supergpqa,supergpqa,42,4e8a3894e41f4ca291c7b9d40a6bbe41,1,0,0,1,6255,3
lever_rag_presolve_supergpqa,supergpqa,42,21de236f15e846ecaac90b5464aa6751,1,1,0,1,9982,3
lever_rag_presolve_supergpqa,supergpqa,42,ef085846d5e74e358456de0a96fc049b,1,1,0,1,9902,3
lever_rag_presolve_supergpqa,supergpqa,42,1d55d70bc081494da80f9c9735015376,1,1,1,0,18614,7
lever_rag_presolve_supergpqa,supergpqa,42,10306739cc6f4b94afa3336c48376be7,1,0,0,1,5332,3
lever_rag_presolve_supergpqa,supergpqa,42,28b8e9105db04b8b9d3a7e2f6aedff5c,1,1,1,0,16421,7
lever_rag_presolve_supergpqa,supergpqa,42,f99d0c2438e347088abece7d58f4e3cc,1,1,0,1,4640,3
lever_rag_presolve_supergpqa,supergpqa,42,3aa8040fa0174d9ebee38e9a1f196d26,1,1,1,0,18930,7
lever_rag_presolve_supergpqa,supergpqa,42,e78c81f946704e8ab0fb15182b6f8f68,1,1,1,0,18713,7
lever_rag_presolve_supergpqa,supergpqa,42,21c8296790dc44c3b47308fe139b1378,1,1,1,0,16326,7
lever_rag_presolve_supergpqa,supergpqa,42,c0aff61a5b0243628fe8d3684305f4cb,1,1,0,1,2580,3
lever_rag_presolve_supergpqa,supergpqa,42,fc86b86189fa4145bfc49c741a7d8387,1,1,0,1,6888,3
lever_rag_presolve_supergpqa,supergpqa,42,a7a3dc6d5b5b4d37a32c2839833a4d6c,1,1,0,1,6054,3
lever_rag_presolve_supergpqa,supergpqa,42,cd59e82f9198404fad3b5e494c032544,1,1,1,0,21373,7
lever_rag_presolve_supergpqa,supergpqa,42,d3c2c6065bd540298bc50e5c2786cfd7,1,1,1,0,23519,7
lever_rag_presolve_supergpqa,supergpqa,42,644c9b34ba504b098e1f27a5343df847,1,1,1,0,25554,7
lever_rag_presolve_supergpqa,supergpqa,42,301e624803b94d4dad6828fb2310bdca,1,0,0,1,9794,3
lever_rag_presolve_supergpqa,supergpqa,42,f4e38f53765c4c249769703d0ba24b3d,1,0,1,0,21524,7
lever_rag_presolve_supergpqa,supergpqa,42,8920a6411ede4a54af86c8ec5be736bd,1,0,1,0,31485,6
lever_rag_presolve_supergpqa,supergpqa,42,469ab0b1358b48019d3a8f218edbf379,1,0,0,1,4827,3
lever_rag_presolve_supergpqa,supergpqa,42,2613e2e31a7f45d9bd02d6c09fdc898c,1,1,1,0,21416,7
lever_rag_presolve_supergpqa,supergpqa,42,1948e331b8ba410b9717275eff8958ed,1,0,0,1,10887,3
lever_rag_presolve_supergpqa,supergpqa,42,20fff2a5feb746d5a6614e360c9bec7d,1,1,1,0,13232,7
lever_rag_presolve_supergpqa,supergpqa,42,54feae1e9cf54ae985fc5b07a79d864d,1,1,1,0,12641,7
lever_rag_presolve_supergpqa,supergpqa,42,562abaf94b0e4999a6a2b27104ef8297,1,1,1,0,16295,7
lever_rag_presolve_supergpqa,supergpqa,42,8cb1a3d68036488689cc6279ff47fd5a,1,0,0,1,10970,3
lever_rag_presolve_supergpqa,supergpqa,42,1b5146ef461741a1a68490564550fce3,1,1,0,1,12274,3
lever_rag_presolve_supergpqa,supergpqa,42,1e6267aed56a4fba91a50215560a698b,1,1,1,0,20001,7
lever_rag_presolve_supergpqa,supergpqa,42,468c654c940f438dafebc19b7ab77b1a,1,1,0,1,9221,3
lever_rag_presolve_supergpqa,supergpqa,42,a90f5627afb840dcb32c78b91d72bb9d,1,1,1,0,20905,7
lever_rag_presolve_supergpqa,supergpqa,42,396c4ac5d5784036865383281513d239,1,1,1,0,22838,7
lever_rag_presolve_supergpqa,supergpqa,42,a782760c647f4ed8b56277449bbec5fa,1,1,1,0,15060,7
lever_rag_presolve_supergpqa,supergpqa,42,bba0149a0e4e4fb2b289442bc74883ee,1,1,0,1,10137,3
lever_rag_presolve_supergpqa,supergpqa,42,8c05de6e528f4219a5ca0f2c4d0ad747,1,1,0,1,11967,3
lever_rag_presolve_supergpqa,supergpqa,42,624ccf3cf3e144ccbe8f18ec921d686a,1,0,0,1,8115,3
lever_rag_presolve_supergpqa,supergpqa,42,b0c962e65001442ea12ea33cf2ab3c25,1,1,0,1,10345,3
lever_rag_presolve_supergpqa,supergpqa,42,f94991ad92ec4a2793686b5fc3b6f5d1,1,1,0,1,10140,3
lever_rag_presolve_supergpqa,supergpqa,42,09f8f51f6b3b41d6b53b58f8232dfc20,1,0,1,0,11779,7
lever_rag_presolve_supergpqa,supergpqa,42,9be741c434a348ef9eed758bb0b69347,1,1,1,0,17082,7
lever_rag_presolve_supergpqa,supergpqa,42,42432d79d0af4c2fa1612e6ca53f2882,1,1,0,1,9119,3
lever_rag_presolve_supergpqa,supergpqa,42,8015afe9ebfa45388f4c8ec8d990e431,1,1,0,1,5290,3
lever_rag_presolve_supergpqa,supergpqa,42,e015103613d84a6489a1867aa85f4f65,1,1,0,1,11495,3
lever_rag_presolve_supergpqa,supergpqa,42,bb5212d584224509ab73a3304e906859,1,1,0,1,9459,3
lever_rag_presolve_supergpqa,supergpqa,42,4da750a1226341988c648c97d601821e,1,1,1,0,16309,7
lever_rag_presolve_supergpqa,supergpqa,42,f7a2f5fbb748428baff111afe4464ab5,1,1,0,1,7546,3
lever_rag_presolve_supergpqa,supergpqa,42,20ef016bd2514deeb9fc7667952dfb58,1,1,1,1,19394,6
lever_rag_presolve_supergpqa,supergpqa,42,73a3ff299dc040ad8e5ac743c66a1050,1,1,0,1,9914,3
lever_rag_presolve_supergpqa,supergpqa,42,64a792c9306c4d659f4796d4abed795a,1,0,0,1,9938,3
lever_rag_presolve_supergpqa,supergpqa,42,ca2b68f8198e4c41befc4a3ceee1a9bc,1,0,0,1,10116,3
lever_rag_presolve_supergpqa,supergpqa,42,9149453edaf0461db9a37d0816015e3a,1,1,1,0,19161,7
lever_rag_presolve_supergpqa,supergpqa,42,e4650932081741f68c95ce460a1cb60b,1,1,1,0,15960,7
lever_rag_presolve_supergpqa,supergpqa,42,983cda51b83847a8bf05440abd38e194,1,1,1,0,11159,7
lever_rag_presolve_supergpqa,supergpqa,42,e8f3f3605af14100a15b8c0a8c2f89fa,1,1,0,1,10418,3
lever_rag_presolve_supergpqa,supergpqa,42,06eb007eee9f4e29a75bb5537d94bfba,1,1,1,0,19675,7
lever_rag_presolve_supergpqa,supergpqa,42,438f43de355a46e982a21abda8d4f152,1,0,1,0,11975,7
lever_rag_presolve_supergpqa,supergpqa,42,fb9042d1b91d4037b436629fccc2e322,1,1,0,1,8318,3
lever_rag_presolve_supergpqa,supergpqa,42,5cf02070572d4b8da047af4b587897e1,1,0,1,0,11816,6
lever_rag_presolve_supergpqa,supergpqa,42,23ad44902ff945798a7ff404a3bb98d3,1,0,0,1,7834,3
lever_rag_presolve_supergpqa,supergpqa,42,446a334636724901bdafdaa3501bbb49,1,1,0,1,7487,3
lever_rag_presolve_supergpqa,supergpqa,42,9706c4ed64d346bdb4326a3951d46dbf,1,1,0,1,6179,3
lever_rag_presolve_supergpqa,supergpqa,42,325534796b254b3499202862368c0f5c,1,1,0,1,11542,3
lever_rag_presolve_supergpqa,supergpqa,42,a596b66d08484915a5c1996add9b104d,1,0,1,0,15666,7
lever_rag_presolve_supergpqa,supergpqa,42,14e7a5802c464cfc9e28aafee9fdfd42,1,0,0,1,5491,3
lever_rag_presolve_supergpqa,supergpqa,42,b4824b77747748cf8486b9e948899ef8,1,1,0,1,3413,3
lever_rag_presolve_supergpqa,supergpqa,42,d8f80bece1864043a27ed1179ff8fe9f,1,1,1,0,13313,7
lever_rag_presolve_supergpqa,supergpqa,42,89c81fa5104e4d2580f05c3dc32fa11d,1,1,1,0,21229,7
lever_rag_presolve_supergpqa,supergpqa,42,980ca009cc1f4003b4647f0a9bb0289c,1,0,1,0,13509,7
lever_rag_presolve_supergpqa,supergpqa,42,c83eb03cf4be49dcb0b470fb5da66009,1,1,0,1,11559,3
lever_rag_presolve_supergpqa,supergpqa,42,b278c269529d444e97014e86de71b135,1,1,0,1,9447,3
lever_rag_presolve_supergpqa,supergpqa,42,e1b314d091334b5dbc93a0053e1313d5,1,1,1,0,18838,7
lever_rag_presolve_supergpqa,supergpqa,42,02606f10da9b4a91a734948a2f8f8cab,1,1,0,1,6199,3
lever_rag_presolve_supergpqa,supergpqa,42,095ff35b087e416f9a2797a86611b4c2,1,0,1,0,15171,6
lever_rag_presolve_supergpqa,supergpqa,42,fed1780eaf1f42a09ea63e89e1d18a41,1,0,1,0,15081,7
lever_rag_presolve_supergpqa,supergpqa,42,1bd477364f034265bdfe60d0b00b219a,1,1,1,0,18698,7
lever_rag_presolve_supergpqa,supergpqa,42,30ca59713f1b4dc8a6f9e2be9261e168,1,1,1,0,12605,7
lever_rag_presolve_supergpqa,supergpqa,42,f67699a734ca477eb153ad6d4f7f30e0,1,1,1,0,19007,7
lever_rag_presolve_supergpqa,supergpqa,42,2ee372f987304fe882e13238d4c6925e,1,0,0,1,7684,3
lever_rag_presolve_supergpqa,supergpqa,42,a909c0719f3e43b1a44afdbedc66cf68,1,1,0,1,2134,3
lever_rag_presolve_supergpqa,supergpqa,42,3a1dc503ec92489c8b0dcbcf77e5b7ea,1,1,0,1,8103,3
lever_rag_presolve_supergpqa,supergpqa,42,16b1ffdff66c4c48ac0b5d2209a5af64,1,1,1,0,16817,7
lever_rag_presolve_supergpqa,supergpqa,42,68a4b9f37a0a432886fe2c90c0c90466,1,1,0,1,6513,3
lever_rag_presolve_supergpqa,supergpqa,42,4817837b472e4795aa76b5e9b2dc1cc2,1,1,0,1,10422,3
lever_rag_presolve_supergpqa,supergpqa,42,8de4e96a88f546c78038f13b06b2a747,1,0,1,0,18124,7
lever_rag_presolve_supergpqa,supergpqa,606,3b37ffa7eb2b455283a129a4ada95546,1,1,0,1,8448,3
lever_rag_presolve_supergpqa,supergpqa,606,5a29ea2e0dde4ca89fc25d873f0783f0,1,0,0,1,10445,3
lever_rag_presolve_supergpqa,supergpqa,606,674fd9508773498499d78bf6e2194315,1,1,0,1,6653,3
lever_rag_presolve_supergpqa,supergpqa,606,6012508b88a9421180551fdef0e17a13,1,0,0,1,10123,3
lever_rag_presolve_supergpqa,supergpqa,606,10189f626a71458193ceb74c22288670,1,1,1,0,21132,7
lever_rag_presolve_supergpqa,supergpqa,606,07178da056dd43c39d7f7aee51bdbff8,1,0,0,1,3804,3
lever_rag_presolve_supergpqa,supergpqa,606,c5632825dac84046af5fb820a66ff3ea,1,1,1,0,20349,6
lever_rag_presolve_supergpqa,supergpqa,606,94fa8b6b6a6f497f8d566ff083384f1e,1,1,1,0,22945,7
lever_rag_presolve_supergpqa,supergpqa,606,a9ef86d999d6451da0be649f98619cf8,1,1,1,0,15779,7
lever_rag_presolve_supergpqa,supergpqa,606,d871b9b07c184d6fbcf59c459d99036a,1,1,1,0,22562,7
lever_rag_presolve_supergpqa,supergpqa,606,4e86797184da47a2b73f1e72ea451f8d,1,1,1,0,14217,7
lever_rag_presolve_supergpqa,supergpqa,606,4b23599f709e402a85d20e0693fcbec7,1,1,1,0,20281,7
lever_rag_presolve_supergpqa,supergpqa,606,7ba19feea53345f1b264cd94e8d2538f,1,1,0,1,7429,3
lever_rag_presolve_supergpqa,supergpqa,606,c8bf16ae628348ee96bd7127f5ae6bef,1,0,1,0,33362,7
lever_rag_presolve_supergpqa,supergpqa,606,a24daf6e481d48fd9f272c1e3a1bfc3d,1,1,0,1,10964,3
lever_rag_presolve_supergpqa,supergpqa,606,bba7bc7236a341fabf5661c3056e362f,1,1,0,1,7699,3
lever_rag_presolve_supergpqa,supergpqa,606,925edd1a51234c619cdd2f02bd90e0a3,1,0,0,1,10678,3
lever_rag_presolve_supergpqa,supergpqa,606,99a57a8ecb994d2398eeb11d5a4f4287,1,1,1,0,28414,7
lever_rag_presolve_supergpqa,supergpqa,606,05e77d690c294b10ad74c766460dc052,1,1,1,0,25796,7
lever_rag_presolve_supergpqa,supergpqa,606,f8a631c172f042bbb5db6b725743d199,1,1,1,0,18367,7
lever_rag_presolve_supergpqa,supergpqa,606,6409dc9dba8d4f28a06fd6807e3c7cf9,1,0,0,1,4941,3
lever_rag_presolve_supergpqa,supergpqa,606,61fcd7e73e194e2ebea202afec24e266,1,0,1,0,21506,7
lever_rag_presolve_supergpqa,supergpqa,606,3564dcf444ca495aa0ac15b8c53ce046,1,0,0,1,10632,3
lever_rag_presolve_supergpqa,supergpqa,606,8e6adf9e81774ae98a454a1736907ba1,1,1,0,1,8948,3
lever_rag_presolve_supergpqa,supergpqa,606,b7b66af0bf0940ffbb69c04dd5f1b995,1,1,0,1,2515,3
lever_rag_presolve_supergpqa,supergpqa,606,ce27ed54573241aeb3a7923baf3bd2b9,1,1,0,1,2442,3
lever_rag_presolve_supergpqa,supergpqa,606,25d2d85093d3401b9883e0142407d0ee,1,0,0,1,8484,3
lever_rag_presolve_supergpqa,supergpqa,606,7788cdba3e464b49b9516f45fa00381a,1,1,0,1,14098,3
lever_rag_presolve_supergpqa,supergpqa,606,b6905cbac56e46ac93c398b5910034f1,1,1,1,0,22348,7
lever_rag_presolve_supergpqa,supergpqa,606,7f9f7b71691f4b9abd8f4d8ce5321a82,1,1,0,1,11990,3
lever_rag_presolve_supergpqa,supergpqa,606,b48e738748e24c309530026051f00c50,1,1,0,1,10066,3
lever_rag_presolve_supergpqa,supergpqa,606,a66b114a5e13440eb33f817f4a443ffb,1,1,1,0,19665,7
lever_rag_presolve_supergpqa,supergpqa,606,8663d52325714e76ad7e012721316c23,1,1,1,0,18984,7
lever_rag_presolve_supergpqa,supergpqa,606,05ff75c957d445298164337f6fb16dce,1,0,0,1,10922,3
lever_rag_presolve_supergpqa,supergpqa,606,3ebe31c1ad0044b3a4ba989121a9652a,1,1,0,1,9471,3
lever_rag_presolve_supergpqa,supergpqa,606,1a2b570b90b940d9a7e60ec37a91c438,1,1,1,0,18388,7
lever_rag_presolve_supergpqa,supergpqa,606,16cef3414b88465496646fb53ecb3357,1,1,0,1,13571,3
lever_rag_presolve_supergpqa,supergpqa,606,fb32edc392d24dc3815f58909cecdba4,1,0,1,0,9628,6
lever_rag_presolve_supergpqa,supergpqa,606,ea96b2f056914d9e853e946a1d96987c,1,0,1,0,14873,7
lever_rag_presolve_supergpqa,supergpqa,606,ddb18eed65624eb8857f493d3575fef0,1,1,0,1,16907,3
lever_rag_presolve_supergpqa,supergpqa,606,fda86567101842ffbb3faff3164f528b,1,1,1,0,25742,7
lever_rag_presolve_supergpqa,supergpqa,606,4090034d344442a39f6ac38ffe2cc550,1,0,1,0,21098,6
lever_rag_presolve_supergpqa,supergpqa,606,672ca23b604743f0ac2330c05ed10499,1,1,0,1,6442,3
lever_rag_presolve_supergpqa,supergpqa,606,68be2b3c64f340e1ab95a722390c67b6,1,1,1,0,6517,6
lever_rag_presolve_supergpqa,supergpqa,606,feb181573d6d4f398db27ee6a26962ad,1,1,1,0,18363,7
lever_rag_presolve_supergpqa,supergpqa,606,7f8c9e5f1e554ad396060dbe085be0bc,1,0,0,1,3394,3
lever_rag_presolve_supergpqa,supergpqa,606,d38fbb868d8a44db9095fa175c8b5669,1,1,0,1,10113,3
lever_rag_presolve_supergpqa,supergpqa,606,8c466141d2b744ee9303d466b28b2e52,1,0,1,0,17799,7
lever_rag_presolve_supergpqa,supergpqa,606,4bbb616f70fa470ead5f650821ff158f,1,1,0,1,10285,3
lever_rag_presolve_supergpqa,supergpqa,606,e407e20ef9774016a7466c88610322ef,1,0,0,1,11260,3
lever_rag_presolve_supergpqa,supergpqa,606,d14d338a85264ca7ac2ad2fb159e78cd,1,1,0,1,8506,3
lever_rag_presolve_supergpqa,supergpqa,606,7ec0b78739564a38912533cf4bb90a1a,1,1,0,1,4965,3
lever_rag_presolve_supergpqa,supergpqa,606,278b1bc0ff8040b5beb619203318ea17,1,1,1,0,25417,7
lever_rag_presolve_supergpqa,supergpqa,606,3e3aef19b7bf40668f24d9a67f396473,1,1,0,1,11201,3
lever_rag_presolve_supergpqa,supergpqa,606,d2b8029fab3a458b9d1be6cf6a68091a,1,1,0,1,7146,3
lever_rag_presolve_supergpqa,supergpqa,606,9f62bcf50de74401a603615456213baf,1,1,0,1,7778,3
lever_rag_presolve_supergpqa,supergpqa,606,ba3e6704deaf4503afd6d5cd103203c9,1,0,0,1,3640,3
lever_rag_presolve_supergpqa,supergpqa,606,f258bb1065be48218e7d3a3f5baa4821,1,1,0,1,5422,3
lever_rag_presolve_supergpqa,supergpqa,606,05e650ec825f4ae5a54deb872af466d2,1,1,1,0,19661,7
lever_rag_presolve_supergpqa,supergpqa,606,ba5929c89bf34872beb2bda81c3f7ac0,1,1,1,0,14358,7
lever_rag_presolve_supergpqa,supergpqa,606,f3657e5a406947ddb8ad447219321aef,1,0,0,1,10688,3
lever_rag_presolve_supergpqa,supergpqa,606,9658dc48503c49cb840ccc27f9e10eb9,1,0,1,0,19643,6
lever_rag_presolve_supergpqa,supergpqa,606,0d55abc62c6541119ac010bd0bd11cb4,1,1,0,1,4838,3
lever_rag_presolve_supergpqa,supergpqa,606,6514ced034134b80bfee523ab31dd6be,1,1,0,1,9030,3
lever_rag_presolve_supergpqa,supergpqa,606,84fba45a65da41fb8ea056a8cd072fff,1,1,0,1,10303,3
lever_rag_presolve_supergpqa,supergpqa,606,1ec0b6b8d6b74d6f81c900d22aa3f9b3,1,1,0,1,13907,3
lever_rag_presolve_supergpqa,supergpqa,606,bcd2baac739146eebec003eb6adda5ae,1,1,1,1,26276,7
lever_rag_presolve_supergpqa,supergpqa,606,7d0d30aa83704e04bd9330d2c8e90f78,1,1,0,1,2787,3
lever_rag_presolve_supergpqa,supergpqa,606,1b003811eaf443e492e6717fa934b15b,1,1,0,1,13404,3
lever_rag_presolve_supergpqa,supergpqa,606,ebea0f7c051d4247be3d6bee67e0da89,1,1,1,0,22080,7
lever_rag_presolve_supergpqa,supergpqa,606,6f448d668c2743988aaf055cd5d0b1d5,1,1,0,1,11954,3
lever_rag_presolve_supergpqa,supergpqa,606,1bb8a86a4ca34595bf2cc53e8c70d488,1,0,0,1,10215,3
lever_rag_presolve_supergpqa,supergpqa,606,25ff3053d5cd4fe1b53e4bfce27dc709,1,1,1,0,15225,7
lever_rag_presolve_supergpqa,supergpqa,606,89c0dd54ad6d4419a29148159a71a478,1,1,1,0,18757,6
lever_rag_presolve_supergpqa,supergpqa,606,db63f2730520468e86d5071599d6cffd,1,1,1,0,20646,7
lever_rag_presolve_supergpqa,supergpqa,606,ab99e4e6e4f548f9bf22a0c4afba770a,1,1,0,1,6612,3
lever_rag_presolve_supergpqa,supergpqa,606,46d9995281cc4c4eb53ae5077ea91144,1,1,0,1,2102,3
lever_rag_presolve_supergpqa,supergpqa,606,d16499eb98a643b0a414050a50467596,1,0,0,1,10947,3
lever_rag_presolve_supergpqa,supergpqa,606,8feeeb6daae74c819f01a0d2bddb62a5,1,1,0,1,6547,3
lever_rag_presolve_supergpqa,supergpqa,606,017d54709f0b48a3980238ac4f0dd851,1,1,1,0,16840,7
lever_rag_presolve_supergpqa,supergpqa,606,d16188425b8d459799e3a25590ce3a1f,1,1,0,1,9379,3
lever_rag_presolve_supergpqa,supergpqa,606,5559142f9bfb407b835f455534274613,1,1,1,0,10611,7
lever_rag_presolve_supergpqa,supergpqa,606,81265918776f42ecb936b1ff7149f893,1,1,1,0,22269,7
lever_rag_presolve_supergpqa,supergpqa,606,18dd61f8f537498aab430ca99da93ddf,1,0,1,0,25779,7
lever_rag_presolve_supergpqa,supergpqa,606,2a0199802fa34912899bc4db2e48e324,1,1,1,0,6780,6
lever_rag_presolve_supergpqa,supergpqa,606,c719d6d9548f43779f3eab22fafa99bc,1,0,1,0,18383,7
lever_rag_presolve_supergpqa,supergpqa,606,d0004a6586604fb097d29b2a9e2fafba,1,1,1,0,33728,7
lever_rag_presolve_supergpqa,supergpqa,606,d6762f8d80e24ca78b14ac20eb6d7ddb,1,1,1,0,16903,7
lever_rag_presolve_supergpqa,supergpqa,606,420ba9fd6958410188aa97873da40f86,1,1,1,0,19247,7
lever_rag_presolve_supergpqa,supergpqa,606,83540adee86445058338548a07e2eacd,1,0,1,0,26788,7
lever_rag_presolve_supergpqa,supergpqa,7,b278c269529d444e97014e86de71b135,1,0,0,1,11353,3
lever_rag_presolve_supergpqa,supergpqa,7,8a331a10506a4ff6b543fc5b2ac2502f,1,1,1,0,15205,7
lever_rag_presolve_supergpqa,supergpqa,7,749c18edf45840fca90d356bbed0fe5b,1,0,0,1,10349,3
lever_rag_presolve_supergpqa,supergpqa,7,b389bd8fda16458da390b0aeefa9328c,1,1,1,0,23688,7
lever_rag_presolve_supergpqa,supergpqa,7,811c704287184f8fa520358dc0ea2493,1,0,1,0,21238,7
lever_rag_presolve_supergpqa,supergpqa,7,a63462f4ff9e44289d3c9e4a91314250,1,1,0,1,2099,3
lever_rag_presolve_supergpqa,supergpqa,7,a14c016f261f4b46a1f62c1a4096bd86,1,1,1,0,17869,7
lever_rag_presolve_supergpqa,supergpqa,7,c9aaec36dd7d48d0b90c34c9955bdf1b,1,1,0,1,10767,3
lever_rag_presolve_supergpqa,supergpqa,7,843e623807884c63a38376e9bd6d6f14,1,0,1,0,22536,6
lever_rag_presolve_supergpqa,supergpqa,7,b68e89ad898246c4bc116ff4d353e4b9,1,1,1,0,18295,7
lever_rag_presolve_supergpqa,supergpqa,7,4068f6cb89214b0a86c16c2497caeb6e,1,1,0,1,3636,3
lever_rag_presolve_supergpqa,supergpqa,7,cb1f3d75e5a9402a9bb7755b6f6a029c,1,1,0,1,5788,3
lever_rag_presolve_supergpqa,supergpqa,7,ff414ca699a74f7484650a3595512055,1,1,0,1,3880,3
lever_rag_presolve_supergpqa,supergpqa,7,5d4e9507100c48c89db59015820c6059,1,1,0,1,6319,3
lever_rag_presolve_supergpqa,supergpqa,7,7c20fd3e214f4e438614b091fccce433,1,1,0,1,6218,3
lever_rag_presolve_supergpqa,supergpqa,7,2ee8b1af76f04527a574124df6476a8d,1,1,1,0,20941,7
lever_rag_presolve_supergpqa,supergpqa,7,32d56386e78f4e16bfe38d9ea73fd02a,1,1,0,1,8316,3
lever_rag_presolve_supergpqa,supergpqa,7,24b548b324684a8490d46d476bde792c,1,1,0,1,10298,3
lever_rag_presolve_supergpqa,supergpqa,7,2cf2296143904690a6c6f376236839d2,1,1,1,0,21696,7
lever_rag_presolve_supergpqa,supergpqa,7,d0fe7c1a74314662ac5ed5f2538e7b13,1,0,0,1,2303,3
lever_rag_presolve_supergpqa,supergpqa,7,711025f0562b41118c0c383afdc77215,1,1,1,0,19348,7
lever_rag_presolve_supergpqa,supergpqa,7,8fb8ca1cd7114cd8b8dcad3953f68a44,1,1,0,1,10202,3
lever_rag_presolve_supergpqa,supergpqa,7,077aea7da31e4b94886be9713580db0d,1,1,1,0,13798,7
lever_rag_presolve_supergpqa,supergpqa,7,413f8d70916547989ed51d1116a4551a,1,1,1,0,17992,7
lever_rag_presolve_supergpqa,supergpqa,7,d9f3da47d50840a79c51096169d25583,1,0,0,1,10748,3
lever_rag_presolve_supergpqa,supergpqa,7,facd6dd1e2074073adcfcac48eab3afb,1,1,0,1,4547,3
lever_rag_presolve_supergpqa,supergpqa,7,5f0bde5deeae40a88762eea520849455,1,1,1,0,21836,7
lever_rag_presolve_supergpqa,supergpqa,7,10f542902dfa44d795fba244e7f1a69c,1,0,0,1,4245,3
lever_rag_presolve_supergpqa,supergpqa,7,de43b1c48f7b410695b2a4daf5fe3f31,1,1,0,1,10047,3
lever_rag_presolve_supergpqa,supergpqa,7,8f9ae9b94a0a4e66ab56225f7a356fd1,1,1,0,1,8996,3
lever_rag_presolve_supergpqa,supergpqa,7,920d5a4aae764dc8962d36ff4d95710a,1,0,1,0,20028,7
lever_rag_presolve_supergpqa,supergpqa,7,05edf34d21464999ad82c54bad66a005,1,1,0,1,10604,3
lever_rag_presolve_supergpqa,supergpqa,7,f8e740921e964dfc9922e08b7f5e815b,1,1,0,1,7842,3
lever_rag_presolve_supergpqa,supergpqa,7,fc9a01ab2a2344cabfe9c2bd94be487f,1,1,1,0,13107,7
lever_rag_presolve_supergpqa,supergpqa,7,5fe6a509598c4dd5aec2c8f7abc0d259,1,1,0,1,8653,3
lever_rag_presolve_supergpqa,supergpqa,7,ea9364829af04d188546f8d369483d46,1,1,0,1,9878,3
lever_rag_presolve_supergpqa,supergpqa,7,5cbfbf1108434eca91c070d1ed1c0bc6,1,0,1,0,18705,7
lever_rag_presolve_supergpqa,supergpqa,7,ccbff2992c7f49c48a8fe254e1fff783,1,1,1,0,21289,7
lever_rag_presolve_supergpqa,supergpqa,7,fa49b578c45543d8847bac91a1e14045,1,1,1,0,18682,7
lever_rag_presolve_supergpqa,supergpqa,7,b81111afa517415f8f5b91a17ac991ce,1,1,0,1,9148,3
lever_rag_presolve_supergpqa,supergpqa,7,c8be6f10c6b04b879a5fe393fb1b38f8,1,1,1,0,13949,7
lever_rag_presolve_supergpqa,supergpqa,7,1d1666032573496f84efe333d572f1e2,1,1,1,0,14093,7
lever_rag_presolve_supergpqa,supergpqa,7,0a3895b8a5cc4239a2a6e96c1289011d,1,1,1,0,17893,7
lever_rag_presolve_supergpqa,supergpqa,7,2789bb6861f94992954c4df00ec8e656,1,0,1,0,16029,7
lever_rag_presolve_supergpqa,supergpqa,7,fe7c522a688a4b3c952b4ae95a5d1ae8,1,0,0,1,11278,3
lever_rag_presolve_supergpqa,supergpqa,7,bfba15ab92174bf5b537cadc675dafdb,1,1,1,0,19993,7
lever_rag_presolve_supergpqa,supergpqa,7,e301bd85789b4c4fa02b60e3dba62e5c,1,0,0,1,9914,3
lever_rag_presolve_supergpqa,supergpqa,7,2e1d297065d247068eaa68f6585f9764,1,0,0,1,5799,3
lever_rag_presolve_supergpqa,supergpqa,7,e020184788314d25a2ea1828d568538a,1,1,0,1,9221,3
lever_rag_presolve_supergpqa,supergpqa,7,12a6d09d1179401498c2cae7d2d886a8,1,1,0,1,6374,3
lever_rag_presolve_supergpqa,supergpqa,7,93218c202d734e8cacaa4dff4cd9a761,1,1,1,0,19272,7
lever_rag_presolve_supergpqa,supergpqa,7,18aa367ae47744199ba63308b5c581bf,1,0,0,1,13514,3
lever_rag_presolve_supergpqa,supergpqa,7,492ac21c1ff94ba49de684cfb6527930,1,1,1,0,9826,7
lever_rag_presolve_supergpqa,supergpqa,7,01ac3e46a5f04c48b3ad3d21e7a8eacd,1,0,0,1,11280,3
lever_rag_presolve_supergpqa,supergpqa,7,54bfc8311916428a8f2a43c17ca17c7a,1,1,1,0,13443,7
lever_rag_presolve_supergpqa,supergpqa,7,abf7231db16a4ccfa58e0973e98e91c1,1,1,0,1,11120,3
lever_rag_presolve_supergpqa,supergpqa,7,a9ab2cd572f04f88b629deb59e486adf,1,1,1,0,15662,7
lever_rag_presolve_supergpqa,supergpqa,7,515b67c43f064c15bb0154d546f88277,1,1,1,0,15783,7
lever_rag_presolve_supergpqa,supergpqa,7,e8e40ae579384b51b006d7d50d8d039d,1,1,0,1,7150,3
lever_rag_presolve_supergpqa,supergpqa,7,8aca8b27a1674720bcb8271a46213d95,1,0,0,1,8302,3
lever_rag_presolve_supergpqa,supergpqa,7,9ae52f5b63d9459a833c6e10c0539a4d,1,1,0,1,10420,3
lever_rag_presolve_supergpqa,supergpqa,7,05ac97570c2a40ab94f83a5cf3aa09df,1,0,1,0,30506,7
lever_rag_presolve_supergpqa,supergpqa,7,d7f9b5a785a94530a9e737656ec0dcaa,1,1,1,0,23692,7
lever_rag_presolve_supergpqa,supergpqa,7,933f999d89984b4ea9c59bffad3405ef,1,1,0,1,2802,3
lever_rag_presolve_supergpqa,supergpqa,7,6b347be4d8ba43e2b425fd504ad16f4c,1,1,0,1,10043,3
lever_rag_presolve_supergpqa,supergpqa,7,c4f6b8482b184c0b98b6d72d00204932,1,1,1,0,18226,7
lever_rag_presolve_supergpqa,supergpqa,7,9da468facb58464982465242468c9a13,1,1,1,0,24618,7
lever_rag_presolve_supergpqa,supergpqa,7,5272de2f504946d1beff3dbb51bea3f3,1,1,1,0,16898,7
lever_rag_presolve_supergpqa,supergpqa,7,776b536a60e241f2b75b94accc6dff2c,1,1,0,1,10666,3
lever_rag_presolve_supergpqa,supergpqa,7,4f85b84235914d259dbdd8931be5d3a9,1,1,0,1,10354,3
lever_rag_presolve_supergpqa,supergpqa,7,b06afc3997974662986e009c41226c9c,1,1,0,1,2196,3
lever_rag_presolve_supergpqa,supergpqa,7,a462a6fe458b4b6e8b609cf0ef896b52,1,0,0,1,9472,3
lever_rag_presolve_supergpqa,supergpqa,7,e286dac07362459cb41b0c9adca02747,1,1,0,1,4905,3
lever_rag_presolve_supergpqa,supergpqa,7,080a910849bd4aae8dbdeb3d7a6e835b,1,0,1,0,22107,7
lever_rag_presolve_supergpqa,supergpqa,7,a9f34192579d4f448b378d733eb8d3bf,1,0,0,1,3023,3
lever_rag_presolve_supergpqa,supergpqa,7,2811febd3e9a4348a352c0c2b33ee464,1,0,0,1,5466,3
lever_rag_presolve_supergpqa,supergpqa,7,f1c5fbceb2124a8bb11963f76c8771b3,1,1,1,0,15285,7
lever_rag_presolve_supergpqa,supergpqa,7,3f48e266da744ae6b9e99e762b67954f,1,1,1,0,15038,7
lever_rag_presolve_supergpqa,supergpqa,7,9b67dac06fc448afa19a33728a469cec,1,1,0,1,7113,3
lever_rag_presolve_supergpqa,supergpqa,7,0e4c4ac2694d4b88b43bf6bbd6f4c356,1,1,1,0,15822,7
lever_rag_presolve_supergpqa,supergpqa,7,8c293442d9444277866f493968187325,1,1,1,0,21706,7
lever_rag_presolve_supergpqa,supergpqa,7,15e29ed7c9d1459484348074abe10661,1,1,1,0,24122,7
lever_rag_presolve_supergpqa,supergpqa,7,2761d3d5298f4a4a8b52db20fc0343cb,1,1,0,1,12070,3
lever_rag_presolve_supergpqa,supergpqa,7,ec301d7b596f4f45afef08dc4448910c,1,1,1,0,16800,7
lever_rag_presolve_supergpqa,supergpqa,7,1b003811eaf443e492e6717fa934b15b,1,1,1,0,26431,7
lever_rag_presolve_supergpqa,supergpqa,7,f9d8f390f4c348838f3d42e5c15fbb24,1,0,0,1,8073,3
lever_rag_presolve_supergpqa,supergpqa,7,620f491d9a9542fca57a62d2799d97a6,1,1,1,0,34474,7
lever_rag_recursive_lexam,lexam,42,09a2eebe-6c96-4f10-bc76-689eec854b43,1,1,0,1,2573,3
lever_rag_recursive_lexam,lexam,42,b9785176-6859-42c9-829d-0312609916ae,1,1,0,1,2074,3
lever_rag_recursive_lexam,lexam,42,53bbecbc-ef12-4b60-9645-04015eeaa4ae,1,1,1,0,13337,6
lever_rag_recursive_lexam,lexam,42,736a05d4-da8a-4177-8bd9-03d4257ff68f,1,1,1,0,6020,6
lever_rag_recursive_lexam,lexam,42,38783200-42e6-465a-98b8-410a27eb4f56,1,0,0,1,7960,3
lever_rag_recursive_lexam,lexam,42,866f89e9-c8fd-4bef-bf85-e92a7b992cf7,1,1,0,1,2823,3
lever_rag_recursive_lexam,lexam,42,f1bdfe14-a0bc-496c-b9ea-49ed1d6d03df,1,0,0,1,2412,3
lever_rag_recursive_lexam,lexam,42,8afbc6d1-fa2b-4e02-a0f3-af802c5320c3,1,1,0,1,1996,3
lever_rag_recursive_lexam,lexam,42,8f4ae013-cbd7-4563-9d97-26686b88ea14,1,0,0,1,5741,3
lever_rag_recursive_lexam,lexam,42,26263099-799d-4319-baac-3acf978c7c0a,1,1,1,0,13329,6
lever_rag_recursive_lexam,lexam,42,e7273a6a-d416-452a-9b8c-6998c58fced2,1,1,0,1,8160,3
lever_rag_recursive_lexam,lexam,42,d60d8887-e23a-4219-be7a-f1f29c281c53,1,0,0,1,3450,3
lever_rag_recursive_lexam,lexam,42,842abce3-39e3-43a5-8730-a4318fd1c3f1,1,1,0,1,3814,3
lever_rag_recursive_lexam,lexam,42,0ad0edf4-dc5f-40a3-9ec3-ae70daaa271e,1,1,0,1,5856,3
lever_rag_recursive_lexam,lexam,42,102d2e11-f391-44a7-b978-a3f83d882f74,1,0,1,0,8904,6
lever_rag_recursive_lexam,lexam,42,ee9c501e-8d41-49d3-85bc-a4a1e8f6a57c,1,1,0,1,3045,3
lever_rag_recursive_lexam,lexam,42,1ac7dcee-1599-464e-949e-8464745c0177,1,0,0,1,5256,3
lever_rag_recursive_lexam,lexam,42,6500b177-e1e0-47f7-b550-8224fba100cf,1,1,0,1,2450,3
lever_rag_recursive_lexam,lexam,42,2cdd4813-3450-4626-8aca-773dfea1f607,1,1,1,0,15577,6
lever_rag_recursive_lexam,lexam,42,b218966a-d22d-412b-b3d1-cffa3755872d,1,1,0,1,2862,3
lever_rag_recursive_lexam,lexam,42,2f078222-29e9-47ce-b441-66921b51b3e7,1,1,1,0,11131,6
lever_rag_recursive_lexam,lexam,42,a32c143b-f4e0-4c32-9f06-cf4cbf9579b6,1,1,0,1,8067,3
lever_rag_recursive_lexam,lexam,42,5515aed1-568b-4a32-ac6d-8a41c70f878e,1,1,0,1,3915,3
lever_rag_recursive_lexam,lexam,42,7d1ed894-dea7-4d33-88b9-efccb20333a4,1,1,1,0,10793,6
lever_rag_recursive_lexam,lexam,42,99c5edda-c827-4430-8f45-5d0cb7412e4c,1,1,0,1,2206,3
lever_rag_recursive_lexam,lexam,42,b9948b7c-c704-456f-bd02-c1bdf8cc17ba,1,1,1,0,10066,6
lever_rag_recursive_lexam,lexam,42,e2d75efc-b65e-40d1-9fa7-e47d05b2653d,1,1,0,1,2077,3
lever_rag_recursive_lexam,lexam,42,7d9a3bb7-c8cf-4a4f-a502-b0c8ea44eef6,1,1,1,0,13900,6
lever_rag_recursive_lexam,lexam,42,a58581c7-2ffe-412b-819c-9938459733b1,1,1,0,1,2994,3
lever_rag_recursive_lexam,lexam,42,ca114601-0baa-4ada-8b10-26d0ece00f7e,1,0,1,0,7725,7
lever_rag_recursive_lexam,lexam,42,8449146d-90ee-4ee9-abe4-94e1beaa0ac2,1,0,0,1,5643,3
lever_rag_recursive_lexam,lexam,42,e4f77fd4-cd04-4b47-821c-9c969dfc1f80,1,1,0,1,3722,3
lever_rag_recursive_lexam,lexam,42,045fd390-346e-4d5a-a82c-5c620a53d207,1,1,0,1,3623,3
lever_rag_recursive_lexam,lexam,42,e1440aa0-1770-4750-8c8e-69cb5dae0df7,1,1,1,0,9226,6
lever_rag_recursive_lexam,lexam,42,430dc3d6-009b-4da6-8eba-a01f1c58589c,1,1,0,1,2819,3
lever_rag_recursive_lexam,lexam,42,1aa2d158-1f58-4671-ba73-78b7f64d04d3,1,0,0,1,3209,3
lever_rag_recursive_lexam,lexam,42,568814d7-2e54-41ab-ac2c-c14f7e17f054,1,1,0,1,2447,3
lever_rag_recursive_lexam,lexam,42,bffa4b3e-2917-424e-a915-9b277f58f54e,1,0,0,1,8153,3
lever_rag_recursive_lexam,lexam,42,c72132c6-8bcb-4d4c-9d5b-2acbd0cd42e8,1,1,0,1,3523,3
lever_rag_recursive_lexam,lexam,42,e7ce2112-cb65-469b-a6ae-fe9b49ebc8f9,1,0,1,0,14851,6
lever_rag_recursive_lexam,lexam,42,4eadfed1-062d-441f-b86f-a3407bc282e7,1,1,0,1,8442,3
lever_rag_recursive_lexam,lexam,42,b766bab3-7116-42ee-853e-2eb3f01c0c15,1,0,0,1,2404,3
lever_rag_recursive_lexam,lexam,42,79b8e5fe-3c1c-434e-8ab4-3f7c6ea87e32,1,1,0,1,3575,3
lever_rag_recursive_lexam,lexam,42,02d7f932-337e-4f51-b72b-a3054d726c48,1,1,0,1,2740,3
lever_rag_recursive_lexam,lexam,42,53e67d91-df72-4136-b78c-4be1b900eaae,1,0,0,1,2768,3
lever_rag_recursive_lexam,lexam,42,658ad4b8-1fb2-4ddf-be33-75064c459692,1,1,0,1,2630,3
lever_rag_recursive_lexam,lexam,42,0e6fe784-81bc-454f-9d8c-f3c339fc5205,1,1,1,0,6599,6
lever_rag_recursive_lexam,lexam,42,9abc219b-82f3-4c7c-91d7-653ae4960d02,1,1,0,1,2711,3
lever_rag_recursive_lexam,lexam,42,70d58c55-71d9-400a-938a-d79bfa9856e0,1,0,1,0,6977,6
lever_rag_recursive_lexam,lexam,42,f14962d2-fa9c-436a-b283-daf4b770e9cf,1,1,0,1,7446,3
lever_rag_recursive_lexam,lexam,42,b21b13ee-ceae-4883-949a-ca9b4f6c20e1,1,1,0,1,8651,3
lever_rag_recursive_lexam,lexam,42,b4ead004-85e3-466a-b962-2aae328bcdb4,1,0,0,1,4921,3
lever_rag_recursive_lexam,lexam,42,087bd6d4-e66b-4e93-b4b0-eabd3000221a,1,1,0,1,3219,3
lever_rag_recursive_lexam,lexam,42,5a6dba84-0a81-48a5-ab34-74049fde90df,1,1,1,0,14906,6
lever_rag_recursive_lexam,lexam,42,c26390d0-3935-4006-a24e-6dfaf39cef80,1,1,0,1,2021,3
lever_rag_recursive_lexam,lexam,42,4d0236c9-d3f2-4c60-8257-7225cddc1be6,1,1,0,1,2437,3
lever_rag_recursive_lexam,lexam,42,fec50c1a-a039-4132-a084-c36540d87d9b,1,1,1,0,7007,6
lever_rag_recursive_lexam,lexam,42,85eef1a1-ec5c-4708-b96f-1c231cf70de6,1,1,0,1,2281,3
lever_rag_recursive_lexam,lexam,42,9975be1d-0c23-4dba-850f-b6e4319c3b4d,1,1,0,1,2205,3
lever_rag_recursive_lexam,lexam,42,976c31fb-9a6c-4048-b82c-1103ca9359ae,1,1,1,0,6798,6
lever_rag_recursive_lexam,lexam,42,35e36767-b938-46f1-83db-ea9ad2a3ddc8,1,1,1,0,10861,6
lever_rag_recursive_lexam,lexam,42,ba413a41-1ebb-4c03-94e7-17e0445511d5,1,1,0,1,8655,3
lever_rag_recursive_lexam,lexam,42,1f971333-c7a9-4e08-b7d5-ba53f5d2ab96,1,0,0,1,7504,3
lever_rag_recursive_lexam,lexam,42,8b9b4ae4-41fd-42d1-99e5-556b8e900d0d,1,1,0,1,6667,3
lever_rag_recursive_lexam,lexam,42,f56522b5-2e36-4188-ad2e-66e5c429cd9a,1,1,0,1,10230,3
lever_rag_recursive_lexam,lexam,42,de1c1c2a-bd46-4d81-b319-0fb93481797d,1,1,1,0,5446,6
lever_rag_recursive_lexam,lexam,42,7fe55c7a-82d0-4cca-8b51-455539312689,1,0,0,1,2737,3
lever_rag_recursive_lexam,lexam,42,3745876e-f1aa-45d4-95e7-515fd94bb067,1,1,0,1,2477,3
lever_rag_recursive_lexam,lexam,42,5c5b901c-f9f1-4c80-965b-1f9e0b39d3f6,1,1,1,0,7265,6
lever_rag_recursive_lexam,lexam,42,c1b40f1a-b273-4ba1-9ec2-3f0e3665096b,1,1,0,1,5657,3
lever_rag_recursive_lexam,lexam,42,321d143a-8bc8-4403-a4a7-f7507c124281,1,1,0,1,5317,3
lever_rag_recursive_lexam,lexam,42,72d45659-9250-4a9f-9818-3dc1132eb878,1,0,1,0,10781,6
lever_rag_recursive_lexam,lexam,42,1ed14de1-4b52-423e-98d0-bb9027a17240,1,1,1,0,12064,6
lever_rag_recursive_lexam,lexam,42,00694d7e-6eb2-4f13-af22-1dc87d8194a5,1,1,1,0,11923,6
lever_rag_recursive_lexam,lexam,42,5dc69e0f-1ad8-4f6c-bc29-4c03eef68fbd,1,1,0,1,2051,3
lever_rag_recursive_lexam,lexam,42,f8ec52b4-b134-48ae-9018-59c104a29796,1,1,1,0,8485,6
lever_rag_recursive_lexam,lexam,42,85f1cc1d-6881-4ce7-8706-1de83450e79a,1,1,0,1,2158,3
lever_rag_recursive_lexam,lexam,42,398441e4-df09-4b8d-8d12-7a7bbfc317ef,1,1,1,0,9031,6
lever_rag_recursive_lexam,lexam,42,fcdfb402-3cd2-4483-922d-4b1a82d5ff55,1,0,0,1,3603,3
lever_rag_recursive_lexam,lexam,42,1701d694-bddc-4f42-9bb1-b376a7317ce9,1,1,0,1,2549,3
lever_rag_recursive_lexam,lexam,42,3c051a4b-8387-4378-9c2c-b97e8113918e,1,1,0,1,2896,3
lever_rag_recursive_lexam,lexam,42,ed64e65a-1ddc-4b6e-ba99-59018a14383f,1,0,1,0,12032,6
lever_rag_recursive_lexam,lexam,42,7020eae4-7abf-48e7-9074-d064e34d30c3,1,1,0,1,3120,3
lever_rag_recursive_lexam,lexam,42,9526a1f2-7704-4cb5-9d5f-bac3a623a495,1,1,1,0,8866,6
lever_rag_recursive_lexam,lexam,42,3c169f97-dc08-40a7-b647-79705eca9fe0,1,1,0,1,5982,3
lever_rag_recursive_lexam,lexam,42,2fd8b61d-1c5b-4a09-818c-2780c6d50921,1,1,1,0,18647,7
lever_rag_recursive_lexam,lexam,42,e49934e7-16cc-455f-b5e7-efef5a34c270,1,0,0,1,3723,3
lever_rag_recursive_lexam,lexam,42,362a46c3-5a62-4fa8-815e-3212b38d5826,1,1,0,1,2499,3
lever_rag_recursive_lexam,lexam,42,7f1e923a-ba29-47c6-b42f-497cf1ae387d,1,1,1,0,12783,6
lever_rag_recursive_lexam,lexam,42,7f312059-c871-4aae-9f44-9eb4fc8625a1,1,1,1,0,13548,6
lever_rag_recursive_supergpqa,supergpqa,42,5b3ba5d082c74528ab9c60a12e0e3614,1,1,0,1,8332,3
lever_rag_recursive_supergpqa,supergpqa,42,4e711f17db254dd4953606570f0cc7a7,1,0,0,1,11085,3
lever_rag_recursive_supergpqa,supergpqa,42,e313bac23c0a44a09b34da5cda7a7a5a,1,0,0,1,8292,3
lever_rag_recursive_supergpqa,supergpqa,42,917d14354e104597ab763b7c98ec5098,1,1,0,1,11527,3
lever_rag_recursive_supergpqa,supergpqa,42,f3dbbb1c935242e287d05399a283167a,1,0,0,1,2646,3
lever_rag_recursive_supergpqa,supergpqa,42,1d55d70bc081494da80f9c9735015376,1,1,1,0,19740,7
lever_rag_recursive_supergpqa,supergpqa,42,bf79c60db17b4207957d40a5ada06a76,1,1,0,1,6320,3
lever_rag_recursive_supergpqa,supergpqa,42,454028b0c0884f4192d16081e358d436,1,1,1,0,17530,7
lever_rag_recursive_supergpqa,supergpqa,42,21de236f15e846ecaac90b5464aa6751,1,1,0,1,10575,3
lever_rag_recursive_supergpqa,supergpqa,42,ef085846d5e74e358456de0a96fc049b,1,1,1,0,12565,7
lever_rag_recursive_supergpqa,supergpqa,42,28b8e9105db04b8b9d3a7e2f6aedff5c,1,1,1,0,15055,7
lever_rag_recursive_supergpqa,supergpqa,42,4e8a3894e41f4ca291c7b9d40a6bbe41,1,0,1,0,22090,7
lever_rag_recursive_supergpqa,supergpqa,42,3aa8040fa0174d9ebee38e9a1f196d26,1,1,1,0,19903,7
lever_rag_recursive_supergpqa,supergpqa,42,10306739cc6f4b94afa3336c48376be7,1,1,1,0,8115,6
lever_rag_recursive_supergpqa,supergpqa,42,21c8296790dc44c3b47308fe139b1378,1,0,0,1,10614,3
lever_rag_recursive_supergpqa,supergpqa,42,f99d0c2438e347088abece7d58f4e3cc,1,1,0,1,4178,3
lever_rag_recursive_supergpqa,supergpqa,42,8920a6411ede4a54af86c8ec5be736bd,1,0,0,1,11313,3
lever_rag_recursive_supergpqa,supergpqa,42,c0aff61a5b0243628fe8d3684305f4cb,1,1,0,1,2413,3
lever_rag_recursive_supergpqa,supergpqa,42,e78c81f946704e8ab0fb15182b6f8f68,1,1,1,0,18834,7
lever_rag_recursive_supergpqa,supergpqa,42,fc86b86189fa4145bfc49c741a7d8387,1,1,0,1,11238,3
lever_rag_recursive_supergpqa,supergpqa,42,cd59e82f9198404fad3b5e494c032544,1,0,0,1,14381,3
lever_rag_recursive_supergpqa,supergpqa,42,a7a3dc6d5b5b4d37a32c2839833a4d6c,1,1,1,0,14166,7
lever_rag_recursive_supergpqa,supergpqa,42,d3c2c6065bd540298bc50e5c2786cfd7,1,1,1,0,17964,7
lever_rag_recursive_supergpqa,supergpqa,42,301e624803b94d4dad6828fb2310bdca,1,0,0,1,9491,3
lever_rag_recursive_supergpqa,supergpqa,42,20fff2a5feb746d5a6614e360c9bec7d,1,1,1,0,15833,7
lever_rag_recursive_supergpqa,supergpqa,42,2613e2e31a7f45d9bd02d6c09fdc898c,1,1,1,0,22071,7
lever_rag_recursive_supergpqa,supergpqa,42,1e6267aed56a4fba91a50215560a698b,1,0,0,1,9937,3
lever_rag_recursive_supergpqa,supergpqa,42,469ab0b1358b48019d3a8f218edbf379,1,0,1,0,12838,7
lever_rag_recursive_supergpqa,supergpqa,42,f4e38f53765c4c249769703d0ba24b3d,1,0,1,0,29335,7
lever_rag_recursive_supergpqa,supergpqa,42,1948e331b8ba410b9717275eff8958ed,1,1,1,0,24275,7
lever_rag_recursive_supergpqa,supergpqa,42,1b5146ef461741a1a68490564550fce3,1,1,0,1,12333,3
lever_rag_recursive_supergpqa,supergpqa,42,396c4ac5d5784036865383281513d239,1,0,1,0,22836,7
lever_rag_recursive_supergpqa,supergpqa,42,8cb1a3d68036488689cc6279ff47fd5a,1,0,0,1,10975,3
lever_rag_recursive_supergpqa,supergpqa,42,562abaf94b0e4999a6a2b27104ef8297,1,1,1,0,17829,7
lever_rag_recursive_supergpqa,supergpqa,42,54feae1e9cf54ae985fc5b07a79d864d,1,1,1,0,16836,7
lever_rag_recursive_supergpqa,supergpqa,42,468c654c940f438dafebc19b7ab77b1a,1,1,0,1,9537,3
lever_rag_recursive_supergpqa,supergpqa,42,a90f5627afb840dcb32c78b91d72bb9d,1,1,1,0,21740,7
lever_rag_recursive_supergpqa,supergpqa,42,a782760c647f4ed8b56277449bbec5fa,1,1,1,0,19550,7
lever_rag_recursive_supergpqa,supergpqa,42,bba0149a0e4e4fb2b289442bc74883ee,1,1,0,1,10149,3
lever_rag_recursive_supergpqa,supergpqa,42,8c05de6e528f4219a5ca0f2c4d0ad747,1,1,1,0,22792,7
lever_rag_recursive_supergpqa,supergpqa,42,9be741c434a348ef9eed758bb0b69347,1,0,1,0,20558,7
lever_rag_recursive_supergpqa,supergpqa,42,624ccf3cf3e144ccbe8f18ec921d686a,1,1,1,0,19136,7
lever_rag_recursive_supergpqa,supergpqa,42,f94991ad92ec4a2793686b5fc3b6f5d1,1,1,0,1,11424,3
lever_rag_recursive_supergpqa,supergpqa,42,b0c962e65001442ea12ea33cf2ab3c25,1,1,1,0,15950,7
lever_rag_recursive_supergpqa,supergpqa,42,42432d79d0af4c2fa1612e6ca53f2882,1,1,0,1,7444,3
lever_rag_recursive_supergpqa,supergpqa,42,09f8f51f6b3b41d6b53b58f8232dfc20,1,0,1,0,8916,7
lever_rag_recursive_supergpqa,supergpqa,42,4da750a1226341988c648c97d601821e,1,0,0,1,8469,3
lever_rag_recursive_supergpqa,supergpqa,42,e015103613d84a6489a1867aa85f4f65,1,1,0,1,11639,3
lever_rag_recursive_supergpqa,supergpqa,42,bb5212d584224509ab73a3304e906859,1,1,0,1,9921,3
lever_rag_recursive_supergpqa,supergpqa,42,9149453edaf0461db9a37d0816015e3a,1,1,0,1,11110,3
lever_rag_recursive_supergpqa,supergpqa,42,20ef016bd2514deeb9fc7667952dfb58,1,1,1,1,21089,6
lever_rag_recursive_supergpqa,supergpqa,42,f7a2f5fbb748428baff111afe4464ab5,1,1,0,1,8598,3
lever_rag_recursive_supergpqa,supergpqa,42,73a3ff299dc040ad8e5ac743c66a1050,1,1,0,1,10828,3
lever_rag_recursive_supergpqa,supergpqa,42,8015afe9ebfa45388f4c8ec8d990e431,1,1,1,0,9552,6
lever_rag_recursive_supergpqa,supergpqa,42,e4650932081741f68c95ce460a1cb60b,1,1,0,1,12982,3
lever_rag_recursive_supergpqa,supergpqa,42,06eb007eee9f4e29a75bb5537d94bfba,1,1,0,1,9698,3
lever_rag_recursive_supergpqa,supergpqa,42,438f43de355a46e982a21abda8d4f152,1,0,0,1,5610,3
lever_rag_recursive_supergpqa,supergpqa,42,64a792c9306c4d659f4796d4abed795a,1,0,1,0,12893,7
lever_rag_recursive_supergpqa,supergpqa,42,983cda51b83847a8bf05440abd38e194,1,1,1,0,8121,7
lever_rag_recursive_supergpqa,supergpqa,42,5cf02070572d4b8da047af4b587897e1,1,1,0,1,8586,3
lever_rag_recursive_supergpqa,supergpqa,42,fb9042d1b91d4037b436629fccc2e322,1,1,0,1,8661,3
lever_rag_recursive_supergpqa,supergpqa,42,23ad44902ff945798a7ff404a3bb98d3,1,0,0,1,10614,3
lever_rag_recursive_supergpqa,supergpqa,42,ca2b68f8198e4c41befc4a3ceee1a9bc,1,1,1,0,22075,7
lever_rag_recursive_supergpqa,supergpqa,42,446a334636724901bdafdaa3501bbb49,1,1,0,1,5724,3
lever_rag_recursive_supergpqa,supergpqa,42,e8f3f3605af14100a15b8c0a8c2f89fa,1,1,1,0,19913,7
lever_rag_recursive_supergpqa,supergpqa,42,9706c4ed64d346bdb4326a3951d46dbf,1,1,0,1,7478,3
lever_rag_recursive_supergpqa,supergpqa,42,325534796b254b3499202862368c0f5c,1,1,0,1,11116,3
lever_rag_recursive_supergpqa,supergpqa,42,980ca009cc1f4003b4647f0a9bb0289c,1,1,0,1,5033,3
lever_rag_recursive_supergpqa,supergpqa,42,89c81fa5104e4d2580f05c3dc32fa11d,1,1,1,0,18835,7
lever_rag_recursive_supergpqa,supergpqa,42,a596b66d08484915a5c1996add9b104d,1,0,1,0,20093,7
lever_rag_recursive_supergpqa,supergpqa,42,b4824b77747748cf8486b9e948899ef8,1,1,0,1,3307,3
lever_rag_recursive_supergpqa,supergpqa,42,d8f80bece1864043a27ed1179ff8fe9f,1,1,1,0,12130,7
lever_rag_recursive_supergpqa,supergpqa,42,c83eb03cf4be49dcb0b470fb5da66009,1,1,0,1,10521,3
lever_rag_recursive_supergpqa,supergpqa,42,e1b314d091334b5dbc93a0053e1313d5,1,1,0,1,9934,3
lever_rag_recursive_supergpqa,supergpqa,42,b278c269529d444e97014e86de71b135,1,1,0,1,10986,3
lever_rag_recursive_supergpqa,supergpqa,42,14e7a5802c464cfc9e28aafee9fdfd42,1,1,1,0,15646,7
lever_rag_recursive_supergpqa,supergpqa,42,02606f10da9b4a91a734948a2f8f8cab,1,1,0,1,7937,3
lever_rag_recursive_supergpqa,supergpqa,42,095ff35b087e416f9a2797a86611b4c2,1,0,1,0,18649,7
lever_rag_recursive_supergpqa,supergpqa,42,30ca59713f1b4dc8a6f9e2be9261e168,1,0,0,1,2249,3
lever_rag_recursive_supergpqa,supergpqa,42,1bd477364f034265bdfe60d0b00b219a,1,1,0,1,10092,3
lever_rag_recursive_supergpqa,supergpqa,42,16b1ffdff66c4c48ac0b5d2209a5af64,1,1,0,1,6445,3
lever_rag_recursive_supergpqa,supergpqa,42,2ee372f987304fe882e13238d4c6925e,1,0,0,1,7218,3
lever_rag_recursive_supergpqa,supergpqa,42,fed1780eaf1f42a09ea63e89e1d18a41,1,0,1,0,16003,7
lever_rag_recursive_supergpqa,supergpqa,42,f67699a734ca477eb153ad6d4f7f30e0,1,0,1,0,22865,7
lever_rag_recursive_supergpqa,supergpqa,42,a909c0719f3e43b1a44afdbedc66cf68,1,1,0,1,2158,3
lever_rag_recursive_supergpqa,supergpqa,42,3a1dc503ec92489c8b0dcbcf77e5b7ea,1,1,1,0,10940,7
lever_rag_recursive_supergpqa,supergpqa,42,4817837b472e4795aa76b5e9b2dc1cc2,1,1,0,1,10344,3
lever_rag_recursive_supergpqa,supergpqa,42,68a4b9f37a0a432886fe2c90c0c90466,1,1,0,1,6562,3
lever_rag_recursive_supergpqa,supergpqa,42,8de4e96a88f546c78038f13b06b2a747,1,0,1,0,19442,7
lever_rag_thinking_gate_supergpqa,supergpqa,271,62f9e0bfbb3e4ca7ac35c6968bbc1a96,1,0,1,0,17215,7
lever_rag_thinking_gate_supergpqa,supergpqa,271,d735b8507f654bb19440357d19395199,1,1,1,0,23052,7
lever_rag_thinking_gate_supergpqa,supergpqa,271,ae3cc3ad3166484cbe83f9cd3b604761,1,1,1,0,23701,7
lever_rag_thinking_gate_supergpqa,supergpqa,271,8df1ce32bc37459a8e09994c1a69be1b,1,1,0,1,11444,4
lever_rag_thinking_gate_supergpqa,supergpqa,271,c69b37c168c0442d8535be75e705658e,1,0,1,0,15979,7
lever_rag_thinking_gate_supergpqa,supergpqa,271,6b1823e9cf1a408394028492a2543d2f,1,1,0,1,10278,4
lever_rag_thinking_gate_supergpqa,supergpqa,271,700b8287d2af47898340c7c01fb3a354,1,1,0,1,10783,4
lever_rag_thinking_gate_supergpqa,supergpqa,271,950df3915a04434eab77d8f4f0322b84,1,1,0,1,8128,4
lever_rag_thinking_gate_supergpqa,supergpqa,271,d637308b16d4406f8d467e25c2b9ed4b,1,1,0,1,4708,4
lever_rag_thinking_gate_supergpqa,supergpqa,271,667bfe0ed4b9420cab5fdfd122909d26,1,1,1,0,18854,7
lever_rag_thinking_gate_supergpqa,supergpqa,271,5fcfe657cd5748408e39a90ef94ad757,1,1,0,1,12106,4
lever_rag_thinking_gate_supergpqa,supergpqa,271,be091c3945a54db99326f44605f5aadf,1,0,0,1,13002,4
lever_rag_thinking_gate_supergpqa,supergpqa,271,423099d02b5642939e9550ce9eca1f31,1,1,0,1,4358,4
lever_rag_thinking_gate_supergpqa,supergpqa,271,81bb88e7883d4fc7aae41299e7522a01,1,0,1,1,25684,8
lever_rag_thinking_gate_supergpqa,supergpqa,271,ba968b5d723c4e148fd8dd326314f7ad,1,0,1,0,25986,7
lever_rag_thinking_gate_supergpqa,supergpqa,271,f9a33d8f93a746ec8c6431a2b6bce193,1,1,0,1,9364,4
lever_rag_thinking_gate_supergpqa,supergpqa,271,644f2d1d1e644326a8da88e2010deeff,1,1,1,1,32156,8
lever_rag_thinking_gate_supergpqa,supergpqa,271,0e971ef965cc4f0582b90c5b7b15e048,1,1,1,0,21344,7
lever_rag_thinking_gate_supergpqa,supergpqa,271,08a4102166144f5d922ce24ee38463d4,1,0,1,0,20150,7
lever_rag_thinking_gate_supergpqa,supergpqa,271,8592bcd761ff42b0a42cfa99fb3e497c,1,1,0,1,8853,4
lever_rag_thinking_gate_supergpqa,supergpqa,271,9a21e0b2e2a94a3787d79b8b68b2fe5a,1,1,1,1,25644,8
lever_rag_thinking_gate_supergpqa,supergpqa,271,dfe791a34609485cad4160cb7b7a9921,1,1,0,1,17330,4
lever_rag_thinking_gate_supergpqa,supergpqa,271,0256b93a2457448cb7ca2c06fd7b66cd,1,1,1,1,19400,8
lever_rag_thinking_gate_supergpqa,supergpqa,271,8e40cd53b45a4b15ac686b1de9f0c732,1,1,1,0,6785,7
lever_rag_thinking_gate_supergpqa,supergpqa,271,f303c96caa884a1d83af52b6df8f2ae9,1,0,1,0,11315,7
lever_rag_thinking_gate_supergpqa,supergpqa,271,937463eca06f4d778540791c4e2da3b7,1,1,1,0,17942,7
lever_rag_thinking_gate_supergpqa,supergpqa,271,0a6a29e816074835b6ac6886e3575da6,1,0,1,0,23115,7
lever_rag_thinking_gate_supergpqa,supergpqa,271,3bb9bdcf2aae48e5a62161a1578a5df5,1,0,1,1,26776,8
lever_rag_thinking_gate_supergpqa,supergpqa,271,e13b5563e1eb450d94962f013c3ae36a,1,0,1,0,23270,7
lever_rag_thinking_gate_supergpqa,supergpqa,271,8152cb30d5e44cf5824639f5c1f87b68,1,1,1,0,20230,7
lever_rag_thinking_gate_supergpqa,supergpqa,271,2c80ad52c2324c3ab0b78cbad3437367,1,1,1,0,21735,7
lever_rag_thinking_gate_supergpqa,supergpqa,271,42c21a0221b74afebe151a545114e59f,1,1,0,1,6381,4
lever_rag_thinking_gate_supergpqa,supergpqa,271,9cfa56aef69d4ca9b5801d28f2cd1e00,1,1,0,1,9981,4
lever_rag_thinking_gate_supergpqa,supergpqa,271,664f513b52d340afbc7d6ecce20671f3,1,1,0,1,9431,4
lever_rag_thinking_gate_supergpqa,supergpqa,271,cc07381e5bd4405fa179ca1b4f716345,1,0,1,0,33710,7
lever_rag_thinking_gate_supergpqa,supergpqa,271,a914371a88744c8e9433972f5624fca4,1,1,1,0,16835,7
lever_rag_thinking_gate_supergpqa,supergpqa,271,86ad4780d9e843f7b8a98e208abf3a52,1,0,1,1,21285,8
lever_rag_thinking_gate_supergpqa,supergpqa,271,c5bc0452236e47068ed4e570875ea4d2,1,1,0,1,12490,4
lever_rag_thinking_gate_supergpqa,supergpqa,271,db63f2730520468e86d5071599d6cffd,1,1,0,1,13828,4
lever_rag_thinking_gate_supergpqa,supergpqa,271,8ed91874efe844458592ce5db5ba6aec,1,0,0,1,5598,4
lever_rag_thinking_gate_supergpqa,supergpqa,271,37cb2e257bb449cf951354ed79d9faed,1,1,0,1,4123,4
lever_rag_thinking_gate_supergpqa,supergpqa,271,437cfa50474b432ca76856889904d972,1,1,1,1,34224,8
lever_rag_thinking_gate_supergpqa,supergpqa,271,0cec965e083d473b91baf8419e499266,1,0,0,1,7178,4
lever_rag_thinking_gate_supergpqa,supergpqa,271,16cef3414b88465496646fb53ecb3357,1,1,0,1,16496,4
lever_rag_thinking_gate_supergpqa,supergpqa,271,a05ccae7bcc14d9791e97e9f628ca88e,1,0,0,1,9379,4
lever_rag_thinking_gate_supergpqa,supergpqa,271,f82319d73b044735be5dfe1187da76f8,1,1,1,1,18354,8
lever_rag_thinking_gate_supergpqa,supergpqa,271,f4a869b1b9484dbf8c0540064d101ea1,1,0,0,1,4418,4
lever_rag_thinking_gate_supergpqa,supergpqa,271,2a6cd8ccbd7d42ad9cf12e178c94b946,1,0,0,1,8987,4
lever_rag_thinking_gate_supergpqa,supergpqa,271,5b52a5d2e16147c48ba126e8d7b14f27,1,1,1,0,30205,7
lever_rag_thinking_gate_supergpqa,supergpqa,271,d5aeeab54d66402884025a6038acd942,1,1,0,1,13074,4
lever_rag_thinking_gate_supergpqa,supergpqa,271,617b2dd1258d4613af5936776fd69d09,1,1,1,0,21047,7
lever_rag_thinking_gate_supergpqa,supergpqa,271,2fbb335d9144491da36f525024d4fa4a,1,1,0,1,4535,4
lever_rag_thinking_gate_supergpqa,supergpqa,271,6394e81994e74f66baadec99cfaf103e,1,1,1,0,28915,7
lever_rag_thinking_gate_supergpqa,supergpqa,271,8220134735164021974f2c9cb3fe485e,1,0,1,1,17828,8
lever_rag_thinking_gate_supergpqa,supergpqa,271,001ea608b585461abf01ae38e9cd380c,1,1,1,0,26628,7
lever_rag_thinking_gate_supergpqa,supergpqa,271,74c0789f36bc46b08cdc2fbdfa488b2c,1,0,1,0,12723,7
lever_rag_thinking_gate_supergpqa,supergpqa,271,9a5556075b3047a18d44f2024d367249,1,0,1,0,22051,7
lever_rag_thinking_gate_supergpqa,supergpqa,271,0a17de3f76d141a4abf081610dee0248,1,0,1,0,25646,7
lever_rag_thinking_gate_supergpqa,supergpqa,271,d0fc74cd11664ab2a3dbee8d055afb5d,1,0,1,1,27009,8
lever_rag_thinking_gate_supergpqa,supergpqa,271,075a3d9c2ade4393b154cb4cb885d232,1,1,1,1,22726,8
lever_rag_thinking_gate_supergpqa,supergpqa,271,2b7c420445b941ee9c6c30974c8910f6,1,0,0,1,10842,4
lever_rag_thinking_gate_supergpqa,supergpqa,271,c02bdc589b28470f9e8c9ebaf715cfd0,1,1,1,0,6285,6
lever_rag_thinking_gate_supergpqa,supergpqa,271,9ab1011859954a9da4ebea4ceaa3f4bc,1,1,1,0,29635,7
lever_rag_thinking_gate_supergpqa,supergpqa,271,c9a90d77920e426592a8016b8282d0b4,1,1,0,1,10588,4
lever_rag_thinking_gate_supergpqa,supergpqa,271,984102446bb9410db4813f0135c7b86b,1,1,0,1,9044,4
lever_rag_thinking_gate_supergpqa,supergpqa,271,ecbdd9947fd94b588f3873caed11ffeb,1,0,0,1,4875,4
lever_rag_thinking_gate_supergpqa,supergpqa,271,f63cf000cb004ff989417e027221c056,1,0,0,1,8453,4
lever_rag_thinking_gate_supergpqa,supergpqa,271,dae4002886484ca9b3f2e329a73e69f9,1,0,1,1,26104,8
lever_rag_thinking_gate_supergpqa,supergpqa,271,a3f592957d154bafb00025aa580c1f59,1,1,1,0,29738,7
lever_rag_thinking_gate_supergpqa,supergpqa,271,dbb0051f0dc54c399a92967f5f8d3adf,1,1,1,0,15660,7
lever_rag_thinking_gate_supergpqa,supergpqa,271,5311909efaca4ab580654676d1850946,1,0,1,0,14821,7
lever_rag_thinking_gate_supergpqa,supergpqa,271,937e75090a8a4e4f8dd14f6330f14ed4,1,1,1,0,23011,7
lever_rag_thinking_gate_supergpqa,supergpqa,271,ef0b43160d8241c6bbaf4a579a6370f7,1,1,1,0,22836,7
lever_rag_thinking_gate_supergpqa,supergpqa,271,706e5c2922d54efdb65739a97378b9aa,1,1,1,0,26353,7
lever_rag_thinking_gate_supergpqa,supergpqa,271,ac0c51aebdc54ae4a2ab973206aa6a63,1,1,0,1,16456,4
lever_rag_thinking_gate_supergpqa,supergpqa,271,82a54ba5be6e4550b70b18e7dc13d5c9,1,1,0,1,6968,4
lever_rag_thinking_gate_supergpqa,supergpqa,271,0fa712ebccaa4d23849cc1f4904445f4,1,1,1,1,16976,8
lever_rag_thinking_gate_supergpqa,supergpqa,271,3f99cdb3a05942cfa51b0862814020fc,1,1,1,0,12043,7
lever_rag_thinking_gate_supergpqa,supergpqa,271,8663d52325714e76ad7e012721316c23,1,1,1,0,24888,7
lever_rag_thinking_gate_supergpqa,supergpqa,271,e09f849537f34441a37dff017aaa193a,1,1,0,1,7172,4
lever_rag_thinking_gate_supergpqa,supergpqa,271,0f992c29ab324c379406fabdcf277a68,1,1,1,1,19539,8
lever_rag_thinking_gate_supergpqa,supergpqa,271,8c908849bd1640a1a991bf8de055826c,1,1,0,1,10759,4
lever_rag_thinking_gate_supergpqa,supergpqa,271,42fc314addcb4e3580e011b12cde0406,1,1,1,1,19843,8
lever_rag_thinking_gate_supergpqa,supergpqa,271,787c2342e0ef4aaa85f1bd2fcedd9fe0,1,1,1,0,31461,7
lever_rag_thinking_gate_supergpqa,supergpqa,271,379a1dab01cd43f4b1af48063a968333,1,1,1,0,22691,7
lever_rag_thinking_gate_supergpqa,supergpqa,271,15be8f8e252644028475951da8318593,1,0,1,0,26163,7
lever_rag_thinking_gate_supergpqa,supergpqa,271,ff672b02fbba48ccb76f12b73b438d37,1,0,1,0,16714,7
lever_rag_thinking_gate_supergpqa,supergpqa,271,9456f7bba7b64d7ab4621174d5200968,1,1,1,0,34068,7
lever_rag_thinking_gate_supergpqa,supergpqa,271,628b15eb4d254e64b066dc67ca5899c7,1,0,1,0,26774,7
lever_rag_thinking_gate_supergpqa,supergpqa,606,3b37ffa7eb2b455283a129a4ada95546,1,1,0,1,11531,4
lever_rag_thinking_gate_supergpqa,supergpqa,606,674fd9508773498499d78bf6e2194315,1,1,1,0,15941,7
lever_rag_thinking_gate_supergpqa,supergpqa,606,5a29ea2e0dde4ca89fc25d873f0783f0,1,0,1,0,20137,7
lever_rag_thinking_gate_supergpqa,supergpqa,606,c5632825dac84046af5fb820a66ff3ea,1,0,1,0,18983,6
lever_rag_thinking_gate_supergpqa,supergpqa,606,10189f626a71458193ceb74c22288670,1,1,1,0,27542,7
lever_rag_thinking_gate_supergpqa,supergpqa,606,6012508b88a9421180551fdef0e17a13,1,0,1,0,21069,7
lever_rag_thinking_gate_supergpqa,supergpqa,606,07178da056dd43c39d7f7aee51bdbff8,1,0,1,1,13660,8
lever_rag_thinking_gate_supergpqa,supergpqa,606,c8bf16ae628348ee96bd7127f5ae6bef,1,0,1,0,29129,7
lever_rag_thinking_gate_supergpqa,supergpqa,606,d871b9b07c184d6fbcf59c459d99036a,1,1,1,0,21304,7
lever_rag_thinking_gate_supergpqa,supergpqa,606,94fa8b6b6a6f497f8d566ff083384f1e,1,1,1,0,28539,7
lever_rag_thinking_gate_supergpqa,supergpqa,606,a9ef86d999d6451da0be649f98619cf8,1,1,0,1,8910,4
lever_rag_thinking_gate_supergpqa,supergpqa,606,7ba19feea53345f1b264cd94e8d2538f,1,1,0,1,10366,4
lever_rag_thinking_gate_supergpqa,supergpqa,606,4e86797184da47a2b73f1e72ea451f8d,1,1,1,0,18619,7
lever_rag_thinking_gate_supergpqa,supergpqa,606,4b23599f709e402a85d20e0693fcbec7,1,1,1,0,28608,7
lever_rag_thinking_gate_supergpqa,supergpqa,606,bba7bc7236a341fabf5661c3056e362f,1,1,1,0,14543,6
lever_rag_thinking_gate_supergpqa,supergpqa,606,925edd1a51234c619cdd2f02bd90e0a3,1,0,1,1,16751,8
lever_rag_thinking_gate_supergpqa,supergpqa,606,a24daf6e481d48fd9f272c1e3a1bfc3d,1,1,1,0,23346,7
lever_rag_thinking_gate_supergpqa,supergpqa,606,f8a631c172f042bbb5db6b725743d199,1,1,1,0,20001,7
lever_rag_thinking_gate_supergpqa,supergpqa,606,99a57a8ecb994d2398eeb11d5a4f4287,1,1,1,0,28305,7
lever_rag_thinking_gate_supergpqa,supergpqa,606,6409dc9dba8d4f28a06fd6807e3c7cf9,1,1,1,0,15628,7
lever_rag_thinking_gate_supergpqa,supergpqa,606,61fcd7e73e194e2ebea202afec24e266,1,0,1,0,23717,7
lever_rag_thinking_gate_supergpqa,supergpqa,606,8e6adf9e81774ae98a454a1736907ba1,1,1,0,1,7273,4
lever_rag_thinking_gate_supergpqa,supergpqa,606,b7b66af0bf0940ffbb69c04dd5f1b995,1,1,0,1,5784,4
lever_rag_thinking_gate_supergpqa,supergpqa,606,3564dcf444ca495aa0ac15b8c53ce046,1,1,1,0,16011,7
lever_rag_thinking_gate_supergpqa,supergpqa,606,ce27ed54573241aeb3a7923baf3bd2b9,1,1,1,0,16060,7
lever_rag_thinking_gate_supergpqa,supergpqa,606,8663d52325714e76ad7e012721316c23,1,1,1,0,28348,7
lever_rag_thinking_gate_supergpqa,supergpqa,606,7788cdba3e464b49b9516f45fa00381a,1,1,0,1,16073,4
lever_rag_thinking_gate_supergpqa,supergpqa,606,a66b114a5e13440eb33f817f4a443ffb,1,1,1,1,21331,8
lever_rag_thinking_gate_supergpqa,supergpqa,606,b48e738748e24c309530026051f00c50,1,1,0,1,11369,4
lever_rag_thinking_gate_supergpqa,supergpqa,606,25d2d85093d3401b9883e0142407d0ee,1,0,1,1,15370,8
lever_rag_thinking_gate_supergpqa,supergpqa,606,b6905cbac56e46ac93c398b5910034f1,1,1,1,0,37702,7
lever_rag_thinking_gate_supergpqa,supergpqa,606,7f9f7b71691f4b9abd8f4d8ce5321a82,1,1,1,0,25498,7
lever_rag_thinking_gate_supergpqa,supergpqa,606,1a2b570b90b940d9a7e60ec37a91c438,1,1,1,0,24594,7
lever_rag_thinking_gate_supergpqa,supergpqa,606,05ff75c957d445298164337f6fb16dce,1,0,1,1,22348,8
lever_rag_thinking_gate_supergpqa,supergpqa,606,ea96b2f056914d9e853e946a1d96987c,1,0,1,1,19431,8
lever_rag_thinking_gate_supergpqa,supergpqa,606,16cef3414b88465496646fb53ecb3357,1,1,0,1,18214,4
lever_rag_thinking_gate_supergpqa,supergpqa,606,fda86567101842ffbb3faff3164f528b,1,1,1,1,28039,8
lever_rag_thinking_gate_supergpqa,supergpqa,606,fb32edc392d24dc3815f58909cecdba4,1,0,1,0,14788,6
lever_rag_thinking_gate_supergpqa,supergpqa,606,4090034d344442a39f6ac38ffe2cc550,1,0,0,1,13905,4
lever_rag_thinking_gate_supergpqa,supergpqa,606,ddb18eed65624eb8857f493d3575fef0,1,1,0,1,20004,4
lever_rag_thinking_gate_supergpqa,supergpqa,606,8c466141d2b744ee9303d466b28b2e52,1,1,1,0,17187,7
lever_rag_thinking_gate_supergpqa,supergpqa,606,672ca23b604743f0ac2330c05ed10499,1,1,1,1,14686,8
lever_rag_thinking_gate_supergpqa,supergpqa,606,7f8c9e5f1e554ad396060dbe085be0bc,1,0,0,1,5480,4
lever_rag_thinking_gate_supergpqa,supergpqa,606,68be2b3c64f340e1ab95a722390c67b6,1,1,1,0,7773,6
lever_rag_thinking_gate_supergpqa,supergpqa,606,feb181573d6d4f398db27ee6a26962ad,1,1,1,0,21315,7
lever_rag_thinking_gate_supergpqa,supergpqa,606,4bbb616f70fa470ead5f650821ff158f,1,1,0,1,12287,4
lever_rag_thinking_gate_supergpqa,supergpqa,606,d38fbb868d8a44db9095fa175c8b5669,1,1,1,0,18089,7
lever_rag_thinking_gate_supergpqa,supergpqa,606,278b1bc0ff8040b5beb619203318ea17,1,0,1,0,31132,7
lever_rag_thinking_gate_supergpqa,supergpqa,606,d14d338a85264ca7ac2ad2fb159e78cd,1,1,0,1,9832,4
lever_rag_thinking_gate_supergpqa,supergpqa,606,e407e20ef9774016a7466c88610322ef,1,0,1,1,26644,8
lever_rag_thinking_gate_supergpqa,supergpqa,606,bcd2baac739146eebec003eb6adda5ae,1,1,0,1,17038,4
lever_rag_thinking_gate_supergpqa,supergpqa,606,7ec0b78739564a38912533cf4bb90a1a,1,1,1,0,14605,6
lever_rag_thinking_gate_supergpqa,supergpqa,606,3e3aef19b7bf40668f24d9a67f396473,1,1,1,1,20187,8
lever_rag_thinking_gate_supergpqa,supergpqa,606,d2b8029fab3a458b9d1be6cf6a68091a,1,1,0,1,8648,4
lever_rag_thinking_gate_supergpqa,supergpqa,606,ba3e6704deaf4503afd6d5cd103203c9,1,0,0,1,4136,4
lever_rag_thinking_gate_supergpqa,supergpqa,606,9f62bcf50de74401a603615456213baf,1,1,0,1,9145,4
lever_rag_thinking_gate_supergpqa,supergpqa,606,f258bb1065be48218e7d3a3f5baa4821,1,1,0,1,10798,4
lever_rag_thinking_gate_supergpqa,supergpqa,606,9658dc48503c49cb840ccc27f9e10eb9,1,0,1,1,34767,8
lever_rag_thinking_gate_supergpqa,supergpqa,606,05e650ec825f4ae5a54deb872af466d2,1,1,1,0,24604,7
lever_rag_thinking_gate_supergpqa,supergpqa,606,0d55abc62c6541119ac010bd0bd11cb4,1,1,0,1,7697,4
lever_rag_thinking_gate_supergpqa,supergpqa,606,ba5929c89bf34872beb2bda81c3f7ac0,1,1,1,1,19700,8
lever_rag_thinking_gate_supergpqa,supergpqa,606,6514ced034134b80bfee523ab31dd6be,1,1,1,0,21150,7
lever_rag_thinking_gate_supergpqa,supergpqa,606,ebea0f7c051d4247be3d6bee67e0da89,1,1,1,0,24693,7
lever_rag_thinking_gate_supergpqa,supergpqa,606,1ec0b6b8d6b74d6f81c900d22aa3f9b3,1,1,0,1,14315,4
lever_rag_thinking_gate_supergpqa,supergpqa,606,7d0d30aa83704e04bd9330d2c8e90f78,1,1,0,1,5183,4
lever_rag_thinking_gate_supergpqa,supergpqa,606,84fba45a65da41fb8ea056a8cd072fff,1,1,1,1,32936,8
lever_rag_thinking_gate_supergpqa,supergpqa,606,25ff3053d5cd4fe1b53e4bfce27dc709,1,1,1,0,18587,7
lever_rag_thinking_gate_supergpqa,supergpqa,606,1b003811eaf443e492e6717fa934b15b,1,1,1,1,24029,7
lever_rag_thinking_gate_supergpqa,supergpqa,606,6f448d668c2743988aaf055cd5d0b1d5,1,1,1,1,21469,8
lever_rag_thinking_gate_supergpqa,supergpqa,606,db63f2730520468e86d5071599d6cffd,1,1,0,1,16003,4
lever_rag_thinking_gate_supergpqa,supergpqa,606,89c0dd54ad6d4419a29148159a71a478,1,1,0,1,14786,4
lever_rag_thinking_gate_supergpqa,supergpqa,606,f3657e5a406947ddb8ad447219321aef,1,0,1,1,45818,8
lever_rag_thinking_gate_supergpqa,supergpqa,606,1bb8a86a4ca34595bf2cc53e8c70d488,1,0,1,1,22290,8
lever_rag_thinking_gate_supergpqa,supergpqa,606,18dd61f8f537498aab430ca99da93ddf,1,1,1,0,26675,7
lever_rag_thinking_gate_supergpqa,supergpqa,606,ab99e4e6e4f548f9bf22a0c4afba770a,1,1,1,0,17542,7
lever_rag_thinking_gate_supergpqa,supergpqa,606,017d54709f0b48a3980238ac4f0dd851,1,1,1,0,24165,7
lever_rag_thinking_gate_supergpqa,supergpqa,606,46d9995281cc4c4eb53ae5077ea91144,1,1,1,0,10640,6
lever_rag_thinking_gate_supergpqa,supergpqa,606,8feeeb6daae74c819f01a0d2bddb62a5,1,1,1,0,13936,7
lever_rag_thinking_gate_supergpqa,supergpqa,606,d16188425b8d459799e3a25590ce3a1f,1,1,0,1,10572,4
lever_rag_thinking_gate_supergpqa,supergpqa,606,5559142f9bfb407b835f455534274613,1,0,0,1,8427,4
lever_rag_thinking_gate_supergpqa,supergpqa,606,c719d6d9548f43779f3eab22fafa99bc,1,0,0,1,11125,4
lever_rag_thinking_gate_supergpqa,supergpqa,606,81265918776f42ecb936b1ff7149f893,1,1,1,0,24836,7
lever_rag_thinking_gate_supergpqa,supergpqa,606,2a0199802fa34912899bc4db2e48e324,1,1,1,1,9884,7
lever_rag_thinking_gate_supergpqa,supergpqa,606,d6762f8d80e24ca78b14ac20eb6d7ddb,1,1,0,1,9541,4
lever_rag_thinking_gate_supergpqa,supergpqa,606,420ba9fd6958410188aa97873da40f86,1,1,1,0,26103,7
lever_rag_thinking_gate_supergpqa,supergpqa,606,d0004a6586604fb097d29b2a9e2fafba,1,0,1,0,46844,7
lever_rag_thinking_gate_supergpqa,supergpqa,606,83540adee86445058338548a07e2eacd,1,0,1,0,25808,7
lever_rag_thinking_gate_supergpqa,supergpqa,838,65e18d5ebc6d481f92372a02f7346d7e,1,1,0,1,12252,4
lever_rag_thinking_gate_supergpqa,supergpqa,838,8212116814624ac3ab3c645bb720a0de,1,1,0,1,14485,4
lever_rag_thinking_gate_supergpqa,supergpqa,838,b1292883447c4964834d2f93d9ad6866,1,1,0,1,8958,4
lever_rag_thinking_gate_supergpqa,supergpqa,838,662dee3f92714e84a08098c31a9dfede,1,1,1,0,21038,7
lever_rag_thinking_gate_supergpqa,supergpqa,838,784bc160afa34cc184a98687b152411a,1,0,1,1,30482,8
lever_rag_thinking_gate_supergpqa,supergpqa,838,2901fd9282834a269854bd1c929c2d27,1,0,1,0,28456,7
lever_rag_thinking_gate_supergpqa,supergpqa,838,ad9b69d4627741a1a953880f089b14f0,1,1,0,1,11969,4
lever_rag_thinking_gate_supergpqa,supergpqa,838,6c14595204824c9fb7a2ad000c332e37,1,1,1,0,21211,7
lever_rag_thinking_gate_supergpqa,supergpqa,838,42ff314467d2496490c62c7064c0d6cc,1,1,0,1,8856,4
lever_rag_thinking_gate_supergpqa,supergpqa,838,c5836da9034249b4b27508d97f2fef48,1,1,0,1,10592,4
lever_rag_thinking_gate_supergpqa,supergpqa,838,2f6042eca8834ba78cec6a229e21e89b,1,1,1,0,20507,7
lever_rag_thinking_gate_supergpqa,supergpqa,838,47f09ff7d66a4742ba76601ea67539d8,1,1,1,1,25038,8
lever_rag_thinking_gate_supergpqa,supergpqa,838,b370dd1899e24b37b27c4eec64ca2de9,1,1,0,1,10402,4
lever_rag_thinking_gate_supergpqa,supergpqa,838,6afbc30d68f940abbb7fe92128c3cf86,1,0,1,1,21351,8
lever_rag_thinking_gate_supergpqa,supergpqa,838,495126540259474fb0700bf7fe2a837f,1,1,0,1,9299,4
lever_rag_thinking_gate_supergpqa,supergpqa,838,9d29c330b74a4c878301338bfaa022f7,1,1,1,0,13624,7
lever_rag_thinking_gate_supergpqa,supergpqa,838,27b0cc6c758649ecb4fb058ecdad4757,1,1,1,0,24775,7
lever_rag_thinking_gate_supergpqa,supergpqa,838,c247b75bef6843a6bddb467b4f6530c7,1,0,0,1,7102,4
lever_rag_thinking_gate_supergpqa,supergpqa,838,7642c7abd7554d85a9ad74550cc95428,1,1,0,1,5344,4
lever_rag_thinking_gate_supergpqa,supergpqa,838,e9850e7c1b5744b19cdf700c4bbac0ab,1,1,1,1,17286,7
lever_rag_thinking_gate_supergpqa,supergpqa,838,5f1d14b7898843078179131808d8b102,1,1,1,0,21643,7
lever_rag_thinking_gate_supergpqa,supergpqa,838,5d0d7b5d79d448c7b2ffdee0247a0296,1,0,0,1,9695,4
lever_rag_thinking_gate_supergpqa,supergpqa,838,1f7eebad0c1b4d7bada8526fc5eca57a,1,1,0,1,5596,4
lever_rag_thinking_gate_supergpqa,supergpqa,838,37bee659d0f24b6bbb7cf0019b18266b,1,0,1,0,14499,7
lever_rag_thinking_gate_supergpqa,supergpqa,838,45ead910eb784c63aff46227f35006c1,1,0,1,0,16760,7
lever_rag_thinking_gate_supergpqa,supergpqa,838,5dc0a21f75b44980b701d62896d3edcb,1,0,1,0,13206,7
lever_rag_thinking_gate_supergpqa,supergpqa,838,8e58552045574cd082ae3ea220ee55d9,1,1,1,0,19939,7
lever_rag_thinking_gate_supergpqa,supergpqa,838,b232c347b66641feb655e8089ad3236c,1,1,1,0,21647,7
lever_rag_thinking_gate_supergpqa,supergpqa,838,029f7e87aa534e76b95b143ca61b8051,1,1,1,0,17132,7
lever_rag_thinking_gate_supergpqa,supergpqa,838,76baec1d98e94e2aaa91e9e07bafc4ee,1,1,1,1,19713,8
lever_rag_thinking_gate_supergpqa,supergpqa,838,f89ec3f159cd40c385b7f26813b62486,1,1,1,0,8116,6
lever_rag_thinking_gate_supergpqa,supergpqa,838,92158717e4684fbc960d84d858017ff8,1,1,1,1,17342,8
lever_rag_thinking_gate_supergpqa,supergpqa,838,8286c21c723f421cae07723ee28f793c,1,1,1,0,12201,6
lever_rag_thinking_gate_supergpqa,supergpqa,838,aa75f2e217f34054905f326269e5565f,1,0,1,0,23428,7
lever_rag_thinking_gate_supergpqa,supergpqa,838,4706d9d11ac74f13bb26c4e243a9fedd,1,1,0,1,9614,4
lever_rag_thinking_gate_supergpqa,supergpqa,838,be529e4267c8488f8df3970620cef40e,1,1,1,0,15258,6
lever_rag_thinking_gate_supergpqa,supergpqa,838,52d60b890b534b4090eb911da9632d13,1,1,0,1,5876,4
lever_rag_thinking_gate_supergpqa,supergpqa,838,450173d7e21e4b66a618097c366a3755,1,1,1,0,28945,7
lever_rag_thinking_gate_supergpqa,supergpqa,838,f0ad3ea70b04422fbf89443a247fd4c6,1,1,1,0,19375,7
lever_rag_thinking_gate_supergpqa,supergpqa,838,b6bb5716a3e04e67b34e8675a3eddde3,1,1,0,1,13186,4
lever_rag_thinking_gate_supergpqa,supergpqa,838,6be198f958ef4516852dc9c0b0f93766,1,1,1,0,19413,7
lever_rag_thinking_gate_supergpqa,supergpqa,838,d651ee6a2c05458abcfa6fc4f2701660,1,1,1,1,18903,8
lever_rag_thinking_gate_supergpqa,supergpqa,838,8bec621e6eae43f59459dacaebd4cc42,1,1,1,0,11952,7
lever_rag_thinking_gate_supergpqa,supergpqa,838,25139c83331f4efead0a39063294e6d1,1,1,1,1,19791,8
lever_rag_thinking_gate_supergpqa,supergpqa,838,c9820d674f5e49148ebf9a5211482572,1,1,1,0,18207,7
lever_rag_thinking_gate_supergpqa,supergpqa,838,2e0a1bdc84054c3886f8f6dcad5d123d,1,1,0,1,7780,4
lever_rag_thinking_gate_supergpqa,supergpqa,838,f7b30d755ce94690aee11d8246a70df3,1,1,1,0,25383,7
lever_rag_thinking_gate_supergpqa,supergpqa,838,6debc81571924be3a4b1fb060efa5d28,1,0,1,0,17794,7
lever_rag_thinking_gate_supergpqa,supergpqa,838,e13b5563e1eb450d94962f013c3ae36a,1,1,1,0,19310,7
lever_rag_thinking_gate_supergpqa,supergpqa,838,3f48e266da744ae6b9e99e762b67954f,1,1,0,1,11465,4
lever_rag_thinking_gate_supergpqa,supergpqa,838,e4e11a5fc2714133b1c7af4a68f24b7c,1,0,0,1,10675,4
lever_rag_thinking_gate_supergpqa,supergpqa,838,7fe42cc3bf84464993ffb660dac2653f,1,1,0,1,6876,4
lever_rag_thinking_gate_supergpqa,supergpqa,838,4da6b094f021432e9f07bcff16c36b4e,1,0,0,1,4761,4
lever_rag_thinking_gate_supergpqa,supergpqa,838,774540d412ae4311b7aa433bf2f64b10,1,1,1,0,18509,7
lever_rag_thinking_gate_supergpqa,supergpqa,838,71af5cfedc1849cd9c99e9d4904c1d97,1,1,1,0,16897,7
lever_rag_thinking_gate_supergpqa,supergpqa,838,4317af96cdb445fe8d23e95bbf487c6d,1,1,0,1,11419,4
lever_rag_thinking_gate_supergpqa,supergpqa,838,f7cfee802ef34c3688d63c879ffd007b,1,1,0,1,9405,4
lever_rag_thinking_gate_supergpqa,supergpqa,838,1b003811eaf443e492e6717fa934b15b,1,1,1,1,22112,7
lever_rag_thinking_gate_supergpqa,supergpqa,838,4c53840b44904a97b04bf942e34ce522,1,0,1,1,23607,8
lever_rag_thinking_gate_supergpqa,supergpqa,838,4ae91bc0704c4d16891bceda9518416c,1,0,1,0,14881,7
lever_rag_thinking_gate_supergpqa,supergpqa,838,7adc0c3199974e778dbb75b22c3406d4,1,1,1,0,24445,7
lever_rag_thinking_gate_supergpqa,supergpqa,838,7038ebb226d241c69e0370492f042a10,1,1,1,1,14481,7
lever_rag_thinking_gate_supergpqa,supergpqa,838,6f48814bd0a14a67bb76a67dfff57723,1,1,0,1,11434,4
lever_rag_thinking_gate_supergpqa,supergpqa,838,29e041d1e6384f738d9582ca5d67d584,1,1,0,1,8677,4
lever_rag_thinking_gate_supergpqa,supergpqa,838,fab25aad3a89427aaf6cdffc0295360e,1,1,0,1,4935,4
lever_rag_thinking_gate_supergpqa,supergpqa,838,e286dac07362459cb41b0c9adca02747,1,1,0,1,11520,4
lever_rag_thinking_gate_supergpqa,supergpqa,838,b9f43cc8a6ff4438ab18497fc9bf7cf0,1,0,1,0,17888,6
lever_rag_thinking_gate_supergpqa,supergpqa,838,8aa00695f3ed4b3a9d445fec8513b65b,1,1,0,1,16517,4
lever_rag_thinking_gate_supergpqa,supergpqa,838,5df707865b404a0697d8fd1791bb9b0b,1,0,1,0,15055,6
lever_rag_thinking_gate_supergpqa,supergpqa,838,a33d9512c6ab4a3eb4e172e2e2255293,1,1,0,1,8886,4
lever_rag_thinking_gate_supergpqa,supergpqa,838,b8de1171b4a44ba4bf85615dca222549,1,0,0,1,6281,4
lever_rag_thinking_gate_supergpqa,supergpqa,838,cf53bf592b244cb1ad02b684eda29e3b,1,1,0,1,3504,4
lever_rag_thinking_gate_supergpqa,supergpqa,838,e639f6eaf9a542f4a26c1358c0ef3f2c,1,0,0,1,12967,4
lever_rag_thinking_gate_supergpqa,supergpqa,838,1667a63ffa874e25950f004d0bfe0199,1,1,0,1,11373,4
lever_rag_thinking_gate_supergpqa,supergpqa,838,e9e1fba9d67a424abefb846d7aa58857,1,1,1,0,20993,7
lever_rag_thinking_gate_supergpqa,supergpqa,838,6bff44235adb4f219d4c041c565f5faf,1,1,0,1,12072,4
lever_rag_thinking_gate_supergpqa,supergpqa,838,e8716931ede04137a3dfa8794d456d57,1,1,0,1,9614,4
lever_rag_thinking_gate_supergpqa,supergpqa,838,f63cf000cb004ff989417e027221c056,1,1,0,1,7418,4
lever_rag_thinking_gate_supergpqa,supergpqa,838,85fd7a86245d412e865fda1920b02b2a,1,1,1,0,19274,7
lever_rag_thinking_gate_supergpqa,supergpqa,838,388a3c0ff6bb403b89f8fa9441989e29,1,1,0,1,8582,4
lever_rag_thinking_gate_supergpqa,supergpqa,838,6d9c551019b94cf6bf31b3e5189c4607,1,1,1,0,18230,7
lever_rag_thinking_gate_supergpqa,supergpqa,838,791dcce8a03d4e438922d47882148a8c,1,1,0,1,5694,4
lever_rag_thinking_gate_supergpqa,supergpqa,838,59964f9268c240609796de021ca97aff,1,1,1,0,23478,7
lever_rag_thinking_gate_supergpqa,supergpqa,838,a42ce4ef47314d43bdcb8f6e33bae8be,1,1,0,1,12074,4
lever_rag_thinking_gate_supergpqa,supergpqa,838,75137178e29747f9975dc7624cca3109,1,1,0,1,8566,4
lever_rag_thinking_gate_supergpqa,supergpqa,838,84644f66158b4fdaaddb6fc86aa19a3b,1,1,0,1,7026,4
lever_rag_thinking_gate_supergpqa,supergpqa,838,cb587d9fecd8447b9a8c98f3c1b1ff3e,1,1,1,0,18504,7
lever_rag_thinking_gate_supergpqa,supergpqa,838,a38723e1b2ea48b9b8d6a723fc64d90d,1,0,1,1,28077,8
lever_rag_thinking_gate_supergpqa,supergpqa,838,4ec7fd279abe4399b72a91acb406fa9e,1,1,1,0,33064,7
lever_smart_gate,unknown,123,recNAiPUKOulQbKVP,1,1,1,0,3858,6
lever_smart_gate,unknown,123,recwW1A85nfyQpReG,1,1,1,0,8681,7
lever_smart_gate,unknown,123,recjgMJaMxz4ESDF2,1,1,0,1,4545,4
lever_smart_gate,unknown,123,recRhwQwHijW0gCLo,1,1,1,0,18769,7
lever_smart_gate,unknown,123,recnjViFrqlZNL3fY,1,1,1,0,10758,7
lever_smart_gate,unknown,123,recJZ3QEfRKjYw9a7,1,1,1,0,16689,7
lever_smart_gate,unknown,123,recIDiDKKrN61Auyr,1,1,0,1,3295,4
lever_smart_gate,unknown,123,recXsuOHRBLcyenF2,1,1,0,1,1991,4
lever_smart_gate,unknown,123,rec2UlKqC6RFHdcro,1,1,0,1,4212,4
lever_smart_gate,unknown,123,recb2M22zaD3tL6Qc,1,1,1,1,14357,7
lever_smart_gate,unknown,123,recBXlqrZUCR897It,1,1,1,0,15717,7
lever_smart_gate,unknown,123,recDytVnNYZe2HuUU,1,1,1,0,12410,7
lever_smart_gate,unknown,123,recw4rROcnHKNZhtK,1,1,0,1,2584,4
lever_smart_gate,unknown,123,recKm6LNWykGapmCr,1,1,1,0,8337,7
lever_smart_gate,unknown,123,rec5eA17Qr1ucNLUf,1,1,0,1,3798,4
lever_smart_gate,unknown,123,recdya6FuYraBU5Rh,1,1,1,0,10295,7
lever_smart_gate,unknown,123,recLSzwBUS3olCjhl,1,1,0,1,2312,4
lever_smart_gate,unknown,123,recNuT2oSnO86bxOx,1,1,1,1,19188,7
lever_smart_gate,unknown,123,recD8oX1KevFbl7bL,1,1,1,1,21849,8
lever_smart_gate,unknown,123,recV1nqYQvpII94oC,1,1,0,1,8072,4
lever_smart_gate,unknown,123,recyPffUDqC2k7ZZO,1,1,1,0,14332,7
lever_smart_gate,unknown,123,recIj8lR4tuDgrHou,1,1,0,1,8696,4
lever_smart_gate,unknown,123,rec9GugrngvsQR99A,1,1,0,1,4876,4
lever_smart_gate,unknown,123,rec7C06XOB2h298ue,1,1,0,1,2148,4
lever_smart_gate,unknown,123,recrNbtgTNoabJJi6,1,1,1,0,10803,6
lever_smart_gate,unknown,123,recPSTGXK3P39yNYT,1,1,0,1,4550,4
lever_smart_gate,unknown,123,recRgabRzMaEoBRcM,1,1,1,1,28590,7
lever_smart_gate,unknown,123,recxsX66ktJ1Lwt4f,1,1,0,1,4995,4
lever_smart_gate,unknown,123,recI1ls9OXdxatHQn,1,1,0,1,6383,4
lever_smart_gate,unknown,123,recnTTKdBzfuoZ7w7,1,0,0,1,27108,4
lever_smart_gate,unknown,123,recHVUd2DkoKfedJZ,1,1,1,1,15601,8
lever_smart_gate,unknown,123,rec4r4KWNLrT7g2kR,1,1,1,0,20978,6
lever_smart_gate,unknown,123,recyrk6XBVwugG5u8,1,1,0,1,8400,4
lever_smart_gate,unknown,123,recgM7o1tcc7tP778,1,1,1,1,19603,8
lever_smart_gate,unknown,123,reca44yABeO2fx7UB,1,0,0,1,15945,4
lever_smart_gate,unknown,123,recBhnXrUyTJ6WHIR,1,1,1,0,13738,6
lever_smart_gate,unknown,123,recvlnu8BuLmXZhSX,1,1,0,1,5706,4
lever_smart_gate,unknown,123,recZWeueB7lSPR6wN,1,0,1,0,15138,6
lever_smart_gate,unknown,123,recUOePh79cp4T2Bg,1,0,1,0,24077,6
lever_smart_gate,unknown,123,reck4G4xxv3YnpbtQ,1,0,1,0,15640,6
lever_smart_gate,unknown,123,rec5rjeLsEq5Fg7Oj,1,1,1,0,14900,6
lever_smart_gate,unknown,123,rec6sE2CRtD4drtHg,1,1,0,1,11599,4
lever_smart_gate,unknown,123,recclFbsjbaiVVnnV,1,0,1,0,25584,6
lever_smart_gate,unknown,123,rec0VuKUjt1SZ7NYv,1,1,0,1,6336,4
lever_smart_gate,unknown,123,recs3PLPUEMiqg4P8,1,1,1,1,28596,7
lever_smart_gate,unknown,123,rec1zl5LvaatzGhFt,1,1,0,1,5097,4
lever_smart_gate,unknown,123,recS48OsU6kVadBPW,1,1,0,1,4911,4
lever_smart_gate,unknown,123,recINSFEYLCyyd08m,1,1,1,0,19237,7
lever_smart_gate,unknown,123,recatj4YXzbOaq3Ar,1,1,0,1,2847,4
lever_smart_gate,unknown,123,recoy9ZLBsc7HIRBy,1,1,1,0,21903,7
lever_smart_gate,unknown,123,reczUoM8JsxU6pYxr,1,1,1,0,9714,7
lever_smart_gate,unknown,123,recAYkd96NNuNl1Ei,1,0,0,1,1757,4
lever_smart_gate,unknown,123,recRTiyaRymerDJ4y,1,1,1,0,7577,7
lever_smart_gate,unknown,123,recZSGUkn56v9kEp1,1,1,1,0,25921,7
lever_smart_gate,unknown,123,recl1UtgTVKishAq4,1,1,1,0,23028,7
lever_smart_gate,unknown,123,recXvQ6gWAmyakrpD,1,1,0,1,8273,4
lever_smart_gate,unknown,123,recr3VHM4zYf6dMFY,1,1,1,0,14325,6
lever_smart_gate,unknown,123,recJpyGtGIsxulevT,1,1,0,1,2136,4
lever_smart_gate,unknown,123,recDj2Y2BbtV02Wv5,1,0,0,1,4606,4
lever_smart_gate,unknown,123,recReg13iV2HwJTaA,1,1,0,1,4768,4
lever_smart_gate,unknown,123,recGFKDUd8qgz81Zl,1,1,1,0,9353,7
lever_smart_gate,unknown,123,recVvpD8miVjmmyfe,1,1,1,0,18732,7
lever_smart_gate,unknown,123,recvZlMbpPz0yLDle,1,1,1,0,17844,7
lever_smart_gate,unknown,123,reczjcMtrB1YGS2fO,1,1,1,0,13648,7
lever_smart_gate,unknown,123,reczzzihL7btBH7RO,1,0,1,0,10761,6
lever_smart_gate,unknown,123,recZt4x514UQNnsgy,1,0,0,1,10177,4
lever_smart_gate,unknown,123,recZbxrocrxh9YENH,1,1,1,1,16496,8
lever_smart_gate,unknown,123,rec4L69T0Y1AS4AFS,1,1,0,1,2829,4
lever_smart_gate,unknown,123,recFaL6j8UMhutXrc,1,1,1,0,25497,6
lever_smart_gate,unknown,123,recWzUUYBN0NuXO2k,1,1,0,1,2133,4
lever_smart_gate,unknown,123,recnawZPumSCLMVgp,1,1,1,0,14598,7
lever_smart_gate,unknown,123,recPL4ZPpVYxgMu57,1,0,1,0,6418,6
lever_smart_gate,unknown,123,recyl3usDqb7ruXJx,1,1,1,1,17042,7
lever_smart_gate,unknown,123,reck1zKeCssmN82Ga,1,1,1,0,10708,6
lever_smart_gate,unknown,123,rectlyG9pCAAuWhoB,1,0,1,0,26312,6
lever_smart_gate,unknown,123,recLrRirj7iXoB0rU,1,1,0,1,9871,4
lever_smart_gate,unknown,123,rechtUKxC6G67H7Pr,1,1,0,1,2881,4
lever_smart_gate,unknown,123,recRZjaElf8ft7xTq,1,1,1,0,8356,7
lever_smart_gate,unknown,123,recypVp2NmPlBKVTp,1,1,0,1,1903,4
lever_smart_gate,unknown,123,recLAgwx9vbgB5EHk,1,1,0,1,10902,4
lever_smart_gate,unknown,123,rec32C1ZEapBnCC0E,1,1,1,0,10947,7
lever_smart_gate,unknown,123,reckYqR92oJkqJXkE,1,1,1,0,7422,7
lever_smart_gate,unknown,123,recINGR1z01Fh1Z3A,1,1,0,1,2629,4
lever_smart_gate,unknown,123,recYCMJWH7IpcdqwE,1,1,0,1,16557,4
lever_smart_gate,unknown,123,recihePFulRgNKsIn,1,0,0,1,5272,4
lever_smart_gate,unknown,123,recn3NhOhqAPLda16,1,1,1,0,21394,7
lever_smart_gate,unknown,123,recZ13cwgDQf9jRd9,1,0,1,0,30666,6
lever_smart_gate,unknown,123,rec1oj2DveQWl9Rpw,1,0,1,0,13042,7
lever_smart_gate,unknown,123,recb80OwMgNnceA9t,1,1,1,0,22718,6
lever_subject,unknown,7,recoiTJPGUmzAkief,1,1,0,1,1808,3
lever_subject,unknown,7,recz3MfYHPRhsEQkW,1,1,1,1,7795,6
lever_subject,unknown,7,recrHBEJJoDTV05JR,1,1,1,0,19291,7
lever_subject,unknown,7,rec527dNeEtWJrYNl,1,1,0,1,1203,3
lever_subject,unknown,7,recooG6bivTUJpDBz,1,1,1,0,18070,7
lever_subject,unknown,7,recYt8xx80OTyDsL0,1,1,0,1,1376,3
lever_subject,unknown,7,rec0yTRmO1o1xCA6H,1,0,0,1,1229,3
lever_subject,unknown,7,recmwwQJnx7ll7bqL,1,1,0,1,2573,3
lever_subject,unknown,7,rec2UlKqC6RFHdcro,1,1,0,1,3561,3
lever_subject,unknown,7,recD8oX1KevFbl7bL,1,1,0,1,7332,3
lever_subject,unknown,7,reczUoM8JsxU6pYxr,1,1,0,1,2347,3
lever_subject,unknown,7,recFaL6j8UMhutXrc,1,1,1,1,20907,6
lever_subject,unknown,7,recOvqPKUtyy9ISA1,1,1,1,1,19559,6
lever_subject,unknown,7,recYOzCsevNz61Lyn,1,1,0,1,4195,3
lever_subject,unknown,7,recEmTBhx2hgw6tPQ,1,0,1,0,11395,6
lever_subject,unknown,7,recBXlqrZUCR897It,1,1,1,0,15805,6
lever_subject,unknown,7,rec47oNPXudlTIk4y,1,0,1,0,16470,6
lever_subject,unknown,7,recVvpD8miVjmmyfe,1,1,1,0,25916,7
lever_subject,unknown,7,recIMcQfaQNa6vzsT,1,1,0,1,3830,3
lever_subject,unknown,7,recDDxpS9s8cwkqfq,1,1,1,1,17471,7
lever_subject,unknown,7,reccVBrYdwsB84fGy,1,1,0,1,6799,3
lever_subject,unknown,7,rec0Arme2jcXQZnAW,1,1,1,0,8017,7
lever_subject,unknown,7,recS48OsU6kVadBPW,1,1,0,1,3766,3
lever_subject,unknown,7,recPzW1WqRnPs57D6,1,1,0,1,1195,3
lever_subject,unknown,7,rec1zl5LvaatzGhFt,1,1,0,1,5472,3
lever_subject,unknown,7,recPSTGXK3P39yNYT,1,1,0,1,2653,3
lever_subject,unknown,7,reck4G4xxv3YnpbtQ,1,0,1,0,10778,6
lever_subject,unknown,7,recpki12iG9RUGrz9,1,1,1,0,14641,7
lever_subject,unknown,7,recyl3usDqb7ruXJx,1,1,1,1,11296,6
lever_subject,unknown,7,recihePFulRgNKsIn,1,1,1,1,9218,6
lever_subject,unknown,7,recRhwQwHijW0gCLo,1,1,1,0,20853,7
lever_subject,unknown,7,recWxGU8Q4YReJ1tb,1,1,1,0,19701,6
lever_subject,unknown,7,recdya6FuYraBU5Rh,1,1,1,0,9264,7
lever_subject,unknown,7,recf6ayQmL1SxKbvW,1,0,0,1,1556,3
lever_subject,unknown,7,recwW1A85nfyQpReG,1,1,1,0,13119,7
lever_subject,unknown,7,recXsYa3i2UhGF5fe,1,1,1,0,10682,7
lever_subject,unknown,7,recRTiyaRymerDJ4y,1,1,1,0,8771,7
lever_subject,unknown,7,rec06pnAkLOr2t2mp,1,1,0,1,1553,3
lever_subject,unknown,7,recQ8oxSY2aCwFRS8,1,1,0,1,5636,3
lever_subject,unknown,7,recb80OwMgNnceA9t,1,1,1,0,29451,6
lever_subject,unknown,7,recHVUd2DkoKfedJZ,1,1,1,1,16628,7
lever_subject,unknown,7,recAYkd96NNuNl1Ei,1,0,0,1,1004,3
lever_subject,unknown,7,recINSFEYLCyyd08m,1,1,1,0,17840,7
lever_subject,unknown,7,recJZ3QEfRKjYw9a7,1,1,1,0,16391,7
lever_subject,unknown,7,reca44yABeO2fx7UB,1,1,1,0,20640,7
lever_subject,unknown,7,rechKl68Uc6H7vU0N,1,1,1,0,18486,7
lever_subject,unknown,7,recRZjaElf8ft7xTq,1,1,1,0,14043,7
lever_subject,unknown,7,recb4cGsC6BJUCU3V,1,1,1,1,12563,7
lever_subject,unknown,7,recclFbsjbaiVVnnV,1,1,1,0,16652,6
lever_subject,unknown,7,recvlnu8BuLmXZhSX,1,1,1,0,12960,7
lever_subject,unknown,7,recYCMJWH7IpcdqwE,1,1,1,1,20268,6
lever_subject,unknown,7,recxsX66ktJ1Lwt4f,1,1,1,1,7902,7
lever_subject,unknown,7,recMicVBcqy1xM1jq,1,0,0,1,5467,3
lever_subject,unknown,7,recUc29lMDBEvurYo,1,1,1,0,14358,7
lever_subject,unknown,7,recLrRirj7iXoB0rU,1,1,0,1,4833,3
lever_subject,unknown,7,recReg13iV2HwJTaA,1,1,0,1,2582,3
lever_subject,unknown,7,rectlyG9pCAAuWhoB,1,0,1,1,23725,6
lever_subject,unknown,7,rec32C1ZEapBnCC0E,1,1,1,0,12193,7
lever_subject,unknown,7,recVE8cUNHpHZIAvL,1,1,0,1,6318,3
lever_subject,unknown,7,recZWeueB7lSPR6wN,1,0,1,0,10636,6
lever_subject,unknown,7,recKv4hFyNpViUXnL,1,1,1,0,15604,7
lever_subject,unknown,7,recZbxrocrxh9YENH,1,1,1,0,21704,7
lever_subject,unknown,7,recXvQ6gWAmyakrpD,1,1,0,1,5879,3
lever_subject,unknown,7,recGFKDUd8qgz81Zl,1,1,1,0,10531,7
lever_subject,unknown,7,rec4L69T0Y1AS4AFS,1,1,0,1,5308,3
lever_subject,unknown,7,recjJ54TXc04enRkZ,1,0,1,0,16073,6
lever_subject,unknown,7,recKm6LNWykGapmCr,1,0,0,1,1458,3
lever_subject,unknown,7,recLB0EkQ54bYVhnd,1,0,0,1,4280,3
lever_subject,unknown,7,recUBgVlkKzcRPDdK,1,0,1,0,8913,6
lever_subject,unknown,7,recXsuOHRBLcyenF2,1,1,0,1,993,3
lever_subject,unknown,7,recQiWOxhkXRz9NVE,1,1,1,0,18604,6
lever_subject,unknown,7,recCJJOeBGERaHYax,1,1,1,0,16767,6
lever_subject,unknown,7,recl1UtgTVKishAq4,1,1,1,0,22808,7
lever_subject,unknown,7,recb2M22zaD3tL6Qc,1,0,0,1,9492,3
lever_subject,unknown,7,recxTy0x7M6T9ikc0,1,1,1,1,25067,6
lever_subject,unknown,7,recqFDvYKKRmbnoUb,1,1,0,1,2811,3
lever_subject,unknown,7,receYQxnUBvxPcvbQ,1,1,1,0,16100,7
lever_subject,unknown,7,rec0wZvZgiz320KRs,1,1,0,1,4664,3
lever_subject,unknown,7,recNu3MXkvWUzHZr9,1,1,1,0,10133,7
lever_subject,unknown,7,recKcjTwONILZqHAX,1,1,0,1,3023,3
lever_subject,unknown,7,reccOKzFNmyqeJ6ry,1,1,1,1,5351,6
lever_subject,unknown,7,recmkvk6EFAmqyMxR,1,0,0,1,2299,3
lever_subject,unknown,7,recfTlTMjZBuOducT,1,1,1,0,16228,7
lever_subject,unknown,7,reczkBiPPNrNN49Hp,1,1,0,1,2887,3
lever_subject,unknown,7,recmI7EiLv72PxmYK,1,1,1,0,10683,7
lever_subject,unknown,7,recIDiDKKrN61Auyr,1,1,1,1,4146,6
lever_subject,unknown,7,rec2ZTsqazBZ3LTWZ,1,1,0,1,10088,3
lever_subject,unknown,7,recIlghoOw5VbY4Zh,1,1,1,0,16878,6
lever_subject,unknown,7,receo3UUzRvWCqyfA,1,1,1,1,10621,6
lever_thinking_all,unknown,42,rec0wZvZgiz320KRs,1,1,0,1,8340,3
lever_thinking_all,unknown,42,recINSFEYLCyyd08m,1,1,0,1,15111,3
lever_thinking_all,unknown,42,recypVp2NmPlBKVTp,1,1,0,1,6450,3
lever_thinking_all,unknown,42,rechKl68Uc6H7vU0N,1,1,0,1,21090,3
lever_thinking_all,unknown,42,recnawZPumSCLMVgp,1,1,0,1,18407,3
lever_thinking_all,unknown,42,rec527dNeEtWJrYNl,1,1,0,1,6593,3
lever_thinking_all,unknown,42,rec4r4KWNLrT7g2kR,1,1,1,0,29505,6
lever_thinking_all,unknown,42,recnTTKdBzfuoZ7w7,1,0,0,1,40665,3
lever_thinking_all,unknown,42,rec0yTRmO1o1xCA6H,1,1,0,1,7550,3
lever_thinking_all,unknown,42,recb80OwMgNnceA9t,1,1,1,0,31883,6
lever_thinking_all,unknown,42,recDj2Y2BbtV02Wv5,1,0,0,1,12179,3
lever_thinking_all,unknown,42,rec6sE2CRtD4drtHg,1,1,0,1,12085,3
lever_thinking_all,unknown,42,recE2ihVfqEK4R9d0,1,1,0,1,8537,3
lever_thinking_all,unknown,42,rec5rjeLsEq5Fg7Oj,1,1,1,0,21776,6
lever_thinking_all,unknown,42,reczjcMtrB1YGS2fO,1,1,0,1,10619,3
lever_thinking_all,unknown,42,recQiWOxhkXRz9NVE,1,0,1,0,116406,7
lever_thinking_all,unknown,42,recpki12iG9RUGrz9,1,1,0,1,9264,3
lever_thinking_all,unknown,42,recVvpD8miVjmmyfe,1,0,1,0,131466,7
lever_thinking_all,unknown,42,recIj8lR4tuDgrHou,1,1,0,1,10973,3
lever_thinking_all,unknown,42,recGFNRVl1qBZGwyU,1,1,0,1,25216,3
lever_thinking_all,unknown,42,rec260hNUCEj109Dj,1,1,0,1,8886,3
lever_thinking_all,unknown,42,recXvQ6gWAmyakrpD,1,1,0,1,13112,3
lever_thinking_all,unknown,42,recWPMm91mGDLXONm,1,1,0,1,8903,3
lever_thinking_all,unknown,42,recSBcGLPatKb3Ygu,1,1,0,1,9136,3
lever_thinking_all,unknown,42,recLAgwx9vbgB5EHk,1,1,1,0,23880,6
lever_thinking_all,unknown,42,recHVUd2DkoKfedJZ,1,1,0,1,23200,3
lever_thinking_all,unknown,42,recmI7EiLv72PxmYK,1,1,0,1,11287,3
lever_thinking_all,unknown,42,recOvqPKUtyy9ISA1,1,1,1,0,32892,6
lever_thinking_all,unknown,42,recVEXvhYxAhELVqB,1,1,0,1,26486,3
lever_thinking_all,unknown,42,recnGEpF1srQpaqWq,1,1,1,0,33183,6
lever_thinking_all,unknown,42,reczzzihL7btBH7RO,1,0,0,1,16893,3
lever_thinking_all,unknown,42,recPSTGXK3P39yNYT,1,1,0,1,16009,3
lever_thinking_all,unknown,42,recatj4YXzbOaq3Ar,1,1,0,1,5384,3
lever_thinking_all,unknown,42,recIlghoOw5VbY4Zh,1,1,0,1,20363,3
lever_thinking_all,unknown,42,recEmTBhx2hgw6tPQ,1,1,0,1,16881,3
lever_thinking_all,unknown,42,recwW1A85nfyQpReG,1,1,0,1,8863,3
lever_thinking_all,unknown,42,rec4L69T0Y1AS4AFS,1,1,0,1,9878,3
lever_thinking_all,unknown,42,recMicVBcqy1xM1jq,1,0,0,1,9766,3
lever_thinking_all,unknown,42,recNuT2oSnO86bxOx,1,1,0,1,11317,3
lever_thinking_all,unknown,42,recL9MFV5zmdlle5T,1,1,0,1,29993,3
lever_thinking_all,unknown,42,recJZ3QEfRKjYw9a7,1,1,0,1,17278,3
lever_thinking_all,unknown,42,recooG6bivTUJpDBz,1,1,0,1,15823,3
lever_thinking_all,unknown,42,recdya6FuYraBU5Rh,1,1,0,1,9003,3
lever_thinking_all,unknown,42,recwlwlcPvXVNPmvl,1,1,0,1,6677,3
lever_thinking_all,unknown,42,recGee5m84dg5FZkc,1,1,1,0,20645,6
lever_thinking_all,unknown,42,recaXdGn3FAIkxLGM,1,1,0,1,14446,3
lever_thinking_all,unknown,42,rectXfsCM1dj4Kv2c,1,1,0,1,16545,3
lever_thinking_all,unknown,42,reccOKzFNmyqeJ6ry,1,1,0,1,11091,3
lever_thinking_all,unknown,42,rec06pnAkLOr2t2mp,1,1,0,1,7183,3
lever_thinking_all,unknown,42,reckEnrOPFT9Ru7tW,1,1,0,1,12449,3
lever_thinking_all,unknown,42,rec7C06XOB2h298ue,1,1,0,1,6841,3
lever_thinking_all,unknown,42,recO3hvCWRGiG0odN,1,1,1,0,24577,6
lever_thinking_all,unknown,42,recs3PLPUEMiqg4P8,1,1,1,0,28621,6
lever_thinking_all,unknown,42,rechgQucGlrnt8KRV,1,1,0,1,8410,3
lever_thinking_all,unknown,42,recoiTJPGUmzAkief,1,1,0,1,7736,3
lever_thinking_all,unknown,42,reccVFW11Elovnf8T,1,0,0,1,21456,3
lever_thinking_all,unknown,42,reck4G4xxv3YnpbtQ,1,0,1,0,20687,6
lever_thinking_all,unknown,42,recRZjaElf8ft7xTq,1,1,0,1,12880,3
lever_thinking_all,unknown,42,recI1ls9OXdxatHQn,1,1,0,1,9018,3
lever_thinking_all,unknown,42,recmkvk6EFAmqyMxR,1,1,0,1,8061,3
lever_thinking_all,unknown,42,recIOlKBsOeEcgkA1,1,1,0,1,5038,3
lever_thinking_all,unknown,42,rechtUKxC6G67H7Pr,1,1,0,1,7532,3
lever_thinking_all,unknown,42,rec8y3ZrBOcLgNEkE,1,1,0,1,6064,3
lever_thinking_all,unknown,42,rec5eA17Qr1ucNLUf,1,1,0,1,10156,3
lever_thinking_all,unknown,42,reczUoM8JsxU6pYxr,1,1,0,1,27745,3
lever_thinking_all,unknown,42,recPIzpnuYpB4yvmp,1,1,0,1,10569,3
lever_thinking_all,unknown,42,recINGR1z01Fh1Z3A,1,1,0,1,6290,3
lever_thinking_all,unknown,42,recPL4ZPpVYxgMu57,1,1,0,1,5275,3
lever_thinking_all,unknown,42,receYQxnUBvxPcvbQ,1,1,0,1,9977,3
lever_thinking_all,unknown,42,recclFbsjbaiVVnnV,1,1,1,0,28528,6
lever_thinking_all,unknown,42,reczkBiPPNrNN49Hp,1,1,0,1,9825,3
lever_thinking_all,unknown,42,receo3UUzRvWCqyfA,1,1,0,1,11444,3
lever_thinking_all,unknown,42,recJJcOHhFeSaRpl4,1,1,0,1,10836,3
lever_thinking_all,unknown,42,recuYEkVjdVUwA3c0,1,1,0,1,12584,3
lever_thinking_all,unknown,42,recv7GsQg3f0fvB1f,1,1,0,1,6958,3
lever_thinking_all,unknown,42,recUOePh79cp4T2Bg,1,0,0,1,16792,3
lever_thinking_all,unknown,42,recLSzwBUS3olCjhl,1,1,0,1,16328,3
lever_thinking_all,unknown,42,recn3NhOhqAPLda16,1,1,0,1,13127,3
lever_thinking_all,unknown,42,recf6ayQmL1SxKbvW,1,0,0,1,6639,3
lever_thinking_all,unknown,42,recrNbtgTNoabJJi6,1,1,0,1,8056,3
lever_thinking_all,unknown,42,recihePFulRgNKsIn,1,0,0,1,9680,3
lever_thinking_all,unknown,42,recFaL6j8UMhutXrc,1,1,0,1,18986,3
lever_thinking_all,unknown,42,recr3VHM4zYf6dMFY,1,1,1,0,22706,6
lever_thinking_all,unknown,42,rec8nshandHARTkrg,1,0,1,0,30138,6
lever_thinking_all,unknown,42,recjJ54TXc04enRkZ,1,1,1,0,49585,6
lever_thinking_all,unknown,42,recfTlTMjZBuOducT,1,1,0,1,14910,3
lever_thinking_all,unknown,42,recXsuOHRBLcyenF2,1,1,0,1,4806,3
lever_thinking_all,unknown,42,recOkA2zsy4GSMD9R,1,1,0,1,18196,3
lever_thinking_all,unknown,42,reckl6PkaEMWM50yZ,1,1,0,1,29895,3
lever_thinking_all,unknown,42,recBhnXrUyTJ6WHIR,1,0,1,0,22790,6
lever_thinking_all,unknown,7,recz3MfYHPRhsEQkW,1,1,0,1,8111,3
lever_thinking_all,unknown,7,recoiTJPGUmzAkief,1,1,0,1,6971,3
lever_thinking_all,unknown,7,recOvqPKUtyy9ISA1,1,1,0,1,18768,3
lever_thinking_all,unknown,7,recrHBEJJoDTV05JR,1,1,0,1,13746,3
lever_thinking_all,unknown,7,rec527dNeEtWJrYNl,1,1,0,1,8413,3
lever_thinking_all,unknown,7,recFaL6j8UMhutXrc,1,1,0,1,17304,3
lever_thinking_all,unknown,7,recooG6bivTUJpDBz,1,1,1,0,35606,7
lever_thinking_all,unknown,7,recYt8xx80OTyDsL0,1,1,0,1,6157,3
lever_thinking_all,unknown,7,recmwwQJnx7ll7bqL,1,1,0,1,7203,3
lever_thinking_all,unknown,7,rec0yTRmO1o1xCA6H,1,1,1,0,10554,6
lever_thinking_all,unknown,7,rec2UlKqC6RFHdcro,1,1,0,1,10040,3
lever_thinking_all,unknown,7,recD8oX1KevFbl7bL,1,1,0,1,14197,3
lever_thinking_all,unknown,7,reczUoM8JsxU6pYxr,1,1,0,1,14996,3
lever_thinking_all,unknown,7,recBXlqrZUCR897It,1,1,0,1,14222,3
lever_thinking_all,unknown,7,recVvpD8miVjmmyfe,1,0,1,0,46242,7
lever_thinking_all,unknown,7,recYOzCsevNz61Lyn,1,1,0,1,11784,3
lever_thinking_all,unknown,7,recDDxpS9s8cwkqfq,1,1,1,0,22667,7
lever_thinking_all,unknown,7,rec47oNPXudlTIk4y,1,1,1,0,30054,6
lever_thinking_all,unknown,7,recEmTBhx2hgw6tPQ,1,0,1,0,42764,6
lever_thinking_all,unknown,7,recIMcQfaQNa6vzsT,1,1,0,1,9372,3
lever_thinking_all,unknown,7,reck4G4xxv3YnpbtQ,1,0,1,0,22526,6
lever_thinking_all,unknown,7,reccVBrYdwsB84fGy,1,0,1,0,22585,7
lever_thinking_all,unknown,7,recb80OwMgNnceA9t,1,1,1,0,51474,6
lever_thinking_all,unknown,7,recyl3usDqb7ruXJx,1,1,0,1,11428,3
lever_thinking_all,unknown,7,recS48OsU6kVadBPW,1,1,0,1,9227,3
lever_thinking_all,unknown,7,recPzW1WqRnPs57D6,1,1,0,1,6434,3
lever_thinking_all,unknown,7,recPSTGXK3P39yNYT,1,1,0,1,8367,3
lever_thinking_all,unknown,7,rec1zl5LvaatzGhFt,1,1,0,1,12626,3
lever_thinking_all,unknown,7,recihePFulRgNKsIn,1,0,0,1,7415,3
lever_thinking_all,unknown,7,recpki12iG9RUGrz9,1,1,0,1,10282,3
lever_thinking_all,unknown,7,recRhwQwHijW0gCLo,1,1,0,1,14080,3
lever_thinking_all,unknown,7,recWxGU8Q4YReJ1tb,1,0,0,1,17636,3
lever_thinking_all,unknown,7,recdya6FuYraBU5Rh,1,1,0,1,8332,3
lever_thinking_all,unknown,7,recwW1A85nfyQpReG,1,1,0,1,6538,3
lever_thinking_all,unknown,7,recjJ54TXc04enRkZ,1,0,0,1,34604,3
lever_thinking_all,unknown,7,recf6ayQmL1SxKbvW,1,0,0,1,6402,3
lever_thinking_all,unknown,7,recXsYa3i2UhGF5fe,1,1,0,1,7886,3
lever_thinking_all,unknown,7,recHVUd2DkoKfedJZ,1,1,0,1,10974,3
lever_thinking_all,unknown,7,recRTiyaRymerDJ4y,1,1,0,1,8342,3
lever_thinking_all,unknown,7,rec06pnAkLOr2t2mp,1,1,0,1,6110,3
lever_thinking_all,unknown,7,recQ8oxSY2aCwFRS8,1,1,0,1,13572,3
lever_thinking_all,unknown,7,rec0Arme2jcXQZnAW,1,1,0,1,88515,3
lever_thinking_all,unknown,7,recAYkd96NNuNl1Ei,1,0,0,1,7149,3
lever_thinking_all,unknown,7,recINSFEYLCyyd08m,1,1,0,1,20426,3
lever_thinking_all,unknown,7,recJZ3QEfRKjYw9a7,1,1,0,1,39360,3
lever_thinking_all,unknown,7,rechKl68Uc6H7vU0N,1,1,1,0,32598,7
lever_thinking_all,unknown,7,recRZjaElf8ft7xTq,1,1,0,1,20420,3
lever_thinking_all,unknown,7,recb4cGsC6BJUCU3V,1,1,0,1,15708,3
lever_thinking_all,unknown,7,recclFbsjbaiVVnnV,1,0,1,0,32717,6
lever_thinking_all,unknown,7,rectlyG9pCAAuWhoB,1,0,1,0,34502,6
lever_thinking_all,unknown,7,recvlnu8BuLmXZhSX,1,1,0,1,10241,3
lever_thinking_all,unknown,7,recYCMJWH7IpcdqwE,1,1,0,1,20889,3
lever_thinking_all,unknown,7,recxsX66ktJ1Lwt4f,1,1,0,1,9914,3
lever_thinking_all,unknown,7,recMicVBcqy1xM1jq,1,0,0,1,9903,3
lever_thinking_all,unknown,7,recLrRirj7iXoB0rU,1,1,0,1,10927,3
lever_thinking_all,unknown,7,recUc29lMDBEvurYo,1,1,0,1,34145,3
lever_thinking_all,unknown,7,recReg13iV2HwJTaA,1,1,0,1,8375,3
lever_thinking_all,unknown,7,reca44yABeO2fx7UB,1,1,1,0,108737,7
lever_thinking_all,unknown,7,recZbxrocrxh9YENH,1,1,0,1,20253,3
lever_thinking_all,unknown,7,rec32C1ZEapBnCC0E,1,1,0,1,11814,3
lever_thinking_all,unknown,7,recVE8cUNHpHZIAvL,1,1,0,1,12627,3
lever_thinking_all,unknown,7,recGFKDUd8qgz81Zl,1,1,0,1,10371,3
lever_thinking_all,unknown,7,recKv4hFyNpViUXnL,1,1,0,1,10682,3
lever_thinking_all,unknown,7,recXvQ6gWAmyakrpD,1,1,0,1,12339,3
lever_thinking_all,unknown,7,recZWeueB7lSPR6wN,1,1,1,0,29249,6
lever_thinking_all,unknown,7,rec4L69T0Y1AS4AFS,1,1,1,0,15285,6
lever_thinking_all,unknown,7,recUBgVlkKzcRPDdK,1,0,1,0,13768,6
lever_thinking_all,unknown,7,recl1UtgTVKishAq4,1,0,1,0,24444,7
lever_thinking_all,unknown,7,recKm6LNWykGapmCr,1,1,0,1,8667,3
lever_thinking_all,unknown,7,recLB0EkQ54bYVhnd,1,1,0,1,20922,3
lever_thinking_all,unknown,7,recXsuOHRBLcyenF2,1,1,0,1,5498,3
lever_thinking_all,unknown,7,recxTy0x7M6T9ikc0,1,1,0,1,20651,3
lever_thinking_all,unknown,7,recCJJOeBGERaHYax,1,1,0,1,10700,3
lever_thinking_all,unknown,7,receYQxnUBvxPcvbQ,1,1,0,1,16416,3
lever_thinking_all,unknown,7,recb2M22zaD3tL6Qc,1,1,0,1,18666,3
lever_thinking_all,unknown,7,recqFDvYKKRmbnoUb,1,1,0,1,5714,3
lever_thinking_all,unknown,7,recfTlTMjZBuOducT,1,1,0,1,25110,3
lever_thinking_all,unknown,7,recQiWOxhkXRz9NVE,1,0,1,0,70770,7
lever_thinking_all,unknown,7,rec0wZvZgiz320KRs,1,1,0,1,14220,3
lever_thinking_all,unknown,7,reccOKzFNmyqeJ6ry,1,1,0,1,11296,3
lever_thinking_all,unknown,7,recKcjTwONILZqHAX,1,1,0,1,5077,3
lever_thinking_all,unknown,7,recIlghoOw5VbY4Zh,1,1,0,1,31793,3
lever_thinking_all,unknown,7,recmkvk6EFAmqyMxR,1,1,0,1,6879,3
lever_thinking_all,unknown,7,recmI7EiLv72PxmYK,1,1,0,1,9493,3
lever_thinking_all,unknown,7,receo3UUzRvWCqyfA,1,1,0,1,8769,3
lever_thinking_all,unknown,7,recNu3MXkvWUzHZr9,1,1,1,0,37624,7
lever_thinking_all,unknown,7,recIDiDKKrN61Auyr,1,1,0,1,6593,3
lever_thinking_all,unknown,7,reczkBiPPNrNN49Hp,1,1,0,1,20025,3
lever_thinking_all,unknown,7,rec2ZTsqazBZ3LTWZ,1,1,0,1,11677,3
lever_thinking_all,unknown,7,recyrk6XBVwugG5u8,1,1,0,1,13162,3
lever_thinking_gate_lexam,lexam,42,09a2eebe-6c96-4f10-bc76-689eec854b43,1,1,0,1,3147,4
lever_thinking_gate_lexam,lexam,42,b9785176-6859-42c9-829d-0312609916ae,1,1,0,1,3698,4
lever_thinking_gate_lexam,lexam,42,736a05d4-da8a-4177-8bd9-03d4257ff68f,1,0,0,1,3732,4
lever_thinking_gate_lexam,lexam,42,53bbecbc-ef12-4b60-9645-04015eeaa4ae,1,1,0,1,5571,4
lever_thinking_gate_lexam,lexam,42,866f89e9-c8fd-4bef-bf85-e92a7b992cf7,1,1,0,1,4620,4
lever_thinking_gate_lexam,lexam,42,f1bdfe14-a0bc-496c-b9ea-49ed1d6d03df,1,0,0,1,4465,4
lever_thinking_gate_lexam,lexam,42,8afbc6d1-fa2b-4e02-a0f3-af802c5320c3,1,1,0,1,2281,4
lever_thinking_gate_lexam,lexam,42,26263099-799d-4319-baac-3acf978c7c0a,1,1,1,0,9147,6
lever_thinking_gate_lexam,lexam,42,102d2e11-f391-44a7-b978-a3f83d882f74,1,0,1,0,7744,6
lever_thinking_gate_lexam,lexam,42,8f4ae013-cbd7-4563-9d97-26686b88ea14,1,1,1,0,9562,6
lever_thinking_gate_lexam,lexam,42,38783200-42e6-465a-98b8-410a27eb4f56,1,1,1,0,11278,6
lever_thinking_gate_lexam,lexam,42,e7273a6a-d416-452a-9b8c-6998c58fced2,1,0,1,0,11347,7
lever_thinking_gate_lexam,lexam,42,842abce3-39e3-43a5-8730-a4318fd1c3f1,1,1,0,1,5184,4
lever_thinking_gate_lexam,lexam,42,0ad0edf4-dc5f-40a3-9ec3-ae70daaa271e,1,1,0,1,5540,4
lever_thinking_gate_lexam,lexam,42,ee9c501e-8d41-49d3-85bc-a4a1e8f6a57c,1,1,0,1,2609,4
lever_thinking_gate_lexam,lexam,42,2f078222-29e9-47ce-b441-66921b51b3e7,1,0,0,1,5094,4
lever_thinking_gate_lexam,lexam,42,2cdd4813-3450-4626-8aca-773dfea1f607,1,1,1,0,6309,6
lever_thinking_gate_lexam,lexam,42,6500b177-e1e0-47f7-b550-8224fba100cf,1,1,0,1,3617,4
lever_thinking_gate_lexam,lexam,42,b218966a-d22d-412b-b3d1-cffa3755872d,1,1,0,1,3887,4
lever_thinking_gate_lexam,lexam,42,7d1ed894-dea7-4d33-88b9-efccb20333a4,1,1,0,1,9616,4
lever_thinking_gate_lexam,lexam,42,d60d8887-e23a-4219-be7a-f1f29c281c53,1,1,1,1,13764,7
lever_thinking_gate_lexam,lexam,42,5515aed1-568b-4a32-ac6d-8a41c70f878e,1,1,0,1,7080,4
lever_thinking_gate_lexam,lexam,42,1ac7dcee-1599-464e-949e-8464745c0177,1,1,1,0,14909,6
lever_thinking_gate_lexam,lexam,42,99c5edda-c827-4430-8f45-5d0cb7412e4c,1,1,0,1,3295,4
lever_thinking_gate_lexam,lexam,42,b9948b7c-c704-456f-bd02-c1bdf8cc17ba,1,1,1,0,10245,6
lever_thinking_gate_lexam,lexam,42,a32c143b-f4e0-4c32-9f06-cf4cbf9579b6,1,1,1,0,9406,6
lever_thinking_gate_lexam,lexam,42,e2d75efc-b65e-40d1-9fa7-e47d05b2653d,1,1,0,1,3103,4
lever_thinking_gate_lexam,lexam,42,ca114601-0baa-4ada-8b10-26d0ece00f7e,1,1,0,1,4731,4
lever_thinking_gate_lexam,lexam,42,a58581c7-2ffe-412b-819c-9938459733b1,1,1,0,1,3150,4
lever_thinking_gate_lexam,lexam,42,7d9a3bb7-c8cf-4a4f-a502-b0c8ea44eef6,1,1,1,0,10561,6
lever_thinking_gate_lexam,lexam,42,045fd390-346e-4d5a-a82c-5c620a53d207,1,1,0,1,3622,4
lever_thinking_gate_lexam,lexam,42,e4f77fd4-cd04-4b47-821c-9c969dfc1f80,1,1,0,1,4197,4
lever_thinking_gate_lexam,lexam,42,e1440aa0-1770-4750-8c8e-69cb5dae0df7,1,1,1,1,10872,7
lever_thinking_gate_lexam,lexam,42,430dc3d6-009b-4da6-8eba-a01f1c58589c,1,1,0,1,4425,4
lever_thinking_gate_lexam,lexam,42,1aa2d158-1f58-4671-ba73-78b7f64d04d3,1,0,0,1,3827,4
lever_thinking_gate_lexam,lexam,42,568814d7-2e54-41ab-ac2c-c14f7e17f054,1,1,0,1,4072,4
lever_thinking_gate_lexam,lexam,42,8449146d-90ee-4ee9-abe4-94e1beaa0ac2,1,0,1,0,8807,6
lever_thinking_gate_lexam,lexam,42,c72132c6-8bcb-4d4c-9d5b-2acbd0cd42e8,1,1,0,1,4090,4
lever_thinking_gate_lexam,lexam,42,4eadfed1-062d-441f-b86f-a3407bc282e7,1,1,0,1,5759,4
lever_thinking_gate_lexam,lexam,42,e7ce2112-cb65-469b-a6ae-fe9b49ebc8f9,1,1,1,1,10102,7
lever_thinking_gate_lexam,lexam,42,b766bab3-7116-42ee-853e-2eb3f01c0c15,1,0,0,1,3797,4
lever_thinking_gate_lexam,lexam,42,79b8e5fe-3c1c-434e-8ab4-3f7c6ea87e32,1,1,0,1,6115,4
lever_thinking_gate_lexam,lexam,42,53e67d91-df72-4136-b78c-4be1b900eaae,1,0,0,1,2612,4
lever_thinking_gate_lexam,lexam,42,02d7f932-337e-4f51-b72b-a3054d726c48,1,1,0,1,3507,4
lever_thinking_gate_lexam,lexam,42,bffa4b3e-2917-424e-a915-9b277f58f54e,1,1,1,0,12692,6
lever_thinking_gate_lexam,lexam,42,70d58c55-71d9-400a-938a-d79bfa9856e0,1,0,0,1,2688,4
lever_thinking_gate_lexam,lexam,42,658ad4b8-1fb2-4ddf-be33-75064c459692,1,1,0,1,3577,4
lever_thinking_gate_lexam,lexam,42,9abc219b-82f3-4c7c-91d7-653ae4960d02,1,1,0,1,3135,4
lever_thinking_gate_lexam,lexam,42,0e6fe784-81bc-454f-9d8c-f3c339fc5205,1,1,1,0,7831,6
lever_thinking_gate_lexam,lexam,42,f14962d2-fa9c-436a-b283-daf4b770e9cf,1,1,1,0,8787,6
lever_thinking_gate_mmlu_pro,mmlu_pro,42,7070,1,1,0,1,2251,4
lever_thinking_gate_mmlu_pro,mmlu_pro,42,5088,1,1,0,1,2863,4
lever_thinking_gate_mmlu_pro,mmlu_pro,42,556,1,1,0,1,6894,4
lever_thinking_gate_mmlu_pro,mmlu_pro,42,3320,1,1,0,1,1978,4
lever_thinking_gate_mmlu_pro,mmlu_pro,42,6570,1,1,0,1,2059,4
lever_thinking_gate_mmlu_pro,mmlu_pro,42,7562,1,1,0,1,2955,4
lever_thinking_gate_mmlu_pro,mmlu_pro,42,1496,1,1,1,0,7839,6
lever_thinking_gate_mmlu_pro,mmlu_pro,42,473,1,1,0,1,5170,4
lever_thinking_gate_mmlu_pro,mmlu_pro,42,10024,1,1,1,0,10753,7
lever_thinking_gate_mmlu_pro,mmlu_pro,42,2854,1,1,0,1,2813,4
lever_thinking_gate_mmlu_pro,mmlu_pro,42,8486,1,1,0,1,3300,4
lever_thinking_gate_mmlu_pro,mmlu_pro,42,2503,1,1,0,1,2666,4
lever_thinking_gate_mmlu_pro,mmlu_pro,42,8930,1,1,0,1,6405,4
lever_thinking_gate_mmlu_pro,mmlu_pro,42,3079,1,1,0,1,3209,4
lever_thinking_gate_mmlu_pro,mmlu_pro,42,688,1,1,1,1,6317,7
lever_thinking_gate_mmlu_pro,mmlu_pro,42,11489,1,1,1,0,15655,7
lever_thinking_gate_mmlu_pro,mmlu_pro,42,8802,1,1,0,1,2458,4
lever_thinking_gate_mmlu_pro,mmlu_pro,42,5136,1,1,1,0,6654,6
lever_thinking_gate_mmlu_pro,mmlu_pro,42,5874,1,1,0,1,1869,4
lever_thinking_gate_mmlu_pro,mmlu_pro,42,10343,1,1,0,1,8454,4
lever_thinking_gate_mmlu_pro,mmlu_pro,42,7511,1,1,1,1,7996,8
lever_thinking_gate_mmlu_pro,mmlu_pro,42,11562,1,1,0,1,2590,4
lever_thinking_gate_mmlu_pro,mmlu_pro,42,783,1,1,1,1,16087,8
lever_thinking_gate_mmlu_pro,mmlu_pro,42,7847,1,1,0,1,2701,4
lever_thinking_gate_mmlu_pro,mmlu_pro,42,9795,1,1,0,1,4342,4
lever_thinking_gate_mmlu_pro,mmlu_pro,42,3917,1,0,1,0,13019,7
lever_thinking_gate_mmlu_pro,mmlu_pro,42,2457,1,1,0,1,2750,4
lever_thinking_gate_mmlu_pro,mmlu_pro,42,4906,1,0,0,1,2117,4
lever_thinking_gate_mmlu_pro,mmlu_pro,42,3739,1,1,1,0,11046,7
lever_thinking_gate_mmlu_pro,mmlu_pro,42,5396,1,1,0,1,1612,4
lever_thinking_gate_mmlu_pro,mmlu_pro,42,12113,1,1,1,0,25347,7
lever_thinking_gate_mmlu_pro,mmlu_pro,42,10452,1,1,0,1,1788,4
lever_thinking_gate_mmlu_pro,mmlu_pro,42,1290,1,1,0,1,2297,4
lever_thinking_gate_mmlu_pro,mmlu_pro,42,8147,1,1,0,1,1988,4
lever_thinking_gate_mmlu_pro,mmlu_pro,42,11886,1,1,0,1,9820,4
lever_thinking_gate_mmlu_pro,mmlu_pro,42,11847,1,1,0,1,7162,4
lever_thinking_gate_mmlu_pro,mmlu_pro,42,8676,1,1,0,1,1655,4
lever_thinking_gate_mmlu_pro,mmlu_pro,42,12104,1,1,1,1,18006,8
lever_thinking_gate_mmlu_pro,mmlu_pro,42,7497,1,1,0,1,2686,4
lever_thinking_gate_mmlu_pro,mmlu_pro,42,11733,1,0,0,1,12107,4
lever_thinking_gate_mmlu_pro,mmlu_pro,42,7490,1,1,0,1,2764,4
lever_thinking_gate_mmlu_pro,mmlu_pro,42,6035,1,1,0,1,3090,4
lever_thinking_gate_mmlu_pro,mmlu_pro,42,1540,1,0,1,0,10470,6
lever_thinking_gate_mmlu_pro,mmlu_pro,42,281,1,1,0,1,2888,4
lever_thinking_gate_mmlu_pro,mmlu_pro,42,7807,1,1,0,1,1615,4
lever_thinking_gate_mmlu_pro,mmlu_pro,42,3763,1,1,1,0,10149,7
lever_thinking_gate_mmlu_pro,mmlu_pro,42,4090,1,1,1,0,16751,7
lever_thinking_gate_mmlu_pro,mmlu_pro,42,10306,1,1,0,1,3313,4
lever_thinking_gate_mmlu_pro,mmlu_pro,42,9030,1,1,1,0,8556,7
lever_thinking_gate_mmlu_pro,mmlu_pro,42,10852,1,1,1,1,7427,7
lever_thinking_gate,unknown,123,recRhwQwHijW0gCLo,1,1,0,1,8740,4
lever_thinking_gate,unknown,123,recnjViFrqlZNL3fY,1,1,0,1,7409,4
lever_thinking_gate,unknown,123,recwW1A85nfyQpReG,1,1,1,0,12620,6
lever_thinking_gate,unknown,123,recjgMJaMxz4ESDF2,1,1,0,1,4411,4
lever_thinking_gate,unknown,123,recNAiPUKOulQbKVP,1,1,1,0,8739,6
lever_thinking_gate,unknown,123,recBXlqrZUCR897It,1,1,0,1,12694,4
lever_thinking_gate,unknown,123,recJZ3QEfRKjYw9a7,1,1,1,0,16509,6
lever_thinking_gate,unknown,123,recIDiDKKrN61Auyr,1,1,0,1,3130,4
lever_thinking_gate,unknown,123,recXsuOHRBLcyenF2,1,1,0,1,2244,4
lever_thinking_gate,unknown,123,recNuT2oSnO86bxOx,1,1,0,1,10083,4
lever_thinking_gate,unknown,123,rec2UlKqC6RFHdcro,1,1,0,1,5973,4
lever_thinking_gate,unknown,123,recb2M22zaD3tL6Qc,1,1,1,0,18453,6
lever_thinking_gate,unknown,123,recD8oX1KevFbl7bL,1,1,0,1,9903,4
lever_thinking_gate,unknown,123,recw4rROcnHKNZhtK,1,1,0,1,5115,4
lever_thinking_gate,unknown,123,recyPffUDqC2k7ZZO,1,1,0,1,8405,4
lever_thinking_gate,unknown,123,recKm6LNWykGapmCr,1,1,1,0,11175,7
lever_thinking_gate,unknown,123,recDytVnNYZe2HuUU,1,1,1,0,18482,7
lever_thinking_gate,unknown,123,rec5eA17Qr1ucNLUf,1,1,0,1,5331,4
lever_thinking_gate,unknown,123,recV1nqYQvpII94oC,1,1,0,1,8768,4
lever_thinking_gate,unknown,123,recLSzwBUS3olCjhl,1,1,0,1,5697,4
lever_thinking_gate,unknown,123,recRgabRzMaEoBRcM,1,1,1,1,27370,7
lever_thinking_gate,unknown,123,recdya6FuYraBU5Rh,1,1,1,0,12909,7
lever_thinking_gate,unknown,123,recHVUd2DkoKfedJZ,1,1,0,1,7973,4
lever_thinking_gate,unknown,123,rec9GugrngvsQR99A,1,1,0,1,4859,4
lever_thinking_gate,unknown,123,recIj8lR4tuDgrHou,1,1,0,1,10704,4
lever_thinking_gate,unknown,123,rec7C06XOB2h298ue,1,1,0,1,4987,4
lever_thinking_gate,unknown,123,recrNbtgTNoabJJi6,1,0,1,0,16529,6
lever_thinking_gate,unknown,123,recxsX66ktJ1Lwt4f,1,1,0,1,4870,4
lever_thinking_gate,unknown,123,recPSTGXK3P39yNYT,1,1,0,1,7931,4
lever_thinking_gate,unknown,123,recI1ls9OXdxatHQn,1,1,0,1,6578,4
lever_thinking_gate,unknown,123,recZWeueB7lSPR6wN,1,1,0,1,6910,4
lever_thinking_gate,unknown,123,recgM7o1tcc7tP778,1,1,1,0,21086,7
lever_thinking_gate,unknown,123,rec4r4KWNLrT7g2kR,1,0,1,0,22609,6
lever_thinking_gate,unknown,123,recyrk6XBVwugG5u8,1,1,0,1,9282,4
lever_thinking_gate,unknown,123,reca44yABeO2fx7UB,1,1,1,0,17772,7
lever_thinking_gate,unknown,123,recBhnXrUyTJ6WHIR,1,1,1,1,22522,8
lever_thinking_gate,unknown,123,recvlnu8BuLmXZhSX,1,1,0,1,7761,4
lever_thinking_gate,unknown,123,recUOePh79cp4T2Bg,1,0,1,0,27283,6
lever_thinking_gate,unknown,123,recs3PLPUEMiqg4P8,1,1,1,0,20272,6
lever_thinking_gate,unknown,123,recclFbsjbaiVVnnV,1,1,1,1,24417,7
lever_thinking_gate,unknown,123,rec6sE2CRtD4drtHg,1,1,0,1,11914,4
lever_thinking_gate,unknown,123,rec5rjeLsEq5Fg7Oj,1,1,1,0,14292,6
lever_thinking_gate,unknown,123,reck4G4xxv3YnpbtQ,1,1,1,0,12193,6
lever_thinking_gate,unknown,123,recINSFEYLCyyd08m,1,1,1,0,16641,6
lever_thinking_gate,unknown,123,rec0VuKUjt1SZ7NYv,1,1,0,1,8886,4
lever_thinking_gate,unknown,123,recnTTKdBzfuoZ7w7,1,1,1,0,43579,6
lever_thinking_gate,unknown,123,rec1zl5LvaatzGhFt,1,1,0,1,7858,4
lever_thinking_gate,unknown,123,recS48OsU6kVadBPW,1,1,0,1,6220,4
lever_thinking_gate,unknown,123,reczUoM8JsxU6pYxr,1,1,0,1,5201,4
lever_thinking_gate,unknown,123,recatj4YXzbOaq3Ar,1,1,0,1,4297,4
lever_thinking_gate,unknown,123,recRTiyaRymerDJ4y,1,1,1,0,7944,7
lever_thinking_gate,unknown,123,recAYkd96NNuNl1Ei,1,0,0,1,2567,4
lever_thinking_gate,unknown,123,recoy9ZLBsc7HIRBy,1,1,1,0,18373,7
lever_thinking_gate,unknown,123,recr3VHM4zYf6dMFY,1,1,1,0,13789,6
lever_thinking_gate,unknown,123,recl1UtgTVKishAq4,1,0,1,0,24930,6
lever_thinking_gate,unknown,123,recGFKDUd8qgz81Zl,1,1,1,0,13766,7
lever_thinking_gate,unknown,123,recVvpD8miVjmmyfe,1,1,1,0,28326,7
lever_thinking_gate,unknown,123,recZSGUkn56v9kEp1,1,1,1,1,31174,7
lever_thinking_gate,unknown,123,recXvQ6gWAmyakrpD,1,1,0,1,10293,4
lever_thinking_gate,unknown,123,recJpyGtGIsxulevT,1,1,0,1,5196,4
lever_thinking_gate,unknown,123,recReg13iV2HwJTaA,1,1,0,1,5420,4
lever_thinking_gate,unknown,123,recDj2Y2BbtV02Wv5,1,0,1,0,8134,7
lever_thinking_gate,unknown,123,recvZlMbpPz0yLDle,1,1,1,1,20068,8
lever_thinking_gate,unknown,123,reczjcMtrB1YGS2fO,1,1,1,0,13606,7
lever_thinking_gate,unknown,123,reczzzihL7btBH7RO,1,0,1,1,15462,8
lever_thinking_gate,unknown,123,recFaL6j8UMhutXrc,1,1,1,0,20722,6
lever_thinking_gate,unknown,123,recZbxrocrxh9YENH,1,1,1,0,18974,7
lever_thinking_gate,unknown,123,rec4L69T0Y1AS4AFS,1,1,0,1,7455,4
lever_thinking_gate,unknown,123,recyl3usDqb7ruXJx,1,1,1,1,16030,7
lever_thinking_gate,unknown,123,recnawZPumSCLMVgp,1,1,1,0,15522,7
lever_thinking_gate,unknown,123,recPL4ZPpVYxgMu57,1,1,0,1,3650,4
lever_thinking_gate,unknown,123,recWzUUYBN0NuXO2k,1,1,1,1,13332,8
lever_thinking_gate,unknown,123,reck1zKeCssmN82Ga,1,1,1,0,9163,6
lever_thinking_gate,unknown,123,rectlyG9pCAAuWhoB,1,0,1,0,28706,6
lever_thinking_gate,unknown,123,recLAgwx9vbgB5EHk,1,1,0,1,10915,4
lever_thinking_gate,unknown,123,recqGD3fxPCI59vPQ,1,1,1,0,16103,7
lever_thinking_gate,unknown,123,recLrRirj7iXoB0rU,1,1,0,1,9313,4
lever_thinking_gate,unknown,123,recRZjaElf8ft7xTq,1,1,1,0,13973,7
lever_thinking_gate,unknown,123,recZ13cwgDQf9jRd9,1,0,1,0,24984,6
lever_thinking_gate,unknown,123,rec32C1ZEapBnCC0E,1,1,0,1,5630,4
lever_thinking_gate,unknown,123,recZt4x514UQNnsgy,1,0,1,1,22869,7
lever_thinking_gate,unknown,123,rechtUKxC6G67H7Pr,1,1,0,1,6505,4
lever_thinking_gate,unknown,123,recypVp2NmPlBKVTp,1,1,0,1,3670,4
lever_thinking_gate,unknown,123,recYCMJWH7IpcdqwE,1,1,0,1,15555,4
lever_thinking_gate,unknown,123,reckYqR92oJkqJXkE,1,1,0,1,3962,4
lever_thinking_gate,unknown,123,recINGR1z01Fh1Z3A,1,1,0,1,5123,4
lever_thinking_gate,unknown,123,recihePFulRgNKsIn,1,0,0,1,4339,4
lever_thinking_gate,unknown,123,rec1oj2DveQWl9Rpw,1,0,0,1,8159,4
lever_thinking_gate,unknown,123,recn3NhOhqAPLda16,1,1,1,0,19988,6
lever_thinking_gate,unknown,123,recb80OwMgNnceA9t,1,1,1,0,31444,6
lever_thinking_gate,unknown,42,rec0wZvZgiz320KRs,1,1,1,0,13719,7
lever_thinking_gate,unknown,42,recypVp2NmPlBKVTp,1,1,0,1,4139,4
lever_thinking_gate,unknown,42,recINSFEYLCyyd08m,1,1,1,0,22840,6
lever_thinking_gate,unknown,42,rechKl68Uc6H7vU0N,1,1,1,0,20921,7
lever_thinking_gate,unknown,42,recnawZPumSCLMVgp,1,1,1,0,18053,7
lever_thinking_gate,unknown,42,rec527dNeEtWJrYNl,1,1,0,1,3175,4
lever_thinking_gate,unknown,42,rec4r4KWNLrT7g2kR,1,1,1,0,26295,6
lever_thinking_gate,unknown,42,recVvpD8miVjmmyfe,1,0,1,0,31598,7
lever_thinking_gate,unknown,42,rec0yTRmO1o1xCA6H,1,1,1,0,6807,6
lever_thinking_gate,unknown,42,recQiWOxhkXRz9NVE,1,1,1,1,38979,7
lever_thinking_gate,unknown,42,recnTTKdBzfuoZ7w7,1,0,1,0,59568,6
lever_thinking_gate,unknown,42,recb80OwMgNnceA9t,1,1,1,0,20218,6
lever_thinking_gate,unknown,42,recE2ihVfqEK4R9d0,1,1,0,1,5322,4
lever_thinking_gate,unknown,42,rec6sE2CRtD4drtHg,1,1,0,1,13064,4
lever_thinking_gate,unknown,42,reczjcMtrB1YGS2fO,1,1,1,0,12645,7
lever_thinking_gate,unknown,42,recDj2Y2BbtV02Wv5,1,0,1,0,18686,7
lever_thinking_gate,unknown,42,recpki12iG9RUGrz9,1,1,0,1,7155,4
lever_thinking_gate,unknown,42,recIj8lR4tuDgrHou,1,1,1,0,17154,7
lever_thinking_gate,unknown,42,recGFNRVl1qBZGwyU,1,1,1,0,23184,7
lever_thinking_gate,unknown,42,rec260hNUCEj109Dj,1,1,0,1,6523,4
lever_thinking_gate,unknown,42,rec5rjeLsEq5Fg7Oj,1,1,1,0,23171,6
lever_thinking_gate,unknown,42,recLAgwx9vbgB5EHk,1,1,0,1,11007,4
lever_thinking_gate,unknown,42,recXvQ6gWAmyakrpD,1,1,0,1,8816,4
lever_thinking_gate,unknown,42,recWPMm91mGDLXONm,1,1,0,1,4804,4
lever_thinking_gate,unknown,42,recSBcGLPatKb3Ygu,1,1,0,1,5091,4
lever_thinking_gate,unknown,42,recHVUd2DkoKfedJZ,1,1,1,1,21974,8
lever_thinking_gate,unknown,42,recOvqPKUtyy9ISA1,1,1,1,0,22448,6
lever_thinking_gate,unknown,42,recVEXvhYxAhELVqB,1,1,0,1,10641,4
lever_thinking_gate,unknown,42,reczzzihL7btBH7RO,1,0,0,1,9332,4
lever_thinking_gate,unknown,42,recmI7EiLv72PxmYK,1,1,1,0,16383,7
lever_thinking_gate,unknown,42,recPSTGXK3P39yNYT,1,1,0,1,5474,4
lever_thinking_gate,unknown,42,recatj4YXzbOaq3Ar,1,1,0,1,4654,4
lever_thinking_gate,unknown,42,recIlghoOw5VbY4Zh,1,1,0,1,9529,4
lever_thinking_gate,unknown,42,recL9MFV5zmdlle5T,1,1,1,1,19614,8
lever_thinking_gate,unknown,42,recnGEpF1srQpaqWq,1,0,1,0,33323,6
lever_thinking_gate,unknown,42,recEmTBhx2hgw6tPQ,1,0,1,0,19718,6
lever_thinking_gate,unknown,42,recwW1A85nfyQpReG,1,1,1,0,11784,7
lever_thinking_gate,unknown,42,rec4L69T0Y1AS4AFS,1,1,0,1,5432,4
lever_thinking_gate,unknown,42,recMicVBcqy1xM1jq,1,1,1,1,17390,8
lever_thinking_gate,unknown,42,recNuT2oSnO86bxOx,1,1,1,1,14411,7
lever_thinking_gate,unknown,42,recGee5m84dg5FZkc,1,1,1,0,13345,6
lever_thinking_gate,unknown,42,recdya6FuYraBU5Rh,1,1,0,1,5705,4
lever_thinking_gate,unknown,42,recwlwlcPvXVNPmvl,1,1,0,1,4332,4
lever_thinking_gate,unknown,42,recJZ3QEfRKjYw9a7,1,1,1,0,13041,6
lever_thinking_gate,unknown,42,rectXfsCM1dj4Kv2c,1,1,0,1,4797,4
lever_thinking_gate,unknown,42,recooG6bivTUJpDBz,1,1,1,0,20635,7
lever_thinking_gate,unknown,42,recaXdGn3FAIkxLGM,1,1,1,0,13100,7
lever_thinking_gate,unknown,42,recO3hvCWRGiG0odN,1,1,0,1,10871,4
lever_thinking_gate,unknown,42,reccOKzFNmyqeJ6ry,1,0,1,0,12156,6
lever_thinking_gate,unknown,42,rec06pnAkLOr2t2mp,1,1,0,1,4657,4
lever_thinking_gate,unknown,42,rec7C06XOB2h298ue,1,1,0,1,3694,4
lever_thinking_gate,unknown,42,recs3PLPUEMiqg4P8,1,1,1,1,22061,7
lever_thinking_gate,unknown,42,reckEnrOPFT9Ru7tW,1,1,0,1,11616,4
lever_thinking_gate,unknown,42,rechgQucGlrnt8KRV,1,1,0,1,9184,4
lever_thinking_gate,unknown,42,recoiTJPGUmzAkief,1,1,0,1,4400,4
lever_thinking_gate,unknown,42,reck4G4xxv3YnpbtQ,1,0,1,0,15057,6
lever_thinking_gate,unknown,42,reccVFW11Elovnf8T,1,1,1,0,19844,6
lever_thinking_gate,unknown,42,recI1ls9OXdxatHQn,1,1,0,1,7534,4
lever_thinking_gate,unknown,42,recRZjaElf8ft7xTq,1,1,1,0,13753,7
lever_thinking_gate,unknown,42,recIOlKBsOeEcgkA1,1,1,0,1,4181,4
lever_thinking_gate,unknown,42,recmkvk6EFAmqyMxR,1,1,0,1,5982,4
lever_thinking_gate,unknown,42,rechtUKxC6G67H7Pr,1,1,0,1,4842,4
lever_thinking_gate,unknown,42,reczUoM8JsxU6pYxr,1,1,0,1,6558,4
lever_thinking_gate,unknown,42,rec8y3ZrBOcLgNEkE,1,1,0,1,3798,4
lever_thinking_gate,unknown,42,recclFbsjbaiVVnnV,1,1,1,0,24110,6
lever_thinking_gate,unknown,42,rec5eA17Qr1ucNLUf,1,1,1,0,13246,7
lever_thinking_gate,unknown,42,recPIzpnuYpB4yvmp,1,1,1,0,16549,7
lever_thinking_gate,unknown,42,recINGR1z01Fh1Z3A,1,1,0,1,5407,4
lever_thinking_gate,unknown,42,recPL4ZPpVYxgMu57,1,1,0,1,4136,4
lever_thinking_gate,unknown,42,reczkBiPPNrNN49Hp,1,1,0,1,7655,4
lever_thinking_gate,unknown,42,receo3UUzRvWCqyfA,1,1,0,1,7364,4
lever_thinking_gate,unknown,42,recJJcOHhFeSaRpl4,1,1,0,1,5423,4
lever_thinking_gate,unknown,42,recUOePh79cp4T2Bg,1,0,0,1,10131,4
lever_thinking_gate,unknown,42,recLSzwBUS3olCjhl,1,1,0,1,3750,4
lever_thinking_gate,unknown,42,recuYEkVjdVUwA3c0,1,1,1,0,13734,7
lever_thinking_gate,unknown,42,recv7GsQg3f0fvB1f,1,1,0,1,3504,4
lever_thinking_gate,unknown,42,receYQxnUBvxPcvbQ,1,1,1,0,21419,7
lever_thinking_gate,unknown,42,recn3NhOhqAPLda16,1,1,1,0,15385,6
lever_thinking_gate,unknown,42,recihePFulRgNKsIn,1,0,0,1,4140,4
lever_thinking_gate,unknown,42,recf6ayQmL1SxKbvW,1,0,0,1,5048,4
lever_thinking_gate,unknown,42,recrNbtgTNoabJJi6,1,1,1,0,13919,6
lever_thinking_gate,unknown,42,recjJ54TXc04enRkZ,1,1,1,0,22887,6
lever_thinking_gate,unknown,42,recFaL6j8UMhutXrc,1,1,1,1,23820,7
lever_thinking_gate,unknown,42,rec8nshandHARTkrg,1,1,1,0,20364,6
lever_thinking_gate,unknown,42,recr3VHM4zYf6dMFY,1,1,1,0,16320,6
lever_thinking_gate,unknown,42,recfTlTMjZBuOducT,1,1,0,1,9682,4
lever_thinking_gate,unknown,42,recXsuOHRBLcyenF2,1,1,0,1,2630,4
lever_thinking_gate,unknown,42,recOkA2zsy4GSMD9R,1,1,1,0,17259,7
lever_thinking_gate,unknown,42,recBhnXrUyTJ6WHIR,1,1,1,0,16101,6
lever_thinking_gate,unknown,42,reckl6PkaEMWM50yZ,1,0,1,0,33018,6
lever_thinking_gate,unknown,7,recz3MfYHPRhsEQkW,1,1,0,1,7145,4
lever_thinking_gate,unknown,7,recoiTJPGUmzAkief,1,1,0,1,4394,4
lever_thinking_gate,unknown,7,recooG6bivTUJpDBz,1,1,1,0,18676,7
lever_thinking_gate,unknown,7,recrHBEJJoDTV05JR,1,1,1,0,19092,7
lever_thinking_gate,unknown,7,rec527dNeEtWJrYNl,1,1,0,1,3587,4
lever_thinking_gate,unknown,7,recOvqPKUtyy9ISA1,1,1,1,0,21934,7
lever_thinking_gate,unknown,7,recYt8xx80OTyDsL0,1,1,0,1,3613,4
lever_thinking_gate,unknown,7,rec0yTRmO1o1xCA6H,1,0,0,1,4609,4
lever_thinking_gate,unknown,7,recmwwQJnx7ll7bqL,1,1,0,1,4565,4
lever_thinking_gate,unknown,7,recVvpD8miVjmmyfe,1,0,1,0,21270,7
lever_thinking_gate,unknown,7,rec2UlKqC6RFHdcro,1,1,0,1,6871,4
lever_thinking_gate,unknown,7,reczUoM8JsxU6pYxr,1,1,0,1,7131,4
lever_thinking_gate,unknown,7,recFaL6j8UMhutXrc,1,1,1,0,21545,6
lever_thinking_gate,unknown,7,recD8oX1KevFbl7bL,1,1,1,0,18472,7
lever_thinking_gate,unknown,7,recYOzCsevNz61Lyn,1,1,0,1,6438,4
lever_thinking_gate,unknown,7,recBXlqrZUCR897It,1,1,1,1,17310,8
lever_thinking_gate,unknown,7,recEmTBhx2hgw6tPQ,1,0,1,0,17570,6
lever_thinking_gate,unknown,7,recDDxpS9s8cwkqfq,1,1,1,1,15450,8
lever_thinking_gate,unknown,7,recIMcQfaQNa6vzsT,1,1,1,0,12992,7
lever_thinking_gate,unknown,7,rec47oNPXudlTIk4y,1,1,1,0,18091,6
lever_thinking_gate,unknown,7,rec0Arme2jcXQZnAW,1,1,1,0,11679,7
lever_thinking_gate,unknown,7,reck4G4xxv3YnpbtQ,1,0,1,0,14254,6
lever_thinking_gate,unknown,7,recb80OwMgNnceA9t,1,1,1,0,24429,6
lever_thinking_gate,unknown,7,recS48OsU6kVadBPW,1,1,0,1,6876,4
lever_thinking_gate,unknown,7,reccVBrYdwsB84fGy,1,1,1,0,18039,7
lever_thinking_gate,unknown,7,recyl3usDqb7ruXJx,1,1,1,1,13900,7
lever_thinking_gate,unknown,7,recPzW1WqRnPs57D6,1,1,0,1,4855,4
lever_thinking_gate,unknown,7,rec1zl5LvaatzGhFt,1,1,0,1,9821,4
lever_thinking_gate,unknown,7,recPSTGXK3P39yNYT,1,1,0,1,7283,4
lever_thinking_gate,unknown,7,recpki12iG9RUGrz9,1,1,0,1,7103,4
lever_thinking_gate,unknown,7,recihePFulRgNKsIn,1,0,0,1,4093,4
lever_thinking_gate,unknown,7,recRhwQwHijW0gCLo,1,1,1,0,22628,7
lever_thinking_gate,unknown,7,recdya6FuYraBU5Rh,1,1,0,1,5446,4
lever_thinking_gate,unknown,7,recwW1A85nfyQpReG,1,1,0,1,7437,4
lever_thinking_gate,unknown,7,recf6ayQmL1SxKbvW,1,0,0,1,3321,4
lever_thinking_gate,unknown,7,recXsYa3i2UhGF5fe,1,1,1,0,11601,7
lever_thinking_gate,unknown,7,recWxGU8Q4YReJ1tb,1,1,1,0,25483,6
lever_thinking_gate,unknown,7,recjJ54TXc04enRkZ,1,1,1,0,34383,6
lever_thinking_gate,unknown,7,recHVUd2DkoKfedJZ,1,1,0,1,8470,4
lever_thinking_gate,unknown,7,rec06pnAkLOr2t2mp,1,1,0,1,5850,4
lever_thinking_gate,unknown,7,recRTiyaRymerDJ4y,1,1,1,0,9102,7
lever_thinking_gate,unknown,7,recQ8oxSY2aCwFRS8,1,1,0,1,8787,4
lever_thinking_gate,unknown,7,recAYkd96NNuNl1Ei,1,0,1,0,5489,6
lever_thinking_gate,unknown,7,recINSFEYLCyyd08m,1,1,1,0,17211,7
lever_thinking_gate,unknown,7,reca44yABeO2fx7UB,1,1,0,1,12845,4
lever_thinking_gate,unknown,7,recJZ3QEfRKjYw9a7,1,1,1,0,19366,7
lever_thinking_gate,unknown,7,rechKl68Uc6H7vU0N,1,1,1,0,17790,6
lever_thinking_gate,unknown,7,recRZjaElf8ft7xTq,1,1,1,0,16619,7
lever_thinking_gate,unknown,7,recb4cGsC6BJUCU3V,1,1,1,0,15558,7
lever_thinking_gate,unknown,7,rectlyG9pCAAuWhoB,1,0,0,1,12752,4
lever_thinking_gate,unknown,7,recvlnu8BuLmXZhSX,1,1,1,0,13139,7
lever_thinking_gate,unknown,7,recxsX66ktJ1Lwt4f,1,1,0,1,4932,4
lever_thinking_gate,unknown,7,recYCMJWH7IpcdqwE,1,1,1,1,18989,7
lever_thinking_gate,unknown,7,recMicVBcqy1xM1jq,1,0,0,1,7701,4
lever_thinking_gate,unknown,7,recLrRirj7iXoB0rU,1,1,0,1,5251,4
lever_thinking_gate,unknown,7,recclFbsjbaiVVnnV,1,0,1,0,26770,6
lever_thinking_gate,unknown,7,recReg13iV2HwJTaA,1,1,0,1,6462,4
lever_thinking_gate,unknown,7,recUc29lMDBEvurYo,1,1,1,1,21939,8
lever_thinking_gate,unknown,7,recZWeueB7lSPR6wN,1,1,1,0,16134,6
lever_thinking_gate,unknown,7,rec32C1ZEapBnCC0E,1,1,0,1,9203,4
lever_thinking_gate,unknown,7,recZbxrocrxh9YENH,1,1,1,0,19655,7
lever_thinking_gate,unknown,7,recKv4hFyNpViUXnL,1,1,0,1,10745,4
lever_thinking_gate,unknown,7,recVE8cUNHpHZIAvL,1,1,1,0,18765,7
lever_thinking_gate,unknown,7,recGFKDUd8qgz81Zl,1,1,1,0,14181,7
lever_thinking_gate,unknown,7,recXvQ6gWAmyakrpD,1,1,0,1,9772,4
lever_thinking_gate,unknown,7,rec4L69T0Y1AS4AFS,1,1,0,1,9191,4
lever_thinking_gate,unknown,7,recUBgVlkKzcRPDdK,1,0,1,0,10452,6
lever_thinking_gate,unknown,7,recKm6LNWykGapmCr,1,1,1,0,11162,7
lever_thinking_gate,unknown,7,recxTy0x7M6T9ikc0,1,1,0,1,10627,4
lever_thinking_gate,unknown,7,recXsuOHRBLcyenF2,1,1,0,1,3680,4
lever_thinking_gate,unknown,7,recQiWOxhkXRz9NVE,1,0,1,0,30867,6
lever_thinking_gate,unknown,7,receYQxnUBvxPcvbQ,1,1,0,1,7345,4
lever_thinking_gate,unknown,7,recLB0EkQ54bYVhnd,1,1,1,0,23807,7
lever_thinking_gate,unknown,7,recCJJOeBGERaHYax,1,1,1,0,15418,6
lever_thinking_gate,unknown,7,recqFDvYKKRmbnoUb,1,1,0,1,4768,4
lever_thinking_gate,unknown,7,recfTlTMjZBuOducT,1,1,0,1,9563,4
lever_thinking_gate,unknown,7,recNu3MXkvWUzHZr9,1,1,1,0,17355,7
lever_thinking_gate,unknown,7,recIlghoOw5VbY4Zh,1,1,1,0,15818,7
lever_thinking_gate,unknown,7,recb2M22zaD3tL6Qc,1,1,1,0,32948,7
lever_thinking_gate,unknown,7,rec0wZvZgiz320KRs,1,1,1,0,14170,7
lever_thinking_gate,unknown,7,reccOKzFNmyqeJ6ry,1,1,0,1,6296,4
lever_thinking_gate,unknown,7,recKcjTwONILZqHAX,1,1,0,1,4514,4
lever_thinking_gate,unknown,7,recmI7EiLv72PxmYK,1,1,0,1,7478,4
lever_thinking_gate,unknown,7,reczkBiPPNrNN49Hp,1,1,0,1,5334,4
lever_thinking_gate,unknown,7,recIDiDKKrN61Auyr,1,1,0,1,2868,4
lever_thinking_gate,unknown,7,recmkvk6EFAmqyMxR,1,1,1,0,14458,7
lever_thinking_gate,unknown,7,receo3UUzRvWCqyfA,1,1,1,0,11481,6
lever_thinking_gate,unknown,7,rec2ZTsqazBZ3LTWZ,1,1,1,0,16669,6
lever_thinking_gate,unknown,7,recyrk6XBVwugG5u8,1,1,1,0,20278,7
lever_thinking,unknown,42,recypVp2NmPlBKVTp,1,1,0,1,2738,3
lever_thinking,unknown,42,rec0wZvZgiz320KRs,1,1,1,0,13152,7
lever_thinking,unknown,42,recnawZPumSCLMVgp,1,1,1,0,18820,7
lever_thinking,unknown,42,recINSFEYLCyyd08m,1,1,1,0,21461,6
lever_thinking,unknown,42,rec527dNeEtWJrYNl,1,1,0,1,3517,3
lever_thinking,unknown,42,rechKl68Uc6H7vU0N,1,1,1,0,25432,7
lever_thinking,unknown,42,recQiWOxhkXRz9NVE,1,1,0,1,13532,3
lever_thinking,unknown,42,rec0yTRmO1o1xCA6H,1,1,1,0,6821,6
lever_thinking,unknown,42,recVvpD8miVjmmyfe,1,0,1,0,27703,7
lever_thinking,unknown,42,recDj2Y2BbtV02Wv5,1,0,0,1,5755,3
lever_thinking,unknown,42,rec6sE2CRtD4drtHg,1,1,0,1,11690,3
lever_thinking,unknown,42,rec4r4KWNLrT7g2kR,1,1,1,0,23171,6
lever_thinking,unknown,42,recE2ihVfqEK4R9d0,1,1,0,1,4287,3
lever_thinking,unknown,42,rec5rjeLsEq5Fg7Oj,1,1,1,0,16555,6
lever_thinking,unknown,42,reczjcMtrB1YGS2fO,1,1,1,0,13828,7
lever_thinking,unknown,42,recnTTKdBzfuoZ7w7,1,0,1,0,58340,6
lever_thinking,unknown,42,recpki12iG9RUGrz9,1,1,0,1,7980,3
lever_thinking,unknown,42,rec260hNUCEj109Dj,1,1,0,1,4333,3
lever_thinking,unknown,42,recIj8lR4tuDgrHou,1,1,1,0,14878,7
lever_thinking,unknown,42,recGFNRVl1qBZGwyU,1,1,1,0,16495,7
lever_thinking,unknown,42,recXvQ6gWAmyakrpD,1,1,0,1,8213,3
lever_thinking,unknown,42,recWPMm91mGDLXONm,1,1,0,1,4649,3
lever_thinking,unknown,42,recLAgwx9vbgB5EHk,1,1,1,0,21140,6
lever_thinking,unknown,42,recb80OwMgNnceA9t,1,1,1,0,25892,6
lever_thinking,unknown,42,recOvqPKUtyy9ISA1,1,1,0,1,8434,3
lever_thinking,unknown,42,recSBcGLPatKb3Ygu,1,1,1,0,9473,7
lever_thinking,unknown,42,recVEXvhYxAhELVqB,1,1,0,1,15027,3
lever_thinking,unknown,42,recmI7EiLv72PxmYK,1,1,1,0,17045,7
lever_thinking,unknown,42,recHVUd2DkoKfedJZ,1,1,1,0,16191,7
lever_thinking,unknown,42,recPSTGXK3P39yNYT,1,1,0,1,5651,3
lever_thinking,unknown,42,recatj4YXzbOaq3Ar,1,1,0,1,3787,3
lever_thinking,unknown,42,reczzzihL7btBH7RO,1,0,1,0,19150,7
lever_thinking,unknown,42,recIlghoOw5VbY4Zh,1,1,1,0,22103,7
lever_thinking,unknown,42,recL9MFV5zmdlle5T,1,1,0,1,8463,3
lever_thinking,unknown,42,recEmTBhx2hgw6tPQ,1,1,1,0,18406,6
lever_thinking,unknown,42,recMicVBcqy1xM1jq,1,0,0,1,4486,3
lever_thinking,unknown,42,rec4L69T0Y1AS4AFS,1,1,0,1,4768,3
lever_thinking,unknown,42,recwW1A85nfyQpReG,1,1,1,0,13926,7
lever_thinking,unknown,42,recNuT2oSnO86bxOx,1,1,0,1,6041,3
lever_thinking,unknown,42,recnGEpF1srQpaqWq,1,1,1,0,27583,6
lever_thinking,unknown,42,recdya6FuYraBU5Rh,1,1,0,1,3602,3
lever_thinking,unknown,42,recwlwlcPvXVNPmvl,1,1,0,1,4131,3
lever_thinking,unknown,42,recJZ3QEfRKjYw9a7,1,1,1,0,16889,7
lever_thinking,unknown,42,recooG6bivTUJpDBz,1,1,1,0,22637,7
lever_thinking,unknown,42,recaXdGn3FAIkxLGM,1,1,1,0,14215,7
lever_thinking,unknown,42,reccOKzFNmyqeJ6ry,1,1,0,1,3549,3
lever_thinking,unknown,42,recGee5m84dg5FZkc,1,1,1,0,18710,6
lever_thinking,unknown,42,rec06pnAkLOr2t2mp,1,1,0,1,2504,3
lever_thinking,unknown,42,recO3hvCWRGiG0odN,1,1,0,1,9998,3
lever_thinking,unknown,42,reckEnrOPFT9Ru7tW,1,1,0,1,9031,3
lever_thinking,unknown,42,rec7C06XOB2h298ue,1,1,0,1,3043,3
lever_thinking,unknown,42,reck4G4xxv3YnpbtQ,1,0,0,1,5624,3
lever_thinking,unknown,42,rectXfsCM1dj4Kv2c,1,1,1,0,16961,7
lever_thinking,unknown,42,recoiTJPGUmzAkief,1,1,0,1,3922,3
lever_thinking,unknown,42,reccVFW11Elovnf8T,1,1,1,0,18869,6
lever_thinking,unknown,42,rechgQucGlrnt8KRV,1,1,1,0,16295,7
lever_thinking,unknown,42,recRZjaElf8ft7xTq,1,1,0,1,9255,3
lever_thinking,unknown,42,recI1ls9OXdxatHQn,1,1,0,1,6628,3
lever_thinking,unknown,42,recmkvk6EFAmqyMxR,1,1,0,1,4171,3
lever_thinking,unknown,42,recIOlKBsOeEcgkA1,1,1,0,1,3935,3
lever_thinking,unknown,42,rechtUKxC6G67H7Pr,1,1,0,1,4076,3
lever_thinking,unknown,42,rec8y3ZrBOcLgNEkE,1,1,0,1,3375,3
lever_thinking,unknown,42,recs3PLPUEMiqg4P8,1,1,1,0,26331,6
lever_thinking,unknown,42,recclFbsjbaiVVnnV,1,0,1,0,19852,6
lever_thinking,unknown,42,reczUoM8JsxU6pYxr,1,1,1,0,16493,7
lever_thinking,unknown,42,rec5eA17Qr1ucNLUf,1,1,1,0,15960,7
lever_thinking,unknown,42,recINGR1z01Fh1Z3A,1,1,0,1,4982,3
lever_thinking,unknown,42,recPL4ZPpVYxgMu57,1,1,0,1,2327,3
lever_thinking,unknown,42,reczkBiPPNrNN49Hp,1,1,0,1,7131,3
lever_thinking,unknown,42,receo3UUzRvWCqyfA,1,1,0,1,4474,3
lever_thinking,unknown,42,recPIzpnuYpB4yvmp,1,1,1,0,21853,7
lever_thinking,unknown,42,recJJcOHhFeSaRpl4,1,1,0,1,4590,3
lever_thinking,unknown,42,recLSzwBUS3olCjhl,1,1,0,1,3819,3
lever_thinking,unknown,42,recuYEkVjdVUwA3c0,1,1,1,0,8600,7
lever_thinking,unknown,42,recUOePh79cp4T2Bg,1,0,0,1,14276,3
lever_thinking,unknown,42,receYQxnUBvxPcvbQ,1,1,1,0,17015,7
lever_thinking,unknown,42,recv7GsQg3f0fvB1f,1,1,0,1,4334,3
lever_thinking,unknown,42,recf6ayQmL1SxKbvW,1,0,0,1,3540,3
lever_thinking,unknown,42,recihePFulRgNKsIn,1,0,0,1,3917,3
lever_thinking,unknown,42,recn3NhOhqAPLda16,1,1,0,1,6437,3
lever_thinking,unknown,42,recrNbtgTNoabJJi6,1,1,1,0,9873,6
lever_thinking,unknown,42,recr3VHM4zYf6dMFY,1,1,1,0,9985,6
lever_thinking,unknown,42,recjJ54TXc04enRkZ,1,0,1,0,20765,6
lever_thinking,unknown,42,recfTlTMjZBuOducT,1,1,0,1,7470,3
lever_thinking,unknown,42,recFaL6j8UMhutXrc,1,1,1,0,29526,7
lever_thinking,unknown,42,recXsuOHRBLcyenF2,1,1,0,1,2396,3
lever_thinking,unknown,42,rec8nshandHARTkrg,1,1,1,0,22558,6
lever_thinking,unknown,42,recBhnXrUyTJ6WHIR,1,0,0,1,11046,3
lever_thinking,unknown,42,recOkA2zsy4GSMD9R,1,1,1,0,20020,7
lever_thinking,unknown,42,reckl6PkaEMWM50yZ,1,1,1,0,26098,7
lever_thinking,unknown,7,recoiTJPGUmzAkief,1,1,0,1,3695,3
lever_thinking,unknown,7,recz3MfYHPRhsEQkW,1,1,0,1,7975,3
lever_thinking,unknown,7,recooG6bivTUJpDBz,1,0,0,1,9124,3
lever_thinking,unknown,7,rec527dNeEtWJrYNl,1,1,0,1,3487,3
lever_thinking,unknown,7,recrHBEJJoDTV05JR,1,1,1,0,16205,7
lever_thinking,unknown,7,recYt8xx80OTyDsL0,1,1,0,1,2978,3
lever_thinking,unknown,7,rec0yTRmO1o1xCA6H,1,1,1,0,7877,6
lever_thinking,unknown,7,recmwwQJnx7ll7bqL,1,1,0,1,4911,3
lever_thinking,unknown,7,rec2UlKqC6RFHdcro,1,1,0,1,6423,3
lever_thinking,unknown,7,recOvqPKUtyy9ISA1,1,1,1,0,22309,6
lever_thinking,unknown,7,recFaL6j8UMhutXrc,1,1,1,0,22076,6
lever_thinking,unknown,7,reczUoM8JsxU6pYxr,1,1,1,0,12323,7
lever_thinking,unknown,7,recVvpD8miVjmmyfe,1,0,1,0,26437,7
lever_thinking,unknown,7,recD8oX1KevFbl7bL,1,1,1,0,17068,7
lever_thinking,unknown,7,recYOzCsevNz61Lyn,1,1,0,1,5023,3
lever_thinking,unknown,7,recBXlqrZUCR897It,1,1,1,0,18988,6
lever_thinking,unknown,7,rec47oNPXudlTIk4y,1,1,1,0,13622,6
lever_thinking,unknown,7,recDDxpS9s8cwkqfq,1,1,1,0,13793,7
lever_thinking,unknown,7,recIMcQfaQNa6vzsT,1,1,0,1,4223,3
lever_thinking,unknown,7,rec0Arme2jcXQZnAW,1,0,0,1,5406,3
lever_thinking,unknown,7,reck4G4xxv3YnpbtQ,1,1,1,0,14127,6
lever_thinking,unknown,7,recyl3usDqb7ruXJx,1,1,0,1,4723,3
lever_thinking,unknown,7,reccVBrYdwsB84fGy,1,0,1,0,16279,7
lever_thinking,unknown,7,recPzW1WqRnPs57D6,1,1,0,1,2899,3
lever_thinking,unknown,7,recS48OsU6kVadBPW,1,1,0,1,7250,3
lever_thinking,unknown,7,recPSTGXK3P39yNYT,1,1,0,1,6005,3
lever_thinking,unknown,7,rec1zl5LvaatzGhFt,1,1,0,1,7492,3
lever_thinking,unknown,7,recihePFulRgNKsIn,1,0,0,1,5482,3
lever_thinking,unknown,7,recb80OwMgNnceA9t,1,1,1,0,18191,6
lever_thinking,unknown,7,recEmTBhx2hgw6tPQ,1,1,1,0,42623,6
lever_thinking,unknown,7,recpki12iG9RUGrz9,1,1,1,0,16117,7
lever_thinking,unknown,7,recdya6FuYraBU5Rh,1,1,0,1,7872,3
lever_thinking,unknown,7,recRhwQwHijW0gCLo,1,1,1,0,18933,7
lever_thinking,unknown,7,recf6ayQmL1SxKbvW,1,0,0,1,2768,3
lever_thinking,unknown,7,recwW1A85nfyQpReG,1,1,1,0,11390,7
lever_thinking,unknown,7,recHVUd2DkoKfedJZ,1,1,0,1,9842,3
lever_thinking,unknown,7,recRTiyaRymerDJ4y,1,1,0,1,3769,3
lever_thinking,unknown,7,recXsYa3i2UhGF5fe,1,1,1,0,11307,6
lever_thinking,unknown,7,rec06pnAkLOr2t2mp,1,1,0,1,5227,3
lever_thinking,unknown,7,recWxGU8Q4YReJ1tb,1,0,1,0,29757,6
lever_thinking,unknown,7,recjJ54TXc04enRkZ,1,0,1,0,27703,6
lever_thinking,unknown,7,recAYkd96NNuNl1Ei,1,0,1,0,5386,6
lever_thinking,unknown,7,recQ8oxSY2aCwFRS8,1,1,1,0,18583,7
lever_thinking,unknown,7,recINSFEYLCyyd08m,1,1,1,0,16802,6
lever_thinking,unknown,7,recJZ3QEfRKjYw9a7,1,1,1,0,18184,7
lever_thinking,unknown,7,reca44yABeO2fx7UB,1,1,0,1,14697,3
lever_thinking,unknown,7,recRZjaElf8ft7xTq,1,1,1,0,13869,7
lever_thinking,unknown,7,rectlyG9pCAAuWhoB,1,0,0,1,9728,3
lever_thinking,unknown,7,rechKl68Uc6H7vU0N,1,1,1,0,20040,7
lever_thinking,unknown,7,recb4cGsC6BJUCU3V,1,1,1,0,14888,7
lever_thinking,unknown,7,recxsX66ktJ1Lwt4f,1,1,0,1,3066,3
lever_thinking,unknown,7,recYCMJWH7IpcdqwE,1,1,0,1,9682,3
lever_thinking,unknown,7,recvlnu8BuLmXZhSX,1,1,1,0,15342,7
lever_thinking,unknown,7,recLrRirj7iXoB0rU,1,1,0,1,5551,3
lever_thinking,unknown,7,recMicVBcqy1xM1jq,1,1,1,0,16488,7
lever_thinking,unknown,7,recReg13iV2HwJTaA,1,1,0,1,5546,3
lever_thinking,unknown,7,recclFbsjbaiVVnnV,1,0,1,0,23266,7
lever_thinking,unknown,7,recUc29lMDBEvurYo,1,1,0,1,20399,3
lever_thinking,unknown,7,recVE8cUNHpHZIAvL,1,1,0,1,9740,3
lever_thinking,unknown,7,rec32C1ZEapBnCC0E,1,1,1,0,15137,7
lever_thinking,unknown,7,recGFKDUd8qgz81Zl,1,1,0,1,3638,3
lever_thinking,unknown,7,recXvQ6gWAmyakrpD,1,1,0,1,7535,3
lever_thinking,unknown,7,recZbxrocrxh9YENH,1,1,1,0,22017,7
lever_thinking,unknown,7,rec4L69T0Y1AS4AFS,1,1,0,1,5534,3
lever_thinking,unknown,7,recl1UtgTVKishAq4,1,0,1,0,24733,7
lever_thinking,unknown,7,recKv4hFyNpViUXnL,1,1,1,0,22242,7
lever_thinking,unknown,7,recUBgVlkKzcRPDdK,1,0,1,0,8121,6
lever_thinking,unknown,7,recKm6LNWykGapmCr,1,1,1,0,11783,7
lever_thinking,unknown,7,recZWeueB7lSPR6wN,1,0,1,0,24670,7
lever_thinking,unknown,7,recXsuOHRBLcyenF2,1,1,0,1,1628,3
lever_thinking,unknown,7,recLB0EkQ54bYVhnd,1,1,1,0,18513,7
lever_thinking,unknown,7,receYQxnUBvxPcvbQ,1,1,0,1,6535,3
lever_thinking,unknown,7,recxTy0x7M6T9ikc0,1,1,0,1,14536,3
lever_thinking,unknown,7,recfTlTMjZBuOducT,1,1,0,1,9672,3
lever_thinking,unknown,7,recb2M22zaD3tL6Qc,1,0,0,1,11872,3
lever_thinking,unknown,7,recqFDvYKKRmbnoUb,1,1,0,1,3981,3
lever_thinking,unknown,7,recCJJOeBGERaHYax,1,1,1,0,16790,6
lever_thinking,unknown,7,recQiWOxhkXRz9NVE,1,1,0,1,33292,3
lever_thinking,unknown,7,recNu3MXkvWUzHZr9,1,1,1,0,10370,7
lever_thinking,unknown,7,reccOKzFNmyqeJ6ry,1,1,0,1,3609,3
lever_thinking,unknown,7,recKcjTwONILZqHAX,1,1,0,1,2670,3
lever_thinking,unknown,7,rec0wZvZgiz320KRs,1,1,1,0,11616,7
lever_thinking,unknown,7,receo3UUzRvWCqyfA,1,1,0,1,9224,3
lever_thinking,unknown,7,recmkvk6EFAmqyMxR,1,1,1,0,10031,7
lever_thinking,unknown,7,recIDiDKKrN61Auyr,1,1,0,1,1883,3
lever_thinking,unknown,7,recmI7EiLv72PxmYK,1,1,1,0,13600,7
lever_thinking,unknown,7,reczkBiPPNrNN49Hp,1,1,0,1,4947,3
lever_thinking,unknown,7,recyrk6XBVwugG5u8,1,1,0,1,10153,3
lever_thinking,unknown,7,recIlghoOw5VbY4Zh,1,1,1,0,17131,7
lever_thinking,unknown,7,rec2ZTsqazBZ3LTWZ,1,1,1,0,16118,6
lever_universal_gate_gpqa,gpqa,1001,recG1ljJQcVy6CbSl,1,1,1,1,8135,7
lever_universal_gate_gpqa,gpqa,1001,recBtVK8rBVtIlXDq,1,1,1,0,8343,6
lever_universal_gate_gpqa,gpqa,1001,recvlnu8BuLmXZhSX,1,1,1,0,13110,7
lever_universal_gate_gpqa,gpqa,1001,recGee5m84dg5FZkc,1,1,1,0,18278,6
lever_universal_gate_gpqa,gpqa,1001,rectlyG9pCAAuWhoB,1,0,1,0,18370,6
lever_universal_gate_gpqa,gpqa,1001,recv7GsQg3f0fvB1f,1,1,1,1,8650,6
lever_universal_gate_gpqa,gpqa,1001,recRhwQwHijW0gCLo,1,1,1,0,16842,7
lever_universal_gate_gpqa,gpqa,1001,recKcjTwONILZqHAX,1,1,1,0,8165,7
lever_universal_gate_gpqa,gpqa,1001,recfTlTMjZBuOducT,1,1,1,0,16410,7
lever_universal_gate_gpqa,gpqa,1001,recZ13cwgDQf9jRd9,1,1,1,0,23831,6
lever_universal_gate_gpqa,gpqa,1001,recmI7EiLv72PxmYK,1,1,1,0,13211,7
lever_universal_gate_gpqa,gpqa,1001,recIOlKBsOeEcgkA1,1,1,1,1,5850,6
lever_universal_gate_gpqa,gpqa,1001,recooG6bivTUJpDBz,1,1,1,0,18610,7
lever_universal_gate_gpqa,gpqa,1001,reck4G4xxv3YnpbtQ,1,1,1,0,9660,6
lever_universal_gate_gpqa,gpqa,1001,rec9GugrngvsQR99A,1,1,1,1,9020,6
lever_universal_gate_gpqa,gpqa,1001,rec4UqStf9WUVif1f,1,1,1,1,6791,7
lever_universal_gate_gpqa,gpqa,1001,rec2UlKqC6RFHdcro,1,1,1,0,12247,7
lever_universal_gate_gpqa,gpqa,1001,reccVFW11Elovnf8T,1,1,1,1,16213,6
lever_universal_gate_gpqa,gpqa,1001,recN4DY9Q5V03glmQ,1,1,1,0,18727,7
lever_universal_gate_gpqa,gpqa,1001,recIj8lR4tuDgrHou,1,1,1,0,15358,7
lever_universal_gate_gpqa,gpqa,1001,recVvpD8miVjmmyfe,1,0,1,0,20983,7
lever_universal_gate_gpqa,gpqa,1001,recL9MFV5zmdlle5T,1,1,1,1,14887,7
lever_universal_gate_gpqa,gpqa,1001,recUBgVlkKzcRPDdK,1,0,1,1,8944,6
lever_universal_gate_gpqa,gpqa,1001,rec06pnAkLOr2t2mp,1,1,1,1,9319,7
lever_universal_gate_gpqa,gpqa,1001,recXvQ6gWAmyakrpD,1,1,1,1,16544,7
lever_universal_gate_gpqa,gpqa,1001,recV1nqYQvpII94oC,1,1,1,1,12954,7
lever_universal_gate_gpqa,gpqa,1001,recvZlMbpPz0yLDle,1,1,1,0,7286,6
lever_universal_gate_gpqa,gpqa,1001,recnTTKdBzfuoZ7w7,1,1,1,0,47990,6
lever_universal_gate_gpqa,gpqa,1001,recr3VHM4zYf6dMFY,1,1,1,1,14258,6
lever_universal_gate_gpqa,gpqa,1001,recWPMm91mGDLXONm,1,1,1,1,7433,6
lever_universal_gate_gpqa,gpqa,1001,recNFJjE5PPTqVJGv,1,1,1,0,11941,7
lever_universal_gate_gpqa,gpqa,1001,recDj2Y2BbtV02Wv5,1,0,1,0,14917,6
lever_universal_gate_gpqa,gpqa,1001,recHVUd2DkoKfedJZ,1,1,1,1,17581,7
lever_universal_gate_gpqa,gpqa,1001,rec0VuKUjt1SZ7NYv,1,1,1,1,8553,7
lever_universal_gate_gpqa,gpqa,1001,recPIzpnuYpB4yvmp,1,1,1,0,15611,7
lever_universal_gate_gpqa,gpqa,1001,rec7qmSnbud4FHSqL,1,0,1,1,15241,7
lever_universal_gate_gpqa,gpqa,1001,recLAgwx9vbgB5EHk,1,1,1,1,17428,6
lever_universal_gate_gpqa,gpqa,1001,recqGD3fxPCI59vPQ,1,1,1,0,15037,7
lever_universal_gate_gpqa,gpqa,1001,recS48OsU6kVadBPW,1,1,1,1,9627,7
lever_universal_gate_gpqa,gpqa,1001,recPL4ZPpVYxgMu57,1,1,1,1,6224,6
lever_universal_gate_gpqa,gpqa,1001,recIlghoOw5VbY4Zh,1,1,1,0,17212,6
lever_universal_gate_gpqa,gpqa,1001,recUOePh79cp4T2Bg,1,0,1,0,19338,6
lever_universal_gate_gpqa,gpqa,1001,reckEnrOPFT9Ru7tW,1,1,1,1,12486,6
lever_universal_gate_gpqa,gpqa,1001,reck1zKeCssmN82Ga,1,1,1,0,5070,6
lever_universal_gate_gpqa,gpqa,1001,recQ8oxSY2aCwFRS8,1,1,1,0,14644,7
lever_universal_gate_gpqa,gpqa,1001,recmkvk6EFAmqyMxR,1,1,1,1,11922,7
lever_universal_gate_gpqa,gpqa,1001,recINGR1z01Fh1Z3A,1,1,1,1,10721,7
lever_universal_gate_gpqa,gpqa,1001,reczUoM8JsxU6pYxr,1,1,1,1,9536,7
lever_universal_gate_gpqa,gpqa,1001,rec0wZvZgiz320KRs,1,1,1,0,7786,7
lever_universal_gate_gpqa,gpqa,1001,reciuppdQde4FGX1z,1,1,1,0,14007,7
lever_universal_gate_gpqa,gpqa,1001,recTs7qzfJs6kfLUK,1,1,1,1,12934,7
lever_universal_gate_gpqa,gpqa,1001,recYt8xx80OTyDsL0,1,1,1,1,6785,6
lever_universal_gate_gpqa,gpqa,1001,rec9ubQihAh6g9bft,1,1,1,0,6828,7
lever_universal_gate_gpqa,gpqa,1001,recO3hvCWRGiG0odN,1,1,1,1,18621,6
lever_universal_gate_gpqa,gpqa,1001,recjgMJaMxz4ESDF2,1,1,1,1,10579,6
lever_universal_gate_gpqa,gpqa,1001,recqFDvYKKRmbnoUb,1,1,1,1,9234,7
lever_universal_gate_gpqa,gpqa,1001,recl1UtgTVKishAq4,1,0,1,0,17853,6
lever_universal_gate_gpqa,gpqa,1001,recuyeuT5rQ6qDt8F,1,0,1,0,30284,7
lever_universal_gate_gpqa,gpqa,1001,recpJmTOXx6T48nDJ,1,1,1,0,11287,7
lever_universal_gate_gpqa,gpqa,1001,recGFNRVl1qBZGwyU,1,1,1,1,18751,7
lever_universal_gate_gpqa,gpqa,1001,recOkA2zsy4GSMD9R,1,1,1,1,20850,7
lever_universal_gate_gpqa,gpqa,1001,rect4iLrSfUwkNTno,1,1,1,0,10708,7
lever_universal_gate_gpqa,gpqa,1001,recakFKZioXUuldcd,1,1,1,1,14334,6
lever_universal_gate_gpqa,gpqa,1001,recdya6FuYraBU5Rh,1,1,1,0,11060,7
lever_universal_gate_gpqa,gpqa,1001,recSBcGLPatKb3Ygu,1,1,1,1,9292,7
lever_universal_gate_gpqa,gpqa,1001,recZbxrocrxh9YENH,1,1,1,1,21981,7
lever_universal_gate_gpqa,gpqa,1001,recDytVnNYZe2HuUU,1,1,1,0,11400,7
lever_universal_gate_gpqa,gpqa,1001,recoy9ZLBsc7HIRBy,1,1,1,1,15558,7
lever_universal_gate_gpqa,gpqa,1001,recRTiyaRymerDJ4y,1,1,1,0,7858,7
lever_universal_gate_gpqa,gpqa,1001,reczjcMtrB1YGS2fO,1,1,1,1,11120,7
lever_universal_gate_gpqa,gpqa,1001,recWxGU8Q4YReJ1tb,1,1,1,1,20949,6
lever_universal_gate_gpqa,gpqa,1001,recb2M22zaD3tL6Qc,1,0,1,1,20268,6
lever_universal_gate_gpqa,gpqa,1001,recxsX66ktJ1Lwt4f,1,1,1,1,9329,7
lever_universal_gate_gpqa,gpqa,1001,recpki12iG9RUGrz9,1,1,1,0,13222,7
lever_universal_gate_gpqa,gpqa,1001,recYCMJWH7IpcdqwE,1,1,1,0,21552,6
lever_universal_gate_gpqa,gpqa,1001,recMicVBcqy1xM1jq,1,1,1,1,10226,7
lever_universal_gate_gpqa,gpqa,1001,recwlwlcPvXVNPmvl,1,1,1,1,9967,7
lever_universal_gate_gpqa,gpqa,1001,recrNbtgTNoabJJi6,1,1,1,0,8562,6
lever_universal_gate_gpqa,gpqa,1001,reckYqR92oJkqJXkE,1,1,1,1,7689,7
lever_universal_gate_gpqa,gpqa,1001,recIDiDKKrN61Auyr,1,1,1,1,4048,6
lever_universal_gate_gpqa,gpqa,1001,recn3NhOhqAPLda16,1,1,1,1,12436,7
lever_universal_gate_gpqa,gpqa,1001,recgXxEgllSGEpELP,1,1,1,0,20355,7
lever_universal_gate_gpqa,gpqa,1001,recCJJOeBGERaHYax,1,1,1,1,15190,6
lever_universal_gate_gpqa,gpqa,1001,recWXwn9v4IG9ZrM6,1,1,1,1,7574,6
lever_universal_gate_gpqa,gpqa,1001,rec47oNPXudlTIk4y,1,0,1,0,11878,6
lever_universal_gate_gpqa,gpqa,1001,recQiWOxhkXRz9NVE,1,1,1,1,18825,6
lever_universal_gate_gpqa,gpqa,1001,recXsYa3i2UhGF5fe,1,1,1,0,6432,6
lever_universal_gate_gpqa,gpqa,1001,recReg13iV2HwJTaA,1,1,1,1,10227,7
lever_universal_gate_gpqa,gpqa,1001,recmwwQJnx7ll7bqL,1,1,1,1,9899,7
lever_universal_gate_gpqa,gpqa,1001,recBhnXrUyTJ6WHIR,1,1,1,0,21458,7
lever_universal_gate_gpqa,gpqa,2311,rec260hNUCEj109Dj,1,1,1,1,8112,7
lever_universal_gate_gpqa,gpqa,2311,recZbxrocrxh9YENH,1,1,1,1,16450,7
lever_universal_gate_gpqa,gpqa,2311,recNAiPUKOulQbKVP,1,1,1,1,5195,6
lever_universal_gate_gpqa,gpqa,2311,receYQxnUBvxPcvbQ,1,1,1,1,14997,7
lever_universal_gate_gpqa,gpqa,2311,rechgQucGlrnt8KRV,1,1,1,0,11947,7
lever_universal_gate_gpqa,gpqa,2311,rect4iLrSfUwkNTno,1,1,1,1,15572,7
lever_universal_gate_gpqa,gpqa,2311,recwlwlcPvXVNPmvl,1,1,1,1,10388,7
lever_universal_gate_gpqa,gpqa,2311,rec4JrWy7Il8ho5vk,1,1,1,1,7680,6
lever_universal_gate_gpqa,gpqa,2311,recyl3usDqb7ruXJx,1,1,1,0,19089,6
lever_universal_gate_gpqa,gpqa,2311,rec06pnAkLOr2t2mp,1,1,1,1,8772,7
lever_universal_gate_gpqa,gpqa,2311,recRZjaElf8ft7xTq,1,1,1,0,7604,7
lever_universal_gate_gpqa,gpqa,2311,recJJcOHhFeSaRpl4,1,1,1,1,7025,6
lever_universal_gate_gpqa,gpqa,2311,recrNbtgTNoabJJi6,1,1,1,0,11243,6
lever_universal_gate_gpqa,gpqa,2311,recz3MfYHPRhsEQkW,1,1,1,1,14285,6
lever_universal_gate_gpqa,gpqa,2311,rec0VuKUjt1SZ7NYv,1,1,1,1,11051,7
lever_universal_gate_gpqa,gpqa,2311,rec1oj2DveQWl9Rpw,1,1,1,1,14491,7
lever_universal_gate_gpqa,gpqa,2311,rec4L69T0Y1AS4AFS,1,1,1,1,8944,6
lever_universal_gate_gpqa,gpqa,2311,recb2M22zaD3tL6Qc,1,1,1,1,18918,7
lever_universal_gate_gpqa,gpqa,2311,reczzzihL7btBH7RO,1,0,1,0,10101,7
lever_universal_gate_gpqa,gpqa,2311,recLrRirj7iXoB0rU,1,1,1,1,19530,7
lever_universal_gate_gpqa,gpqa,2311,recgC4GJ8wUemlUQD,1,1,1,1,4986,6
lever_universal_gate_gpqa,gpqa,2311,recVvpD8miVjmmyfe,1,1,1,1,22317,7
lever_universal_gate_gpqa,gpqa,2311,recZSGUkn56v9kEp1,1,1,1,0,17476,7
lever_universal_gate_gpqa,gpqa,2311,recuYEkVjdVUwA3c0,1,1,1,0,8653,7
lever_universal_gate_gpqa,gpqa,2311,recpki12iG9RUGrz9,1,1,1,0,12137,7
lever_universal_gate_gpqa,gpqa,2311,recwW1A85nfyQpReG,1,1,1,0,10487,7
lever_universal_gate_gpqa,gpqa,2311,recypVp2NmPlBKVTp,1,1,1,1,4389,6
lever_universal_gate_gpqa,gpqa,2311,recDytVnNYZe2HuUU,1,1,1,0,9777,7
lever_universal_gate_gpqa,gpqa,2311,recLSzwBUS3olCjhl,1,1,1,1,8303,7
lever_universal_gate_gpqa,gpqa,2311,recb4cGsC6BJUCU3V,1,1,1,0,18788,7
lever_universal_gate_gpqa,gpqa,2311,recnawZPumSCLMVgp,1,1,1,0,14372,6
lever_universal_gate_gpqa,gpqa,2311,rec0wZvZgiz320KRs,1,1,1,0,10839,7
lever_universal_gate_gpqa,gpqa,2311,reck4G4xxv3YnpbtQ,1,0,1,1,14746,6
lever_universal_gate_gpqa,gpqa,2311,reck1zKeCssmN82Ga,1,1,1,1,8905,6
lever_universal_gate_gpqa,gpqa,2311,rechtUKxC6G67H7Pr,1,1,1,1,10814,7
lever_universal_gate_gpqa,gpqa,2311,reczUoM8JsxU6pYxr,1,1,1,0,12721,7
lever_universal_gate_gpqa,gpqa,2311,recZt4x514UQNnsgy,1,1,1,0,14376,6
lever_universal_gate_gpqa,gpqa,2311,recw4rROcnHKNZhtK,1,1,1,1,6673,6
lever_universal_gate_gpqa,gpqa,2311,rec2ZTsqazBZ3LTWZ,1,1,1,1,13029,6
lever_universal_gate_gpqa,gpqa,2311,recvlnu8BuLmXZhSX,1,1,1,1,17940,7
lever_universal_gate_gpqa,gpqa,2311,recatj4YXzbOaq3Ar,1,1,1,1,8204,7
lever_universal_gate_gpqa,gpqa,2311,recBXlqrZUCR897It,1,1,1,1,15178,6
lever_universal_gate_gpqa,gpqa,2311,recQiWOxhkXRz9NVE,1,1,1,0,22034,7
lever_universal_gate_gpqa,gpqa,2311,recXsuOHRBLcyenF2,1,1,1,1,5772,6
lever_universal_gate_gpqa,gpqa,2311,recyrk6XBVwugG5u8,1,1,1,0,20097,7
lever_universal_gate_gpqa,gpqa,2311,rec527dNeEtWJrYNl,1,1,1,1,7270,6
lever_universal_gate_gpqa,gpqa,2311,recPzW1WqRnPs57D6,1,1,1,1,8379,7
lever_universal_gate_gpqa,gpqa,2311,rec2UlKqC6RFHdcro,1,1,1,1,10177,7
lever_universal_gate_gpqa,gpqa,2311,reczkBiPPNrNN49Hp,1,1,1,1,10182,7
lever_universal_gate_gpqa,gpqa,2311,recNuT2oSnO86bxOx,1,1,1,1,20027,7
lever_universal_gate_gpqa,gpqa,2311,recAAJoHMW45Lv5je,1,1,1,1,24029,7
lever_universal_gate_gpqa,gpqa,2311,recJZ3QEfRKjYw9a7,1,1,1,0,16769,7
lever_universal_gate_gpqa,gpqa,2311,reckYqR92oJkqJXkE,1,1,1,0,6657,7
lever_universal_gate_gpqa,gpqa,2311,recYA3LPsCvF1fTMI,1,0,1,1,14817,6
lever_universal_gate_gpqa,gpqa,2311,recooG6bivTUJpDBz,1,1,1,1,18981,7
lever_universal_gate_gpqa,gpqa,2311,recIIUynGGpsGEYuo,1,1,1,1,6451,7
lever_universal_gate_gpqa,gpqa,2311,recjgMJaMxz4ESDF2,1,1,1,1,7392,6
lever_universal_gate_gpqa,gpqa,2311,reco8WSc71p8zAv4q,1,0,1,1,16239,6
lever_universal_gate_gpqa,gpqa,2311,recVE8cUNHpHZIAvL,1,1,1,1,17925,7
lever_universal_gate_gpqa,gpqa,2311,rechKl68Uc6H7vU0N,1,1,1,0,19414,7
lever_universal_gate_gpqa,gpqa,2311,recjJ54TXc04enRkZ,1,1,1,1,21278,6
lever_universal_gate_gpqa,gpqa,2311,recs3PLPUEMiqg4P8,1,1,1,1,15140,6
lever_universal_gate_gpqa,gpqa,2311,recqGD3fxPCI59vPQ,1,1,1,0,11189,7
lever_universal_gate_gpqa,gpqa,2311,recHVUd2DkoKfedJZ,1,1,1,0,18582,7
lever_universal_gate_gpqa,gpqa,2311,recUBgVlkKzcRPDdK,1,0,1,0,10745,6
lever_universal_gate_gpqa,gpqa,2311,recINGR1z01Fh1Z3A,1,1,1,1,12196,7
lever_universal_gate_gpqa,gpqa,2311,rec47oNPXudlTIk4y,1,1,1,0,12136,6
lever_universal_gate_gpqa,gpqa,2311,recGFKDUd8qgz81Zl,1,1,1,1,10446,7
lever_universal_gate_gpqa,gpqa,2311,recCJJOeBGERaHYax,1,1,1,1,13594,6
lever_universal_gate_gpqa,gpqa,2311,recnTTKdBzfuoZ7w7,1,1,1,0,45084,6
lever_universal_gate_gpqa,gpqa,2311,rec8nshandHARTkrg,1,1,1,0,21038,6
lever_universal_gate_gpqa,gpqa,2311,recclFbsjbaiVVnnV,1,0,1,0,21067,6
lever_universal_gate_gpqa,gpqa,2311,reckEnrOPFT9Ru7tW,1,1,1,1,10100,7
lever_universal_gate_gpqa,gpqa,2311,receo3UUzRvWCqyfA,1,1,1,0,12395,6
lever_universal_gate_gpqa,gpqa,2311,recgM7o1tcc7tP778,1,1,1,0,23604,7
lever_universal_gate_gpqa,gpqa,2311,recLB0EkQ54bYVhnd,1,1,1,1,18054,7
lever_universal_gate_gpqa,gpqa,2311,recGee5m84dg5FZkc,1,1,1,0,14506,6
lever_universal_gate_gpqa,gpqa,2311,recG1ljJQcVy6CbSl,1,1,1,1,12576,7
lever_universal_gate_gpqa,gpqa,2311,recMicVBcqy1xM1jq,1,1,1,1,12298,7
lever_universal_gate_gpqa,gpqa,2311,recgXxEgllSGEpELP,1,1,1,1,19274,7
lever_universal_gate_gpqa,gpqa,2311,reczQ4I0VpENdMtIj,1,0,1,1,9586,6
lever_universal_gate_gpqa,gpqa,2311,recNu3MXkvWUzHZr9,1,1,1,0,8975,7
lever_universal_gate_gpqa,gpqa,2311,recD8oX1KevFbl7bL,1,1,1,0,18378,7
lever_universal_gate_gpqa,gpqa,2311,recpJmTOXx6T48nDJ,1,1,1,1,11187,7
lever_universal_gate_gpqa,gpqa,2311,rec0yTRmO1o1xCA6H,1,1,1,1,5285,6
lever_universal_gate_gpqa,gpqa,2311,rec9ubQihAh6g9bft,1,1,1,0,5425,7
lever_universal_gate_gpqa,gpqa,2311,recnjViFrqlZNL3fY,1,1,1,0,9835,7
lever_universal_gate_gpqa,gpqa,2311,recf6ayQmL1SxKbvW,1,0,1,1,5500,6
lever_universal_gate_gpqa,gpqa,2311,reckl6PkaEMWM50yZ,1,0,1,1,23853,6
lever_universal_gate_gpqa,gpqa,3407,recJJcOHhFeSaRpl4,1,1,1,1,9192,6
lever_universal_gate_gpqa,gpqa,3407,recZWeueB7lSPR6wN,1,0,1,0,9440,6
lever_universal_gate_gpqa,gpqa,3407,recjgMJaMxz4ESDF2,1,1,1,1,8336,6
lever_universal_gate_gpqa,gpqa,3407,recO3hvCWRGiG0odN,1,1,1,1,18327,7
lever_universal_gate_gpqa,gpqa,3407,rec9GugrngvsQR99A,1,1,1,1,8399,6
lever_universal_gate_gpqa,gpqa,3407,rec1oj2DveQWl9Rpw,1,1,1,1,13815,7
lever_universal_gate_gpqa,gpqa,3407,recafnH3RRnMBXEb1,1,1,1,1,5640,6
lever_universal_gate_gpqa,gpqa,3407,reccOKzFNmyqeJ6ry,1,1,1,1,7191,6
lever_universal_gate_gpqa,gpqa,3407,rec9W28HgpEUeUN8k,1,1,1,0,15867,7
lever_universal_gate_gpqa,gpqa,3407,recWPMm91mGDLXONm,1,1,1,1,9465,6
lever_universal_gate_gpqa,gpqa,3407,recb4cGsC6BJUCU3V,1,1,1,0,10616,7
lever_universal_gate_gpqa,gpqa,3407,recINGR1z01Fh1Z3A,1,1,1,1,8516,7
lever_universal_gate_gpqa,gpqa,3407,recvZlMbpPz0yLDle,1,1,1,0,12548,7
lever_universal_gate_gpqa,gpqa,3407,recPIzpnuYpB4yvmp,1,1,1,1,13054,7
lever_universal_gate_gpqa,gpqa,3407,recWzUUYBN0NuXO2k,1,1,1,1,10208,7
lever_universal_gate_gpqa,gpqa,3407,recihePFulRgNKsIn,1,0,1,1,6203,6
lever_universal_gate_gpqa,gpqa,3407,recGFKDUd8qgz81Zl,1,1,1,0,11685,7
lever_universal_gate_gpqa,gpqa,3407,rec4UqStf9WUVif1f,1,1,1,1,9007,7
lever_universal_gate_gpqa,gpqa,3407,recVE8cUNHpHZIAvL,1,1,1,0,14878,7
lever_universal_gate_gpqa,gpqa,3407,rec0wZvZgiz320KRs,1,1,1,0,7953,7
lever_universal_gate_gpqa,gpqa,3407,reckEnrOPFT9Ru7tW,1,1,1,0,19666,6
lever_universal_gate_gpqa,gpqa,3407,recBtVK8rBVtIlXDq,1,1,1,1,7180,6
lever_universal_gate_gpqa,gpqa,3407,recxTy0x7M6T9ikc0,1,1,1,1,16588,6
lever_universal_gate_gpqa,gpqa,3407,recpki12iG9RUGrz9,1,1,1,0,10480,7
lever_universal_gate_gpqa,gpqa,3407,recRTiyaRymerDJ4y,1,1,1,0,6660,7
lever_universal_gate_gpqa,gpqa,3407,recI1ls9OXdxatHQn,1,1,1,1,12365,7
lever_universal_gate_gpqa,gpqa,3407,recZ13cwgDQf9jRd9,1,0,1,0,21986,6
lever_universal_gate_gpqa,gpqa,3407,recwlwlcPvXVNPmvl,1,1,1,1,11552,7
lever_universal_gate_gpqa,gpqa,3407,rec4r4KWNLrT7g2kR,1,1,1,1,24227,6
lever_universal_gate_gpqa,gpqa,3407,rec7C06XOB2h298ue,1,1,1,1,8222,7
lever_universal_gate_gpqa,gpqa,3407,recYt8xx80OTyDsL0,1,1,1,1,4852,6
lever_universal_gate_gpqa,gpqa,3407,recZSGUkn56v9kEp1,1,1,1,1,15148,6
lever_universal_gate_gpqa,gpqa,3407,recmI7EiLv72PxmYK,1,1,1,1,14368,7
lever_universal_gate_gpqa,gpqa,3407,rechKl68Uc6H7vU0N,1,1,1,1,20306,7
lever_universal_gate_gpqa,gpqa,3407,recmwwQJnx7ll7bqL,1,1,1,1,10772,7
lever_universal_gate_gpqa,gpqa,3407,recoiTJPGUmzAkief,1,1,1,1,8483,7
lever_universal_gate_gpqa,gpqa,3407,recPzW1WqRnPs57D6,1,1,1,1,8317,7
lever_universal_gate_gpqa,gpqa,3407,reciuppdQde4FGX1z,1,1,1,0,14412,7
lever_universal_gate_gpqa,gpqa,3407,recS48OsU6kVadBPW,1,1,1,1,12795,7
lever_universal_gate_gpqa,gpqa,3407,recLAgwx9vbgB5EHk,1,1,1,0,11869,6
lever_universal_gate_gpqa,gpqa,3407,rec260hNUCEj109Dj,1,1,1,0,13175,7
lever_universal_gate_gpqa,gpqa,3407,recZdZxsN0AxDx0pB,1,1,1,0,10613,7
lever_universal_gate_gpqa,gpqa,3407,recuyeuT5rQ6qDt8F,1,0,1,0,29711,7
lever_universal_gate_gpqa,gpqa,3407,recRhwQwHijW0gCLo,1,1,1,1,16839,7
lever_universal_gate_gpqa,gpqa,3407,recxsX66ktJ1Lwt4f,1,1,1,1,7483,7
lever_universal_gate_gpqa,gpqa,3407,recGFNRVl1qBZGwyU,1,1,1,0,24452,6
lever_universal_gate_gpqa,gpqa,3407,recEmTBhx2hgw6tPQ,1,1,1,0,16332,6
lever_universal_gate_gpqa,gpqa,3407,reck1zKeCssmN82Ga,1,1,1,1,7281,6
lever_universal_gate_gpqa,gpqa,3407,recjJ54TXc04enRkZ,1,1,1,0,13780,6
lever_universal_gate_gpqa,gpqa,3407,recGee5m84dg5FZkc,1,1,1,0,18663,6
lever_universal_gate_gpqa,gpqa,3407,recixxJmdux0d8LZQ,1,1,1,1,8821,6
lever_universal_gate_gpqa,gpqa,3407,recRZjaElf8ft7xTq,1,1,1,0,9522,7
lever_universal_gate_gpqa,gpqa,3407,recKv4hFyNpViUXnL,1,1,1,1,14860,7
lever_universal_gate_gpqa,gpqa,3407,rechtUKxC6G67H7Pr,1,1,1,1,8069,7
lever_universal_gate_gpqa,gpqa,3407,recyl3usDqb7ruXJx,1,1,1,1,7469,6
lever_universal_gate_gpqa,gpqa,3407,reckl6PkaEMWM50yZ,1,0,1,1,17581,6
lever_universal_gate_gpqa,gpqa,3407,recyPffUDqC2k7ZZO,1,1,1,1,14403,7
lever_universal_gate_gpqa,gpqa,3407,recUc29lMDBEvurYo,1,1,1,0,21363,7
lever_universal_gate_gpqa,gpqa,3407,rec1zl5LvaatzGhFt,1,1,1,1,11611,6
lever_universal_gate_gpqa,gpqa,3407,recSBcGLPatKb3Ygu,1,1,1,0,13484,7
lever_universal_gate_gpqa,gpqa,3407,rec8y3ZrBOcLgNEkE,1,1,1,1,5013,6
lever_universal_gate_gpqa,gpqa,3407,recmkvk6EFAmqyMxR,1,1,1,0,8308,7
lever_universal_gate_gpqa,gpqa,3407,rec7qmSnbud4FHSqL,1,0,1,1,15095,7
lever_universal_gate_gpqa,gpqa,3407,recoy9ZLBsc7HIRBy,1,1,1,0,15575,7
lever_universal_gate_gpqa,gpqa,3407,recPL4ZPpVYxgMu57,1,1,1,1,7186,6
lever_universal_gate_gpqa,gpqa,3407,recTs7qzfJs6kfLUK,1,1,1,1,22746,7
lever_universal_gate_gpqa,gpqa,3407,recXsYa3i2UhGF5fe,1,1,1,1,7437,6
lever_universal_gate_gpqa,gpqa,3407,recNFJjE5PPTqVJGv,1,1,1,1,11798,7
lever_universal_gate_gpqa,gpqa,3407,recywRj5a8EEjj2Ib,1,1,1,1,10983,7
lever_universal_gate_gpqa,gpqa,3407,recDytVnNYZe2HuUU,1,1,1,1,13584,7
lever_universal_gate_gpqa,gpqa,3407,recIDiDKKrN61Auyr,1,1,1,1,4475,6
lever_universal_gate_gpqa,gpqa,3407,recVvpD8miVjmmyfe,1,0,1,1,18610,7
lever_universal_gate_gpqa,gpqa,3407,reck4G4xxv3YnpbtQ,1,0,1,0,11169,6
lever_universal_gate_gpqa,gpqa,3407,recE2ihVfqEK4R9d0,1,1,1,0,12490,7
lever_universal_gate_gpqa,gpqa,3407,recBhnXrUyTJ6WHIR,1,0,1,0,16276,6
lever_universal_gate_gpqa,gpqa,3407,recReg13iV2HwJTaA,1,1,1,1,9546,7
lever_universal_gate_gpqa,gpqa,3407,recyrk6XBVwugG5u8,1,1,1,0,17966,7
lever_universal_gate_gpqa,gpqa,3407,recgXxEgllSGEpELP,1,1,1,1,17269,7
lever_universal_gate_gpqa,gpqa,3407,recOkA2zsy4GSMD9R,1,1,1,1,19428,7
lever_universal_gate_gpqa,gpqa,3407,reczjcMtrB1YGS2fO,1,1,1,1,13498,7
lever_universal_gate_gpqa,gpqa,3407,recBGxVySx1pkrO1i,1,1,1,1,15403,6
lever_universal_gate_gpqa,gpqa,3407,recINSFEYLCyyd08m,1,1,1,0,20748,6
lever_universal_gate_gpqa,gpqa,3407,recakFKZioXUuldcd,1,1,1,0,12037,6
lever_universal_gate_gpqa,gpqa,3407,recJZ3QEfRKjYw9a7,1,1,1,0,11887,7
lever_universal_gate_gpqa,gpqa,3407,recclFbsjbaiVVnnV,1,0,1,0,20110,6
lever_universal_gate_gpqa,gpqa,3407,reccVBrYdwsB84fGy,1,1,1,1,14663,7
lever_universal_gate_gpqa,gpqa,3407,reccVFW11Elovnf8T,1,1,1,0,14099,6
lever_universal_gate_gpqa,gpqa,3407,recAAJoHMW45Lv5je,1,1,1,0,27090,7
lever_universal_gate_gpqa,gpqa,3407,receo3UUzRvWCqyfA,1,1,1,1,14581,6
lever_universal_gate_gpqa,gpqa,3407,recb80OwMgNnceA9t,1,1,1,0,15782,6
lexam_pilot,lexam,42,09a2eebe-6c96-4f10-bc76-689eec854b43,1,1,0,1,1241,3
lexam_pilot,lexam,42,53bbecbc-ef12-4b60-9645-04015eeaa4ae,1,1,0,1,2535,3
lexam_pilot,lexam,42,b9785176-6859-42c9-829d-0312609916ae,1,1,0,1,1756,3
lexam_pilot,lexam,42,736a05d4-da8a-4177-8bd9-03d4257ff68f,1,1,1,0,4573,6
lexam_pilot,lexam,42,866f89e9-c8fd-4bef-bf85-e92a7b992cf7,1,1,0,1,1726,3
lexam_pilot,lexam,42,38783200-42e6-465a-98b8-410a27eb4f56,1,0,1,0,9864,6
lexam_pilot,lexam,42,26263099-799d-4319-baac-3acf978c7c0a,1,1,1,0,9609,6
lexam_pilot,lexam,42,8afbc6d1-fa2b-4e02-a0f3-af802c5320c3,1,1,0,1,1239,3
lexam_pilot,lexam,42,f1bdfe14-a0bc-496c-b9ea-49ed1d6d03df,1,0,1,0,4535,6
lexam_pilot,lexam,42,e7273a6a-d416-452a-9b8c-6998c58fced2,1,1,0,1,1667,3
lexam_pilot,lexam,42,d60d8887-e23a-4219-be7a-f1f29c281c53,1,0,0,1,1490,3
lexam_pilot,lexam,42,102d2e11-f391-44a7-b978-a3f83d882f74,1,0,0,1,1221,3
lexam_pilot,lexam,42,8f4ae013-cbd7-4563-9d97-26686b88ea14,1,0,1,0,10505,7
lexam_pilot,lexam,42,0ad0edf4-dc5f-40a3-9ec3-ae70daaa271e,1,1,0,1,2806,3
lexam_pilot,lexam,42,842abce3-39e3-43a5-8730-a4318fd1c3f1,1,1,0,1,4748,3
lexam_pilot,lexam,42,2cdd4813-3450-4626-8aca-773dfea1f607,1,0,0,1,4637,3
lexam_pilot,lexam,42,ee9c501e-8d41-49d3-85bc-a4a1e8f6a57c,1,1,0,1,1295,3
lexam_pilot,lexam,42,2f078222-29e9-47ce-b441-66921b51b3e7,1,0,0,1,1380,3
lexam_pilot,lexam,42,6500b177-e1e0-47f7-b550-8224fba100cf,1,1,0,1,1318,3
lexam_pilot,lexam,42,1ac7dcee-1599-464e-949e-8464745c0177,1,0,0,1,3809,3
lexam_pilot,lexam,42,b218966a-d22d-412b-b3d1-cffa3755872d,1,1,0,1,1612,3
lexam_pilot,lexam,42,a32c143b-f4e0-4c32-9f06-cf4cbf9579b6,1,1,0,1,5263,3
lexam_pilot,lexam,42,5515aed1-568b-4a32-ac6d-8a41c70f878e,1,1,0,1,2290,3
lexam_pilot,lexam,42,b9948b7c-c704-456f-bd02-c1bdf8cc17ba,1,1,1,0,9560,6
lexam_pilot,lexam,42,7d1ed894-dea7-4d33-88b9-efccb20333a4,1,1,1,0,15249,7
lexam_pilot,lexam,42,99c5edda-c827-4430-8f45-5d0cb7412e4c,1,1,0,1,1245,3
lexam_pilot,lexam,42,7d9a3bb7-c8cf-4a4f-a502-b0c8ea44eef6,1,1,0,1,4631,3
lexam_pilot,lexam,42,e2d75efc-b65e-40d1-9fa7-e47d05b2653d,1,1,0,1,1059,3
lexam_pilot,lexam,42,ca114601-0baa-4ada-8b10-26d0ece00f7e,1,1,0,1,1741,3
lexam_pilot,lexam,42,a58581c7-2ffe-412b-819c-9938459733b1,1,1,0,1,1514,3
lexam_pilot,lexam,42,e4f77fd4-cd04-4b47-821c-9c969dfc1f80,1,1,0,1,2237,3
lexam_pilot,lexam,42,8449146d-90ee-4ee9-abe4-94e1beaa0ac2,1,0,0,1,4469,3
lexam_pilot,lexam,42,e1440aa0-1770-4750-8c8e-69cb5dae0df7,1,1,1,0,7690,6
lexam_pilot,lexam,42,045fd390-346e-4d5a-a82c-5c620a53d207,1,1,0,1,1903,3
lexam_pilot,lexam,42,430dc3d6-009b-4da6-8eba-a01f1c58589c,1,1,0,1,1783,3
lexam_pilot,lexam,42,e7ce2112-cb65-469b-a6ae-fe9b49ebc8f9,1,1,0,1,6677,3
lexam_pilot,lexam,42,568814d7-2e54-41ab-ac2c-c14f7e17f054,1,1,0,1,1615,3
lexam_pilot,lexam,42,c72132c6-8bcb-4d4c-9d5b-2acbd0cd42e8,1,1,0,1,1695,3
lexam_pilot,lexam,42,1aa2d158-1f58-4671-ba73-78b7f64d04d3,1,0,0,1,1264,3
lexam_pilot,lexam,42,bffa4b3e-2917-424e-a915-9b277f58f54e,1,0,0,1,3373,3
lexam_pilot,lexam,42,b766bab3-7116-42ee-853e-2eb3f01c0c15,1,0,0,1,1673,3
lexam_pilot,lexam,42,79b8e5fe-3c1c-434e-8ab4-3f7c6ea87e32,1,1,0,1,4550,3
lexam_pilot,lexam,42,4eadfed1-062d-441f-b86f-a3407bc282e7,1,1,0,1,2857,3
lexam_pilot,lexam,42,02d7f932-337e-4f51-b72b-a3054d726c48,1,1,0,1,1484,3
lexam_pilot,lexam,42,53e67d91-df72-4136-b78c-4be1b900eaae,1,0,0,1,1306,3
lexam_pilot,lexam,42,70d58c55-71d9-400a-938a-d79bfa9856e0,1,0,0,1,1602,3
lexam_pilot,lexam,42,658ad4b8-1fb2-4ddf-be33-75064c459692,1,1,0,1,1506,3
lexam_pilot,lexam,42,9abc219b-82f3-4c7c-91d7-653ae4960d02,1,1,0,1,1487,3
lexam_pilot,lexam,42,f14962d2-fa9c-436a-b283-daf4b770e9cf,1,1,0,1,2646,3
lexam_pilot,lexam,42,0e6fe784-81bc-454f-9d8c-f3c339fc5205,1,1,1,0,6079,6
math500_hard_pilot,math,42,test/number_theory/1128.json,1,1,0,1,2199,3
math500_hard_pilot,math,42,test/algebra/2517.json,1,0,0,1,1526,3
math500_hard_pilot,math,42,test/number_theory/769.json,1,1,0,1,2166,3
math500_hard_pilot,math,42,test/prealgebra/1655.json,1,1,0,1,1271,3
math500_hard_pilot,math,42,test/geometry/1140.json,1,1,0,1,2667,3
math500_hard_pilot,math,42,test/counting_and_probability/894.json,1,1,1,0,10391,7
math500_hard_pilot,math,42,test/geometry/947.json,1,1,1,0,7294,7
math500_hard_pilot,math,42,test/prealgebra/1640.json,1,1,0,1,1240,3
math500_hard_pilot,math,42,test/precalculus/986.json,1,1,0,1,2453,3
math500_hard_pilot,math,42,test/number_theory/1055.json,1,1,0,1,2960,3
math500_hard_pilot,math,42,test/algebra/892.json,1,1,0,1,6082,3
math500_hard_pilot,math,42,test/prealgebra/1646.json,1,1,0,1,9728,3
math500_hard_pilot,math,42,test/counting_and_probability/525.json,1,1,0,1,1182,3
math500_hard_pilot,math,42,test/algebra/733.json,1,1,1,0,12987,7
math500_hard_pilot,math,42,test/intermediate_algebra/1791.json,1,1,0,1,3767,3
math500_hard_pilot,math,42,test/algebra/297.json,1,1,1,0,12677,7
math500_hard_pilot,math,42,test/prealgebra/1251.json,1,1,0,1,1270,3
math500_hard_pilot,math,42,test/counting_and_probability/870.json,1,1,1,0,12467,6
math500_hard_pilot,math,42,test/intermediate_algebra/1806.json,1,1,0,1,7407,3
math500_hard_pilot,math,42,test/intermediate_algebra/2152.json,1,1,0,1,1550,3
math500_hard_pilot,math,42,test/intermediate_algebra/1408.json,1,1,1,0,10566,7
math500_hard_pilot,math,42,test/number_theory/1000.json,1,1,0,1,1299,3
math500_hard_pilot,math,42,test/algebra/975.json,1,1,0,1,1075,3
math500_hard_pilot,math,42,test/intermediate_algebra/1462.json,1,1,1,0,11055,7
math500_hard_pilot,math,42,test/counting_and_probability/51.json,1,1,1,0,9520,7
math500_hard_pilot,math,42,test/algebra/2277.json,1,1,1,0,13753,7
math500_hard_pilot,math,42,test/precalculus/1172.json,1,1,0,1,1904,3
math500_hard_pilot,math,42,test/counting_and_probability/1009.json,1,1,0,1,1842,3
math500_hard_pilot,math,42,test/intermediate_algebra/960.json,1,1,0,1,8211,3
math500_hard_pilot,math,42,test/geometry/561.json,1,1,0,1,1861,3
math500_hard_pilot,math,42,test/intermediate_algebra/232.json,1,1,0,1,2842,3
math500_hard_pilot,math,42,test/algebra/2779.json,1,1,0,1,1987,3
math500_hard_pilot,math,42,test/prealgebra/2066.json,1,1,0,1,1225,3
math500_hard_pilot,math,42,test/algebra/1143.json,1,1,0,1,1823,3
math500_hard_pilot,math,42,test/prealgebra/1961.json,1,1,0,1,1781,3
math500_hard_pilot,math,42,test/intermediate_algebra/1197.json,1,1,1,0,21232,7
math500_hard_pilot,math,42,test/number_theory/13.json,1,1,0,1,1953,3
math500_hard_pilot,math,42,test/intermediate_algebra/955.json,1,1,0,1,1618,3
math500_hard_pilot,math,42,test/counting_and_probability/1003.json,1,1,0,1,12846,3
math500_hard_pilot,math,42,test/counting_and_probability/181.json,1,1,0,1,12510,3
math500_hard_pilot,math,42,test/precalculus/675.json,1,0,0,1,4035,3
math500_hard_pilot,math,42,test/intermediate_algebra/966.json,1,1,0,1,8048,3
math500_hard_pilot,math,42,test/precalculus/1202.json,1,1,0,1,5357,3
math500_hard_pilot,math,42,test/counting_and_probability/188.json,1,1,0,1,1557,3
math500_hard_pilot,math,42,test/prealgebra/1128.json,1,1,1,0,8181,7
math500_hard_pilot,math,42,test/algebra/686.json,1,0,0,1,1303,3
math500_hard_pilot,math,42,test/number_theory/1002.json,1,1,0,1,3565,3
math500_hard_pilot,math,42,test/number_theory/820.json,1,1,1,0,11413,7
math500_hard_pilot,math,42,test/geometry/817.json,1,1,0,1,9429,3
medqa_pilot,medqa,42,1258,1,1,0,1,1560,3
medqa_pilot,medqa,42,990,1,1,0,1,1925,3
medqa_pilot,medqa,42,277,1,1,0,1,1521,3
medqa_pilot,medqa,42,427,1,1,0,1,1344,3
medqa_pilot,medqa,42,1202,1,1,0,1,1364,3
medqa_pilot,medqa,42,15,1,1,0,1,1526,3
medqa_pilot,medqa,42,827,1,1,0,1,1459,3
medqa_pilot,medqa,42,202,1,0,0,1,1467,3
medqa_pilot,medqa,42,503,1,1,0,1,1213,3
medqa_pilot,medqa,42,325,1,1,0,1,1435,3
medqa_pilot,medqa,42,681,1,1,0,1,1703,3
medqa_pilot,medqa,42,387,1,1,0,1,1574,3
medqa_pilot,medqa,42,932,1,1,0,1,1602,3
medqa_pilot,medqa,42,1027,1,1,1,0,12022,7
medqa_pilot,medqa,42,66,1,1,0,1,1369,3
medqa_pilot,medqa,42,235,1,1,0,1,1225,3
medqa_pilot,medqa,42,347,1,1,0,1,1624,3
medqa_pilot,medqa,42,442,1,1,0,1,1303,3
medqa_pilot,medqa,42,332,1,1,0,1,1689,3
medqa_pilot,medqa,42,376,1,1,0,1,1945,3
medqa_pilot,medqa,42,35,1,1,0,1,1244,3
medqa_pilot,medqa,42,1121,1,1,0,1,1679,3
medqa_pilot,medqa,42,1145,1,1,0,1,1137,3
medqa_pilot,medqa,42,975,1,1,0,1,1230,3
medqa_pilot,medqa,42,950,1,1,0,1,1235,3
medqa_pilot,medqa,42,400,1,1,0,1,1752,3
medqa_pilot,medqa,42,845,1,1,0,1,1193,3
medqa_pilot,medqa,42,1030,1,1,0,1,1890,3
medqa_pilot,medqa,42,825,1,1,0,1,1545,3
medqa_pilot,medqa,42,650,1,1,0,1,1577,3
medqa_pilot,medqa,42,802,1,1,0,1,1942,3
medqa_pilot,medqa,42,540,1,1,0,1,1759,3
medqa_pilot,medqa,42,796,1,1,0,1,1463,3
medqa_pilot,medqa,42,2,1,1,0,1,1772,3
medqa_pilot,medqa,42,715,1,1,0,1,1248,3
medqa_pilot,medqa,42,464,1,1,0,1,1744,3
medqa_pilot,medqa,42,331,1,1,0,1,1594,3
medqa_pilot,medqa,42,959,1,1,0,1,1368,3
medqa_pilot,medqa,42,395,1,1,0,1,1579,3
medqa_pilot,medqa,42,761,1,1,0,1,2061,3
medqa_pilot,medqa,42,920,1,1,0,1,1387,3
medqa_pilot,medqa,42,107,1,1,0,1,1315,3
medqa_pilot,medqa,42,528,1,1,0,1,1829,3
medqa_pilot,medqa,42,1166,1,1,0,1,1640,3
medqa_pilot,medqa,42,187,1,1,0,1,1095,3
medqa_pilot,medqa,42,997,1,1,0,1,1493,3
medqa_pilot,medqa,42,371,1,1,0,1,1896,3
medqa_pilot,medqa,42,454,1,1,1,0,9027,6
medqa_pilot,medqa,42,823,1,1,1,0,9159,6
medqa_pilot,medqa,42,1142,1,0,0,1,1661,3
META2_control_supergpqa,supergpqa,1313,d9dae18bc19d4998804a1b49779192a5,1,1,0,1,2335,3
META2_control_supergpqa,supergpqa,1313,e706ab8388c24f29b19b738be024aabf,1,1,0,1,5908,3
META2_control_supergpqa,supergpqa,1313,c154e737edb441979c509240138298dd,1,1,1,0,16016,7
META2_control_supergpqa,supergpqa,1313,78ac1b5d74634d1a861784ea1ba4341a,1,1,0,1,9287,3
META2_control_supergpqa,supergpqa,1313,c0117dda97024cfe8dd15c99a89735b2,1,0,0,1,9948,3
META2_control_supergpqa,supergpqa,1313,d7755a021c1e490489c333e917b923c1,1,1,0,1,8539,3
META2_control_supergpqa,supergpqa,1313,36551d7a41884315ad28a49e289ce0e5,1,1,1,0,17818,7
META2_control_supergpqa,supergpqa,1313,2ad84dab86404c8d9d570a983fbed133,1,0,0,1,9750,3
META2_control_supergpqa,supergpqa,1313,78fd4500f6fc4cb1b37137d27dc4ac90,1,1,1,0,14522,7
META2_control_supergpqa,supergpqa,1313,b1551c0a366042789cbf2b11d32c83d7,1,1,1,0,9967,7
META2_control_supergpqa,supergpqa,1313,968e81e525114d08a0589db6c41a6f60,1,1,0,1,9098,3
META2_control_supergpqa,supergpqa,1313,0202feea0e3b48af93748396fc2a2d24,1,0,0,1,1213,3
META2_control_supergpqa,supergpqa,1313,ca7a4f526d9445b1bbc61aa9734b2496,1,1,1,0,13732,7
META2_control_supergpqa,supergpqa,1313,9a7c64761a20499fbc470baae9f95b25,1,0,0,1,1435,3
META2_control_supergpqa,supergpqa,1313,30952d77bee74e64b984f1ca28c4bf8b,1,1,0,1,5909,3
META2_control_supergpqa,supergpqa,1313,8c8f5155079448ae8631de3f098ed660,1,1,1,0,10854,7
META2_control_supergpqa,supergpqa,1313,09addd707349419198fb032baa9e3597,1,1,0,1,7040,3
META2_control_supergpqa,supergpqa,1313,4b829eb2b3ef4946a2864049650dbb1a,1,0,1,0,16811,7
META2_control_supergpqa,supergpqa,1313,3d28fee8bfa34a5186ff18521309a203,1,1,1,0,6493,6
META2_control_supergpqa,supergpqa,1313,4ec21da7a6b54ae48687790b02ef9020,1,0,1,0,17746,7
META2_control_supergpqa,supergpqa,1313,47a92fe862634fa895357db1ab33820b,1,1,0,1,8488,3
META2_control_supergpqa,supergpqa,1313,774004067a734a18a4923c013e6fc14b,1,0,1,0,26058,7
META2_control_supergpqa,supergpqa,1313,ef3d6a36289849ff8849fc82e530ab0b,1,1,1,0,21544,7
META2_control_supergpqa,supergpqa,1313,047f68467ddd4a8ba5ad6d91375c5d2b,1,1,1,0,17872,7
META2_control_supergpqa,supergpqa,1313,8fc5c339a8564778b3301447c3228bf4,1,1,1,0,16513,7
META2_control_supergpqa,supergpqa,1313,64f55117676442599f4fd37192175ae1,1,1,1,0,11734,7
META2_control_supergpqa,supergpqa,1313,c4989fc378654551b8ef93ad99fcf5bb,1,1,0,1,1427,3
META2_control_supergpqa,supergpqa,1313,8b4e8254ac8342208c0bcb954dc55cbe,1,1,0,1,5179,3
META2_control_supergpqa,supergpqa,1313,0d2b0c44325c47acb16a53d2b91c7366,1,1,1,0,23071,7
META2_control_supergpqa,supergpqa,1313,7e6059f1fc704d61a8894d2822a9adf1,1,1,0,1,10118,3
META2_control_supergpqa,supergpqa,1313,a1cd851a740e4ab7bd567d8949936c04,1,1,1,0,17444,7
META2_control_supergpqa,supergpqa,1313,3f82aa86950e439fb837f049f0ea953d,1,1,0,1,7644,3
META2_control_supergpqa,supergpqa,1313,9bd7f60ef909497db6860cc08ea6e4f7,1,0,0,1,6480,3
META2_control_supergpqa,supergpqa,1313,f1c62118b7ab4b21bbb61ab132292886,1,1,1,0,19959,7
META2_control_supergpqa,supergpqa,1313,cdabb6c948f0457caa35d0adae08a5c6,1,1,0,1,1840,3
META2_control_supergpqa,supergpqa,1313,7d6ad8c52f0f4cc1a24f51744eb9190c,1,1,0,1,1679,3
META2_control_supergpqa,supergpqa,1313,8c6efcacff52411bad4446c5007130e7,1,1,1,0,6384,6
META2_control_supergpqa,supergpqa,1313,899a383bceea473abbc1fd0148e790f9,1,1,1,0,17366,7
META2_control_supergpqa,supergpqa,1313,00f9c59ff117481cbbc88a3a7e32cc0b,1,1,0,1,7119,3
META2_control_supergpqa,supergpqa,1313,1622f49268b84531a9fe06692ab09371,1,1,0,1,4851,3
META2_control_supergpqa,supergpqa,1313,a184300ae28b4748a6422218fe1fcaaf,1,0,0,1,9291,3
META2_control_supergpqa,supergpqa,1313,ebbc1e7241954b8189b49f92726ce67a,1,1,0,1,4088,3
META2_control_supergpqa,supergpqa,1313,bd29ceac269047cfb917ac69abccd331,1,1,0,1,1491,3
META2_control_supergpqa,supergpqa,1313,9131843fc01049059b93839bc1a1beaa,1,1,0,1,2779,3
META2_control_supergpqa,supergpqa,1313,765c0e886c0e46fa8618b2b9190cd62e,1,0,1,0,22911,7
META2_control_supergpqa,supergpqa,1313,78a564282a204bf9a6611c757217e2be,1,0,1,0,22855,7
META2_control_supergpqa,supergpqa,1313,a63462f4ff9e44289d3c9e4a91314250,1,1,1,0,8015,6
META2_control_supergpqa,supergpqa,1313,1bcdfc904e89419ba9ec65b68b9c1b41,1,1,1,0,10067,7
META2_control_supergpqa,supergpqa,1313,176df1aecda443a39f416e15834b6dd6,1,1,0,1,6252,3
META2_control_supergpqa,supergpqa,1313,efbbda37dce347b8bc0262585af57720,1,1,1,0,17335,7
META2_control_supergpqa,supergpqa,1313,206733326acb4a0b822ea0041dad0452,1,0,0,1,9920,3
META2_control_supergpqa,supergpqa,1313,296634b8c949445facd9aacedc92d1bd,1,1,1,0,13932,7
META2_control_supergpqa,supergpqa,1313,0a6d7b45805d46049f4a5f2d57dbdfab,1,1,1,0,14954,7
META2_control_supergpqa,supergpqa,1313,72c816932eb34ae5bc7dd5d9fa3385d2,1,1,0,1,8632,3
META2_control_supergpqa,supergpqa,1313,9b63c53c2d6142a3be06e4010bc54f3f,1,1,0,1,6299,3
META2_control_supergpqa,supergpqa,1313,9de35ddd9f964480ae7ef1999f00e775,1,1,0,1,1575,3
META2_control_supergpqa,supergpqa,1313,8fd7740fc68b474f955d52da8c6f3b36,1,1,1,0,23778,7
META2_control_supergpqa,supergpqa,1313,b2db67f7fbf94e2d90c3220b1167db0c,1,1,0,1,2578,3
META2_control_supergpqa,supergpqa,1313,d3551b1d9a114d4fa9cf073f78a658dd,1,1,1,0,23061,7
META2_control_supergpqa,supergpqa,1313,340d0efcc84248f7b3db66f8ca94bddd,1,1,1,0,8298,7
META2_control_supergpqa,supergpqa,1313,674fd9508773498499d78bf6e2194315,1,1,1,0,13879,7
META2_control_supergpqa,supergpqa,1313,e1b7c9079b304a928b8fa2e73388267e,1,1,1,0,22379,7
META2_control_supergpqa,supergpqa,1313,0fc034fb52e848f29f4c0d4e1ff334d1,1,1,1,0,9106,7
META2_control_supergpqa,supergpqa,1313,26d8b4c903f943209c0da547a5544e61,1,1,1,0,16264,7
META2_control_supergpqa,supergpqa,1313,afbfd3786a104b4ba1e1ca8a399d4d74,1,1,1,0,16038,7
META2_control_supergpqa,supergpqa,1313,8fb24105186c4421ac532b8c0908a36f,1,1,1,0,13159,7
META2_control_supergpqa,supergpqa,1313,187932078c6b47dca70f1567aab84b52,1,1,1,0,14511,7
META2_control_supergpqa,supergpqa,1313,174d7c7909e948e29817e4287e4210a0,1,1,0,1,1200,3
META2_control_supergpqa,supergpqa,1313,e39471c3142648a5b5916e6aa6c4ca5d,1,0,0,1,5452,3
META2_control_supergpqa,supergpqa,1313,f7452fa83fca480db969c6762ef902df,1,1,0,1,9245,3
META2_control_supergpqa,supergpqa,1313,d2112d932a714bbf875080626c135d31,1,0,0,1,5521,3
META2_control_supergpqa,supergpqa,1313,93c497d24ae74f5484c8be2fc2271f29,1,1,0,1,1977,3
META2_control_supergpqa,supergpqa,1313,b5017221b258477db4dc1206f382f27c,1,1,1,0,22222,7
META2_control_supergpqa,supergpqa,1313,9307245386e440adab7bfa7be2eeb492,1,1,0,1,5416,3
META2_control_supergpqa,supergpqa,1313,f1478d6b08f24d28a0c070d58c79bbad,1,0,0,1,1960,3
META2_control_supergpqa,supergpqa,1313,f619ae035456453e8f8f34604395cc3f,1,0,0,1,4025,3
META2_control_supergpqa,supergpqa,1313,484dbeadacb34cf2ab23e01b306d880c,1,1,1,0,19249,7
META2_control_supergpqa,supergpqa,1313,580a2a26ce5145d481c569d736e50f88,1,1,0,1,6752,3
META2_control_supergpqa,supergpqa,1313,bcfc156935154d9aa7e4335b373b9428,1,0,0,1,8736,3
META2_control_supergpqa,supergpqa,1313,223679a0fb1948b3b1281ac08855b9e8,1,1,0,1,6525,3
META2_control_supergpqa,supergpqa,1313,0e9ae67466474359a2c81227ce6b89cb,1,0,1,0,10450,7
META2_control_supergpqa,supergpqa,1313,2d13607b870b4161bc7c1783fd0beb54,1,1,1,0,16964,7
META2_control_supergpqa,supergpqa,1313,775ac535425e4d018f158dd6febdc74a,1,1,0,1,10648,3
META2_control_supergpqa,supergpqa,1313,f584c3a789da4fd78ed4d1ceb7ad0019,1,1,0,1,9100,3
META2_control_supergpqa,supergpqa,1313,8340b646cf8a4d3d81b2c22e2d573143,1,1,0,1,7694,3
META2_control_supergpqa,supergpqa,1313,94fc9dd8bbbf45f0bb991c4d2c3d50a7,1,1,0,1,1580,3
META2_control_supergpqa,supergpqa,1313,bd089550a7184175b3730af31237c3d8,1,1,1,0,18063,7
META2_control_supergpqa,supergpqa,1313,55b40c17366749e29507b8326c86c549,1,1,1,0,12599,7
META2_control_supergpqa,supergpqa,2027,89ea2c1b2c644c1bbe9ec05cde7a7c34,1,1,0,1,5822,3
META2_control_supergpqa,supergpqa,2027,76a63f6545bc4d38a4fd9106794d4bc2,1,1,0,1,4942,3
META2_control_supergpqa,supergpqa,2027,ab9084f0f5294f298fde1cc8f3639fcd,1,1,0,1,2998,3
META2_control_supergpqa,supergpqa,2027,9d8ad39cb8ab4c00811470629f812d2c,1,1,0,1,2384,3
META2_control_supergpqa,supergpqa,2027,55fbb0e9c5c54d05be039b0be87fa963,1,1,1,0,10845,7
META2_control_supergpqa,supergpqa,2027,6c66d34a74a44132867652c6b18d2097,1,1,0,1,1976,3
META2_control_supergpqa,supergpqa,2027,ad8a1dde79bf494e95a80c5d2495692f,1,1,1,0,9869,6
META2_control_supergpqa,supergpqa,2027,ad04a3dd9c6e47d2b696274ed0b959d3,1,0,0,1,2015,3
META2_control_supergpqa,supergpqa,2027,8ec3055b24ae4df1a4ec131f82389818,1,1,0,1,10799,3
META2_control_supergpqa,supergpqa,2027,b2e311f4dbbb4a03b4364679034a97fb,1,0,0,1,8794,3
META2_control_supergpqa,supergpqa,2027,7a2e5ffbf3004234945055db182b9dd2,1,1,1,0,19315,7
META2_control_supergpqa,supergpqa,2027,d38fbb868d8a44db9095fa175c8b5669,1,1,0,1,8455,3
META2_control_supergpqa,supergpqa,2027,c247b75bef6843a6bddb467b4f6530c7,1,0,0,1,2298,3
META2_control_supergpqa,supergpqa,2027,628b15eb4d254e64b066dc67ca5899c7,1,0,1,0,18324,7
META2_control_supergpqa,supergpqa,2027,3b528408557e4e66833e5dcb38729f6e,1,1,1,0,20183,7
META2_control_supergpqa,supergpqa,2027,bcd97c9fdc49413386901915ccb8c135,1,1,1,0,29699,7
META2_control_supergpqa,supergpqa,2027,b6905cbac56e46ac93c398b5910034f1,1,0,1,0,16992,7
META2_control_supergpqa,supergpqa,2027,9ef94cd2aae94e19a8efffa4a5b8615e,1,1,1,0,22905,7
META2_control_supergpqa,supergpqa,2027,791dcce8a03d4e438922d47882148a8c,1,0,0,1,1825,3
META2_control_supergpqa,supergpqa,2027,798a0def38ad4b159fffa92042113133,1,0,1,0,7343,6
META2_control_supergpqa,supergpqa,2027,048b9dc1730044e48e9ef8f0a0a59db7,1,1,0,1,7892,3
META2_control_supergpqa,supergpqa,2027,ff4de99c7ef14f75ade99c930a77d708,1,1,1,0,12409,7
META2_control_supergpqa,supergpqa,2027,9fc6adcb15cf46cca872d9fa246a4c87,1,0,1,0,19729,7
META2_control_supergpqa,supergpqa,2027,c801c7e862564763917fcbb5dfd43df2,1,1,0,1,7044,3
META2_control_supergpqa,supergpqa,2027,fb41440f181242a1a6b3ce7b9664a762,1,1,1,0,15884,7
META2_control_supergpqa,supergpqa,2027,4490060d4abe45a984c1f8965bf10633,1,1,0,1,975,3
META2_control_supergpqa,supergpqa,2027,836465ad84b24ff996128fb87fd864a1,1,0,0,1,9402,3
META2_control_supergpqa,supergpqa,2027,ab99e4e6e4f548f9bf22a0c4afba770a,1,1,0,1,6142,3
META2_control_supergpqa,supergpqa,2027,b77a565706b24e75ae7384963892bd16,1,1,0,1,6849,3
META2_control_supergpqa,supergpqa,2027,90527d3655bc43029751e21cdb4a4f8b,1,1,0,1,9491,3
META2_control_supergpqa,supergpqa,2027,74d4f7e6fb19400f97b2b57330d24ad2,1,1,1,0,19159,7
META2_control_supergpqa,supergpqa,2027,14110586ac6f4e02ae2b41caf9767644,1,0,0,1,1576,3
META2_control_supergpqa,supergpqa,2027,52b6e83adfb346178c4b9df68b857c73,1,1,0,1,6658,3
META2_control_supergpqa,supergpqa,2027,4eb47f01e9844a2f95a415de6a667c07,1,1,1,0,12535,7
META2_control_supergpqa,supergpqa,2027,85be4287145e40b1a4d47a105aafc40d,1,1,0,1,4049,3
META2_control_supergpqa,supergpqa,2027,9981ef47a2e243f4808420c08eed14c9,1,1,1,0,16184,7
META2_control_supergpqa,supergpqa,2027,c3d30d41af104ec7841aea328cf0398a,1,0,0,1,9342,3
META2_control_supergpqa,supergpqa,2027,df2bc2a981894511b0fb00a5d2ba10ef,1,0,1,0,22779,7
META2_control_supergpqa,supergpqa,2027,192ee980ba5f414fa1c3fec5aa78b4d6,1,1,1,0,8536,6
META2_control_supergpqa,supergpqa,2027,0b5d8b43d02347ac965f363b96fd85ea,1,1,0,1,2942,3
META2_control_supergpqa,supergpqa,2027,df91f480915e45eb8d59b4b6446bc487,1,0,1,0,12339,7
META2_control_supergpqa,supergpqa,2027,f8b2bc6a248c4235812f3dfbc187fed7,1,1,0,1,8773,3
META2_control_supergpqa,supergpqa,2027,75137178e29747f9975dc7624cca3109,1,1,1,0,11165,6
META2_control_supergpqa,supergpqa,2027,3113881b9caf41ebae2c4c94a66990ca,1,1,1,0,15154,7
META2_control_supergpqa,supergpqa,2027,929cbd9e50d94b17ba5024919e4c2ae5,1,1,0,1,4691,3
META2_control_supergpqa,supergpqa,2027,1eb91932207046aaa56ce24234ff69af,1,0,0,1,8148,3
META2_control_supergpqa,supergpqa,2027,93cbf3aecc4b4d94844acbd1f9517e5d,1,1,0,1,7772,3
META2_control_supergpqa,supergpqa,2027,b6ef5fa25f6c43bb8c1ac7440eeb1067,1,1,0,1,8393,3
META2_control_supergpqa,supergpqa,2027,c25421a681cd45c6bf920c292449e068,1,0,1,0,20045,7
META2_control_supergpqa,supergpqa,2027,5e19e0c88d074381afd719501a7080a1,1,0,0,1,1276,3
META2_control_supergpqa,supergpqa,2027,774f278462814d6298417cd1eeadb78e,1,1,1,0,16126,7
META2_control_supergpqa,supergpqa,2027,ad7ec8ee49764f129a83dd557f25782e,1,1,1,0,22105,7
META2_control_supergpqa,supergpqa,2027,09064f2131ad4c6fb1f28bc7cf992775,1,1,0,1,1761,3
META2_control_supergpqa,supergpqa,2027,02492626d107478d80ef8dab8f14eae1,1,1,0,1,3754,3
META2_control_supergpqa,supergpqa,2027,eb78f399e33e4fde99373c2944da84ba,1,1,0,1,8547,3
META2_control_supergpqa,supergpqa,2027,fb0d689c14dc4dd785e216465959a82e,1,1,0,1,8974,3
META2_control_supergpqa,supergpqa,2027,e2b440285e784f36815fe1a969ac7254,1,1,0,1,1621,3
META2_control_supergpqa,supergpqa,2027,8648572e55d842439a80359026e8e776,1,1,0,1,8912,3
META2_control_supergpqa,supergpqa,2027,2da248d76137456ea8533cbb76a4f481,1,0,0,1,7165,3
META2_control_supergpqa,supergpqa,2027,acb56c94e8f94646aed6f85ef997937a,1,1,0,1,1149,3
META2_control_supergpqa,supergpqa,2027,90b5d13fe2c34fe2a19b25a096613ba7,1,1,0,1,1194,3
META2_control_supergpqa,supergpqa,2027,2e1c92e7640f46f3b19e4cb2b87f6e6a,1,1,1,0,20994,7
META2_control_supergpqa,supergpqa,2027,93a94af4bedb477ebc39090181a04e26,1,1,1,0,11094,7
META2_control_supergpqa,supergpqa,2027,f475d3ec790847849d371e6e6a208dc0,1,0,1,0,17953,7
META2_control_supergpqa,supergpqa,2027,95be1611a1d043b5b3fd3f2b7708252d,1,1,0,1,9465,3
META2_control_supergpqa,supergpqa,2027,9475ca3efa54496b837464898ac0ce37,1,0,0,1,6632,3
META2_control_supergpqa,supergpqa,2027,3418164dfa79431db4b71b7e984f74d8,1,1,0,1,5794,3
META2_control_supergpqa,supergpqa,2027,8922f6cb597c486f89dba3f52a95a33f,1,1,0,1,7030,3
META2_control_supergpqa,supergpqa,2027,e15b91b897dd46419d8f7f2ac2034745,1,1,0,1,2697,3
META2_control_supergpqa,supergpqa,2027,fbe072bb82444eef95c9a0da2bb383b4,1,1,1,0,16974,7
META2_control_supergpqa,supergpqa,2027,88dfa83c304a42fb93f5ac30ca086d55,1,1,0,1,1875,3
META2_control_supergpqa,supergpqa,2027,3b37ffa7eb2b455283a129a4ada95546,1,1,0,1,6494,3
META2_control_supergpqa,supergpqa,2027,86e070c7501c4f5e9ca00d1a1bad6cef,1,0,1,0,14679,7
META2_control_supergpqa,supergpqa,2027,1816dcac15624eaebb551a797c2ee047,1,1,0,1,5802,3
META2_control_supergpqa,supergpqa,2027,1769114e0de44c4d861440db026f439f,1,1,0,1,9963,3
META2_control_supergpqa,supergpqa,2027,c13acd3d7e4d4afab782af7180af48b8,1,1,0,1,8183,3
META2_control_supergpqa,supergpqa,2027,714b03c815d3414980d63370de5f9d15,1,1,1,0,20236,7
META2_control_supergpqa,supergpqa,2027,917eb50b8fc1498a820da2396783c272,1,1,1,0,12657,7
META2_control_supergpqa,supergpqa,2027,bdf9115420a84d398fb6bd367c3f0010,1,0,0,1,6354,3
META2_control_supergpqa,supergpqa,2027,38870fc19e34499abb8745f6191855ec,1,1,1,0,16634,7
META2_control_supergpqa,supergpqa,2027,6eb32b09d796475abb02baa1fe6db7ea,1,1,1,0,8491,7
META2_control_supergpqa,supergpqa,2027,ff771d6c3b254cd28af057b06d0992a2,1,0,0,1,1371,3
META2_control_supergpqa,supergpqa,2027,edc664308309410d96a0152b28dc927d,1,1,0,1,8567,3
META2_control_supergpqa,supergpqa,2027,aa686324e7a84266a1ae052de62eee20,1,1,0,1,3641,3
META2_control_supergpqa,supergpqa,2027,4a67c4a9ed0743cf9131696cbc780d17,1,1,1,0,14700,7
META2_control_supergpqa,supergpqa,2027,880aebd099464404b8d229ef4cb3d9ea,1,1,0,1,1242,3
META2_control_supergpqa,supergpqa,2027,2582c0c28ef94b54bd75923917406a8a,1,1,1,0,13895,7
META2_control_supergpqa,supergpqa,2027,933981950b6b48c9be0cb115a3833b37,1,0,1,0,29897,7
META2_control_supergpqa,supergpqa,909,cf53bf592b244cb1ad02b684eda29e3b,1,0,0,1,1028,3
META2_control_supergpqa,supergpqa,909,7f0a718222564dc3922873f9b8b8b407,1,0,0,1,1356,3
META2_control_supergpqa,supergpqa,909,0c1ce9fb89c544c2b24b2609bfa23642,1,1,0,1,8881,3
META2_control_supergpqa,supergpqa,909,3faffffae8144052ba1172a176ec445f,1,1,0,1,4721,3
META2_control_supergpqa,supergpqa,909,753b9bb15f1c4875b1ebd8a4f0e8ad61,1,0,0,1,9057,3
META2_control_supergpqa,supergpqa,909,98fe9d9a5ade4779a6df9f69035ee756,1,1,1,0,8870,7
META2_control_supergpqa,supergpqa,909,18dd61f8f537498aab430ca99da93ddf,1,1,1,0,17260,7
META2_control_supergpqa,supergpqa,909,4b460c2d40974304b34a313768f1a9af,1,0,0,1,1669,3
META2_control_supergpqa,supergpqa,909,fee08877a8844a1c8331fc8cac91d9d4,1,1,1,0,18746,7
META2_control_supergpqa,supergpqa,909,446a87ff64474fe2a33eac241eaa4513,1,1,0,1,2157,3
META2_control_supergpqa,supergpqa,909,f0bb3853e211468d8b09a21b001c3909,1,1,0,1,8916,3
META2_control_supergpqa,supergpqa,909,8448e9e443444fa8914dd174252f8387,1,1,1,0,16737,7
META2_control_supergpqa,supergpqa,909,da9a72380d03494eb15cdb6326ef1d63,1,1,1,0,24420,7
META2_control_supergpqa,supergpqa,909,e274da8c33684a8eaf93ff535f26966c,1,0,0,1,12425,3
META2_control_supergpqa,supergpqa,909,8150fb059b3041fda1a3079d62f96c81,1,0,1,0,31258,7
META2_control_supergpqa,supergpqa,909,5b45b2db369345e58b6dfa4ec2bebe1e,1,0,0,1,2456,3
META2_control_supergpqa,supergpqa,909,93fb4ca991b54dc9b48f6d8ad8dadad6,1,1,1,0,14894,7
META2_control_supergpqa,supergpqa,909,1801d45b0acc48cf93825a48f3f1f2d9,1,1,1,0,19961,7
META2_control_supergpqa,supergpqa,909,3b57245e92d34df8b15c3485e797caa7,1,1,1,0,16077,7
META2_control_supergpqa,supergpqa,909,de80385182a04a07b8e0ebf47441fd73,1,1,0,1,8418,3
META2_control_supergpqa,supergpqa,909,d153c78aab83437098128b09643b1b1b,1,1,1,0,21310,7
META2_control_supergpqa,supergpqa,909,b276a7c672c44245bd8ff7b2f3bfc6ed,1,1,0,1,1164,3
META2_control_supergpqa,supergpqa,909,359d204466cf48a68d305af7cb894607,1,1,1,0,26227,7
META2_control_supergpqa,supergpqa,909,3504bf36fbae416abe5a3c35905cb09c,1,1,0,1,8800,3
META2_control_supergpqa,supergpqa,909,9fcea6b17825455e84ca2a14591131db,1,0,0,1,2392,3
META2_control_supergpqa,supergpqa,909,774f278462814d6298417cd1eeadb78e,1,1,1,0,16075,7
META2_control_supergpqa,supergpqa,909,21d1d27ba995479dbeed0629b0fb6bc6,1,0,0,1,8965,3
META2_control_supergpqa,supergpqa,909,035eea8b984a439e8aa2c57d8ce71004,1,1,1,0,15895,7
META2_control_supergpqa,supergpqa,909,42218a1a88e144cda0a439614e5ed37a,1,1,0,1,2157,3
META2_control_supergpqa,supergpqa,909,cd30976ef17748819f04e65423ef8b9f,1,1,0,1,1423,3
META2_control_supergpqa,supergpqa,909,58404af730f1470fb0ffa4c6cb195387,1,1,1,0,14745,7
META2_control_supergpqa,supergpqa,909,77426eaa0d254207a880cc046e218338,1,1,1,0,20102,7
META2_control_supergpqa,supergpqa,909,d3e6943775fe45a1b342d464b7789fcf,1,1,1,0,12823,7
META2_control_supergpqa,supergpqa,909,d480d6dc26254df6952b767cb43ff7f5,1,1,1,0,12226,7
META2_control_supergpqa,supergpqa,909,577d8bc0b647493f99d07f67b765ce79,1,1,1,0,17718,7
META2_control_supergpqa,supergpqa,909,f167d93fcf404e1990b65bbc25464616,1,0,0,1,1417,3
META2_control_supergpqa,supergpqa,909,bd5e9f3f0c264bfcbdb0d65bafd77574,1,1,0,1,5141,3
META2_control_supergpqa,supergpqa,909,a0fcdf416bfd4419ba9f714813ece402,1,1,0,1,6593,3
META2_control_supergpqa,supergpqa,909,cff5a6adefff4439b484c67e0dab0548,1,1,1,0,6527,7
META2_control_supergpqa,supergpqa,909,dc319ec3a05740bd96124fa8eb972087,1,1,0,1,1851,3
META2_control_supergpqa,supergpqa,909,7d09ef0797ce4e5985bf74b721552ca7,1,1,0,1,1755,3
META2_control_supergpqa,supergpqa,909,37bee659d0f24b6bbb7cf0019b18266b,1,1,1,0,12694,7
META2_control_supergpqa,supergpqa,909,06ae69ef1c91427cbe9c4828fca5f44b,1,1,0,1,1548,3
META2_control_supergpqa,supergpqa,909,5421df7042274a38b3df26a35cdb469f,1,1,0,1,5658,3
META2_control_supergpqa,supergpqa,909,f7cfee802ef34c3688d63c879ffd007b,1,1,1,0,15650,7
META2_control_supergpqa,supergpqa,909,c6dd6b345fbf490eb71cce53229a6af2,1,1,0,1,2933,3
META2_control_supergpqa,supergpqa,909,afe0ed4d48c54836b7c7290a88c48c6a,1,1,0,1,6477,3
META2_control_supergpqa,supergpqa,909,ea8ee1f301e24f2abef3454faa2bcad3,1,1,1,0,14985,7
META2_control_supergpqa,supergpqa,909,776b1918d67244708c5caf2f6d71390e,1,1,0,1,7151,3
META2_control_supergpqa,supergpqa,909,a303795f899447c9a86c9bf222885c4d,1,1,1,0,14494,7
META2_control_supergpqa,supergpqa,909,542d66872a3744ebbe3b7edb81159b87,1,1,1,0,6701,7
META2_control_supergpqa,supergpqa,909,9370a1e88cd44bfb97e73d1dbd0be108,1,0,0,1,8819,3
META2_control_supergpqa,supergpqa,909,5c80431a7a44410fb7cb477e28b56f54,1,1,1,0,17247,7
META2_control_supergpqa,supergpqa,909,89313a292b8441c9be85ed164cbcdbef,1,1,1,0,14038,7
META2_control_supergpqa,supergpqa,909,24f826b3ba9b4761a5008fb8b2a764f1,1,1,1,0,17985,7
META2_control_supergpqa,supergpqa,909,9b2ab36a103b4b7087634081c8124ec8,1,0,0,1,10899,3
META2_control_supergpqa,supergpqa,909,d991ece11c774658bba485b985d3e9d0,1,1,1,0,17755,7
META2_control_supergpqa,supergpqa,909,8553c457934f417f998b45b85b13122a,1,1,1,0,14918,7
META2_control_supergpqa,supergpqa,909,c794f1b6844a42c49bcb2762d5efd0a0,1,1,0,1,1464,3
META2_control_supergpqa,supergpqa,909,becff80caaec4e6e9191e84c8b6caf71,1,0,0,1,7358,3
META2_control_supergpqa,supergpqa,909,423099d02b5642939e9550ce9eca1f31,1,0,0,1,1472,3
META2_control_supergpqa,supergpqa,909,fab27a77c7a04024bdf2a0e07f36df23,1,0,0,1,6120,3
META2_control_supergpqa,supergpqa,909,55edaf10765d46d4af4e841823a9797a,1,0,1,0,11917,6
META2_control_supergpqa,supergpqa,909,069990efa2ad4a48b7ee0290514c87d2,1,0,1,0,24818,7
META2_control_supergpqa,supergpqa,909,635d752febee4c159c6c7b640f91afee,1,0,1,0,16337,7
META2_control_supergpqa,supergpqa,909,925824162d68421ab1955c70e896acb3,1,1,1,0,11695,7
META2_control_supergpqa,supergpqa,909,a909c0719f3e43b1a44afdbedc66cf68,1,1,1,0,3824,6
META2_control_supergpqa,supergpqa,909,1879143c55594a16af99b8f28262d5cd,1,1,0,1,8668,3
META2_control_supergpqa,supergpqa,909,c5d4d7db014b497ca7029a9bec7f4bb2,1,0,0,1,8934,3
META2_control_supergpqa,supergpqa,909,34a72c60bab346689ff20a5c79f7bcbd,1,1,1,0,12575,7
META2_control_supergpqa,supergpqa,909,4eca043b6430444cbdd049afdfa2f053,1,1,0,1,3810,3
META2_control_supergpqa,supergpqa,909,86ad4780d9e843f7b8a98e208abf3a52,1,0,1,0,14647,7
META2_control_supergpqa,supergpqa,909,cf4f5dcb74544dc982db8d33e421d563,1,1,0,1,8967,3
META2_control_supergpqa,supergpqa,909,879ba709078a42cb83bb6c35d0f46988,1,1,0,1,8441,3
META2_control_supergpqa,supergpqa,909,6c089bcc77df411186116b02d5a29397,1,1,0,1,1593,3
META2_control_supergpqa,supergpqa,909,1b439dbf5fa94d12b70bfc09f67c0207,1,1,1,0,17655,7
META2_control_supergpqa,supergpqa,909,75a69daf29714e578b45461ef75c49b8,1,1,1,0,11373,6
META2_control_supergpqa,supergpqa,909,3b56dfe1a6c7451bb96852d03c781fec,1,1,1,0,17475,7
META2_control_supergpqa,supergpqa,909,81a567f240f046d9b3efd97401d5e613,1,0,1,0,13743,6
META2_control_supergpqa,supergpqa,909,37871236ef614d9ead11af4912abc0fd,1,1,0,1,7589,3
META2_control_supergpqa,supergpqa,909,39500f844ccf4842b37634e609862e09,1,0,1,0,25314,7
META2_control_supergpqa,supergpqa,909,118d86cc46f849688d4fa43f1946e64c,1,1,1,0,8240,6
META2_control_supergpqa,supergpqa,909,02825cc4d5204391ad16af37a803370b,1,0,1,0,17442,7
META2_control_supergpqa,supergpqa,909,530a6c1b54cb409c8785941fb637e814,1,1,1,0,13955,7
META2_control_supergpqa,supergpqa,909,07e1b41abb9444cfbd9d3abfde3fd2be,1,1,1,0,9559,7
META2_control_supergpqa,supergpqa,909,7596b20b80904d37a2cdb3571dd140b1,1,0,0,1,2342,3
META2_control_supergpqa,supergpqa,909,92ce9438a8dc454fb4400a14ecfb25cd,1,1,0,1,6570,3
META2_control_supergpqa,supergpqa,909,0116019c4d2949ffbb23d38c1d02155f,1,0,0,1,1579,3
META2_control_supergpqa,supergpqa,909,210b3664e51b43bbab0d4b1bfa4668d0,1,0,1,0,16535,7
META2_control_supergpqa,supergpqa,909,8646541e72e1482bacecb2f574a70667,1,0,1,0,15550,7
META2_permuted_panel_supergpqa,supergpqa,1313,d9dae18bc19d4998804a1b49779192a5,1,1,0,1,2300,3
META2_permuted_panel_supergpqa,supergpqa,1313,e706ab8388c24f29b19b738be024aabf,1,1,0,1,3412,3
META2_permuted_panel_supergpqa,supergpqa,1313,c154e737edb441979c509240138298dd,1,1,1,0,15462,7
META2_permuted_panel_supergpqa,supergpqa,1313,78fd4500f6fc4cb1b37137d27dc4ac90,1,1,1,0,17240,7
META2_permuted_panel_supergpqa,supergpqa,1313,36551d7a41884315ad28a49e289ce0e5,1,1,1,0,18044,7
META2_permuted_panel_supergpqa,supergpqa,1313,c0117dda97024cfe8dd15c99a89735b2,1,1,0,1,10129,3
META2_permuted_panel_supergpqa,supergpqa,1313,d7755a021c1e490489c333e917b923c1,1,1,1,0,14528,7
META2_permuted_panel_supergpqa,supergpqa,1313,b1551c0a366042789cbf2b11d32c83d7,1,1,1,0,10598,7
META2_permuted_panel_supergpqa,supergpqa,1313,2ad84dab86404c8d9d570a983fbed133,1,0,0,1,12931,3
META2_permuted_panel_supergpqa,supergpqa,1313,ca7a4f526d9445b1bbc61aa9734b2496,1,1,1,0,12463,7
META2_permuted_panel_supergpqa,supergpqa,1313,8c8f5155079448ae8631de3f098ed660,1,0,0,1,2497,3
META2_permuted_panel_supergpqa,supergpqa,1313,78ac1b5d74634d1a861784ea1ba4341a,1,1,1,0,24944,6
META2_permuted_panel_supergpqa,supergpqa,1313,0202feea0e3b48af93748396fc2a2d24,1,0,0,1,1171,3
META2_permuted_panel_supergpqa,supergpqa,1313,9a7c64761a20499fbc470baae9f95b25,1,0,0,1,1484,3
META2_permuted_panel_supergpqa,supergpqa,1313,30952d77bee74e64b984f1ca28c4bf8b,1,1,0,1,5651,3
META2_permuted_panel_supergpqa,supergpqa,1313,968e81e525114d08a0589db6c41a6f60,1,1,1,0,21886,7
META2_permuted_panel_supergpqa,supergpqa,1313,09addd707349419198fb032baa9e3597,1,1,0,1,8450,3
META2_permuted_panel_supergpqa,supergpqa,1313,4b829eb2b3ef4946a2864049650dbb1a,1,0,1,0,10840,6
META2_permuted_panel_supergpqa,supergpqa,1313,3d28fee8bfa34a5186ff18521309a203,1,1,0,1,1726,3
META2_permuted_panel_supergpqa,supergpqa,1313,774004067a734a18a4923c013e6fc14b,1,0,1,0,22563,7
META2_permuted_panel_supergpqa,supergpqa,1313,4ec21da7a6b54ae48687790b02ef9020,1,0,1,0,23676,7
META2_permuted_panel_supergpqa,supergpqa,1313,ef3d6a36289849ff8849fc82e530ab0b,1,0,1,0,21053,7
META2_permuted_panel_supergpqa,supergpqa,1313,47a92fe862634fa895357db1ab33820b,1,1,1,0,18289,7
META2_permuted_panel_supergpqa,supergpqa,1313,8fc5c339a8564778b3301447c3228bf4,1,1,1,0,17440,7
META2_permuted_panel_supergpqa,supergpqa,1313,047f68467ddd4a8ba5ad6d91375c5d2b,1,1,1,0,12925,7
META2_permuted_panel_supergpqa,supergpqa,1313,64f55117676442599f4fd37192175ae1,1,1,1,0,15277,7
META2_permuted_panel_supergpqa,supergpqa,1313,c4989fc378654551b8ef93ad99fcf5bb,1,1,0,1,1505,3
META2_permuted_panel_supergpqa,supergpqa,1313,8b4e8254ac8342208c0bcb954dc55cbe,1,1,0,1,3430,3
META2_permuted_panel_supergpqa,supergpqa,1313,f1c62118b7ab4b21bbb61ab132292886,1,0,0,1,8603,3
META2_permuted_panel_supergpqa,supergpqa,1313,7e6059f1fc704d61a8894d2822a9adf1,1,1,0,1,10668,3
META2_permuted_panel_supergpqa,supergpqa,1313,0d2b0c44325c47acb16a53d2b91c7366,1,1,1,0,24117,7
META2_permuted_panel_supergpqa,supergpqa,1313,3f82aa86950e439fb837f049f0ea953d,1,1,0,1,5897,3
META2_permuted_panel_supergpqa,supergpqa,1313,a1cd851a740e4ab7bd567d8949936c04,1,1,1,0,19451,7
META2_permuted_panel_supergpqa,supergpqa,1313,cdabb6c948f0457caa35d0adae08a5c6,1,1,0,1,2539,3
META2_permuted_panel_supergpqa,supergpqa,1313,7d6ad8c52f0f4cc1a24f51744eb9190c,1,1,0,1,1672,3
META2_permuted_panel_supergpqa,supergpqa,1313,8c6efcacff52411bad4446c5007130e7,1,1,0,1,3078,3
META2_permuted_panel_supergpqa,supergpqa,1313,78a564282a204bf9a6611c757217e2be,1,1,0,1,4105,3
META2_permuted_panel_supergpqa,supergpqa,1313,899a383bceea473abbc1fd0148e790f9,1,1,1,0,14370,7
META2_permuted_panel_supergpqa,supergpqa,1313,9bd7f60ef909497db6860cc08ea6e4f7,1,0,1,0,11127,7
META2_permuted_panel_supergpqa,supergpqa,1313,1622f49268b84531a9fe06692ab09371,1,1,1,0,14615,7
META2_permuted_panel_supergpqa,supergpqa,1313,ebbc1e7241954b8189b49f92726ce67a,1,1,0,1,1966,3
META2_permuted_panel_supergpqa,supergpqa,1313,00f9c59ff117481cbbc88a3a7e32cc0b,1,1,1,0,15858,7
META2_permuted_panel_supergpqa,supergpqa,1313,9131843fc01049059b93839bc1a1beaa,1,1,0,1,3109,3
META2_permuted_panel_supergpqa,supergpqa,1313,a63462f4ff9e44289d3c9e4a91314250,1,1,0,1,1085,3
META2_permuted_panel_supergpqa,supergpqa,1313,a184300ae28b4748a6422218fe1fcaaf,1,1,1,0,20294,7
META2_permuted_panel_supergpqa,supergpqa,1313,1bcdfc904e89419ba9ec65b68b9c1b41,1,0,0,1,1639,3
META2_permuted_panel_supergpqa,supergpqa,1313,296634b8c949445facd9aacedc92d1bd,1,1,1,0,12862,7
META2_permuted_panel_supergpqa,supergpqa,1313,efbbda37dce347b8bc0262585af57720,1,1,1,0,20298,7
META2_permuted_panel_supergpqa,supergpqa,1313,bd29ceac269047cfb917ac69abccd331,1,1,1,0,18922,7
META2_permuted_panel_supergpqa,supergpqa,1313,176df1aecda443a39f416e15834b6dd6,1,1,1,0,16799,7
META2_permuted_panel_supergpqa,supergpqa,1313,8fd7740fc68b474f955d52da8c6f3b36,1,1,1,0,18861,7
META2_permuted_panel_supergpqa,supergpqa,1313,0a6d7b45805d46049f4a5f2d57dbdfab,1,1,1,0,14418,7
META2_permuted_panel_supergpqa,supergpqa,1313,72c816932eb34ae5bc7dd5d9fa3385d2,1,1,0,1,8755,3
META2_permuted_panel_supergpqa,supergpqa,1313,206733326acb4a0b822ea0041dad0452,1,1,1,0,21963,7
META2_permuted_panel_supergpqa,supergpqa,1313,9de35ddd9f964480ae7ef1999f00e775,1,1,0,1,1419,3
META2_permuted_panel_supergpqa,supergpqa,1313,9b63c53c2d6142a3be06e4010bc54f3f,1,1,1,0,15500,7
META2_permuted_panel_supergpqa,supergpqa,1313,e1b7c9079b304a928b8fa2e73388267e,1,1,1,0,15157,7
META2_permuted_panel_supergpqa,supergpqa,1313,b2db67f7fbf94e2d90c3220b1167db0c,1,1,1,0,10286,7
META2_permuted_panel_supergpqa,supergpqa,1313,674fd9508773498499d78bf6e2194315,1,1,0,1,3946,3
META2_permuted_panel_supergpqa,supergpqa,1313,340d0efcc84248f7b3db66f8ca94bddd,1,1,1,0,11942,7
META2_permuted_panel_supergpqa,supergpqa,1313,f6e082346bf34fb5935d776a253ae554,1,1,1,0,16169,7
META2_permuted_panel_supergpqa,supergpqa,1313,26d8b4c903f943209c0da547a5544e61,1,1,1,0,13858,7
META2_permuted_panel_supergpqa,supergpqa,1313,0fc034fb52e848f29f4c0d4e1ff334d1,1,1,1,0,10822,7
META2_permuted_panel_supergpqa,supergpqa,1313,8fb24105186c4421ac532b8c0908a36f,1,1,1,0,12834,7
META2_permuted_panel_supergpqa,supergpqa,1313,187932078c6b47dca70f1567aab84b52,1,1,0,1,4566,3
META2_permuted_panel_supergpqa,supergpqa,1313,174d7c7909e948e29817e4287e4210a0,1,1,0,1,1086,3
META2_permuted_panel_supergpqa,supergpqa,1313,afbfd3786a104b4ba1e1ca8a399d4d74,1,1,1,0,17624,7
META2_permuted_panel_supergpqa,supergpqa,1313,e39471c3142648a5b5916e6aa6c4ca5d,1,0,0,1,3741,3
META2_permuted_panel_supergpqa,supergpqa,1313,484dbeadacb34cf2ab23e01b306d880c,1,1,1,0,15520,7
META2_permuted_panel_supergpqa,supergpqa,1313,d2112d932a714bbf875080626c135d31,1,0,0,1,8548,3
META2_permuted_panel_supergpqa,supergpqa,1313,93c497d24ae74f5484c8be2fc2271f29,1,1,0,1,1921,3
META2_permuted_panel_supergpqa,supergpqa,1313,f7452fa83fca480db969c6762ef902df,1,1,1,0,26041,7
META2_permuted_panel_supergpqa,supergpqa,1313,b5017221b258477db4dc1206f382f27c,1,0,1,0,22745,7
META2_permuted_panel_supergpqa,supergpqa,1313,f1478d6b08f24d28a0c070d58c79bbad,1,0,0,1,1940,3
META2_permuted_panel_supergpqa,supergpqa,1313,f619ae035456453e8f8f34604395cc3f,1,0,0,1,3221,3
META2_permuted_panel_supergpqa,supergpqa,1313,580a2a26ce5145d481c569d736e50f88,1,1,0,1,6464,3
META2_permuted_panel_supergpqa,supergpqa,1313,9307245386e440adab7bfa7be2eeb492,1,1,1,0,21418,7
META2_permuted_panel_supergpqa,supergpqa,1313,2d13607b870b4161bc7c1783fd0beb54,1,1,1,0,12186,7
META2_permuted_panel_supergpqa,supergpqa,1313,0e9ae67466474359a2c81227ce6b89cb,1,0,1,0,7451,7
META2_permuted_panel_supergpqa,supergpqa,1313,223679a0fb1948b3b1281ac08855b9e8,1,1,1,0,18088,7
META2_permuted_panel_supergpqa,supergpqa,1313,775ac535425e4d018f158dd6febdc74a,1,1,0,1,10614,3
META2_permuted_panel_supergpqa,supergpqa,1313,f584c3a789da4fd78ed4d1ceb7ad0019,1,1,0,1,6155,3
META2_permuted_panel_supergpqa,supergpqa,1313,8340b646cf8a4d3d81b2c22e2d573143,1,1,0,1,5740,3
META2_permuted_panel_supergpqa,supergpqa,1313,94fc9dd8bbbf45f0bb991c4d2c3d50a7,1,1,0,1,1860,3
META2_permuted_panel_supergpqa,supergpqa,1313,bcfc156935154d9aa7e4335b373b9428,1,0,1,0,20621,7
META2_permuted_panel_supergpqa,supergpqa,1313,bd089550a7184175b3730af31237c3d8,1,1,1,0,16958,7
META2_permuted_panel_supergpqa,supergpqa,1313,55b40c17366749e29507b8326c86c549,1,1,1,0,16673,7
META2_permuted_panel_supergpqa,supergpqa,2027,55fbb0e9c5c54d05be039b0be87fa963,1,1,0,1,1669,3
META2_permuted_panel_supergpqa,supergpqa,2027,89ea2c1b2c644c1bbe9ec05cde7a7c34,1,1,0,1,4942,3
META2_permuted_panel_supergpqa,supergpqa,2027,76a63f6545bc4d38a4fd9106794d4bc2,1,1,0,1,5894,3
META2_permuted_panel_supergpqa,supergpqa,2027,7a2e5ffbf3004234945055db182b9dd2,1,0,0,1,6058,3
META2_permuted_panel_supergpqa,supergpqa,2027,ad8a1dde79bf494e95a80c5d2495692f,1,1,0,1,3861,3
META2_permuted_panel_supergpqa,supergpqa,2027,ab9084f0f5294f298fde1cc8f3639fcd,1,1,1,0,9978,7
META2_permuted_panel_supergpqa,supergpqa,2027,8ec3055b24ae4df1a4ec131f82389818,1,1,0,1,8625,3
META2_permuted_panel_supergpqa,supergpqa,2027,9d8ad39cb8ab4c00811470629f812d2c,1,1,1,0,13192,7
META2_permuted_panel_supergpqa,supergpqa,2027,ad04a3dd9c6e47d2b696274ed0b959d3,1,0,1,0,11484,7
META2_permuted_panel_supergpqa,supergpqa,2027,b2e311f4dbbb4a03b4364679034a97fb,1,1,1,0,16971,7
META2_permuted_panel_supergpqa,supergpqa,2027,6c66d34a74a44132867652c6b18d2097,1,1,1,0,18143,7
META2_permuted_panel_supergpqa,supergpqa,2027,d2210fb73ac64555a5b21bd881efa662,1,1,0,1,7656,3
META2_permuted_panel_supergpqa,supergpqa,2027,d38fbb868d8a44db9095fa175c8b5669,1,1,0,1,8673,3
META2_permuted_panel_supergpqa,supergpqa,2027,3b528408557e4e66833e5dcb38729f6e,1,1,1,0,18492,7
META2_permuted_panel_supergpqa,supergpqa,2027,c247b75bef6843a6bddb467b4f6530c7,1,0,0,1,4136,3
META2_permuted_panel_supergpqa,supergpqa,2027,628b15eb4d254e64b066dc67ca5899c7,1,0,1,0,13354,7
META2_permuted_panel_supergpqa,supergpqa,2027,bcd97c9fdc49413386901915ccb8c135,1,1,1,0,18050,7
META2_permuted_panel_supergpqa,supergpqa,2027,798a0def38ad4b159fffa92042113133,1,1,0,1,1093,3
META2_permuted_panel_supergpqa,supergpqa,2027,9ef94cd2aae94e19a8efffa4a5b8615e,1,0,1,0,19573,7
META2_permuted_panel_supergpqa,supergpqa,2027,b6905cbac56e46ac93c398b5910034f1,1,0,1,0,20311,7
META2_permuted_panel_supergpqa,supergpqa,2027,ff4de99c7ef14f75ade99c930a77d708,1,1,1,0,9132,7
META2_permuted_panel_supergpqa,supergpqa,2027,9fc6adcb15cf46cca872d9fa246a4c87,1,0,1,0,15003,7
META2_permuted_panel_supergpqa,supergpqa,2027,fb41440f181242a1a6b3ce7b9664a762,1,1,1,0,17732,7
META2_permuted_panel_supergpqa,supergpqa,2027,c801c7e862564763917fcbb5dfd43df2,1,1,0,1,5577,3
META2_permuted_panel_supergpqa,supergpqa,2027,048b9dc1730044e48e9ef8f0a0a59db7,1,1,1,0,20977,7
META2_permuted_panel_supergpqa,supergpqa,2027,4490060d4abe45a984c1f8965bf10633,1,1,0,1,995,3
META2_permuted_panel_supergpqa,supergpqa,2027,836465ad84b24ff996128fb87fd864a1,1,0,0,1,10170,3
META2_permuted_panel_supergpqa,supergpqa,2027,ab99e4e6e4f548f9bf22a0c4afba770a,1,1,0,1,4855,3
META2_permuted_panel_supergpqa,supergpqa,2027,df2bc2a981894511b0fb00a5d2ba10ef,1,1,1,0,16337,7
META2_permuted_panel_supergpqa,supergpqa,2027,b77a565706b24e75ae7384963892bd16,1,1,0,1,4030,3
META2_permuted_panel_supergpqa,supergpqa,2027,74d4f7e6fb19400f97b2b57330d24ad2,1,1,1,0,19143,7
META2_permuted_panel_supergpqa,supergpqa,2027,14110586ac6f4e02ae2b41caf9767644,1,0,1,0,9332,7
META2_permuted_panel_supergpqa,supergpqa,2027,9981ef47a2e243f4808420c08eed14c9,1,1,1,0,19922,7
META2_permuted_panel_supergpqa,supergpqa,2027,52b6e83adfb346178c4b9df68b857c73,1,1,1,0,13869,7
META2_permuted_panel_supergpqa,supergpqa,2027,4eb47f01e9844a2f95a415de6a667c07,1,1,1,0,10804,7
META2_permuted_panel_supergpqa,supergpqa,2027,85be4287145e40b1a4d47a105aafc40d,1,1,1,0,15056,7
META2_permuted_panel_supergpqa,supergpqa,2027,df91f480915e45eb8d59b4b6446bc487,1,0,1,0,18377,7
META2_permuted_panel_supergpqa,supergpqa,2027,192ee980ba5f414fa1c3fec5aa78b4d6,1,1,1,0,7133,6
META2_permuted_panel_supergpqa,supergpqa,2027,90527d3655bc43029751e21cdb4a4f8b,1,1,1,0,28240,7
META2_permuted_panel_supergpqa,supergpqa,2027,0b5d8b43d02347ac965f363b96fd85ea,1,1,0,1,2898,3
META2_permuted_panel_supergpqa,supergpqa,2027,75137178e29747f9975dc7624cca3109,1,1,1,0,8447,6
META2_permuted_panel_supergpqa,supergpqa,2027,c3d30d41af104ec7841aea328cf0398a,1,0,1,0,19753,7
META2_permuted_panel_supergpqa,supergpqa,2027,3113881b9caf41ebae2c4c94a66990ca,1,1,1,0,9336,7
META2_permuted_panel_supergpqa,supergpqa,2027,f8b2bc6a248c4235812f3dfbc187fed7,1,1,1,0,17414,7
META2_permuted_panel_supergpqa,supergpqa,2027,929cbd9e50d94b17ba5024919e4c2ae5,1,1,0,1,5079,3
META2_permuted_panel_supergpqa,supergpqa,2027,c25421a681cd45c6bf920c292449e068,1,0,1,0,20213,7
META2_permuted_panel_supergpqa,supergpqa,2027,93cbf3aecc4b4d94844acbd1f9517e5d,1,1,0,1,7739,3
META2_permuted_panel_supergpqa,supergpqa,2027,b6ef5fa25f6c43bb8c1ac7440eeb1067,1,1,0,1,8388,3
META2_permuted_panel_supergpqa,supergpqa,2027,1eb91932207046aaa56ce24234ff69af,1,1,1,0,19976,7
META2_permuted_panel_supergpqa,supergpqa,2027,5e19e0c88d074381afd719501a7080a1,1,0,0,1,1231,3
META2_permuted_panel_supergpqa,supergpqa,2027,774f278462814d6298417cd1eeadb78e,1,1,1,0,14258,7
META2_permuted_panel_supergpqa,supergpqa,2027,ad7ec8ee49764f129a83dd557f25782e,1,0,1,0,17223,6
META2_permuted_panel_supergpqa,supergpqa,2027,02492626d107478d80ef8dab8f14eae1,1,1,0,1,3912,3
META2_permuted_panel_supergpqa,supergpqa,2027,09064f2131ad4c6fb1f28bc7cf992775,1,0,0,1,1627,3
META2_permuted_panel_supergpqa,supergpqa,2027,8648572e55d842439a80359026e8e776,1,1,0,1,9337,3
META2_permuted_panel_supergpqa,supergpqa,2027,c502c96765ab4f3791359454d93deb7a,1,1,1,0,16868,7
META2_permuted_panel_supergpqa,supergpqa,2027,fb0d689c14dc4dd785e216465959a82e,1,1,0,1,6807,3
META2_permuted_panel_supergpqa,supergpqa,2027,e2b440285e784f36815fe1a969ac7254,1,1,0,1,6235,3
META2_permuted_panel_supergpqa,supergpqa,2027,f475d3ec790847849d371e6e6a208dc0,1,1,1,0,16784,7
META2_permuted_panel_supergpqa,supergpqa,2027,eb78f399e33e4fde99373c2944da84ba,1,1,1,0,21823,7
META2_permuted_panel_supergpqa,supergpqa,2027,2e1c92e7640f46f3b19e4cb2b87f6e6a,1,1,1,0,21353,7
META2_permuted_panel_supergpqa,supergpqa,2027,90b5d13fe2c34fe2a19b25a096613ba7,1,1,0,1,1169,3
META2_permuted_panel_supergpqa,supergpqa,2027,acb56c94e8f94646aed6f85ef997937a,1,1,1,0,14325,7
META2_permuted_panel_supergpqa,supergpqa,2027,93a94af4bedb477ebc39090181a04e26,1,1,0,1,8273,3
META2_permuted_panel_supergpqa,supergpqa,2027,fbe072bb82444eef95c9a0da2bb383b4,1,1,0,1,7691,3
META2_permuted_panel_supergpqa,supergpqa,2027,95be1611a1d043b5b3fd3f2b7708252d,1,1,0,1,9512,3
META2_permuted_panel_supergpqa,supergpqa,2027,9475ca3efa54496b837464898ac0ce37,1,0,0,1,4609,3
META2_permuted_panel_supergpqa,supergpqa,2027,2da248d76137456ea8533cbb76a4f481,1,1,1,0,16994,7
META2_permuted_panel_supergpqa,supergpqa,2027,86e070c7501c4f5e9ca00d1a1bad6cef,1,0,1,0,14520,7
META2_permuted_panel_supergpqa,supergpqa,2027,e15b91b897dd46419d8f7f2ac2034745,1,1,0,1,1782,3
META2_permuted_panel_supergpqa,supergpqa,2027,8922f6cb597c486f89dba3f52a95a33f,1,1,1,0,12176,7
META2_permuted_panel_supergpqa,supergpqa,2027,3418164dfa79431db4b71b7e984f74d8,1,1,1,0,14578,7
META2_permuted_panel_supergpqa,supergpqa,2027,714b03c815d3414980d63370de5f9d15,1,1,1,0,25565,7
META2_permuted_panel_supergpqa,supergpqa,2027,88dfa83c304a42fb93f5ac30ca086d55,1,1,1,0,17765,7
META2_permuted_panel_supergpqa,supergpqa,2027,933981950b6b48c9be0cb115a3833b37,1,1,0,1,12171,3
META2_permuted_panel_supergpqa,supergpqa,2027,1816dcac15624eaebb551a797c2ee047,1,1,0,1,8593,3
META2_permuted_panel_supergpqa,supergpqa,2027,1769114e0de44c4d861440db026f439f,1,1,0,1,9197,3
META2_permuted_panel_supergpqa,supergpqa,2027,917eb50b8fc1498a820da2396783c272,1,1,0,1,1477,3
META2_permuted_panel_supergpqa,supergpqa,2027,3b37ffa7eb2b455283a129a4ada95546,1,1,1,0,15956,7
META2_permuted_panel_supergpqa,supergpqa,2027,38870fc19e34499abb8745f6191855ec,1,1,0,1,12195,3
META2_permuted_panel_supergpqa,supergpqa,2027,6eb32b09d796475abb02baa1fe6db7ea,1,1,1,0,8002,7
META2_permuted_panel_supergpqa,supergpqa,2027,bdf9115420a84d398fb6bd367c3f0010,1,1,1,0,15755,7
META2_permuted_panel_supergpqa,supergpqa,2027,ff771d6c3b254cd28af057b06d0992a2,1,0,0,1,1262,3
META2_permuted_panel_supergpqa,supergpqa,2027,4a67c4a9ed0743cf9131696cbc780d17,1,1,1,0,15519,7
META2_permuted_panel_supergpqa,supergpqa,2027,c13acd3d7e4d4afab782af7180af48b8,1,1,1,0,25087,7
META2_permuted_panel_supergpqa,supergpqa,2027,aa686324e7a84266a1ae052de62eee20,1,1,1,0,10021,7
META2_permuted_panel_supergpqa,supergpqa,2027,880aebd099464404b8d229ef4cb3d9ea,1,1,0,1,1249,3
META2_permuted_panel_supergpqa,supergpqa,2027,edc664308309410d96a0152b28dc927d,1,1,1,0,24315,6
META2_permuted_panel_supergpqa,supergpqa,2027,2582c0c28ef94b54bd75923917406a8a,1,1,1,0,28517,7
META2_permuted_panel_supergpqa,supergpqa,909,cf53bf592b244cb1ad02b684eda29e3b,1,1,0,1,1017,3
META2_permuted_panel_supergpqa,supergpqa,909,98fe9d9a5ade4779a6df9f69035ee756,1,0,0,1,1741,3
META2_permuted_panel_supergpqa,supergpqa,909,7f0a718222564dc3922873f9b8b8b407,1,0,1,0,7203,7
META2_permuted_panel_supergpqa,supergpqa,909,3faffffae8144052ba1172a176ec445f,1,1,1,0,16942,6
META2_permuted_panel_supergpqa,supergpqa,909,18dd61f8f537498aab430ca99da93ddf,1,1,1,0,13859,7
META2_permuted_panel_supergpqa,supergpqa,909,0c1ce9fb89c544c2b24b2609bfa23642,1,1,1,0,24389,7
META2_permuted_panel_supergpqa,supergpqa,909,fee08877a8844a1c8331fc8cac91d9d4,1,1,1,0,15980,7
META2_permuted_panel_supergpqa,supergpqa,909,753b9bb15f1c4875b1ebd8a4f0e8ad61,1,1,1,0,18210,7
META2_permuted_panel_supergpqa,supergpqa,909,446a87ff64474fe2a33eac241eaa4513,1,1,0,1,2078,3
META2_permuted_panel_supergpqa,supergpqa,909,da9a72380d03494eb15cdb6326ef1d63,1,0,0,1,9089,3
META2_permuted_panel_supergpqa,supergpqa,909,f0bb3853e211468d8b09a21b001c3909,1,1,0,1,9049,3
META2_permuted_panel_supergpqa,supergpqa,909,8448e9e443444fa8914dd174252f8387,1,1,1,0,23091,7
META2_permuted_panel_supergpqa,supergpqa,909,8150fb059b3041fda1a3079d62f96c81,1,0,1,0,26955,7
META2_permuted_panel_supergpqa,supergpqa,909,93fb4ca991b54dc9b48f6d8ad8dadad6,1,1,1,0,14793,7
META2_permuted_panel_supergpqa,supergpqa,909,1801d45b0acc48cf93825a48f3f1f2d9,1,1,1,0,18829,7
META2_permuted_panel_supergpqa,supergpqa,909,5b45b2db369345e58b6dfa4ec2bebe1e,1,0,0,1,1691,3
META2_permuted_panel_supergpqa,supergpqa,909,e274da8c33684a8eaf93ff535f26966c,1,0,1,0,26197,7
META2_permuted_panel_supergpqa,supergpqa,909,3b57245e92d34df8b15c3485e797caa7,1,0,0,1,8210,3
META2_permuted_panel_supergpqa,supergpqa,909,d153c78aab83437098128b09643b1b1b,1,1,1,0,18949,7
META2_permuted_panel_supergpqa,supergpqa,909,359d204466cf48a68d305af7cb894607,1,1,1,0,20621,7
META2_permuted_panel_supergpqa,supergpqa,909,b276a7c672c44245bd8ff7b2f3bfc6ed,1,1,0,1,1218,3
META2_permuted_panel_supergpqa,supergpqa,909,774f278462814d6298417cd1eeadb78e,1,1,1,0,15443,7
META2_permuted_panel_supergpqa,supergpqa,909,77426eaa0d254207a880cc046e218338,1,1,0,1,8652,3
META2_permuted_panel_supergpqa,supergpqa,909,de80385182a04a07b8e0ebf47441fd73,1,1,1,0,15096,7
META2_permuted_panel_supergpqa,supergpqa,909,9fcea6b17825455e84ca2a14591131db,1,0,0,1,2969,3
META2_permuted_panel_supergpqa,supergpqa,909,035eea8b984a439e8aa2c57d8ce71004,1,1,0,1,7394,3
META2_permuted_panel_supergpqa,supergpqa,909,21d1d27ba995479dbeed0629b0fb6bc6,1,0,0,1,6516,3
META2_permuted_panel_supergpqa,supergpqa,909,42218a1a88e144cda0a439614e5ed37a,1,1,0,1,2599,3
META2_permuted_panel_supergpqa,supergpqa,909,cd30976ef17748819f04e65423ef8b9f,1,1,0,1,1410,3
META2_permuted_panel_supergpqa,supergpqa,909,58404af730f1470fb0ffa4c6cb195387,1,1,0,1,7224,3
META2_permuted_panel_supergpqa,supergpqa,909,3504bf36fbae416abe5a3c35905cb09c,1,1,1,0,14048,7
META2_permuted_panel_supergpqa,supergpqa,909,d480d6dc26254df6952b767cb43ff7f5,1,1,0,1,4616,3
META2_permuted_panel_supergpqa,supergpqa,909,cff5a6adefff4439b484c67e0dab0548,1,1,0,1,3514,3
META2_permuted_panel_supergpqa,supergpqa,909,bd5e9f3f0c264bfcbdb0d65bafd77574,1,1,0,1,7231,3
META2_permuted_panel_supergpqa,supergpqa,909,f167d93fcf404e1990b65bbc25464616,1,1,1,0,7771,7
META2_permuted_panel_supergpqa,supergpqa,909,d3e6943775fe45a1b342d464b7789fcf,1,1,1,0,15418,7
META2_permuted_panel_supergpqa,supergpqa,909,577d8bc0b647493f99d07f67b765ce79,1,1,1,0,18083,7
META2_permuted_panel_supergpqa,supergpqa,909,dc319ec3a05740bd96124fa8eb972087,1,1,0,1,1714,3
META2_permuted_panel_supergpqa,supergpqa,909,f7cfee802ef34c3688d63c879ffd007b,1,0,0,1,3151,3
META2_permuted_panel_supergpqa,supergpqa,909,7d09ef0797ce4e5985bf74b721552ca7,1,0,1,0,5435,6
META2_permuted_panel_supergpqa,supergpqa,909,37bee659d0f24b6bbb7cf0019b18266b,1,1,1,0,10079,7
META2_permuted_panel_supergpqa,supergpqa,909,06ae69ef1c91427cbe9c4828fca5f44b,1,1,0,1,3165,3
META2_permuted_panel_supergpqa,supergpqa,909,5421df7042274a38b3df26a35cdb469f,1,1,0,1,7663,3
META2_permuted_panel_supergpqa,supergpqa,909,c6dd6b345fbf490eb71cce53229a6af2,1,1,0,1,2227,3
META2_permuted_panel_supergpqa,supergpqa,909,ea8ee1f301e24f2abef3454faa2bcad3,1,1,0,1,6854,3
META2_permuted_panel_supergpqa,supergpqa,909,776b1918d67244708c5caf2f6d71390e,1,1,0,1,6823,3
META2_permuted_panel_supergpqa,supergpqa,909,542d66872a3744ebbe3b7edb81159b87,1,1,1,0,9282,7
META2_permuted_panel_supergpqa,supergpqa,909,afe0ed4d48c54836b7c7290a88c48c6a,1,0,1,0,15074,7
META2_permuted_panel_supergpqa,supergpqa,909,5c80431a7a44410fb7cb477e28b56f54,1,1,0,1,5984,3
META2_permuted_panel_supergpqa,supergpqa,909,a303795f899447c9a86c9bf222885c4d,1,1,1,0,15292,7
META2_permuted_panel_supergpqa,supergpqa,909,9370a1e88cd44bfb97e73d1dbd0be108,1,0,1,0,15080,6
META2_permuted_panel_supergpqa,supergpqa,909,89313a292b8441c9be85ed164cbcdbef,1,1,1,0,16973,7
META2_permuted_panel_supergpqa,supergpqa,909,069990efa2ad4a48b7ee0290514c87d2,1,0,0,1,8496,3
META2_permuted_panel_supergpqa,supergpqa,909,24f826b3ba9b4761a5008fb8b2a764f1,1,1,1,0,19718,7
META2_permuted_panel_supergpqa,supergpqa,909,8553c457934f417f998b45b85b13122a,1,1,0,1,7635,3
META2_permuted_panel_supergpqa,supergpqa,909,55edaf10765d46d4af4e841823a9797a,1,0,0,1,3419,3
META2_permuted_panel_supergpqa,supergpqa,909,c794f1b6844a42c49bcb2762d5efd0a0,1,1,0,1,3075,3
META2_permuted_panel_supergpqa,supergpqa,909,becff80caaec4e6e9191e84c8b6caf71,1,0,0,1,7448,3
META2_permuted_panel_supergpqa,supergpqa,909,423099d02b5642939e9550ce9eca1f31,1,0,0,1,1113,3
META2_permuted_panel_supergpqa,supergpqa,909,fab27a77c7a04024bdf2a0e07f36df23,1,1,0,1,8305,3
META2_permuted_panel_supergpqa,supergpqa,909,9b2ab36a103b4b7087634081c8124ec8,1,1,1,0,20049,7
META2_permuted_panel_supergpqa,supergpqa,909,925824162d68421ab1955c70e896acb3,1,1,0,1,2698,3
META2_permuted_panel_supergpqa,supergpqa,909,a909c0719f3e43b1a44afdbedc66cf68,1,1,0,1,879,3
META2_permuted_panel_supergpqa,supergpqa,909,d991ece11c774658bba485b985d3e9d0,1,1,1,0,18014,7
META2_permuted_panel_supergpqa,supergpqa,909,c5d4d7db014b497ca7029a9bec7f4bb2,1,0,0,1,8902,3
META2_permuted_panel_supergpqa,supergpqa,909,1879143c55594a16af99b8f28262d5cd,1,1,1,0,14872,7
META2_permuted_panel_supergpqa,supergpqa,909,635d752febee4c159c6c7b640f91afee,1,1,1,0,16885,7
META2_permuted_panel_supergpqa,supergpqa,909,34a72c60bab346689ff20a5c79f7bcbd,1,1,0,1,2284,3
META2_permuted_panel_supergpqa,supergpqa,909,1b439dbf5fa94d12b70bfc09f67c0207,1,0,0,1,8651,3
META2_permuted_panel_supergpqa,supergpqa,909,86ad4780d9e843f7b8a98e208abf3a52,1,0,1,0,14445,7
META2_permuted_panel_supergpqa,supergpqa,909,cf4f5dcb74544dc982db8d33e421d563,1,1,0,1,8916,3
META2_permuted_panel_supergpqa,supergpqa,909,39500f844ccf4842b37634e609862e09,1,1,0,1,5274,3
META2_permuted_panel_supergpqa,supergpqa,909,6c089bcc77df411186116b02d5a29397,1,1,0,1,1609,3
META2_permuted_panel_supergpqa,supergpqa,909,879ba709078a42cb83bb6c35d0f46988,1,1,1,0,14839,7
META2_permuted_panel_supergpqa,supergpqa,909,3b56dfe1a6c7451bb96852d03c781fec,1,1,0,1,7795,3
META2_permuted_panel_supergpqa,supergpqa,909,4eca043b6430444cbdd049afdfa2f053,1,1,1,0,11247,7
META2_permuted_panel_supergpqa,supergpqa,909,02825cc4d5204391ad16af37a803370b,1,1,0,1,11781,3
META2_permuted_panel_supergpqa,supergpqa,909,75a69daf29714e578b45461ef75c49b8,1,1,1,0,11931,7
META2_permuted_panel_supergpqa,supergpqa,909,37871236ef614d9ead11af4912abc0fd,1,1,0,1,7029,3
META2_permuted_panel_supergpqa,supergpqa,909,81a567f240f046d9b3efd97401d5e613,1,0,1,0,15463,7
META2_permuted_panel_supergpqa,supergpqa,909,118d86cc46f849688d4fa43f1946e64c,1,1,1,0,9796,6
META2_permuted_panel_supergpqa,supergpqa,909,530a6c1b54cb409c8785941fb637e814,1,1,1,0,12530,7
META2_permuted_panel_supergpqa,supergpqa,909,07e1b41abb9444cfbd9d3abfde3fd2be,1,1,1,0,12445,7
META2_permuted_panel_supergpqa,supergpqa,909,210b3664e51b43bbab0d4b1bfa4668d0,1,0,1,0,16773,7
META2_permuted_panel_supergpqa,supergpqa,909,8646541e72e1482bacecb2f574a70667,1,1,1,0,17806,7
META2_permuted_panel_supergpqa,supergpqa,909,92ce9438a8dc454fb4400a14ecfb25cd,1,1,1,0,14966,7
META2_permuted_panel_supergpqa,supergpqa,909,0116019c4d2949ffbb23d38c1d02155f,1,1,1,0,11033,7
META2_permuted_panel_supergpqa,supergpqa,909,7596b20b80904d37a2cdb3571dd140b1,1,1,1,0,17294,7
mmlu_pro_pilot,mmlu_pro,42,7070,1,1,0,1,1042,3
mmlu_pro_pilot,mmlu_pro,42,5088,1,1,0,1,1032,3
mmlu_pro_pilot,mmlu_pro,42,1496,1,0,0,1,1794,3
mmlu_pro_pilot,mmlu_pro,42,3320,1,1,0,1,1010,3
mmlu_pro_pilot,mmlu_pro,42,556,1,1,0,1,4602,3
mmlu_pro_pilot,mmlu_pro,42,10024,1,1,1,0,8919,7
mmlu_pro_pilot,mmlu_pro,42,6570,1,1,0,1,1024,3
mmlu_pro_pilot,mmlu_pro,42,7562,1,1,0,1,872,3
mmlu_pro_pilot,mmlu_pro,42,2854,1,1,0,1,1207,3
mmlu_pro_pilot,mmlu_pro,42,8486,1,1,0,1,950,3
mmlu_pro_pilot,mmlu_pro,42,2503,1,1,0,1,937,3
mmlu_pro_pilot,mmlu_pro,42,11489,1,0,0,1,2186,3
mmlu_pro_pilot,mmlu_pro,42,688,1,1,1,0,3948,6
mmlu_pro_pilot,mmlu_pro,42,5136,1,0,0,1,962,3
mmlu_pro_pilot,mmlu_pro,42,3079,1,1,0,1,1247,3
mmlu_pro_pilot,mmlu_pro,42,473,1,1,1,0,14335,7
mmlu_pro_pilot,mmlu_pro,42,10343,1,1,0,1,8061,3
mmlu_pro_pilot,mmlu_pro,42,8802,1,1,0,1,909,3
mmlu_pro_pilot,mmlu_pro,42,8930,1,1,1,0,10544,7
mmlu_pro_pilot,mmlu_pro,42,5874,1,1,0,1,911,3
mmlu_pro_pilot,mmlu_pro,42,7511,1,1,0,1,3412,3
mmlu_pro_pilot,mmlu_pro,42,3917,1,0,0,1,1438,3
mmlu_pro_pilot,mmlu_pro,42,11562,1,1,0,1,1147,3
mmlu_pro_pilot,mmlu_pro,42,783,1,1,1,0,12840,7
mmlu_pro_pilot,mmlu_pro,42,7847,1,1,0,1,968,3
mmlu_pro_pilot,mmlu_pro,42,12113,1,0,1,0,18215,7
mmlu_pro_pilot,mmlu_pro,42,9795,1,1,1,0,5951,7
mmlu_pro_pilot,mmlu_pro,42,2457,1,1,0,1,947,3
mmlu_pro_pilot,mmlu_pro,42,3739,1,1,1,0,9225,7
mmlu_pro_pilot,mmlu_pro,42,12104,1,1,0,1,8152,3
mmlu_pro_pilot,mmlu_pro,42,5396,1,1,0,1,790,3
mmlu_pro_pilot,mmlu_pro,42,4906,1,0,0,1,906,3
mmlu_pro_pilot,mmlu_pro,42,1290,1,1,0,1,1177,3
mmlu_pro_pilot,mmlu_pro,42,10452,1,1,0,1,920,3
mmlu_pro_pilot,mmlu_pro,42,8147,1,1,0,1,989,3
mmlu_pro_pilot,mmlu_pro,42,11886,1,0,0,1,1260,3
mmlu_pro_pilot,mmlu_pro,42,11847,1,1,0,1,5921,3
mmlu_pro_pilot,mmlu_pro,42,1540,1,0,0,1,2453,3
mmlu_pro_pilot,mmlu_pro,42,8676,1,1,0,1,820,3
mmlu_pro_pilot,mmlu_pro,42,7497,1,1,0,1,1134,3
mmlu_pro_pilot,mmlu_pro,42,7490,1,1,0,1,933,3
mmlu_pro_pilot,mmlu_pro,42,3763,1,1,1,0,6044,7
mmlu_pro_pilot,mmlu_pro,42,6035,1,1,0,1,1141,3
mmlu_pro_pilot,mmlu_pro,42,281,1,1,1,0,8011,7
mmlu_pro_pilot,mmlu_pro,42,4090,1,1,1,0,14926,7
mmlu_pro_pilot,mmlu_pro,42,10852,1,1,0,1,974,3
mmlu_pro_pilot,mmlu_pro,42,7807,1,1,0,1,776,3
mmlu_pro_pilot,mmlu_pro,42,10306,1,1,0,1,1070,3
mmlu_pro_pilot,mmlu_pro,42,11733,1,0,1,0,19482,7
mmlu_pro_pilot,mmlu_pro,42,9030,1,1,1,0,9205,7
smoke,unknown,-1,recINSFEYLCyyd08m,1,1,0,1,15645,3
smoke,unknown,-1,rechKl68Uc6H7vU0N,1,1,0,1,29101,3
smoke2,unknown,-1,recypVp2NmPlBKVTp,1,1,0,1,1287,3
smoke2,unknown,-1,rechKl68Uc6H7vU0N,1,0,0,1,9368,3
smoke3,unknown,-1,recypVp2NmPlBKVTp,1,1,0,1,1312,3
smoke3,unknown,-1,rec0wZvZgiz320KRs,1,1,0,1,2393,3
smoke3,unknown,-1,recINSFEYLCyyd08m,1,1,1,0,16024,6
smoke3,unknown,-1,rechKl68Uc6H7vU0N,1,1,1,0,12757,6
smoke3,unknown,-1,recnawZPumSCLMVgp,1,1,1,0,18370,7
smoke3,unknown,-1,rec4r4KWNLrT7g2kR,1,1,1,0,18455,6
supergpqa_hard_pilot,supergpqa,42,5b3ba5d082c74528ab9c60a12e0e3614,1,1,1,0,8971,7
supergpqa_hard_pilot,supergpqa,42,454028b0c0884f4192d16081e358d436,1,1,1,0,14092,7
supergpqa_hard_pilot,supergpqa,42,4e711f17db254dd4953606570f0cc7a7,1,0,1,0,16169,6
supergpqa_hard_pilot,supergpqa,42,917d14354e104597ab763b7c98ec5098,1,1,0,1,9176,3
supergpqa_hard_pilot,supergpqa,42,bf79c60db17b4207957d40a5ada06a76,1,0,0,1,1646,3
supergpqa_hard_pilot,supergpqa,42,f3dbbb1c935242e287d05399a283167a,1,0,0,1,2565,3
supergpqa_hard_pilot,supergpqa,42,e313bac23c0a44a09b34da5cda7a7a5a,1,1,1,0,21564,7
supergpqa_hard_pilot,supergpqa,42,28b8e9105db04b8b9d3a7e2f6aedff5c,1,1,0,1,2087,3
supergpqa_hard_pilot,supergpqa,42,21de236f15e846ecaac90b5464aa6751,1,1,1,0,17467,7
supergpqa_hard_pilot,supergpqa,42,ef085846d5e74e358456de0a96fc049b,1,1,1,0,14006,7
supergpqa_hard_pilot,supergpqa,42,10306739cc6f4b94afa3336c48376be7,1,0,0,1,1408,3
supergpqa_hard_pilot,supergpqa,42,e78c81f946704e8ab0fb15182b6f8f68,1,0,0,1,3936,3
supergpqa_hard_pilot,supergpqa,42,3aa8040fa0174d9ebee38e9a1f196d26,1,1,1,0,16607,7
supergpqa_hard_pilot,supergpqa,42,f99d0c2438e347088abece7d58f4e3cc,1,1,0,1,2130,3
supergpqa_hard_pilot,supergpqa,42,21c8296790dc44c3b47308fe139b1378,1,0,0,1,6731,3
supergpqa_hard_pilot,supergpqa,42,fc86b86189fa4145bfc49c741a7d8387,1,1,0,1,7421,3
supergpqa_hard_pilot,supergpqa,42,c0aff61a5b0243628fe8d3684305f4cb,1,1,0,1,1260,3
supergpqa_hard_pilot,supergpqa,42,8920a6411ede4a54af86c8ec5be736bd,1,0,1,0,18477,6
supergpqa_hard_pilot,supergpqa,42,d3c2c6065bd540298bc50e5c2786cfd7,1,1,1,0,17184,7
supergpqa_hard_pilot,supergpqa,42,cd59e82f9198404fad3b5e494c032544,1,0,0,1,3611,3
supergpqa_hard_pilot,supergpqa,42,a7a3dc6d5b5b4d37a32c2839833a4d6c,1,0,1,0,16101,6
supergpqa_hard_pilot,supergpqa,42,2613e2e31a7f45d9bd02d6c09fdc898c,1,1,0,1,8951,3
supergpqa_hard_pilot,supergpqa,42,20fff2a5feb746d5a6614e360c9bec7d,1,1,1,0,11379,7
supergpqa_hard_pilot,supergpqa,42,469ab0b1358b48019d3a8f218edbf379,1,0,1,0,6023,6
supergpqa_hard_pilot,supergpqa,42,1e6267aed56a4fba91a50215560a698b,1,0,0,1,3822,3
supergpqa_hard_pilot,supergpqa,42,644c9b34ba504b098e1f27a5343df847,1,1,1,0,16640,7
supergpqa_hard_pilot,supergpqa,42,f4e38f53765c4c249769703d0ba24b3d,1,0,1,0,22097,7
supergpqa_hard_pilot,supergpqa,42,301e624803b94d4dad6828fb2310bdca,1,1,1,0,27502,7
supergpqa_hard_pilot,supergpqa,42,1948e331b8ba410b9717275eff8958ed,1,1,1,0,22364,7
supergpqa_hard_pilot,supergpqa,42,562abaf94b0e4999a6a2b27104ef8297,1,1,1,0,13731,7
supergpqa_hard_pilot,supergpqa,42,396c4ac5d5784036865383281513d239,1,0,0,1,9596,3
supergpqa_hard_pilot,supergpqa,42,54feae1e9cf54ae985fc5b07a79d864d,1,0,0,1,2449,3
supergpqa_hard_pilot,supergpqa,42,8cb1a3d68036488689cc6279ff47fd5a,1,0,0,1,6802,3
supergpqa_hard_pilot,supergpqa,42,468c654c940f438dafebc19b7ab77b1a,1,1,0,1,5749,3
supergpqa_hard_pilot,supergpqa,42,a782760c647f4ed8b56277449bbec5fa,1,1,1,0,14246,7
supergpqa_hard_pilot,supergpqa,42,a90f5627afb840dcb32c78b91d72bb9d,1,1,1,1,21216,7
supergpqa_hard_pilot,supergpqa,42,624ccf3cf3e144ccbe8f18ec921d686a,1,0,0,1,2191,3
supergpqa_hard_pilot,supergpqa,42,8c05de6e528f4219a5ca0f2c4d0ad747,1,1,1,0,23441,7
supergpqa_hard_pilot,supergpqa,42,bba0149a0e4e4fb2b289442bc74883ee,1,1,0,1,7272,3
supergpqa_hard_pilot,supergpqa,42,09f8f51f6b3b41d6b53b58f8232dfc20,1,1,0,1,1826,3
supergpqa_hard_pilot,supergpqa,42,9be741c434a348ef9eed758bb0b69347,1,1,1,0,15952,7
supergpqa_hard_pilot,supergpqa,42,b0c962e65001442ea12ea33cf2ab3c25,1,1,1,0,14449,7
supergpqa_hard_pilot,supergpqa,42,4da750a1226341988c648c97d601821e,1,0,0,1,1740,3
supergpqa_hard_pilot,supergpqa,42,42432d79d0af4c2fa1612e6ca53f2882,1,1,0,1,7884,3
supergpqa_hard_pilot,supergpqa,42,f94991ad92ec4a2793686b5fc3b6f5d1,1,1,1,0,16954,7
supergpqa_hard_pilot,supergpqa,42,8015afe9ebfa45388f4c8ec8d990e431,1,1,0,1,2893,3
supergpqa_hard_pilot,supergpqa,42,e015103613d84a6489a1867aa85f4f65,1,1,0,1,9104,3
supergpqa_hard_pilot,supergpqa,42,bb5212d584224509ab73a3304e906859,1,1,0,1,8100,3
supergpqa_hard_pilot,supergpqa,42,20ef016bd2514deeb9fc7667952dfb58,1,1,1,0,22989,6
supergpqa_hard_pilot,supergpqa,42,e4650932081741f68c95ce460a1cb60b,1,1,1,0,15839,7
supergpqa_hard_pilot,supergpqa,42,9149453edaf0461db9a37d0816015e3a,1,1,1,0,18588,7
supergpqa_hard_pilot,supergpqa,42,f7a2f5fbb748428baff111afe4464ab5,1,1,1,0,13389,7
supergpqa_hard_pilot,supergpqa,42,06eb007eee9f4e29a75bb5537d94bfba,1,1,0,1,4641,3
supergpqa_hard_pilot,supergpqa,42,73a3ff299dc040ad8e5ac743c66a1050,1,1,1,0,15141,7
supergpqa_hard_pilot,supergpqa,42,ca2b68f8198e4c41befc4a3ceee1a9bc,1,0,0,1,5783,3
supergpqa_hard_pilot,supergpqa,42,64a792c9306c4d659f4796d4abed795a,1,1,1,0,12601,7
supergpqa_hard_pilot,supergpqa,42,438f43de355a46e982a21abda8d4f152,1,0,0,1,1605,3
supergpqa_hard_pilot,supergpqa,42,983cda51b83847a8bf05440abd38e194,1,1,1,0,7773,7
supergpqa_hard_pilot,supergpqa,42,fb9042d1b91d4037b436629fccc2e322,1,1,0,1,6073,3
supergpqa_hard_pilot,supergpqa,42,e8f3f3605af14100a15b8c0a8c2f89fa,1,1,1,0,13644,7
supergpqa_hard_pilot,supergpqa,42,89c81fa5104e4d2580f05c3dc32fa11d,1,0,0,1,5299,3
supergpqa_hard_pilot,supergpqa,42,446a334636724901bdafdaa3501bbb49,1,1,0,1,4575,3
supergpqa_hard_pilot,supergpqa,42,23ad44902ff945798a7ff404a3bb98d3,1,0,0,1,5120,3
supergpqa_hard_pilot,supergpqa,42,9706c4ed64d346bdb4326a3951d46dbf,1,1,0,1,3551,3
supergpqa_hard_pilot,supergpqa,42,a596b66d08484915a5c1996add9b104d,1,0,1,0,15569,7
supergpqa_hard_pilot,supergpqa,42,325534796b254b3499202862368c0f5c,1,1,1,0,17713,6
supergpqa_hard_pilot,supergpqa,42,5cf02070572d4b8da047af4b587897e1,1,1,1,0,13981,7
supergpqa_hard_pilot,supergpqa,42,d8f80bece1864043a27ed1179ff8fe9f,1,1,1,0,10817,7
supergpqa_hard_pilot,supergpqa,42,14e7a5802c464cfc9e28aafee9fdfd42,1,0,1,0,11532,7
supergpqa_hard_pilot,supergpqa,42,980ca009cc1f4003b4647f0a9bb0289c,1,1,0,1,3067,3
supergpqa_hard_pilot,supergpqa,42,b4824b77747748cf8486b9e948899ef8,1,1,1,0,15890,7
supergpqa_hard_pilot,supergpqa,42,095ff35b087e416f9a2797a86611b4c2,1,0,0,1,6223,3
supergpqa_hard_pilot,supergpqa,42,c83eb03cf4be49dcb0b470fb5da66009,1,1,0,1,2035,3
supergpqa_hard_pilot,supergpqa,42,02606f10da9b4a91a734948a2f8f8cab,1,1,0,1,6181,3
supergpqa_hard_pilot,supergpqa,42,b278c269529d444e97014e86de71b135,1,1,0,1,8469,3
supergpqa_hard_pilot,supergpqa,42,fed1780eaf1f42a09ea63e89e1d18a41,1,0,0,1,8696,3
supergpqa_hard_pilot,supergpqa,42,e1b314d091334b5dbc93a0053e1313d5,1,1,1,0,12947,7
supergpqa_hard_pilot,supergpqa,42,30ca59713f1b4dc8a6f9e2be9261e168,1,0,0,1,1766,3
supergpqa_hard_pilot,supergpqa,42,8de4e96a88f546c78038f13b06b2a747,1,0,0,1,6573,3
supergpqa_hard_pilot,supergpqa,42,2ee372f987304fe882e13238d4c6925e,1,0,1,0,8784,7
supergpqa_hard_pilot,supergpqa,42,1bd477364f034265bdfe60d0b00b219a,1,1,1,0,17936,7
supergpqa_hard_pilot,supergpqa,42,f67699a734ca477eb153ad6d4f7f30e0,1,1,1,0,20642,6
supergpqa_hard_pilot,supergpqa,42,a909c0719f3e43b1a44afdbedc66cf68,1,1,1,0,4382,6
supergpqa_hard_pilot,supergpqa,42,3a1dc503ec92489c8b0dcbcf77e5b7ea,1,1,1,0,8904,7
supergpqa_hard_pilot,supergpqa,42,4817837b472e4795aa76b5e9b2dc1cc2,1,1,0,1,8813,3
supergpqa_hard_pilot,supergpqa,42,68a4b9f37a0a432886fe2c90c0c90466,1,1,1,0,14979,7
TB1_flagship1x_gpqa,gpqa,1001,recG1ljJQcVy6CbSl,1,1,,,1377,1
TB1_flagship1x_gpqa,gpqa,1001,recBtVK8rBVtIlXDq,1,1,,,1331,1
TB1_flagship1x_gpqa,gpqa,1001,recvlnu8BuLmXZhSX,1,1,,,1994,1
TB1_flagship1x_gpqa,gpqa,1001,rectlyG9pCAAuWhoB,1,0,,,2692,1
TB1_flagship1x_gpqa,gpqa,1001,recGee5m84dg5FZkc,1,1,,,2554,1
TB1_flagship1x_gpqa,gpqa,1001,recv7GsQg3f0fvB1f,1,1,,,1011,1
TB1_flagship1x_gpqa,gpqa,1001,recRhwQwHijW0gCLo,1,1,,,2782,1
TB1_flagship1x_gpqa,gpqa,1001,recKcjTwONILZqHAX,1,1,,,1224,1
TB1_flagship1x_gpqa,gpqa,1001,recfTlTMjZBuOducT,1,1,,,2796,1
TB1_flagship1x_gpqa,gpqa,1001,recmI7EiLv72PxmYK,1,1,,,2092,1
TB1_flagship1x_gpqa,gpqa,1001,recIOlKBsOeEcgkA1,1,1,,,1078,1
TB1_flagship1x_gpqa,gpqa,1001,recooG6bivTUJpDBz,1,1,,,2324,1
TB1_flagship1x_gpqa,gpqa,1001,rec9GugrngvsQR99A,1,1,,,1482,1
TB1_flagship1x_gpqa,gpqa,1001,reck4G4xxv3YnpbtQ,1,1,,,3026,1
TB1_flagship1x_gpqa,gpqa,1001,recZ13cwgDQf9jRd9,1,1,,,8063,1
TB1_flagship1x_gpqa,gpqa,1001,rec4UqStf9WUVif1f,1,1,,,1707,1
TB1_flagship1x_gpqa,gpqa,1001,reccVFW11Elovnf8T,1,1,,,1571,1
TB1_flagship1x_gpqa,gpqa,1001,rec2UlKqC6RFHdcro,1,1,,,2164,1
TB1_flagship1x_gpqa,gpqa,1001,recIj8lR4tuDgrHou,1,1,,,2403,1
TB1_flagship1x_gpqa,gpqa,1001,recN4DY9Q5V03glmQ,1,1,,,5092,1
TB1_flagship1x_gpqa,gpqa,1001,recL9MFV5zmdlle5T,1,1,,,2215,1
TB1_flagship1x_gpqa,gpqa,1001,recUBgVlkKzcRPDdK,1,0,,,2446,1
TB1_flagship1x_gpqa,gpqa,1001,rec06pnAkLOr2t2mp,1,1,,,1090,1
TB1_flagship1x_gpqa,gpqa,1001,recVvpD8miVjmmyfe,1,0,,,9324,1
TB1_flagship1x_gpqa,gpqa,1001,recV1nqYQvpII94oC,1,1,,,1357,1
TB1_flagship1x_gpqa,gpqa,1001,recXvQ6gWAmyakrpD,1,1,,,3156,1
TB1_flagship1x_gpqa,gpqa,1001,recr3VHM4zYf6dMFY,1,1,,,1499,1
TB1_flagship1x_gpqa,gpqa,1001,recvZlMbpPz0yLDle,1,1,,,2691,1
TB1_flagship1x_gpqa,gpqa,1001,recNFJjE5PPTqVJGv,1,1,,,1490,1
TB1_flagship1x_gpqa,gpqa,1001,recWPMm91mGDLXONm,1,1,,,2111,1
TB1_flagship1x_gpqa,gpqa,1001,recDj2Y2BbtV02Wv5,1,0,,,3180,1
TB1_flagship1x_gpqa,gpqa,1001,recHVUd2DkoKfedJZ,1,1,,,3612,1
TB1_flagship1x_gpqa,gpqa,1001,rec0VuKUjt1SZ7NYv,1,1,,,1382,1
TB1_flagship1x_gpqa,gpqa,1001,recPIzpnuYpB4yvmp,1,1,,,2206,1
TB1_flagship1x_gpqa,gpqa,1001,recnTTKdBzfuoZ7w7,1,1,,,16612,1
TB1_flagship1x_gpqa,gpqa,1001,rec7qmSnbud4FHSqL,1,0,,,2228,1
TB1_flagship1x_gpqa,gpqa,1001,recLAgwx9vbgB5EHk,1,1,,,2104,1
TB1_flagship1x_gpqa,gpqa,1001,recS48OsU6kVadBPW,1,1,,,923,1
TB1_flagship1x_gpqa,gpqa,1001,recqGD3fxPCI59vPQ,1,1,,,2101,1
TB1_flagship1x_gpqa,gpqa,1001,recPL4ZPpVYxgMu57,1,1,,,966,1
TB1_flagship1x_gpqa,gpqa,1001,reckEnrOPFT9Ru7tW,1,1,,,2329,1
TB1_flagship1x_gpqa,gpqa,1001,recIlghoOw5VbY4Zh,1,1,,,4166,1
TB1_flagship1x_gpqa,gpqa,1001,recQ8oxSY2aCwFRS8,1,1,,,2572,1
TB1_flagship1x_gpqa,gpqa,1001,reck1zKeCssmN82Ga,1,1,,,1293,1
TB1_flagship1x_gpqa,gpqa,1001,recUOePh79cp4T2Bg,1,0,,,7223,1
TB1_flagship1x_gpqa,gpqa,1001,recmkvk6EFAmqyMxR,1,1,,,1898,1
TB1_flagship1x_gpqa,gpqa,1001,recINGR1z01Fh1Z3A,1,1,,,1776,1
TB1_flagship1x_gpqa,gpqa,1001,reciuppdQde4FGX1z,1,1,,,1918,1
TB1_flagship1x_gpqa,gpqa,1001,rec0wZvZgiz320KRs,1,1,,,1491,1
TB1_flagship1x_gpqa,gpqa,1001,recTs7qzfJs6kfLUK,1,1,,,1992,1
TB1_flagship1x_gpqa,gpqa,1001,reczUoM8JsxU6pYxr,1,1,,,4753,1
TB1_flagship1x_gpqa,gpqa,1001,recYt8xx80OTyDsL0,1,1,,,763,1
TB1_flagship1x_gpqa,gpqa,1001,rec9ubQihAh6g9bft,1,1,,,1368,1
TB1_flagship1x_gpqa,gpqa,1001,recO3hvCWRGiG0odN,1,1,,,3037,1
TB1_flagship1x_gpqa,gpqa,1001,recjgMJaMxz4ESDF2,1,1,,,1395,1
TB1_flagship1x_gpqa,gpqa,1001,recqFDvYKKRmbnoUb,1,1,,,1252,1
TB1_flagship1x_gpqa,gpqa,1001,recpJmTOXx6T48nDJ,1,1,,,1095,1
TB1_flagship1x_gpqa,gpqa,1001,recGFNRVl1qBZGwyU,1,1,,,3706,1
TB1_flagship1x_gpqa,gpqa,1001,recl1UtgTVKishAq4,1,1,,,5933,1
TB1_flagship1x_gpqa,gpqa,1001,recOkA2zsy4GSMD9R,1,1,,,3228,1
TB1_flagship1x_gpqa,gpqa,1001,rect4iLrSfUwkNTno,1,1,,,2931,1
TB1_flagship1x_gpqa,gpqa,1001,recZbxrocrxh9YENH,1,1,,,2410,1
TB1_flagship1x_gpqa,gpqa,1001,recdya6FuYraBU5Rh,1,1,,,1606,1
TB1_flagship1x_gpqa,gpqa,1001,recSBcGLPatKb3Ygu,1,1,,,1436,1
TB1_flagship1x_gpqa,gpqa,1001,recakFKZioXUuldcd,1,1,,,6422,1
TB1_flagship1x_gpqa,gpqa,1001,recoy9ZLBsc7HIRBy,1,1,,,2028,1
TB1_flagship1x_gpqa,gpqa,1001,recRTiyaRymerDJ4y,1,1,,,1636,1
TB1_flagship1x_gpqa,gpqa,1001,recDytVnNYZe2HuUU,1,1,,,5053,1
TB1_flagship1x_gpqa,gpqa,1001,recWxGU8Q4YReJ1tb,1,0,,,5571,1
TB1_flagship1x_gpqa,gpqa,1001,recb2M22zaD3tL6Qc,1,1,,,2398,1
TB1_flagship1x_gpqa,gpqa,1001,reczjcMtrB1YGS2fO,1,1,,,3167,1
TB1_flagship1x_gpqa,gpqa,1001,recxsX66ktJ1Lwt4f,1,1,,,1100,1
TB1_flagship1x_gpqa,gpqa,1001,recpki12iG9RUGrz9,1,1,,,1467,1
TB1_flagship1x_gpqa,gpqa,1001,recMicVBcqy1xM1jq,1,1,,,2601,1
TB1_flagship1x_gpqa,gpqa,1001,recwlwlcPvXVNPmvl,1,1,,,1310,1
TB1_flagship1x_gpqa,gpqa,1001,recrNbtgTNoabJJi6,1,1,,,3555,1
TB1_flagship1x_gpqa,gpqa,1001,reckYqR92oJkqJXkE,1,1,,,1186,1
TB1_flagship1x_gpqa,gpqa,1001,recn3NhOhqAPLda16,1,1,,,2154,1
TB1_flagship1x_gpqa,gpqa,1001,recIDiDKKrN61Auyr,1,1,,,950,1
TB1_flagship1x_gpqa,gpqa,1001,recYCMJWH7IpcdqwE,1,1,,,8561,1
TB1_flagship1x_gpqa,gpqa,1001,recWXwn9v4IG9ZrM6,1,1,,,862,1
TB1_flagship1x_gpqa,gpqa,1001,recCJJOeBGERaHYax,1,1,,,3179,1
TB1_flagship1x_gpqa,gpqa,1001,recgXxEgllSGEpELP,1,0,,,5134,1
TB1_flagship1x_gpqa,gpqa,1001,rec47oNPXudlTIk4y,1,0,,,1745,1
TB1_flagship1x_gpqa,gpqa,1001,recXsYa3i2UhGF5fe,1,1,,,1415,1
TB1_flagship1x_gpqa,gpqa,1001,recReg13iV2HwJTaA,1,1,,,1202,1
TB1_flagship1x_gpqa,gpqa,1001,recBhnXrUyTJ6WHIR,1,1,,,3212,1
TB1_flagship1x_gpqa,gpqa,1001,recmwwQJnx7ll7bqL,1,1,,,1194,1
TB1_flagship1x_gpqa,gpqa,2311,rec260hNUCEj109Dj,1,1,,,1859,1
TB1_flagship1x_gpqa,gpqa,2311,recyl3usDqb7ruXJx,1,1,,,2221,1
TB1_flagship1x_gpqa,gpqa,2311,recNAiPUKOulQbKVP,1,1,,,515,1
TB1_flagship1x_gpqa,gpqa,2311,recZbxrocrxh9YENH,1,1,,,3814,1
TB1_flagship1x_gpqa,gpqa,2311,receYQxnUBvxPcvbQ,1,1,,,3535,1
TB1_flagship1x_gpqa,gpqa,2311,rechgQucGlrnt8KRV,1,1,,,3723,1
TB1_flagship1x_gpqa,gpqa,2311,recwlwlcPvXVNPmvl,1,1,,,897,1
TB1_flagship1x_gpqa,gpqa,2311,rec4JrWy7Il8ho5vk,1,1,,,820,1
TB1_flagship1x_gpqa,gpqa,2311,rect4iLrSfUwkNTno,1,1,,,3092,1
TB1_flagship1x_gpqa,gpqa,2311,rec06pnAkLOr2t2mp,1,1,,,1204,1
TB1_flagship1x_gpqa,gpqa,2311,recJJcOHhFeSaRpl4,1,1,,,1329,1
TB1_flagship1x_gpqa,gpqa,2311,recRZjaElf8ft7xTq,1,1,,,2358,1
TB1_flagship1x_gpqa,gpqa,2311,recrNbtgTNoabJJi6,1,1,,,2438,1
TB1_flagship1x_gpqa,gpqa,2311,rec1oj2DveQWl9Rpw,1,1,,,2561,1
TB1_flagship1x_gpqa,gpqa,2311,recz3MfYHPRhsEQkW,1,1,,,1529,1
TB1_flagship1x_gpqa,gpqa,2311,rec0VuKUjt1SZ7NYv,1,1,,,1563,1
TB1_flagship1x_gpqa,gpqa,2311,rec4L69T0Y1AS4AFS,1,1,,,2629,1
TB1_flagship1x_gpqa,gpqa,2311,recb2M22zaD3tL6Qc,1,1,,,2986,1
TB1_flagship1x_gpqa,gpqa,2311,recLrRirj7iXoB0rU,1,1,,,1813,1
TB1_flagship1x_gpqa,gpqa,2311,reczzzihL7btBH7RO,1,0,,,2764,1
TB1_flagship1x_gpqa,gpqa,2311,recgC4GJ8wUemlUQD,1,1,,,946,1
TB1_flagship1x_gpqa,gpqa,2311,recpki12iG9RUGrz9,1,1,,,1919,1
TB1_flagship1x_gpqa,gpqa,2311,recVvpD8miVjmmyfe,1,1,,,8111,1
TB1_flagship1x_gpqa,gpqa,2311,recuYEkVjdVUwA3c0,1,1,,,1963,1
TB1_flagship1x_gpqa,gpqa,2311,recwW1A85nfyQpReG,1,1,,,1266,1
TB1_flagship1x_gpqa,gpqa,2311,recypVp2NmPlBKVTp,1,1,,,843,1
TB1_flagship1x_gpqa,gpqa,2311,recb4cGsC6BJUCU3V,1,1,,,1981,1
TB1_flagship1x_gpqa,gpqa,2311,recLSzwBUS3olCjhl,1,1,,,1208,1
TB1_flagship1x_gpqa,gpqa,2311,recZSGUkn56v9kEp1,1,1,,,10267,1
TB1_flagship1x_gpqa,gpqa,2311,recDytVnNYZe2HuUU,1,0,,,6013,1
TB1_flagship1x_gpqa,gpqa,2311,reck4G4xxv3YnpbtQ,1,0,,,3101,1
TB1_flagship1x_gpqa,gpqa,2311,recnawZPumSCLMVgp,1,1,,,3953,1
TB1_flagship1x_gpqa,gpqa,2311,rec0wZvZgiz320KRs,1,1,,,3260,1
TB1_flagship1x_gpqa,gpqa,2311,reck1zKeCssmN82Ga,1,1,,,1442,1
TB1_flagship1x_gpqa,gpqa,2311,rechtUKxC6G67H7Pr,1,1,,,1429,1
TB1_flagship1x_gpqa,gpqa,2311,reczUoM8JsxU6pYxr,1,1,,,2559,1
TB1_flagship1x_gpqa,gpqa,2311,recw4rROcnHKNZhtK,1,1,,,1162,1
TB1_flagship1x_gpqa,gpqa,2311,recvlnu8BuLmXZhSX,1,1,,,2241,1
TB1_flagship1x_gpqa,gpqa,2311,rec2ZTsqazBZ3LTWZ,1,1,,,2505,1
TB1_flagship1x_gpqa,gpqa,2311,recatj4YXzbOaq3Ar,1,1,,,1345,1
TB1_flagship1x_gpqa,gpqa,2311,recyrk6XBVwugG5u8,1,1,,,2274,1
TB1_flagship1x_gpqa,gpqa,2311,recBXlqrZUCR897It,1,1,,,1912,1
TB1_flagship1x_gpqa,gpqa,2311,recZt4x514UQNnsgy,1,1,,,12145,1
TB1_flagship1x_gpqa,gpqa,2311,rec527dNeEtWJrYNl,1,1,,,1517,1
TB1_flagship1x_gpqa,gpqa,2311,recXsuOHRBLcyenF2,1,1,,,604,1
TB1_flagship1x_gpqa,gpqa,2311,recPzW1WqRnPs57D6,1,1,,,1511,1
TB1_flagship1x_gpqa,gpqa,2311,rec2UlKqC6RFHdcro,1,1,,,2559,1
TB1_flagship1x_gpqa,gpqa,2311,recJZ3QEfRKjYw9a7,1,1,,,2088,1
TB1_flagship1x_gpqa,gpqa,2311,reczkBiPPNrNN49Hp,1,1,,,1789,1
TB1_flagship1x_gpqa,gpqa,2311,recAAJoHMW45Lv5je,1,1,,,1396,1
TB1_flagship1x_gpqa,gpqa,2311,recooG6bivTUJpDBz,1,1,,,1980,1
TB1_flagship1x_gpqa,gpqa,2311,recNuT2oSnO86bxOx,1,1,,,2688,1
TB1_flagship1x_gpqa,gpqa,2311,reckYqR92oJkqJXkE,1,1,,,1304,1
TB1_flagship1x_gpqa,gpqa,2311,recIIUynGGpsGEYuo,1,1,,,604,1
TB1_flagship1x_gpqa,gpqa,2311,recYA3LPsCvF1fTMI,1,0,,,3359,1
TB1_flagship1x_gpqa,gpqa,2311,reco8WSc71p8zAv4q,1,1,,,4438,1
TB1_flagship1x_gpqa,gpqa,2311,recjgMJaMxz4ESDF2,1,1,,,4993,1
TB1_flagship1x_gpqa,gpqa,2311,rechKl68Uc6H7vU0N,1,1,,,3111,1
TB1_flagship1x_gpqa,gpqa,2311,recVE8cUNHpHZIAvL,1,1,,,4926,1
TB1_flagship1x_gpqa,gpqa,2311,recjJ54TXc04enRkZ,1,1,,,7612,1
TB1_flagship1x_gpqa,gpqa,2311,recqGD3fxPCI59vPQ,1,1,,,2132,1
TB1_flagship1x_gpqa,gpqa,2311,recs3PLPUEMiqg4P8,1,1,,,2909,1
TB1_flagship1x_gpqa,gpqa,2311,recINGR1z01Fh1Z3A,1,1,,,1845,1
TB1_flagship1x_gpqa,gpqa,2311,recHVUd2DkoKfedJZ,1,1,,,4545,1
TB1_flagship1x_gpqa,gpqa,2311,recUBgVlkKzcRPDdK,1,0,,,2658,1
TB1_flagship1x_gpqa,gpqa,2311,rec47oNPXudlTIk4y,1,0,,,1647,1
TB1_flagship1x_gpqa,gpqa,2311,recGFKDUd8qgz81Zl,1,1,,,1608,1
TB1_flagship1x_gpqa,gpqa,2311,recPIzpnuYpB4yvmp,1,1,,,2483,1
TB1_flagship1x_gpqa,gpqa,2311,recCJJOeBGERaHYax,1,1,,,4523,1
TB1_flagship1x_gpqa,gpqa,2311,recnTTKdBzfuoZ7w7,1,0,,,7217,1
TB1_flagship1x_gpqa,gpqa,2311,reckEnrOPFT9Ru7tW,1,1,,,1655,1
TB1_flagship1x_gpqa,gpqa,2311,rec8nshandHARTkrg,1,1,,,2369,1
TB1_flagship1x_gpqa,gpqa,2311,recclFbsjbaiVVnnV,1,1,,,6973,1
TB1_flagship1x_gpqa,gpqa,2311,recLB0EkQ54bYVhnd,1,1,,,2599,1
TB1_flagship1x_gpqa,gpqa,2311,receo3UUzRvWCqyfA,1,1,,,1915,1
TB1_flagship1x_gpqa,gpqa,2311,recG1ljJQcVy6CbSl,1,1,,,1626,1
TB1_flagship1x_gpqa,gpqa,2311,recGee5m84dg5FZkc,1,1,,,2272,1
TB1_flagship1x_gpqa,gpqa,2311,recgM7o1tcc7tP778,1,1,,,6499,1
TB1_flagship1x_gpqa,gpqa,2311,recMicVBcqy1xM1jq,1,1,,,3465,1
TB1_flagship1x_gpqa,gpqa,2311,reczQ4I0VpENdMtIj,1,0,,,1621,1
TB1_flagship1x_gpqa,gpqa,2311,recD8oX1KevFbl7bL,1,1,,,1532,1
TB1_flagship1x_gpqa,gpqa,2311,recNu3MXkvWUzHZr9,1,1,,,2343,1
TB1_flagship1x_gpqa,gpqa,2311,recgXxEgllSGEpELP,1,1,,,5838,1
TB1_flagship1x_gpqa,gpqa,2311,recpJmTOXx6T48nDJ,1,1,,,1563,1
TB1_flagship1x_gpqa,gpqa,2311,rec0yTRmO1o1xCA6H,1,1,,,1371,1
TB1_flagship1x_gpqa,gpqa,2311,rec9ubQihAh6g9bft,1,1,,,1585,1
TB1_flagship1x_gpqa,gpqa,2311,recf6ayQmL1SxKbvW,1,0,,,1111,1
TB1_flagship1x_gpqa,gpqa,2311,recnjViFrqlZNL3fY,1,1,,,3082,1
TB1_flagship1x_gpqa,gpqa,2311,reckl6PkaEMWM50yZ,1,0,,,6742,1
TB1_flagship1x_gpqa,gpqa,3407,recJJcOHhFeSaRpl4,1,1,,,1955,1
TB1_flagship1x_gpqa,gpqa,3407,recZWeueB7lSPR6wN,1,0,,,2969,1
TB1_flagship1x_gpqa,gpqa,3407,recO3hvCWRGiG0odN,1,1,,,3420,1
TB1_flagship1x_gpqa,gpqa,3407,recjgMJaMxz4ESDF2,1,1,,,998,1
TB1_flagship1x_gpqa,gpqa,3407,rec9GugrngvsQR99A,1,1,,,1431,1
TB1_flagship1x_gpqa,gpqa,3407,recafnH3RRnMBXEb1,1,1,,,859,1
TB1_flagship1x_gpqa,gpqa,3407,rec1oj2DveQWl9Rpw,1,1,,,4041,1
TB1_flagship1x_gpqa,gpqa,3407,reccOKzFNmyqeJ6ry,1,1,,,1658,1
TB1_flagship1x_gpqa,gpqa,3407,recWPMm91mGDLXONm,1,1,,,1625,1
TB1_flagship1x_gpqa,gpqa,3407,recvZlMbpPz0yLDle,1,1,,,1745,1
TB1_flagship1x_gpqa,gpqa,3407,recb4cGsC6BJUCU3V,1,1,,,2426,1
TB1_flagship1x_gpqa,gpqa,3407,rec9W28HgpEUeUN8k,1,1,,,6290,1
TB1_flagship1x_gpqa,gpqa,3407,recINGR1z01Fh1Z3A,1,1,,,1773,1
TB1_flagship1x_gpqa,gpqa,3407,recWzUUYBN0NuXO2k,1,1,,,1255,1
TB1_flagship1x_gpqa,gpqa,3407,recPIzpnuYpB4yvmp,1,1,,,2384,1
TB1_flagship1x_gpqa,gpqa,3407,recihePFulRgNKsIn,1,0,,,1540,1
TB1_flagship1x_gpqa,gpqa,3407,recGFKDUd8qgz81Zl,1,1,,,2143,1
TB1_flagship1x_gpqa,gpqa,3407,rec4UqStf9WUVif1f,1,1,,,1568,1
TB1_flagship1x_gpqa,gpqa,3407,recVE8cUNHpHZIAvL,1,1,,,2499,1
TB1_flagship1x_gpqa,gpqa,3407,reckEnrOPFT9Ru7tW,1,1,,,1923,1
TB1_flagship1x_gpqa,gpqa,3407,rec0wZvZgiz320KRs,1,1,,,1758,1
TB1_flagship1x_gpqa,gpqa,3407,recxTy0x7M6T9ikc0,1,1,,,2720,1
TB1_flagship1x_gpqa,gpqa,3407,recBtVK8rBVtIlXDq,1,1,,,1185,1
TB1_flagship1x_gpqa,gpqa,3407,recpki12iG9RUGrz9,1,1,,,1890,1
TB1_flagship1x_gpqa,gpqa,3407,recRTiyaRymerDJ4y,1,1,,,1595,1
TB1_flagship1x_gpqa,gpqa,3407,recI1ls9OXdxatHQn,1,1,,,1468,1
TB1_flagship1x_gpqa,gpqa,3407,recwlwlcPvXVNPmvl,1,1,,,871,1
TB1_flagship1x_gpqa,gpqa,3407,rec4r4KWNLrT7g2kR,1,0,,,6536,1
TB1_flagship1x_gpqa,gpqa,3407,recZ13cwgDQf9jRd9,1,1,,,7475,1
TB1_flagship1x_gpqa,gpqa,3407,rec7C06XOB2h298ue,1,1,,,1104,1
TB1_flagship1x_gpqa,gpqa,3407,recYt8xx80OTyDsL0,1,1,,,752,1
TB1_flagship1x_gpqa,gpqa,3407,recZSGUkn56v9kEp1,1,1,,,4653,1
TB1_flagship1x_gpqa,gpqa,3407,recmI7EiLv72PxmYK,1,1,,,2170,1
TB1_flagship1x_gpqa,gpqa,3407,rechKl68Uc6H7vU0N,1,1,,,4592,1
TB1_flagship1x_gpqa,gpqa,3407,recmwwQJnx7ll7bqL,1,1,,,1525,1
TB1_flagship1x_gpqa,gpqa,3407,reciuppdQde4FGX1z,1,1,,,1346,1
TB1_flagship1x_gpqa,gpqa,3407,recoiTJPGUmzAkief,1,1,,,2129,1
TB1_flagship1x_gpqa,gpqa,3407,recPzW1WqRnPs57D6,1,1,,,1770,1
TB1_flagship1x_gpqa,gpqa,3407,recS48OsU6kVadBPW,1,1,,,843,1
TB1_flagship1x_gpqa,gpqa,3407,recLAgwx9vbgB5EHk,1,1,,,2228,1
TB1_flagship1x_gpqa,gpqa,3407,rec260hNUCEj109Dj,1,1,,,1262,1
TB1_flagship1x_gpqa,gpqa,3407,recZdZxsN0AxDx0pB,1,1,,,1520,1
TB1_flagship1x_gpqa,gpqa,3407,recRhwQwHijW0gCLo,1,1,,,2636,1
TB1_flagship1x_gpqa,gpqa,3407,recGFNRVl1qBZGwyU,1,1,,,2608,1
TB1_flagship1x_gpqa,gpqa,3407,recxsX66ktJ1Lwt4f,1,1,,,1142,1
TB1_flagship1x_gpqa,gpqa,3407,recEmTBhx2hgw6tPQ,1,1,,,11860,1
TB1_flagship1x_gpqa,gpqa,3407,recGee5m84dg5FZkc,1,1,,,2290,1
TB1_flagship1x_gpqa,gpqa,3407,recixxJmdux0d8LZQ,1,1,,,1538,1
TB1_flagship1x_gpqa,gpqa,3407,recjJ54TXc04enRkZ,1,1,,,8232,1
TB1_flagship1x_gpqa,gpqa,3407,reck1zKeCssmN82Ga,1,1,,,2297,1
TB1_flagship1x_gpqa,gpqa,3407,recRZjaElf8ft7xTq,1,1,,,2838,1
TB1_flagship1x_gpqa,gpqa,3407,rechtUKxC6G67H7Pr,1,1,,,1365,1
TB1_flagship1x_gpqa,gpqa,3407,recUc29lMDBEvurYo,1,1,,,4351,1
TB1_flagship1x_gpqa,gpqa,3407,recKv4hFyNpViUXnL,1,1,,,5679,1
TB1_flagship1x_gpqa,gpqa,3407,recyPffUDqC2k7ZZO,1,1,,,1980,1
TB1_flagship1x_gpqa,gpqa,3407,rec1zl5LvaatzGhFt,1,1,,,1483,1
TB1_flagship1x_gpqa,gpqa,3407,recyl3usDqb7ruXJx,1,1,,,5468,1
TB1_flagship1x_gpqa,gpqa,3407,rec8y3ZrBOcLgNEkE,1,1,,,870,1
TB1_flagship1x_gpqa,gpqa,3407,recSBcGLPatKb3Ygu,1,1,,,1852,1
TB1_flagship1x_gpqa,gpqa,3407,recmkvk6EFAmqyMxR,1,1,,,1464,1
TB1_flagship1x_gpqa,gpqa,3407,recTs7qzfJs6kfLUK,1,1,,,1935,1
TB1_flagship1x_gpqa,gpqa,3407,rec7qmSnbud4FHSqL,1,0,,,2557,1
TB1_flagship1x_gpqa,gpqa,3407,recPL4ZPpVYxgMu57,1,1,,,896,1
TB1_flagship1x_gpqa,gpqa,3407,reckl6PkaEMWM50yZ,1,0,,,9496,1
TB1_flagship1x_gpqa,gpqa,3407,recoy9ZLBsc7HIRBy,1,1,,,2201,1
TB1_flagship1x_gpqa,gpqa,3407,recXsYa3i2UhGF5fe,1,1,,,1573,1
TB1_flagship1x_gpqa,gpqa,3407,recywRj5a8EEjj2Ib,1,1,,,1524,1
TB1_flagship1x_gpqa,gpqa,3407,recNFJjE5PPTqVJGv,1,1,,,2006,1
TB1_flagship1x_gpqa,gpqa,3407,reck4G4xxv3YnpbtQ,1,0,,,2324,1
TB1_flagship1x_gpqa,gpqa,3407,recDytVnNYZe2HuUU,1,1,,,2506,1
TB1_flagship1x_gpqa,gpqa,3407,recIDiDKKrN61Auyr,1,1,,,818,1
TB1_flagship1x_gpqa,gpqa,3407,recBhnXrUyTJ6WHIR,1,1,,,2395,1
TB1_flagship1x_gpqa,gpqa,3407,recE2ihVfqEK4R9d0,1,1,,,1909,1
TB1_flagship1x_gpqa,gpqa,3407,recVvpD8miVjmmyfe,1,0,,,7488,1
TB1_flagship1x_gpqa,gpqa,3407,recReg13iV2HwJTaA,1,1,,,912,1
TB1_flagship1x_gpqa,gpqa,3407,recyrk6XBVwugG5u8,1,1,,,2514,1
TB1_flagship1x_gpqa,gpqa,3407,recOkA2zsy4GSMD9R,1,1,,,3690,1
TB1_flagship1x_gpqa,gpqa,3407,reczjcMtrB1YGS2fO,1,1,,,2459,1
TB1_flagship1x_gpqa,gpqa,3407,recgXxEgllSGEpELP,1,1,,,5143,1
TB1_flagship1x_gpqa,gpqa,3407,recBGxVySx1pkrO1i,1,1,,,2938,1
TB1_flagship1x_gpqa,gpqa,3407,recINSFEYLCyyd08m,1,0,,,2968,1
TB1_flagship1x_gpqa,gpqa,3407,recakFKZioXUuldcd,1,1,,,2633,1
TB1_flagship1x_gpqa,gpqa,3407,reccVBrYdwsB84fGy,1,1,,,2392,1
TB1_flagship1x_gpqa,gpqa,3407,recJZ3QEfRKjYw9a7,1,1,,,5717,1
TB1_flagship1x_gpqa,gpqa,3407,recAAJoHMW45Lv5je,1,1,,,2153,1
TB1_flagship1x_gpqa,gpqa,3407,recclFbsjbaiVVnnV,1,1,,,7490,1
TB1_flagship1x_gpqa,gpqa,3407,receo3UUzRvWCqyfA,1,1,,,1410,1
TB1_flagship1x_gpqa,gpqa,3407,reccVFW11Elovnf8T,1,1,,,2519,1
TB1_flagship1x_gpqa,gpqa,3407,recb80OwMgNnceA9t,1,0,,,10048,1
TB1_flagship_sc5_gpqa,gpqa,1001,recBtVK8rBVtIlXDq,1,1,0,1,6272,5
TB1_flagship_sc5_gpqa,gpqa,1001,recG1ljJQcVy6CbSl,1,1,0,1,7444,5
TB1_flagship_sc5_gpqa,gpqa,1001,recvlnu8BuLmXZhSX,1,1,0,1,9578,5
TB1_flagship_sc5_gpqa,gpqa,1001,recGee5m84dg5FZkc,1,1,0,1,12014,5
TB1_flagship_sc5_gpqa,gpqa,1001,recv7GsQg3f0fvB1f,1,1,0,1,6894,5
TB1_flagship_sc5_gpqa,gpqa,1001,recRhwQwHijW0gCLo,1,1,0,1,15557,5
TB1_flagship_sc5_gpqa,gpqa,1001,recKcjTwONILZqHAX,1,1,0,1,5939,5
TB1_flagship_sc5_gpqa,gpqa,1001,recfTlTMjZBuOducT,1,1,0,1,11557,5
TB1_flagship_sc5_gpqa,gpqa,1001,recmI7EiLv72PxmYK,1,1,0,1,12375,5
TB1_flagship_sc5_gpqa,gpqa,1001,rectlyG9pCAAuWhoB,1,0,0,0,46709,5
TB1_flagship_sc5_gpqa,gpqa,1001,recIOlKBsOeEcgkA1,1,1,0,1,7965,5
TB1_flagship_sc5_gpqa,gpqa,1001,recooG6bivTUJpDBz,1,1,0,1,20260,5
TB1_flagship_sc5_gpqa,gpqa,1001,reck4G4xxv3YnpbtQ,1,1,0,1,14283,5
TB1_flagship_sc5_gpqa,gpqa,1001,rec9GugrngvsQR99A,1,1,0,1,7928,5
TB1_flagship_sc5_gpqa,gpqa,1001,rec4UqStf9WUVif1f,1,1,0,1,7080,5
TB1_flagship_sc5_gpqa,gpqa,1001,rec2UlKqC6RFHdcro,1,1,0,1,8870,5
TB1_flagship_sc5_gpqa,gpqa,1001,reccVFW11Elovnf8T,1,1,0,1,16514,5
TB1_flagship_sc5_gpqa,gpqa,1001,recIj8lR4tuDgrHou,1,1,0,1,11607,5
TB1_flagship_sc5_gpqa,gpqa,1001,recL9MFV5zmdlle5T,1,1,0,1,9335,5
TB1_flagship_sc5_gpqa,gpqa,1001,recN4DY9Q5V03glmQ,1,1,0,1,29884,5
TB1_flagship_sc5_gpqa,gpqa,1001,recUBgVlkKzcRPDdK,1,0,0,1,14616,5
TB1_flagship_sc5_gpqa,gpqa,1001,rec06pnAkLOr2t2mp,1,1,0,1,6783,5
TB1_flagship_sc5_gpqa,gpqa,1001,recXvQ6gWAmyakrpD,1,1,0,1,12777,5
TB1_flagship_sc5_gpqa,gpqa,1001,recV1nqYQvpII94oC,1,1,0,1,9190,5
TB1_flagship_sc5_gpqa,gpqa,1001,recr3VHM4zYf6dMFY,1,1,0,1,8978,5
TB1_flagship_sc5_gpqa,gpqa,1001,recvZlMbpPz0yLDle,1,1,0,1,13350,5
TB1_flagship_sc5_gpqa,gpqa,1001,recnTTKdBzfuoZ7w7,1,1,0,0,52064,5
TB1_flagship_sc5_gpqa,gpqa,1001,recNFJjE5PPTqVJGv,1,1,0,1,6613,5
TB1_flagship_sc5_gpqa,gpqa,1001,recWPMm91mGDLXONm,1,1,0,1,10645,5
TB1_flagship_sc5_gpqa,gpqa,1001,recPIzpnuYpB4yvmp,1,1,0,1,8557,5
TB1_flagship_sc5_gpqa,gpqa,1001,recHVUd2DkoKfedJZ,1,1,0,1,15671,5
TB1_flagship_sc5_gpqa,gpqa,1001,rec0VuKUjt1SZ7NYv,1,1,0,1,8238,5
TB1_flagship_sc5_gpqa,gpqa,1001,rec7qmSnbud4FHSqL,1,0,0,1,12593,5
TB1_flagship_sc5_gpqa,gpqa,1001,recqGD3fxPCI59vPQ,1,1,0,1,10162,5
TB1_flagship_sc5_gpqa,gpqa,1001,recS48OsU6kVadBPW,1,1,0,1,5532,5
TB1_flagship_sc5_gpqa,gpqa,1001,recPL4ZPpVYxgMu57,1,1,0,1,4598,5
TB1_flagship_sc5_gpqa,gpqa,1001,recLAgwx9vbgB5EHk,1,1,0,1,23231,5
TB1_flagship_sc5_gpqa,gpqa,1001,recIlghoOw5VbY4Zh,1,1,0,1,18801,5
TB1_flagship_sc5_gpqa,gpqa,1001,reckEnrOPFT9Ru7tW,1,1,0,1,11932,5
TB1_flagship_sc5_gpqa,gpqa,1001,recUOePh79cp4T2Bg,1,0,0,0,25717,5
TB1_flagship_sc5_gpqa,gpqa,1001,reck1zKeCssmN82Ga,1,1,0,1,7612,5
TB1_flagship_sc5_gpqa,gpqa,1001,recQ8oxSY2aCwFRS8,1,1,0,1,17822,5
TB1_flagship_sc5_gpqa,gpqa,1001,recmkvk6EFAmqyMxR,1,1,0,1,6722,5
TB1_flagship_sc5_gpqa,gpqa,1001,recINGR1z01Fh1Z3A,1,1,0,1,8604,5
TB1_flagship_sc5_gpqa,gpqa,1001,reciuppdQde4FGX1z,1,1,0,1,6432,5
TB1_flagship_sc5_gpqa,gpqa,1001,rec0wZvZgiz320KRs,1,1,0,1,8454,5
TB1_flagship_sc5_gpqa,gpqa,1001,recTs7qzfJs6kfLUK,1,1,0,1,10621,5
TB1_flagship_sc5_gpqa,gpqa,1001,recYt8xx80OTyDsL0,1,1,0,1,5201,5
TB1_flagship_sc5_gpqa,gpqa,1001,rec9ubQihAh6g9bft,1,1,0,1,6912,5
TB1_flagship_sc5_gpqa,gpqa,1001,reczUoM8JsxU6pYxr,1,1,0,1,25206,5
TB1_flagship_sc5_gpqa,gpqa,1001,recjgMJaMxz4ESDF2,1,1,0,1,7683,5
TB1_flagship_sc5_gpqa,gpqa,1001,recO3hvCWRGiG0odN,1,1,0,0,14004,5
TB1_flagship_sc5_gpqa,gpqa,1001,recqFDvYKKRmbnoUb,1,1,0,1,6175,5
TB1_flagship_sc5_gpqa,gpqa,1001,recl1UtgTVKishAq4,1,1,0,1,33468,5
TB1_flagship_sc5_gpqa,gpqa,1001,recpJmTOXx6T48nDJ,1,1,0,1,23513,5
TB1_flagship_sc5_gpqa,gpqa,1001,recGFNRVl1qBZGwyU,1,1,0,1,14254,5
TB1_flagship_sc5_gpqa,gpqa,1001,recOkA2zsy4GSMD9R,1,1,0,1,15379,5
TB1_flagship_sc5_gpqa,gpqa,1001,rect4iLrSfUwkNTno,1,1,0,1,15037,5
TB1_flagship_sc5_gpqa,gpqa,1001,recdya6FuYraBU5Rh,1,1,0,1,10477,5
TB1_flagship_sc5_gpqa,gpqa,1001,recZbxrocrxh9YENH,1,1,0,1,16354,5
TB1_flagship_sc5_gpqa,gpqa,1001,recSBcGLPatKb3Ygu,1,1,0,1,9888,5
TB1_flagship_sc5_gpqa,gpqa,1001,recakFKZioXUuldcd,1,1,0,1,18667,5
TB1_flagship_sc5_gpqa,gpqa,1001,recoy9ZLBsc7HIRBy,1,1,0,1,11776,5
TB1_flagship_sc5_gpqa,gpqa,1001,recRTiyaRymerDJ4y,1,1,0,1,8455,5
TB1_flagship_sc5_gpqa,gpqa,1001,recDytVnNYZe2HuUU,1,1,0,1,17511,5
TB1_flagship_sc5_gpqa,gpqa,1001,recb2M22zaD3tL6Qc,1,1,0,1,15920,5
TB1_flagship_sc5_gpqa,gpqa,1001,recWxGU8Q4YReJ1tb,1,0,0,1,31450,5
TB1_flagship_sc5_gpqa,gpqa,1001,reczjcMtrB1YGS2fO,1,1,0,0,22175,5
TB1_flagship_sc5_gpqa,gpqa,1001,recxsX66ktJ1Lwt4f,1,1,0,1,6164,5
TB1_flagship_sc5_gpqa,gpqa,1001,recpki12iG9RUGrz9,1,1,0,1,9271,5
TB1_flagship_sc5_gpqa,gpqa,1001,recMicVBcqy1xM1jq,1,1,0,1,14835,5
TB1_flagship_sc5_gpqa,gpqa,1001,recrNbtgTNoabJJi6,1,1,0,1,12613,5
TB1_flagship_sc5_gpqa,gpqa,1001,recwlwlcPvXVNPmvl,1,1,0,1,5155,5
TB1_flagship_sc5_gpqa,gpqa,1001,reckYqR92oJkqJXkE,1,1,0,1,5964,5
TB1_flagship_sc5_gpqa,gpqa,1001,recIDiDKKrN61Auyr,1,1,0,1,3717,5
TB1_flagship_sc5_gpqa,gpqa,1001,recn3NhOhqAPLda16,1,1,0,1,13177,5
TB1_flagship_sc5_gpqa,gpqa,1001,recCJJOeBGERaHYax,1,1,0,1,10616,5
TB1_flagship_sc5_gpqa,gpqa,1001,recWXwn9v4IG9ZrM6,1,1,0,1,5320,5
TB1_flagship_sc5_gpqa,gpqa,1001,recYCMJWH7IpcdqwE,1,1,0,1,43257,5
TB1_flagship_sc5_gpqa,gpqa,1001,recgXxEgllSGEpELP,1,1,0,1,21575,5
TB1_flagship_sc5_gpqa,gpqa,1001,rec47oNPXudlTIk4y,1,0,0,0,13992,5
TB1_flagship_sc5_gpqa,gpqa,1001,recBhnXrUyTJ6WHIR,1,1,0,1,14607,5
TB1_flagship_sc5_gpqa,gpqa,1001,recReg13iV2HwJTaA,1,1,0,1,5504,5
TB1_flagship_sc5_gpqa,gpqa,1001,recXsYa3i2UhGF5fe,1,1,0,1,10505,5
TB1_flagship_sc5_gpqa,gpqa,1001,recmwwQJnx7ll7bqL,1,1,0,1,6845,5
TB1_flagship_sc5_gpqa,gpqa,1001,recQiWOxhkXRz9NVE,1,1,0,0,41893,5
TB1_flagship_sc5_gpqa,gpqa,2311,rec260hNUCEj109Dj,1,1,0,1,7031,5
TB1_flagship_sc5_gpqa,gpqa,2311,recZbxrocrxh9YENH,1,1,0,1,15644,5
TB1_flagship_sc5_gpqa,gpqa,2311,receYQxnUBvxPcvbQ,1,1,0,1,11930,5
TB1_flagship_sc5_gpqa,gpqa,2311,recNAiPUKOulQbKVP,1,1,0,1,4149,5
TB1_flagship_sc5_gpqa,gpqa,2311,rechgQucGlrnt8KRV,1,1,0,1,8737,5
TB1_flagship_sc5_gpqa,gpqa,2311,recwlwlcPvXVNPmvl,1,1,0,1,5301,5
TB1_flagship_sc5_gpqa,gpqa,2311,recyl3usDqb7ruXJx,1,1,0,1,22943,5
TB1_flagship_sc5_gpqa,gpqa,2311,rec4JrWy7Il8ho5vk,1,1,0,1,5486,5
TB1_flagship_sc5_gpqa,gpqa,2311,rect4iLrSfUwkNTno,1,1,0,1,15602,5
TB1_flagship_sc5_gpqa,gpqa,2311,rec06pnAkLOr2t2mp,1,1,0,1,7016,5
TB1_flagship_sc5_gpqa,gpqa,2311,recJJcOHhFeSaRpl4,1,1,0,1,8121,5
TB1_flagship_sc5_gpqa,gpqa,2311,recRZjaElf8ft7xTq,1,1,0,1,14018,5
TB1_flagship_sc5_gpqa,gpqa,2311,rec1oj2DveQWl9Rpw,1,0,0,0,14013,5
TB1_flagship_sc5_gpqa,gpqa,2311,recz3MfYHPRhsEQkW,1,1,0,1,9034,5
TB1_flagship_sc5_gpqa,gpqa,2311,recrNbtgTNoabJJi6,1,1,0,1,18760,5
TB1_flagship_sc5_gpqa,gpqa,2311,rec0VuKUjt1SZ7NYv,1,1,0,1,8026,5
TB1_flagship_sc5_gpqa,gpqa,2311,rec4L69T0Y1AS4AFS,1,0,0,1,15530,5
TB1_flagship_sc5_gpqa,gpqa,2311,reczzzihL7btBH7RO,1,0,0,1,12448,5
TB1_flagship_sc5_gpqa,gpqa,2311,recLrRirj7iXoB0rU,1,1,0,1,10393,5
TB1_flagship_sc5_gpqa,gpqa,2311,recb2M22zaD3tL6Qc,1,1,0,1,28034,5
TB1_flagship_sc5_gpqa,gpqa,2311,recgC4GJ8wUemlUQD,1,1,0,1,5660,5
TB1_flagship_sc5_gpqa,gpqa,2311,recpki12iG9RUGrz9,1,1,0,1,9696,5
TB1_flagship_sc5_gpqa,gpqa,2311,recuYEkVjdVUwA3c0,1,1,0,1,8565,5
TB1_flagship_sc5_gpqa,gpqa,2311,recZSGUkn56v9kEp1,1,1,0,1,28044,5
TB1_flagship_sc5_gpqa,gpqa,2311,recwW1A85nfyQpReG,1,1,0,1,6632,5
TB1_flagship_sc5_gpqa,gpqa,2311,recypVp2NmPlBKVTp,1,1,0,1,4879,5
TB1_flagship_sc5_gpqa,gpqa,2311,recLSzwBUS3olCjhl,1,1,0,1,6343,5
TB1_flagship_sc5_gpqa,gpqa,2311,recDytVnNYZe2HuUU,1,1,0,1,18317,5
TB1_flagship_sc5_gpqa,gpqa,2311,reck4G4xxv3YnpbtQ,1,0,0,0,12983,5
TB1_flagship_sc5_gpqa,gpqa,2311,recb4cGsC6BJUCU3V,1,1,0,1,17031,5
TB1_flagship_sc5_gpqa,gpqa,2311,rec0wZvZgiz320KRs,1,1,0,1,8965,5
TB1_flagship_sc5_gpqa,gpqa,2311,recnawZPumSCLMVgp,1,1,0,1,24268,5
TB1_flagship_sc5_gpqa,gpqa,2311,reck1zKeCssmN82Ga,1,1,0,1,8581,5
TB1_flagship_sc5_gpqa,gpqa,2311,rechtUKxC6G67H7Pr,1,1,0,1,7410,5
TB1_flagship_sc5_gpqa,gpqa,2311,reczUoM8JsxU6pYxr,1,1,0,1,16099,5
TB1_flagship_sc5_gpqa,gpqa,2311,recw4rROcnHKNZhtK,1,1,0,0,9265,5
TB1_flagship_sc5_gpqa,gpqa,2311,recvlnu8BuLmXZhSX,1,1,0,1,7340,5
TB1_flagship_sc5_gpqa,gpqa,2311,recZt4x514UQNnsgy,1,1,0,0,26718,5
TB1_flagship_sc5_gpqa,gpqa,2311,recatj4YXzbOaq3Ar,1,1,0,1,5008,5
TB1_flagship_sc5_gpqa,gpqa,2311,rec2ZTsqazBZ3LTWZ,1,1,0,1,16542,5
TB1_flagship_sc5_gpqa,gpqa,2311,recBXlqrZUCR897It,1,1,0,1,12821,5
TB1_flagship_sc5_gpqa,gpqa,2311,rec527dNeEtWJrYNl,1,1,0,1,9156,5
TB1_flagship_sc5_gpqa,gpqa,2311,recXsuOHRBLcyenF2,1,1,0,1,3488,5
TB1_flagship_sc5_gpqa,gpqa,2311,recyrk6XBVwugG5u8,1,1,0,1,22567,5
TB1_flagship_sc5_gpqa,gpqa,2311,recPzW1WqRnPs57D6,1,1,0,1,9220,5
TB1_flagship_sc5_gpqa,gpqa,2311,rec2UlKqC6RFHdcro,1,1,0,1,8679,5
TB1_flagship_sc5_gpqa,gpqa,2311,reczkBiPPNrNN49Hp,1,1,0,1,7882,5
TB1_flagship_sc5_gpqa,gpqa,2311,recJZ3QEfRKjYw9a7,1,1,0,1,18028,5
TB1_flagship_sc5_gpqa,gpqa,2311,recAAJoHMW45Lv5je,1,1,0,1,11557,5
TB1_flagship_sc5_gpqa,gpqa,2311,recNuT2oSnO86bxOx,1,1,0,1,11243,5
TB1_flagship_sc5_gpqa,gpqa,2311,reckYqR92oJkqJXkE,1,1,0,1,6179,5
TB1_flagship_sc5_gpqa,gpqa,2311,recooG6bivTUJpDBz,1,1,0,1,17824,5
TB1_flagship_sc5_gpqa,gpqa,2311,recIIUynGGpsGEYuo,1,1,0,1,6443,5
TB1_flagship_sc5_gpqa,gpqa,2311,recYA3LPsCvF1fTMI,1,1,0,0,29818,5
TB1_flagship_sc5_gpqa,gpqa,2311,recjgMJaMxz4ESDF2,1,1,0,1,21373,5
TB1_flagship_sc5_gpqa,gpqa,2311,reco8WSc71p8zAv4q,1,0,0,0,43949,5
TB1_flagship_sc5_gpqa,gpqa,2311,recVE8cUNHpHZIAvL,1,1,0,1,13444,5
TB1_flagship_sc5_gpqa,gpqa,2311,rechKl68Uc6H7vU0N,1,1,0,1,17629,5
TB1_flagship_sc5_gpqa,gpqa,2311,recs3PLPUEMiqg4P8,1,1,0,1,17289,5
TB1_flagship_sc5_gpqa,gpqa,2311,recHVUd2DkoKfedJZ,1,1,0,1,14393,5
TB1_flagship_sc5_gpqa,gpqa,2311,recqGD3fxPCI59vPQ,1,1,0,1,10932,5
TB1_flagship_sc5_gpqa,gpqa,2311,recINGR1z01Fh1Z3A,1,1,0,1,8607,5
TB1_flagship_sc5_gpqa,gpqa,2311,recUBgVlkKzcRPDdK,1,0,0,1,12714,5
TB1_flagship_sc5_gpqa,gpqa,2311,recPIzpnuYpB4yvmp,1,1,0,1,10831,5
TB1_flagship_sc5_gpqa,gpqa,2311,rec47oNPXudlTIk4y,1,1,0,0,11500,5
TB1_flagship_sc5_gpqa,gpqa,2311,recGFKDUd8qgz81Zl,1,1,0,1,11362,5
TB1_flagship_sc5_gpqa,gpqa,2311,recCJJOeBGERaHYax,1,1,0,0,14433,5
TB1_flagship_sc5_gpqa,gpqa,2311,rec8nshandHARTkrg,1,1,0,1,15654,5
TB1_flagship_sc5_gpqa,gpqa,2311,recclFbsjbaiVVnnV,1,1,0,1,38182,5
TB1_flagship_sc5_gpqa,gpqa,2311,reckEnrOPFT9Ru7tW,1,1,0,1,12468,5
TB1_flagship_sc5_gpqa,gpqa,2311,recnTTKdBzfuoZ7w7,1,1,0,0,58643,5
TB1_flagship_sc5_gpqa,gpqa,2311,recLB0EkQ54bYVhnd,1,1,0,1,10020,5
TB1_flagship_sc5_gpqa,gpqa,2311,receo3UUzRvWCqyfA,1,1,0,1,9496,5
TB1_flagship_sc5_gpqa,gpqa,2311,recG1ljJQcVy6CbSl,1,1,0,1,8262,5
TB1_flagship_sc5_gpqa,gpqa,2311,recGee5m84dg5FZkc,1,1,0,0,12023,5
TB1_flagship_sc5_gpqa,gpqa,2311,recgM7o1tcc7tP778,1,1,0,1,25329,5
TB1_flagship_sc5_gpqa,gpqa,2311,recMicVBcqy1xM1jq,1,1,0,1,14750,5
TB1_flagship_sc5_gpqa,gpqa,2311,recgXxEgllSGEpELP,1,1,0,1,19761,5
TB1_flagship_sc5_gpqa,gpqa,2311,reczQ4I0VpENdMtIj,1,1,0,1,10073,5
TB1_flagship_sc5_gpqa,gpqa,2311,recD8oX1KevFbl7bL,1,1,0,1,9093,5
TB1_flagship_sc5_gpqa,gpqa,2311,recNu3MXkvWUzHZr9,1,1,0,1,14837,5
TB1_flagship_sc5_gpqa,gpqa,2311,rec0yTRmO1o1xCA6H,1,1,0,1,6934,5
TB1_flagship_sc5_gpqa,gpqa,2311,recnjViFrqlZNL3fY,1,1,0,1,17056,5
TB1_flagship_sc5_gpqa,gpqa,2311,reckl6PkaEMWM50yZ,1,1,0,0,47325,5
TB1_flagship_sc5_gpqa,gpqa,2311,rec9ubQihAh6g9bft,1,1,0,1,6607,5
TB1_flagship_sc5_gpqa,gpqa,2311,recf6ayQmL1SxKbvW,1,0,0,1,6759,5
TB1_flagship_sc5_gpqa,gpqa,3407,recJJcOHhFeSaRpl4,1,1,0,1,7466,5
TB1_flagship_sc5_gpqa,gpqa,3407,recO3hvCWRGiG0odN,1,1,0,1,18981,5
TB1_flagship_sc5_gpqa,gpqa,3407,recZWeueB7lSPR6wN,1,0,0,0,37331,5
TB1_flagship_sc5_gpqa,gpqa,3407,rec1oj2DveQWl9Rpw,1,1,0,0,22623,5
TB1_flagship_sc5_gpqa,gpqa,3407,rec9GugrngvsQR99A,1,1,0,1,7948,5
TB1_flagship_sc5_gpqa,gpqa,3407,recafnH3RRnMBXEb1,1,1,0,1,5793,5
TB1_flagship_sc5_gpqa,gpqa,3407,reccOKzFNmyqeJ6ry,1,1,0,1,8529,5
TB1_flagship_sc5_gpqa,gpqa,3407,recWPMm91mGDLXONm,1,1,0,1,10116,5
TB1_flagship_sc5_gpqa,gpqa,3407,recb4cGsC6BJUCU3V,1,1,0,1,13706,5
TB1_flagship_sc5_gpqa,gpqa,3407,recvZlMbpPz0yLDle,1,1,0,1,13717,5
TB1_flagship_sc5_gpqa,gpqa,3407,recjgMJaMxz4ESDF2,1,1,0,1,20312,5
TB1_flagship_sc5_gpqa,gpqa,3407,recINGR1z01Fh1Z3A,1,1,0,1,8695,5
TB1_flagship_sc5_gpqa,gpqa,3407,recPIzpnuYpB4yvmp,1,1,0,1,8429,5
TB1_flagship_sc5_gpqa,gpqa,3407,recWzUUYBN0NuXO2k,1,1,0,1,7022,5
TB1_flagship_sc5_gpqa,gpqa,3407,recihePFulRgNKsIn,1,0,0,1,7624,5
TB1_flagship_sc5_gpqa,gpqa,3407,recGFKDUd8qgz81Zl,1,1,0,1,10632,5
TB1_flagship_sc5_gpqa,gpqa,3407,rec4UqStf9WUVif1f,1,1,0,1,5610,5
TB1_flagship_sc5_gpqa,gpqa,3407,recVE8cUNHpHZIAvL,1,1,0,1,13825,5
TB1_flagship_sc5_gpqa,gpqa,3407,rec0wZvZgiz320KRs,1,1,0,1,8923,5
TB1_flagship_sc5_gpqa,gpqa,3407,reckEnrOPFT9Ru7tW,1,1,0,1,13739,5
TB1_flagship_sc5_gpqa,gpqa,3407,recBtVK8rBVtIlXDq,1,1,0,1,5843,5
TB1_flagship_sc5_gpqa,gpqa,3407,recxTy0x7M6T9ikc0,1,1,0,0,17858,5
TB1_flagship_sc5_gpqa,gpqa,3407,recpki12iG9RUGrz9,1,1,0,1,9423,5
TB1_flagship_sc5_gpqa,gpqa,3407,recRTiyaRymerDJ4y,1,1,0,1,8300,5
TB1_flagship_sc5_gpqa,gpqa,3407,recI1ls9OXdxatHQn,1,1,0,1,7722,5
TB1_flagship_sc5_gpqa,gpqa,3407,recwlwlcPvXVNPmvl,1,1,0,1,5569,5
TB1_flagship_sc5_gpqa,gpqa,3407,recZ13cwgDQf9jRd9,1,0,0,0,33356,5
TB1_flagship_sc5_gpqa,gpqa,3407,rec7C06XOB2h298ue,1,1,0,1,5344,5
TB1_flagship_sc5_gpqa,gpqa,3407,rec4r4KWNLrT7g2kR,1,1,0,1,39904,5
TB1_flagship_sc5_gpqa,gpqa,3407,recZSGUkn56v9kEp1,1,1,0,1,32030,5
TB1_flagship_sc5_gpqa,gpqa,3407,recYt8xx80OTyDsL0,1,1,0,1,4752,5
TB1_flagship_sc5_gpqa,gpqa,3407,rechKl68Uc6H7vU0N,1,1,0,1,26107,5
TB1_flagship_sc5_gpqa,gpqa,3407,recmI7EiLv72PxmYK,1,1,0,1,10877,5
TB1_flagship_sc5_gpqa,gpqa,3407,recmwwQJnx7ll7bqL,1,1,0,1,7147,5
TB1_flagship_sc5_gpqa,gpqa,3407,recoiTJPGUmzAkief,1,1,0,1,8856,5
TB1_flagship_sc5_gpqa,gpqa,3407,reciuppdQde4FGX1z,1,1,0,1,7273,5
TB1_flagship_sc5_gpqa,gpqa,3407,recPzW1WqRnPs57D6,1,1,0,1,7621,5
TB1_flagship_sc5_gpqa,gpqa,3407,recS48OsU6kVadBPW,1,1,0,1,4724,5
TB1_flagship_sc5_gpqa,gpqa,3407,rec260hNUCEj109Dj,1,1,0,1,7337,5
TB1_flagship_sc5_gpqa,gpqa,3407,recZdZxsN0AxDx0pB,1,1,0,1,8574,5
TB1_flagship_sc5_gpqa,gpqa,3407,recRhwQwHijW0gCLo,1,1,0,1,15070,5
TB1_flagship_sc5_gpqa,gpqa,3407,recLAgwx9vbgB5EHk,1,1,0,0,32045,5
TB1_flagship_sc5_gpqa,gpqa,3407,recxsX66ktJ1Lwt4f,1,1,0,1,6636,5
TB1_flagship_sc5_gpqa,gpqa,3407,recEmTBhx2hgw6tPQ,1,1,0,0,37398,5
TB1_flagship_sc5_gpqa,gpqa,3407,recGFNRVl1qBZGwyU,1,1,0,1,20293,5
TB1_flagship_sc5_gpqa,gpqa,3407,recGee5m84dg5FZkc,1,1,0,0,11881,5
TB1_flagship_sc5_gpqa,gpqa,3407,reck1zKeCssmN82Ga,1,1,0,1,7931,5
TB1_flagship_sc5_gpqa,gpqa,3407,recixxJmdux0d8LZQ,1,1,0,1,9915,5
TB1_flagship_sc5_gpqa,gpqa,3407,recRZjaElf8ft7xTq,1,1,0,1,15500,5
TB1_flagship_sc5_gpqa,gpqa,3407,recUc29lMDBEvurYo,1,1,0,1,23572,5
TB1_flagship_sc5_gpqa,gpqa,3407,recKv4hFyNpViUXnL,1,1,0,1,13757,5
TB1_flagship_sc5_gpqa,gpqa,3407,rechtUKxC6G67H7Pr,1,1,0,1,6927,5
TB1_flagship_sc5_gpqa,gpqa,3407,recyPffUDqC2k7ZZO,1,1,0,1,9776,5
TB1_flagship_sc5_gpqa,gpqa,3407,recyl3usDqb7ruXJx,1,1,0,1,25484,5
TB1_flagship_sc5_gpqa,gpqa,3407,rec1zl5LvaatzGhFt,1,1,0,1,8826,5
TB1_flagship_sc5_gpqa,gpqa,3407,recSBcGLPatKb3Ygu,1,1,0,1,9677,5
TB1_flagship_sc5_gpqa,gpqa,3407,rec8y3ZrBOcLgNEkE,1,1,0,1,6807,5
TB1_flagship_sc5_gpqa,gpqa,3407,recmkvk6EFAmqyMxR,1,1,0,1,6308,5
TB1_flagship_sc5_gpqa,gpqa,3407,rec7qmSnbud4FHSqL,1,0,0,1,12041,5
TB1_flagship_sc5_gpqa,gpqa,3407,recTs7qzfJs6kfLUK,1,1,0,1,10582,5
TB1_flagship_sc5_gpqa,gpqa,3407,reckl6PkaEMWM50yZ,1,1,0,0,40632,5
TB1_flagship_sc5_gpqa,gpqa,3407,recPL4ZPpVYxgMu57,1,1,0,1,5448,5
TB1_flagship_sc5_gpqa,gpqa,3407,recoy9ZLBsc7HIRBy,1,1,0,1,10732,5
TB1_flagship_sc5_gpqa,gpqa,3407,recXsYa3i2UhGF5fe,1,1,0,1,8935,5
TB1_flagship_sc5_gpqa,gpqa,3407,recNFJjE5PPTqVJGv,1,1,0,1,6727,5
TB1_flagship_sc5_gpqa,gpqa,3407,recywRj5a8EEjj2Ib,1,1,0,1,7789,5
TB1_flagship_sc5_gpqa,gpqa,3407,reck4G4xxv3YnpbtQ,1,0,0,0,11882,5
TB1_flagship_sc5_gpqa,gpqa,3407,recDytVnNYZe2HuUU,1,1,0,1,16135,5
TB1_flagship_sc5_gpqa,gpqa,3407,recIDiDKKrN61Auyr,1,1,0,1,3638,5
TB1_flagship_sc5_gpqa,gpqa,3407,recE2ihVfqEK4R9d0,1,1,0,1,9374,5
TB1_flagship_sc5_gpqa,gpqa,3407,recBhnXrUyTJ6WHIR,1,1,0,0,17374,5
TB1_flagship_sc5_gpqa,gpqa,3407,recReg13iV2HwJTaA,1,1,0,1,5733,5
TB1_flagship_sc5_gpqa,gpqa,3407,recyrk6XBVwugG5u8,1,1,0,1,19780,5
TB1_flagship_sc5_gpqa,gpqa,3407,recOkA2zsy4GSMD9R,1,1,0,1,17265,5
TB1_flagship_sc5_gpqa,gpqa,3407,reczjcMtrB1YGS2fO,1,1,0,1,15427,5
TB1_flagship_sc5_gpqa,gpqa,3407,recgXxEgllSGEpELP,1,1,0,1,24828,5
TB1_flagship_sc5_gpqa,gpqa,3407,recBGxVySx1pkrO1i,1,1,0,1,15891,5
TB1_flagship_sc5_gpqa,gpqa,3407,recINSFEYLCyyd08m,1,1,0,1,18604,5
TB1_flagship_sc5_gpqa,gpqa,3407,recakFKZioXUuldcd,1,1,0,1,20189,5
TB1_flagship_sc5_gpqa,gpqa,3407,recJZ3QEfRKjYw9a7,1,1,0,1,19124,5
TB1_flagship_sc5_gpqa,gpqa,3407,reccVBrYdwsB84fGy,1,1,0,1,13657,5
TB1_flagship_sc5_gpqa,gpqa,3407,recAAJoHMW45Lv5je,1,1,0,1,12348,5
TB1_flagship_sc5_gpqa,gpqa,3407,recclFbsjbaiVVnnV,1,1,0,0,30779,5
TB1_flagship_sc5_gpqa,gpqa,3407,reccVFW11Elovnf8T,1,1,0,1,11262,5
TB1_flagship_sc5_gpqa,gpqa,3407,receo3UUzRvWCqyfA,1,1,0,1,10314,5
TB1B_universal_gate_supergpqa,supergpqa,7,8a331a10506a4ff6b543fc5b2ac2502f,1,1,1,0,11178,7
TB1B_universal_gate_supergpqa,supergpqa,7,b278c269529d444e97014e86de71b135,1,1,1,1,15065,7
TB1B_universal_gate_supergpqa,supergpqa,7,811c704287184f8fa520358dc0ea2493,1,0,1,0,19386,7
TB1B_universal_gate_supergpqa,supergpqa,7,b389bd8fda16458da390b0aeefa9328c,1,1,1,1,18922,7
TB1B_universal_gate_supergpqa,supergpqa,7,749c18edf45840fca90d356bbed0fe5b,1,1,1,0,15826,6
TB1B_universal_gate_supergpqa,supergpqa,7,a14c016f261f4b46a1f62c1a4096bd86,1,1,1,0,16394,7
TB1B_universal_gate_supergpqa,supergpqa,7,a63462f4ff9e44289d3c9e4a91314250,1,1,1,1,4779,6
TB1B_universal_gate_supergpqa,supergpqa,7,843e623807884c63a38376e9bd6d6f14,1,0,1,0,24508,6
TB1B_universal_gate_supergpqa,supergpqa,7,b68e89ad898246c4bc116ff4d353e4b9,1,0,1,0,16582,7
TB1B_universal_gate_supergpqa,supergpqa,7,4068f6cb89214b0a86c16c2497caeb6e,1,1,1,1,7804,6
TB1B_universal_gate_supergpqa,supergpqa,7,cb1f3d75e5a9402a9bb7755b6f6a029c,1,1,1,1,7809,6
TB1B_universal_gate_supergpqa,supergpqa,7,c9aaec36dd7d48d0b90c34c9955bdf1b,1,1,1,1,19177,6
TB1B_universal_gate_supergpqa,supergpqa,7,2ee8b1af76f04527a574124df6476a8d,1,1,1,0,18926,7
TB1B_universal_gate_supergpqa,supergpqa,7,ff414ca699a74f7484650a3595512055,1,1,1,1,6768,6
TB1B_universal_gate_supergpqa,supergpqa,7,2cf2296143904690a6c6f376236839d2,1,1,1,0,8334,7
TB1B_universal_gate_supergpqa,supergpqa,7,5d4e9507100c48c89db59015820c6059,1,1,1,0,9552,7
TB1B_universal_gate_supergpqa,supergpqa,7,7c20fd3e214f4e438614b091fccce433,1,1,1,1,6671,7
TB1B_universal_gate_supergpqa,supergpqa,7,2499f7cec22b4bda8f96d061a1fae7af,1,1,1,0,22580,7
TB1B_universal_gate_supergpqa,supergpqa,7,711025f0562b41118c0c383afdc77215,1,1,1,1,13943,7
TB1B_universal_gate_supergpqa,supergpqa,7,32d56386e78f4e16bfe38d9ea73fd02a,1,1,1,0,10278,7
TB1B_universal_gate_supergpqa,supergpqa,7,d0fe7c1a74314662ac5ed5f2538e7b13,1,0,1,1,4917,6
TB1B_universal_gate_supergpqa,supergpqa,7,077aea7da31e4b94886be9713580db0d,1,1,1,0,8459,7
TB1B_universal_gate_supergpqa,supergpqa,7,8fb8ca1cd7114cd8b8dcad3953f68a44,1,1,1,1,16587,7
TB1B_universal_gate_supergpqa,supergpqa,7,24b548b324684a8490d46d476bde792c,1,1,1,1,20458,7
TB1B_universal_gate_supergpqa,supergpqa,7,413f8d70916547989ed51d1116a4551a,1,1,1,1,10865,7
TB1B_universal_gate_supergpqa,supergpqa,7,5f0bde5deeae40a88762eea520849455,1,1,1,1,20946,7
TB1B_universal_gate_supergpqa,supergpqa,7,facd6dd1e2074073adcfcac48eab3afb,1,1,1,1,9912,6
TB1B_universal_gate_supergpqa,supergpqa,7,920d5a4aae764dc8962d36ff4d95710a,1,0,1,0,19619,7
TB1B_universal_gate_supergpqa,supergpqa,7,10f542902dfa44d795fba244e7f1a69c,1,1,1,1,12157,7
TB1B_universal_gate_supergpqa,supergpqa,7,fc9a01ab2a2344cabfe9c2bd94be487f,1,1,1,0,9902,7
TB1B_universal_gate_supergpqa,supergpqa,7,d9f3da47d50840a79c51096169d25583,1,1,1,0,21518,7
TB1B_universal_gate_supergpqa,supergpqa,7,de43b1c48f7b410695b2a4daf5fe3f31,1,1,1,1,17534,7
TB1B_universal_gate_supergpqa,supergpqa,7,8f9ae9b94a0a4e66ab56225f7a356fd1,1,1,1,1,17798,7
TB1B_universal_gate_supergpqa,supergpqa,7,05edf34d21464999ad82c54bad66a005,1,1,1,0,15383,6
TB1B_universal_gate_supergpqa,supergpqa,7,f8e740921e964dfc9922e08b7f5e815b,1,1,1,1,11585,7
TB1B_universal_gate_supergpqa,supergpqa,7,ccbff2992c7f49c48a8fe254e1fff783,1,1,1,0,17170,7
TB1B_universal_gate_supergpqa,supergpqa,7,5cbfbf1108434eca91c070d1ed1c0bc6,1,1,1,0,21610,7
TB1B_universal_gate_supergpqa,supergpqa,7,5fe6a509598c4dd5aec2c8f7abc0d259,1,1,1,0,12552,7
TB1B_universal_gate_supergpqa,supergpqa,7,ea9364829af04d188546f8d369483d46,1,1,1,1,14033,7
TB1B_universal_gate_supergpqa,supergpqa,7,fa49b578c45543d8847bac91a1e14045,1,1,1,0,18598,7
TB1B_universal_gate_supergpqa,supergpqa,7,c8be6f10c6b04b879a5fe393fb1b38f8,1,1,1,0,10624,7
TB1B_universal_gate_supergpqa,supergpqa,7,b81111afa517415f8f5b91a17ac991ce,1,1,1,0,11890,7
TB1B_universal_gate_supergpqa,supergpqa,7,0a3895b8a5cc4239a2a6e96c1289011d,1,1,1,0,16089,7
TB1B_universal_gate_supergpqa,supergpqa,7,bfba15ab92174bf5b537cadc675dafdb,1,1,1,0,19075,7
TB1B_universal_gate_supergpqa,supergpqa,7,1d1666032573496f84efe333d572f1e2,1,1,1,0,14971,7
TB1B_universal_gate_supergpqa,supergpqa,7,2789bb6861f94992954c4df00ec8e656,1,0,1,1,19160,7
TB1B_universal_gate_supergpqa,supergpqa,7,93218c202d734e8cacaa4dff4cd9a761,1,1,1,0,24829,7
TB1B_universal_gate_supergpqa,supergpqa,7,e301bd85789b4c4fa02b60e3dba62e5c,1,0,1,0,15186,7
TB1B_universal_gate_supergpqa,supergpqa,7,fe7c522a688a4b3c952b4ae95a5d1ae8,1,0,1,0,23848,7
TB1B_universal_gate_supergpqa,supergpqa,7,4cd0be5521844b3781d88e8a29433b39,1,1,1,0,10016,7
TB1B_universal_gate_supergpqa,supergpqa,7,2e1d297065d247068eaa68f6585f9764,1,0,1,1,15538,7
TB1B_universal_gate_supergpqa,supergpqa,7,e020184788314d25a2ea1828d568538a,1,1,1,1,11002,7
TB1B_universal_gate_supergpqa,supergpqa,7,12a6d09d1179401498c2cae7d2d886a8,1,1,1,0,9425,7
TB1B_universal_gate_supergpqa,supergpqa,7,492ac21c1ff94ba49de684cfb6527930,1,1,1,0,10869,7
TB1B_universal_gate_supergpqa,supergpqa,7,18aa367ae47744199ba63308b5c581bf,1,1,1,0,26140,7
TB1B_universal_gate_supergpqa,supergpqa,7,01ac3e46a5f04c48b3ad3d21e7a8eacd,1,0,1,1,14077,7
TB1B_universal_gate_supergpqa,supergpqa,7,05ac97570c2a40ab94f83a5cf3aa09df,1,1,1,1,27742,7
TB1B_universal_gate_supergpqa,supergpqa,7,54bfc8311916428a8f2a43c17ca17c7a,1,1,1,0,14797,7
TB1B_universal_gate_supergpqa,supergpqa,7,a9ab2cd572f04f88b629deb59e486adf,1,1,1,0,12812,7
TB1B_universal_gate_supergpqa,supergpqa,7,515b67c43f064c15bb0154d546f88277,1,1,1,0,17654,7
TB1B_universal_gate_supergpqa,supergpqa,7,e8e40ae579384b51b006d7d50d8d039d,1,1,1,1,10903,7
TB1B_universal_gate_supergpqa,supergpqa,7,d7f9b5a785a94530a9e737656ec0dcaa,1,1,1,1,22402,7
TB1B_universal_gate_supergpqa,supergpqa,7,9da468facb58464982465242468c9a13,1,1,1,1,17433,7
TB1B_universal_gate_supergpqa,supergpqa,7,8aca8b27a1674720bcb8271a46213d95,1,0,1,1,19017,7
TB1B_universal_gate_supergpqa,supergpqa,7,933f999d89984b4ea9c59bffad3405ef,1,1,1,1,5503,6
TB1B_universal_gate_supergpqa,supergpqa,7,9ae52f5b63d9459a833c6e10c0539a4d,1,0,1,1,17336,7
TB1B_universal_gate_supergpqa,supergpqa,7,6b347be4d8ba43e2b425fd504ad16f4c,1,1,1,1,14314,7
TB1B_universal_gate_supergpqa,supergpqa,7,5272de2f504946d1beff3dbb51bea3f3,1,1,1,0,12042,7
TB1B_universal_gate_supergpqa,supergpqa,7,c4f6b8482b184c0b98b6d72d00204932,1,0,1,0,17708,7
TB1B_universal_gate_supergpqa,supergpqa,7,776b536a60e241f2b75b94accc6dff2c,1,1,1,1,20640,7
TB1B_universal_gate_supergpqa,supergpqa,7,4f85b84235914d259dbdd8931be5d3a9,1,1,1,1,7932,7
TB1B_universal_gate_supergpqa,supergpqa,7,f1c5fbceb2124a8bb11963f76c8771b3,1,1,1,1,15210,7
TB1B_universal_gate_supergpqa,supergpqa,7,080a910849bd4aae8dbdeb3d7a6e835b,1,0,1,1,23117,7
TB1B_universal_gate_supergpqa,supergpqa,7,b06afc3997974662986e009c41226c9c,1,0,1,1,7111,7
TB1B_universal_gate_supergpqa,supergpqa,7,3f48e266da744ae6b9e99e762b67954f,1,1,1,0,11570,7
TB1B_universal_gate_supergpqa,supergpqa,7,7a71c086988a45f6823dbb8748e89f66,1,0,1,1,13566,6
TB1B_universal_gate_supergpqa,supergpqa,7,a9f34192579d4f448b378d733eb8d3bf,1,0,1,1,10086,7
TB1B_universal_gate_supergpqa,supergpqa,7,e286dac07362459cb41b0c9adca02747,1,1,1,1,8861,7
TB1B_universal_gate_supergpqa,supergpqa,7,a462a6fe458b4b6e8b609cf0ef896b52,1,0,1,0,31083,7
TB1B_universal_gate_supergpqa,supergpqa,7,2811febd3e9a4348a352c0c2b33ee464,1,0,1,1,11912,7
TB1B_universal_gate_supergpqa,supergpqa,7,0e4c4ac2694d4b88b43bf6bbd6f4c356,1,1,1,0,12888,7
TB1B_universal_gate_supergpqa,supergpqa,7,9b67dac06fc448afa19a33728a469cec,1,1,1,1,16272,7
TB1B_universal_gate_supergpqa,supergpqa,7,15e29ed7c9d1459484348074abe10661,1,1,1,1,17576,7
TB1B_universal_gate_supergpqa,supergpqa,7,1b003811eaf443e492e6717fa934b15b,1,1,1,0,21620,6
TB1B_universal_gate_supergpqa,supergpqa,7,8c293442d9444277866f493968187325,1,1,1,1,28957,7
TB1B_universal_gate_supergpqa,supergpqa,7,ec301d7b596f4f45afef08dc4448910c,1,1,1,1,11432,7
TB1B_universal_gate_supergpqa,supergpqa,7,2761d3d5298f4a4a8b52db20fc0343cb,1,1,1,1,16691,7
TB1B_universal_gate_supergpqa,supergpqa,7,f9d8f390f4c348838f3d42e5c15fbb24,1,0,1,1,11980,7
TB1B_universal_gate_supergpqa,supergpqa,7,620f491d9a9542fca57a62d2799d97a6,1,1,1,0,28567,7
compute_matched_control_supergpqa,supergpqa,123,10189f626a71458193ceb74c22288670,0,0,,,0,0
compute_matched_control_supergpqa,supergpqa,123,1d20f67dc3f848e791ee5d1ea58acba2,0,0,,,0,0
compute_matched_control_supergpqa,supergpqa,123,210b3664e51b43bbab0d4b1bfa4668d0,0,0,,,0,0
compute_matched_control_supergpqa,supergpqa,123,a6d224d814c74b14b05cbc915f94c318,0,0,,,0,0
compute_matched_control_supergpqa,supergpqa,123,afe0ed4d48c54836b7c7290a88c48c6a,0,0,,,0,0
compute_matched_control_supergpqa,supergpqa,123,dff99ba339964cb9b6ab381b618355b5,0,0,,,0,0
compute_matched_control_supergpqa,supergpqa,42,14e7a5802c464cfc9e28aafee9fdfd42,0,0,,,0,0
compute_matched_control_supergpqa,supergpqa,42,1b5146ef461741a1a68490564550fce3,0,0,,,0,0
compute_matched_control_supergpqa,supergpqa,42,301e624803b94d4dad6828fb2310bdca,0,0,,,0,0
compute_matched_control_supergpqa,supergpqa,42,4e8a3894e41f4ca291c7b9d40a6bbe41,0,0,,,0,0
compute_matched_control_supergpqa,supergpqa,42,b4824b77747748cf8486b9e948899ef8,0,0,,,0,0
compute_matched_control_supergpqa,supergpqa,7,05ac97570c2a40ab94f83a5cf3aa09df,0,0,,,0,0
compute_matched_control_supergpqa,supergpqa,7,2499f7cec22b4bda8f96d061a1fae7af,0,0,,,0,0
compute_matched_control_supergpqa,supergpqa,7,5d4e9507100c48c89db59015820c6059,0,0,,,0,0
compute_matched_control_supergpqa,supergpqa,7,620f491d9a9542fca57a62d2799d97a6,0,0,,,0,0
compute_matched_control_supergpqa,supergpqa,7,749c18edf45840fca90d356bbed0fe5b,0,0,,,0,0
compute_matched_control_supergpqa,supergpqa,7,c8be6f10c6b04b879a5fe393fb1b38f8,0,0,,,0,0
gsm8k_pilot,unknown,42,rec06pnAkLOr2t2mp,0,0,,,0,0
gsm8k_pilot,unknown,42,rec0wZvZgiz320KRs,0,0,,,0,0
gsm8k_pilot,unknown,42,rec0yTRmO1o1xCA6H,0,0,,,0,0
gsm8k_pilot,unknown,42,rec260hNUCEj109Dj,0,0,,,0,0
gsm8k_pilot,unknown,42,rec4L69T0Y1AS4AFS,0,0,,,0,0
gsm8k_pilot,unknown,42,rec4r4KWNLrT7g2kR,0,0,,,0,0
gsm8k_pilot,unknown,42,rec527dNeEtWJrYNl,0,0,,,0,0
gsm8k_pilot,unknown,42,rec5eA17Qr1ucNLUf,0,0,,,0,0
gsm8k_pilot,unknown,42,rec5rjeLsEq5Fg7Oj,0,0,,,0,0
gsm8k_pilot,unknown,42,rec6sE2CRtD4drtHg,0,0,,,0,0
gsm8k_pilot,unknown,42,rec7C06XOB2h298ue,0,0,,,0,0
gsm8k_pilot,unknown,42,rec8nshandHARTkrg,0,0,,,0,0
gsm8k_pilot,unknown,42,rec8y3ZrBOcLgNEkE,0,0,,,0,0
gsm8k_pilot,unknown,42,recBhnXrUyTJ6WHIR,0,0,,,0,0
gsm8k_pilot,unknown,42,recDj2Y2BbtV02Wv5,0,0,,,0,0
gsm8k_pilot,unknown,42,recE2ihVfqEK4R9d0,0,0,,,0,0
gsm8k_pilot,unknown,42,recEmTBhx2hgw6tPQ,0,0,,,0,0
gsm8k_pilot,unknown,42,recFaL6j8UMhutXrc,0,0,,,0,0
gsm8k_pilot,unknown,42,recGFNRVl1qBZGwyU,0,0,,,0,0
gsm8k_pilot,unknown,42,recGee5m84dg5FZkc,0,0,,,0,0
gsm8k_pilot,unknown,42,recHVUd2DkoKfedJZ,0,0,,,0,0
gsm8k_pilot,unknown,42,recI1ls9OXdxatHQn,0,0,,,0,0
gsm8k_pilot,unknown,42,recINGR1z01Fh1Z3A,0,0,,,0,0
gsm8k_pilot,unknown,42,recINSFEYLCyyd08m,0,0,,,0,0
gsm8k_pilot,unknown,42,recIOlKBsOeEcgkA1,0,0,,,0,0
gsm8k_pilot,unknown,42,recIj8lR4tuDgrHou,0,0,,,0,0
gsm8k_pilot,unknown,42,recIlghoOw5VbY4Zh,0,0,,,0,0
gsm8k_pilot,unknown,42,recJJcOHhFeSaRpl4,0,0,,,0,0
gsm8k_pilot,unknown,42,recJZ3QEfRKjYw9a7,0,0,,,0,0
gsm8k_pilot,unknown,42,recL9MFV5zmdlle5T,0,0,,,0,0
gsm8k_pilot,unknown,42,recLAgwx9vbgB5EHk,0,0,,,0,0
gsm8k_pilot,unknown,42,recLSzwBUS3olCjhl,0,0,,,0,0
gsm8k_pilot,unknown,42,recMicVBcqy1xM1jq,0,0,,,0,0
gsm8k_pilot,unknown,42,recNuT2oSnO86bxOx,0,0,,,0,0
gsm8k_pilot,unknown,42,recO3hvCWRGiG0odN,0,0,,,0,0
gsm8k_pilot,unknown,42,recOkA2zsy4GSMD9R,0,0,,,0,0
gsm8k_pilot,unknown,42,recOvqPKUtyy9ISA1,0,0,,,0,0
gsm8k_pilot,unknown,42,recPIzpnuYpB4yvmp,0,0,,,0,0
gsm8k_pilot,unknown,42,recPL4ZPpVYxgMu57,0,0,,,0,0
gsm8k_pilot,unknown,42,recPSTGXK3P39yNYT,0,0,,,0,0
gsm8k_pilot,unknown,42,recQiWOxhkXRz9NVE,0,0,,,0,0
gsm8k_pilot,unknown,42,recRZjaElf8ft7xTq,0,0,,,0,0
gsm8k_pilot,unknown,42,recSBcGLPatKb3Ygu,0,0,,,0,0
gsm8k_pilot,unknown,42,recUOePh79cp4T2Bg,0,0,,,0,0
gsm8k_pilot,unknown,42,recVEXvhYxAhELVqB,0,0,,,0,0
gsm8k_pilot,unknown,42,recVvpD8miVjmmyfe,0,0,,,0,0
gsm8k_pilot,unknown,42,recWPMm91mGDLXONm,0,0,,,0,0
gsm8k_pilot,unknown,42,recXsuOHRBLcyenF2,0,0,,,0,0
gsm8k_pilot,unknown,42,recXvQ6gWAmyakrpD,0,0,,,0,0
gsm8k_pilot,unknown,42,recaXdGn3FAIkxLGM,0,0,,,0,0
gsm8k_pilot,unknown,42,recatj4YXzbOaq3Ar,0,0,,,0,0
gsm8k_pilot,unknown,42,recb80OwMgNnceA9t,0,0,,,0,0
gsm8k_pilot,unknown,42,reccOKzFNmyqeJ6ry,0,0,,,0,0
gsm8k_pilot,unknown,42,reccVFW11Elovnf8T,0,0,,,0,0
gsm8k_pilot,unknown,42,recclFbsjbaiVVnnV,0,0,,,0,0
gsm8k_pilot,unknown,42,recdya6FuYraBU5Rh,0,0,,,0,0
gsm8k_pilot,unknown,42,receYQxnUBvxPcvbQ,0,0,,,0,0
gsm8k_pilot,unknown,42,receo3UUzRvWCqyfA,0,0,,,0,0
gsm8k_pilot,unknown,42,recf6ayQmL1SxKbvW,0,0,,,0,0
gsm8k_pilot,unknown,42,recfTlTMjZBuOducT,0,0,,,0,0
gsm8k_pilot,unknown,42,rechKl68Uc6H7vU0N,0,0,,,0,0
gsm8k_pilot,unknown,42,rechgQucGlrnt8KRV,0,0,,,0,0
gsm8k_pilot,unknown,42,rechtUKxC6G67H7Pr,0,0,,,0,0
gsm8k_pilot,unknown,42,recihePFulRgNKsIn,0,0,,,0,0
gsm8k_pilot,unknown,42,recjJ54TXc04enRkZ,0,0,,,0,0
gsm8k_pilot,unknown,42,reck4G4xxv3YnpbtQ,0,0,,,0,0
gsm8k_pilot,unknown,42,reckEnrOPFT9Ru7tW,0,0,,,0,0
gsm8k_pilot,unknown,42,reckl6PkaEMWM50yZ,0,0,,,0,0
gsm8k_pilot,unknown,42,recmI7EiLv72PxmYK,0,0,,,0,0
gsm8k_pilot,unknown,42,recmkvk6EFAmqyMxR,0,0,,,0,0
gsm8k_pilot,unknown,42,recn3NhOhqAPLda16,0,0,,,0,0
gsm8k_pilot,unknown,42,recnGEpF1srQpaqWq,0,0,,,0,0
gsm8k_pilot,unknown,42,recnTTKdBzfuoZ7w7,0,0,,,0,0
gsm8k_pilot,unknown,42,recnawZPumSCLMVgp,0,0,,,0,0
gsm8k_pilot,unknown,42,recoiTJPGUmzAkief,0,0,,,0,0
gsm8k_pilot,unknown,42,recooG6bivTUJpDBz,0,0,,,0,0
gsm8k_pilot,unknown,42,recpki12iG9RUGrz9,0,0,,,0,0
gsm8k_pilot,unknown,42,recr3VHM4zYf6dMFY,0,0,,,0,0
gsm8k_pilot,unknown,42,recrNbtgTNoabJJi6,0,0,,,0,0
gsm8k_pilot,unknown,42,recs3PLPUEMiqg4P8,0,0,,,0,0
gsm8k_pilot,unknown,42,rectXfsCM1dj4Kv2c,0,0,,,0,0
gsm8k_pilot,unknown,42,recuYEkVjdVUwA3c0,0,0,,,0,0
gsm8k_pilot,unknown,42,recv7GsQg3f0fvB1f,0,0,,,0,0
gsm8k_pilot,unknown,42,recwW1A85nfyQpReG,0,0,,,0,0
gsm8k_pilot,unknown,42,recwlwlcPvXVNPmvl,0,0,,,0,0
gsm8k_pilot,unknown,42,recypVp2NmPlBKVTp,0,0,,,0,0
gsm8k_pilot,unknown,42,reczUoM8JsxU6pYxr,0,0,,,0,0
gsm8k_pilot,unknown,42,reczjcMtrB1YGS2fO,0,0,,,0,0
gsm8k_pilot,unknown,42,reczkBiPPNrNN49Hp,0,0,,,0,0
gsm8k_pilot,unknown,42,reczzzihL7btBH7RO,0,0,,,0,0
lever_baseline_gpqa,gpqa,217,recDj2Y2BbtV02Wv5,0,0,,,0,0
lever_baseline_gpqa,gpqa,217,recQiWOxhkXRz9NVE,0,0,,,0,0
lever_baseline_gpqa,gpqa,314,recQiWOxhkXRz9NVE,0,0,,,0,0
lever_baseline_gpqa,gpqa,471,recVvpD8miVjmmyfe,0,0,,,0,0
lever_baseline_gpqa,gpqa,471,recuyeuT5rQ6qDt8F,0,0,,,0,0
lever_baseline_mmlu_pro_stem,mmlu_pro,42,10852,0,0,,,0,0
lever_baseline_mmlu_pro_stem,mmlu_pro,42,1290,0,0,,,0,0
lever_baseline_mmlu_pro_stem,mmlu_pro,42,1496,0,0,,,0,0
lever_baseline_mmlu_pro_stem,mmlu_pro,42,1540,0,0,,,0,0
lever_baseline_mmlu_pro_stem,mmlu_pro,42,2457,0,0,,,0,0
lever_baseline_mmlu_pro_stem,mmlu_pro,42,2503,0,0,,,0,0
lever_baseline_mmlu_pro_stem,mmlu_pro,42,281,0,0,,,0,0
lever_baseline_mmlu_pro_stem,mmlu_pro,42,473,0,0,,,0,0
lever_baseline_mmlu_pro_stem,mmlu_pro,42,4906,0,0,,,0,0
lever_baseline_mmlu_pro_stem,mmlu_pro,42,5088,0,0,,,0,0
lever_baseline_mmlu_pro_stem,mmlu_pro,42,5136,0,0,,,0,0
lever_baseline_mmlu_pro_stem,mmlu_pro,42,5396,0,0,,,0,0
lever_baseline_mmlu_pro_stem,mmlu_pro,42,556,0,0,,,0,0
lever_baseline_mmlu_pro_stem,mmlu_pro,42,5874,0,0,,,0,0
lever_baseline_mmlu_pro_stem,mmlu_pro,42,6035,0,0,,,0,0
lever_baseline_mmlu_pro_stem,mmlu_pro,42,6570,0,0,,,0,0
lever_baseline_mmlu_pro_stem,mmlu_pro,42,688,0,0,,,0,0
lever_baseline_mmlu_pro_stem,mmlu_pro,42,7070,0,0,,,0,0
lever_baseline_mmlu_pro_stem,mmlu_pro,42,7490,0,0,,,0,0
lever_baseline_mmlu_pro_stem,mmlu_pro,42,7497,0,0,,,0,0
lever_baseline_mmlu_pro_stem,mmlu_pro,42,7511,0,0,,,0,0
lever_baseline_mmlu_pro_stem,mmlu_pro,42,7562,0,0,,,0,0
lever_baseline_mmlu_pro_stem,mmlu_pro,42,783,0,0,,,0,0
lever_baseline,unknown,7,recVvpD8miVjmmyfe,0,0,,,0,0
lever_baseline_supergpqa,supergpqa,123,10189f626a71458193ceb74c22288670,0,0,,,0,0
lever_baseline_supergpqa,supergpqa,123,210b3664e51b43bbab0d4b1bfa4668d0,0,0,,,0,0
lever_baseline_supergpqa,supergpqa,123,a6d224d814c74b14b05cbc915f94c318,0,0,,,0,0
lever_baseline_supergpqa,supergpqa,123,dff99ba339964cb9b6ab381b618355b5,0,0,,,0,0
lever_baseline_supergpqa,supergpqa,42,1d55d70bc081494da80f9c9735015376,0,0,,,0,0
lever_baseline_supergpqa,supergpqa,42,301e624803b94d4dad6828fb2310bdca,0,0,,,0,0
lever_baseline_supergpqa,supergpqa,7,05ac97570c2a40ab94f83a5cf3aa09df,0,0,,,0,0
lever_baseline_supergpqa,supergpqa,7,c8be6f10c6b04b879a5fe393fb1b38f8,0,0,,,0,0
lever_chem_thinking_gate_gpqa,gpqa,217,recZ13cwgDQf9jRd9,0,0,,,0,0
lever_chem_thinking_gate_gpqa,gpqa,314,recDj2Y2BbtV02Wv5,0,0,,,0,0
lever_chem_thinking_gate_gpqa,gpqa,314,recK9F5aqdaybl8bb,0,0,,,0,0
lever_chem_thinking_gate_gpqa,gpqa,471,rec5rjeLsEq5Fg7Oj,0,0,,,0,0
lever_chem_thinking_gate_gpqa,gpqa,471,recOvqPKUtyy9ISA1,0,0,,,0,0
lever_chem_thinking_gate_gpqa,gpqa,471,reckl6PkaEMWM50yZ,0,0,,,0,0
lever_combined,unknown,42,1005,0,0,,,0,0
lever_combined,unknown,42,1082,0,0,,,0,0
lever_combined,unknown,42,1122,0,0,,,0,0
lever_combined,unknown,42,1132,0,0,,,0,0
lever_combined,unknown,42,1154,0,0,,,0,0
lever_combined,unknown,42,1176,0,0,,,0,0
lever_combined,unknown,42,1191,0,0,,,0,0
lever_combined,unknown,42,1214,0,0,,,0,0
lever_combined,unknown,42,1252,0,0,,,0,0
lever_combined,unknown,42,1308,0,0,,,0,0
lever_combined,unknown,42,15,0,0,,,0,0
lever_combined,unknown,42,172,0,0,,,0,0
lever_combined,unknown,42,176,0,0,,,0,0
lever_combined,unknown,42,177,0,0,,,0,0
lever_combined,unknown,42,187,0,0,,,0,0
lever_combined,unknown,42,21,0,0,,,0,0
lever_combined,unknown,42,222,0,0,,,0,0
lever_combined,unknown,42,237,0,0,,,0,0
lever_combined,unknown,42,238,0,0,,,0,0
lever_combined,unknown,42,275,0,0,,,0,0
lever_combined,unknown,42,280,0,0,,,0,0
lever_combined,unknown,42,289,0,0,,,0,0
lever_combined,unknown,42,400,0,0,,,0,0
lever_combined,unknown,42,413,0,0,,,0,0
lever_combined,unknown,42,454,0,0,,,0,0
lever_combined,unknown,42,463,0,0,,,0,0
lever_combined,unknown,42,479,0,0,,,0,0
lever_combined,unknown,42,480,0,0,,,0,0
lever_combined,unknown,42,537,0,0,,,0,0
lever_combined,unknown,42,55,0,0,,,0,0
lever_combined,unknown,42,562,0,0,,,0,0
lever_combined,unknown,42,57,0,0,,,0,0
lever_combined,unknown,42,588,0,0,,,0,0
lever_combined,unknown,42,599,0,0,,,0,0
lever_combined,unknown,42,608,0,0,,,0,0
lever_combined,unknown,42,616,0,0,,,0,0
lever_combined,unknown,42,618,0,0,,,0,0
lever_combined,unknown,42,66,0,0,,,0,0
lever_combined,unknown,42,672,0,0,,,0,0
lever_combined,unknown,42,677,0,0,,,0,0
lever_combined,unknown,42,730,0,0,,,0,0
lever_combined,unknown,42,770,0,0,,,0,0
lever_combined,unknown,42,772,0,0,,,0,0
lever_combined,unknown,42,868,0,0,,,0,0
lever_combined,unknown,42,896,0,0,,,0,0
lever_combined,unknown,42,906,0,0,,,0,0
lever_combined,unknown,42,921,0,0,,,0,0
lever_combined,unknown,42,923,0,0,,,0,0
lever_combined,unknown,42,945,0,0,,,0,0
lever_combined,unknown,42,970,0,0,,,0,0
lever_combined,unknown,7,recVvpD8miVjmmyfe,0,0,,,0,0
lever_combined,unknown,7,recrHBEJJoDTV05JR,0,0,,,0,0
lever_control__replicate,unknown,7,recQiWOxhkXRz9NVE,0,0,,,0,0
lever_control_supergpqa,supergpqa,123,325534796b254b3499202862368c0f5c,0,0,,,0,0
lever_control_supergpqa,supergpqa,123,f5746a6b252a42cdb64cd25fe623a7b6,0,0,,,0,0
lever_control_supergpqa,supergpqa,606,d16499eb98a643b0a414050a50467596,0,0,,,0,0
lever_cycled_panel_supergpqa,supergpqa,19,6808dfb4b1b643e59868f013dd757ee6,0,0,,,0,0
lever_cycled_panel_supergpqa,supergpqa,19,8e494ef9276e4977af216a49cb561cf2,0,0,,,0,0
lever_diversified_panel_supergpqa,supergpqa,19,b0a81c33d74941818515be3c05e1d622,0,0,,,0,0
lever_diversified_panel_supergpqa,supergpqa,19,c4ead190185f4ba49e9ba5a03fbaeaf9,0,0,,,0,0
lever_five,unknown,42,1005,0,0,,,0,0
lever_five,unknown,42,1082,0,0,,,0,0
lever_five,unknown,42,1122,0,0,,,0,0
lever_five,unknown,42,1132,0,0,,,0,0
lever_five,unknown,42,1154,0,0,,,0,0
lever_five,unknown,42,1176,0,0,,,0,0
lever_five,unknown,42,1191,0,0,,,0,0
lever_five,unknown,42,1214,0,0,,,0,0
lever_five,unknown,42,1252,0,0,,,0,0
lever_five,unknown,42,1308,0,0,,,0,0
lever_five,unknown,42,15,0,0,,,0,0
lever_five,unknown,42,172,0,0,,,0,0
lever_five,unknown,42,176,0,0,,,0,0
lever_five,unknown,42,177,0,0,,,0,0
lever_five,unknown,42,187,0,0,,,0,0
lever_five,unknown,42,21,0,0,,,0,0
lever_five,unknown,42,222,0,0,,,0,0
lever_five,unknown,42,237,0,0,,,0,0
lever_five,unknown,42,238,0,0,,,0,0
lever_five,unknown,42,275,0,0,,,0,0
lever_five,unknown,42,280,0,0,,,0,0
lever_five,unknown,42,289,0,0,,,0,0
lever_five,unknown,42,400,0,0,,,0,0
lever_five,unknown,42,413,0,0,,,0,0
lever_five,unknown,42,454,0,0,,,0,0
lever_five,unknown,42,463,0,0,,,0,0
lever_five,unknown,42,479,0,0,,,0,0
lever_five,unknown,42,480,0,0,,,0,0
lever_five,unknown,42,537,0,0,,,0,0
lever_five,unknown,42,55,0,0,,,0,0
lever_five,unknown,42,562,0,0,,,0,0
lever_five,unknown,42,57,0,0,,,0,0
lever_five,unknown,42,588,0,0,,,0,0
lever_five,unknown,42,599,0,0,,,0,0
lever_five,unknown,42,608,0,0,,,0,0
lever_five,unknown,42,616,0,0,,,0,0
lever_five,unknown,42,618,0,0,,,0,0
lever_five,unknown,42,66,0,0,,,0,0
lever_five,unknown,42,672,0,0,,,0,0
lever_five,unknown,42,677,0,0,,,0,0
lever_five,unknown,42,730,0,0,,,0,0
lever_five,unknown,42,770,0,0,,,0,0
lever_five,unknown,42,772,0,0,,,0,0
lever_five,unknown,42,868,0,0,,,0,0
lever_five,unknown,42,896,0,0,,,0,0
lever_five,unknown,42,906,0,0,,,0,0
lever_five,unknown,42,921,0,0,,,0,0
lever_five,unknown,42,923,0,0,,,0,0
lever_five,unknown,42,945,0,0,,,0,0
lever_five,unknown,42,970,0,0,,,0,0
lever_flagship_panel_mmlu_pro_stem,mmlu_pro,42,10852,0,0,,,0,0
lever_flagship_panel_mmlu_pro_stem,mmlu_pro,42,1290,0,0,,,0,0
lever_flagship_panel_mmlu_pro_stem,mmlu_pro,42,1496,0,0,,,0,0
lever_flagship_panel_mmlu_pro_stem,mmlu_pro,42,1540,0,0,,,0,0
lever_flagship_panel_mmlu_pro_stem,mmlu_pro,42,2457,0,0,,,0,0
lever_flagship_panel_mmlu_pro_stem,mmlu_pro,42,2503,0,0,,,0,0
lever_flagship_panel_mmlu_pro_stem,mmlu_pro,42,281,0,0,,,0,0
lever_flagship_panel_mmlu_pro_stem,mmlu_pro,42,473,0,0,,,0,0
lever_flagship_panel_mmlu_pro_stem,mmlu_pro,42,4906,0,0,,,0,0
lever_flagship_panel_mmlu_pro_stem,mmlu_pro,42,5088,0,0,,,0,0
lever_flagship_panel_mmlu_pro_stem,mmlu_pro,42,5136,0,0,,,0,0
lever_flagship_panel_mmlu_pro_stem,mmlu_pro,42,5396,0,0,,,0,0
lever_flagship_panel_mmlu_pro_stem,mmlu_pro,42,556,0,0,,,0,0
lever_flagship_panel_mmlu_pro_stem,mmlu_pro,42,5874,0,0,,,0,0
lever_flagship_panel_mmlu_pro_stem,mmlu_pro,42,6035,0,0,,,0,0
lever_flagship_panel_mmlu_pro_stem,mmlu_pro,42,6570,0,0,,,0,0
lever_flagship_panel_mmlu_pro_stem,mmlu_pro,42,688,0,0,,,0,0
lever_flagship_panel_mmlu_pro_stem,mmlu_pro,42,7070,0,0,,,0,0
lever_flagship_panel_mmlu_pro_stem,mmlu_pro,42,7490,0,0,,,0,0
lever_flagship_panel_mmlu_pro_stem,mmlu_pro,42,7497,0,0,,,0,0
lever_flagship_panel_mmlu_pro_stem,mmlu_pro,42,7511,0,0,,,0,0
lever_flagship_panel_mmlu_pro_stem,mmlu_pro,42,7562,0,0,,,0,0
lever_flagship_panel_mmlu_pro_stem,mmlu_pro,42,783,0,0,,,0,0
lever_flagship_panel,unknown,42,1005,0,0,,,0,0
lever_flagship_panel,unknown,42,1082,0,0,,,0,0
lever_flagship_panel,unknown,42,1122,0,0,,,0,0
lever_flagship_panel,unknown,42,1132,0,0,,,0,0
lever_flagship_panel,unknown,42,1154,0,0,,,0,0
lever_flagship_panel,unknown,42,1176,0,0,,,0,0
lever_flagship_panel,unknown,42,1191,0,0,,,0,0
lever_flagship_panel,unknown,42,1214,0,0,,,0,0
lever_flagship_panel,unknown,42,1252,0,0,,,0,0
lever_flagship_panel,unknown,42,1308,0,0,,,0,0
lever_flagship_panel,unknown,42,15,0,0,,,0,0
lever_flagship_panel,unknown,42,172,0,0,,,0,0
lever_flagship_panel,unknown,42,176,0,0,,,0,0
lever_flagship_panel,unknown,42,177,0,0,,,0,0
lever_flagship_panel,unknown,42,187,0,0,,,0,0
lever_flagship_panel,unknown,42,21,0,0,,,0,0
lever_flagship_panel,unknown,42,222,0,0,,,0,0
lever_flagship_panel,unknown,42,237,0,0,,,0,0
lever_flagship_panel,unknown,42,238,0,0,,,0,0
lever_flagship_panel,unknown,42,275,0,0,,,0,0
lever_flagship_panel,unknown,42,280,0,0,,,0,0
lever_flagship_panel,unknown,42,289,0,0,,,0,0
lever_flagship_panel,unknown,42,400,0,0,,,0,0
lever_flagship_panel,unknown,42,413,0,0,,,0,0
lever_flagship_panel,unknown,42,454,0,0,,,0,0
lever_flagship_panel,unknown,42,463,0,0,,,0,0
lever_flagship_panel,unknown,42,479,0,0,,,0,0
lever_flagship_panel,unknown,42,480,0,0,,,0,0
lever_flagship_panel,unknown,42,537,0,0,,,0,0
lever_flagship_panel,unknown,42,55,0,0,,,0,0
lever_flagship_panel,unknown,42,562,0,0,,,0,0
lever_flagship_panel,unknown,42,57,0,0,,,0,0
lever_flagship_panel,unknown,42,588,0,0,,,0,0
lever_flagship_panel,unknown,42,599,0,0,,,0,0
lever_flagship_panel,unknown,42,608,0,0,,,0,0
lever_flagship_panel,unknown,42,616,0,0,,,0,0
lever_flagship_panel,unknown,42,618,0,0,,,0,0
lever_flagship_panel,unknown,42,66,0,0,,,0,0
lever_flagship_panel,unknown,42,672,0,0,,,0,0
lever_flagship_panel,unknown,42,677,0,0,,,0,0
lever_flagship_panel,unknown,42,730,0,0,,,0,0
lever_flagship_panel,unknown,42,770,0,0,,,0,0
lever_flagship_panel,unknown,42,772,0,0,,,0,0
lever_flagship_panel,unknown,42,868,0,0,,,0,0
lever_flagship_panel,unknown,42,896,0,0,,,0,0
lever_flagship_panel,unknown,42,906,0,0,,,0,0
lever_flagship_panel,unknown,42,921,0,0,,,0,0
lever_flagship_panel,unknown,42,923,0,0,,,0,0
lever_flagship_panel,unknown,42,945,0,0,,,0,0
lever_flagship_panel,unknown,42,970,0,0,,,0,0
lever_flagship_panel__replicate,unknown,42,1005,0,0,,,0,0
lever_flagship_panel__replicate,unknown,42,1082,0,0,,,0,0
lever_flagship_panel__replicate,unknown,42,1122,0,0,,,0,0
lever_flagship_panel__replicate,unknown,42,1132,0,0,,,0,0
lever_flagship_panel__replicate,unknown,42,1154,0,0,,,0,0
lever_flagship_panel__replicate,unknown,42,1176,0,0,,,0,0
lever_flagship_panel__replicate,unknown,42,1191,0,0,,,0,0
lever_flagship_panel__replicate,unknown,42,1214,0,0,,,0,0
lever_flagship_panel__replicate,unknown,42,1252,0,0,,,0,0
lever_flagship_panel__replicate,unknown,42,1308,0,0,,,0,0
lever_flagship_panel__replicate,unknown,42,15,0,0,,,0,0
lever_flagship_panel__replicate,unknown,42,172,0,0,,,0,0
lever_flagship_panel__replicate,unknown,42,176,0,0,,,0,0
lever_flagship_panel__replicate,unknown,42,177,0,0,,,0,0
lever_flagship_panel__replicate,unknown,42,187,0,0,,,0,0
lever_flagship_panel__replicate,unknown,42,21,0,0,,,0,0
lever_flagship_panel__replicate,unknown,42,222,0,0,,,0,0
lever_flagship_panel__replicate,unknown,42,237,0,0,,,0,0
lever_flagship_panel__replicate,unknown,42,238,0,0,,,0,0
lever_flagship_panel__replicate,unknown,42,275,0,0,,,0,0
lever_flagship_panel__replicate,unknown,42,280,0,0,,,0,0
lever_flagship_panel__replicate,unknown,42,289,0,0,,,0,0
lever_flagship_panel__replicate,unknown,42,400,0,0,,,0,0
lever_flagship_panel__replicate,unknown,42,413,0,0,,,0,0
lever_flagship_panel__replicate,unknown,42,454,0,0,,,0,0
lever_flagship_panel__replicate,unknown,42,463,0,0,,,0,0
lever_flagship_panel__replicate,unknown,42,479,0,0,,,0,0
lever_flagship_panel__replicate,unknown,42,480,0,0,,,0,0
lever_flagship_panel__replicate,unknown,42,537,0,0,,,0,0
lever_flagship_panel__replicate,unknown,42,55,0,0,,,0,0
lever_flagship_panel__replicate,unknown,42,562,0,0,,,0,0
lever_flagship_panel__replicate,unknown,42,57,0,0,,,0,0
lever_flagship_panel__replicate,unknown,42,588,0,0,,,0,0
lever_flagship_panel__replicate,unknown,42,599,0,0,,,0,0
lever_flagship_panel__replicate,unknown,42,608,0,0,,,0,0
lever_flagship_panel__replicate,unknown,42,616,0,0,,,0,0
lever_flagship_panel__replicate,unknown,42,618,0,0,,,0,0
lever_flagship_panel__replicate,unknown,42,66,0,0,,,0,0
lever_flagship_panel__replicate,unknown,42,672,0,0,,,0,0
lever_flagship_panel__replicate,unknown,42,677,0,0,,,0,0
lever_flagship_panel__replicate,unknown,42,730,0,0,,,0,0
lever_flagship_panel__replicate,unknown,42,770,0,0,,,0,0
lever_flagship_panel__replicate,unknown,42,772,0,0,,,0,0
lever_flagship_panel__replicate,unknown,42,868,0,0,,,0,0
lever_flagship_panel__replicate,unknown,42,896,0,0,,,0,0
lever_flagship_panel__replicate,unknown,42,906,0,0,,,0,0
lever_flagship_panel__replicate,unknown,42,921,0,0,,,0,0
lever_flagship_panel__replicate,unknown,42,923,0,0,,,0,0
lever_flagship_panel__replicate,unknown,42,945,0,0,,,0,0
lever_flagship_panel__replicate,unknown,42,970,0,0,,,0,0
lever_flagship_panel_supergpqa,supergpqa,123,10189f626a71458193ceb74c22288670,0,0,,,0,0
lever_flagship_panel_supergpqa,supergpqa,123,1d20f67dc3f848e791ee5d1ea58acba2,0,0,,,0,0
lever_flagship_panel_supergpqa,supergpqa,123,210b3664e51b43bbab0d4b1bfa4668d0,0,0,,,0,0
lever_flagship_panel_supergpqa,supergpqa,123,23e717d973b547e1839a1e41467174ad,0,0,,,0,0
lever_flagship_panel_supergpqa,supergpqa,123,505cf024c3d34a8cad5631b7c487733c,0,0,,,0,0
lever_flagship_panel_supergpqa,supergpqa,123,a6d224d814c74b14b05cbc915f94c318,0,0,,,0,0
lever_flagship_panel_supergpqa,supergpqa,123,d99bd9be83bd49ea8a9da3bf863bbd5f,0,0,,,0,0
lever_flagship_panel_supergpqa,supergpqa,123,dff99ba339964cb9b6ab381b618355b5,0,0,,,0,0
lever_flagship_panel_supergpqa,supergpqa,123,f5746a6b252a42cdb64cd25fe623a7b6,0,0,,,0,0
lever_flagship_panel_supergpqa,supergpqa,42,095ff35b087e416f9a2797a86611b4c2,0,0,,,0,0
lever_flagship_panel_supergpqa,supergpqa,42,14e7a5802c464cfc9e28aafee9fdfd42,0,0,,,0,0
lever_flagship_panel_supergpqa,supergpqa,42,1b5146ef461741a1a68490564550fce3,0,0,,,0,0
lever_flagship_panel_supergpqa,supergpqa,42,1bd477364f034265bdfe60d0b00b219a,0,0,,,0,0
lever_flagship_panel_supergpqa,supergpqa,42,1d55d70bc081494da80f9c9735015376,0,0,,,0,0
lever_flagship_panel_supergpqa,supergpqa,42,301e624803b94d4dad6828fb2310bdca,0,0,,,0,0
lever_flagship_panel_supergpqa,supergpqa,42,4e8a3894e41f4ca291c7b9d40a6bbe41,0,0,,,0,0
lever_flagship_panel_supergpqa,supergpqa,42,644c9b34ba504b098e1f27a5343df847,0,0,,,0,0
lever_flagship_panel_supergpqa,supergpqa,42,89c81fa5104e4d2580f05c3dc32fa11d,0,0,,,0,0
lever_flagship_panel_supergpqa,supergpqa,42,980ca009cc1f4003b4647f0a9bb0289c,0,0,,,0,0
lever_flagship_panel_supergpqa,supergpqa,42,f67699a734ca477eb153ad6d4f7f30e0,0,0,,,0,0
lever_flagship_panel_supergpqa,supergpqa,7,05ac97570c2a40ab94f83a5cf3aa09df,0,0,,,0,0
lever_flagship_panel_supergpqa,supergpqa,7,2761d3d5298f4a4a8b52db20fc0343cb,0,0,,,0,0
lever_flagship_panel_supergpqa,supergpqa,7,749c18edf45840fca90d356bbed0fe5b,0,0,,,0,0
lever_flagship_panel_supergpqa,supergpqa,7,7a71c086988a45f6823dbb8748e89f66,0,0,,,0,0
lever_flagship_panel_supergpqa,supergpqa,7,a462a6fe458b4b6e8b609cf0ef896b52,0,0,,,0,0
lever_flagship_panel_supergpqa,supergpqa,7,abf7231db16a4ccfa58e0973e98e91c1,0,0,,,0,0
lever_flagship_panel_supergpqa,supergpqa,7,e301bd85789b4c4fa02b60e3dba62e5c,0,0,,,0,0
lever_qwen38_judge_gpqa,gpqa,42,recFaL6j8UMhutXrc,0,0,,,0,0
lever_qwen38_judge_gpqa,gpqa,42,recGee5m84dg5FZkc,0,0,,,0,0
lever_qwen38_judge_gpqa,gpqa,42,recHVUd2DkoKfedJZ,0,0,,,0,0
lever_qwen38_judge_gpqa,gpqa,42,recINSFEYLCyyd08m,0,0,,,0,0
lever_qwen38_judge_gpqa,gpqa,42,recJZ3QEfRKjYw9a7,0,0,,,0,0
lever_qwen38_judge_gpqa,gpqa,42,recOvqPKUtyy9ISA1,0,0,,,0,0
lever_qwen38_judge_gpqa,gpqa,42,recWPMm91mGDLXONm,0,0,,,0,0
lever_qwen38_judge_gpqa,gpqa,42,recb80OwMgNnceA9t,0,0,,,0,0
lever_qwen38_judge_gpqa,gpqa,42,reccVFW11Elovnf8T,0,0,,,0,0
lever_qwen38_judge_gpqa,gpqa,42,recclFbsjbaiVVnnV,0,0,,,0,0
lever_qwen38_judge_gpqa,gpqa,42,recjJ54TXc04enRkZ,0,0,,,0,0
lever_qwen38_judge_gpqa,gpqa,42,reck4G4xxv3YnpbtQ,0,0,,,0,0
lever_qwen38_judge_gpqa,gpqa,42,recnGEpF1srQpaqWq,0,0,,,0,0
lever_qwen38_judge_gpqa,gpqa,42,recr3VHM4zYf6dMFY,0,0,,,0,0
lever_qwen38_panel_supergpqa,supergpqa,42,06eb007eee9f4e29a75bb5537d94bfba,0,0,,,0,0
lever_qwen38_panel_supergpqa,supergpqa,42,095ff35b087e416f9a2797a86611b4c2,0,0,,,0,0
lever_qwen38_panel_supergpqa,supergpqa,42,10306739cc6f4b94afa3336c48376be7,0,0,,,0,0
lever_qwen38_panel_supergpqa,supergpqa,42,14e7a5802c464cfc9e28aafee9fdfd42,0,0,,,0,0
lever_qwen38_panel_supergpqa,supergpqa,42,1b5146ef461741a1a68490564550fce3,0,0,,,0,0
lever_qwen38_panel_supergpqa,supergpqa,42,1e6267aed56a4fba91a50215560a698b,0,0,,,0,0
lever_qwen38_panel_supergpqa,supergpqa,42,20ef016bd2514deeb9fc7667952dfb58,0,0,,,0,0
lever_qwen38_panel_supergpqa,supergpqa,42,23ad44902ff945798a7ff404a3bb98d3,0,0,,,0,0
lever_qwen38_panel_supergpqa,supergpqa,42,301e624803b94d4dad6828fb2310bdca,0,0,,,0,0
lever_qwen38_panel_supergpqa,supergpqa,42,396c4ac5d5784036865383281513d239,0,0,,,0,0
lever_qwen38_panel_supergpqa,supergpqa,42,4817837b472e4795aa76b5e9b2dc1cc2,0,0,,,0,0
lever_qwen38_panel_supergpqa,supergpqa,42,4da750a1226341988c648c97d601821e,0,0,,,0,0
lever_qwen38_panel_supergpqa,supergpqa,42,4e711f17db254dd4953606570f0cc7a7,0,0,,,0,0
lever_qwen38_panel_supergpqa,supergpqa,42,644c9b34ba504b098e1f27a5343df847,0,0,,,0,0
lever_qwen38_panel_supergpqa,supergpqa,42,8015afe9ebfa45388f4c8ec8d990e431,0,0,,,0,0
lever_qwen38_panel_supergpqa,supergpqa,42,8920a6411ede4a54af86c8ec5be736bd,0,0,,,0,0
lever_qwen38_panel_supergpqa,supergpqa,42,89c81fa5104e4d2580f05c3dc32fa11d,0,0,,,0,0
lever_qwen38_panel_supergpqa,supergpqa,42,8cb1a3d68036488689cc6279ff47fd5a,0,0,,,0,0
lever_qwen38_panel_supergpqa,supergpqa,42,8de4e96a88f546c78038f13b06b2a747,0,0,,,0,0
lever_qwen38_panel_supergpqa,supergpqa,42,980ca009cc1f4003b4647f0a9bb0289c,0,0,,,0,0
lever_qwen38_panel_supergpqa,supergpqa,42,9be741c434a348ef9eed758bb0b69347,0,0,,,0,0
lever_qwen38_panel_supergpqa,supergpqa,42,a7a3dc6d5b5b4d37a32c2839833a4d6c,0,0,,,0,0
lever_qwen38_panel_supergpqa,supergpqa,42,b0c962e65001442ea12ea33cf2ab3c25,0,0,,,0,0
lever_qwen38_panel_supergpqa,supergpqa,42,ca2b68f8198e4c41befc4a3ceee1a9bc,0,0,,,0,0
lever_qwen38_panel_supergpqa,supergpqa,42,e313bac23c0a44a09b34da5cda7a7a5a,0,0,,,0,0
lever_qwen38_panel_supergpqa,supergpqa,42,f3dbbb1c935242e287d05399a283167a,0,0,,,0,0
lever_qwen38_panel_supergpqa,supergpqa,42,f4e38f53765c4c249769703d0ba24b3d,0,0,,,0,0
lever_rag_presolve_gpqa,gpqa,42,recXvQ6gWAmyakrpD,0,0,,,0,0
lever_rag_presolve_gpqa,gpqa,42,reckl6PkaEMWM50yZ,0,0,,,0,0
lever_rag_presolve_gpqa,gpqa,42,recn3NhOhqAPLda16,0,0,,,0,0
lever_rag_presolve_gpqa,gpqa,42,recv7GsQg3f0fvB1f,0,0,,,0,0
lever_rag_presolve_supergpqa,supergpqa,123,b3743d924802472a989b477f6b0345af,0,0,,,0,0
lever_rag_presolve_supergpqa,supergpqa,7,2499f7cec22b4bda8f96d061a1fae7af,0,0,,,0,0
lever_rag_presolve_supergpqa,supergpqa,7,4cd0be5521844b3781d88e8a29433b39,0,0,,,0,0
lever_rag_presolve_supergpqa,supergpqa,7,7a71c086988a45f6823dbb8748e89f66,0,0,,,0,0
lever_rag_recursive_supergpqa,supergpqa,42,644c9b34ba504b098e1f27a5343df847,0,0,,,0,0
lever_rag_thinking_gate_supergpqa,supergpqa,271,7b90a6c0ad344c569ca3c1a8b85fc37e,0,0,,,0,0
lever_rag_thinking_gate_supergpqa,supergpqa,606,05e77d690c294b10ad74c766460dc052,0,0,,,0,0
lever_rag_thinking_gate_supergpqa,supergpqa,606,3ebe31c1ad0044b3a4ba989121a9652a,0,0,,,0,0
lever_rag_thinking_gate_supergpqa,supergpqa,606,d16499eb98a643b0a414050a50467596,0,0,,,0,0
lever_rag_thinking_gate_supergpqa,supergpqa,838,ff08acf886a048119cc4651bd9185258,0,0,,,0,0
lever_smart_gate,unknown,123,recqGD3fxPCI59vPQ,0,0,,,0,0
lever_subject,unknown,7,recyrk6XBVwugG5u8,0,0,,,0,0
lever_thinking_all,unknown,42,1005,0,0,,,0,0
lever_thinking_all,unknown,42,1082,0,0,,,0,0
lever_thinking_all,unknown,42,1122,0,0,,,0,0
lever_thinking_all,unknown,42,1132,0,0,,,0,0
lever_thinking_all,unknown,42,1154,0,0,,,0,0
lever_thinking_all,unknown,42,1176,0,0,,,0,0
lever_thinking_all,unknown,42,1191,0,0,,,0,0
lever_thinking_all,unknown,42,1214,0,0,,,0,0
lever_thinking_all,unknown,42,1252,0,0,,,0,0
lever_thinking_all,unknown,42,1308,0,0,,,0,0
lever_thinking_all,unknown,42,15,0,0,,,0,0
lever_thinking_all,unknown,42,172,0,0,,,0,0
lever_thinking_all,unknown,42,176,0,0,,,0,0
lever_thinking_all,unknown,42,177,0,0,,,0,0
lever_thinking_all,unknown,42,187,0,0,,,0,0
lever_thinking_all,unknown,42,21,0,0,,,0,0
lever_thinking_all,unknown,42,222,0,0,,,0,0
lever_thinking_all,unknown,42,237,0,0,,,0,0
lever_thinking_all,unknown,42,238,0,0,,,0,0
lever_thinking_all,unknown,42,275,0,0,,,0,0
lever_thinking_all,unknown,42,280,0,0,,,0,0
lever_thinking_all,unknown,42,289,0,0,,,0,0
lever_thinking_all,unknown,42,400,0,0,,,0,0
lever_thinking_all,unknown,42,413,0,0,,,0,0
lever_thinking_all,unknown,42,454,0,0,,,0,0
lever_thinking_all,unknown,42,463,0,0,,,0,0
lever_thinking_all,unknown,42,479,0,0,,,0,0
lever_thinking_all,unknown,42,480,0,0,,,0,0
lever_thinking_all,unknown,42,537,0,0,,,0,0
lever_thinking_all,unknown,42,55,0,0,,,0,0
lever_thinking_all,unknown,42,562,0,0,,,0,0
lever_thinking_all,unknown,42,57,0,0,,,0,0
lever_thinking_all,unknown,42,588,0,0,,,0,0
lever_thinking_all,unknown,42,599,0,0,,,0,0
lever_thinking_all,unknown,42,608,0,0,,,0,0
lever_thinking_all,unknown,42,616,0,0,,,0,0
lever_thinking_all,unknown,42,618,0,0,,,0,0
lever_thinking_all,unknown,42,66,0,0,,,0,0
lever_thinking_all,unknown,42,672,0,0,,,0,0
lever_thinking_all,unknown,42,677,0,0,,,0,0
lever_thinking_all,unknown,42,730,0,0,,,0,0
lever_thinking_all,unknown,42,770,0,0,,,0,0
lever_thinking_all,unknown,42,772,0,0,,,0,0
lever_thinking_all,unknown,42,868,0,0,,,0,0
lever_thinking_all,unknown,42,896,0,0,,,0,0
lever_thinking_all,unknown,42,906,0,0,,,0,0
lever_thinking_all,unknown,42,921,0,0,,,0,0
lever_thinking_all,unknown,42,923,0,0,,,0,0
lever_thinking_all,unknown,42,945,0,0,,,0,0
lever_thinking_all,unknown,42,970,0,0,,,0,0
lever_thinking_gate_lexam,lexam,42,00694d7e-6eb2-4f13-af22-1dc87d8194a5,0,0,,,0,0
lever_thinking_gate_lexam,lexam,42,087bd6d4-e66b-4e93-b4b0-eabd3000221a,0,0,,,0,0
lever_thinking_gate_lexam,lexam,42,1701d694-bddc-4f42-9bb1-b376a7317ce9,0,0,,,0,0
lever_thinking_gate_lexam,lexam,42,1ed14de1-4b52-423e-98d0-bb9027a17240,0,0,,,0,0
lever_thinking_gate_lexam,lexam,42,1f971333-c7a9-4e08-b7d5-ba53f5d2ab96,0,0,,,0,0
lever_thinking_gate_lexam,lexam,42,2fd8b61d-1c5b-4a09-818c-2780c6d50921,0,0,,,0,0
lever_thinking_gate_lexam,lexam,42,321d143a-8bc8-4403-a4a7-f7507c124281,0,0,,,0,0
lever_thinking_gate_lexam,lexam,42,35e36767-b938-46f1-83db-ea9ad2a3ddc8,0,0,,,0,0
lever_thinking_gate_lexam,lexam,42,362a46c3-5a62-4fa8-815e-3212b38d5826,0,0,,,0,0
lever_thinking_gate_lexam,lexam,42,3745876e-f1aa-45d4-95e7-515fd94bb067,0,0,,,0,0
lever_thinking_gate_lexam,lexam,42,398441e4-df09-4b8d-8d12-7a7bbfc317ef,0,0,,,0,0
lever_thinking_gate_lexam,lexam,42,3c051a4b-8387-4378-9c2c-b97e8113918e,0,0,,,0,0
lever_thinking_gate_lexam,lexam,42,3c169f97-dc08-40a7-b647-79705eca9fe0,0,0,,,0,0
lever_thinking_gate_lexam,lexam,42,4d0236c9-d3f2-4c60-8257-7225cddc1be6,0,0,,,0,0
lever_thinking_gate_lexam,lexam,42,5a6dba84-0a81-48a5-ab34-74049fde90df,0,0,,,0,0
lever_thinking_gate_lexam,lexam,42,5c5b901c-f9f1-4c80-965b-1f9e0b39d3f6,0,0,,,0,0
lever_thinking_gate_lexam,lexam,42,5dc69e0f-1ad8-4f6c-bc29-4c03eef68fbd,0,0,,,0,0
lever_thinking_gate_lexam,lexam,42,7020eae4-7abf-48e7-9074-d064e34d30c3,0,0,,,0,0
lever_thinking_gate_lexam,lexam,42,72d45659-9250-4a9f-9818-3dc1132eb878,0,0,,,0,0
lever_thinking_gate_lexam,lexam,42,7f1e923a-ba29-47c6-b42f-497cf1ae387d,0,0,,,0,0
lever_thinking_gate_lexam,lexam,42,7f312059-c871-4aae-9f44-9eb4fc8625a1,0,0,,,0,0
lever_thinking_gate_lexam,lexam,42,7fe55c7a-82d0-4cca-8b51-455539312689,0,0,,,0,0
lever_thinking_gate_lexam,lexam,42,85eef1a1-ec5c-4708-b96f-1c231cf70de6,0,0,,,0,0
lever_thinking_gate_lexam,lexam,42,85f1cc1d-6881-4ce7-8706-1de83450e79a,0,0,,,0,0
lever_thinking_gate_lexam,lexam,42,8b9b4ae4-41fd-42d1-99e5-556b8e900d0d,0,0,,,0,0
lever_thinking_gate_lexam,lexam,42,9526a1f2-7704-4cb5-9d5f-bac3a623a495,0,0,,,0,0
lever_thinking_gate_lexam,lexam,42,976c31fb-9a6c-4048-b82c-1103ca9359ae,0,0,,,0,0
lever_thinking_gate_lexam,lexam,42,9975be1d-0c23-4dba-850f-b6e4319c3b4d,0,0,,,0,0
lever_thinking_gate_lexam,lexam,42,b21b13ee-ceae-4883-949a-ca9b4f6c20e1,0,0,,,0,0
lever_thinking_gate_lexam,lexam,42,b4ead004-85e3-466a-b962-2aae328bcdb4,0,0,,,0,0
lever_thinking_gate_lexam,lexam,42,ba413a41-1ebb-4c03-94e7-17e0445511d5,0,0,,,0,0
lever_thinking_gate_lexam,lexam,42,c1b40f1a-b273-4ba1-9ec2-3f0e3665096b,0,0,,,0,0
lever_thinking_gate_lexam,lexam,42,c26390d0-3935-4006-a24e-6dfaf39cef80,0,0,,,0,0
lever_thinking_gate_lexam,lexam,42,de1c1c2a-bd46-4d81-b319-0fb93481797d,0,0,,,0,0
lever_thinking_gate_lexam,lexam,42,e49934e7-16cc-455f-b5e7-efef5a34c270,0,0,,,0,0
lever_thinking_gate_lexam,lexam,42,ed64e65a-1ddc-4b6e-ba99-59018a14383f,0,0,,,0,0
lever_thinking_gate_lexam,lexam,42,f56522b5-2e36-4188-ad2e-66e5c429cd9a,0,0,,,0,0
lever_thinking_gate_lexam,lexam,42,f8ec52b4-b134-48ae-9018-59c104a29796,0,0,,,0,0
lever_thinking_gate_lexam,lexam,42,fcdfb402-3cd2-4483-922d-4b1a82d5ff55,0,0,,,0,0
lever_thinking_gate_lexam,lexam,42,fec50c1a-a039-4132-a084-c36540d87d9b,0,0,,,0,0
lever_thinking_gate_mmlu_pro,mmlu_pro,42,10478,0,0,,,0,0
lever_thinking_gate_mmlu_pro,mmlu_pro,42,10510,0,0,,,0,0
lever_thinking_gate_mmlu_pro,mmlu_pro,42,10520,0,0,,,0,0
lever_thinking_gate_mmlu_pro,mmlu_pro,42,10582,0,0,,,0,0
lever_thinking_gate_mmlu_pro,mmlu_pro,42,10689,0,0,,,0,0
lever_thinking_gate_mmlu_pro,mmlu_pro,42,11343,0,0,,,0,0
lever_thinking_gate_mmlu_pro,mmlu_pro,42,11384,0,0,,,0,0
lever_thinking_gate_mmlu_pro,mmlu_pro,42,11879,0,0,,,0,0
lever_thinking_gate_mmlu_pro,mmlu_pro,42,11899,0,0,,,0,0
lever_thinking_gate_mmlu_pro,mmlu_pro,42,12122,0,0,,,0,0
lever_thinking_gate_mmlu_pro,mmlu_pro,42,12181,0,0,,,0,0
lever_thinking_gate_mmlu_pro,mmlu_pro,42,12183,0,0,,,0,0
lever_thinking_gate_mmlu_pro,mmlu_pro,42,3206,0,0,,,0,0
lever_thinking_gate_mmlu_pro,mmlu_pro,42,3364,0,0,,,0,0
lever_thinking_gate_mmlu_pro,mmlu_pro,42,3454,0,0,,,0,0
lever_thinking_gate_mmlu_pro,mmlu_pro,42,3672,0,0,,,0,0
lever_thinking_gate_mmlu_pro,mmlu_pro,42,3878,0,0,,,0,0
lever_thinking_gate_mmlu_pro,mmlu_pro,42,3944,0,0,,,0,0
lever_thinking_gate_mmlu_pro,mmlu_pro,42,4063,0,0,,,0,0
lever_thinking_gate_mmlu_pro,mmlu_pro,42,4663,0,0,,,0,0
lever_thinking_gate_mmlu_pro,mmlu_pro,42,7737,0,0,,,0,0
lever_thinking_gate_mmlu_pro,mmlu_pro,42,7771,0,0,,,0,0
lever_thinking_gate_mmlu_pro,mmlu_pro,42,7793,0,0,,,0,0
lever_thinking_gate_mmlu_pro,mmlu_pro,42,7804,0,0,,,0,0
lever_thinking_gate_mmlu_pro,mmlu_pro,42,7964,0,0,,,0,0
lever_thinking_gate_mmlu_pro,mmlu_pro,42,8024,0,0,,,0,0
lever_thinking_gate_mmlu_pro,mmlu_pro,42,8266,0,0,,,0,0
lever_thinking_gate_mmlu_pro,mmlu_pro,42,8369,0,0,,,0,0
lever_thinking_gate_mmlu_pro,mmlu_pro,42,8638,0,0,,,0,0
lever_thinking_gate_mmlu_pro,mmlu_pro,42,8895,0,0,,,0,0
lever_thinking_gate_mmlu_pro,mmlu_pro,42,8955,0,0,,,0,0
lever_thinking_gate_mmlu_pro,mmlu_pro,42,9350,0,0,,,0,0
lever_thinking_gate_mmlu_pro,mmlu_pro,42,9735,0,0,,,0,0
lever_thinking_gate,unknown,42,1005,0,0,,,0,0
lever_thinking_gate,unknown,42,1082,0,0,,,0,0
lever_thinking_gate,unknown,42,1122,0,0,,,0,0
lever_thinking_gate,unknown,42,1132,0,0,,,0,0
lever_thinking_gate,unknown,42,1154,0,0,,,0,0
lever_thinking_gate,unknown,42,1176,0,0,,,0,0
lever_thinking_gate,unknown,42,1191,0,0,,,0,0
lever_thinking_gate,unknown,42,1214,0,0,,,0,0
lever_thinking_gate,unknown,42,1252,0,0,,,0,0
lever_thinking_gate,unknown,42,1308,0,0,,,0,0
lever_thinking_gate,unknown,42,15,0,0,,,0,0
lever_thinking_gate,unknown,42,172,0,0,,,0,0
lever_thinking_gate,unknown,42,176,0,0,,,0,0
lever_thinking_gate,unknown,42,177,0,0,,,0,0
lever_thinking_gate,unknown,42,187,0,0,,,0,0
lever_thinking_gate,unknown,42,21,0,0,,,0,0
lever_thinking_gate,unknown,42,222,0,0,,,0,0
lever_thinking_gate,unknown,42,237,0,0,,,0,0
lever_thinking_gate,unknown,42,238,0,0,,,0,0
lever_thinking_gate,unknown,42,275,0,0,,,0,0
lever_thinking_gate,unknown,42,280,0,0,,,0,0
lever_thinking_gate,unknown,42,289,0,0,,,0,0
lever_thinking_gate,unknown,42,400,0,0,,,0,0
lever_thinking_gate,unknown,42,413,0,0,,,0,0
lever_thinking_gate,unknown,42,454,0,0,,,0,0
lever_thinking_gate,unknown,42,463,0,0,,,0,0
lever_thinking_gate,unknown,42,479,0,0,,,0,0
lever_thinking_gate,unknown,42,480,0,0,,,0,0
lever_thinking_gate,unknown,42,537,0,0,,,0,0
lever_thinking_gate,unknown,42,55,0,0,,,0,0
lever_thinking_gate,unknown,42,562,0,0,,,0,0
lever_thinking_gate,unknown,42,57,0,0,,,0,0
lever_thinking_gate,unknown,42,588,0,0,,,0,0
lever_thinking_gate,unknown,42,599,0,0,,,0,0
lever_thinking_gate,unknown,42,608,0,0,,,0,0
lever_thinking_gate,unknown,42,616,0,0,,,0,0
lever_thinking_gate,unknown,42,618,0,0,,,0,0
lever_thinking_gate,unknown,42,66,0,0,,,0,0
lever_thinking_gate,unknown,42,672,0,0,,,0,0
lever_thinking_gate,unknown,42,677,0,0,,,0,0
lever_thinking_gate,unknown,42,730,0,0,,,0,0
lever_thinking_gate,unknown,42,770,0,0,,,0,0
lever_thinking_gate,unknown,42,772,0,0,,,0,0
lever_thinking_gate,unknown,42,868,0,0,,,0,0
lever_thinking_gate,unknown,42,896,0,0,,,0,0
lever_thinking_gate,unknown,42,906,0,0,,,0,0
lever_thinking_gate,unknown,42,921,0,0,,,0,0
lever_thinking_gate,unknown,42,923,0,0,,,0,0
lever_thinking_gate,unknown,42,945,0,0,,,0,0
lever_thinking_gate,unknown,42,970,0,0,,,0,0
lever_thinking_gate,unknown,7,recl1UtgTVKishAq4,0,0,,,0,0
lever_thinking,unknown,42,1005,0,0,,,0,0
lever_thinking,unknown,42,1082,0,0,,,0,0
lever_thinking,unknown,42,1122,0,0,,,0,0
lever_thinking,unknown,42,1132,0,0,,,0,0
lever_thinking,unknown,42,1154,0,0,,,0,0
lever_thinking,unknown,42,1176,0,0,,,0,0
lever_thinking,unknown,42,1191,0,0,,,0,0
lever_thinking,unknown,42,1214,0,0,,,0,0
lever_thinking,unknown,42,1252,0,0,,,0,0
lever_thinking,unknown,42,1308,0,0,,,0,0
lever_thinking,unknown,42,15,0,0,,,0,0
lever_thinking,unknown,42,172,0,0,,,0,0
lever_thinking,unknown,42,176,0,0,,,0,0
lever_thinking,unknown,42,177,0,0,,,0,0
lever_thinking,unknown,42,187,0,0,,,0,0
lever_thinking,unknown,42,21,0,0,,,0,0
lever_thinking,unknown,42,222,0,0,,,0,0
lever_thinking,unknown,42,237,0,0,,,0,0
lever_thinking,unknown,42,238,0,0,,,0,0
lever_thinking,unknown,42,275,0,0,,,0,0
lever_thinking,unknown,42,280,0,0,,,0,0
lever_thinking,unknown,42,289,0,0,,,0,0
lever_thinking,unknown,42,400,0,0,,,0,0
lever_thinking,unknown,42,413,0,0,,,0,0
lever_thinking,unknown,42,454,0,0,,,0,0
lever_thinking,unknown,42,463,0,0,,,0,0
lever_thinking,unknown,42,479,0,0,,,0,0
lever_thinking,unknown,42,480,0,0,,,0,0
lever_thinking,unknown,42,537,0,0,,,0,0
lever_thinking,unknown,42,55,0,0,,,0,0
lever_thinking,unknown,42,562,0,0,,,0,0
lever_thinking,unknown,42,57,0,0,,,0,0
lever_thinking,unknown,42,588,0,0,,,0,0
lever_thinking,unknown,42,599,0,0,,,0,0
lever_thinking,unknown,42,608,0,0,,,0,0
lever_thinking,unknown,42,616,0,0,,,0,0
lever_thinking,unknown,42,618,0,0,,,0,0
lever_thinking,unknown,42,66,0,0,,,0,0
lever_thinking,unknown,42,672,0,0,,,0,0
lever_thinking,unknown,42,677,0,0,,,0,0
lever_thinking,unknown,42,730,0,0,,,0,0
lever_thinking,unknown,42,770,0,0,,,0,0
lever_thinking,unknown,42,772,0,0,,,0,0
lever_thinking,unknown,42,868,0,0,,,0,0
lever_thinking,unknown,42,896,0,0,,,0,0
lever_thinking,unknown,42,906,0,0,,,0,0
lever_thinking,unknown,42,921,0,0,,,0,0
lever_thinking,unknown,42,923,0,0,,,0,0
lever_thinking,unknown,42,945,0,0,,,0,0
lever_thinking,unknown,42,970,0,0,,,0,0
lever_universal_gate_gpqa,gpqa,2311,recPIzpnuYpB4yvmp,0,0,,,0,0
lexam_pilot,lexam,42,00694d7e-6eb2-4f13-af22-1dc87d8194a5,0,0,,,0,0
lexam_pilot,lexam,42,087bd6d4-e66b-4e93-b4b0-eabd3000221a,0,0,,,0,0
lexam_pilot,lexam,42,1701d694-bddc-4f42-9bb1-b376a7317ce9,0,0,,,0,0
lexam_pilot,lexam,42,1ed14de1-4b52-423e-98d0-bb9027a17240,0,0,,,0,0
lexam_pilot,lexam,42,1f971333-c7a9-4e08-b7d5-ba53f5d2ab96,0,0,,,0,0
lexam_pilot,lexam,42,2fd8b61d-1c5b-4a09-818c-2780c6d50921,0,0,,,0,0
lexam_pilot,lexam,42,321d143a-8bc8-4403-a4a7-f7507c124281,0,0,,,0,0
lexam_pilot,lexam,42,35e36767-b938-46f1-83db-ea9ad2a3ddc8,0,0,,,0,0
lexam_pilot,lexam,42,362a46c3-5a62-4fa8-815e-3212b38d5826,0,0,,,0,0
lexam_pilot,lexam,42,3745876e-f1aa-45d4-95e7-515fd94bb067,0,0,,,0,0
lexam_pilot,lexam,42,398441e4-df09-4b8d-8d12-7a7bbfc317ef,0,0,,,0,0
lexam_pilot,lexam,42,3c051a4b-8387-4378-9c2c-b97e8113918e,0,0,,,0,0
lexam_pilot,lexam,42,3c169f97-dc08-40a7-b647-79705eca9fe0,0,0,,,0,0
lexam_pilot,lexam,42,4d0236c9-d3f2-4c60-8257-7225cddc1be6,0,0,,,0,0
lexam_pilot,lexam,42,5a6dba84-0a81-48a5-ab34-74049fde90df,0,0,,,0,0
lexam_pilot,lexam,42,5c5b901c-f9f1-4c80-965b-1f9e0b39d3f6,0,0,,,0,0
lexam_pilot,lexam,42,5dc69e0f-1ad8-4f6c-bc29-4c03eef68fbd,0,0,,,0,0
lexam_pilot,lexam,42,7020eae4-7abf-48e7-9074-d064e34d30c3,0,0,,,0,0
lexam_pilot,lexam,42,72d45659-9250-4a9f-9818-3dc1132eb878,0,0,,,0,0
lexam_pilot,lexam,42,7f1e923a-ba29-47c6-b42f-497cf1ae387d,0,0,,,0,0
lexam_pilot,lexam,42,7f312059-c871-4aae-9f44-9eb4fc8625a1,0,0,,,0,0
lexam_pilot,lexam,42,7fe55c7a-82d0-4cca-8b51-455539312689,0,0,,,0,0
lexam_pilot,lexam,42,85eef1a1-ec5c-4708-b96f-1c231cf70de6,0,0,,,0,0
lexam_pilot,lexam,42,85f1cc1d-6881-4ce7-8706-1de83450e79a,0,0,,,0,0
lexam_pilot,lexam,42,8b9b4ae4-41fd-42d1-99e5-556b8e900d0d,0,0,,,0,0
lexam_pilot,lexam,42,9526a1f2-7704-4cb5-9d5f-bac3a623a495,0,0,,,0,0
lexam_pilot,lexam,42,976c31fb-9a6c-4048-b82c-1103ca9359ae,0,0,,,0,0
lexam_pilot,lexam,42,9975be1d-0c23-4dba-850f-b6e4319c3b4d,0,0,,,0,0
lexam_pilot,lexam,42,b21b13ee-ceae-4883-949a-ca9b4f6c20e1,0,0,,,0,0
lexam_pilot,lexam,42,b4ead004-85e3-466a-b962-2aae328bcdb4,0,0,,,0,0
lexam_pilot,lexam,42,ba413a41-1ebb-4c03-94e7-17e0445511d5,0,0,,,0,0
lexam_pilot,lexam,42,c1b40f1a-b273-4ba1-9ec2-3f0e3665096b,0,0,,,0,0
lexam_pilot,lexam,42,c26390d0-3935-4006-a24e-6dfaf39cef80,0,0,,,0,0
lexam_pilot,lexam,42,de1c1c2a-bd46-4d81-b319-0fb93481797d,0,0,,,0,0
lexam_pilot,lexam,42,e49934e7-16cc-455f-b5e7-efef5a34c270,0,0,,,0,0
lexam_pilot,lexam,42,ed64e65a-1ddc-4b6e-ba99-59018a14383f,0,0,,,0,0
lexam_pilot,lexam,42,f56522b5-2e36-4188-ad2e-66e5c429cd9a,0,0,,,0,0
lexam_pilot,lexam,42,f8ec52b4-b134-48ae-9018-59c104a29796,0,0,,,0,0
lexam_pilot,lexam,42,fcdfb402-3cd2-4483-922d-4b1a82d5ff55,0,0,,,0,0
lexam_pilot,lexam,42,fec50c1a-a039-4132-a084-c36540d87d9b,0,0,,,0,0
META2_control_supergpqa,supergpqa,1313,f6e082346bf34fb5935d776a253ae554,0,0,,,0,0
META2_control_supergpqa,supergpqa,2027,c502c96765ab4f3791359454d93deb7a,0,0,,,0,0
META2_control_supergpqa,supergpqa,2027,d2210fb73ac64555a5b21bd881efa662,0,0,,,0,0
META2_permuted_panel_supergpqa,supergpqa,1313,765c0e886c0e46fa8618b2b9190cd62e,0,0,,,0,0
META2_permuted_panel_supergpqa,supergpqa,1313,d3551b1d9a114d4fa9cf073f78a658dd,0,0,,,0,0
META2_permuted_panel_supergpqa,supergpqa,2027,791dcce8a03d4e438922d47882148a8c,0,0,,,0,0
META2_permuted_panel_supergpqa,supergpqa,909,4b460c2d40974304b34a313768f1a9af,0,0,,,0,0
META2_permuted_panel_supergpqa,supergpqa,909,a0fcdf416bfd4419ba9f714813ece402,0,0,,,0,0
mmlu_pro_pilot,mmlu_pro,42,10478,0,0,,,0,0
mmlu_pro_pilot,mmlu_pro,42,10510,0,0,,,0,0
mmlu_pro_pilot,mmlu_pro,42,10520,0,0,,,0,0
mmlu_pro_pilot,mmlu_pro,42,10582,0,0,,,0,0
mmlu_pro_pilot,mmlu_pro,42,10689,0,0,,,0,0
mmlu_pro_pilot,mmlu_pro,42,11343,0,0,,,0,0
mmlu_pro_pilot,mmlu_pro,42,11384,0,0,,,0,0
mmlu_pro_pilot,mmlu_pro,42,11879,0,0,,,0,0
mmlu_pro_pilot,mmlu_pro,42,11899,0,0,,,0,0
mmlu_pro_pilot,mmlu_pro,42,12122,0,0,,,0,0
mmlu_pro_pilot,mmlu_pro,42,12181,0,0,,,0,0
mmlu_pro_pilot,mmlu_pro,42,12183,0,0,,,0,0
mmlu_pro_pilot,mmlu_pro,42,3206,0,0,,,0,0
mmlu_pro_pilot,mmlu_pro,42,3364,0,0,,,0,0
mmlu_pro_pilot,mmlu_pro,42,3454,0,0,,,0,0
mmlu_pro_pilot,mmlu_pro,42,3672,0,0,,,0,0
mmlu_pro_pilot,mmlu_pro,42,3878,0,0,,,0,0
mmlu_pro_pilot,mmlu_pro,42,3944,0,0,,,0,0
mmlu_pro_pilot,mmlu_pro,42,4063,0,0,,,0,0
mmlu_pro_pilot,mmlu_pro,42,4663,0,0,,,0,0
mmlu_pro_pilot,mmlu_pro,42,7737,0,0,,,0,0
mmlu_pro_pilot,mmlu_pro,42,7771,0,0,,,0,0
mmlu_pro_pilot,mmlu_pro,42,7793,0,0,,,0,0
mmlu_pro_pilot,mmlu_pro,42,7804,0,0,,,0,0
mmlu_pro_pilot,mmlu_pro,42,7964,0,0,,,0,0
mmlu_pro_pilot,mmlu_pro,42,8024,0,0,,,0,0
mmlu_pro_pilot,mmlu_pro,42,8266,0,0,,,0,0
mmlu_pro_pilot,mmlu_pro,42,8369,0,0,,,0,0
mmlu_pro_pilot,mmlu_pro,42,8638,0,0,,,0,0
mmlu_pro_pilot,mmlu_pro,42,8895,0,0,,,0,0
mmlu_pro_pilot,mmlu_pro,42,8955,0,0,,,0,0
mmlu_pro_pilot,mmlu_pro,42,9350,0,0,,,0,0
mmlu_pro_pilot,mmlu_pro,42,9735,0,0,,,0,0
supergpqa_hard_pilot,supergpqa,42,16b1ffdff66c4c48ac0b5d2209a5af64,0,0,,,0,0
supergpqa_hard_pilot,supergpqa,42,1b5146ef461741a1a68490564550fce3,0,0,,,0,0
supergpqa_hard_pilot,supergpqa,42,1d55d70bc081494da80f9c9735015376,0,0,,,0,0
supergpqa_hard_pilot,supergpqa,42,4e8a3894e41f4ca291c7b9d40a6bbe41,0,0,,,0,0
TB1_flagship1x_gpqa,gpqa,1001,recQiWOxhkXRz9NVE,0,0,,,0,0
TB1_flagship1x_gpqa,gpqa,1001,recuyeuT5rQ6qDt8F,0,0,,,0,0
TB1_flagship1x_gpqa,gpqa,2311,recQiWOxhkXRz9NVE,0,0,,,0,0
TB1_flagship1x_gpqa,gpqa,3407,recuyeuT5rQ6qDt8F,0,0,,,0,0
TB1_flagship_sc5_gpqa,gpqa,1001,recDj2Y2BbtV02Wv5,0,0,,,0,0
TB1_flagship_sc5_gpqa,gpqa,1001,recVvpD8miVjmmyfe,0,0,,,0,0
TB1_flagship_sc5_gpqa,gpqa,1001,recZ13cwgDQf9jRd9,0,0,,,0,0
TB1_flagship_sc5_gpqa,gpqa,1001,recuyeuT5rQ6qDt8F,0,0,,,0,0
TB1_flagship_sc5_gpqa,gpqa,2311,recQiWOxhkXRz9NVE,0,0,,,0,0
TB1_flagship_sc5_gpqa,gpqa,2311,recVvpD8miVjmmyfe,0,0,,,0,0
TB1_flagship_sc5_gpqa,gpqa,2311,recjJ54TXc04enRkZ,0,0,,,0,0
TB1_flagship_sc5_gpqa,gpqa,2311,recpJmTOXx6T48nDJ,0,0,,,0,0
TB1_flagship_sc5_gpqa,gpqa,3407,rec9W28HgpEUeUN8k,0,0,,,0,0
TB1_flagship_sc5_gpqa,gpqa,3407,recVvpD8miVjmmyfe,0,0,,,0,0
TB1_flagship_sc5_gpqa,gpqa,3407,recb80OwMgNnceA9t,0,0,,,0,0
TB1_flagship_sc5_gpqa,gpqa,3407,recjJ54TXc04enRkZ,0,0,,,0,0
TB1_flagship_sc5_gpqa,gpqa,3407,recuyeuT5rQ6qDt8F,0,0,,,0,0
TB1B_universal_gate_supergpqa,supergpqa,7,abf7231db16a4ccfa58e0973e98e91c1,0,0,,,0,0
