2026-07-21 11:36:48,335 INFO HTTP Request: HEAD https://huggingface.co/datasets/Idavidrein/gpqa/resolve/main/README.md "HTTP/1.1 200 OK"
2026-07-21 11:36:48,635 INFO HTTP Request: HEAD https://huggingface.co/datasets/Idavidrein/gpqa/resolve/633f5ee89ab8ad4522a9f850766b73f62147ffdd/gpqa.py "HTTP/1.1 404 Not Found"
2026-07-21 11:36:49,434 INFO HTTP Request: HEAD https://s3.amazonaws.com/datasets.huggingface.co/datasets/datasets/Idavidrein/gpqa/Idavidrein/gpqa.py "HTTP/1.1 404 Not Found"
2026-07-21 11:36:49,684 INFO HTTP Request: GET https://huggingface.co/api/datasets/Idavidrein/gpqa/revision/633f5ee89ab8ad4522a9f850766b73f62147ffdd "HTTP/1.1 200 OK"
2026-07-21 11:36:49,935 INFO HTTP Request: HEAD https://huggingface.co/datasets/Idavidrein/gpqa/resolve/633f5ee89ab8ad4522a9f850766b73f62147ffdd/.huggingface.yaml "HTTP/1.1 404 Not Found"
2026-07-21 11:36:50,285 INFO HTTP Request: GET https://datasets-server.huggingface.co/info?dataset=Idavidrein/gpqa "HTTP/1.1 200 OK"
2026-07-21 11:36:50,534 INFO HTTP Request: GET https://huggingface.co/api/datasets/Idavidrein/gpqa/tree/633f5ee89ab8ad4522a9f850766b73f62147ffdd?recursive=false&expand=false "HTTP/1.1 200 OK"
2026-07-21 11:36:50,807 INFO HTTP Request: HEAD https://huggingface.co/datasets/Idavidrein/gpqa/resolve/633f5ee89ab8ad4522a9f850766b73f62147ffdd/dataset_infos.json "HTTP/1.1 404 Not Found"
2026-07-21 11:36:50,865 INFO Loaded 90 benchmark questions (seed=123) for qwen3.8-max-preview baseline
2026-07-21 11:36:58,470 INFO recNAiPUKOulQbKVP: A(correct) input_tokens=155 output_tokens=294 latency=7.6s
2026-07-21 11:36:59,632 INFO recwW1A85nfyQpReG: D(correct) input_tokens=196 output_tokens=424 latency=8.8s
2026-07-21 11:38:58,941 ERROR recnjViFrqlZNL3fY: DROPPED after unrecoverable error
Traceback (most recent call last):
  File "C:\Users\Ong Jun Kai\Documents\Qwen Hackathon\.venv\Lib\site-packages\urllib3\connectionpool.py", line 534, in _make_request
    response = conn.getresponse()
               ^^^^^^^^^^^^^^^^^^
  File "C:\Users\Ong Jun Kai\Documents\Qwen Hackathon\.venv\Lib\site-packages\urllib3\connection.py", line 571, in getresponse
    httplib_response = super().getresponse()
                       ^^^^^^^^^^^^^^^^^^^^^
  File "C:\Users\Ong Jun Kai\AppData\Local\Programs\Python\Python312\Lib\http\client.py", line 1430, in getresponse
    response.begin()
  File "C:\Users\Ong Jun Kai\AppData\Local\Programs\Python\Python312\Lib\http\client.py", line 331, in begin
    version, status, reason = self._read_status()
                              ^^^^^^^^^^^^^^^^^^^
  File "C:\Users\Ong Jun Kai\AppData\Local\Programs\Python\Python312\Lib\http\client.py", line 292, in _read_status
    line = str(self.fp.readline(_MAXLINE + 1), "iso-8859-1")
               ^^^^^^^^^^^^^^^^^^^^^^^^^^^^^^
  File "C:\Users\Ong Jun Kai\AppData\Local\Programs\Python\Python312\Lib\socket.py", line 720, in readinto
    return self._sock.recv_into(b)
           ^^^^^^^^^^^^^^^^^^^^^^^
  File "C:\Users\Ong Jun Kai\AppData\Local\Programs\Python\Python312\Lib\ssl.py", line 1251, in recv_into
    return self.read(nbytes, buffer)
           ^^^^^^^^^^^^^^^^^^^^^^^^^
  File "C:\Users\Ong Jun Kai\AppData\Local\Programs\Python\Python312\Lib\ssl.py", line 1103, in read
    return self._sslobj.read(len, buffer)
           ^^^^^^^^^^^^^^^^^^^^^^^^^^^^^^
TimeoutError: The read operation timed out

The above exception was the direct cause of the following exception:

Traceback (most recent call last):
  File "C:\Users\Ong Jun Kai\Documents\Qwen Hackathon\.venv\Lib\site-packages\requests\adapters.py", line 696, in send
    resp = conn.urlopen(
           ^^^^^^^^^^^^^
  File "C:\Users\Ong Jun Kai\Documents\Qwen Hackathon\.venv\Lib\site-packages\urllib3\connectionpool.py", line 842, in urlopen
    retries = retries.increment(
              ^^^^^^^^^^^^^^^^^^
  File "C:\Users\Ong Jun Kai\Documents\Qwen Hackathon\.venv\Lib\site-packages\urllib3\util\retry.py", line 498, in increment
    raise reraise(type(error), error, _stacktrace)
          ^^^^^^^^^^^^^^^^^^^^^^^^^^^^^^^^^^^^^^^^
  File "C:\Users\Ong Jun Kai\Documents\Qwen Hackathon\.venv\Lib\site-packages\urllib3\util\util.py", line 39, in reraise
    raise value
  File "C:\Users\Ong Jun Kai\Documents\Qwen Hackathon\.venv\Lib\site-packages\urllib3\connectionpool.py", line 788, in urlopen
    response = self._make_request(
               ^^^^^^^^^^^^^^^^^^^
  File "C:\Users\Ong Jun Kai\Documents\Qwen Hackathon\.venv\Lib\site-packages\urllib3\connectionpool.py", line 536, in _make_request
    self._raise_timeout(err=e, url=url, timeout_value=read_timeout)
  File "C:\Users\Ong Jun Kai\Documents\Qwen Hackathon\.venv\Lib\site-packages\urllib3\connectionpool.py", line 367, in _raise_timeout
    raise ReadTimeoutError(
urllib3.exceptions.ReadTimeoutError: HTTPSConnectionPool(host='token-plan.ap-southeast-1.maas.aliyuncs.com', port=443): Read timed out. (read timeout=120)

During handling of the above exception, another exception occurred:

Traceback (most recent call last):
  File "C:\Users\Ong Jun Kai\Documents\Qwen Hackathon\benchmark\qwen38_baseline.py", line 86, in _run_one
    letter, usage = await asyncio.to_thread(_ask_once, item.question, item.choices)
                    ^^^^^^^^^^^^^^^^^^^^^^^^^^^^^^^^^^^^^^^^^^^^^^^^^^^^^^^^^^^^^^^
  File "C:\Users\Ong Jun Kai\AppData\Local\Programs\Python\Python312\Lib\asyncio\threads.py", line 25, in to_thread
    return await loop.run_in_executor(None, func_call)
           ^^^^^^^^^^^^^^^^^^^^^^^^^^^^^^^^^^^^^^^^^^^
  File "C:\Users\Ong Jun Kai\AppData\Local\Programs\Python\Python312\Lib\concurrent\futures\thread.py", line 59, in run
    result = self.fn(*self.args, **self.kwargs)
             ^^^^^^^^^^^^^^^^^^^^^^^^^^^^^^^^^^
  File "C:\Users\Ong Jun Kai\Documents\Qwen Hackathon\benchmark\qwen38_baseline.py", line 65, in _ask_once
    resp = requests.post(MESSAGES_URL, headers=headers, json=body, timeout=120)
           ^^^^^^^^^^^^^^^^^^^^^^^^^^^^^^^^^^^^^^^^^^^^^^^^^^^^^^^^^^^^^^^^^^^^
  File "C:\Users\Ong Jun Kai\Documents\Qwen Hackathon\.venv\Lib\site-packages\requests\api.py", line 134, in post
    return request("post", url, data=data, json=json, **kwargs)
           ^^^^^^^^^^^^^^^^^^^^^^^^^^^^^^^^^^^^^^^^^^^^^^^^^^^^
  File "C:\Users\Ong Jun Kai\Documents\Qwen Hackathon\.venv\Lib\site-packages\requests\api.py", line 71, in request
    return session.request(method=method, url=url, **kwargs)
           ^^^^^^^^^^^^^^^^^^^^^^^^^^^^^^^^^^^^^^^^^^^^^^^^^
  File "C:\Users\Ong Jun Kai\Documents\Qwen Hackathon\.venv\Lib\site-packages\requests\sessions.py", line 651, in request
    resp = self.send(prep, **send_kwargs)
           ^^^^^^^^^^^^^^^^^^^^^^^^^^^^^^
  File "C:\Users\Ong Jun Kai\Documents\Qwen Hackathon\.venv\Lib\site-packages\requests\sessions.py", line 784, in send
    r = adapter.send(request, **kwargs)
        ^^^^^^^^^^^^^^^^^^^^^^^^^^^^^^^
  File "C:\Users\Ong Jun Kai\Documents\Qwen Hackathon\.venv\Lib\site-packages\requests\adapters.py", line 742, in send
    raise ReadTimeout(e, request=request)
requests.exceptions.ReadTimeout: HTTPSConnectionPool(host='token-plan.ap-southeast-1.maas.aliyuncs.com', port=443): Read timed out. (read timeout=120)
2026-07-21 11:39:00,084 ERROR recRgabRzMaEoBRcM: DROPPED after unrecoverable error
Traceback (most recent call last):
  File "C:\Users\Ong Jun Kai\Documents\Qwen Hackathon\.venv\Lib\site-packages\urllib3\connectionpool.py", line 534, in _make_request
    response = conn.getresponse()
               ^^^^^^^^^^^^^^^^^^
  File "C:\Users\Ong Jun Kai\Documents\Qwen Hackathon\.venv\Lib\site-packages\urllib3\connection.py", line 571, in getresponse
    httplib_response = super().getresponse()
                       ^^^^^^^^^^^^^^^^^^^^^
  File "C:\Users\Ong Jun Kai\AppData\Local\Programs\Python\Python312\Lib\http\client.py", line 1430, in getresponse
    response.begin()
  File "C:\Users\Ong Jun Kai\AppData\Local\Programs\Python\Python312\Lib\http\client.py", line 331, in begin
    version, status, reason = self._read_status()
                              ^^^^^^^^^^^^^^^^^^^
  File "C:\Users\Ong Jun Kai\AppData\Local\Programs\Python\Python312\Lib\http\client.py", line 292, in _read_status
    line = str(self.fp.readline(_MAXLINE + 1), "iso-8859-1")
               ^^^^^^^^^^^^^^^^^^^^^^^^^^^^^^
  File "C:\Users\Ong Jun Kai\AppData\Local\Programs\Python\Python312\Lib\socket.py", line 720, in readinto
    return self._sock.recv_into(b)
           ^^^^^^^^^^^^^^^^^^^^^^^
  File "C:\Users\Ong Jun Kai\AppData\Local\Programs\Python\Python312\Lib\ssl.py", line 1251, in recv_into
    return self.read(nbytes, buffer)
           ^^^^^^^^^^^^^^^^^^^^^^^^^
  File "C:\Users\Ong Jun Kai\AppData\Local\Programs\Python\Python312\Lib\ssl.py", line 1103, in read
    return self._sslobj.read(len, buffer)
           ^^^^^^^^^^^^^^^^^^^^^^^^^^^^^^
TimeoutError: The read operation timed out

The above exception was the direct cause of the following exception:

Traceback (most recent call last):
  File "C:\Users\Ong Jun Kai\Documents\Qwen Hackathon\.venv\Lib\site-packages\requests\adapters.py", line 696, in send
    resp = conn.urlopen(
           ^^^^^^^^^^^^^
  File "C:\Users\Ong Jun Kai\Documents\Qwen Hackathon\.venv\Lib\site-packages\urllib3\connectionpool.py", line 842, in urlopen
    retries = retries.increment(
              ^^^^^^^^^^^^^^^^^^
  File "C:\Users\Ong Jun Kai\Documents\Qwen Hackathon\.venv\Lib\site-packages\urllib3\util\retry.py", line 498, in increment
    raise reraise(type(error), error, _stacktrace)
          ^^^^^^^^^^^^^^^^^^^^^^^^^^^^^^^^^^^^^^^^
  File "C:\Users\Ong Jun Kai\Documents\Qwen Hackathon\.venv\Lib\site-packages\urllib3\util\util.py", line 39, in reraise
    raise value
  File "C:\Users\Ong Jun Kai\Documents\Qwen Hackathon\.venv\Lib\site-packages\urllib3\connectionpool.py", line 788, in urlopen
    response = self._make_request(
               ^^^^^^^^^^^^^^^^^^^
  File "C:\Users\Ong Jun Kai\Documents\Qwen Hackathon\.venv\Lib\site-packages\urllib3\connectionpool.py", line 536, in _make_request
    self._raise_timeout(err=e, url=url, timeout_value=read_timeout)
  File "C:\Users\Ong Jun Kai\Documents\Qwen Hackathon\.venv\Lib\site-packages\urllib3\connectionpool.py", line 367, in _raise_timeout
    raise ReadTimeoutError(
urllib3.exceptions.ReadTimeoutError: HTTPSConnectionPool(host='token-plan.ap-southeast-1.maas.aliyuncs.com', port=443): Read timed out. (read timeout=120)

During handling of the above exception, another exception occurred:

Traceback (most recent call last):
  File "C:\Users\Ong Jun Kai\Documents\Qwen Hackathon\benchmark\qwen38_baseline.py", line 86, in _run_one
    letter, usage = await asyncio.to_thread(_ask_once, item.question, item.choices)
                    ^^^^^^^^^^^^^^^^^^^^^^^^^^^^^^^^^^^^^^^^^^^^^^^^^^^^^^^^^^^^^^^
  File "C:\Users\Ong Jun Kai\AppData\Local\Programs\Python\Python312\Lib\asyncio\threads.py", line 25, in to_thread
    return await loop.run_in_executor(None, func_call)
           ^^^^^^^^^^^^^^^^^^^^^^^^^^^^^^^^^^^^^^^^^^^
  File "C:\Users\Ong Jun Kai\AppData\Local\Programs\Python\Python312\Lib\concurrent\futures\thread.py", line 59, in run
    result = self.fn(*self.args, **self.kwargs)
             ^^^^^^^^^^^^^^^^^^^^^^^^^^^^^^^^^^
  File "C:\Users\Ong Jun Kai\Documents\Qwen Hackathon\benchmark\qwen38_baseline.py", line 65, in _ask_once
    resp = requests.post(MESSAGES_URL, headers=headers, json=body, timeout=120)
           ^^^^^^^^^^^^^^^^^^^^^^^^^^^^^^^^^^^^^^^^^^^^^^^^^^^^^^^^^^^^^^^^^^^^
  File "C:\Users\Ong Jun Kai\Documents\Qwen Hackathon\.venv\Lib\site-packages\requests\api.py", line 134, in post
    return request("post", url, data=data, json=json, **kwargs)
           ^^^^^^^^^^^^^^^^^^^^^^^^^^^^^^^^^^^^^^^^^^^^^^^^^^^^
  File "C:\Users\Ong Jun Kai\Documents\Qwen Hackathon\.venv\Lib\site-packages\requests\api.py", line 71, in request
    return session.request(method=method, url=url, **kwargs)
           ^^^^^^^^^^^^^^^^^^^^^^^^^^^^^^^^^^^^^^^^^^^^^^^^^
  File "C:\Users\Ong Jun Kai\Documents\Qwen Hackathon\.venv\Lib\site-packages\requests\sessions.py", line 651, in request
    resp = self.send(prep, **send_kwargs)
           ^^^^^^^^^^^^^^^^^^^^^^^^^^^^^^
  File "C:\Users\Ong Jun Kai\Documents\Qwen Hackathon\.venv\Lib\site-packages\requests\sessions.py", line 784, in send
    r = adapter.send(request, **kwargs)
        ^^^^^^^^^^^^^^^^^^^^^^^^^^^^^^^
  File "C:\Users\Ong Jun Kai\Documents\Qwen Hackathon\.venv\Lib\site-packages\requests\adapters.py", line 742, in send
    raise ReadTimeout(e, request=request)
requests.exceptions.ReadTimeout: HTTPSConnectionPool(host='token-plan.ap-southeast-1.maas.aliyuncs.com', port=443): Read timed out. (read timeout=120)
2026-07-21 11:39:49,306 INFO recRhwQwHijW0gCLo: D(correct) input_tokens=380 output_tokens=2953 latency=50.2s
2026-07-21 11:40:38,380 INFO recjgMJaMxz4ESDF2: D(correct) input_tokens=294 output_tokens=2454 latency=49.1s
2026-07-21 11:41:00,362 ERROR recJZ3QEfRKjYw9a7: DROPPED after unrecoverable error
Traceback (most recent call last):
  File "C:\Users\Ong Jun Kai\Documents\Qwen Hackathon\.venv\Lib\site-packages\urllib3\connectionpool.py", line 534, in _make_request
    response = conn.getresponse()
               ^^^^^^^^^^^^^^^^^^
  File "C:\Users\Ong Jun Kai\Documents\Qwen Hackathon\.venv\Lib\site-packages\urllib3\connection.py", line 571, in getresponse
    httplib_response = super().getresponse()
                       ^^^^^^^^^^^^^^^^^^^^^
  File "C:\Users\Ong Jun Kai\AppData\Local\Programs\Python\Python312\Lib\http\client.py", line 1430, in getresponse
    response.begin()
  File "C:\Users\Ong Jun Kai\AppData\Local\Programs\Python\Python312\Lib\http\client.py", line 331, in begin
    version, status, reason = self._read_status()
                              ^^^^^^^^^^^^^^^^^^^
  File "C:\Users\Ong Jun Kai\AppData\Local\Programs\Python\Python312\Lib\http\client.py", line 292, in _read_status
    line = str(self.fp.readline(_MAXLINE + 1), "iso-8859-1")
               ^^^^^^^^^^^^^^^^^^^^^^^^^^^^^^
  File "C:\Users\Ong Jun Kai\AppData\Local\Programs\Python\Python312\Lib\socket.py", line 720, in readinto
    return self._sock.recv_into(b)
           ^^^^^^^^^^^^^^^^^^^^^^^
  File "C:\Users\Ong Jun Kai\AppData\Local\Programs\Python\Python312\Lib\ssl.py", line 1251, in recv_into
    return self.read(nbytes, buffer)
           ^^^^^^^^^^^^^^^^^^^^^^^^^
  File "C:\Users\Ong Jun Kai\AppData\Local\Programs\Python\Python312\Lib\ssl.py", line 1103, in read
    return self._sslobj.read(len, buffer)
           ^^^^^^^^^^^^^^^^^^^^^^^^^^^^^^
TimeoutError: The read operation timed out

The above exception was the direct cause of the following exception:

Traceback (most recent call last):
  File "C:\Users\Ong Jun Kai\Documents\Qwen Hackathon\.venv\Lib\site-packages\requests\adapters.py", line 696, in send
    resp = conn.urlopen(
           ^^^^^^^^^^^^^
  File "C:\Users\Ong Jun Kai\Documents\Qwen Hackathon\.venv\Lib\site-packages\urllib3\connectionpool.py", line 842, in urlopen
    retries = retries.increment(
              ^^^^^^^^^^^^^^^^^^
  File "C:\Users\Ong Jun Kai\Documents\Qwen Hackathon\.venv\Lib\site-packages\urllib3\util\retry.py", line 498, in increment
    raise reraise(type(error), error, _stacktrace)
          ^^^^^^^^^^^^^^^^^^^^^^^^^^^^^^^^^^^^^^^^
  File "C:\Users\Ong Jun Kai\Documents\Qwen Hackathon\.venv\Lib\site-packages\urllib3\util\util.py", line 39, in reraise
    raise value
  File "C:\Users\Ong Jun Kai\Documents\Qwen Hackathon\.venv\Lib\site-packages\urllib3\connectionpool.py", line 788, in urlopen
    response = self._make_request(
               ^^^^^^^^^^^^^^^^^^^
  File "C:\Users\Ong Jun Kai\Documents\Qwen Hackathon\.venv\Lib\site-packages\urllib3\connectionpool.py", line 536, in _make_request
    self._raise_timeout(err=e, url=url, timeout_value=read_timeout)
  File "C:\Users\Ong Jun Kai\Documents\Qwen Hackathon\.venv\Lib\site-packages\urllib3\connectionpool.py", line 367, in _raise_timeout
    raise ReadTimeoutError(
urllib3.exceptions.ReadTimeoutError: HTTPSConnectionPool(host='token-plan.ap-southeast-1.maas.aliyuncs.com', port=443): Read timed out. (read timeout=120)

During handling of the above exception, another exception occurred:

Traceback (most recent call last):
  File "C:\Users\Ong Jun Kai\Documents\Qwen Hackathon\benchmark\qwen38_baseline.py", line 86, in _run_one
    letter, usage = await asyncio.to_thread(_ask_once, item.question, item.choices)
                    ^^^^^^^^^^^^^^^^^^^^^^^^^^^^^^^^^^^^^^^^^^^^^^^^^^^^^^^^^^^^^^^
  File "C:\Users\Ong Jun Kai\AppData\Local\Programs\Python\Python312\Lib\asyncio\threads.py", line 25, in to_thread
    return await loop.run_in_executor(None, func_call)
           ^^^^^^^^^^^^^^^^^^^^^^^^^^^^^^^^^^^^^^^^^^^
  File "C:\Users\Ong Jun Kai\AppData\Local\Programs\Python\Python312\Lib\concurrent\futures\thread.py", line 59, in run
    result = self.fn(*self.args, **self.kwargs)
             ^^^^^^^^^^^^^^^^^^^^^^^^^^^^^^^^^^
  File "C:\Users\Ong Jun Kai\Documents\Qwen Hackathon\benchmark\qwen38_baseline.py", line 65, in _ask_once
    resp = requests.post(MESSAGES_URL, headers=headers, json=body, timeout=120)
           ^^^^^^^^^^^^^^^^^^^^^^^^^^^^^^^^^^^^^^^^^^^^^^^^^^^^^^^^^^^^^^^^^^^^
  File "C:\Users\Ong Jun Kai\Documents\Qwen Hackathon\.venv\Lib\site-packages\requests\api.py", line 134, in post
    return request("post", url, data=data, json=json, **kwargs)
           ^^^^^^^^^^^^^^^^^^^^^^^^^^^^^^^^^^^^^^^^^^^^^^^^^^^^
  File "C:\Users\Ong Jun Kai\Documents\Qwen Hackathon\.venv\Lib\site-packages\requests\api.py", line 71, in request
    return session.request(method=method, url=url, **kwargs)
           ^^^^^^^^^^^^^^^^^^^^^^^^^^^^^^^^^^^^^^^^^^^^^^^^^
  File "C:\Users\Ong Jun Kai\Documents\Qwen Hackathon\.venv\Lib\site-packages\requests\sessions.py", line 651, in request
    resp = self.send(prep, **send_kwargs)
           ^^^^^^^^^^^^^^^^^^^^^^^^^^^^^^
  File "C:\Users\Ong Jun Kai\Documents\Qwen Hackathon\.venv\Lib\site-packages\requests\sessions.py", line 784, in send
    r = adapter.send(request, **kwargs)
        ^^^^^^^^^^^^^^^^^^^^^^^^^^^^^^^
  File "C:\Users\Ong Jun Kai\Documents\Qwen Hackathon\.venv\Lib\site-packages\requests\adapters.py", line 742, in send
    raise ReadTimeout(e, request=request)
requests.exceptions.ReadTimeout: HTTPSConnectionPool(host='token-plan.ap-southeast-1.maas.aliyuncs.com', port=443): Read timed out. (read timeout=120)
2026-07-21 11:41:17,565 INFO recb2M22zaD3tL6Qc: A(correct) input_tokens=427 output_tokens=2077 latency=39.2s
2026-07-21 11:42:22,980 INFO recBXlqrZUCR897It: C(correct) input_tokens=441 output_tokens=4777 latency=82.6s
2026-07-21 11:42:59,883 INFO recNuT2oSnO86bxOx: B(correct) input_tokens=297 output_tokens=1968 latency=36.9s
2026-07-21 11:43:05,630 INFO recIDiDKKrN61Auyr: D(correct) input_tokens=246 output_tokens=212 latency=5.8s
2026-07-21 11:43:15,530 INFO recXsuOHRBLcyenF2: B(correct) input_tokens=195 output_tokens=430 latency=9.9s
2026-07-21 11:43:17,828 ERROR recDytVnNYZe2HuUU: DROPPED after unrecoverable error
Traceback (most recent call last):
  File "C:\Users\Ong Jun Kai\Documents\Qwen Hackathon\.venv\Lib\site-packages\urllib3\connectionpool.py", line 534, in _make_request
    response = conn.getresponse()
               ^^^^^^^^^^^^^^^^^^
  File "C:\Users\Ong Jun Kai\Documents\Qwen Hackathon\.venv\Lib\site-packages\urllib3\connection.py", line 571, in getresponse
    httplib_response = super().getresponse()
                       ^^^^^^^^^^^^^^^^^^^^^
  File "C:\Users\Ong Jun Kai\AppData\Local\Programs\Python\Python312\Lib\http\client.py", line 1430, in getresponse
    response.begin()
  File "C:\Users\Ong Jun Kai\AppData\Local\Programs\Python\Python312\Lib\http\client.py", line 331, in begin
    version, status, reason = self._read_status()
                              ^^^^^^^^^^^^^^^^^^^
  File "C:\Users\Ong Jun Kai\AppData\Local\Programs\Python\Python312\Lib\http\client.py", line 292, in _read_status
    line = str(self.fp.readline(_MAXLINE + 1), "iso-8859-1")
               ^^^^^^^^^^^^^^^^^^^^^^^^^^^^^^
  File "C:\Users\Ong Jun Kai\AppData\Local\Programs\Python\Python312\Lib\socket.py", line 720, in readinto
    return self._sock.recv_into(b)
           ^^^^^^^^^^^^^^^^^^^^^^^
  File "C:\Users\Ong Jun Kai\AppData\Local\Programs\Python\Python312\Lib\ssl.py", line 1251, in recv_into
    return self.read(nbytes, buffer)
           ^^^^^^^^^^^^^^^^^^^^^^^^^
  File "C:\Users\Ong Jun Kai\AppData\Local\Programs\Python\Python312\Lib\ssl.py", line 1103, in read
    return self._sslobj.read(len, buffer)
           ^^^^^^^^^^^^^^^^^^^^^^^^^^^^^^
TimeoutError: The read operation timed out

The above exception was the direct cause of the following exception:

Traceback (most recent call last):
  File "C:\Users\Ong Jun Kai\Documents\Qwen Hackathon\.venv\Lib\site-packages\requests\adapters.py", line 696, in send
    resp = conn.urlopen(
           ^^^^^^^^^^^^^
  File "C:\Users\Ong Jun Kai\Documents\Qwen Hackathon\.venv\Lib\site-packages\urllib3\connectionpool.py", line 842, in urlopen
    retries = retries.increment(
              ^^^^^^^^^^^^^^^^^^
  File "C:\Users\Ong Jun Kai\Documents\Qwen Hackathon\.venv\Lib\site-packages\urllib3\util\retry.py", line 498, in increment
    raise reraise(type(error), error, _stacktrace)
          ^^^^^^^^^^^^^^^^^^^^^^^^^^^^^^^^^^^^^^^^
  File "C:\Users\Ong Jun Kai\Documents\Qwen Hackathon\.venv\Lib\site-packages\urllib3\util\util.py", line 39, in reraise
    raise value
  File "C:\Users\Ong Jun Kai\Documents\Qwen Hackathon\.venv\Lib\site-packages\urllib3\connectionpool.py", line 788, in urlopen
    response = self._make_request(
               ^^^^^^^^^^^^^^^^^^^
  File "C:\Users\Ong Jun Kai\Documents\Qwen Hackathon\.venv\Lib\site-packages\urllib3\connectionpool.py", line 536, in _make_request
    self._raise_timeout(err=e, url=url, timeout_value=read_timeout)
  File "C:\Users\Ong Jun Kai\Documents\Qwen Hackathon\.venv\Lib\site-packages\urllib3\connectionpool.py", line 367, in _raise_timeout
    raise ReadTimeoutError(
urllib3.exceptions.ReadTimeoutError: HTTPSConnectionPool(host='token-plan.ap-southeast-1.maas.aliyuncs.com', port=443): Read timed out. (read timeout=120)

During handling of the above exception, another exception occurred:

Traceback (most recent call last):
  File "C:\Users\Ong Jun Kai\Documents\Qwen Hackathon\benchmark\qwen38_baseline.py", line 86, in _run_one
    letter, usage = await asyncio.to_thread(_ask_once, item.question, item.choices)
                    ^^^^^^^^^^^^^^^^^^^^^^^^^^^^^^^^^^^^^^^^^^^^^^^^^^^^^^^^^^^^^^^
  File "C:\Users\Ong Jun Kai\AppData\Local\Programs\Python\Python312\Lib\asyncio\threads.py", line 25, in to_thread
    return await loop.run_in_executor(None, func_call)
           ^^^^^^^^^^^^^^^^^^^^^^^^^^^^^^^^^^^^^^^^^^^
  File "C:\Users\Ong Jun Kai\AppData\Local\Programs\Python\Python312\Lib\concurrent\futures\thread.py", line 59, in run
    result = self.fn(*self.args, **self.kwargs)
             ^^^^^^^^^^^^^^^^^^^^^^^^^^^^^^^^^^
  File "C:\Users\Ong Jun Kai\Documents\Qwen Hackathon\benchmark\qwen38_baseline.py", line 65, in _ask_once
    resp = requests.post(MESSAGES_URL, headers=headers, json=body, timeout=120)
           ^^^^^^^^^^^^^^^^^^^^^^^^^^^^^^^^^^^^^^^^^^^^^^^^^^^^^^^^^^^^^^^^^^^^
  File "C:\Users\Ong Jun Kai\Documents\Qwen Hackathon\.venv\Lib\site-packages\requests\api.py", line 134, in post
    return request("post", url, data=data, json=json, **kwargs)
           ^^^^^^^^^^^^^^^^^^^^^^^^^^^^^^^^^^^^^^^^^^^^^^^^^^^^
  File "C:\Users\Ong Jun Kai\Documents\Qwen Hackathon\.venv\Lib\site-packages\requests\api.py", line 71, in request
    return session.request(method=method, url=url, **kwargs)
           ^^^^^^^^^^^^^^^^^^^^^^^^^^^^^^^^^^^^^^^^^^^^^^^^^
  File "C:\Users\Ong Jun Kai\Documents\Qwen Hackathon\.venv\Lib\site-packages\requests\sessions.py", line 651, in request
    resp = self.send(prep, **send_kwargs)
           ^^^^^^^^^^^^^^^^^^^^^^^^^^^^^^
  File "C:\Users\Ong Jun Kai\Documents\Qwen Hackathon\.venv\Lib\site-packages\requests\sessions.py", line 784, in send
    r = adapter.send(request, **kwargs)
        ^^^^^^^^^^^^^^^^^^^^^^^^^^^^^^^
  File "C:\Users\Ong Jun Kai\Documents\Qwen Hackathon\.venv\Lib\site-packages\requests\adapters.py", line 742, in send
    raise ReadTimeout(e, request=request)
requests.exceptions.ReadTimeout: HTTPSConnectionPool(host='token-plan.ap-southeast-1.maas.aliyuncs.com', port=443): Read timed out. (read timeout=120)
2026-07-21 11:43:23,663 INFO rec2UlKqC6RFHdcro: D(correct) input_tokens=258 output_tokens=420 latency=8.1s
2026-07-21 11:43:30,896 INFO recKm6LNWykGapmCr: A(correct) input_tokens=240 output_tokens=703 latency=13.1s
2026-07-21 11:43:51,125 INFO recdya6FuYraBU5Rh: B(correct) input_tokens=288 output_tokens=1070 latency=20.2s
2026-07-21 11:44:29,355 INFO recw4rROcnHKNZhtK: B(correct) input_tokens=262 output_tokens=1925 latency=38.2s
2026-07-21 11:44:36,229 INFO recyPffUDqC2k7ZZO: A(correct) input_tokens=499 output_tokens=342 latency=6.9s
2026-07-21 11:44:50,996 INFO rec5eA17Qr1ucNLUf: A(correct) input_tokens=374 output_tokens=728 latency=14.8s
2026-07-21 11:45:23,914 ERROR recD8oX1KevFbl7bL: DROPPED after unrecoverable error
Traceback (most recent call last):
  File "C:\Users\Ong Jun Kai\Documents\Qwen Hackathon\.venv\Lib\site-packages\urllib3\connectionpool.py", line 534, in _make_request
    response = conn.getresponse()
               ^^^^^^^^^^^^^^^^^^
  File "C:\Users\Ong Jun Kai\Documents\Qwen Hackathon\.venv\Lib\site-packages\urllib3\connection.py", line 571, in getresponse
    httplib_response = super().getresponse()
                       ^^^^^^^^^^^^^^^^^^^^^
  File "C:\Users\Ong Jun Kai\AppData\Local\Programs\Python\Python312\Lib\http\client.py", line 1430, in getresponse
    response.begin()
  File "C:\Users\Ong Jun Kai\AppData\Local\Programs\Python\Python312\Lib\http\client.py", line 331, in begin
    version, status, reason = self._read_status()
                              ^^^^^^^^^^^^^^^^^^^
  File "C:\Users\Ong Jun Kai\AppData\Local\Programs\Python\Python312\Lib\http\client.py", line 292, in _read_status
    line = str(self.fp.readline(_MAXLINE + 1), "iso-8859-1")
               ^^^^^^^^^^^^^^^^^^^^^^^^^^^^^^
  File "C:\Users\Ong Jun Kai\AppData\Local\Programs\Python\Python312\Lib\socket.py", line 720, in readinto
    return self._sock.recv_into(b)
           ^^^^^^^^^^^^^^^^^^^^^^^
  File "C:\Users\Ong Jun Kai\AppData\Local\Programs\Python\Python312\Lib\ssl.py", line 1251, in recv_into
    return self.read(nbytes, buffer)
           ^^^^^^^^^^^^^^^^^^^^^^^^^
  File "C:\Users\Ong Jun Kai\AppData\Local\Programs\Python\Python312\Lib\ssl.py", line 1103, in read
    return self._sslobj.read(len, buffer)
           ^^^^^^^^^^^^^^^^^^^^^^^^^^^^^^
TimeoutError: The read operation timed out

The above exception was the direct cause of the following exception:

Traceback (most recent call last):
  File "C:\Users\Ong Jun Kai\Documents\Qwen Hackathon\.venv\Lib\site-packages\requests\adapters.py", line 696, in send
    resp = conn.urlopen(
           ^^^^^^^^^^^^^
  File "C:\Users\Ong Jun Kai\Documents\Qwen Hackathon\.venv\Lib\site-packages\urllib3\connectionpool.py", line 842, in urlopen
    retries = retries.increment(
              ^^^^^^^^^^^^^^^^^^
  File "C:\Users\Ong Jun Kai\Documents\Qwen Hackathon\.venv\Lib\site-packages\urllib3\util\retry.py", line 498, in increment
    raise reraise(type(error), error, _stacktrace)
          ^^^^^^^^^^^^^^^^^^^^^^^^^^^^^^^^^^^^^^^^
  File "C:\Users\Ong Jun Kai\Documents\Qwen Hackathon\.venv\Lib\site-packages\urllib3\util\util.py", line 39, in reraise
    raise value
  File "C:\Users\Ong Jun Kai\Documents\Qwen Hackathon\.venv\Lib\site-packages\urllib3\connectionpool.py", line 788, in urlopen
    response = self._make_request(
               ^^^^^^^^^^^^^^^^^^^
  File "C:\Users\Ong Jun Kai\Documents\Qwen Hackathon\.venv\Lib\site-packages\urllib3\connectionpool.py", line 536, in _make_request
    self._raise_timeout(err=e, url=url, timeout_value=read_timeout)
  File "C:\Users\Ong Jun Kai\Documents\Qwen Hackathon\.venv\Lib\site-packages\urllib3\connectionpool.py", line 367, in _raise_timeout
    raise ReadTimeoutError(
urllib3.exceptions.ReadTimeoutError: HTTPSConnectionPool(host='token-plan.ap-southeast-1.maas.aliyuncs.com', port=443): Read timed out. (read timeout=120)

During handling of the above exception, another exception occurred:

Traceback (most recent call last):
  File "C:\Users\Ong Jun Kai\Documents\Qwen Hackathon\benchmark\qwen38_baseline.py", line 86, in _run_one
    letter, usage = await asyncio.to_thread(_ask_once, item.question, item.choices)
                    ^^^^^^^^^^^^^^^^^^^^^^^^^^^^^^^^^^^^^^^^^^^^^^^^^^^^^^^^^^^^^^^
  File "C:\Users\Ong Jun Kai\AppData\Local\Programs\Python\Python312\Lib\asyncio\threads.py", line 25, in to_thread
    return await loop.run_in_executor(None, func_call)
           ^^^^^^^^^^^^^^^^^^^^^^^^^^^^^^^^^^^^^^^^^^^
  File "C:\Users\Ong Jun Kai\AppData\Local\Programs\Python\Python312\Lib\concurrent\futures\thread.py", line 59, in run
    result = self.fn(*self.args, **self.kwargs)
             ^^^^^^^^^^^^^^^^^^^^^^^^^^^^^^^^^^
  File "C:\Users\Ong Jun Kai\Documents\Qwen Hackathon\benchmark\qwen38_baseline.py", line 65, in _ask_once
    resp = requests.post(MESSAGES_URL, headers=headers, json=body, timeout=120)
           ^^^^^^^^^^^^^^^^^^^^^^^^^^^^^^^^^^^^^^^^^^^^^^^^^^^^^^^^^^^^^^^^^^^^
  File "C:\Users\Ong Jun Kai\Documents\Qwen Hackathon\.venv\Lib\site-packages\requests\api.py", line 134, in post
    return request("post", url, data=data, json=json, **kwargs)
           ^^^^^^^^^^^^^^^^^^^^^^^^^^^^^^^^^^^^^^^^^^^^^^^^^^^^
  File "C:\Users\Ong Jun Kai\Documents\Qwen Hackathon\.venv\Lib\site-packages\requests\api.py", line 71, in request
    return session.request(method=method, url=url, **kwargs)
           ^^^^^^^^^^^^^^^^^^^^^^^^^^^^^^^^^^^^^^^^^^^^^^^^^
  File "C:\Users\Ong Jun Kai\Documents\Qwen Hackathon\.venv\Lib\site-packages\requests\sessions.py", line 651, in request
    resp = self.send(prep, **send_kwargs)
           ^^^^^^^^^^^^^^^^^^^^^^^^^^^^^^
  File "C:\Users\Ong Jun Kai\Documents\Qwen Hackathon\.venv\Lib\site-packages\requests\sessions.py", line 784, in send
    r = adapter.send(request, **kwargs)
        ^^^^^^^^^^^^^^^^^^^^^^^^^^^^^^^
  File "C:\Users\Ong Jun Kai\Documents\Qwen Hackathon\.venv\Lib\site-packages\requests\adapters.py", line 742, in send
    raise ReadTimeout(e, request=request)
requests.exceptions.ReadTimeout: HTTPSConnectionPool(host='token-plan.ap-southeast-1.maas.aliyuncs.com', port=443): Read timed out. (read timeout=120)
2026-07-21 11:45:37,845 INFO recLSzwBUS3olCjhl: D(correct) input_tokens=269 output_tokens=647 latency=13.9s
2026-07-21 11:45:48,816 INFO recV1nqYQvpII94oC: D(correct) input_tokens=588 output_tokens=543 latency=11.0s
2026-07-21 11:46:51,261 ERROR recrNbtgTNoabJJi6: DROPPED after unrecoverable error
Traceback (most recent call last):
  File "C:\Users\Ong Jun Kai\Documents\Qwen Hackathon\.venv\Lib\site-packages\urllib3\connectionpool.py", line 534, in _make_request
    response = conn.getresponse()
               ^^^^^^^^^^^^^^^^^^
  File "C:\Users\Ong Jun Kai\Documents\Qwen Hackathon\.venv\Lib\site-packages\urllib3\connection.py", line 571, in getresponse
    httplib_response = super().getresponse()
                       ^^^^^^^^^^^^^^^^^^^^^
  File "C:\Users\Ong Jun Kai\AppData\Local\Programs\Python\Python312\Lib\http\client.py", line 1430, in getresponse
    response.begin()
  File "C:\Users\Ong Jun Kai\AppData\Local\Programs\Python\Python312\Lib\http\client.py", line 331, in begin
    version, status, reason = self._read_status()
                              ^^^^^^^^^^^^^^^^^^^
  File "C:\Users\Ong Jun Kai\AppData\Local\Programs\Python\Python312\Lib\http\client.py", line 292, in _read_status
    line = str(self.fp.readline(_MAXLINE + 1), "iso-8859-1")
               ^^^^^^^^^^^^^^^^^^^^^^^^^^^^^^
  File "C:\Users\Ong Jun Kai\AppData\Local\Programs\Python\Python312\Lib\socket.py", line 720, in readinto
    return self._sock.recv_into(b)
           ^^^^^^^^^^^^^^^^^^^^^^^
  File "C:\Users\Ong Jun Kai\AppData\Local\Programs\Python\Python312\Lib\ssl.py", line 1251, in recv_into
    return self.read(nbytes, buffer)
           ^^^^^^^^^^^^^^^^^^^^^^^^^
  File "C:\Users\Ong Jun Kai\AppData\Local\Programs\Python\Python312\Lib\ssl.py", line 1103, in read
    return self._sslobj.read(len, buffer)
           ^^^^^^^^^^^^^^^^^^^^^^^^^^^^^^
TimeoutError: The read operation timed out

The above exception was the direct cause of the following exception:

Traceback (most recent call last):
  File "C:\Users\Ong Jun Kai\Documents\Qwen Hackathon\.venv\Lib\site-packages\requests\adapters.py", line 696, in send
    resp = conn.urlopen(
           ^^^^^^^^^^^^^
  File "C:\Users\Ong Jun Kai\Documents\Qwen Hackathon\.venv\Lib\site-packages\urllib3\connectionpool.py", line 842, in urlopen
    retries = retries.increment(
              ^^^^^^^^^^^^^^^^^^
  File "C:\Users\Ong Jun Kai\Documents\Qwen Hackathon\.venv\Lib\site-packages\urllib3\util\retry.py", line 498, in increment
    raise reraise(type(error), error, _stacktrace)
          ^^^^^^^^^^^^^^^^^^^^^^^^^^^^^^^^^^^^^^^^
  File "C:\Users\Ong Jun Kai\Documents\Qwen Hackathon\.venv\Lib\site-packages\urllib3\util\util.py", line 39, in reraise
    raise value
  File "C:\Users\Ong Jun Kai\Documents\Qwen Hackathon\.venv\Lib\site-packages\urllib3\connectionpool.py", line 788, in urlopen
    response = self._make_request(
               ^^^^^^^^^^^^^^^^^^^
  File "C:\Users\Ong Jun Kai\Documents\Qwen Hackathon\.venv\Lib\site-packages\urllib3\connectionpool.py", line 536, in _make_request
    self._raise_timeout(err=e, url=url, timeout_value=read_timeout)
  File "C:\Users\Ong Jun Kai\Documents\Qwen Hackathon\.venv\Lib\site-packages\urllib3\connectionpool.py", line 367, in _raise_timeout
    raise ReadTimeoutError(
urllib3.exceptions.ReadTimeoutError: HTTPSConnectionPool(host='token-plan.ap-southeast-1.maas.aliyuncs.com', port=443): Read timed out. (read timeout=120)

During handling of the above exception, another exception occurred:

Traceback (most recent call last):
  File "C:\Users\Ong Jun Kai\Documents\Qwen Hackathon\benchmark\qwen38_baseline.py", line 86, in _run_one
    letter, usage = await asyncio.to_thread(_ask_once, item.question, item.choices)
                    ^^^^^^^^^^^^^^^^^^^^^^^^^^^^^^^^^^^^^^^^^^^^^^^^^^^^^^^^^^^^^^^
  File "C:\Users\Ong Jun Kai\AppData\Local\Programs\Python\Python312\Lib\asyncio\threads.py", line 25, in to_thread
    return await loop.run_in_executor(None, func_call)
           ^^^^^^^^^^^^^^^^^^^^^^^^^^^^^^^^^^^^^^^^^^^
  File "C:\Users\Ong Jun Kai\AppData\Local\Programs\Python\Python312\Lib\concurrent\futures\thread.py", line 59, in run
    result = self.fn(*self.args, **self.kwargs)
             ^^^^^^^^^^^^^^^^^^^^^^^^^^^^^^^^^^
  File "C:\Users\Ong Jun Kai\Documents\Qwen Hackathon\benchmark\qwen38_baseline.py", line 65, in _ask_once
    resp = requests.post(MESSAGES_URL, headers=headers, json=body, timeout=120)
           ^^^^^^^^^^^^^^^^^^^^^^^^^^^^^^^^^^^^^^^^^^^^^^^^^^^^^^^^^^^^^^^^^^^^
  File "C:\Users\Ong Jun Kai\Documents\Qwen Hackathon\.venv\Lib\site-packages\requests\api.py", line 134, in post
    return request("post", url, data=data, json=json, **kwargs)
           ^^^^^^^^^^^^^^^^^^^^^^^^^^^^^^^^^^^^^^^^^^^^^^^^^^^^
  File "C:\Users\Ong Jun Kai\Documents\Qwen Hackathon\.venv\Lib\site-packages\requests\api.py", line 71, in request
    return session.request(method=method, url=url, **kwargs)
           ^^^^^^^^^^^^^^^^^^^^^^^^^^^^^^^^^^^^^^^^^^^^^^^^^
  File "C:\Users\Ong Jun Kai\Documents\Qwen Hackathon\.venv\Lib\site-packages\requests\sessions.py", line 651, in request
    resp = self.send(prep, **send_kwargs)
           ^^^^^^^^^^^^^^^^^^^^^^^^^^^^^^
  File "C:\Users\Ong Jun Kai\Documents\Qwen Hackathon\.venv\Lib\site-packages\requests\sessions.py", line 784, in send
    r = adapter.send(request, **kwargs)
        ^^^^^^^^^^^^^^^^^^^^^^^^^^^^^^^
  File "C:\Users\Ong Jun Kai\Documents\Qwen Hackathon\.venv\Lib\site-packages\requests\adapters.py", line 742, in send
    raise ReadTimeout(e, request=request)
requests.exceptions.ReadTimeout: HTTPSConnectionPool(host='token-plan.ap-southeast-1.maas.aliyuncs.com', port=443): Read timed out. (read timeout=120)
2026-07-21 11:47:49,112 ERROR rec4r4KWNLrT7g2kR: DROPPED after unrecoverable error
Traceback (most recent call last):
  File "C:\Users\Ong Jun Kai\Documents\Qwen Hackathon\.venv\Lib\site-packages\urllib3\connectionpool.py", line 534, in _make_request
    response = conn.getresponse()
               ^^^^^^^^^^^^^^^^^^
  File "C:\Users\Ong Jun Kai\Documents\Qwen Hackathon\.venv\Lib\site-packages\urllib3\connection.py", line 571, in getresponse
    httplib_response = super().getresponse()
                       ^^^^^^^^^^^^^^^^^^^^^
  File "C:\Users\Ong Jun Kai\AppData\Local\Programs\Python\Python312\Lib\http\client.py", line 1430, in getresponse
    response.begin()
  File "C:\Users\Ong Jun Kai\AppData\Local\Programs\Python\Python312\Lib\http\client.py", line 331, in begin
    version, status, reason = self._read_status()
                              ^^^^^^^^^^^^^^^^^^^
  File "C:\Users\Ong Jun Kai\AppData\Local\Programs\Python\Python312\Lib\http\client.py", line 292, in _read_status
    line = str(self.fp.readline(_MAXLINE + 1), "iso-8859-1")
               ^^^^^^^^^^^^^^^^^^^^^^^^^^^^^^
  File "C:\Users\Ong Jun Kai\AppData\Local\Programs\Python\Python312\Lib\socket.py", line 720, in readinto
    return self._sock.recv_into(b)
           ^^^^^^^^^^^^^^^^^^^^^^^
  File "C:\Users\Ong Jun Kai\AppData\Local\Programs\Python\Python312\Lib\ssl.py", line 1251, in recv_into
    return self.read(nbytes, buffer)
           ^^^^^^^^^^^^^^^^^^^^^^^^^
  File "C:\Users\Ong Jun Kai\AppData\Local\Programs\Python\Python312\Lib\ssl.py", line 1103, in read
    return self._sslobj.read(len, buffer)
           ^^^^^^^^^^^^^^^^^^^^^^^^^^^^^^
TimeoutError: The read operation timed out

The above exception was the direct cause of the following exception:

Traceback (most recent call last):
  File "C:\Users\Ong Jun Kai\Documents\Qwen Hackathon\.venv\Lib\site-packages\requests\adapters.py", line 696, in send
    resp = conn.urlopen(
           ^^^^^^^^^^^^^
  File "C:\Users\Ong Jun Kai\Documents\Qwen Hackathon\.venv\Lib\site-packages\urllib3\connectionpool.py", line 842, in urlopen
    retries = retries.increment(
              ^^^^^^^^^^^^^^^^^^
  File "C:\Users\Ong Jun Kai\Documents\Qwen Hackathon\.venv\Lib\site-packages\urllib3\util\retry.py", line 498, in increment
    raise reraise(type(error), error, _stacktrace)
          ^^^^^^^^^^^^^^^^^^^^^^^^^^^^^^^^^^^^^^^^
  File "C:\Users\Ong Jun Kai\Documents\Qwen Hackathon\.venv\Lib\site-packages\urllib3\util\util.py", line 39, in reraise
    raise value
  File "C:\Users\Ong Jun Kai\Documents\Qwen Hackathon\.venv\Lib\site-packages\urllib3\connectionpool.py", line 788, in urlopen
    response = self._make_request(
               ^^^^^^^^^^^^^^^^^^^
  File "C:\Users\Ong Jun Kai\Documents\Qwen Hackathon\.venv\Lib\site-packages\urllib3\connectionpool.py", line 536, in _make_request
    self._raise_timeout(err=e, url=url, timeout_value=read_timeout)
  File "C:\Users\Ong Jun Kai\Documents\Qwen Hackathon\.venv\Lib\site-packages\urllib3\connectionpool.py", line 367, in _raise_timeout
    raise ReadTimeoutError(
urllib3.exceptions.ReadTimeoutError: HTTPSConnectionPool(host='token-plan.ap-southeast-1.maas.aliyuncs.com', port=443): Read timed out. (read timeout=120)

During handling of the above exception, another exception occurred:

Traceback (most recent call last):
  File "C:\Users\Ong Jun Kai\Documents\Qwen Hackathon\benchmark\qwen38_baseline.py", line 86, in _run_one
    letter, usage = await asyncio.to_thread(_ask_once, item.question, item.choices)
                    ^^^^^^^^^^^^^^^^^^^^^^^^^^^^^^^^^^^^^^^^^^^^^^^^^^^^^^^^^^^^^^^
  File "C:\Users\Ong Jun Kai\AppData\Local\Programs\Python\Python312\Lib\asyncio\threads.py", line 25, in to_thread
    return await loop.run_in_executor(None, func_call)
           ^^^^^^^^^^^^^^^^^^^^^^^^^^^^^^^^^^^^^^^^^^^
  File "C:\Users\Ong Jun Kai\AppData\Local\Programs\Python\Python312\Lib\concurrent\futures\thread.py", line 59, in run
    result = self.fn(*self.args, **self.kwargs)
             ^^^^^^^^^^^^^^^^^^^^^^^^^^^^^^^^^^
  File "C:\Users\Ong Jun Kai\Documents\Qwen Hackathon\benchmark\qwen38_baseline.py", line 65, in _ask_once
    resp = requests.post(MESSAGES_URL, headers=headers, json=body, timeout=120)
           ^^^^^^^^^^^^^^^^^^^^^^^^^^^^^^^^^^^^^^^^^^^^^^^^^^^^^^^^^^^^^^^^^^^^
  File "C:\Users\Ong Jun Kai\Documents\Qwen Hackathon\.venv\Lib\site-packages\requests\api.py", line 134, in post
    return request("post", url, data=data, json=json, **kwargs)
           ^^^^^^^^^^^^^^^^^^^^^^^^^^^^^^^^^^^^^^^^^^^^^^^^^^^^
  File "C:\Users\Ong Jun Kai\Documents\Qwen Hackathon\.venv\Lib\site-packages\requests\api.py", line 71, in request
    return session.request(method=method, url=url, **kwargs)
           ^^^^^^^^^^^^^^^^^^^^^^^^^^^^^^^^^^^^^^^^^^^^^^^^^
  File "C:\Users\Ong Jun Kai\Documents\Qwen Hackathon\.venv\Lib\site-packages\requests\sessions.py", line 651, in request
    resp = self.send(prep, **send_kwargs)
           ^^^^^^^^^^^^^^^^^^^^^^^^^^^^^^
  File "C:\Users\Ong Jun Kai\Documents\Qwen Hackathon\.venv\Lib\site-packages\requests\sessions.py", line 784, in send
    r = adapter.send(request, **kwargs)
        ^^^^^^^^^^^^^^^^^^^^^^^^^^^^^^^
  File "C:\Users\Ong Jun Kai\Documents\Qwen Hackathon\.venv\Lib\site-packages\requests\adapters.py", line 742, in send
    raise ReadTimeout(e, request=request)
requests.exceptions.ReadTimeout: HTTPSConnectionPool(host='token-plan.ap-southeast-1.maas.aliyuncs.com', port=443): Read timed out. (read timeout=120)
2026-07-21 11:48:20,628 INFO recHVUd2DkoKfedJZ: A(correct) input_tokens=367 output_tokens=4723 latency=89.4s
2026-07-21 11:48:22,561 INFO recIj8lR4tuDgrHou: A(correct) input_tokens=249 output_tokens=1549 latency=33.4s
2026-07-21 11:48:36,511 INFO rec9GugrngvsQR99A: A(correct) input_tokens=343 output_tokens=921 latency=15.9s
2026-07-21 11:48:47,327 INFO rec7C06XOB2h298ue: B(correct) input_tokens=226 output_tokens=533 latency=10.8s
2026-07-21 11:48:54,461 INFO recPSTGXK3P39yNYT: C(correct) input_tokens=310 output_tokens=259 latency=7.1s
2026-07-21 11:49:02,605 INFO recxsX66ktJ1Lwt4f: A(correct) input_tokens=317 output_tokens=366 latency=8.1s
2026-07-21 11:50:22,778 ERROR recgM7o1tcc7tP778: DROPPED after unrecoverable error
Traceback (most recent call last):
  File "C:\Users\Ong Jun Kai\Documents\Qwen Hackathon\.venv\Lib\site-packages\urllib3\connectionpool.py", line 534, in _make_request
    response = conn.getresponse()
               ^^^^^^^^^^^^^^^^^^
  File "C:\Users\Ong Jun Kai\Documents\Qwen Hackathon\.venv\Lib\site-packages\urllib3\connection.py", line 571, in getresponse
    httplib_response = super().getresponse()
                       ^^^^^^^^^^^^^^^^^^^^^
  File "C:\Users\Ong Jun Kai\AppData\Local\Programs\Python\Python312\Lib\http\client.py", line 1430, in getresponse
    response.begin()
  File "C:\Users\Ong Jun Kai\AppData\Local\Programs\Python\Python312\Lib\http\client.py", line 331, in begin
    version, status, reason = self._read_status()
                              ^^^^^^^^^^^^^^^^^^^
  File "C:\Users\Ong Jun Kai\AppData\Local\Programs\Python\Python312\Lib\http\client.py", line 292, in _read_status
    line = str(self.fp.readline(_MAXLINE + 1), "iso-8859-1")
               ^^^^^^^^^^^^^^^^^^^^^^^^^^^^^^
  File "C:\Users\Ong Jun Kai\AppData\Local\Programs\Python\Python312\Lib\socket.py", line 720, in readinto
    return self._sock.recv_into(b)
           ^^^^^^^^^^^^^^^^^^^^^^^
  File "C:\Users\Ong Jun Kai\AppData\Local\Programs\Python\Python312\Lib\ssl.py", line 1251, in recv_into
    return self.read(nbytes, buffer)
           ^^^^^^^^^^^^^^^^^^^^^^^^^
  File "C:\Users\Ong Jun Kai\AppData\Local\Programs\Python\Python312\Lib\ssl.py", line 1103, in read
    return self._sslobj.read(len, buffer)
           ^^^^^^^^^^^^^^^^^^^^^^^^^^^^^^
TimeoutError: The read operation timed out

The above exception was the direct cause of the following exception:

Traceback (most recent call last):
  File "C:\Users\Ong Jun Kai\Documents\Qwen Hackathon\.venv\Lib\site-packages\requests\adapters.py", line 696, in send
    resp = conn.urlopen(
           ^^^^^^^^^^^^^
  File "C:\Users\Ong Jun Kai\Documents\Qwen Hackathon\.venv\Lib\site-packages\urllib3\connectionpool.py", line 842, in urlopen
    retries = retries.increment(
              ^^^^^^^^^^^^^^^^^^
  File "C:\Users\Ong Jun Kai\Documents\Qwen Hackathon\.venv\Lib\site-packages\urllib3\util\retry.py", line 498, in increment
    raise reraise(type(error), error, _stacktrace)
          ^^^^^^^^^^^^^^^^^^^^^^^^^^^^^^^^^^^^^^^^
  File "C:\Users\Ong Jun Kai\Documents\Qwen Hackathon\.venv\Lib\site-packages\urllib3\util\util.py", line 39, in reraise
    raise value
  File "C:\Users\Ong Jun Kai\Documents\Qwen Hackathon\.venv\Lib\site-packages\urllib3\connectionpool.py", line 788, in urlopen
    response = self._make_request(
               ^^^^^^^^^^^^^^^^^^^
  File "C:\Users\Ong Jun Kai\Documents\Qwen Hackathon\.venv\Lib\site-packages\urllib3\connectionpool.py", line 536, in _make_request
    self._raise_timeout(err=e, url=url, timeout_value=read_timeout)
  File "C:\Users\Ong Jun Kai\Documents\Qwen Hackathon\.venv\Lib\site-packages\urllib3\connectionpool.py", line 367, in _raise_timeout
    raise ReadTimeoutError(
urllib3.exceptions.ReadTimeoutError: HTTPSConnectionPool(host='token-plan.ap-southeast-1.maas.aliyuncs.com', port=443): Read timed out. (read timeout=120)

During handling of the above exception, another exception occurred:

Traceback (most recent call last):
  File "C:\Users\Ong Jun Kai\Documents\Qwen Hackathon\benchmark\qwen38_baseline.py", line 86, in _run_one
    letter, usage = await asyncio.to_thread(_ask_once, item.question, item.choices)
                    ^^^^^^^^^^^^^^^^^^^^^^^^^^^^^^^^^^^^^^^^^^^^^^^^^^^^^^^^^^^^^^^
  File "C:\Users\Ong Jun Kai\AppData\Local\Programs\Python\Python312\Lib\asyncio\threads.py", line 25, in to_thread
    return await loop.run_in_executor(None, func_call)
           ^^^^^^^^^^^^^^^^^^^^^^^^^^^^^^^^^^^^^^^^^^^
  File "C:\Users\Ong Jun Kai\AppData\Local\Programs\Python\Python312\Lib\concurrent\futures\thread.py", line 59, in run
    result = self.fn(*self.args, **self.kwargs)
             ^^^^^^^^^^^^^^^^^^^^^^^^^^^^^^^^^^
  File "C:\Users\Ong Jun Kai\Documents\Qwen Hackathon\benchmark\qwen38_baseline.py", line 65, in _ask_once
    resp = requests.post(MESSAGES_URL, headers=headers, json=body, timeout=120)
           ^^^^^^^^^^^^^^^^^^^^^^^^^^^^^^^^^^^^^^^^^^^^^^^^^^^^^^^^^^^^^^^^^^^^
  File "C:\Users\Ong Jun Kai\Documents\Qwen Hackathon\.venv\Lib\site-packages\requests\api.py", line 134, in post
    return request("post", url, data=data, json=json, **kwargs)
           ^^^^^^^^^^^^^^^^^^^^^^^^^^^^^^^^^^^^^^^^^^^^^^^^^^^^
  File "C:\Users\Ong Jun Kai\Documents\Qwen Hackathon\.venv\Lib\site-packages\requests\api.py", line 71, in request
    return session.request(method=method, url=url, **kwargs)
           ^^^^^^^^^^^^^^^^^^^^^^^^^^^^^^^^^^^^^^^^^^^^^^^^^
  File "C:\Users\Ong Jun Kai\Documents\Qwen Hackathon\.venv\Lib\site-packages\requests\sessions.py", line 651, in request
    resp = self.send(prep, **send_kwargs)
           ^^^^^^^^^^^^^^^^^^^^^^^^^^^^^^
  File "C:\Users\Ong Jun Kai\Documents\Qwen Hackathon\.venv\Lib\site-packages\requests\sessions.py", line 784, in send
    r = adapter.send(request, **kwargs)
        ^^^^^^^^^^^^^^^^^^^^^^^^^^^^^^^
  File "C:\Users\Ong Jun Kai\Documents\Qwen Hackathon\.venv\Lib\site-packages\requests\adapters.py", line 742, in send
    raise ReadTimeout(e, request=request)
requests.exceptions.ReadTimeout: HTTPSConnectionPool(host='token-plan.ap-southeast-1.maas.aliyuncs.com', port=443): Read timed out. (read timeout=120)
2026-07-21 11:51:02,842 ERROR recUOePh79cp4T2Bg: DROPPED after unrecoverable error
Traceback (most recent call last):
  File "C:\Users\Ong Jun Kai\Documents\Qwen Hackathon\.venv\Lib\site-packages\urllib3\connectionpool.py", line 534, in _make_request
    response = conn.getresponse()
               ^^^^^^^^^^^^^^^^^^
  File "C:\Users\Ong Jun Kai\Documents\Qwen Hackathon\.venv\Lib\site-packages\urllib3\connection.py", line 571, in getresponse
    httplib_response = super().getresponse()
                       ^^^^^^^^^^^^^^^^^^^^^
  File "C:\Users\Ong Jun Kai\AppData\Local\Programs\Python\Python312\Lib\http\client.py", line 1430, in getresponse
    response.begin()
  File "C:\Users\Ong Jun Kai\AppData\Local\Programs\Python\Python312\Lib\http\client.py", line 331, in begin
    version, status, reason = self._read_status()
                              ^^^^^^^^^^^^^^^^^^^
  File "C:\Users\Ong Jun Kai\AppData\Local\Programs\Python\Python312\Lib\http\client.py", line 292, in _read_status
    line = str(self.fp.readline(_MAXLINE + 1), "iso-8859-1")
               ^^^^^^^^^^^^^^^^^^^^^^^^^^^^^^
  File "C:\Users\Ong Jun Kai\AppData\Local\Programs\Python\Python312\Lib\socket.py", line 720, in readinto
    return self._sock.recv_into(b)
           ^^^^^^^^^^^^^^^^^^^^^^^
  File "C:\Users\Ong Jun Kai\AppData\Local\Programs\Python\Python312\Lib\ssl.py", line 1251, in recv_into
    return self.read(nbytes, buffer)
           ^^^^^^^^^^^^^^^^^^^^^^^^^
  File "C:\Users\Ong Jun Kai\AppData\Local\Programs\Python\Python312\Lib\ssl.py", line 1103, in read
    return self._sslobj.read(len, buffer)
           ^^^^^^^^^^^^^^^^^^^^^^^^^^^^^^
TimeoutError: The read operation timed out

The above exception was the direct cause of the following exception:

Traceback (most recent call last):
  File "C:\Users\Ong Jun Kai\Documents\Qwen Hackathon\.venv\Lib\site-packages\requests\adapters.py", line 696, in send
    resp = conn.urlopen(
           ^^^^^^^^^^^^^
  File "C:\Users\Ong Jun Kai\Documents\Qwen Hackathon\.venv\Lib\site-packages\urllib3\connectionpool.py", line 842, in urlopen
    retries = retries.increment(
              ^^^^^^^^^^^^^^^^^^
  File "C:\Users\Ong Jun Kai\Documents\Qwen Hackathon\.venv\Lib\site-packages\urllib3\util\retry.py", line 498, in increment
    raise reraise(type(error), error, _stacktrace)
          ^^^^^^^^^^^^^^^^^^^^^^^^^^^^^^^^^^^^^^^^
  File "C:\Users\Ong Jun Kai\Documents\Qwen Hackathon\.venv\Lib\site-packages\urllib3\util\util.py", line 39, in reraise
    raise value
  File "C:\Users\Ong Jun Kai\Documents\Qwen Hackathon\.venv\Lib\site-packages\urllib3\connectionpool.py", line 788, in urlopen
    response = self._make_request(
               ^^^^^^^^^^^^^^^^^^^
  File "C:\Users\Ong Jun Kai\Documents\Qwen Hackathon\.venv\Lib\site-packages\urllib3\connectionpool.py", line 536, in _make_request
    self._raise_timeout(err=e, url=url, timeout_value=read_timeout)
  File "C:\Users\Ong Jun Kai\Documents\Qwen Hackathon\.venv\Lib\site-packages\urllib3\connectionpool.py", line 367, in _raise_timeout
    raise ReadTimeoutError(
urllib3.exceptions.ReadTimeoutError: HTTPSConnectionPool(host='token-plan.ap-southeast-1.maas.aliyuncs.com', port=443): Read timed out. (read timeout=120)

During handling of the above exception, another exception occurred:

Traceback (most recent call last):
  File "C:\Users\Ong Jun Kai\Documents\Qwen Hackathon\benchmark\qwen38_baseline.py", line 86, in _run_one
    letter, usage = await asyncio.to_thread(_ask_once, item.question, item.choices)
                    ^^^^^^^^^^^^^^^^^^^^^^^^^^^^^^^^^^^^^^^^^^^^^^^^^^^^^^^^^^^^^^^
  File "C:\Users\Ong Jun Kai\AppData\Local\Programs\Python\Python312\Lib\asyncio\threads.py", line 25, in to_thread
    return await loop.run_in_executor(None, func_call)
           ^^^^^^^^^^^^^^^^^^^^^^^^^^^^^^^^^^^^^^^^^^^
  File "C:\Users\Ong Jun Kai\AppData\Local\Programs\Python\Python312\Lib\concurrent\futures\thread.py", line 59, in run
    result = self.fn(*self.args, **self.kwargs)
             ^^^^^^^^^^^^^^^^^^^^^^^^^^^^^^^^^^
  File "C:\Users\Ong Jun Kai\Documents\Qwen Hackathon\benchmark\qwen38_baseline.py", line 65, in _ask_once
    resp = requests.post(MESSAGES_URL, headers=headers, json=body, timeout=120)
           ^^^^^^^^^^^^^^^^^^^^^^^^^^^^^^^^^^^^^^^^^^^^^^^^^^^^^^^^^^^^^^^^^^^^
  File "C:\Users\Ong Jun Kai\Documents\Qwen Hackathon\.venv\Lib\site-packages\requests\api.py", line 134, in post
    return request("post", url, data=data, json=json, **kwargs)
           ^^^^^^^^^^^^^^^^^^^^^^^^^^^^^^^^^^^^^^^^^^^^^^^^^^^^
  File "C:\Users\Ong Jun Kai\Documents\Qwen Hackathon\.venv\Lib\site-packages\requests\api.py", line 71, in request
    return session.request(method=method, url=url, **kwargs)
           ^^^^^^^^^^^^^^^^^^^^^^^^^^^^^^^^^^^^^^^^^^^^^^^^^
  File "C:\Users\Ong Jun Kai\Documents\Qwen Hackathon\.venv\Lib\site-packages\requests\sessions.py", line 651, in request
    resp = self.send(prep, **send_kwargs)
           ^^^^^^^^^^^^^^^^^^^^^^^^^^^^^^
  File "C:\Users\Ong Jun Kai\Documents\Qwen Hackathon\.venv\Lib\site-packages\requests\sessions.py", line 784, in send
    r = adapter.send(request, **kwargs)
        ^^^^^^^^^^^^^^^^^^^^^^^^^^^^^^^
  File "C:\Users\Ong Jun Kai\Documents\Qwen Hackathon\.venv\Lib\site-packages\requests\adapters.py", line 742, in send
    raise ReadTimeout(e, request=request)
requests.exceptions.ReadTimeout: HTTPSConnectionPool(host='token-plan.ap-southeast-1.maas.aliyuncs.com', port=443): Read timed out. (read timeout=120)
2026-07-21 11:51:12,445 INFO recI1ls9OXdxatHQn: B(correct) input_tokens=314 output_tokens=471 latency=9.6s
2026-07-21 11:52:23,010 ERROR recZWeueB7lSPR6wN: DROPPED after unrecoverable error
Traceback (most recent call last):
  File "C:\Users\Ong Jun Kai\Documents\Qwen Hackathon\.venv\Lib\site-packages\urllib3\connectionpool.py", line 534, in _make_request
    response = conn.getresponse()
               ^^^^^^^^^^^^^^^^^^
  File "C:\Users\Ong Jun Kai\Documents\Qwen Hackathon\.venv\Lib\site-packages\urllib3\connection.py", line 571, in getresponse
    httplib_response = super().getresponse()
                       ^^^^^^^^^^^^^^^^^^^^^
  File "C:\Users\Ong Jun Kai\AppData\Local\Programs\Python\Python312\Lib\http\client.py", line 1430, in getresponse
    response.begin()
  File "C:\Users\Ong Jun Kai\AppData\Local\Programs\Python\Python312\Lib\http\client.py", line 331, in begin
    version, status, reason = self._read_status()
                              ^^^^^^^^^^^^^^^^^^^
  File "C:\Users\Ong Jun Kai\AppData\Local\Programs\Python\Python312\Lib\http\client.py", line 292, in _read_status
    line = str(self.fp.readline(_MAXLINE + 1), "iso-8859-1")
               ^^^^^^^^^^^^^^^^^^^^^^^^^^^^^^
  File "C:\Users\Ong Jun Kai\AppData\Local\Programs\Python\Python312\Lib\socket.py", line 720, in readinto
    return self._sock.recv_into(b)
           ^^^^^^^^^^^^^^^^^^^^^^^
  File "C:\Users\Ong Jun Kai\AppData\Local\Programs\Python\Python312\Lib\ssl.py", line 1251, in recv_into
    return self.read(nbytes, buffer)
           ^^^^^^^^^^^^^^^^^^^^^^^^^
  File "C:\Users\Ong Jun Kai\AppData\Local\Programs\Python\Python312\Lib\ssl.py", line 1103, in read
    return self._sslobj.read(len, buffer)
           ^^^^^^^^^^^^^^^^^^^^^^^^^^^^^^
TimeoutError: The read operation timed out

The above exception was the direct cause of the following exception:

Traceback (most recent call last):
  File "C:\Users\Ong Jun Kai\Documents\Qwen Hackathon\.venv\Lib\site-packages\requests\adapters.py", line 696, in send
    resp = conn.urlopen(
           ^^^^^^^^^^^^^
  File "C:\Users\Ong Jun Kai\Documents\Qwen Hackathon\.venv\Lib\site-packages\urllib3\connectionpool.py", line 842, in urlopen
    retries = retries.increment(
              ^^^^^^^^^^^^^^^^^^
  File "C:\Users\Ong Jun Kai\Documents\Qwen Hackathon\.venv\Lib\site-packages\urllib3\util\retry.py", line 498, in increment
    raise reraise(type(error), error, _stacktrace)
          ^^^^^^^^^^^^^^^^^^^^^^^^^^^^^^^^^^^^^^^^
  File "C:\Users\Ong Jun Kai\Documents\Qwen Hackathon\.venv\Lib\site-packages\urllib3\util\util.py", line 39, in reraise
    raise value
  File "C:\Users\Ong Jun Kai\Documents\Qwen Hackathon\.venv\Lib\site-packages\urllib3\connectionpool.py", line 788, in urlopen
    response = self._make_request(
               ^^^^^^^^^^^^^^^^^^^
  File "C:\Users\Ong Jun Kai\Documents\Qwen Hackathon\.venv\Lib\site-packages\urllib3\connectionpool.py", line 536, in _make_request
    self._raise_timeout(err=e, url=url, timeout_value=read_timeout)
  File "C:\Users\Ong Jun Kai\Documents\Qwen Hackathon\.venv\Lib\site-packages\urllib3\connectionpool.py", line 367, in _raise_timeout
    raise ReadTimeoutError(
urllib3.exceptions.ReadTimeoutError: HTTPSConnectionPool(host='token-plan.ap-southeast-1.maas.aliyuncs.com', port=443): Read timed out. (read timeout=120)

During handling of the above exception, another exception occurred:

Traceback (most recent call last):
  File "C:\Users\Ong Jun Kai\Documents\Qwen Hackathon\benchmark\qwen38_baseline.py", line 86, in _run_one
    letter, usage = await asyncio.to_thread(_ask_once, item.question, item.choices)
                    ^^^^^^^^^^^^^^^^^^^^^^^^^^^^^^^^^^^^^^^^^^^^^^^^^^^^^^^^^^^^^^^
  File "C:\Users\Ong Jun Kai\AppData\Local\Programs\Python\Python312\Lib\asyncio\threads.py", line 25, in to_thread
    return await loop.run_in_executor(None, func_call)
           ^^^^^^^^^^^^^^^^^^^^^^^^^^^^^^^^^^^^^^^^^^^
  File "C:\Users\Ong Jun Kai\AppData\Local\Programs\Python\Python312\Lib\concurrent\futures\thread.py", line 59, in run
    result = self.fn(*self.args, **self.kwargs)
             ^^^^^^^^^^^^^^^^^^^^^^^^^^^^^^^^^^
  File "C:\Users\Ong Jun Kai\Documents\Qwen Hackathon\benchmark\qwen38_baseline.py", line 65, in _ask_once
    resp = requests.post(MESSAGES_URL, headers=headers, json=body, timeout=120)
           ^^^^^^^^^^^^^^^^^^^^^^^^^^^^^^^^^^^^^^^^^^^^^^^^^^^^^^^^^^^^^^^^^^^^
  File "C:\Users\Ong Jun Kai\Documents\Qwen Hackathon\.venv\Lib\site-packages\requests\api.py", line 134, in post
    return request("post", url, data=data, json=json, **kwargs)
           ^^^^^^^^^^^^^^^^^^^^^^^^^^^^^^^^^^^^^^^^^^^^^^^^^^^^
  File "C:\Users\Ong Jun Kai\Documents\Qwen Hackathon\.venv\Lib\site-packages\requests\api.py", line 71, in request
    return session.request(method=method, url=url, **kwargs)
           ^^^^^^^^^^^^^^^^^^^^^^^^^^^^^^^^^^^^^^^^^^^^^^^^^
  File "C:\Users\Ong Jun Kai\Documents\Qwen Hackathon\.venv\Lib\site-packages\requests\sessions.py", line 651, in request
    resp = self.send(prep, **send_kwargs)
           ^^^^^^^^^^^^^^^^^^^^^^^^^^^^^^
  File "C:\Users\Ong Jun Kai\Documents\Qwen Hackathon\.venv\Lib\site-packages\requests\sessions.py", line 784, in send
    r = adapter.send(request, **kwargs)
        ^^^^^^^^^^^^^^^^^^^^^^^^^^^^^^^
  File "C:\Users\Ong Jun Kai\Documents\Qwen Hackathon\.venv\Lib\site-packages\requests\adapters.py", line 742, in send
    raise ReadTimeout(e, request=request)
requests.exceptions.ReadTimeout: HTTPSConnectionPool(host='token-plan.ap-southeast-1.maas.aliyuncs.com', port=443): Read timed out. (read timeout=120)
2026-07-21 11:53:12,645 ERROR recnTTKdBzfuoZ7w7: DROPPED after unrecoverable error
Traceback (most recent call last):
  File "C:\Users\Ong Jun Kai\Documents\Qwen Hackathon\.venv\Lib\site-packages\urllib3\connectionpool.py", line 534, in _make_request
    response = conn.getresponse()
               ^^^^^^^^^^^^^^^^^^
  File "C:\Users\Ong Jun Kai\Documents\Qwen Hackathon\.venv\Lib\site-packages\urllib3\connection.py", line 571, in getresponse
    httplib_response = super().getresponse()
                       ^^^^^^^^^^^^^^^^^^^^^
  File "C:\Users\Ong Jun Kai\AppData\Local\Programs\Python\Python312\Lib\http\client.py", line 1430, in getresponse
    response.begin()
  File "C:\Users\Ong Jun Kai\AppData\Local\Programs\Python\Python312\Lib\http\client.py", line 331, in begin
    version, status, reason = self._read_status()
                              ^^^^^^^^^^^^^^^^^^^
  File "C:\Users\Ong Jun Kai\AppData\Local\Programs\Python\Python312\Lib\http\client.py", line 292, in _read_status
    line = str(self.fp.readline(_MAXLINE + 1), "iso-8859-1")
               ^^^^^^^^^^^^^^^^^^^^^^^^^^^^^^
  File "C:\Users\Ong Jun Kai\AppData\Local\Programs\Python\Python312\Lib\socket.py", line 720, in readinto
    return self._sock.recv_into(b)
           ^^^^^^^^^^^^^^^^^^^^^^^
  File "C:\Users\Ong Jun Kai\AppData\Local\Programs\Python\Python312\Lib\ssl.py", line 1251, in recv_into
    return self.read(nbytes, buffer)
           ^^^^^^^^^^^^^^^^^^^^^^^^^
  File "C:\Users\Ong Jun Kai\AppData\Local\Programs\Python\Python312\Lib\ssl.py", line 1103, in read
    return self._sslobj.read(len, buffer)
           ^^^^^^^^^^^^^^^^^^^^^^^^^^^^^^
TimeoutError: The read operation timed out

The above exception was the direct cause of the following exception:

Traceback (most recent call last):
  File "C:\Users\Ong Jun Kai\Documents\Qwen Hackathon\.venv\Lib\site-packages\requests\adapters.py", line 696, in send
    resp = conn.urlopen(
           ^^^^^^^^^^^^^
  File "C:\Users\Ong Jun Kai\Documents\Qwen Hackathon\.venv\Lib\site-packages\urllib3\connectionpool.py", line 842, in urlopen
    retries = retries.increment(
              ^^^^^^^^^^^^^^^^^^
  File "C:\Users\Ong Jun Kai\Documents\Qwen Hackathon\.venv\Lib\site-packages\urllib3\util\retry.py", line 498, in increment
    raise reraise(type(error), error, _stacktrace)
          ^^^^^^^^^^^^^^^^^^^^^^^^^^^^^^^^^^^^^^^^
  File "C:\Users\Ong Jun Kai\Documents\Qwen Hackathon\.venv\Lib\site-packages\urllib3\util\util.py", line 39, in reraise
    raise value
  File "C:\Users\Ong Jun Kai\Documents\Qwen Hackathon\.venv\Lib\site-packages\urllib3\connectionpool.py", line 788, in urlopen
    response = self._make_request(
               ^^^^^^^^^^^^^^^^^^^
  File "C:\Users\Ong Jun Kai\Documents\Qwen Hackathon\.venv\Lib\site-packages\urllib3\connectionpool.py", line 536, in _make_request
    self._raise_timeout(err=e, url=url, timeout_value=read_timeout)
  File "C:\Users\Ong Jun Kai\Documents\Qwen Hackathon\.venv\Lib\site-packages\urllib3\connectionpool.py", line 367, in _raise_timeout
    raise ReadTimeoutError(
urllib3.exceptions.ReadTimeoutError: HTTPSConnectionPool(host='token-plan.ap-southeast-1.maas.aliyuncs.com', port=443): Read timed out. (read timeout=120)

During handling of the above exception, another exception occurred:

Traceback (most recent call last):
  File "C:\Users\Ong Jun Kai\Documents\Qwen Hackathon\benchmark\qwen38_baseline.py", line 86, in _run_one
    letter, usage = await asyncio.to_thread(_ask_once, item.question, item.choices)
                    ^^^^^^^^^^^^^^^^^^^^^^^^^^^^^^^^^^^^^^^^^^^^^^^^^^^^^^^^^^^^^^^
  File "C:\Users\Ong Jun Kai\AppData\Local\Programs\Python\Python312\Lib\asyncio\threads.py", line 25, in to_thread
    return await loop.run_in_executor(None, func_call)
           ^^^^^^^^^^^^^^^^^^^^^^^^^^^^^^^^^^^^^^^^^^^
  File "C:\Users\Ong Jun Kai\AppData\Local\Programs\Python\Python312\Lib\concurrent\futures\thread.py", line 59, in run
    result = self.fn(*self.args, **self.kwargs)
             ^^^^^^^^^^^^^^^^^^^^^^^^^^^^^^^^^^
  File "C:\Users\Ong Jun Kai\Documents\Qwen Hackathon\benchmark\qwen38_baseline.py", line 65, in _ask_once
    resp = requests.post(MESSAGES_URL, headers=headers, json=body, timeout=120)
           ^^^^^^^^^^^^^^^^^^^^^^^^^^^^^^^^^^^^^^^^^^^^^^^^^^^^^^^^^^^^^^^^^^^^
  File "C:\Users\Ong Jun Kai\Documents\Qwen Hackathon\.venv\Lib\site-packages\requests\api.py", line 134, in post
    return request("post", url, data=data, json=json, **kwargs)
           ^^^^^^^^^^^^^^^^^^^^^^^^^^^^^^^^^^^^^^^^^^^^^^^^^^^^
  File "C:\Users\Ong Jun Kai\Documents\Qwen Hackathon\.venv\Lib\site-packages\requests\api.py", line 71, in request
    return session.request(method=method, url=url, **kwargs)
           ^^^^^^^^^^^^^^^^^^^^^^^^^^^^^^^^^^^^^^^^^^^^^^^^^
  File "C:\Users\Ong Jun Kai\Documents\Qwen Hackathon\.venv\Lib\site-packages\requests\sessions.py", line 651, in request
    resp = self.send(prep, **send_kwargs)
           ^^^^^^^^^^^^^^^^^^^^^^^^^^^^^^
  File "C:\Users\Ong Jun Kai\Documents\Qwen Hackathon\.venv\Lib\site-packages\requests\sessions.py", line 784, in send
    r = adapter.send(request, **kwargs)
        ^^^^^^^^^^^^^^^^^^^^^^^^^^^^^^^
  File "C:\Users\Ong Jun Kai\Documents\Qwen Hackathon\.venv\Lib\site-packages\requests\adapters.py", line 742, in send
    raise ReadTimeout(e, request=request)
requests.exceptions.ReadTimeout: HTTPSConnectionPool(host='token-plan.ap-southeast-1.maas.aliyuncs.com', port=443): Read timed out. (read timeout=120)
2026-07-21 11:54:23,226 ERROR recBhnXrUyTJ6WHIR: DROPPED after unrecoverable error
Traceback (most recent call last):
  File "C:\Users\Ong Jun Kai\Documents\Qwen Hackathon\.venv\Lib\site-packages\urllib3\connectionpool.py", line 534, in _make_request
    response = conn.getresponse()
               ^^^^^^^^^^^^^^^^^^
  File "C:\Users\Ong Jun Kai\Documents\Qwen Hackathon\.venv\Lib\site-packages\urllib3\connection.py", line 571, in getresponse
    httplib_response = super().getresponse()
                       ^^^^^^^^^^^^^^^^^^^^^
  File "C:\Users\Ong Jun Kai\AppData\Local\Programs\Python\Python312\Lib\http\client.py", line 1430, in getresponse
    response.begin()
  File "C:\Users\Ong Jun Kai\AppData\Local\Programs\Python\Python312\Lib\http\client.py", line 331, in begin
    version, status, reason = self._read_status()
                              ^^^^^^^^^^^^^^^^^^^
  File "C:\Users\Ong Jun Kai\AppData\Local\Programs\Python\Python312\Lib\http\client.py", line 292, in _read_status
    line = str(self.fp.readline(_MAXLINE + 1), "iso-8859-1")
               ^^^^^^^^^^^^^^^^^^^^^^^^^^^^^^
  File "C:\Users\Ong Jun Kai\AppData\Local\Programs\Python\Python312\Lib\socket.py", line 720, in readinto
    return self._sock.recv_into(b)
           ^^^^^^^^^^^^^^^^^^^^^^^
  File "C:\Users\Ong Jun Kai\AppData\Local\Programs\Python\Python312\Lib\ssl.py", line 1251, in recv_into
    return self.read(nbytes, buffer)
           ^^^^^^^^^^^^^^^^^^^^^^^^^
  File "C:\Users\Ong Jun Kai\AppData\Local\Programs\Python\Python312\Lib\ssl.py", line 1103, in read
    return self._sslobj.read(len, buffer)
           ^^^^^^^^^^^^^^^^^^^^^^^^^^^^^^
TimeoutError: The read operation timed out

The above exception was the direct cause of the following exception:

Traceback (most recent call last):
  File "C:\Users\Ong Jun Kai\Documents\Qwen Hackathon\.venv\Lib\site-packages\requests\adapters.py", line 696, in send
    resp = conn.urlopen(
           ^^^^^^^^^^^^^
  File "C:\Users\Ong Jun Kai\Documents\Qwen Hackathon\.venv\Lib\site-packages\urllib3\connectionpool.py", line 842, in urlopen
    retries = retries.increment(
              ^^^^^^^^^^^^^^^^^^
  File "C:\Users\Ong Jun Kai\Documents\Qwen Hackathon\.venv\Lib\site-packages\urllib3\util\retry.py", line 498, in increment
    raise reraise(type(error), error, _stacktrace)
          ^^^^^^^^^^^^^^^^^^^^^^^^^^^^^^^^^^^^^^^^
  File "C:\Users\Ong Jun Kai\Documents\Qwen Hackathon\.venv\Lib\site-packages\urllib3\util\util.py", line 39, in reraise
    raise value
  File "C:\Users\Ong Jun Kai\Documents\Qwen Hackathon\.venv\Lib\site-packages\urllib3\connectionpool.py", line 788, in urlopen
    response = self._make_request(
               ^^^^^^^^^^^^^^^^^^^
  File "C:\Users\Ong Jun Kai\Documents\Qwen Hackathon\.venv\Lib\site-packages\urllib3\connectionpool.py", line 536, in _make_request
    self._raise_timeout(err=e, url=url, timeout_value=read_timeout)
  File "C:\Users\Ong Jun Kai\Documents\Qwen Hackathon\.venv\Lib\site-packages\urllib3\connectionpool.py", line 367, in _raise_timeout
    raise ReadTimeoutError(
urllib3.exceptions.ReadTimeoutError: HTTPSConnectionPool(host='token-plan.ap-southeast-1.maas.aliyuncs.com', port=443): Read timed out. (read timeout=120)

During handling of the above exception, another exception occurred:

Traceback (most recent call last):
  File "C:\Users\Ong Jun Kai\Documents\Qwen Hackathon\benchmark\qwen38_baseline.py", line 86, in _run_one
    letter, usage = await asyncio.to_thread(_ask_once, item.question, item.choices)
                    ^^^^^^^^^^^^^^^^^^^^^^^^^^^^^^^^^^^^^^^^^^^^^^^^^^^^^^^^^^^^^^^
  File "C:\Users\Ong Jun Kai\AppData\Local\Programs\Python\Python312\Lib\asyncio\threads.py", line 25, in to_thread
    return await loop.run_in_executor(None, func_call)
           ^^^^^^^^^^^^^^^^^^^^^^^^^^^^^^^^^^^^^^^^^^^
  File "C:\Users\Ong Jun Kai\AppData\Local\Programs\Python\Python312\Lib\concurrent\futures\thread.py", line 59, in run
    result = self.fn(*self.args, **self.kwargs)
             ^^^^^^^^^^^^^^^^^^^^^^^^^^^^^^^^^^
  File "C:\Users\Ong Jun Kai\Documents\Qwen Hackathon\benchmark\qwen38_baseline.py", line 65, in _ask_once
    resp = requests.post(MESSAGES_URL, headers=headers, json=body, timeout=120)
           ^^^^^^^^^^^^^^^^^^^^^^^^^^^^^^^^^^^^^^^^^^^^^^^^^^^^^^^^^^^^^^^^^^^^
  File "C:\Users\Ong Jun Kai\Documents\Qwen Hackathon\.venv\Lib\site-packages\requests\api.py", line 134, in post
    return request("post", url, data=data, json=json, **kwargs)
           ^^^^^^^^^^^^^^^^^^^^^^^^^^^^^^^^^^^^^^^^^^^^^^^^^^^^
  File "C:\Users\Ong Jun Kai\Documents\Qwen Hackathon\.venv\Lib\site-packages\requests\api.py", line 71, in request
    return session.request(method=method, url=url, **kwargs)
           ^^^^^^^^^^^^^^^^^^^^^^^^^^^^^^^^^^^^^^^^^^^^^^^^^
  File "C:\Users\Ong Jun Kai\Documents\Qwen Hackathon\.venv\Lib\site-packages\requests\sessions.py", line 651, in request
    resp = self.send(prep, **send_kwargs)
           ^^^^^^^^^^^^^^^^^^^^^^^^^^^^^^
  File "C:\Users\Ong Jun Kai\Documents\Qwen Hackathon\.venv\Lib\site-packages\requests\sessions.py", line 784, in send
    r = adapter.send(request, **kwargs)
        ^^^^^^^^^^^^^^^^^^^^^^^^^^^^^^^
  File "C:\Users\Ong Jun Kai\Documents\Qwen Hackathon\.venv\Lib\site-packages\requests\adapters.py", line 742, in send
    raise ReadTimeout(e, request=request)
requests.exceptions.ReadTimeout: HTTPSConnectionPool(host='token-plan.ap-southeast-1.maas.aliyuncs.com', port=443): Read timed out. (read timeout=120)
2026-07-21 11:55:12,975 ERROR reca44yABeO2fx7UB: DROPPED after unrecoverable error
Traceback (most recent call last):
  File "C:\Users\Ong Jun Kai\Documents\Qwen Hackathon\.venv\Lib\site-packages\urllib3\connectionpool.py", line 534, in _make_request
    response = conn.getresponse()
               ^^^^^^^^^^^^^^^^^^
  File "C:\Users\Ong Jun Kai\Documents\Qwen Hackathon\.venv\Lib\site-packages\urllib3\connection.py", line 571, in getresponse
    httplib_response = super().getresponse()
                       ^^^^^^^^^^^^^^^^^^^^^
  File "C:\Users\Ong Jun Kai\AppData\Local\Programs\Python\Python312\Lib\http\client.py", line 1430, in getresponse
    response.begin()
  File "C:\Users\Ong Jun Kai\AppData\Local\Programs\Python\Python312\Lib\http\client.py", line 331, in begin
    version, status, reason = self._read_status()
                              ^^^^^^^^^^^^^^^^^^^
  File "C:\Users\Ong Jun Kai\AppData\Local\Programs\Python\Python312\Lib\http\client.py", line 292, in _read_status
    line = str(self.fp.readline(_MAXLINE + 1), "iso-8859-1")
               ^^^^^^^^^^^^^^^^^^^^^^^^^^^^^^
  File "C:\Users\Ong Jun Kai\AppData\Local\Programs\Python\Python312\Lib\socket.py", line 720, in readinto
    return self._sock.recv_into(b)
           ^^^^^^^^^^^^^^^^^^^^^^^
  File "C:\Users\Ong Jun Kai\AppData\Local\Programs\Python\Python312\Lib\ssl.py", line 1251, in recv_into
    return self.read(nbytes, buffer)
           ^^^^^^^^^^^^^^^^^^^^^^^^^
  File "C:\Users\Ong Jun Kai\AppData\Local\Programs\Python\Python312\Lib\ssl.py", line 1103, in read
    return self._sslobj.read(len, buffer)
           ^^^^^^^^^^^^^^^^^^^^^^^^^^^^^^
TimeoutError: The read operation timed out

The above exception was the direct cause of the following exception:

Traceback (most recent call last):
  File "C:\Users\Ong Jun Kai\Documents\Qwen Hackathon\.venv\Lib\site-packages\requests\adapters.py", line 696, in send
    resp = conn.urlopen(
           ^^^^^^^^^^^^^
  File "C:\Users\Ong Jun Kai\Documents\Qwen Hackathon\.venv\Lib\site-packages\urllib3\connectionpool.py", line 842, in urlopen
    retries = retries.increment(
              ^^^^^^^^^^^^^^^^^^
  File "C:\Users\Ong Jun Kai\Documents\Qwen Hackathon\.venv\Lib\site-packages\urllib3\util\retry.py", line 498, in increment
    raise reraise(type(error), error, _stacktrace)
          ^^^^^^^^^^^^^^^^^^^^^^^^^^^^^^^^^^^^^^^^
  File "C:\Users\Ong Jun Kai\Documents\Qwen Hackathon\.venv\Lib\site-packages\urllib3\util\util.py", line 39, in reraise
    raise value
  File "C:\Users\Ong Jun Kai\Documents\Qwen Hackathon\.venv\Lib\site-packages\urllib3\connectionpool.py", line 788, in urlopen
    response = self._make_request(
               ^^^^^^^^^^^^^^^^^^^
  File "C:\Users\Ong Jun Kai\Documents\Qwen Hackathon\.venv\Lib\site-packages\urllib3\connectionpool.py", line 536, in _make_request
    self._raise_timeout(err=e, url=url, timeout_value=read_timeout)
  File "C:\Users\Ong Jun Kai\Documents\Qwen Hackathon\.venv\Lib\site-packages\urllib3\connectionpool.py", line 367, in _raise_timeout
    raise ReadTimeoutError(
urllib3.exceptions.ReadTimeoutError: HTTPSConnectionPool(host='token-plan.ap-southeast-1.maas.aliyuncs.com', port=443): Read timed out. (read timeout=120)

During handling of the above exception, another exception occurred:

Traceback (most recent call last):
  File "C:\Users\Ong Jun Kai\Documents\Qwen Hackathon\benchmark\qwen38_baseline.py", line 86, in _run_one
    letter, usage = await asyncio.to_thread(_ask_once, item.question, item.choices)
                    ^^^^^^^^^^^^^^^^^^^^^^^^^^^^^^^^^^^^^^^^^^^^^^^^^^^^^^^^^^^^^^^
  File "C:\Users\Ong Jun Kai\AppData\Local\Programs\Python\Python312\Lib\asyncio\threads.py", line 25, in to_thread
    return await loop.run_in_executor(None, func_call)
           ^^^^^^^^^^^^^^^^^^^^^^^^^^^^^^^^^^^^^^^^^^^
  File "C:\Users\Ong Jun Kai\AppData\Local\Programs\Python\Python312\Lib\concurrent\futures\thread.py", line 59, in run
    result = self.fn(*self.args, **self.kwargs)
             ^^^^^^^^^^^^^^^^^^^^^^^^^^^^^^^^^^
  File "C:\Users\Ong Jun Kai\Documents\Qwen Hackathon\benchmark\qwen38_baseline.py", line 65, in _ask_once
    resp = requests.post(MESSAGES_URL, headers=headers, json=body, timeout=120)
           ^^^^^^^^^^^^^^^^^^^^^^^^^^^^^^^^^^^^^^^^^^^^^^^^^^^^^^^^^^^^^^^^^^^^
  File "C:\Users\Ong Jun Kai\Documents\Qwen Hackathon\.venv\Lib\site-packages\requests\api.py", line 134, in post
    return request("post", url, data=data, json=json, **kwargs)
           ^^^^^^^^^^^^^^^^^^^^^^^^^^^^^^^^^^^^^^^^^^^^^^^^^^^^
  File "C:\Users\Ong Jun Kai\Documents\Qwen Hackathon\.venv\Lib\site-packages\requests\api.py", line 71, in request
    return session.request(method=method, url=url, **kwargs)
           ^^^^^^^^^^^^^^^^^^^^^^^^^^^^^^^^^^^^^^^^^^^^^^^^^
  File "C:\Users\Ong Jun Kai\Documents\Qwen Hackathon\.venv\Lib\site-packages\requests\sessions.py", line 651, in request
    resp = self.send(prep, **send_kwargs)
           ^^^^^^^^^^^^^^^^^^^^^^^^^^^^^^
  File "C:\Users\Ong Jun Kai\Documents\Qwen Hackathon\.venv\Lib\site-packages\requests\sessions.py", line 784, in send
    r = adapter.send(request, **kwargs)
        ^^^^^^^^^^^^^^^^^^^^^^^^^^^^^^^
  File "C:\Users\Ong Jun Kai\Documents\Qwen Hackathon\.venv\Lib\site-packages\requests\adapters.py", line 742, in send
    raise ReadTimeout(e, request=request)
requests.exceptions.ReadTimeout: HTTPSConnectionPool(host='token-plan.ap-southeast-1.maas.aliyuncs.com', port=443): Read timed out. (read timeout=120)
2026-07-21 11:56:23,409 ERROR recyrk6XBVwugG5u8: DROPPED after unrecoverable error
Traceback (most recent call last):
  File "C:\Users\Ong Jun Kai\Documents\Qwen Hackathon\.venv\Lib\site-packages\urllib3\connectionpool.py", line 534, in _make_request
    response = conn.getresponse()
               ^^^^^^^^^^^^^^^^^^
  File "C:\Users\Ong Jun Kai\Documents\Qwen Hackathon\.venv\Lib\site-packages\urllib3\connection.py", line 571, in getresponse
    httplib_response = super().getresponse()
                       ^^^^^^^^^^^^^^^^^^^^^
  File "C:\Users\Ong Jun Kai\AppData\Local\Programs\Python\Python312\Lib\http\client.py", line 1430, in getresponse
    response.begin()
  File "C:\Users\Ong Jun Kai\AppData\Local\Programs\Python\Python312\Lib\http\client.py", line 331, in begin
    version, status, reason = self._read_status()
                              ^^^^^^^^^^^^^^^^^^^
  File "C:\Users\Ong Jun Kai\AppData\Local\Programs\Python\Python312\Lib\http\client.py", line 292, in _read_status
    line = str(self.fp.readline(_MAXLINE + 1), "iso-8859-1")
               ^^^^^^^^^^^^^^^^^^^^^^^^^^^^^^
  File "C:\Users\Ong Jun Kai\AppData\Local\Programs\Python\Python312\Lib\socket.py", line 720, in readinto
    return self._sock.recv_into(b)
           ^^^^^^^^^^^^^^^^^^^^^^^
  File "C:\Users\Ong Jun Kai\AppData\Local\Programs\Python\Python312\Lib\ssl.py", line 1251, in recv_into
    return self.read(nbytes, buffer)
           ^^^^^^^^^^^^^^^^^^^^^^^^^
  File "C:\Users\Ong Jun Kai\AppData\Local\Programs\Python\Python312\Lib\ssl.py", line 1103, in read
    return self._sslobj.read(len, buffer)
           ^^^^^^^^^^^^^^^^^^^^^^^^^^^^^^
TimeoutError: The read operation timed out

The above exception was the direct cause of the following exception:

Traceback (most recent call last):
  File "C:\Users\Ong Jun Kai\Documents\Qwen Hackathon\.venv\Lib\site-packages\requests\adapters.py", line 696, in send
    resp = conn.urlopen(
           ^^^^^^^^^^^^^
  File "C:\Users\Ong Jun Kai\Documents\Qwen Hackathon\.venv\Lib\site-packages\urllib3\connectionpool.py", line 842, in urlopen
    retries = retries.increment(
              ^^^^^^^^^^^^^^^^^^
  File "C:\Users\Ong Jun Kai\Documents\Qwen Hackathon\.venv\Lib\site-packages\urllib3\util\retry.py", line 498, in increment
    raise reraise(type(error), error, _stacktrace)
          ^^^^^^^^^^^^^^^^^^^^^^^^^^^^^^^^^^^^^^^^
  File "C:\Users\Ong Jun Kai\Documents\Qwen Hackathon\.venv\Lib\site-packages\urllib3\util\util.py", line 39, in reraise
    raise value
  File "C:\Users\Ong Jun Kai\Documents\Qwen Hackathon\.venv\Lib\site-packages\urllib3\connectionpool.py", line 788, in urlopen
    response = self._make_request(
               ^^^^^^^^^^^^^^^^^^^
  File "C:\Users\Ong Jun Kai\Documents\Qwen Hackathon\.venv\Lib\site-packages\urllib3\connectionpool.py", line 536, in _make_request
    self._raise_timeout(err=e, url=url, timeout_value=read_timeout)
  File "C:\Users\Ong Jun Kai\Documents\Qwen Hackathon\.venv\Lib\site-packages\urllib3\connectionpool.py", line 367, in _raise_timeout
    raise ReadTimeoutError(
urllib3.exceptions.ReadTimeoutError: HTTPSConnectionPool(host='token-plan.ap-southeast-1.maas.aliyuncs.com', port=443): Read timed out. (read timeout=120)

During handling of the above exception, another exception occurred:

Traceback (most recent call last):
  File "C:\Users\Ong Jun Kai\Documents\Qwen Hackathon\benchmark\qwen38_baseline.py", line 86, in _run_one
    letter, usage = await asyncio.to_thread(_ask_once, item.question, item.choices)
                    ^^^^^^^^^^^^^^^^^^^^^^^^^^^^^^^^^^^^^^^^^^^^^^^^^^^^^^^^^^^^^^^
  File "C:\Users\Ong Jun Kai\AppData\Local\Programs\Python\Python312\Lib\asyncio\threads.py", line 25, in to_thread
    return await loop.run_in_executor(None, func_call)
           ^^^^^^^^^^^^^^^^^^^^^^^^^^^^^^^^^^^^^^^^^^^
  File "C:\Users\Ong Jun Kai\AppData\Local\Programs\Python\Python312\Lib\concurrent\futures\thread.py", line 59, in run
    result = self.fn(*self.args, **self.kwargs)
             ^^^^^^^^^^^^^^^^^^^^^^^^^^^^^^^^^^
  File "C:\Users\Ong Jun Kai\Documents\Qwen Hackathon\benchmark\qwen38_baseline.py", line 65, in _ask_once
    resp = requests.post(MESSAGES_URL, headers=headers, json=body, timeout=120)
           ^^^^^^^^^^^^^^^^^^^^^^^^^^^^^^^^^^^^^^^^^^^^^^^^^^^^^^^^^^^^^^^^^^^^
  File "C:\Users\Ong Jun Kai\Documents\Qwen Hackathon\.venv\Lib\site-packages\requests\api.py", line 134, in post
    return request("post", url, data=data, json=json, **kwargs)
           ^^^^^^^^^^^^^^^^^^^^^^^^^^^^^^^^^^^^^^^^^^^^^^^^^^^^
  File "C:\Users\Ong Jun Kai\Documents\Qwen Hackathon\.venv\Lib\site-packages\requests\api.py", line 71, in request
    return session.request(method=method, url=url, **kwargs)
           ^^^^^^^^^^^^^^^^^^^^^^^^^^^^^^^^^^^^^^^^^^^^^^^^^
  File "C:\Users\Ong Jun Kai\Documents\Qwen Hackathon\.venv\Lib\site-packages\requests\sessions.py", line 651, in request
    resp = self.send(prep, **send_kwargs)
           ^^^^^^^^^^^^^^^^^^^^^^^^^^^^^^
  File "C:\Users\Ong Jun Kai\Documents\Qwen Hackathon\.venv\Lib\site-packages\requests\sessions.py", line 784, in send
    r = adapter.send(request, **kwargs)
        ^^^^^^^^^^^^^^^^^^^^^^^^^^^^^^^
  File "C:\Users\Ong Jun Kai\Documents\Qwen Hackathon\.venv\Lib\site-packages\requests\adapters.py", line 742, in send
    raise ReadTimeout(e, request=request)
requests.exceptions.ReadTimeout: HTTPSConnectionPool(host='token-plan.ap-southeast-1.maas.aliyuncs.com', port=443): Read timed out. (read timeout=120)
2026-07-21 11:57:13,276 ERROR recs3PLPUEMiqg4P8: DROPPED after unrecoverable error
Traceback (most recent call last):
  File "C:\Users\Ong Jun Kai\Documents\Qwen Hackathon\.venv\Lib\site-packages\urllib3\connectionpool.py", line 534, in _make_request
    response = conn.getresponse()
               ^^^^^^^^^^^^^^^^^^
  File "C:\Users\Ong Jun Kai\Documents\Qwen Hackathon\.venv\Lib\site-packages\urllib3\connection.py", line 571, in getresponse
    httplib_response = super().getresponse()
                       ^^^^^^^^^^^^^^^^^^^^^
  File "C:\Users\Ong Jun Kai\AppData\Local\Programs\Python\Python312\Lib\http\client.py", line 1430, in getresponse
    response.begin()
  File "C:\Users\Ong Jun Kai\AppData\Local\Programs\Python\Python312\Lib\http\client.py", line 331, in begin
    version, status, reason = self._read_status()
                              ^^^^^^^^^^^^^^^^^^^
  File "C:\Users\Ong Jun Kai\AppData\Local\Programs\Python\Python312\Lib\http\client.py", line 292, in _read_status
    line = str(self.fp.readline(_MAXLINE + 1), "iso-8859-1")
               ^^^^^^^^^^^^^^^^^^^^^^^^^^^^^^
  File "C:\Users\Ong Jun Kai\AppData\Local\Programs\Python\Python312\Lib\socket.py", line 720, in readinto
    return self._sock.recv_into(b)
           ^^^^^^^^^^^^^^^^^^^^^^^
  File "C:\Users\Ong Jun Kai\AppData\Local\Programs\Python\Python312\Lib\ssl.py", line 1251, in recv_into
    return self.read(nbytes, buffer)
           ^^^^^^^^^^^^^^^^^^^^^^^^^
  File "C:\Users\Ong Jun Kai\AppData\Local\Programs\Python\Python312\Lib\ssl.py", line 1103, in read
    return self._sslobj.read(len, buffer)
           ^^^^^^^^^^^^^^^^^^^^^^^^^^^^^^
TimeoutError: The read operation timed out

The above exception was the direct cause of the following exception:

Traceback (most recent call last):
  File "C:\Users\Ong Jun Kai\Documents\Qwen Hackathon\.venv\Lib\site-packages\requests\adapters.py", line 696, in send
    resp = conn.urlopen(
           ^^^^^^^^^^^^^
  File "C:\Users\Ong Jun Kai\Documents\Qwen Hackathon\.venv\Lib\site-packages\urllib3\connectionpool.py", line 842, in urlopen
    retries = retries.increment(
              ^^^^^^^^^^^^^^^^^^
  File "C:\Users\Ong Jun Kai\Documents\Qwen Hackathon\.venv\Lib\site-packages\urllib3\util\retry.py", line 498, in increment
    raise reraise(type(error), error, _stacktrace)
          ^^^^^^^^^^^^^^^^^^^^^^^^^^^^^^^^^^^^^^^^
  File "C:\Users\Ong Jun Kai\Documents\Qwen Hackathon\.venv\Lib\site-packages\urllib3\util\util.py", line 39, in reraise
    raise value
  File "C:\Users\Ong Jun Kai\Documents\Qwen Hackathon\.venv\Lib\site-packages\urllib3\connectionpool.py", line 788, in urlopen
    response = self._make_request(
               ^^^^^^^^^^^^^^^^^^^
  File "C:\Users\Ong Jun Kai\Documents\Qwen Hackathon\.venv\Lib\site-packages\urllib3\connectionpool.py", line 536, in _make_request
    self._raise_timeout(err=e, url=url, timeout_value=read_timeout)
  File "C:\Users\Ong Jun Kai\Documents\Qwen Hackathon\.venv\Lib\site-packages\urllib3\connectionpool.py", line 367, in _raise_timeout
    raise ReadTimeoutError(
urllib3.exceptions.ReadTimeoutError: HTTPSConnectionPool(host='token-plan.ap-southeast-1.maas.aliyuncs.com', port=443): Read timed out. (read timeout=120)

During handling of the above exception, another exception occurred:

Traceback (most recent call last):
  File "C:\Users\Ong Jun Kai\Documents\Qwen Hackathon\benchmark\qwen38_baseline.py", line 86, in _run_one
    letter, usage = await asyncio.to_thread(_ask_once, item.question, item.choices)
                    ^^^^^^^^^^^^^^^^^^^^^^^^^^^^^^^^^^^^^^^^^^^^^^^^^^^^^^^^^^^^^^^
  File "C:\Users\Ong Jun Kai\AppData\Local\Programs\Python\Python312\Lib\asyncio\threads.py", line 25, in to_thread
    return await loop.run_in_executor(None, func_call)
           ^^^^^^^^^^^^^^^^^^^^^^^^^^^^^^^^^^^^^^^^^^^
  File "C:\Users\Ong Jun Kai\AppData\Local\Programs\Python\Python312\Lib\concurrent\futures\thread.py", line 59, in run
    result = self.fn(*self.args, **self.kwargs)
             ^^^^^^^^^^^^^^^^^^^^^^^^^^^^^^^^^^
  File "C:\Users\Ong Jun Kai\Documents\Qwen Hackathon\benchmark\qwen38_baseline.py", line 65, in _ask_once
    resp = requests.post(MESSAGES_URL, headers=headers, json=body, timeout=120)
           ^^^^^^^^^^^^^^^^^^^^^^^^^^^^^^^^^^^^^^^^^^^^^^^^^^^^^^^^^^^^^^^^^^^^
  File "C:\Users\Ong Jun Kai\Documents\Qwen Hackathon\.venv\Lib\site-packages\requests\api.py", line 134, in post
    return request("post", url, data=data, json=json, **kwargs)
           ^^^^^^^^^^^^^^^^^^^^^^^^^^^^^^^^^^^^^^^^^^^^^^^^^^^^
  File "C:\Users\Ong Jun Kai\Documents\Qwen Hackathon\.venv\Lib\site-packages\requests\api.py", line 71, in request
    return session.request(method=method, url=url, **kwargs)
           ^^^^^^^^^^^^^^^^^^^^^^^^^^^^^^^^^^^^^^^^^^^^^^^^^
  File "C:\Users\Ong Jun Kai\Documents\Qwen Hackathon\.venv\Lib\site-packages\requests\sessions.py", line 651, in request
    resp = self.send(prep, **send_kwargs)
           ^^^^^^^^^^^^^^^^^^^^^^^^^^^^^^
  File "C:\Users\Ong Jun Kai\Documents\Qwen Hackathon\.venv\Lib\site-packages\requests\sessions.py", line 784, in send
    r = adapter.send(request, **kwargs)
        ^^^^^^^^^^^^^^^^^^^^^^^^^^^^^^^
  File "C:\Users\Ong Jun Kai\Documents\Qwen Hackathon\.venv\Lib\site-packages\requests\adapters.py", line 742, in send
    raise ReadTimeout(e, request=request)
requests.exceptions.ReadTimeout: HTTPSConnectionPool(host='token-plan.ap-southeast-1.maas.aliyuncs.com', port=443): Read timed out. (read timeout=120)
2026-07-21 11:58:23,643 ERROR recclFbsjbaiVVnnV: DROPPED after unrecoverable error
Traceback (most recent call last):
  File "C:\Users\Ong Jun Kai\Documents\Qwen Hackathon\.venv\Lib\site-packages\urllib3\connectionpool.py", line 534, in _make_request
    response = conn.getresponse()
               ^^^^^^^^^^^^^^^^^^
  File "C:\Users\Ong Jun Kai\Documents\Qwen Hackathon\.venv\Lib\site-packages\urllib3\connection.py", line 571, in getresponse
    httplib_response = super().getresponse()
                       ^^^^^^^^^^^^^^^^^^^^^
  File "C:\Users\Ong Jun Kai\AppData\Local\Programs\Python\Python312\Lib\http\client.py", line 1430, in getresponse
    response.begin()
  File "C:\Users\Ong Jun Kai\AppData\Local\Programs\Python\Python312\Lib\http\client.py", line 331, in begin
    version, status, reason = self._read_status()
                              ^^^^^^^^^^^^^^^^^^^
  File "C:\Users\Ong Jun Kai\AppData\Local\Programs\Python\Python312\Lib\http\client.py", line 292, in _read_status
    line = str(self.fp.readline(_MAXLINE + 1), "iso-8859-1")
               ^^^^^^^^^^^^^^^^^^^^^^^^^^^^^^
  File "C:\Users\Ong Jun Kai\AppData\Local\Programs\Python\Python312\Lib\socket.py", line 720, in readinto
    return self._sock.recv_into(b)
           ^^^^^^^^^^^^^^^^^^^^^^^
  File "C:\Users\Ong Jun Kai\AppData\Local\Programs\Python\Python312\Lib\ssl.py", line 1251, in recv_into
    return self.read(nbytes, buffer)
           ^^^^^^^^^^^^^^^^^^^^^^^^^
  File "C:\Users\Ong Jun Kai\AppData\Local\Programs\Python\Python312\Lib\ssl.py", line 1103, in read
    return self._sslobj.read(len, buffer)
           ^^^^^^^^^^^^^^^^^^^^^^^^^^^^^^
TimeoutError: The read operation timed out

The above exception was the direct cause of the following exception:

Traceback (most recent call last):
  File "C:\Users\Ong Jun Kai\Documents\Qwen Hackathon\.venv\Lib\site-packages\requests\adapters.py", line 696, in send
    resp = conn.urlopen(
           ^^^^^^^^^^^^^
  File "C:\Users\Ong Jun Kai\Documents\Qwen Hackathon\.venv\Lib\site-packages\urllib3\connectionpool.py", line 842, in urlopen
    retries = retries.increment(
              ^^^^^^^^^^^^^^^^^^
  File "C:\Users\Ong Jun Kai\Documents\Qwen Hackathon\.venv\Lib\site-packages\urllib3\util\retry.py", line 498, in increment
    raise reraise(type(error), error, _stacktrace)
          ^^^^^^^^^^^^^^^^^^^^^^^^^^^^^^^^^^^^^^^^
  File "C:\Users\Ong Jun Kai\Documents\Qwen Hackathon\.venv\Lib\site-packages\urllib3\util\util.py", line 39, in reraise
    raise value
  File "C:\Users\Ong Jun Kai\Documents\Qwen Hackathon\.venv\Lib\site-packages\urllib3\connectionpool.py", line 788, in urlopen
    response = self._make_request(
               ^^^^^^^^^^^^^^^^^^^
  File "C:\Users\Ong Jun Kai\Documents\Qwen Hackathon\.venv\Lib\site-packages\urllib3\connectionpool.py", line 536, in _make_request
    self._raise_timeout(err=e, url=url, timeout_value=read_timeout)
  File "C:\Users\Ong Jun Kai\Documents\Qwen Hackathon\.venv\Lib\site-packages\urllib3\connectionpool.py", line 367, in _raise_timeout
    raise ReadTimeoutError(
urllib3.exceptions.ReadTimeoutError: HTTPSConnectionPool(host='token-plan.ap-southeast-1.maas.aliyuncs.com', port=443): Read timed out. (read timeout=120)

During handling of the above exception, another exception occurred:

Traceback (most recent call last):
  File "C:\Users\Ong Jun Kai\Documents\Qwen Hackathon\benchmark\qwen38_baseline.py", line 86, in _run_one
    letter, usage = await asyncio.to_thread(_ask_once, item.question, item.choices)
                    ^^^^^^^^^^^^^^^^^^^^^^^^^^^^^^^^^^^^^^^^^^^^^^^^^^^^^^^^^^^^^^^
  File "C:\Users\Ong Jun Kai\AppData\Local\Programs\Python\Python312\Lib\asyncio\threads.py", line 25, in to_thread
    return await loop.run_in_executor(None, func_call)
           ^^^^^^^^^^^^^^^^^^^^^^^^^^^^^^^^^^^^^^^^^^^
  File "C:\Users\Ong Jun Kai\AppData\Local\Programs\Python\Python312\Lib\concurrent\futures\thread.py", line 59, in run
    result = self.fn(*self.args, **self.kwargs)
             ^^^^^^^^^^^^^^^^^^^^^^^^^^^^^^^^^^
  File "C:\Users\Ong Jun Kai\Documents\Qwen Hackathon\benchmark\qwen38_baseline.py", line 65, in _ask_once
    resp = requests.post(MESSAGES_URL, headers=headers, json=body, timeout=120)
           ^^^^^^^^^^^^^^^^^^^^^^^^^^^^^^^^^^^^^^^^^^^^^^^^^^^^^^^^^^^^^^^^^^^^
  File "C:\Users\Ong Jun Kai\Documents\Qwen Hackathon\.venv\Lib\site-packages\requests\api.py", line 134, in post
    return request("post", url, data=data, json=json, **kwargs)
           ^^^^^^^^^^^^^^^^^^^^^^^^^^^^^^^^^^^^^^^^^^^^^^^^^^^^
  File "C:\Users\Ong Jun Kai\Documents\Qwen Hackathon\.venv\Lib\site-packages\requests\api.py", line 71, in request
    return session.request(method=method, url=url, **kwargs)
           ^^^^^^^^^^^^^^^^^^^^^^^^^^^^^^^^^^^^^^^^^^^^^^^^^
  File "C:\Users\Ong Jun Kai\Documents\Qwen Hackathon\.venv\Lib\site-packages\requests\sessions.py", line 651, in request
    resp = self.send(prep, **send_kwargs)
           ^^^^^^^^^^^^^^^^^^^^^^^^^^^^^^
  File "C:\Users\Ong Jun Kai\Documents\Qwen Hackathon\.venv\Lib\site-packages\requests\sessions.py", line 784, in send
    r = adapter.send(request, **kwargs)
        ^^^^^^^^^^^^^^^^^^^^^^^^^^^^^^^
  File "C:\Users\Ong Jun Kai\Documents\Qwen Hackathon\.venv\Lib\site-packages\requests\adapters.py", line 742, in send
    raise ReadTimeout(e, request=request)
requests.exceptions.ReadTimeout: HTTPSConnectionPool(host='token-plan.ap-southeast-1.maas.aliyuncs.com', port=443): Read timed out. (read timeout=120)
2026-07-21 11:58:34,793 INFO recvlnu8BuLmXZhSX: C(correct) input_tokens=265 output_tokens=545 latency=11.1s
2026-07-21 11:59:13,465 ERROR reck4G4xxv3YnpbtQ: DROPPED after unrecoverable error
Traceback (most recent call last):
  File "C:\Users\Ong Jun Kai\Documents\Qwen Hackathon\.venv\Lib\site-packages\urllib3\connectionpool.py", line 534, in _make_request
    response = conn.getresponse()
               ^^^^^^^^^^^^^^^^^^
  File "C:\Users\Ong Jun Kai\Documents\Qwen Hackathon\.venv\Lib\site-packages\urllib3\connection.py", line 571, in getresponse
    httplib_response = super().getresponse()
                       ^^^^^^^^^^^^^^^^^^^^^
  File "C:\Users\Ong Jun Kai\AppData\Local\Programs\Python\Python312\Lib\http\client.py", line 1430, in getresponse
    response.begin()
  File "C:\Users\Ong Jun Kai\AppData\Local\Programs\Python\Python312\Lib\http\client.py", line 331, in begin
    version, status, reason = self._read_status()
                              ^^^^^^^^^^^^^^^^^^^
  File "C:\Users\Ong Jun Kai\AppData\Local\Programs\Python\Python312\Lib\http\client.py", line 292, in _read_status
    line = str(self.fp.readline(_MAXLINE + 1), "iso-8859-1")
               ^^^^^^^^^^^^^^^^^^^^^^^^^^^^^^
  File "C:\Users\Ong Jun Kai\AppData\Local\Programs\Python\Python312\Lib\socket.py", line 720, in readinto
    return self._sock.recv_into(b)
           ^^^^^^^^^^^^^^^^^^^^^^^
  File "C:\Users\Ong Jun Kai\AppData\Local\Programs\Python\Python312\Lib\ssl.py", line 1251, in recv_into
    return self.read(nbytes, buffer)
           ^^^^^^^^^^^^^^^^^^^^^^^^^
  File "C:\Users\Ong Jun Kai\AppData\Local\Programs\Python\Python312\Lib\ssl.py", line 1103, in read
    return self._sslobj.read(len, buffer)
           ^^^^^^^^^^^^^^^^^^^^^^^^^^^^^^
TimeoutError: The read operation timed out

The above exception was the direct cause of the following exception:

Traceback (most recent call last):
  File "C:\Users\Ong Jun Kai\Documents\Qwen Hackathon\.venv\Lib\site-packages\requests\adapters.py", line 696, in send
    resp = conn.urlopen(
           ^^^^^^^^^^^^^
  File "C:\Users\Ong Jun Kai\Documents\Qwen Hackathon\.venv\Lib\site-packages\urllib3\connectionpool.py", line 842, in urlopen
    retries = retries.increment(
              ^^^^^^^^^^^^^^^^^^
  File "C:\Users\Ong Jun Kai\Documents\Qwen Hackathon\.venv\Lib\site-packages\urllib3\util\retry.py", line 498, in increment
    raise reraise(type(error), error, _stacktrace)
          ^^^^^^^^^^^^^^^^^^^^^^^^^^^^^^^^^^^^^^^^
  File "C:\Users\Ong Jun Kai\Documents\Qwen Hackathon\.venv\Lib\site-packages\urllib3\util\util.py", line 39, in reraise
    raise value
  File "C:\Users\Ong Jun Kai\Documents\Qwen Hackathon\.venv\Lib\site-packages\urllib3\connectionpool.py", line 788, in urlopen
    response = self._make_request(
               ^^^^^^^^^^^^^^^^^^^
  File "C:\Users\Ong Jun Kai\Documents\Qwen Hackathon\.venv\Lib\site-packages\urllib3\connectionpool.py", line 536, in _make_request
    self._raise_timeout(err=e, url=url, timeout_value=read_timeout)
  File "C:\Users\Ong Jun Kai\Documents\Qwen Hackathon\.venv\Lib\site-packages\urllib3\connectionpool.py", line 367, in _raise_timeout
    raise ReadTimeoutError(
urllib3.exceptions.ReadTimeoutError: HTTPSConnectionPool(host='token-plan.ap-southeast-1.maas.aliyuncs.com', port=443): Read timed out. (read timeout=120)

During handling of the above exception, another exception occurred:

Traceback (most recent call last):
  File "C:\Users\Ong Jun Kai\Documents\Qwen Hackathon\benchmark\qwen38_baseline.py", line 86, in _run_one
    letter, usage = await asyncio.to_thread(_ask_once, item.question, item.choices)
                    ^^^^^^^^^^^^^^^^^^^^^^^^^^^^^^^^^^^^^^^^^^^^^^^^^^^^^^^^^^^^^^^
  File "C:\Users\Ong Jun Kai\AppData\Local\Programs\Python\Python312\Lib\asyncio\threads.py", line 25, in to_thread
    return await loop.run_in_executor(None, func_call)
           ^^^^^^^^^^^^^^^^^^^^^^^^^^^^^^^^^^^^^^^^^^^
  File "C:\Users\Ong Jun Kai\AppData\Local\Programs\Python\Python312\Lib\concurrent\futures\thread.py", line 59, in run
    result = self.fn(*self.args, **self.kwargs)
             ^^^^^^^^^^^^^^^^^^^^^^^^^^^^^^^^^^
  File "C:\Users\Ong Jun Kai\Documents\Qwen Hackathon\benchmark\qwen38_baseline.py", line 65, in _ask_once
    resp = requests.post(MESSAGES_URL, headers=headers, json=body, timeout=120)
           ^^^^^^^^^^^^^^^^^^^^^^^^^^^^^^^^^^^^^^^^^^^^^^^^^^^^^^^^^^^^^^^^^^^^
  File "C:\Users\Ong Jun Kai\Documents\Qwen Hackathon\.venv\Lib\site-packages\requests\api.py", line 134, in post
    return request("post", url, data=data, json=json, **kwargs)
           ^^^^^^^^^^^^^^^^^^^^^^^^^^^^^^^^^^^^^^^^^^^^^^^^^^^^
  File "C:\Users\Ong Jun Kai\Documents\Qwen Hackathon\.venv\Lib\site-packages\requests\api.py", line 71, in request
    return session.request(method=method, url=url, **kwargs)
           ^^^^^^^^^^^^^^^^^^^^^^^^^^^^^^^^^^^^^^^^^^^^^^^^^
  File "C:\Users\Ong Jun Kai\Documents\Qwen Hackathon\.venv\Lib\site-packages\requests\sessions.py", line 651, in request
    resp = self.send(prep, **send_kwargs)
           ^^^^^^^^^^^^^^^^^^^^^^^^^^^^^^
  File "C:\Users\Ong Jun Kai\Documents\Qwen Hackathon\.venv\Lib\site-packages\requests\sessions.py", line 784, in send
    r = adapter.send(request, **kwargs)
        ^^^^^^^^^^^^^^^^^^^^^^^^^^^^^^^
  File "C:\Users\Ong Jun Kai\Documents\Qwen Hackathon\.venv\Lib\site-packages\requests\adapters.py", line 742, in send
    raise ReadTimeout(e, request=request)
requests.exceptions.ReadTimeout: HTTPSConnectionPool(host='token-plan.ap-southeast-1.maas.aliyuncs.com', port=443): Read timed out. (read timeout=120)
2026-07-21 12:00:35,025 ERROR recZSGUkn56v9kEp1: DROPPED after unrecoverable error
Traceback (most recent call last):
  File "C:\Users\Ong Jun Kai\Documents\Qwen Hackathon\.venv\Lib\site-packages\urllib3\connectionpool.py", line 534, in _make_request
    response = conn.getresponse()
               ^^^^^^^^^^^^^^^^^^
  File "C:\Users\Ong Jun Kai\Documents\Qwen Hackathon\.venv\Lib\site-packages\urllib3\connection.py", line 571, in getresponse
    httplib_response = super().getresponse()
                       ^^^^^^^^^^^^^^^^^^^^^
  File "C:\Users\Ong Jun Kai\AppData\Local\Programs\Python\Python312\Lib\http\client.py", line 1430, in getresponse
    response.begin()
  File "C:\Users\Ong Jun Kai\AppData\Local\Programs\Python\Python312\Lib\http\client.py", line 331, in begin
    version, status, reason = self._read_status()
                              ^^^^^^^^^^^^^^^^^^^
  File "C:\Users\Ong Jun Kai\AppData\Local\Programs\Python\Python312\Lib\http\client.py", line 292, in _read_status
    line = str(self.fp.readline(_MAXLINE + 1), "iso-8859-1")
               ^^^^^^^^^^^^^^^^^^^^^^^^^^^^^^
  File "C:\Users\Ong Jun Kai\AppData\Local\Programs\Python\Python312\Lib\socket.py", line 720, in readinto
    return self._sock.recv_into(b)
           ^^^^^^^^^^^^^^^^^^^^^^^
  File "C:\Users\Ong Jun Kai\AppData\Local\Programs\Python\Python312\Lib\ssl.py", line 1251, in recv_into
    return self.read(nbytes, buffer)
           ^^^^^^^^^^^^^^^^^^^^^^^^^
  File "C:\Users\Ong Jun Kai\AppData\Local\Programs\Python\Python312\Lib\ssl.py", line 1103, in read
    return self._sslobj.read(len, buffer)
           ^^^^^^^^^^^^^^^^^^^^^^^^^^^^^^
TimeoutError: The read operation timed out

The above exception was the direct cause of the following exception:

Traceback (most recent call last):
  File "C:\Users\Ong Jun Kai\Documents\Qwen Hackathon\.venv\Lib\site-packages\requests\adapters.py", line 696, in send
    resp = conn.urlopen(
           ^^^^^^^^^^^^^
  File "C:\Users\Ong Jun Kai\Documents\Qwen Hackathon\.venv\Lib\site-packages\urllib3\connectionpool.py", line 842, in urlopen
    retries = retries.increment(
              ^^^^^^^^^^^^^^^^^^
  File "C:\Users\Ong Jun Kai\Documents\Qwen Hackathon\.venv\Lib\site-packages\urllib3\util\retry.py", line 498, in increment
    raise reraise(type(error), error, _stacktrace)
          ^^^^^^^^^^^^^^^^^^^^^^^^^^^^^^^^^^^^^^^^
  File "C:\Users\Ong Jun Kai\Documents\Qwen Hackathon\.venv\Lib\site-packages\urllib3\util\util.py", line 39, in reraise
    raise value
  File "C:\Users\Ong Jun Kai\Documents\Qwen Hackathon\.venv\Lib\site-packages\urllib3\connectionpool.py", line 788, in urlopen
    response = self._make_request(
               ^^^^^^^^^^^^^^^^^^^
  File "C:\Users\Ong Jun Kai\Documents\Qwen Hackathon\.venv\Lib\site-packages\urllib3\connectionpool.py", line 536, in _make_request
    self._raise_timeout(err=e, url=url, timeout_value=read_timeout)
  File "C:\Users\Ong Jun Kai\Documents\Qwen Hackathon\.venv\Lib\site-packages\urllib3\connectionpool.py", line 367, in _raise_timeout
    raise ReadTimeoutError(
urllib3.exceptions.ReadTimeoutError: HTTPSConnectionPool(host='token-plan.ap-southeast-1.maas.aliyuncs.com', port=443): Read timed out. (read timeout=120)

During handling of the above exception, another exception occurred:

Traceback (most recent call last):
  File "C:\Users\Ong Jun Kai\Documents\Qwen Hackathon\benchmark\qwen38_baseline.py", line 86, in _run_one
    letter, usage = await asyncio.to_thread(_ask_once, item.question, item.choices)
                    ^^^^^^^^^^^^^^^^^^^^^^^^^^^^^^^^^^^^^^^^^^^^^^^^^^^^^^^^^^^^^^^
  File "C:\Users\Ong Jun Kai\AppData\Local\Programs\Python\Python312\Lib\asyncio\threads.py", line 25, in to_thread
    return await loop.run_in_executor(None, func_call)
           ^^^^^^^^^^^^^^^^^^^^^^^^^^^^^^^^^^^^^^^^^^^
  File "C:\Users\Ong Jun Kai\AppData\Local\Programs\Python\Python312\Lib\concurrent\futures\thread.py", line 59, in run
    result = self.fn(*self.args, **self.kwargs)
             ^^^^^^^^^^^^^^^^^^^^^^^^^^^^^^^^^^
  File "C:\Users\Ong Jun Kai\Documents\Qwen Hackathon\benchmark\qwen38_baseline.py", line 65, in _ask_once
    resp = requests.post(MESSAGES_URL, headers=headers, json=body, timeout=120)
           ^^^^^^^^^^^^^^^^^^^^^^^^^^^^^^^^^^^^^^^^^^^^^^^^^^^^^^^^^^^^^^^^^^^^
  File "C:\Users\Ong Jun Kai\Documents\Qwen Hackathon\.venv\Lib\site-packages\requests\api.py", line 134, in post
    return request("post", url, data=data, json=json, **kwargs)
           ^^^^^^^^^^^^^^^^^^^^^^^^^^^^^^^^^^^^^^^^^^^^^^^^^^^^
  File "C:\Users\Ong Jun Kai\Documents\Qwen Hackathon\.venv\Lib\site-packages\requests\api.py", line 71, in request
    return session.request(method=method, url=url, **kwargs)
           ^^^^^^^^^^^^^^^^^^^^^^^^^^^^^^^^^^^^^^^^^^^^^^^^^
  File "C:\Users\Ong Jun Kai\Documents\Qwen Hackathon\.venv\Lib\site-packages\requests\sessions.py", line 651, in request
    resp = self.send(prep, **send_kwargs)
           ^^^^^^^^^^^^^^^^^^^^^^^^^^^^^^
  File "C:\Users\Ong Jun Kai\Documents\Qwen Hackathon\.venv\Lib\site-packages\requests\sessions.py", line 784, in send
    r = adapter.send(request, **kwargs)
        ^^^^^^^^^^^^^^^^^^^^^^^^^^^^^^^
  File "C:\Users\Ong Jun Kai\Documents\Qwen Hackathon\.venv\Lib\site-packages\requests\adapters.py", line 742, in send
    raise ReadTimeout(e, request=request)
requests.exceptions.ReadTimeout: HTTPSConnectionPool(host='token-plan.ap-southeast-1.maas.aliyuncs.com', port=443): Read timed out. (read timeout=120)
2026-07-21 12:01:13,674 ERROR rec5rjeLsEq5Fg7Oj: DROPPED after unrecoverable error
Traceback (most recent call last):
  File "C:\Users\Ong Jun Kai\Documents\Qwen Hackathon\.venv\Lib\site-packages\urllib3\connectionpool.py", line 534, in _make_request
    response = conn.getresponse()
               ^^^^^^^^^^^^^^^^^^
  File "C:\Users\Ong Jun Kai\Documents\Qwen Hackathon\.venv\Lib\site-packages\urllib3\connection.py", line 571, in getresponse
    httplib_response = super().getresponse()
                       ^^^^^^^^^^^^^^^^^^^^^
  File "C:\Users\Ong Jun Kai\AppData\Local\Programs\Python\Python312\Lib\http\client.py", line 1430, in getresponse
    response.begin()
  File "C:\Users\Ong Jun Kai\AppData\Local\Programs\Python\Python312\Lib\http\client.py", line 331, in begin
    version, status, reason = self._read_status()
                              ^^^^^^^^^^^^^^^^^^^
  File "C:\Users\Ong Jun Kai\AppData\Local\Programs\Python\Python312\Lib\http\client.py", line 292, in _read_status
    line = str(self.fp.readline(_MAXLINE + 1), "iso-8859-1")
               ^^^^^^^^^^^^^^^^^^^^^^^^^^^^^^
  File "C:\Users\Ong Jun Kai\AppData\Local\Programs\Python\Python312\Lib\socket.py", line 720, in readinto
    return self._sock.recv_into(b)
           ^^^^^^^^^^^^^^^^^^^^^^^
  File "C:\Users\Ong Jun Kai\AppData\Local\Programs\Python\Python312\Lib\ssl.py", line 1251, in recv_into
    return self.read(nbytes, buffer)
           ^^^^^^^^^^^^^^^^^^^^^^^^^
  File "C:\Users\Ong Jun Kai\AppData\Local\Programs\Python\Python312\Lib\ssl.py", line 1103, in read
    return self._sslobj.read(len, buffer)
           ^^^^^^^^^^^^^^^^^^^^^^^^^^^^^^
TimeoutError: The read operation timed out

The above exception was the direct cause of the following exception:

Traceback (most recent call last):
  File "C:\Users\Ong Jun Kai\Documents\Qwen Hackathon\.venv\Lib\site-packages\requests\adapters.py", line 696, in send
    resp = conn.urlopen(
           ^^^^^^^^^^^^^
  File "C:\Users\Ong Jun Kai\Documents\Qwen Hackathon\.venv\Lib\site-packages\urllib3\connectionpool.py", line 842, in urlopen
    retries = retries.increment(
              ^^^^^^^^^^^^^^^^^^
  File "C:\Users\Ong Jun Kai\Documents\Qwen Hackathon\.venv\Lib\site-packages\urllib3\util\retry.py", line 498, in increment
    raise reraise(type(error), error, _stacktrace)
          ^^^^^^^^^^^^^^^^^^^^^^^^^^^^^^^^^^^^^^^^
  File "C:\Users\Ong Jun Kai\Documents\Qwen Hackathon\.venv\Lib\site-packages\urllib3\util\util.py", line 39, in reraise
    raise value
  File "C:\Users\Ong Jun Kai\Documents\Qwen Hackathon\.venv\Lib\site-packages\urllib3\connectionpool.py", line 788, in urlopen
    response = self._make_request(
               ^^^^^^^^^^^^^^^^^^^
  File "C:\Users\Ong Jun Kai\Documents\Qwen Hackathon\.venv\Lib\site-packages\urllib3\connectionpool.py", line 536, in _make_request
    self._raise_timeout(err=e, url=url, timeout_value=read_timeout)
  File "C:\Users\Ong Jun Kai\Documents\Qwen Hackathon\.venv\Lib\site-packages\urllib3\connectionpool.py", line 367, in _raise_timeout
    raise ReadTimeoutError(
urllib3.exceptions.ReadTimeoutError: HTTPSConnectionPool(host='token-plan.ap-southeast-1.maas.aliyuncs.com', port=443): Read timed out. (read timeout=120)

During handling of the above exception, another exception occurred:

Traceback (most recent call last):
  File "C:\Users\Ong Jun Kai\Documents\Qwen Hackathon\benchmark\qwen38_baseline.py", line 86, in _run_one
    letter, usage = await asyncio.to_thread(_ask_once, item.question, item.choices)
                    ^^^^^^^^^^^^^^^^^^^^^^^^^^^^^^^^^^^^^^^^^^^^^^^^^^^^^^^^^^^^^^^
  File "C:\Users\Ong Jun Kai\AppData\Local\Programs\Python\Python312\Lib\asyncio\threads.py", line 25, in to_thread
    return await loop.run_in_executor(None, func_call)
           ^^^^^^^^^^^^^^^^^^^^^^^^^^^^^^^^^^^^^^^^^^^
  File "C:\Users\Ong Jun Kai\AppData\Local\Programs\Python\Python312\Lib\concurrent\futures\thread.py", line 59, in run
    result = self.fn(*self.args, **self.kwargs)
             ^^^^^^^^^^^^^^^^^^^^^^^^^^^^^^^^^^
  File "C:\Users\Ong Jun Kai\Documents\Qwen Hackathon\benchmark\qwen38_baseline.py", line 65, in _ask_once
    resp = requests.post(MESSAGES_URL, headers=headers, json=body, timeout=120)
           ^^^^^^^^^^^^^^^^^^^^^^^^^^^^^^^^^^^^^^^^^^^^^^^^^^^^^^^^^^^^^^^^^^^^
  File "C:\Users\Ong Jun Kai\Documents\Qwen Hackathon\.venv\Lib\site-packages\requests\api.py", line 134, in post
    return request("post", url, data=data, json=json, **kwargs)
           ^^^^^^^^^^^^^^^^^^^^^^^^^^^^^^^^^^^^^^^^^^^^^^^^^^^^
  File "C:\Users\Ong Jun Kai\Documents\Qwen Hackathon\.venv\Lib\site-packages\requests\api.py", line 71, in request
    return session.request(method=method, url=url, **kwargs)
           ^^^^^^^^^^^^^^^^^^^^^^^^^^^^^^^^^^^^^^^^^^^^^^^^^
  File "C:\Users\Ong Jun Kai\Documents\Qwen Hackathon\.venv\Lib\site-packages\requests\sessions.py", line 651, in request
    resp = self.send(prep, **send_kwargs)
           ^^^^^^^^^^^^^^^^^^^^^^^^^^^^^^
  File "C:\Users\Ong Jun Kai\Documents\Qwen Hackathon\.venv\Lib\site-packages\requests\sessions.py", line 784, in send
    r = adapter.send(request, **kwargs)
        ^^^^^^^^^^^^^^^^^^^^^^^^^^^^^^^
  File "C:\Users\Ong Jun Kai\Documents\Qwen Hackathon\.venv\Lib\site-packages\requests\adapters.py", line 742, in send
    raise ReadTimeout(e, request=request)
requests.exceptions.ReadTimeout: HTTPSConnectionPool(host='token-plan.ap-southeast-1.maas.aliyuncs.com', port=443): Read timed out. (read timeout=120)
2026-07-21 12:01:47,991 INFO rec6sE2CRtD4drtHg: D(correct) input_tokens=976 output_tokens=1607 latency=34.3s
2026-07-21 12:02:03,275 INFO recoy9ZLBsc7HIRBy: B(correct) input_tokens=318 output_tokens=802 latency=15.3s
2026-07-21 12:02:35,291 ERROR recINSFEYLCyyd08m: DROPPED after unrecoverable error
Traceback (most recent call last):
  File "C:\Users\Ong Jun Kai\Documents\Qwen Hackathon\.venv\Lib\site-packages\urllib3\connectionpool.py", line 534, in _make_request
    response = conn.getresponse()
               ^^^^^^^^^^^^^^^^^^
  File "C:\Users\Ong Jun Kai\Documents\Qwen Hackathon\.venv\Lib\site-packages\urllib3\connection.py", line 571, in getresponse
    httplib_response = super().getresponse()
                       ^^^^^^^^^^^^^^^^^^^^^
  File "C:\Users\Ong Jun Kai\AppData\Local\Programs\Python\Python312\Lib\http\client.py", line 1430, in getresponse
    response.begin()
  File "C:\Users\Ong Jun Kai\AppData\Local\Programs\Python\Python312\Lib\http\client.py", line 331, in begin
    version, status, reason = self._read_status()
                              ^^^^^^^^^^^^^^^^^^^
  File "C:\Users\Ong Jun Kai\AppData\Local\Programs\Python\Python312\Lib\http\client.py", line 292, in _read_status
    line = str(self.fp.readline(_MAXLINE + 1), "iso-8859-1")
               ^^^^^^^^^^^^^^^^^^^^^^^^^^^^^^
  File "C:\Users\Ong Jun Kai\AppData\Local\Programs\Python\Python312\Lib\socket.py", line 720, in readinto
    return self._sock.recv_into(b)
           ^^^^^^^^^^^^^^^^^^^^^^^
  File "C:\Users\Ong Jun Kai\AppData\Local\Programs\Python\Python312\Lib\ssl.py", line 1251, in recv_into
    return self.read(nbytes, buffer)
           ^^^^^^^^^^^^^^^^^^^^^^^^^
  File "C:\Users\Ong Jun Kai\AppData\Local\Programs\Python\Python312\Lib\ssl.py", line 1103, in read
    return self._sslobj.read(len, buffer)
           ^^^^^^^^^^^^^^^^^^^^^^^^^^^^^^
TimeoutError: The read operation timed out

The above exception was the direct cause of the following exception:

Traceback (most recent call last):
  File "C:\Users\Ong Jun Kai\Documents\Qwen Hackathon\.venv\Lib\site-packages\requests\adapters.py", line 696, in send
    resp = conn.urlopen(
           ^^^^^^^^^^^^^
  File "C:\Users\Ong Jun Kai\Documents\Qwen Hackathon\.venv\Lib\site-packages\urllib3\connectionpool.py", line 842, in urlopen
    retries = retries.increment(
              ^^^^^^^^^^^^^^^^^^
  File "C:\Users\Ong Jun Kai\Documents\Qwen Hackathon\.venv\Lib\site-packages\urllib3\util\retry.py", line 498, in increment
    raise reraise(type(error), error, _stacktrace)
          ^^^^^^^^^^^^^^^^^^^^^^^^^^^^^^^^^^^^^^^^
  File "C:\Users\Ong Jun Kai\Documents\Qwen Hackathon\.venv\Lib\site-packages\urllib3\util\util.py", line 39, in reraise
    raise value
  File "C:\Users\Ong Jun Kai\Documents\Qwen Hackathon\.venv\Lib\site-packages\urllib3\connectionpool.py", line 788, in urlopen
    response = self._make_request(
               ^^^^^^^^^^^^^^^^^^^
  File "C:\Users\Ong Jun Kai\Documents\Qwen Hackathon\.venv\Lib\site-packages\urllib3\connectionpool.py", line 536, in _make_request
    self._raise_timeout(err=e, url=url, timeout_value=read_timeout)
  File "C:\Users\Ong Jun Kai\Documents\Qwen Hackathon\.venv\Lib\site-packages\urllib3\connectionpool.py", line 367, in _raise_timeout
    raise ReadTimeoutError(
urllib3.exceptions.ReadTimeoutError: HTTPSConnectionPool(host='token-plan.ap-southeast-1.maas.aliyuncs.com', port=443): Read timed out. (read timeout=120)

During handling of the above exception, another exception occurred:

Traceback (most recent call last):
  File "C:\Users\Ong Jun Kai\Documents\Qwen Hackathon\benchmark\qwen38_baseline.py", line 86, in _run_one
    letter, usage = await asyncio.to_thread(_ask_once, item.question, item.choices)
                    ^^^^^^^^^^^^^^^^^^^^^^^^^^^^^^^^^^^^^^^^^^^^^^^^^^^^^^^^^^^^^^^
  File "C:\Users\Ong Jun Kai\AppData\Local\Programs\Python\Python312\Lib\asyncio\threads.py", line 25, in to_thread
    return await loop.run_in_executor(None, func_call)
           ^^^^^^^^^^^^^^^^^^^^^^^^^^^^^^^^^^^^^^^^^^^
  File "C:\Users\Ong Jun Kai\AppData\Local\Programs\Python\Python312\Lib\concurrent\futures\thread.py", line 59, in run
    result = self.fn(*self.args, **self.kwargs)
             ^^^^^^^^^^^^^^^^^^^^^^^^^^^^^^^^^^
  File "C:\Users\Ong Jun Kai\Documents\Qwen Hackathon\benchmark\qwen38_baseline.py", line 65, in _ask_once
    resp = requests.post(MESSAGES_URL, headers=headers, json=body, timeout=120)
           ^^^^^^^^^^^^^^^^^^^^^^^^^^^^^^^^^^^^^^^^^^^^^^^^^^^^^^^^^^^^^^^^^^^^
  File "C:\Users\Ong Jun Kai\Documents\Qwen Hackathon\.venv\Lib\site-packages\requests\api.py", line 134, in post
    return request("post", url, data=data, json=json, **kwargs)
           ^^^^^^^^^^^^^^^^^^^^^^^^^^^^^^^^^^^^^^^^^^^^^^^^^^^^
  File "C:\Users\Ong Jun Kai\Documents\Qwen Hackathon\.venv\Lib\site-packages\requests\api.py", line 71, in request
    return session.request(method=method, url=url, **kwargs)
           ^^^^^^^^^^^^^^^^^^^^^^^^^^^^^^^^^^^^^^^^^^^^^^^^^
  File "C:\Users\Ong Jun Kai\Documents\Qwen Hackathon\.venv\Lib\site-packages\requests\sessions.py", line 651, in request
    resp = self.send(prep, **send_kwargs)
           ^^^^^^^^^^^^^^^^^^^^^^^^^^^^^^
  File "C:\Users\Ong Jun Kai\Documents\Qwen Hackathon\.venv\Lib\site-packages\requests\sessions.py", line 784, in send
    r = adapter.send(request, **kwargs)
        ^^^^^^^^^^^^^^^^^^^^^^^^^^^^^^^
  File "C:\Users\Ong Jun Kai\Documents\Qwen Hackathon\.venv\Lib\site-packages\requests\adapters.py", line 742, in send
    raise ReadTimeout(e, request=request)
requests.exceptions.ReadTimeout: HTTPSConnectionPool(host='token-plan.ap-southeast-1.maas.aliyuncs.com', port=443): Read timed out. (read timeout=120)
2026-07-21 12:02:42,562 INFO rec0VuKUjt1SZ7NYv: D(correct) input_tokens=236 output_tokens=360 latency=7.3s
2026-07-21 12:02:49,190 INFO rec1zl5LvaatzGhFt: A(correct) input_tokens=455 output_tokens=274 latency=6.6s
2026-07-21 12:03:55,190 INFO reczUoM8JsxU6pYxr: B(correct) input_tokens=285 output_tokens=3721 latency=66.0s
2026-07-21 12:04:03,140 INFO recS48OsU6kVadBPW: C(correct) input_tokens=255 output_tokens=393 latency=8.0s
2026-07-21 12:04:03,474 ERROR recl1UtgTVKishAq4: DROPPED after unrecoverable error
Traceback (most recent call last):
  File "C:\Users\Ong Jun Kai\Documents\Qwen Hackathon\.venv\Lib\site-packages\urllib3\connectionpool.py", line 534, in _make_request
    response = conn.getresponse()
               ^^^^^^^^^^^^^^^^^^
  File "C:\Users\Ong Jun Kai\Documents\Qwen Hackathon\.venv\Lib\site-packages\urllib3\connection.py", line 571, in getresponse
    httplib_response = super().getresponse()
                       ^^^^^^^^^^^^^^^^^^^^^
  File "C:\Users\Ong Jun Kai\AppData\Local\Programs\Python\Python312\Lib\http\client.py", line 1430, in getresponse
    response.begin()
  File "C:\Users\Ong Jun Kai\AppData\Local\Programs\Python\Python312\Lib\http\client.py", line 331, in begin
    version, status, reason = self._read_status()
                              ^^^^^^^^^^^^^^^^^^^
  File "C:\Users\Ong Jun Kai\AppData\Local\Programs\Python\Python312\Lib\http\client.py", line 292, in _read_status
    line = str(self.fp.readline(_MAXLINE + 1), "iso-8859-1")
               ^^^^^^^^^^^^^^^^^^^^^^^^^^^^^^
  File "C:\Users\Ong Jun Kai\AppData\Local\Programs\Python\Python312\Lib\socket.py", line 720, in readinto
    return self._sock.recv_into(b)
           ^^^^^^^^^^^^^^^^^^^^^^^
  File "C:\Users\Ong Jun Kai\AppData\Local\Programs\Python\Python312\Lib\ssl.py", line 1251, in recv_into
    return self.read(nbytes, buffer)
           ^^^^^^^^^^^^^^^^^^^^^^^^^
  File "C:\Users\Ong Jun Kai\AppData\Local\Programs\Python\Python312\Lib\ssl.py", line 1103, in read
    return self._sslobj.read(len, buffer)
           ^^^^^^^^^^^^^^^^^^^^^^^^^^^^^^
TimeoutError: The read operation timed out

The above exception was the direct cause of the following exception:

Traceback (most recent call last):
  File "C:\Users\Ong Jun Kai\Documents\Qwen Hackathon\.venv\Lib\site-packages\requests\adapters.py", line 696, in send
    resp = conn.urlopen(
           ^^^^^^^^^^^^^
  File "C:\Users\Ong Jun Kai\Documents\Qwen Hackathon\.venv\Lib\site-packages\urllib3\connectionpool.py", line 842, in urlopen
    retries = retries.increment(
              ^^^^^^^^^^^^^^^^^^
  File "C:\Users\Ong Jun Kai\Documents\Qwen Hackathon\.venv\Lib\site-packages\urllib3\util\retry.py", line 498, in increment
    raise reraise(type(error), error, _stacktrace)
          ^^^^^^^^^^^^^^^^^^^^^^^^^^^^^^^^^^^^^^^^
  File "C:\Users\Ong Jun Kai\Documents\Qwen Hackathon\.venv\Lib\site-packages\urllib3\util\util.py", line 39, in reraise
    raise value
  File "C:\Users\Ong Jun Kai\Documents\Qwen Hackathon\.venv\Lib\site-packages\urllib3\connectionpool.py", line 788, in urlopen
    response = self._make_request(
               ^^^^^^^^^^^^^^^^^^^
  File "C:\Users\Ong Jun Kai\Documents\Qwen Hackathon\.venv\Lib\site-packages\urllib3\connectionpool.py", line 536, in _make_request
    self._raise_timeout(err=e, url=url, timeout_value=read_timeout)
  File "C:\Users\Ong Jun Kai\Documents\Qwen Hackathon\.venv\Lib\site-packages\urllib3\connectionpool.py", line 367, in _raise_timeout
    raise ReadTimeoutError(
urllib3.exceptions.ReadTimeoutError: HTTPSConnectionPool(host='token-plan.ap-southeast-1.maas.aliyuncs.com', port=443): Read timed out. (read timeout=120)

During handling of the above exception, another exception occurred:

Traceback (most recent call last):
  File "C:\Users\Ong Jun Kai\Documents\Qwen Hackathon\benchmark\qwen38_baseline.py", line 86, in _run_one
    letter, usage = await asyncio.to_thread(_ask_once, item.question, item.choices)
                    ^^^^^^^^^^^^^^^^^^^^^^^^^^^^^^^^^^^^^^^^^^^^^^^^^^^^^^^^^^^^^^^
  File "C:\Users\Ong Jun Kai\AppData\Local\Programs\Python\Python312\Lib\asyncio\threads.py", line 25, in to_thread
    return await loop.run_in_executor(None, func_call)
           ^^^^^^^^^^^^^^^^^^^^^^^^^^^^^^^^^^^^^^^^^^^
  File "C:\Users\Ong Jun Kai\AppData\Local\Programs\Python\Python312\Lib\concurrent\futures\thread.py", line 59, in run
    result = self.fn(*self.args, **self.kwargs)
             ^^^^^^^^^^^^^^^^^^^^^^^^^^^^^^^^^^
  File "C:\Users\Ong Jun Kai\Documents\Qwen Hackathon\benchmark\qwen38_baseline.py", line 65, in _ask_once
    resp = requests.post(MESSAGES_URL, headers=headers, json=body, timeout=120)
           ^^^^^^^^^^^^^^^^^^^^^^^^^^^^^^^^^^^^^^^^^^^^^^^^^^^^^^^^^^^^^^^^^^^^
  File "C:\Users\Ong Jun Kai\Documents\Qwen Hackathon\.venv\Lib\site-packages\requests\api.py", line 134, in post
    return request("post", url, data=data, json=json, **kwargs)
           ^^^^^^^^^^^^^^^^^^^^^^^^^^^^^^^^^^^^^^^^^^^^^^^^^^^^
  File "C:\Users\Ong Jun Kai\Documents\Qwen Hackathon\.venv\Lib\site-packages\requests\api.py", line 71, in request
    return session.request(method=method, url=url, **kwargs)
           ^^^^^^^^^^^^^^^^^^^^^^^^^^^^^^^^^^^^^^^^^^^^^^^^^
  File "C:\Users\Ong Jun Kai\Documents\Qwen Hackathon\.venv\Lib\site-packages\requests\sessions.py", line 651, in request
    resp = self.send(prep, **send_kwargs)
           ^^^^^^^^^^^^^^^^^^^^^^^^^^^^^^
  File "C:\Users\Ong Jun Kai\Documents\Qwen Hackathon\.venv\Lib\site-packages\requests\sessions.py", line 784, in send
    r = adapter.send(request, **kwargs)
        ^^^^^^^^^^^^^^^^^^^^^^^^^^^^^^^
  File "C:\Users\Ong Jun Kai\Documents\Qwen Hackathon\.venv\Lib\site-packages\requests\adapters.py", line 742, in send
    raise ReadTimeout(e, request=request)
requests.exceptions.ReadTimeout: HTTPSConnectionPool(host='token-plan.ap-southeast-1.maas.aliyuncs.com', port=443): Read timed out. (read timeout=120)
2026-07-21 12:04:07,207 INFO recatj4YXzbOaq3Ar: D(correct) input_tokens=252 output_tokens=159 latency=3.7s
2026-07-21 12:04:16,440 INFO recRTiyaRymerDJ4y: D(correct) input_tokens=239 output_tokens=514 latency=9.2s
2026-07-21 12:06:03,354 ERROR recVvpD8miVjmmyfe: DROPPED after unrecoverable error
Traceback (most recent call last):
  File "C:\Users\Ong Jun Kai\Documents\Qwen Hackathon\.venv\Lib\site-packages\urllib3\connectionpool.py", line 534, in _make_request
    response = conn.getresponse()
               ^^^^^^^^^^^^^^^^^^
  File "C:\Users\Ong Jun Kai\Documents\Qwen Hackathon\.venv\Lib\site-packages\urllib3\connection.py", line 571, in getresponse
    httplib_response = super().getresponse()
                       ^^^^^^^^^^^^^^^^^^^^^
  File "C:\Users\Ong Jun Kai\AppData\Local\Programs\Python\Python312\Lib\http\client.py", line 1430, in getresponse
    response.begin()
  File "C:\Users\Ong Jun Kai\AppData\Local\Programs\Python\Python312\Lib\http\client.py", line 331, in begin
    version, status, reason = self._read_status()
                              ^^^^^^^^^^^^^^^^^^^
  File "C:\Users\Ong Jun Kai\AppData\Local\Programs\Python\Python312\Lib\http\client.py", line 292, in _read_status
    line = str(self.fp.readline(_MAXLINE + 1), "iso-8859-1")
               ^^^^^^^^^^^^^^^^^^^^^^^^^^^^^^
  File "C:\Users\Ong Jun Kai\AppData\Local\Programs\Python\Python312\Lib\socket.py", line 720, in readinto
    return self._sock.recv_into(b)
           ^^^^^^^^^^^^^^^^^^^^^^^
  File "C:\Users\Ong Jun Kai\AppData\Local\Programs\Python\Python312\Lib\ssl.py", line 1251, in recv_into
    return self.read(nbytes, buffer)
           ^^^^^^^^^^^^^^^^^^^^^^^^^
  File "C:\Users\Ong Jun Kai\AppData\Local\Programs\Python\Python312\Lib\ssl.py", line 1103, in read
    return self._sslobj.read(len, buffer)
           ^^^^^^^^^^^^^^^^^^^^^^^^^^^^^^
TimeoutError: The read operation timed out

The above exception was the direct cause of the following exception:

Traceback (most recent call last):
  File "C:\Users\Ong Jun Kai\Documents\Qwen Hackathon\.venv\Lib\site-packages\requests\adapters.py", line 696, in send
    resp = conn.urlopen(
           ^^^^^^^^^^^^^
  File "C:\Users\Ong Jun Kai\Documents\Qwen Hackathon\.venv\Lib\site-packages\urllib3\connectionpool.py", line 842, in urlopen
    retries = retries.increment(
              ^^^^^^^^^^^^^^^^^^
  File "C:\Users\Ong Jun Kai\Documents\Qwen Hackathon\.venv\Lib\site-packages\urllib3\util\retry.py", line 498, in increment
    raise reraise(type(error), error, _stacktrace)
          ^^^^^^^^^^^^^^^^^^^^^^^^^^^^^^^^^^^^^^^^
  File "C:\Users\Ong Jun Kai\Documents\Qwen Hackathon\.venv\Lib\site-packages\urllib3\util\util.py", line 39, in reraise
    raise value
  File "C:\Users\Ong Jun Kai\Documents\Qwen Hackathon\.venv\Lib\site-packages\urllib3\connectionpool.py", line 788, in urlopen
    response = self._make_request(
               ^^^^^^^^^^^^^^^^^^^
  File "C:\Users\Ong Jun Kai\Documents\Qwen Hackathon\.venv\Lib\site-packages\urllib3\connectionpool.py", line 536, in _make_request
    self._raise_timeout(err=e, url=url, timeout_value=read_timeout)
  File "C:\Users\Ong Jun Kai\Documents\Qwen Hackathon\.venv\Lib\site-packages\urllib3\connectionpool.py", line 367, in _raise_timeout
    raise ReadTimeoutError(
urllib3.exceptions.ReadTimeoutError: HTTPSConnectionPool(host='token-plan.ap-southeast-1.maas.aliyuncs.com', port=443): Read timed out. (read timeout=120)

During handling of the above exception, another exception occurred:

Traceback (most recent call last):
  File "C:\Users\Ong Jun Kai\Documents\Qwen Hackathon\benchmark\qwen38_baseline.py", line 86, in _run_one
    letter, usage = await asyncio.to_thread(_ask_once, item.question, item.choices)
                    ^^^^^^^^^^^^^^^^^^^^^^^^^^^^^^^^^^^^^^^^^^^^^^^^^^^^^^^^^^^^^^^
  File "C:\Users\Ong Jun Kai\AppData\Local\Programs\Python\Python312\Lib\asyncio\threads.py", line 25, in to_thread
    return await loop.run_in_executor(None, func_call)
           ^^^^^^^^^^^^^^^^^^^^^^^^^^^^^^^^^^^^^^^^^^^
  File "C:\Users\Ong Jun Kai\AppData\Local\Programs\Python\Python312\Lib\concurrent\futures\thread.py", line 59, in run
    result = self.fn(*self.args, **self.kwargs)
             ^^^^^^^^^^^^^^^^^^^^^^^^^^^^^^^^^^
  File "C:\Users\Ong Jun Kai\Documents\Qwen Hackathon\benchmark\qwen38_baseline.py", line 65, in _ask_once
    resp = requests.post(MESSAGES_URL, headers=headers, json=body, timeout=120)
           ^^^^^^^^^^^^^^^^^^^^^^^^^^^^^^^^^^^^^^^^^^^^^^^^^^^^^^^^^^^^^^^^^^^^
  File "C:\Users\Ong Jun Kai\Documents\Qwen Hackathon\.venv\Lib\site-packages\requests\api.py", line 134, in post
    return request("post", url, data=data, json=json, **kwargs)
           ^^^^^^^^^^^^^^^^^^^^^^^^^^^^^^^^^^^^^^^^^^^^^^^^^^^^
  File "C:\Users\Ong Jun Kai\Documents\Qwen Hackathon\.venv\Lib\site-packages\requests\api.py", line 71, in request
    return session.request(method=method, url=url, **kwargs)
           ^^^^^^^^^^^^^^^^^^^^^^^^^^^^^^^^^^^^^^^^^^^^^^^^^
  File "C:\Users\Ong Jun Kai\Documents\Qwen Hackathon\.venv\Lib\site-packages\requests\sessions.py", line 651, in request
    resp = self.send(prep, **send_kwargs)
           ^^^^^^^^^^^^^^^^^^^^^^^^^^^^^^
  File "C:\Users\Ong Jun Kai\Documents\Qwen Hackathon\.venv\Lib\site-packages\requests\sessions.py", line 784, in send
    r = adapter.send(request, **kwargs)
        ^^^^^^^^^^^^^^^^^^^^^^^^^^^^^^^
  File "C:\Users\Ong Jun Kai\Documents\Qwen Hackathon\.venv\Lib\site-packages\requests\adapters.py", line 742, in send
    raise ReadTimeout(e, request=request)
requests.exceptions.ReadTimeout: HTTPSConnectionPool(host='token-plan.ap-southeast-1.maas.aliyuncs.com', port=443): Read timed out. (read timeout=120)
2026-07-21 12:06:13,188 INFO recAYkd96NNuNl1Ei: D(wrong) input_tokens=202 output_tokens=513 latency=9.8s
2026-07-21 12:06:16,656 ERROR recr3VHM4zYf6dMFY: DROPPED after unrecoverable error
Traceback (most recent call last):
  File "C:\Users\Ong Jun Kai\Documents\Qwen Hackathon\.venv\Lib\site-packages\urllib3\connectionpool.py", line 534, in _make_request
    response = conn.getresponse()
               ^^^^^^^^^^^^^^^^^^
  File "C:\Users\Ong Jun Kai\Documents\Qwen Hackathon\.venv\Lib\site-packages\urllib3\connection.py", line 571, in getresponse
    httplib_response = super().getresponse()
                       ^^^^^^^^^^^^^^^^^^^^^
  File "C:\Users\Ong Jun Kai\AppData\Local\Programs\Python\Python312\Lib\http\client.py", line 1430, in getresponse
    response.begin()
  File "C:\Users\Ong Jun Kai\AppData\Local\Programs\Python\Python312\Lib\http\client.py", line 331, in begin
    version, status, reason = self._read_status()
                              ^^^^^^^^^^^^^^^^^^^
  File "C:\Users\Ong Jun Kai\AppData\Local\Programs\Python\Python312\Lib\http\client.py", line 292, in _read_status
    line = str(self.fp.readline(_MAXLINE + 1), "iso-8859-1")
               ^^^^^^^^^^^^^^^^^^^^^^^^^^^^^^
  File "C:\Users\Ong Jun Kai\AppData\Local\Programs\Python\Python312\Lib\socket.py", line 720, in readinto
    return self._sock.recv_into(b)
           ^^^^^^^^^^^^^^^^^^^^^^^
  File "C:\Users\Ong Jun Kai\AppData\Local\Programs\Python\Python312\Lib\ssl.py", line 1251, in recv_into
    return self.read(nbytes, buffer)
           ^^^^^^^^^^^^^^^^^^^^^^^^^
  File "C:\Users\Ong Jun Kai\AppData\Local\Programs\Python\Python312\Lib\ssl.py", line 1103, in read
    return self._sslobj.read(len, buffer)
           ^^^^^^^^^^^^^^^^^^^^^^^^^^^^^^
TimeoutError: The read operation timed out

The above exception was the direct cause of the following exception:

Traceback (most recent call last):
  File "C:\Users\Ong Jun Kai\Documents\Qwen Hackathon\.venv\Lib\site-packages\requests\adapters.py", line 696, in send
    resp = conn.urlopen(
           ^^^^^^^^^^^^^
  File "C:\Users\Ong Jun Kai\Documents\Qwen Hackathon\.venv\Lib\site-packages\urllib3\connectionpool.py", line 842, in urlopen
    retries = retries.increment(
              ^^^^^^^^^^^^^^^^^^
  File "C:\Users\Ong Jun Kai\Documents\Qwen Hackathon\.venv\Lib\site-packages\urllib3\util\retry.py", line 498, in increment
    raise reraise(type(error), error, _stacktrace)
          ^^^^^^^^^^^^^^^^^^^^^^^^^^^^^^^^^^^^^^^^
  File "C:\Users\Ong Jun Kai\Documents\Qwen Hackathon\.venv\Lib\site-packages\urllib3\util\util.py", line 39, in reraise
    raise value
  File "C:\Users\Ong Jun Kai\Documents\Qwen Hackathon\.venv\Lib\site-packages\urllib3\connectionpool.py", line 788, in urlopen
    response = self._make_request(
               ^^^^^^^^^^^^^^^^^^^
  File "C:\Users\Ong Jun Kai\Documents\Qwen Hackathon\.venv\Lib\site-packages\urllib3\connectionpool.py", line 536, in _make_request
    self._raise_timeout(err=e, url=url, timeout_value=read_timeout)
  File "C:\Users\Ong Jun Kai\Documents\Qwen Hackathon\.venv\Lib\site-packages\urllib3\connectionpool.py", line 367, in _raise_timeout
    raise ReadTimeoutError(
urllib3.exceptions.ReadTimeoutError: HTTPSConnectionPool(host='token-plan.ap-southeast-1.maas.aliyuncs.com', port=443): Read timed out. (read timeout=120)

During handling of the above exception, another exception occurred:

Traceback (most recent call last):
  File "C:\Users\Ong Jun Kai\Documents\Qwen Hackathon\benchmark\qwen38_baseline.py", line 86, in _run_one
    letter, usage = await asyncio.to_thread(_ask_once, item.question, item.choices)
                    ^^^^^^^^^^^^^^^^^^^^^^^^^^^^^^^^^^^^^^^^^^^^^^^^^^^^^^^^^^^^^^^
  File "C:\Users\Ong Jun Kai\AppData\Local\Programs\Python\Python312\Lib\asyncio\threads.py", line 25, in to_thread
    return await loop.run_in_executor(None, func_call)
           ^^^^^^^^^^^^^^^^^^^^^^^^^^^^^^^^^^^^^^^^^^^
  File "C:\Users\Ong Jun Kai\AppData\Local\Programs\Python\Python312\Lib\concurrent\futures\thread.py", line 59, in run
    result = self.fn(*self.args, **self.kwargs)
             ^^^^^^^^^^^^^^^^^^^^^^^^^^^^^^^^^^
  File "C:\Users\Ong Jun Kai\Documents\Qwen Hackathon\benchmark\qwen38_baseline.py", line 65, in _ask_once
    resp = requests.post(MESSAGES_URL, headers=headers, json=body, timeout=120)
           ^^^^^^^^^^^^^^^^^^^^^^^^^^^^^^^^^^^^^^^^^^^^^^^^^^^^^^^^^^^^^^^^^^^^
  File "C:\Users\Ong Jun Kai\Documents\Qwen Hackathon\.venv\Lib\site-packages\requests\api.py", line 134, in post
    return request("post", url, data=data, json=json, **kwargs)
           ^^^^^^^^^^^^^^^^^^^^^^^^^^^^^^^^^^^^^^^^^^^^^^^^^^^^
  File "C:\Users\Ong Jun Kai\Documents\Qwen Hackathon\.venv\Lib\site-packages\requests\api.py", line 71, in request
    return session.request(method=method, url=url, **kwargs)
           ^^^^^^^^^^^^^^^^^^^^^^^^^^^^^^^^^^^^^^^^^^^^^^^^^
  File "C:\Users\Ong Jun Kai\Documents\Qwen Hackathon\.venv\Lib\site-packages\requests\sessions.py", line 651, in request
    resp = self.send(prep, **send_kwargs)
           ^^^^^^^^^^^^^^^^^^^^^^^^^^^^^^
  File "C:\Users\Ong Jun Kai\Documents\Qwen Hackathon\.venv\Lib\site-packages\requests\sessions.py", line 784, in send
    r = adapter.send(request, **kwargs)
        ^^^^^^^^^^^^^^^^^^^^^^^^^^^^^^^
  File "C:\Users\Ong Jun Kai\Documents\Qwen Hackathon\.venv\Lib\site-packages\requests\adapters.py", line 742, in send
    raise ReadTimeout(e, request=request)
requests.exceptions.ReadTimeout: HTTPSConnectionPool(host='token-plan.ap-southeast-1.maas.aliyuncs.com', port=443): Read timed out. (read timeout=120)
2026-07-21 12:06:45,955 INFO recGFKDUd8qgz81Zl: A(correct) input_tokens=227 output_tokens=1611 latency=29.3s
2026-07-21 12:06:56,623 INFO recvZlMbpPz0yLDle: B(correct) input_tokens=322 output_tokens=2452 latency=43.4s
2026-07-21 12:07:31,823 INFO recXvQ6gWAmyakrpD: C(correct) input_tokens=356 output_tokens=2104 latency=35.2s
2026-07-21 12:08:46,187 ERROR rectlyG9pCAAuWhoB: DROPPED after unrecoverable error
Traceback (most recent call last):
  File "C:\Users\Ong Jun Kai\Documents\Qwen Hackathon\.venv\Lib\site-packages\urllib3\connectionpool.py", line 534, in _make_request
    response = conn.getresponse()
               ^^^^^^^^^^^^^^^^^^
  File "C:\Users\Ong Jun Kai\Documents\Qwen Hackathon\.venv\Lib\site-packages\urllib3\connection.py", line 571, in getresponse
    httplib_response = super().getresponse()
                       ^^^^^^^^^^^^^^^^^^^^^
  File "C:\Users\Ong Jun Kai\AppData\Local\Programs\Python\Python312\Lib\http\client.py", line 1430, in getresponse
    response.begin()
  File "C:\Users\Ong Jun Kai\AppData\Local\Programs\Python\Python312\Lib\http\client.py", line 331, in begin
    version, status, reason = self._read_status()
                              ^^^^^^^^^^^^^^^^^^^
  File "C:\Users\Ong Jun Kai\AppData\Local\Programs\Python\Python312\Lib\http\client.py", line 292, in _read_status
    line = str(self.fp.readline(_MAXLINE + 1), "iso-8859-1")
               ^^^^^^^^^^^^^^^^^^^^^^^^^^^^^^
  File "C:\Users\Ong Jun Kai\AppData\Local\Programs\Python\Python312\Lib\socket.py", line 720, in readinto
    return self._sock.recv_into(b)
           ^^^^^^^^^^^^^^^^^^^^^^^
  File "C:\Users\Ong Jun Kai\AppData\Local\Programs\Python\Python312\Lib\ssl.py", line 1251, in recv_into
    return self.read(nbytes, buffer)
           ^^^^^^^^^^^^^^^^^^^^^^^^^
  File "C:\Users\Ong Jun Kai\AppData\Local\Programs\Python\Python312\Lib\ssl.py", line 1103, in read
    return self._sslobj.read(len, buffer)
           ^^^^^^^^^^^^^^^^^^^^^^^^^^^^^^
TimeoutError: The read operation timed out

The above exception was the direct cause of the following exception:

Traceback (most recent call last):
  File "C:\Users\Ong Jun Kai\Documents\Qwen Hackathon\.venv\Lib\site-packages\requests\adapters.py", line 696, in send
    resp = conn.urlopen(
           ^^^^^^^^^^^^^
  File "C:\Users\Ong Jun Kai\Documents\Qwen Hackathon\.venv\Lib\site-packages\urllib3\connectionpool.py", line 842, in urlopen
    retries = retries.increment(
              ^^^^^^^^^^^^^^^^^^
  File "C:\Users\Ong Jun Kai\Documents\Qwen Hackathon\.venv\Lib\site-packages\urllib3\util\retry.py", line 498, in increment
    raise reraise(type(error), error, _stacktrace)
          ^^^^^^^^^^^^^^^^^^^^^^^^^^^^^^^^^^^^^^^^
  File "C:\Users\Ong Jun Kai\Documents\Qwen Hackathon\.venv\Lib\site-packages\urllib3\util\util.py", line 39, in reraise
    raise value
  File "C:\Users\Ong Jun Kai\Documents\Qwen Hackathon\.venv\Lib\site-packages\urllib3\connectionpool.py", line 788, in urlopen
    response = self._make_request(
               ^^^^^^^^^^^^^^^^^^^
  File "C:\Users\Ong Jun Kai\Documents\Qwen Hackathon\.venv\Lib\site-packages\urllib3\connectionpool.py", line 536, in _make_request
    self._raise_timeout(err=e, url=url, timeout_value=read_timeout)
  File "C:\Users\Ong Jun Kai\Documents\Qwen Hackathon\.venv\Lib\site-packages\urllib3\connectionpool.py", line 367, in _raise_timeout
    raise ReadTimeoutError(
urllib3.exceptions.ReadTimeoutError: HTTPSConnectionPool(host='token-plan.ap-southeast-1.maas.aliyuncs.com', port=443): Read timed out. (read timeout=120)

During handling of the above exception, another exception occurred:

Traceback (most recent call last):
  File "C:\Users\Ong Jun Kai\Documents\Qwen Hackathon\benchmark\qwen38_baseline.py", line 86, in _run_one
    letter, usage = await asyncio.to_thread(_ask_once, item.question, item.choices)
                    ^^^^^^^^^^^^^^^^^^^^^^^^^^^^^^^^^^^^^^^^^^^^^^^^^^^^^^^^^^^^^^^
  File "C:\Users\Ong Jun Kai\AppData\Local\Programs\Python\Python312\Lib\asyncio\threads.py", line 25, in to_thread
    return await loop.run_in_executor(None, func_call)
           ^^^^^^^^^^^^^^^^^^^^^^^^^^^^^^^^^^^^^^^^^^^
  File "C:\Users\Ong Jun Kai\AppData\Local\Programs\Python\Python312\Lib\concurrent\futures\thread.py", line 59, in run
    result = self.fn(*self.args, **self.kwargs)
             ^^^^^^^^^^^^^^^^^^^^^^^^^^^^^^^^^^
  File "C:\Users\Ong Jun Kai\Documents\Qwen Hackathon\benchmark\qwen38_baseline.py", line 65, in _ask_once
    resp = requests.post(MESSAGES_URL, headers=headers, json=body, timeout=120)
           ^^^^^^^^^^^^^^^^^^^^^^^^^^^^^^^^^^^^^^^^^^^^^^^^^^^^^^^^^^^^^^^^^^^^
  File "C:\Users\Ong Jun Kai\Documents\Qwen Hackathon\.venv\Lib\site-packages\requests\api.py", line 134, in post
    return request("post", url, data=data, json=json, **kwargs)
           ^^^^^^^^^^^^^^^^^^^^^^^^^^^^^^^^^^^^^^^^^^^^^^^^^^^^
  File "C:\Users\Ong Jun Kai\Documents\Qwen Hackathon\.venv\Lib\site-packages\requests\api.py", line 71, in request
    return session.request(method=method, url=url, **kwargs)
           ^^^^^^^^^^^^^^^^^^^^^^^^^^^^^^^^^^^^^^^^^^^^^^^^^
  File "C:\Users\Ong Jun Kai\Documents\Qwen Hackathon\.venv\Lib\site-packages\requests\sessions.py", line 651, in request
    resp = self.send(prep, **send_kwargs)
           ^^^^^^^^^^^^^^^^^^^^^^^^^^^^^^
  File "C:\Users\Ong Jun Kai\Documents\Qwen Hackathon\.venv\Lib\site-packages\requests\sessions.py", line 784, in send
    r = adapter.send(request, **kwargs)
        ^^^^^^^^^^^^^^^^^^^^^^^^^^^^^^^
  File "C:\Users\Ong Jun Kai\Documents\Qwen Hackathon\.venv\Lib\site-packages\requests\adapters.py", line 742, in send
    raise ReadTimeout(e, request=request)
requests.exceptions.ReadTimeout: HTTPSConnectionPool(host='token-plan.ap-southeast-1.maas.aliyuncs.com', port=443): Read timed out. (read timeout=120)
2026-07-21 12:08:54,623 INFO recJpyGtGIsxulevT: B(correct) input_tokens=220 output_tokens=445 latency=8.4s
2026-07-21 12:09:32,079 ERROR recDj2Y2BbtV02Wv5: DROPPED after unrecoverable error
Traceback (most recent call last):
  File "C:\Users\Ong Jun Kai\Documents\Qwen Hackathon\.venv\Lib\site-packages\urllib3\connectionpool.py", line 534, in _make_request
    response = conn.getresponse()
               ^^^^^^^^^^^^^^^^^^
  File "C:\Users\Ong Jun Kai\Documents\Qwen Hackathon\.venv\Lib\site-packages\urllib3\connection.py", line 571, in getresponse
    httplib_response = super().getresponse()
                       ^^^^^^^^^^^^^^^^^^^^^
  File "C:\Users\Ong Jun Kai\AppData\Local\Programs\Python\Python312\Lib\http\client.py", line 1430, in getresponse
    response.begin()
  File "C:\Users\Ong Jun Kai\AppData\Local\Programs\Python\Python312\Lib\http\client.py", line 331, in begin
    version, status, reason = self._read_status()
                              ^^^^^^^^^^^^^^^^^^^
  File "C:\Users\Ong Jun Kai\AppData\Local\Programs\Python\Python312\Lib\http\client.py", line 292, in _read_status
    line = str(self.fp.readline(_MAXLINE + 1), "iso-8859-1")
               ^^^^^^^^^^^^^^^^^^^^^^^^^^^^^^
  File "C:\Users\Ong Jun Kai\AppData\Local\Programs\Python\Python312\Lib\socket.py", line 720, in readinto
    return self._sock.recv_into(b)
           ^^^^^^^^^^^^^^^^^^^^^^^
  File "C:\Users\Ong Jun Kai\AppData\Local\Programs\Python\Python312\Lib\ssl.py", line 1251, in recv_into
    return self.read(nbytes, buffer)
           ^^^^^^^^^^^^^^^^^^^^^^^^^
  File "C:\Users\Ong Jun Kai\AppData\Local\Programs\Python\Python312\Lib\ssl.py", line 1103, in read
    return self._sslobj.read(len, buffer)
           ^^^^^^^^^^^^^^^^^^^^^^^^^^^^^^
TimeoutError: The read operation timed out

The above exception was the direct cause of the following exception:

Traceback (most recent call last):
  File "C:\Users\Ong Jun Kai\Documents\Qwen Hackathon\.venv\Lib\site-packages\requests\adapters.py", line 696, in send
    resp = conn.urlopen(
           ^^^^^^^^^^^^^
  File "C:\Users\Ong Jun Kai\Documents\Qwen Hackathon\.venv\Lib\site-packages\urllib3\connectionpool.py", line 842, in urlopen
    retries = retries.increment(
              ^^^^^^^^^^^^^^^^^^
  File "C:\Users\Ong Jun Kai\Documents\Qwen Hackathon\.venv\Lib\site-packages\urllib3\util\retry.py", line 498, in increment
    raise reraise(type(error), error, _stacktrace)
          ^^^^^^^^^^^^^^^^^^^^^^^^^^^^^^^^^^^^^^^^
  File "C:\Users\Ong Jun Kai\Documents\Qwen Hackathon\.venv\Lib\site-packages\urllib3\util\util.py", line 39, in reraise
    raise value
  File "C:\Users\Ong Jun Kai\Documents\Qwen Hackathon\.venv\Lib\site-packages\urllib3\connectionpool.py", line 788, in urlopen
    response = self._make_request(
               ^^^^^^^^^^^^^^^^^^^
  File "C:\Users\Ong Jun Kai\Documents\Qwen Hackathon\.venv\Lib\site-packages\urllib3\connectionpool.py", line 536, in _make_request
    self._raise_timeout(err=e, url=url, timeout_value=read_timeout)
  File "C:\Users\Ong Jun Kai\Documents\Qwen Hackathon\.venv\Lib\site-packages\urllib3\connectionpool.py", line 367, in _raise_timeout
    raise ReadTimeoutError(
urllib3.exceptions.ReadTimeoutError: HTTPSConnectionPool(host='token-plan.ap-southeast-1.maas.aliyuncs.com', port=443): Read timed out. (read timeout=120)

During handling of the above exception, another exception occurred:

Traceback (most recent call last):
  File "C:\Users\Ong Jun Kai\Documents\Qwen Hackathon\benchmark\qwen38_baseline.py", line 86, in _run_one
    letter, usage = await asyncio.to_thread(_ask_once, item.question, item.choices)
                    ^^^^^^^^^^^^^^^^^^^^^^^^^^^^^^^^^^^^^^^^^^^^^^^^^^^^^^^^^^^^^^^
  File "C:\Users\Ong Jun Kai\AppData\Local\Programs\Python\Python312\Lib\asyncio\threads.py", line 25, in to_thread
    return await loop.run_in_executor(None, func_call)
           ^^^^^^^^^^^^^^^^^^^^^^^^^^^^^^^^^^^^^^^^^^^
  File "C:\Users\Ong Jun Kai\AppData\Local\Programs\Python\Python312\Lib\concurrent\futures\thread.py", line 59, in run
    result = self.fn(*self.args, **self.kwargs)
             ^^^^^^^^^^^^^^^^^^^^^^^^^^^^^^^^^^
  File "C:\Users\Ong Jun Kai\Documents\Qwen Hackathon\benchmark\qwen38_baseline.py", line 65, in _ask_once
    resp = requests.post(MESSAGES_URL, headers=headers, json=body, timeout=120)
           ^^^^^^^^^^^^^^^^^^^^^^^^^^^^^^^^^^^^^^^^^^^^^^^^^^^^^^^^^^^^^^^^^^^^
  File "C:\Users\Ong Jun Kai\Documents\Qwen Hackathon\.venv\Lib\site-packages\requests\api.py", line 134, in post
    return request("post", url, data=data, json=json, **kwargs)
           ^^^^^^^^^^^^^^^^^^^^^^^^^^^^^^^^^^^^^^^^^^^^^^^^^^^^
  File "C:\Users\Ong Jun Kai\Documents\Qwen Hackathon\.venv\Lib\site-packages\requests\api.py", line 71, in request
    return session.request(method=method, url=url, **kwargs)
           ^^^^^^^^^^^^^^^^^^^^^^^^^^^^^^^^^^^^^^^^^^^^^^^^^
  File "C:\Users\Ong Jun Kai\Documents\Qwen Hackathon\.venv\Lib\site-packages\requests\sessions.py", line 651, in request
    resp = self.send(prep, **send_kwargs)
           ^^^^^^^^^^^^^^^^^^^^^^^^^^^^^^
  File "C:\Users\Ong Jun Kai\Documents\Qwen Hackathon\.venv\Lib\site-packages\requests\sessions.py", line 784, in send
    r = adapter.send(request, **kwargs)
        ^^^^^^^^^^^^^^^^^^^^^^^^^^^^^^^
  File "C:\Users\Ong Jun Kai\Documents\Qwen Hackathon\.venv\Lib\site-packages\requests\adapters.py", line 742, in send
    raise ReadTimeout(e, request=request)
requests.exceptions.ReadTimeout: HTTPSConnectionPool(host='token-plan.ap-southeast-1.maas.aliyuncs.com', port=443): Read timed out. (read timeout=120)
2026-07-21 12:09:36,944 INFO recReg13iV2HwJTaA: D(correct) input_tokens=311 output_tokens=209 latency=4.9s
2026-07-21 12:09:50,296 INFO reczjcMtrB1YGS2fO: B(correct) input_tokens=264 output_tokens=753 latency=13.4s
2026-07-21 12:10:54,866 ERROR recFaL6j8UMhutXrc: DROPPED after unrecoverable error
Traceback (most recent call last):
  File "C:\Users\Ong Jun Kai\Documents\Qwen Hackathon\.venv\Lib\site-packages\urllib3\connectionpool.py", line 534, in _make_request
    response = conn.getresponse()
               ^^^^^^^^^^^^^^^^^^
  File "C:\Users\Ong Jun Kai\Documents\Qwen Hackathon\.venv\Lib\site-packages\urllib3\connection.py", line 571, in getresponse
    httplib_response = super().getresponse()
                       ^^^^^^^^^^^^^^^^^^^^^
  File "C:\Users\Ong Jun Kai\AppData\Local\Programs\Python\Python312\Lib\http\client.py", line 1430, in getresponse
    response.begin()
  File "C:\Users\Ong Jun Kai\AppData\Local\Programs\Python\Python312\Lib\http\client.py", line 331, in begin
    version, status, reason = self._read_status()
                              ^^^^^^^^^^^^^^^^^^^
  File "C:\Users\Ong Jun Kai\AppData\Local\Programs\Python\Python312\Lib\http\client.py", line 292, in _read_status
    line = str(self.fp.readline(_MAXLINE + 1), "iso-8859-1")
               ^^^^^^^^^^^^^^^^^^^^^^^^^^^^^^
  File "C:\Users\Ong Jun Kai\AppData\Local\Programs\Python\Python312\Lib\socket.py", line 720, in readinto
    return self._sock.recv_into(b)
           ^^^^^^^^^^^^^^^^^^^^^^^
  File "C:\Users\Ong Jun Kai\AppData\Local\Programs\Python\Python312\Lib\ssl.py", line 1251, in recv_into
    return self.read(nbytes, buffer)
           ^^^^^^^^^^^^^^^^^^^^^^^^^
  File "C:\Users\Ong Jun Kai\AppData\Local\Programs\Python\Python312\Lib\ssl.py", line 1103, in read
    return self._sslobj.read(len, buffer)
           ^^^^^^^^^^^^^^^^^^^^^^^^^^^^^^
TimeoutError: The read operation timed out

The above exception was the direct cause of the following exception:

Traceback (most recent call last):
  File "C:\Users\Ong Jun Kai\Documents\Qwen Hackathon\.venv\Lib\site-packages\requests\adapters.py", line 696, in send
    resp = conn.urlopen(
           ^^^^^^^^^^^^^
  File "C:\Users\Ong Jun Kai\Documents\Qwen Hackathon\.venv\Lib\site-packages\urllib3\connectionpool.py", line 842, in urlopen
    retries = retries.increment(
              ^^^^^^^^^^^^^^^^^^
  File "C:\Users\Ong Jun Kai\Documents\Qwen Hackathon\.venv\Lib\site-packages\urllib3\util\retry.py", line 498, in increment
    raise reraise(type(error), error, _stacktrace)
          ^^^^^^^^^^^^^^^^^^^^^^^^^^^^^^^^^^^^^^^^
  File "C:\Users\Ong Jun Kai\Documents\Qwen Hackathon\.venv\Lib\site-packages\urllib3\util\util.py", line 39, in reraise
    raise value
  File "C:\Users\Ong Jun Kai\Documents\Qwen Hackathon\.venv\Lib\site-packages\urllib3\connectionpool.py", line 788, in urlopen
    response = self._make_request(
               ^^^^^^^^^^^^^^^^^^^
  File "C:\Users\Ong Jun Kai\Documents\Qwen Hackathon\.venv\Lib\site-packages\urllib3\connectionpool.py", line 536, in _make_request
    self._raise_timeout(err=e, url=url, timeout_value=read_timeout)
  File "C:\Users\Ong Jun Kai\Documents\Qwen Hackathon\.venv\Lib\site-packages\urllib3\connectionpool.py", line 367, in _raise_timeout
    raise ReadTimeoutError(
urllib3.exceptions.ReadTimeoutError: HTTPSConnectionPool(host='token-plan.ap-southeast-1.maas.aliyuncs.com', port=443): Read timed out. (read timeout=120)

During handling of the above exception, another exception occurred:

Traceback (most recent call last):
  File "C:\Users\Ong Jun Kai\Documents\Qwen Hackathon\benchmark\qwen38_baseline.py", line 86, in _run_one
    letter, usage = await asyncio.to_thread(_ask_once, item.question, item.choices)
                    ^^^^^^^^^^^^^^^^^^^^^^^^^^^^^^^^^^^^^^^^^^^^^^^^^^^^^^^^^^^^^^^
  File "C:\Users\Ong Jun Kai\AppData\Local\Programs\Python\Python312\Lib\asyncio\threads.py", line 25, in to_thread
    return await loop.run_in_executor(None, func_call)
           ^^^^^^^^^^^^^^^^^^^^^^^^^^^^^^^^^^^^^^^^^^^
  File "C:\Users\Ong Jun Kai\AppData\Local\Programs\Python\Python312\Lib\concurrent\futures\thread.py", line 59, in run
    result = self.fn(*self.args, **self.kwargs)
             ^^^^^^^^^^^^^^^^^^^^^^^^^^^^^^^^^^
  File "C:\Users\Ong Jun Kai\Documents\Qwen Hackathon\benchmark\qwen38_baseline.py", line 65, in _ask_once
    resp = requests.post(MESSAGES_URL, headers=headers, json=body, timeout=120)
           ^^^^^^^^^^^^^^^^^^^^^^^^^^^^^^^^^^^^^^^^^^^^^^^^^^^^^^^^^^^^^^^^^^^^
  File "C:\Users\Ong Jun Kai\Documents\Qwen Hackathon\.venv\Lib\site-packages\requests\api.py", line 134, in post
    return request("post", url, data=data, json=json, **kwargs)
           ^^^^^^^^^^^^^^^^^^^^^^^^^^^^^^^^^^^^^^^^^^^^^^^^^^^^
  File "C:\Users\Ong Jun Kai\Documents\Qwen Hackathon\.venv\Lib\site-packages\requests\api.py", line 71, in request
    return session.request(method=method, url=url, **kwargs)
           ^^^^^^^^^^^^^^^^^^^^^^^^^^^^^^^^^^^^^^^^^^^^^^^^^
  File "C:\Users\Ong Jun Kai\Documents\Qwen Hackathon\.venv\Lib\site-packages\requests\sessions.py", line 651, in request
    resp = self.send(prep, **send_kwargs)
           ^^^^^^^^^^^^^^^^^^^^^^^^^^^^^^
  File "C:\Users\Ong Jun Kai\Documents\Qwen Hackathon\.venv\Lib\site-packages\requests\sessions.py", line 784, in send
    r = adapter.send(request, **kwargs)
        ^^^^^^^^^^^^^^^^^^^^^^^^^^^^^^^
  File "C:\Users\Ong Jun Kai\Documents\Qwen Hackathon\.venv\Lib\site-packages\requests\adapters.py", line 742, in send
    raise ReadTimeout(e, request=request)
requests.exceptions.ReadTimeout: HTTPSConnectionPool(host='token-plan.ap-southeast-1.maas.aliyuncs.com', port=443): Read timed out. (read timeout=120)
2026-07-21 12:11:50,538 ERROR reczzzihL7btBH7RO: DROPPED after unrecoverable error
Traceback (most recent call last):
  File "C:\Users\Ong Jun Kai\Documents\Qwen Hackathon\.venv\Lib\site-packages\urllib3\connectionpool.py", line 534, in _make_request
    response = conn.getresponse()
               ^^^^^^^^^^^^^^^^^^
  File "C:\Users\Ong Jun Kai\Documents\Qwen Hackathon\.venv\Lib\site-packages\urllib3\connection.py", line 571, in getresponse
    httplib_response = super().getresponse()
                       ^^^^^^^^^^^^^^^^^^^^^
  File "C:\Users\Ong Jun Kai\AppData\Local\Programs\Python\Python312\Lib\http\client.py", line 1430, in getresponse
    response.begin()
  File "C:\Users\Ong Jun Kai\AppData\Local\Programs\Python\Python312\Lib\http\client.py", line 331, in begin
    version, status, reason = self._read_status()
                              ^^^^^^^^^^^^^^^^^^^
  File "C:\Users\Ong Jun Kai\AppData\Local\Programs\Python\Python312\Lib\http\client.py", line 292, in _read_status
    line = str(self.fp.readline(_MAXLINE + 1), "iso-8859-1")
               ^^^^^^^^^^^^^^^^^^^^^^^^^^^^^^
  File "C:\Users\Ong Jun Kai\AppData\Local\Programs\Python\Python312\Lib\socket.py", line 720, in readinto
    return self._sock.recv_into(b)
           ^^^^^^^^^^^^^^^^^^^^^^^
  File "C:\Users\Ong Jun Kai\AppData\Local\Programs\Python\Python312\Lib\ssl.py", line 1251, in recv_into
    return self.read(nbytes, buffer)
           ^^^^^^^^^^^^^^^^^^^^^^^^^
  File "C:\Users\Ong Jun Kai\AppData\Local\Programs\Python\Python312\Lib\ssl.py", line 1103, in read
    return self._sslobj.read(len, buffer)
           ^^^^^^^^^^^^^^^^^^^^^^^^^^^^^^
TimeoutError: The read operation timed out

The above exception was the direct cause of the following exception:

Traceback (most recent call last):
  File "C:\Users\Ong Jun Kai\Documents\Qwen Hackathon\.venv\Lib\site-packages\requests\adapters.py", line 696, in send
    resp = conn.urlopen(
           ^^^^^^^^^^^^^
  File "C:\Users\Ong Jun Kai\Documents\Qwen Hackathon\.venv\Lib\site-packages\urllib3\connectionpool.py", line 842, in urlopen
    retries = retries.increment(
              ^^^^^^^^^^^^^^^^^^
  File "C:\Users\Ong Jun Kai\Documents\Qwen Hackathon\.venv\Lib\site-packages\urllib3\util\retry.py", line 498, in increment
    raise reraise(type(error), error, _stacktrace)
          ^^^^^^^^^^^^^^^^^^^^^^^^^^^^^^^^^^^^^^^^
  File "C:\Users\Ong Jun Kai\Documents\Qwen Hackathon\.venv\Lib\site-packages\urllib3\util\util.py", line 39, in reraise
    raise value
  File "C:\Users\Ong Jun Kai\Documents\Qwen Hackathon\.venv\Lib\site-packages\urllib3\connectionpool.py", line 788, in urlopen
    response = self._make_request(
               ^^^^^^^^^^^^^^^^^^^
  File "C:\Users\Ong Jun Kai\Documents\Qwen Hackathon\.venv\Lib\site-packages\urllib3\connectionpool.py", line 536, in _make_request
    self._raise_timeout(err=e, url=url, timeout_value=read_timeout)
  File "C:\Users\Ong Jun Kai\Documents\Qwen Hackathon\.venv\Lib\site-packages\urllib3\connectionpool.py", line 367, in _raise_timeout
    raise ReadTimeoutError(
urllib3.exceptions.ReadTimeoutError: HTTPSConnectionPool(host='token-plan.ap-southeast-1.maas.aliyuncs.com', port=443): Read timed out. (read timeout=120)

During handling of the above exception, another exception occurred:

Traceback (most recent call last):
  File "C:\Users\Ong Jun Kai\Documents\Qwen Hackathon\benchmark\qwen38_baseline.py", line 86, in _run_one
    letter, usage = await asyncio.to_thread(_ask_once, item.question, item.choices)
                    ^^^^^^^^^^^^^^^^^^^^^^^^^^^^^^^^^^^^^^^^^^^^^^^^^^^^^^^^^^^^^^^
  File "C:\Users\Ong Jun Kai\AppData\Local\Programs\Python\Python312\Lib\asyncio\threads.py", line 25, in to_thread
    return await loop.run_in_executor(None, func_call)
           ^^^^^^^^^^^^^^^^^^^^^^^^^^^^^^^^^^^^^^^^^^^
  File "C:\Users\Ong Jun Kai\AppData\Local\Programs\Python\Python312\Lib\concurrent\futures\thread.py", line 59, in run
    result = self.fn(*self.args, **self.kwargs)
             ^^^^^^^^^^^^^^^^^^^^^^^^^^^^^^^^^^
  File "C:\Users\Ong Jun Kai\Documents\Qwen Hackathon\benchmark\qwen38_baseline.py", line 65, in _ask_once
    resp = requests.post(MESSAGES_URL, headers=headers, json=body, timeout=120)
           ^^^^^^^^^^^^^^^^^^^^^^^^^^^^^^^^^^^^^^^^^^^^^^^^^^^^^^^^^^^^^^^^^^^^
  File "C:\Users\Ong Jun Kai\Documents\Qwen Hackathon\.venv\Lib\site-packages\requests\api.py", line 134, in post
    return request("post", url, data=data, json=json, **kwargs)
           ^^^^^^^^^^^^^^^^^^^^^^^^^^^^^^^^^^^^^^^^^^^^^^^^^^^^
  File "C:\Users\Ong Jun Kai\Documents\Qwen Hackathon\.venv\Lib\site-packages\requests\api.py", line 71, in request
    return session.request(method=method, url=url, **kwargs)
           ^^^^^^^^^^^^^^^^^^^^^^^^^^^^^^^^^^^^^^^^^^^^^^^^^
  File "C:\Users\Ong Jun Kai\Documents\Qwen Hackathon\.venv\Lib\site-packages\requests\sessions.py", line 651, in request
    resp = self.send(prep, **send_kwargs)
           ^^^^^^^^^^^^^^^^^^^^^^^^^^^^^^
  File "C:\Users\Ong Jun Kai\Documents\Qwen Hackathon\.venv\Lib\site-packages\requests\sessions.py", line 784, in send
    r = adapter.send(request, **kwargs)
        ^^^^^^^^^^^^^^^^^^^^^^^^^^^^^^^
  File "C:\Users\Ong Jun Kai\Documents\Qwen Hackathon\.venv\Lib\site-packages\requests\adapters.py", line 742, in send
    raise ReadTimeout(e, request=request)
requests.exceptions.ReadTimeout: HTTPSConnectionPool(host='token-plan.ap-southeast-1.maas.aliyuncs.com', port=443): Read timed out. (read timeout=120)
2026-07-21 12:11:51,605 INFO recyl3usDqb7ruXJx: B(correct) input_tokens=337 output_tokens=3158 latency=56.7s
2026-07-21 12:12:25,006 INFO recZbxrocrxh9YENH: A(correct) input_tokens=273 output_tokens=2055 latency=34.5s
2026-07-21 12:13:51,805 ERROR recZt4x514UQNnsgy: DROPPED after unrecoverable error
Traceback (most recent call last):
  File "C:\Users\Ong Jun Kai\Documents\Qwen Hackathon\.venv\Lib\site-packages\urllib3\connectionpool.py", line 534, in _make_request
    response = conn.getresponse()
               ^^^^^^^^^^^^^^^^^^
  File "C:\Users\Ong Jun Kai\Documents\Qwen Hackathon\.venv\Lib\site-packages\urllib3\connection.py", line 571, in getresponse
    httplib_response = super().getresponse()
                       ^^^^^^^^^^^^^^^^^^^^^
  File "C:\Users\Ong Jun Kai\AppData\Local\Programs\Python\Python312\Lib\http\client.py", line 1430, in getresponse
    response.begin()
  File "C:\Users\Ong Jun Kai\AppData\Local\Programs\Python\Python312\Lib\http\client.py", line 331, in begin
    version, status, reason = self._read_status()
                              ^^^^^^^^^^^^^^^^^^^
  File "C:\Users\Ong Jun Kai\AppData\Local\Programs\Python\Python312\Lib\http\client.py", line 292, in _read_status
    line = str(self.fp.readline(_MAXLINE + 1), "iso-8859-1")
               ^^^^^^^^^^^^^^^^^^^^^^^^^^^^^^
  File "C:\Users\Ong Jun Kai\AppData\Local\Programs\Python\Python312\Lib\socket.py", line 720, in readinto
    return self._sock.recv_into(b)
           ^^^^^^^^^^^^^^^^^^^^^^^
  File "C:\Users\Ong Jun Kai\AppData\Local\Programs\Python\Python312\Lib\ssl.py", line 1251, in recv_into
    return self.read(nbytes, buffer)
           ^^^^^^^^^^^^^^^^^^^^^^^^^
  File "C:\Users\Ong Jun Kai\AppData\Local\Programs\Python\Python312\Lib\ssl.py", line 1103, in read
    return self._sslobj.read(len, buffer)
           ^^^^^^^^^^^^^^^^^^^^^^^^^^^^^^
TimeoutError: The read operation timed out

The above exception was the direct cause of the following exception:

Traceback (most recent call last):
  File "C:\Users\Ong Jun Kai\Documents\Qwen Hackathon\.venv\Lib\site-packages\requests\adapters.py", line 696, in send
    resp = conn.urlopen(
           ^^^^^^^^^^^^^
  File "C:\Users\Ong Jun Kai\Documents\Qwen Hackathon\.venv\Lib\site-packages\urllib3\connectionpool.py", line 842, in urlopen
    retries = retries.increment(
              ^^^^^^^^^^^^^^^^^^
  File "C:\Users\Ong Jun Kai\Documents\Qwen Hackathon\.venv\Lib\site-packages\urllib3\util\retry.py", line 498, in increment
    raise reraise(type(error), error, _stacktrace)
          ^^^^^^^^^^^^^^^^^^^^^^^^^^^^^^^^^^^^^^^^
  File "C:\Users\Ong Jun Kai\Documents\Qwen Hackathon\.venv\Lib\site-packages\urllib3\util\util.py", line 39, in reraise
    raise value
  File "C:\Users\Ong Jun Kai\Documents\Qwen Hackathon\.venv\Lib\site-packages\urllib3\connectionpool.py", line 788, in urlopen
    response = self._make_request(
               ^^^^^^^^^^^^^^^^^^^
  File "C:\Users\Ong Jun Kai\Documents\Qwen Hackathon\.venv\Lib\site-packages\urllib3\connectionpool.py", line 536, in _make_request
    self._raise_timeout(err=e, url=url, timeout_value=read_timeout)
  File "C:\Users\Ong Jun Kai\Documents\Qwen Hackathon\.venv\Lib\site-packages\urllib3\connectionpool.py", line 367, in _raise_timeout
    raise ReadTimeoutError(
urllib3.exceptions.ReadTimeoutError: HTTPSConnectionPool(host='token-plan.ap-southeast-1.maas.aliyuncs.com', port=443): Read timed out. (read timeout=120)

During handling of the above exception, another exception occurred:

Traceback (most recent call last):
  File "C:\Users\Ong Jun Kai\Documents\Qwen Hackathon\benchmark\qwen38_baseline.py", line 86, in _run_one
    letter, usage = await asyncio.to_thread(_ask_once, item.question, item.choices)
                    ^^^^^^^^^^^^^^^^^^^^^^^^^^^^^^^^^^^^^^^^^^^^^^^^^^^^^^^^^^^^^^^
  File "C:\Users\Ong Jun Kai\AppData\Local\Programs\Python\Python312\Lib\asyncio\threads.py", line 25, in to_thread
    return await loop.run_in_executor(None, func_call)
           ^^^^^^^^^^^^^^^^^^^^^^^^^^^^^^^^^^^^^^^^^^^
  File "C:\Users\Ong Jun Kai\AppData\Local\Programs\Python\Python312\Lib\concurrent\futures\thread.py", line 59, in run
    result = self.fn(*self.args, **self.kwargs)
             ^^^^^^^^^^^^^^^^^^^^^^^^^^^^^^^^^^
  File "C:\Users\Ong Jun Kai\Documents\Qwen Hackathon\benchmark\qwen38_baseline.py", line 65, in _ask_once
    resp = requests.post(MESSAGES_URL, headers=headers, json=body, timeout=120)
           ^^^^^^^^^^^^^^^^^^^^^^^^^^^^^^^^^^^^^^^^^^^^^^^^^^^^^^^^^^^^^^^^^^^^
  File "C:\Users\Ong Jun Kai\Documents\Qwen Hackathon\.venv\Lib\site-packages\requests\api.py", line 134, in post
    return request("post", url, data=data, json=json, **kwargs)
           ^^^^^^^^^^^^^^^^^^^^^^^^^^^^^^^^^^^^^^^^^^^^^^^^^^^^
  File "C:\Users\Ong Jun Kai\Documents\Qwen Hackathon\.venv\Lib\site-packages\requests\api.py", line 71, in request
    return session.request(method=method, url=url, **kwargs)
           ^^^^^^^^^^^^^^^^^^^^^^^^^^^^^^^^^^^^^^^^^^^^^^^^^
  File "C:\Users\Ong Jun Kai\Documents\Qwen Hackathon\.venv\Lib\site-packages\requests\sessions.py", line 651, in request
    resp = self.send(prep, **send_kwargs)
           ^^^^^^^^^^^^^^^^^^^^^^^^^^^^^^
  File "C:\Users\Ong Jun Kai\Documents\Qwen Hackathon\.venv\Lib\site-packages\requests\sessions.py", line 784, in send
    r = adapter.send(request, **kwargs)
        ^^^^^^^^^^^^^^^^^^^^^^^^^^^^^^^
  File "C:\Users\Ong Jun Kai\Documents\Qwen Hackathon\.venv\Lib\site-packages\requests\adapters.py", line 742, in send
    raise ReadTimeout(e, request=request)
requests.exceptions.ReadTimeout: HTTPSConnectionPool(host='token-plan.ap-southeast-1.maas.aliyuncs.com', port=443): Read timed out. (read timeout=120)
2026-07-21 12:14:25,271 ERROR recZ13cwgDQf9jRd9: DROPPED after unrecoverable error
Traceback (most recent call last):
  File "C:\Users\Ong Jun Kai\Documents\Qwen Hackathon\.venv\Lib\site-packages\urllib3\connectionpool.py", line 534, in _make_request
    response = conn.getresponse()
               ^^^^^^^^^^^^^^^^^^
  File "C:\Users\Ong Jun Kai\Documents\Qwen Hackathon\.venv\Lib\site-packages\urllib3\connection.py", line 571, in getresponse
    httplib_response = super().getresponse()
                       ^^^^^^^^^^^^^^^^^^^^^
  File "C:\Users\Ong Jun Kai\AppData\Local\Programs\Python\Python312\Lib\http\client.py", line 1430, in getresponse
    response.begin()
  File "C:\Users\Ong Jun Kai\AppData\Local\Programs\Python\Python312\Lib\http\client.py", line 331, in begin
    version, status, reason = self._read_status()
                              ^^^^^^^^^^^^^^^^^^^
  File "C:\Users\Ong Jun Kai\AppData\Local\Programs\Python\Python312\Lib\http\client.py", line 292, in _read_status
    line = str(self.fp.readline(_MAXLINE + 1), "iso-8859-1")
               ^^^^^^^^^^^^^^^^^^^^^^^^^^^^^^
  File "C:\Users\Ong Jun Kai\AppData\Local\Programs\Python\Python312\Lib\socket.py", line 720, in readinto
    return self._sock.recv_into(b)
           ^^^^^^^^^^^^^^^^^^^^^^^
  File "C:\Users\Ong Jun Kai\AppData\Local\Programs\Python\Python312\Lib\ssl.py", line 1251, in recv_into
    return self.read(nbytes, buffer)
           ^^^^^^^^^^^^^^^^^^^^^^^^^
  File "C:\Users\Ong Jun Kai\AppData\Local\Programs\Python\Python312\Lib\ssl.py", line 1103, in read
    return self._sslobj.read(len, buffer)
           ^^^^^^^^^^^^^^^^^^^^^^^^^^^^^^
TimeoutError: The read operation timed out

The above exception was the direct cause of the following exception:

Traceback (most recent call last):
  File "C:\Users\Ong Jun Kai\Documents\Qwen Hackathon\.venv\Lib\site-packages\requests\adapters.py", line 696, in send
    resp = conn.urlopen(
           ^^^^^^^^^^^^^
  File "C:\Users\Ong Jun Kai\Documents\Qwen Hackathon\.venv\Lib\site-packages\urllib3\connectionpool.py", line 842, in urlopen
    retries = retries.increment(
              ^^^^^^^^^^^^^^^^^^
  File "C:\Users\Ong Jun Kai\Documents\Qwen Hackathon\.venv\Lib\site-packages\urllib3\util\retry.py", line 498, in increment
    raise reraise(type(error), error, _stacktrace)
          ^^^^^^^^^^^^^^^^^^^^^^^^^^^^^^^^^^^^^^^^
  File "C:\Users\Ong Jun Kai\Documents\Qwen Hackathon\.venv\Lib\site-packages\urllib3\util\util.py", line 39, in reraise
    raise value
  File "C:\Users\Ong Jun Kai\Documents\Qwen Hackathon\.venv\Lib\site-packages\urllib3\connectionpool.py", line 788, in urlopen
    response = self._make_request(
               ^^^^^^^^^^^^^^^^^^^
  File "C:\Users\Ong Jun Kai\Documents\Qwen Hackathon\.venv\Lib\site-packages\urllib3\connectionpool.py", line 536, in _make_request
    self._raise_timeout(err=e, url=url, timeout_value=read_timeout)
  File "C:\Users\Ong Jun Kai\Documents\Qwen Hackathon\.venv\Lib\site-packages\urllib3\connectionpool.py", line 367, in _raise_timeout
    raise ReadTimeoutError(
urllib3.exceptions.ReadTimeoutError: HTTPSConnectionPool(host='token-plan.ap-southeast-1.maas.aliyuncs.com', port=443): Read timed out. (read timeout=120)

During handling of the above exception, another exception occurred:

Traceback (most recent call last):
  File "C:\Users\Ong Jun Kai\Documents\Qwen Hackathon\benchmark\qwen38_baseline.py", line 86, in _run_one
    letter, usage = await asyncio.to_thread(_ask_once, item.question, item.choices)
                    ^^^^^^^^^^^^^^^^^^^^^^^^^^^^^^^^^^^^^^^^^^^^^^^^^^^^^^^^^^^^^^^
  File "C:\Users\Ong Jun Kai\AppData\Local\Programs\Python\Python312\Lib\asyncio\threads.py", line 25, in to_thread
    return await loop.run_in_executor(None, func_call)
           ^^^^^^^^^^^^^^^^^^^^^^^^^^^^^^^^^^^^^^^^^^^
  File "C:\Users\Ong Jun Kai\AppData\Local\Programs\Python\Python312\Lib\concurrent\futures\thread.py", line 59, in run
    result = self.fn(*self.args, **self.kwargs)
             ^^^^^^^^^^^^^^^^^^^^^^^^^^^^^^^^^^
  File "C:\Users\Ong Jun Kai\Documents\Qwen Hackathon\benchmark\qwen38_baseline.py", line 65, in _ask_once
    resp = requests.post(MESSAGES_URL, headers=headers, json=body, timeout=120)
           ^^^^^^^^^^^^^^^^^^^^^^^^^^^^^^^^^^^^^^^^^^^^^^^^^^^^^^^^^^^^^^^^^^^^
  File "C:\Users\Ong Jun Kai\Documents\Qwen Hackathon\.venv\Lib\site-packages\requests\api.py", line 134, in post
    return request("post", url, data=data, json=json, **kwargs)
           ^^^^^^^^^^^^^^^^^^^^^^^^^^^^^^^^^^^^^^^^^^^^^^^^^^^^
  File "C:\Users\Ong Jun Kai\Documents\Qwen Hackathon\.venv\Lib\site-packages\requests\api.py", line 71, in request
    return session.request(method=method, url=url, **kwargs)
           ^^^^^^^^^^^^^^^^^^^^^^^^^^^^^^^^^^^^^^^^^^^^^^^^^
  File "C:\Users\Ong Jun Kai\Documents\Qwen Hackathon\.venv\Lib\site-packages\requests\sessions.py", line 651, in request
    resp = self.send(prep, **send_kwargs)
           ^^^^^^^^^^^^^^^^^^^^^^^^^^^^^^
  File "C:\Users\Ong Jun Kai\Documents\Qwen Hackathon\.venv\Lib\site-packages\requests\sessions.py", line 784, in send
    r = adapter.send(request, **kwargs)
        ^^^^^^^^^^^^^^^^^^^^^^^^^^^^^^^
  File "C:\Users\Ong Jun Kai\Documents\Qwen Hackathon\.venv\Lib\site-packages\requests\adapters.py", line 742, in send
    raise ReadTimeout(e, request=request)
requests.exceptions.ReadTimeout: HTTPSConnectionPool(host='token-plan.ap-southeast-1.maas.aliyuncs.com', port=443): Read timed out. (read timeout=120)
2026-07-21 12:14:47,637 INFO rec4L69T0Y1AS4AFS: D(correct) input_tokens=460 output_tokens=1303 latency=22.4s
2026-07-21 12:15:24,174 INFO recnawZPumSCLMVgp: D(correct) input_tokens=351 output_tokens=5612 latency=92.4s
2026-07-21 12:15:28,708 INFO reck1zKeCssmN82Ga: C(correct) input_tokens=238 output_tokens=2175 latency=41.1s
2026-07-21 12:15:32,876 INFO recWzUUYBN0NuXO2k: B(correct) input_tokens=261 output_tokens=557 latency=8.7s
2026-07-21 12:15:53,997 INFO recqGD3fxPCI59vPQ: C(correct) input_tokens=300 output_tokens=1160 latency=21.1s
2026-07-21 12:16:45,313 INFO recPL4ZPpVYxgMu57: D(correct) input_tokens=192 output_tokens=4138 latency=76.6s
2026-07-21 12:17:50,012 INFO recRZjaElf8ft7xTq: C(correct) input_tokens=293 output_tokens=3862 latency=64.7s
2026-07-21 12:17:54,256 ERROR recb80OwMgNnceA9t: DROPPED after unrecoverable error
Traceback (most recent call last):
  File "C:\Users\Ong Jun Kai\Documents\Qwen Hackathon\.venv\Lib\site-packages\urllib3\connectionpool.py", line 534, in _make_request
    response = conn.getresponse()
               ^^^^^^^^^^^^^^^^^^
  File "C:\Users\Ong Jun Kai\Documents\Qwen Hackathon\.venv\Lib\site-packages\urllib3\connection.py", line 571, in getresponse
    httplib_response = super().getresponse()
                       ^^^^^^^^^^^^^^^^^^^^^
  File "C:\Users\Ong Jun Kai\AppData\Local\Programs\Python\Python312\Lib\http\client.py", line 1430, in getresponse
    response.begin()
  File "C:\Users\Ong Jun Kai\AppData\Local\Programs\Python\Python312\Lib\http\client.py", line 331, in begin
    version, status, reason = self._read_status()
                              ^^^^^^^^^^^^^^^^^^^
  File "C:\Users\Ong Jun Kai\AppData\Local\Programs\Python\Python312\Lib\http\client.py", line 292, in _read_status
    line = str(self.fp.readline(_MAXLINE + 1), "iso-8859-1")
               ^^^^^^^^^^^^^^^^^^^^^^^^^^^^^^
  File "C:\Users\Ong Jun Kai\AppData\Local\Programs\Python\Python312\Lib\socket.py", line 720, in readinto
    return self._sock.recv_into(b)
           ^^^^^^^^^^^^^^^^^^^^^^^
  File "C:\Users\Ong Jun Kai\AppData\Local\Programs\Python\Python312\Lib\ssl.py", line 1251, in recv_into
    return self.read(nbytes, buffer)
           ^^^^^^^^^^^^^^^^^^^^^^^^^
  File "C:\Users\Ong Jun Kai\AppData\Local\Programs\Python\Python312\Lib\ssl.py", line 1103, in read
    return self._sslobj.read(len, buffer)
           ^^^^^^^^^^^^^^^^^^^^^^^^^^^^^^
TimeoutError: The read operation timed out

The above exception was the direct cause of the following exception:

Traceback (most recent call last):
  File "C:\Users\Ong Jun Kai\Documents\Qwen Hackathon\.venv\Lib\site-packages\requests\adapters.py", line 696, in send
    resp = conn.urlopen(
           ^^^^^^^^^^^^^
  File "C:\Users\Ong Jun Kai\Documents\Qwen Hackathon\.venv\Lib\site-packages\urllib3\connectionpool.py", line 842, in urlopen
    retries = retries.increment(
              ^^^^^^^^^^^^^^^^^^
  File "C:\Users\Ong Jun Kai\Documents\Qwen Hackathon\.venv\Lib\site-packages\urllib3\util\retry.py", line 498, in increment
    raise reraise(type(error), error, _stacktrace)
          ^^^^^^^^^^^^^^^^^^^^^^^^^^^^^^^^^^^^^^^^
  File "C:\Users\Ong Jun Kai\Documents\Qwen Hackathon\.venv\Lib\site-packages\urllib3\util\util.py", line 39, in reraise
    raise value
  File "C:\Users\Ong Jun Kai\Documents\Qwen Hackathon\.venv\Lib\site-packages\urllib3\connectionpool.py", line 788, in urlopen
    response = self._make_request(
               ^^^^^^^^^^^^^^^^^^^
  File "C:\Users\Ong Jun Kai\Documents\Qwen Hackathon\.venv\Lib\site-packages\urllib3\connectionpool.py", line 536, in _make_request
    self._raise_timeout(err=e, url=url, timeout_value=read_timeout)
  File "C:\Users\Ong Jun Kai\Documents\Qwen Hackathon\.venv\Lib\site-packages\urllib3\connectionpool.py", line 367, in _raise_timeout
    raise ReadTimeoutError(
urllib3.exceptions.ReadTimeoutError: HTTPSConnectionPool(host='token-plan.ap-southeast-1.maas.aliyuncs.com', port=443): Read timed out. (read timeout=120)

During handling of the above exception, another exception occurred:

Traceback (most recent call last):
  File "C:\Users\Ong Jun Kai\Documents\Qwen Hackathon\benchmark\qwen38_baseline.py", line 86, in _run_one
    letter, usage = await asyncio.to_thread(_ask_once, item.question, item.choices)
                    ^^^^^^^^^^^^^^^^^^^^^^^^^^^^^^^^^^^^^^^^^^^^^^^^^^^^^^^^^^^^^^^
  File "C:\Users\Ong Jun Kai\AppData\Local\Programs\Python\Python312\Lib\asyncio\threads.py", line 25, in to_thread
    return await loop.run_in_executor(None, func_call)
           ^^^^^^^^^^^^^^^^^^^^^^^^^^^^^^^^^^^^^^^^^^^
  File "C:\Users\Ong Jun Kai\AppData\Local\Programs\Python\Python312\Lib\concurrent\futures\thread.py", line 59, in run
    result = self.fn(*self.args, **self.kwargs)
             ^^^^^^^^^^^^^^^^^^^^^^^^^^^^^^^^^^
  File "C:\Users\Ong Jun Kai\Documents\Qwen Hackathon\benchmark\qwen38_baseline.py", line 65, in _ask_once
    resp = requests.post(MESSAGES_URL, headers=headers, json=body, timeout=120)
           ^^^^^^^^^^^^^^^^^^^^^^^^^^^^^^^^^^^^^^^^^^^^^^^^^^^^^^^^^^^^^^^^^^^^
  File "C:\Users\Ong Jun Kai\Documents\Qwen Hackathon\.venv\Lib\site-packages\requests\api.py", line 134, in post
    return request("post", url, data=data, json=json, **kwargs)
           ^^^^^^^^^^^^^^^^^^^^^^^^^^^^^^^^^^^^^^^^^^^^^^^^^^^^
  File "C:\Users\Ong Jun Kai\Documents\Qwen Hackathon\.venv\Lib\site-packages\requests\api.py", line 71, in request
    return session.request(method=method, url=url, **kwargs)
           ^^^^^^^^^^^^^^^^^^^^^^^^^^^^^^^^^^^^^^^^^^^^^^^^^
  File "C:\Users\Ong Jun Kai\Documents\Qwen Hackathon\.venv\Lib\site-packages\requests\sessions.py", line 651, in request
    resp = self.send(prep, **send_kwargs)
           ^^^^^^^^^^^^^^^^^^^^^^^^^^^^^^
  File "C:\Users\Ong Jun Kai\Documents\Qwen Hackathon\.venv\Lib\site-packages\requests\sessions.py", line 784, in send
    r = adapter.send(request, **kwargs)
        ^^^^^^^^^^^^^^^^^^^^^^^^^^^^^^^
  File "C:\Users\Ong Jun Kai\Documents\Qwen Hackathon\.venv\Lib\site-packages\requests\adapters.py", line 742, in send
    raise ReadTimeout(e, request=request)
requests.exceptions.ReadTimeout: HTTPSConnectionPool(host='token-plan.ap-southeast-1.maas.aliyuncs.com', port=443): Read timed out. (read timeout=120)
2026-07-21 12:19:40,128 INFO recLAgwx9vbgB5EHk: D(correct) input_tokens=253 output_tokens=6516 latency=110.1s
2026-07-21 12:19:54,506 ERROR recLrRirj7iXoB0rU: DROPPED after unrecoverable error
Traceback (most recent call last):
  File "C:\Users\Ong Jun Kai\Documents\Qwen Hackathon\.venv\Lib\site-packages\urllib3\connectionpool.py", line 534, in _make_request
    response = conn.getresponse()
               ^^^^^^^^^^^^^^^^^^
  File "C:\Users\Ong Jun Kai\Documents\Qwen Hackathon\.venv\Lib\site-packages\urllib3\connection.py", line 571, in getresponse
    httplib_response = super().getresponse()
                       ^^^^^^^^^^^^^^^^^^^^^
  File "C:\Users\Ong Jun Kai\AppData\Local\Programs\Python\Python312\Lib\http\client.py", line 1430, in getresponse
    response.begin()
  File "C:\Users\Ong Jun Kai\AppData\Local\Programs\Python\Python312\Lib\http\client.py", line 331, in begin
    version, status, reason = self._read_status()
                              ^^^^^^^^^^^^^^^^^^^
  File "C:\Users\Ong Jun Kai\AppData\Local\Programs\Python\Python312\Lib\http\client.py", line 292, in _read_status
    line = str(self.fp.readline(_MAXLINE + 1), "iso-8859-1")
               ^^^^^^^^^^^^^^^^^^^^^^^^^^^^^^
  File "C:\Users\Ong Jun Kai\AppData\Local\Programs\Python\Python312\Lib\socket.py", line 720, in readinto
    return self._sock.recv_into(b)
           ^^^^^^^^^^^^^^^^^^^^^^^
  File "C:\Users\Ong Jun Kai\AppData\Local\Programs\Python\Python312\Lib\ssl.py", line 1251, in recv_into
    return self.read(nbytes, buffer)
           ^^^^^^^^^^^^^^^^^^^^^^^^^
  File "C:\Users\Ong Jun Kai\AppData\Local\Programs\Python\Python312\Lib\ssl.py", line 1103, in read
    return self._sslobj.read(len, buffer)
           ^^^^^^^^^^^^^^^^^^^^^^^^^^^^^^
TimeoutError: The read operation timed out

The above exception was the direct cause of the following exception:

Traceback (most recent call last):
  File "C:\Users\Ong Jun Kai\Documents\Qwen Hackathon\.venv\Lib\site-packages\requests\adapters.py", line 696, in send
    resp = conn.urlopen(
           ^^^^^^^^^^^^^
  File "C:\Users\Ong Jun Kai\Documents\Qwen Hackathon\.venv\Lib\site-packages\urllib3\connectionpool.py", line 842, in urlopen
    retries = retries.increment(
              ^^^^^^^^^^^^^^^^^^
  File "C:\Users\Ong Jun Kai\Documents\Qwen Hackathon\.venv\Lib\site-packages\urllib3\util\retry.py", line 498, in increment
    raise reraise(type(error), error, _stacktrace)
          ^^^^^^^^^^^^^^^^^^^^^^^^^^^^^^^^^^^^^^^^
  File "C:\Users\Ong Jun Kai\Documents\Qwen Hackathon\.venv\Lib\site-packages\urllib3\util\util.py", line 39, in reraise
    raise value
  File "C:\Users\Ong Jun Kai\Documents\Qwen Hackathon\.venv\Lib\site-packages\urllib3\connectionpool.py", line 788, in urlopen
    response = self._make_request(
               ^^^^^^^^^^^^^^^^^^^
  File "C:\Users\Ong Jun Kai\Documents\Qwen Hackathon\.venv\Lib\site-packages\urllib3\connectionpool.py", line 536, in _make_request
    self._raise_timeout(err=e, url=url, timeout_value=read_timeout)
  File "C:\Users\Ong Jun Kai\Documents\Qwen Hackathon\.venv\Lib\site-packages\urllib3\connectionpool.py", line 367, in _raise_timeout
    raise ReadTimeoutError(
urllib3.exceptions.ReadTimeoutError: HTTPSConnectionPool(host='token-plan.ap-southeast-1.maas.aliyuncs.com', port=443): Read timed out. (read timeout=120)

During handling of the above exception, another exception occurred:

Traceback (most recent call last):
  File "C:\Users\Ong Jun Kai\Documents\Qwen Hackathon\benchmark\qwen38_baseline.py", line 86, in _run_one
    letter, usage = await asyncio.to_thread(_ask_once, item.question, item.choices)
                    ^^^^^^^^^^^^^^^^^^^^^^^^^^^^^^^^^^^^^^^^^^^^^^^^^^^^^^^^^^^^^^^
  File "C:\Users\Ong Jun Kai\AppData\Local\Programs\Python\Python312\Lib\asyncio\threads.py", line 25, in to_thread
    return await loop.run_in_executor(None, func_call)
           ^^^^^^^^^^^^^^^^^^^^^^^^^^^^^^^^^^^^^^^^^^^
  File "C:\Users\Ong Jun Kai\AppData\Local\Programs\Python\Python312\Lib\concurrent\futures\thread.py", line 59, in run
    result = self.fn(*self.args, **self.kwargs)
             ^^^^^^^^^^^^^^^^^^^^^^^^^^^^^^^^^^
  File "C:\Users\Ong Jun Kai\Documents\Qwen Hackathon\benchmark\qwen38_baseline.py", line 65, in _ask_once
    resp = requests.post(MESSAGES_URL, headers=headers, json=body, timeout=120)
           ^^^^^^^^^^^^^^^^^^^^^^^^^^^^^^^^^^^^^^^^^^^^^^^^^^^^^^^^^^^^^^^^^^^^
  File "C:\Users\Ong Jun Kai\Documents\Qwen Hackathon\.venv\Lib\site-packages\requests\api.py", line 134, in post
    return request("post", url, data=data, json=json, **kwargs)
           ^^^^^^^^^^^^^^^^^^^^^^^^^^^^^^^^^^^^^^^^^^^^^^^^^^^^
  File "C:\Users\Ong Jun Kai\Documents\Qwen Hackathon\.venv\Lib\site-packages\requests\api.py", line 71, in request
    return session.request(method=method, url=url, **kwargs)
           ^^^^^^^^^^^^^^^^^^^^^^^^^^^^^^^^^^^^^^^^^^^^^^^^^
  File "C:\Users\Ong Jun Kai\Documents\Qwen Hackathon\.venv\Lib\site-packages\requests\sessions.py", line 651, in request
    resp = self.send(prep, **send_kwargs)
           ^^^^^^^^^^^^^^^^^^^^^^^^^^^^^^
  File "C:\Users\Ong Jun Kai\Documents\Qwen Hackathon\.venv\Lib\site-packages\requests\sessions.py", line 784, in send
    r = adapter.send(request, **kwargs)
        ^^^^^^^^^^^^^^^^^^^^^^^^^^^^^^^
  File "C:\Users\Ong Jun Kai\Documents\Qwen Hackathon\.venv\Lib\site-packages\requests\adapters.py", line 742, in send
    raise ReadTimeout(e, request=request)
requests.exceptions.ReadTimeout: HTTPSConnectionPool(host='token-plan.ap-southeast-1.maas.aliyuncs.com', port=443): Read timed out. (read timeout=120)
2026-07-21 12:20:03,116 INFO rechtUKxC6G67H7Pr: B(correct) input_tokens=312 output_tokens=525 latency=8.6s
2026-07-21 12:20:14,109 INFO rec32C1ZEapBnCC0E: C(correct) input_tokens=308 output_tokens=582 latency=11.0s
2026-07-21 12:20:20,858 INFO recypVp2NmPlBKVTp: B(correct) input_tokens=279 output_tokens=276 latency=6.8s
2026-07-21 12:20:29,571 INFO reckYqR92oJkqJXkE: D(correct) input_tokens=190 output_tokens=476 latency=8.7s
2026-07-21 12:21:30,893 INFO recYCMJWH7IpcdqwE: B(correct) input_tokens=505 output_tokens=6530 latency=110.8s
2026-07-21 12:21:41,694 INFO recINGR1z01Fh1Z3A: C(correct) input_tokens=316 output_tokens=604 latency=10.8s
2026-07-21 12:21:49,370 INFO recihePFulRgNKsIn: C(wrong) input_tokens=254 output_tokens=397 latency=7.7s
2026-07-21 12:22:16,437 INFO recn3NhOhqAPLda16: A(correct) input_tokens=334 output_tokens=6161 latency=106.9s
2026-07-21 12:23:49,834 ERROR rec1oj2DveQWl9Rpw: DROPPED after unrecoverable error
Traceback (most recent call last):
  File "C:\Users\Ong Jun Kai\Documents\Qwen Hackathon\.venv\Lib\site-packages\urllib3\connectionpool.py", line 534, in _make_request
    response = conn.getresponse()
               ^^^^^^^^^^^^^^^^^^
  File "C:\Users\Ong Jun Kai\Documents\Qwen Hackathon\.venv\Lib\site-packages\urllib3\connection.py", line 571, in getresponse
    httplib_response = super().getresponse()
                       ^^^^^^^^^^^^^^^^^^^^^
  File "C:\Users\Ong Jun Kai\AppData\Local\Programs\Python\Python312\Lib\http\client.py", line 1430, in getresponse
    response.begin()
  File "C:\Users\Ong Jun Kai\AppData\Local\Programs\Python\Python312\Lib\http\client.py", line 331, in begin
    version, status, reason = self._read_status()
                              ^^^^^^^^^^^^^^^^^^^
  File "C:\Users\Ong Jun Kai\AppData\Local\Programs\Python\Python312\Lib\http\client.py", line 292, in _read_status
    line = str(self.fp.readline(_MAXLINE + 1), "iso-8859-1")
               ^^^^^^^^^^^^^^^^^^^^^^^^^^^^^^
  File "C:\Users\Ong Jun Kai\AppData\Local\Programs\Python\Python312\Lib\socket.py", line 720, in readinto
    return self._sock.recv_into(b)
           ^^^^^^^^^^^^^^^^^^^^^^^
  File "C:\Users\Ong Jun Kai\AppData\Local\Programs\Python\Python312\Lib\ssl.py", line 1251, in recv_into
    return self.read(nbytes, buffer)
           ^^^^^^^^^^^^^^^^^^^^^^^^^
  File "C:\Users\Ong Jun Kai\AppData\Local\Programs\Python\Python312\Lib\ssl.py", line 1103, in read
    return self._sslobj.read(len, buffer)
           ^^^^^^^^^^^^^^^^^^^^^^^^^^^^^^
TimeoutError: The read operation timed out

The above exception was the direct cause of the following exception:

Traceback (most recent call last):
  File "C:\Users\Ong Jun Kai\Documents\Qwen Hackathon\.venv\Lib\site-packages\requests\adapters.py", line 696, in send
    resp = conn.urlopen(
           ^^^^^^^^^^^^^
  File "C:\Users\Ong Jun Kai\Documents\Qwen Hackathon\.venv\Lib\site-packages\urllib3\connectionpool.py", line 842, in urlopen
    retries = retries.increment(
              ^^^^^^^^^^^^^^^^^^
  File "C:\Users\Ong Jun Kai\Documents\Qwen Hackathon\.venv\Lib\site-packages\urllib3\util\retry.py", line 498, in increment
    raise reraise(type(error), error, _stacktrace)
          ^^^^^^^^^^^^^^^^^^^^^^^^^^^^^^^^^^^^^^^^
  File "C:\Users\Ong Jun Kai\Documents\Qwen Hackathon\.venv\Lib\site-packages\urllib3\util\util.py", line 39, in reraise
    raise value
  File "C:\Users\Ong Jun Kai\Documents\Qwen Hackathon\.venv\Lib\site-packages\urllib3\connectionpool.py", line 788, in urlopen
    response = self._make_request(
               ^^^^^^^^^^^^^^^^^^^
  File "C:\Users\Ong Jun Kai\Documents\Qwen Hackathon\.venv\Lib\site-packages\urllib3\connectionpool.py", line 536, in _make_request
    self._raise_timeout(err=e, url=url, timeout_value=read_timeout)
  File "C:\Users\Ong Jun Kai\Documents\Qwen Hackathon\.venv\Lib\site-packages\urllib3\connectionpool.py", line 367, in _raise_timeout
    raise ReadTimeoutError(
urllib3.exceptions.ReadTimeoutError: HTTPSConnectionPool(host='token-plan.ap-southeast-1.maas.aliyuncs.com', port=443): Read timed out. (read timeout=120)

During handling of the above exception, another exception occurred:

Traceback (most recent call last):
  File "C:\Users\Ong Jun Kai\Documents\Qwen Hackathon\benchmark\qwen38_baseline.py", line 86, in _run_one
    letter, usage = await asyncio.to_thread(_ask_once, item.question, item.choices)
                    ^^^^^^^^^^^^^^^^^^^^^^^^^^^^^^^^^^^^^^^^^^^^^^^^^^^^^^^^^^^^^^^
  File "C:\Users\Ong Jun Kai\AppData\Local\Programs\Python\Python312\Lib\asyncio\threads.py", line 25, in to_thread
    return await loop.run_in_executor(None, func_call)
           ^^^^^^^^^^^^^^^^^^^^^^^^^^^^^^^^^^^^^^^^^^^
  File "C:\Users\Ong Jun Kai\AppData\Local\Programs\Python\Python312\Lib\concurrent\futures\thread.py", line 59, in run
    result = self.fn(*self.args, **self.kwargs)
             ^^^^^^^^^^^^^^^^^^^^^^^^^^^^^^^^^^
  File "C:\Users\Ong Jun Kai\Documents\Qwen Hackathon\benchmark\qwen38_baseline.py", line 65, in _ask_once
    resp = requests.post(MESSAGES_URL, headers=headers, json=body, timeout=120)
           ^^^^^^^^^^^^^^^^^^^^^^^^^^^^^^^^^^^^^^^^^^^^^^^^^^^^^^^^^^^^^^^^^^^^
  File "C:\Users\Ong Jun Kai\Documents\Qwen Hackathon\.venv\Lib\site-packages\requests\api.py", line 134, in post
    return request("post", url, data=data, json=json, **kwargs)
           ^^^^^^^^^^^^^^^^^^^^^^^^^^^^^^^^^^^^^^^^^^^^^^^^^^^^
  File "C:\Users\Ong Jun Kai\Documents\Qwen Hackathon\.venv\Lib\site-packages\requests\api.py", line 71, in request
    return session.request(method=method, url=url, **kwargs)
           ^^^^^^^^^^^^^^^^^^^^^^^^^^^^^^^^^^^^^^^^^^^^^^^^^
  File "C:\Users\Ong Jun Kai\Documents\Qwen Hackathon\.venv\Lib\site-packages\requests\sessions.py", line 651, in request
    resp = self.send(prep, **send_kwargs)
           ^^^^^^^^^^^^^^^^^^^^^^^^^^^^^^
  File "C:\Users\Ong Jun Kai\Documents\Qwen Hackathon\.venv\Lib\site-packages\requests\sessions.py", line 784, in send
    r = adapter.send(request, **kwargs)
        ^^^^^^^^^^^^^^^^^^^^^^^^^^^^^^^
  File "C:\Users\Ong Jun Kai\Documents\Qwen Hackathon\.venv\Lib\site-packages\requests\adapters.py", line 742, in send
    raise ReadTimeout(e, request=request)
requests.exceptions.ReadTimeout: HTTPSConnectionPool(host='token-plan.ap-southeast-1.maas.aliyuncs.com', port=443): Read timed out. (read timeout=120)
2026-07-21 12:23:49,834 WARNING 32/90 questions dropped due to unrecoverable errors
2026-07-21 12:23:49,839 INFO Wrote 58 results to C:\Users\Ong Jun Kai\Documents\Qwen Hackathon\benchmark\results\qwen38_baseline_seed123.jsonl
2026-07-21 12:23:49,839 INFO SUMMARY n=58 accuracy=96.6% total_input_tokens=18174 total_output_tokens=93338
usage: qwen38_baseline.py [-h] [--n N] [--seed SEED]
                          [--concurrency CONCURRENCY] [--out OUT]
                          [--skip-huggingface]
qwen38_baseline.py: error: unrecognized arguments: --retry-missing
2026-07-21 12:26:44,791 INFO HTTP Request: HEAD https://huggingface.co/datasets/Idavidrein/gpqa/resolve/main/README.md "HTTP/1.1 200 OK"
2026-07-21 12:26:45,117 INFO HTTP Request: HEAD https://huggingface.co/datasets/Idavidrein/gpqa/resolve/633f5ee89ab8ad4522a9f850766b73f62147ffdd/gpqa.py "HTTP/1.1 404 Not Found"
2026-07-21 12:26:45,915 INFO HTTP Request: HEAD https://s3.amazonaws.com/datasets.huggingface.co/datasets/datasets/Idavidrein/gpqa/Idavidrein/gpqa.py "HTTP/1.1 404 Not Found"
2026-07-21 12:26:46,268 INFO HTTP Request: GET https://huggingface.co/api/datasets/Idavidrein/gpqa/revision/633f5ee89ab8ad4522a9f850766b73f62147ffdd "HTTP/1.1 200 OK"
2026-07-21 12:26:46,534 INFO HTTP Request: HEAD https://huggingface.co/datasets/Idavidrein/gpqa/resolve/633f5ee89ab8ad4522a9f850766b73f62147ffdd/.huggingface.yaml "HTTP/1.1 404 Not Found"
2026-07-21 12:26:47,000 INFO HTTP Request: GET https://datasets-server.huggingface.co/info?dataset=Idavidrein/gpqa "HTTP/1.1 200 OK"
2026-07-21 12:26:47,260 INFO HTTP Request: GET https://huggingface.co/api/datasets/Idavidrein/gpqa/tree/633f5ee89ab8ad4522a9f850766b73f62147ffdd?recursive=false&expand=false "HTTP/1.1 200 OK"
2026-07-21 12:26:47,499 INFO HTTP Request: HEAD https://huggingface.co/datasets/Idavidrein/gpqa/resolve/633f5ee89ab8ad4522a9f850766b73f62147ffdd/dataset_infos.json "HTTP/1.1 404 Not Found"
2026-07-21 12:26:47,585 INFO Loaded 90 benchmark questions (seed=123) for qwen3.8-max-preview baseline
2026-07-21 12:26:47,585 INFO Retry mode: 58 already done, 32 missing, retrying only the missing ones with the longer timeout
2026-07-21 12:28:57,137 INFO recnjViFrqlZNL3fY: C(correct) input_tokens=194 output_tokens=7164 latency=129.6s
2026-07-21 12:30:48,533 INFO recJZ3QEfRKjYw9a7: C(correct) input_tokens=224 output_tokens=14412 latency=241.0s
2026-07-21 12:31:14,204 INFO recD8oX1KevFbl7bL: B(correct) input_tokens=476 output_tokens=1517 latency=25.7s
2026-07-21 12:31:47,968 ERROR recRgabRzMaEoBRcM: DROPPED after unrecoverable error
Traceback (most recent call last):
  File "C:\Users\Ong Jun Kai\Documents\Qwen Hackathon\.venv\Lib\site-packages\urllib3\connectionpool.py", line 534, in _make_request
    response = conn.getresponse()
               ^^^^^^^^^^^^^^^^^^
  File "C:\Users\Ong Jun Kai\Documents\Qwen Hackathon\.venv\Lib\site-packages\urllib3\connection.py", line 571, in getresponse
    httplib_response = super().getresponse()
                       ^^^^^^^^^^^^^^^^^^^^^
  File "C:\Users\Ong Jun Kai\AppData\Local\Programs\Python\Python312\Lib\http\client.py", line 1430, in getresponse
    response.begin()
  File "C:\Users\Ong Jun Kai\AppData\Local\Programs\Python\Python312\Lib\http\client.py", line 331, in begin
    version, status, reason = self._read_status()
                              ^^^^^^^^^^^^^^^^^^^
  File "C:\Users\Ong Jun Kai\AppData\Local\Programs\Python\Python312\Lib\http\client.py", line 292, in _read_status
    line = str(self.fp.readline(_MAXLINE + 1), "iso-8859-1")
               ^^^^^^^^^^^^^^^^^^^^^^^^^^^^^^
  File "C:\Users\Ong Jun Kai\AppData\Local\Programs\Python\Python312\Lib\socket.py", line 720, in readinto
    return self._sock.recv_into(b)
           ^^^^^^^^^^^^^^^^^^^^^^^
  File "C:\Users\Ong Jun Kai\AppData\Local\Programs\Python\Python312\Lib\ssl.py", line 1251, in recv_into
    return self.read(nbytes, buffer)
           ^^^^^^^^^^^^^^^^^^^^^^^^^
  File "C:\Users\Ong Jun Kai\AppData\Local\Programs\Python\Python312\Lib\ssl.py", line 1103, in read
    return self._sslobj.read(len, buffer)
           ^^^^^^^^^^^^^^^^^^^^^^^^^^^^^^
TimeoutError: The read operation timed out

The above exception was the direct cause of the following exception:

Traceback (most recent call last):
  File "C:\Users\Ong Jun Kai\Documents\Qwen Hackathon\.venv\Lib\site-packages\requests\adapters.py", line 696, in send
    resp = conn.urlopen(
           ^^^^^^^^^^^^^
  File "C:\Users\Ong Jun Kai\Documents\Qwen Hackathon\.venv\Lib\site-packages\urllib3\connectionpool.py", line 842, in urlopen
    retries = retries.increment(
              ^^^^^^^^^^^^^^^^^^
  File "C:\Users\Ong Jun Kai\Documents\Qwen Hackathon\.venv\Lib\site-packages\urllib3\util\retry.py", line 498, in increment
    raise reraise(type(error), error, _stacktrace)
          ^^^^^^^^^^^^^^^^^^^^^^^^^^^^^^^^^^^^^^^^
  File "C:\Users\Ong Jun Kai\Documents\Qwen Hackathon\.venv\Lib\site-packages\urllib3\util\util.py", line 39, in reraise
    raise value
  File "C:\Users\Ong Jun Kai\Documents\Qwen Hackathon\.venv\Lib\site-packages\urllib3\connectionpool.py", line 788, in urlopen
    response = self._make_request(
               ^^^^^^^^^^^^^^^^^^^
  File "C:\Users\Ong Jun Kai\Documents\Qwen Hackathon\.venv\Lib\site-packages\urllib3\connectionpool.py", line 536, in _make_request
    self._raise_timeout(err=e, url=url, timeout_value=read_timeout)
  File "C:\Users\Ong Jun Kai\Documents\Qwen Hackathon\.venv\Lib\site-packages\urllib3\connectionpool.py", line 367, in _raise_timeout
    raise ReadTimeoutError(
urllib3.exceptions.ReadTimeoutError: HTTPSConnectionPool(host='token-plan.ap-southeast-1.maas.aliyuncs.com', port=443): Read timed out. (read timeout=300)

During handling of the above exception, another exception occurred:

Traceback (most recent call last):
  File "C:\Users\Ong Jun Kai\Documents\Qwen Hackathon\benchmark\qwen38_baseline.py", line 86, in _run_one
    letter, usage = await asyncio.to_thread(_ask_once, item.question, item.choices)
                    ^^^^^^^^^^^^^^^^^^^^^^^^^^^^^^^^^^^^^^^^^^^^^^^^^^^^^^^^^^^^^^^
  File "C:\Users\Ong Jun Kai\AppData\Local\Programs\Python\Python312\Lib\asyncio\threads.py", line 25, in to_thread
    return await loop.run_in_executor(None, func_call)
           ^^^^^^^^^^^^^^^^^^^^^^^^^^^^^^^^^^^^^^^^^^^
  File "C:\Users\Ong Jun Kai\AppData\Local\Programs\Python\Python312\Lib\concurrent\futures\thread.py", line 59, in run
    result = self.fn(*self.args, **self.kwargs)
             ^^^^^^^^^^^^^^^^^^^^^^^^^^^^^^^^^^
  File "C:\Users\Ong Jun Kai\Documents\Qwen Hackathon\benchmark\qwen38_baseline.py", line 65, in _ask_once
    resp = requests.post(MESSAGES_URL, headers=headers, json=body, timeout=300)
           ^^^^^^^^^^^^^^^^^^^^^^^^^^^^^^^^^^^^^^^^^^^^^^^^^^^^^^^^^^^^^^^^^^^^
  File "C:\Users\Ong Jun Kai\Documents\Qwen Hackathon\.venv\Lib\site-packages\requests\api.py", line 134, in post
    return request("post", url, data=data, json=json, **kwargs)
           ^^^^^^^^^^^^^^^^^^^^^^^^^^^^^^^^^^^^^^^^^^^^^^^^^^^^
  File "C:\Users\Ong Jun Kai\Documents\Qwen Hackathon\.venv\Lib\site-packages\requests\api.py", line 71, in request
    return session.request(method=method, url=url, **kwargs)
           ^^^^^^^^^^^^^^^^^^^^^^^^^^^^^^^^^^^^^^^^^^^^^^^^^
  File "C:\Users\Ong Jun Kai\Documents\Qwen Hackathon\.venv\Lib\site-packages\requests\sessions.py", line 651, in request
    resp = self.send(prep, **send_kwargs)
           ^^^^^^^^^^^^^^^^^^^^^^^^^^^^^^
  File "C:\Users\Ong Jun Kai\Documents\Qwen Hackathon\.venv\Lib\site-packages\requests\sessions.py", line 784, in send
    r = adapter.send(request, **kwargs)
        ^^^^^^^^^^^^^^^^^^^^^^^^^^^^^^^
  File "C:\Users\Ong Jun Kai\Documents\Qwen Hackathon\.venv\Lib\site-packages\requests\adapters.py", line 742, in send
    raise ReadTimeout(e, request=request)
requests.exceptions.ReadTimeout: HTTPSConnectionPool(host='token-plan.ap-southeast-1.maas.aliyuncs.com', port=443): Read timed out. (read timeout=300)
2026-07-21 12:31:58,634 INFO recDytVnNYZe2HuUU: A(correct) input_tokens=226 output_tokens=11035 latency=181.5s
2026-07-21 12:34:23,760 INFO recrNbtgTNoabJJi6: C(correct) input_tokens=168 output_tokens=10384 latency=189.6s
2026-07-21 12:34:41,647 INFO recgM7o1tcc7tP778: A(correct) input_tokens=349 output_tokens=9261 latency=163.0s
2026-07-21 12:36:48,295 ERROR rec4r4KWNLrT7g2kR: DROPPED after unrecoverable error
Traceback (most recent call last):
  File "C:\Users\Ong Jun Kai\Documents\Qwen Hackathon\.venv\Lib\site-packages\urllib3\connectionpool.py", line 534, in _make_request
    response = conn.getresponse()
               ^^^^^^^^^^^^^^^^^^
  File "C:\Users\Ong Jun Kai\Documents\Qwen Hackathon\.venv\Lib\site-packages\urllib3\connection.py", line 571, in getresponse
    httplib_response = super().getresponse()
                       ^^^^^^^^^^^^^^^^^^^^^
  File "C:\Users\Ong Jun Kai\AppData\Local\Programs\Python\Python312\Lib\http\client.py", line 1430, in getresponse
    response.begin()
  File "C:\Users\Ong Jun Kai\AppData\Local\Programs\Python\Python312\Lib\http\client.py", line 331, in begin
    version, status, reason = self._read_status()
                              ^^^^^^^^^^^^^^^^^^^
  File "C:\Users\Ong Jun Kai\AppData\Local\Programs\Python\Python312\Lib\http\client.py", line 292, in _read_status
    line = str(self.fp.readline(_MAXLINE + 1), "iso-8859-1")
               ^^^^^^^^^^^^^^^^^^^^^^^^^^^^^^
  File "C:\Users\Ong Jun Kai\AppData\Local\Programs\Python\Python312\Lib\socket.py", line 720, in readinto
    return self._sock.recv_into(b)
           ^^^^^^^^^^^^^^^^^^^^^^^
  File "C:\Users\Ong Jun Kai\AppData\Local\Programs\Python\Python312\Lib\ssl.py", line 1251, in recv_into
    return self.read(nbytes, buffer)
           ^^^^^^^^^^^^^^^^^^^^^^^^^
  File "C:\Users\Ong Jun Kai\AppData\Local\Programs\Python\Python312\Lib\ssl.py", line 1103, in read
    return self._sslobj.read(len, buffer)
           ^^^^^^^^^^^^^^^^^^^^^^^^^^^^^^
TimeoutError: The read operation timed out

The above exception was the direct cause of the following exception:

Traceback (most recent call last):
  File "C:\Users\Ong Jun Kai\Documents\Qwen Hackathon\.venv\Lib\site-packages\requests\adapters.py", line 696, in send
    resp = conn.urlopen(
           ^^^^^^^^^^^^^
  File "C:\Users\Ong Jun Kai\Documents\Qwen Hackathon\.venv\Lib\site-packages\urllib3\connectionpool.py", line 842, in urlopen
    retries = retries.increment(
              ^^^^^^^^^^^^^^^^^^
  File "C:\Users\Ong Jun Kai\Documents\Qwen Hackathon\.venv\Lib\site-packages\urllib3\util\retry.py", line 498, in increment
    raise reraise(type(error), error, _stacktrace)
          ^^^^^^^^^^^^^^^^^^^^^^^^^^^^^^^^^^^^^^^^
  File "C:\Users\Ong Jun Kai\Documents\Qwen Hackathon\.venv\Lib\site-packages\urllib3\util\util.py", line 39, in reraise
    raise value
  File "C:\Users\Ong Jun Kai\Documents\Qwen Hackathon\.venv\Lib\site-packages\urllib3\connectionpool.py", line 788, in urlopen
    response = self._make_request(
               ^^^^^^^^^^^^^^^^^^^
  File "C:\Users\Ong Jun Kai\Documents\Qwen Hackathon\.venv\Lib\site-packages\urllib3\connectionpool.py", line 536, in _make_request
    self._raise_timeout(err=e, url=url, timeout_value=read_timeout)
  File "C:\Users\Ong Jun Kai\Documents\Qwen Hackathon\.venv\Lib\site-packages\urllib3\connectionpool.py", line 367, in _raise_timeout
    raise ReadTimeoutError(
urllib3.exceptions.ReadTimeoutError: HTTPSConnectionPool(host='token-plan.ap-southeast-1.maas.aliyuncs.com', port=443): Read timed out. (read timeout=300)

During handling of the above exception, another exception occurred:

Traceback (most recent call last):
  File "C:\Users\Ong Jun Kai\Documents\Qwen Hackathon\benchmark\qwen38_baseline.py", line 86, in _run_one
    letter, usage = await asyncio.to_thread(_ask_once, item.question, item.choices)
                    ^^^^^^^^^^^^^^^^^^^^^^^^^^^^^^^^^^^^^^^^^^^^^^^^^^^^^^^^^^^^^^^
  File "C:\Users\Ong Jun Kai\AppData\Local\Programs\Python\Python312\Lib\asyncio\threads.py", line 25, in to_thread
    return await loop.run_in_executor(None, func_call)
           ^^^^^^^^^^^^^^^^^^^^^^^^^^^^^^^^^^^^^^^^^^^
  File "C:\Users\Ong Jun Kai\AppData\Local\Programs\Python\Python312\Lib\concurrent\futures\thread.py", line 59, in run
    result = self.fn(*self.args, **self.kwargs)
             ^^^^^^^^^^^^^^^^^^^^^^^^^^^^^^^^^^
  File "C:\Users\Ong Jun Kai\Documents\Qwen Hackathon\benchmark\qwen38_baseline.py", line 65, in _ask_once
    resp = requests.post(MESSAGES_URL, headers=headers, json=body, timeout=300)
           ^^^^^^^^^^^^^^^^^^^^^^^^^^^^^^^^^^^^^^^^^^^^^^^^^^^^^^^^^^^^^^^^^^^^
  File "C:\Users\Ong Jun Kai\Documents\Qwen Hackathon\.venv\Lib\site-packages\requests\api.py", line 134, in post
    return request("post", url, data=data, json=json, **kwargs)
           ^^^^^^^^^^^^^^^^^^^^^^^^^^^^^^^^^^^^^^^^^^^^^^^^^^^^
  File "C:\Users\Ong Jun Kai\Documents\Qwen Hackathon\.venv\Lib\site-packages\requests\api.py", line 71, in request
    return session.request(method=method, url=url, **kwargs)
           ^^^^^^^^^^^^^^^^^^^^^^^^^^^^^^^^^^^^^^^^^^^^^^^^^
  File "C:\Users\Ong Jun Kai\Documents\Qwen Hackathon\.venv\Lib\site-packages\requests\sessions.py", line 651, in request
    resp = self.send(prep, **send_kwargs)
           ^^^^^^^^^^^^^^^^^^^^^^^^^^^^^^
  File "C:\Users\Ong Jun Kai\Documents\Qwen Hackathon\.venv\Lib\site-packages\requests\sessions.py", line 784, in send
    r = adapter.send(request, **kwargs)
        ^^^^^^^^^^^^^^^^^^^^^^^^^^^^^^^
  File "C:\Users\Ong Jun Kai\Documents\Qwen Hackathon\.venv\Lib\site-packages\requests\adapters.py", line 742, in send
    raise ReadTimeout(e, request=request)
requests.exceptions.ReadTimeout: HTTPSConnectionPool(host='token-plan.ap-southeast-1.maas.aliyuncs.com', port=443): Read timed out. (read timeout=300)
2026-07-21 12:39:24,036 ERROR recUOePh79cp4T2Bg: DROPPED after unrecoverable error
Traceback (most recent call last):
  File "C:\Users\Ong Jun Kai\Documents\Qwen Hackathon\.venv\Lib\site-packages\urllib3\connectionpool.py", line 534, in _make_request
    response = conn.getresponse()
               ^^^^^^^^^^^^^^^^^^
  File "C:\Users\Ong Jun Kai\Documents\Qwen Hackathon\.venv\Lib\site-packages\urllib3\connection.py", line 571, in getresponse
    httplib_response = super().getresponse()
                       ^^^^^^^^^^^^^^^^^^^^^
  File "C:\Users\Ong Jun Kai\AppData\Local\Programs\Python\Python312\Lib\http\client.py", line 1430, in getresponse
    response.begin()
  File "C:\Users\Ong Jun Kai\AppData\Local\Programs\Python\Python312\Lib\http\client.py", line 331, in begin
    version, status, reason = self._read_status()
                              ^^^^^^^^^^^^^^^^^^^
  File "C:\Users\Ong Jun Kai\AppData\Local\Programs\Python\Python312\Lib\http\client.py", line 292, in _read_status
    line = str(self.fp.readline(_MAXLINE + 1), "iso-8859-1")
               ^^^^^^^^^^^^^^^^^^^^^^^^^^^^^^
  File "C:\Users\Ong Jun Kai\AppData\Local\Programs\Python\Python312\Lib\socket.py", line 720, in readinto
    return self._sock.recv_into(b)
           ^^^^^^^^^^^^^^^^^^^^^^^
  File "C:\Users\Ong Jun Kai\AppData\Local\Programs\Python\Python312\Lib\ssl.py", line 1251, in recv_into
    return self.read(nbytes, buffer)
           ^^^^^^^^^^^^^^^^^^^^^^^^^
  File "C:\Users\Ong Jun Kai\AppData\Local\Programs\Python\Python312\Lib\ssl.py", line 1103, in read
    return self._sslobj.read(len, buffer)
           ^^^^^^^^^^^^^^^^^^^^^^^^^^^^^^
TimeoutError: The read operation timed out

The above exception was the direct cause of the following exception:

Traceback (most recent call last):
  File "C:\Users\Ong Jun Kai\Documents\Qwen Hackathon\.venv\Lib\site-packages\requests\adapters.py", line 696, in send
    resp = conn.urlopen(
           ^^^^^^^^^^^^^
  File "C:\Users\Ong Jun Kai\Documents\Qwen Hackathon\.venv\Lib\site-packages\urllib3\connectionpool.py", line 842, in urlopen
    retries = retries.increment(
              ^^^^^^^^^^^^^^^^^^
  File "C:\Users\Ong Jun Kai\Documents\Qwen Hackathon\.venv\Lib\site-packages\urllib3\util\retry.py", line 498, in increment
    raise reraise(type(error), error, _stacktrace)
          ^^^^^^^^^^^^^^^^^^^^^^^^^^^^^^^^^^^^^^^^
  File "C:\Users\Ong Jun Kai\Documents\Qwen Hackathon\.venv\Lib\site-packages\urllib3\util\util.py", line 39, in reraise
    raise value
  File "C:\Users\Ong Jun Kai\Documents\Qwen Hackathon\.venv\Lib\site-packages\urllib3\connectionpool.py", line 788, in urlopen
    response = self._make_request(
               ^^^^^^^^^^^^^^^^^^^
  File "C:\Users\Ong Jun Kai\Documents\Qwen Hackathon\.venv\Lib\site-packages\urllib3\connectionpool.py", line 536, in _make_request
    self._raise_timeout(err=e, url=url, timeout_value=read_timeout)
  File "C:\Users\Ong Jun Kai\Documents\Qwen Hackathon\.venv\Lib\site-packages\urllib3\connectionpool.py", line 367, in _raise_timeout
    raise ReadTimeoutError(
urllib3.exceptions.ReadTimeoutError: HTTPSConnectionPool(host='token-plan.ap-southeast-1.maas.aliyuncs.com', port=443): Read timed out. (read timeout=300)

During handling of the above exception, another exception occurred:

Traceback (most recent call last):
  File "C:\Users\Ong Jun Kai\Documents\Qwen Hackathon\benchmark\qwen38_baseline.py", line 86, in _run_one
    letter, usage = await asyncio.to_thread(_ask_once, item.question, item.choices)
                    ^^^^^^^^^^^^^^^^^^^^^^^^^^^^^^^^^^^^^^^^^^^^^^^^^^^^^^^^^^^^^^^
  File "C:\Users\Ong Jun Kai\AppData\Local\Programs\Python\Python312\Lib\asyncio\threads.py", line 25, in to_thread
    return await loop.run_in_executor(None, func_call)
           ^^^^^^^^^^^^^^^^^^^^^^^^^^^^^^^^^^^^^^^^^^^
  File "C:\Users\Ong Jun Kai\AppData\Local\Programs\Python\Python312\Lib\concurrent\futures\thread.py", line 59, in run
    result = self.fn(*self.args, **self.kwargs)
             ^^^^^^^^^^^^^^^^^^^^^^^^^^^^^^^^^^
  File "C:\Users\Ong Jun Kai\Documents\Qwen Hackathon\benchmark\qwen38_baseline.py", line 65, in _ask_once
    resp = requests.post(MESSAGES_URL, headers=headers, json=body, timeout=300)
           ^^^^^^^^^^^^^^^^^^^^^^^^^^^^^^^^^^^^^^^^^^^^^^^^^^^^^^^^^^^^^^^^^^^^
  File "C:\Users\Ong Jun Kai\Documents\Qwen Hackathon\.venv\Lib\site-packages\requests\api.py", line 134, in post
    return request("post", url, data=data, json=json, **kwargs)
           ^^^^^^^^^^^^^^^^^^^^^^^^^^^^^^^^^^^^^^^^^^^^^^^^^^^^
  File "C:\Users\Ong Jun Kai\Documents\Qwen Hackathon\.venv\Lib\site-packages\requests\api.py", line 71, in request
    return session.request(method=method, url=url, **kwargs)
           ^^^^^^^^^^^^^^^^^^^^^^^^^^^^^^^^^^^^^^^^^^^^^^^^^
  File "C:\Users\Ong Jun Kai\Documents\Qwen Hackathon\.venv\Lib\site-packages\requests\sessions.py", line 651, in request
    resp = self.send(prep, **send_kwargs)
           ^^^^^^^^^^^^^^^^^^^^^^^^^^^^^^
  File "C:\Users\Ong Jun Kai\Documents\Qwen Hackathon\.venv\Lib\site-packages\requests\sessions.py", line 784, in send
    r = adapter.send(request, **kwargs)
        ^^^^^^^^^^^^^^^^^^^^^^^^^^^^^^^
  File "C:\Users\Ong Jun Kai\Documents\Qwen Hackathon\.venv\Lib\site-packages\requests\adapters.py", line 742, in send
    raise ReadTimeout(e, request=request)
requests.exceptions.ReadTimeout: HTTPSConnectionPool(host='token-plan.ap-southeast-1.maas.aliyuncs.com', port=443): Read timed out. (read timeout=300)
2026-07-21 12:39:41,874 ERROR recZWeueB7lSPR6wN: DROPPED after unrecoverable error
Traceback (most recent call last):
  File "C:\Users\Ong Jun Kai\Documents\Qwen Hackathon\.venv\Lib\site-packages\urllib3\connectionpool.py", line 534, in _make_request
    response = conn.getresponse()
               ^^^^^^^^^^^^^^^^^^
  File "C:\Users\Ong Jun Kai\Documents\Qwen Hackathon\.venv\Lib\site-packages\urllib3\connection.py", line 571, in getresponse
    httplib_response = super().getresponse()
                       ^^^^^^^^^^^^^^^^^^^^^
  File "C:\Users\Ong Jun Kai\AppData\Local\Programs\Python\Python312\Lib\http\client.py", line 1430, in getresponse
    response.begin()
  File "C:\Users\Ong Jun Kai\AppData\Local\Programs\Python\Python312\Lib\http\client.py", line 331, in begin
    version, status, reason = self._read_status()
                              ^^^^^^^^^^^^^^^^^^^
  File "C:\Users\Ong Jun Kai\AppData\Local\Programs\Python\Python312\Lib\http\client.py", line 292, in _read_status
    line = str(self.fp.readline(_MAXLINE + 1), "iso-8859-1")
               ^^^^^^^^^^^^^^^^^^^^^^^^^^^^^^
  File "C:\Users\Ong Jun Kai\AppData\Local\Programs\Python\Python312\Lib\socket.py", line 720, in readinto
    return self._sock.recv_into(b)
           ^^^^^^^^^^^^^^^^^^^^^^^
  File "C:\Users\Ong Jun Kai\AppData\Local\Programs\Python\Python312\Lib\ssl.py", line 1251, in recv_into
    return self.read(nbytes, buffer)
           ^^^^^^^^^^^^^^^^^^^^^^^^^
  File "C:\Users\Ong Jun Kai\AppData\Local\Programs\Python\Python312\Lib\ssl.py", line 1103, in read
    return self._sslobj.read(len, buffer)
           ^^^^^^^^^^^^^^^^^^^^^^^^^^^^^^
TimeoutError: The read operation timed out

The above exception was the direct cause of the following exception:

Traceback (most recent call last):
  File "C:\Users\Ong Jun Kai\Documents\Qwen Hackathon\.venv\Lib\site-packages\requests\adapters.py", line 696, in send
    resp = conn.urlopen(
           ^^^^^^^^^^^^^
  File "C:\Users\Ong Jun Kai\Documents\Qwen Hackathon\.venv\Lib\site-packages\urllib3\connectionpool.py", line 842, in urlopen
    retries = retries.increment(
              ^^^^^^^^^^^^^^^^^^
  File "C:\Users\Ong Jun Kai\Documents\Qwen Hackathon\.venv\Lib\site-packages\urllib3\util\retry.py", line 498, in increment
    raise reraise(type(error), error, _stacktrace)
          ^^^^^^^^^^^^^^^^^^^^^^^^^^^^^^^^^^^^^^^^
  File "C:\Users\Ong Jun Kai\Documents\Qwen Hackathon\.venv\Lib\site-packages\urllib3\util\util.py", line 39, in reraise
    raise value
  File "C:\Users\Ong Jun Kai\Documents\Qwen Hackathon\.venv\Lib\site-packages\urllib3\connectionpool.py", line 788, in urlopen
    response = self._make_request(
               ^^^^^^^^^^^^^^^^^^^
  File "C:\Users\Ong Jun Kai\Documents\Qwen Hackathon\.venv\Lib\site-packages\urllib3\connectionpool.py", line 536, in _make_request
    self._raise_timeout(err=e, url=url, timeout_value=read_timeout)
  File "C:\Users\Ong Jun Kai\Documents\Qwen Hackathon\.venv\Lib\site-packages\urllib3\connectionpool.py", line 367, in _raise_timeout
    raise ReadTimeoutError(
urllib3.exceptions.ReadTimeoutError: HTTPSConnectionPool(host='token-plan.ap-southeast-1.maas.aliyuncs.com', port=443): Read timed out. (read timeout=300)

During handling of the above exception, another exception occurred:

Traceback (most recent call last):
  File "C:\Users\Ong Jun Kai\Documents\Qwen Hackathon\benchmark\qwen38_baseline.py", line 86, in _run_one
    letter, usage = await asyncio.to_thread(_ask_once, item.question, item.choices)
                    ^^^^^^^^^^^^^^^^^^^^^^^^^^^^^^^^^^^^^^^^^^^^^^^^^^^^^^^^^^^^^^^
  File "C:\Users\Ong Jun Kai\AppData\Local\Programs\Python\Python312\Lib\asyncio\threads.py", line 25, in to_thread
    return await loop.run_in_executor(None, func_call)
           ^^^^^^^^^^^^^^^^^^^^^^^^^^^^^^^^^^^^^^^^^^^
  File "C:\Users\Ong Jun Kai\AppData\Local\Programs\Python\Python312\Lib\concurrent\futures\thread.py", line 59, in run
    result = self.fn(*self.args, **self.kwargs)
             ^^^^^^^^^^^^^^^^^^^^^^^^^^^^^^^^^^
  File "C:\Users\Ong Jun Kai\Documents\Qwen Hackathon\benchmark\qwen38_baseline.py", line 65, in _ask_once
    resp = requests.post(MESSAGES_URL, headers=headers, json=body, timeout=300)
           ^^^^^^^^^^^^^^^^^^^^^^^^^^^^^^^^^^^^^^^^^^^^^^^^^^^^^^^^^^^^^^^^^^^^
  File "C:\Users\Ong Jun Kai\Documents\Qwen Hackathon\.venv\Lib\site-packages\requests\api.py", line 134, in post
    return request("post", url, data=data, json=json, **kwargs)
           ^^^^^^^^^^^^^^^^^^^^^^^^^^^^^^^^^^^^^^^^^^^^^^^^^^^^
  File "C:\Users\Ong Jun Kai\Documents\Qwen Hackathon\.venv\Lib\site-packages\requests\api.py", line 71, in request
    return session.request(method=method, url=url, **kwargs)
           ^^^^^^^^^^^^^^^^^^^^^^^^^^^^^^^^^^^^^^^^^^^^^^^^^
  File "C:\Users\Ong Jun Kai\Documents\Qwen Hackathon\.venv\Lib\site-packages\requests\sessions.py", line 651, in request
    resp = self.send(prep, **send_kwargs)
           ^^^^^^^^^^^^^^^^^^^^^^^^^^^^^^
  File "C:\Users\Ong Jun Kai\Documents\Qwen Hackathon\.venv\Lib\site-packages\requests\sessions.py", line 784, in send
    r = adapter.send(request, **kwargs)
        ^^^^^^^^^^^^^^^^^^^^^^^^^^^^^^^
  File "C:\Users\Ong Jun Kai\Documents\Qwen Hackathon\.venv\Lib\site-packages\requests\adapters.py", line 742, in send
    raise ReadTimeout(e, request=request)
requests.exceptions.ReadTimeout: HTTPSConnectionPool(host='token-plan.ap-southeast-1.maas.aliyuncs.com', port=443): Read timed out. (read timeout=300)
2026-07-21 12:41:09,518 INFO recBhnXrUyTJ6WHIR: D(correct) input_tokens=292 output_tokens=5596 latency=105.5s
2026-07-21 12:41:18,660 INFO recnTTKdBzfuoZ7w7: D(correct) input_tokens=2858 output_tokens=16918 latency=270.4s
2026-07-21 12:41:38,113 INFO recyrk6XBVwugG5u8: B(correct) input_tokens=272 output_tokens=1550 latency=28.6s
2026-07-21 12:42:47,316 INFO recs3PLPUEMiqg4P8: A(correct) input_tokens=465 output_tokens=5581 latency=88.7s
2026-07-21 12:44:42,086 ERROR reca44yABeO2fx7UB: DROPPED after unrecoverable error
Traceback (most recent call last):
  File "C:\Users\Ong Jun Kai\Documents\Qwen Hackathon\.venv\Lib\site-packages\urllib3\connectionpool.py", line 534, in _make_request
    response = conn.getresponse()
               ^^^^^^^^^^^^^^^^^^
  File "C:\Users\Ong Jun Kai\Documents\Qwen Hackathon\.venv\Lib\site-packages\urllib3\connection.py", line 571, in getresponse
    httplib_response = super().getresponse()
                       ^^^^^^^^^^^^^^^^^^^^^
  File "C:\Users\Ong Jun Kai\AppData\Local\Programs\Python\Python312\Lib\http\client.py", line 1430, in getresponse
    response.begin()
  File "C:\Users\Ong Jun Kai\AppData\Local\Programs\Python\Python312\Lib\http\client.py", line 331, in begin
    version, status, reason = self._read_status()
                              ^^^^^^^^^^^^^^^^^^^
  File "C:\Users\Ong Jun Kai\AppData\Local\Programs\Python\Python312\Lib\http\client.py", line 292, in _read_status
    line = str(self.fp.readline(_MAXLINE + 1), "iso-8859-1")
               ^^^^^^^^^^^^^^^^^^^^^^^^^^^^^^
  File "C:\Users\Ong Jun Kai\AppData\Local\Programs\Python\Python312\Lib\socket.py", line 720, in readinto
    return self._sock.recv_into(b)
           ^^^^^^^^^^^^^^^^^^^^^^^
  File "C:\Users\Ong Jun Kai\AppData\Local\Programs\Python\Python312\Lib\ssl.py", line 1251, in recv_into
    return self.read(nbytes, buffer)
           ^^^^^^^^^^^^^^^^^^^^^^^^^
  File "C:\Users\Ong Jun Kai\AppData\Local\Programs\Python\Python312\Lib\ssl.py", line 1103, in read
    return self._sslobj.read(len, buffer)
           ^^^^^^^^^^^^^^^^^^^^^^^^^^^^^^
TimeoutError: The read operation timed out

The above exception was the direct cause of the following exception:

Traceback (most recent call last):
  File "C:\Users\Ong Jun Kai\Documents\Qwen Hackathon\.venv\Lib\site-packages\requests\adapters.py", line 696, in send
    resp = conn.urlopen(
           ^^^^^^^^^^^^^
  File "C:\Users\Ong Jun Kai\Documents\Qwen Hackathon\.venv\Lib\site-packages\urllib3\connectionpool.py", line 842, in urlopen
    retries = retries.increment(
              ^^^^^^^^^^^^^^^^^^
  File "C:\Users\Ong Jun Kai\Documents\Qwen Hackathon\.venv\Lib\site-packages\urllib3\util\retry.py", line 498, in increment
    raise reraise(type(error), error, _stacktrace)
          ^^^^^^^^^^^^^^^^^^^^^^^^^^^^^^^^^^^^^^^^
  File "C:\Users\Ong Jun Kai\Documents\Qwen Hackathon\.venv\Lib\site-packages\urllib3\util\util.py", line 39, in reraise
    raise value
  File "C:\Users\Ong Jun Kai\Documents\Qwen Hackathon\.venv\Lib\site-packages\urllib3\connectionpool.py", line 788, in urlopen
    response = self._make_request(
               ^^^^^^^^^^^^^^^^^^^
  File "C:\Users\Ong Jun Kai\Documents\Qwen Hackathon\.venv\Lib\site-packages\urllib3\connectionpool.py", line 536, in _make_request
    self._raise_timeout(err=e, url=url, timeout_value=read_timeout)
  File "C:\Users\Ong Jun Kai\Documents\Qwen Hackathon\.venv\Lib\site-packages\urllib3\connectionpool.py", line 367, in _raise_timeout
    raise ReadTimeoutError(
urllib3.exceptions.ReadTimeoutError: HTTPSConnectionPool(host='token-plan.ap-southeast-1.maas.aliyuncs.com', port=443): Read timed out. (read timeout=300)

During handling of the above exception, another exception occurred:

Traceback (most recent call last):
  File "C:\Users\Ong Jun Kai\Documents\Qwen Hackathon\benchmark\qwen38_baseline.py", line 86, in _run_one
    letter, usage = await asyncio.to_thread(_ask_once, item.question, item.choices)
                    ^^^^^^^^^^^^^^^^^^^^^^^^^^^^^^^^^^^^^^^^^^^^^^^^^^^^^^^^^^^^^^^
  File "C:\Users\Ong Jun Kai\AppData\Local\Programs\Python\Python312\Lib\asyncio\threads.py", line 25, in to_thread
    return await loop.run_in_executor(None, func_call)
           ^^^^^^^^^^^^^^^^^^^^^^^^^^^^^^^^^^^^^^^^^^^
  File "C:\Users\Ong Jun Kai\AppData\Local\Programs\Python\Python312\Lib\concurrent\futures\thread.py", line 59, in run
    result = self.fn(*self.args, **self.kwargs)
             ^^^^^^^^^^^^^^^^^^^^^^^^^^^^^^^^^^
  File "C:\Users\Ong Jun Kai\Documents\Qwen Hackathon\benchmark\qwen38_baseline.py", line 65, in _ask_once
    resp = requests.post(MESSAGES_URL, headers=headers, json=body, timeout=300)
           ^^^^^^^^^^^^^^^^^^^^^^^^^^^^^^^^^^^^^^^^^^^^^^^^^^^^^^^^^^^^^^^^^^^^
  File "C:\Users\Ong Jun Kai\Documents\Qwen Hackathon\.venv\Lib\site-packages\requests\api.py", line 134, in post
    return request("post", url, data=data, json=json, **kwargs)
           ^^^^^^^^^^^^^^^^^^^^^^^^^^^^^^^^^^^^^^^^^^^^^^^^^^^^
  File "C:\Users\Ong Jun Kai\Documents\Qwen Hackathon\.venv\Lib\site-packages\requests\api.py", line 71, in request
    return session.request(method=method, url=url, **kwargs)
           ^^^^^^^^^^^^^^^^^^^^^^^^^^^^^^^^^^^^^^^^^^^^^^^^^
  File "C:\Users\Ong Jun Kai\Documents\Qwen Hackathon\.venv\Lib\site-packages\requests\sessions.py", line 651, in request
    resp = self.send(prep, **send_kwargs)
           ^^^^^^^^^^^^^^^^^^^^^^^^^^^^^^
  File "C:\Users\Ong Jun Kai\Documents\Qwen Hackathon\.venv\Lib\site-packages\requests\sessions.py", line 784, in send
    r = adapter.send(request, **kwargs)
        ^^^^^^^^^^^^^^^^^^^^^^^^^^^^^^^
  File "C:\Users\Ong Jun Kai\Documents\Qwen Hackathon\.venv\Lib\site-packages\requests\adapters.py", line 742, in send
    raise ReadTimeout(e, request=request)
requests.exceptions.ReadTimeout: HTTPSConnectionPool(host='token-plan.ap-southeast-1.maas.aliyuncs.com', port=443): Read timed out. (read timeout=300)
2026-07-21 12:45:20,275 INFO recclFbsjbaiVVnnV: B(wrong) input_tokens=413 output_tokens=13500 latency=222.2s
2026-07-21 12:47:47,521 ERROR reck4G4xxv3YnpbtQ: DROPPED after unrecoverable error
Traceback (most recent call last):
  File "C:\Users\Ong Jun Kai\Documents\Qwen Hackathon\.venv\Lib\site-packages\urllib3\connectionpool.py", line 534, in _make_request
    response = conn.getresponse()
               ^^^^^^^^^^^^^^^^^^
  File "C:\Users\Ong Jun Kai\Documents\Qwen Hackathon\.venv\Lib\site-packages\urllib3\connection.py", line 571, in getresponse
    httplib_response = super().getresponse()
                       ^^^^^^^^^^^^^^^^^^^^^
  File "C:\Users\Ong Jun Kai\AppData\Local\Programs\Python\Python312\Lib\http\client.py", line 1430, in getresponse
    response.begin()
  File "C:\Users\Ong Jun Kai\AppData\Local\Programs\Python\Python312\Lib\http\client.py", line 331, in begin
    version, status, reason = self._read_status()
                              ^^^^^^^^^^^^^^^^^^^
  File "C:\Users\Ong Jun Kai\AppData\Local\Programs\Python\Python312\Lib\http\client.py", line 292, in _read_status
    line = str(self.fp.readline(_MAXLINE + 1), "iso-8859-1")
               ^^^^^^^^^^^^^^^^^^^^^^^^^^^^^^
  File "C:\Users\Ong Jun Kai\AppData\Local\Programs\Python\Python312\Lib\socket.py", line 720, in readinto
    return self._sock.recv_into(b)
           ^^^^^^^^^^^^^^^^^^^^^^^
  File "C:\Users\Ong Jun Kai\AppData\Local\Programs\Python\Python312\Lib\ssl.py", line 1251, in recv_into
    return self.read(nbytes, buffer)
           ^^^^^^^^^^^^^^^^^^^^^^^^^
  File "C:\Users\Ong Jun Kai\AppData\Local\Programs\Python\Python312\Lib\ssl.py", line 1103, in read
    return self._sslobj.read(len, buffer)
           ^^^^^^^^^^^^^^^^^^^^^^^^^^^^^^
TimeoutError: The read operation timed out

The above exception was the direct cause of the following exception:

Traceback (most recent call last):
  File "C:\Users\Ong Jun Kai\Documents\Qwen Hackathon\.venv\Lib\site-packages\requests\adapters.py", line 696, in send
    resp = conn.urlopen(
           ^^^^^^^^^^^^^
  File "C:\Users\Ong Jun Kai\Documents\Qwen Hackathon\.venv\Lib\site-packages\urllib3\connectionpool.py", line 842, in urlopen
    retries = retries.increment(
              ^^^^^^^^^^^^^^^^^^
  File "C:\Users\Ong Jun Kai\Documents\Qwen Hackathon\.venv\Lib\site-packages\urllib3\util\retry.py", line 498, in increment
    raise reraise(type(error), error, _stacktrace)
          ^^^^^^^^^^^^^^^^^^^^^^^^^^^^^^^^^^^^^^^^
  File "C:\Users\Ong Jun Kai\Documents\Qwen Hackathon\.venv\Lib\site-packages\urllib3\util\util.py", line 39, in reraise
    raise value
  File "C:\Users\Ong Jun Kai\Documents\Qwen Hackathon\.venv\Lib\site-packages\urllib3\connectionpool.py", line 788, in urlopen
    response = self._make_request(
               ^^^^^^^^^^^^^^^^^^^
  File "C:\Users\Ong Jun Kai\Documents\Qwen Hackathon\.venv\Lib\site-packages\urllib3\connectionpool.py", line 536, in _make_request
    self._raise_timeout(err=e, url=url, timeout_value=read_timeout)
  File "C:\Users\Ong Jun Kai\Documents\Qwen Hackathon\.venv\Lib\site-packages\urllib3\connectionpool.py", line 367, in _raise_timeout
    raise ReadTimeoutError(
urllib3.exceptions.ReadTimeoutError: HTTPSConnectionPool(host='token-plan.ap-southeast-1.maas.aliyuncs.com', port=443): Read timed out. (read timeout=300)

During handling of the above exception, another exception occurred:

Traceback (most recent call last):
  File "C:\Users\Ong Jun Kai\Documents\Qwen Hackathon\benchmark\qwen38_baseline.py", line 86, in _run_one
    letter, usage = await asyncio.to_thread(_ask_once, item.question, item.choices)
                    ^^^^^^^^^^^^^^^^^^^^^^^^^^^^^^^^^^^^^^^^^^^^^^^^^^^^^^^^^^^^^^^
  File "C:\Users\Ong Jun Kai\AppData\Local\Programs\Python\Python312\Lib\asyncio\threads.py", line 25, in to_thread
    return await loop.run_in_executor(None, func_call)
           ^^^^^^^^^^^^^^^^^^^^^^^^^^^^^^^^^^^^^^^^^^^
  File "C:\Users\Ong Jun Kai\AppData\Local\Programs\Python\Python312\Lib\concurrent\futures\thread.py", line 59, in run
    result = self.fn(*self.args, **self.kwargs)
             ^^^^^^^^^^^^^^^^^^^^^^^^^^^^^^^^^^
  File "C:\Users\Ong Jun Kai\Documents\Qwen Hackathon\benchmark\qwen38_baseline.py", line 65, in _ask_once
    resp = requests.post(MESSAGES_URL, headers=headers, json=body, timeout=300)
           ^^^^^^^^^^^^^^^^^^^^^^^^^^^^^^^^^^^^^^^^^^^^^^^^^^^^^^^^^^^^^^^^^^^^
  File "C:\Users\Ong Jun Kai\Documents\Qwen Hackathon\.venv\Lib\site-packages\requests\api.py", line 134, in post
    return request("post", url, data=data, json=json, **kwargs)
           ^^^^^^^^^^^^^^^^^^^^^^^^^^^^^^^^^^^^^^^^^^^^^^^^^^^^
  File "C:\Users\Ong Jun Kai\Documents\Qwen Hackathon\.venv\Lib\site-packages\requests\api.py", line 71, in request
    return session.request(method=method, url=url, **kwargs)
           ^^^^^^^^^^^^^^^^^^^^^^^^^^^^^^^^^^^^^^^^^^^^^^^^^
  File "C:\Users\Ong Jun Kai\Documents\Qwen Hackathon\.venv\Lib\site-packages\requests\sessions.py", line 651, in request
    resp = self.send(prep, **send_kwargs)
           ^^^^^^^^^^^^^^^^^^^^^^^^^^^^^^
  File "C:\Users\Ong Jun Kai\Documents\Qwen Hackathon\.venv\Lib\site-packages\requests\sessions.py", line 784, in send
    r = adapter.send(request, **kwargs)
        ^^^^^^^^^^^^^^^^^^^^^^^^^^^^^^^
  File "C:\Users\Ong Jun Kai\Documents\Qwen Hackathon\.venv\Lib\site-packages\requests\adapters.py", line 742, in send
    raise ReadTimeout(e, request=request)
requests.exceptions.ReadTimeout: HTTPSConnectionPool(host='token-plan.ap-southeast-1.maas.aliyuncs.com', port=443): Read timed out. (read timeout=300)
2026-07-21 12:48:54,386 INFO recZSGUkn56v9kEp1: C(wrong) input_tokens=273 output_tokens=15320 latency=252.3s
2026-07-21 12:49:57,998 INFO recINSFEYLCyyd08m: B(correct) input_tokens=335 output_tokens=7486 latency=130.5s
2026-07-21 12:50:20,532 ERROR rec5rjeLsEq5Fg7Oj: DROPPED after unrecoverable error
Traceback (most recent call last):
  File "C:\Users\Ong Jun Kai\Documents\Qwen Hackathon\.venv\Lib\site-packages\urllib3\connectionpool.py", line 534, in _make_request
    response = conn.getresponse()
               ^^^^^^^^^^^^^^^^^^
  File "C:\Users\Ong Jun Kai\Documents\Qwen Hackathon\.venv\Lib\site-packages\urllib3\connection.py", line 571, in getresponse
    httplib_response = super().getresponse()
                       ^^^^^^^^^^^^^^^^^^^^^
  File "C:\Users\Ong Jun Kai\AppData\Local\Programs\Python\Python312\Lib\http\client.py", line 1430, in getresponse
    response.begin()
  File "C:\Users\Ong Jun Kai\AppData\Local\Programs\Python\Python312\Lib\http\client.py", line 331, in begin
    version, status, reason = self._read_status()
                              ^^^^^^^^^^^^^^^^^^^
  File "C:\Users\Ong Jun Kai\AppData\Local\Programs\Python\Python312\Lib\http\client.py", line 292, in _read_status
    line = str(self.fp.readline(_MAXLINE + 1), "iso-8859-1")
               ^^^^^^^^^^^^^^^^^^^^^^^^^^^^^^
  File "C:\Users\Ong Jun Kai\AppData\Local\Programs\Python\Python312\Lib\socket.py", line 720, in readinto
    return self._sock.recv_into(b)
           ^^^^^^^^^^^^^^^^^^^^^^^
  File "C:\Users\Ong Jun Kai\AppData\Local\Programs\Python\Python312\Lib\ssl.py", line 1251, in recv_into
    return self.read(nbytes, buffer)
           ^^^^^^^^^^^^^^^^^^^^^^^^^
  File "C:\Users\Ong Jun Kai\AppData\Local\Programs\Python\Python312\Lib\ssl.py", line 1103, in read
    return self._sslobj.read(len, buffer)
           ^^^^^^^^^^^^^^^^^^^^^^^^^^^^^^
TimeoutError: The read operation timed out

The above exception was the direct cause of the following exception:

Traceback (most recent call last):
  File "C:\Users\Ong Jun Kai\Documents\Qwen Hackathon\.venv\Lib\site-packages\requests\adapters.py", line 696, in send
    resp = conn.urlopen(
           ^^^^^^^^^^^^^
  File "C:\Users\Ong Jun Kai\Documents\Qwen Hackathon\.venv\Lib\site-packages\urllib3\connectionpool.py", line 842, in urlopen
    retries = retries.increment(
              ^^^^^^^^^^^^^^^^^^
  File "C:\Users\Ong Jun Kai\Documents\Qwen Hackathon\.venv\Lib\site-packages\urllib3\util\retry.py", line 498, in increment
    raise reraise(type(error), error, _stacktrace)
          ^^^^^^^^^^^^^^^^^^^^^^^^^^^^^^^^^^^^^^^^
  File "C:\Users\Ong Jun Kai\Documents\Qwen Hackathon\.venv\Lib\site-packages\urllib3\util\util.py", line 39, in reraise
    raise value
  File "C:\Users\Ong Jun Kai\Documents\Qwen Hackathon\.venv\Lib\site-packages\urllib3\connectionpool.py", line 788, in urlopen
    response = self._make_request(
               ^^^^^^^^^^^^^^^^^^^
  File "C:\Users\Ong Jun Kai\Documents\Qwen Hackathon\.venv\Lib\site-packages\urllib3\connectionpool.py", line 536, in _make_request
    self._raise_timeout(err=e, url=url, timeout_value=read_timeout)
  File "C:\Users\Ong Jun Kai\Documents\Qwen Hackathon\.venv\Lib\site-packages\urllib3\connectionpool.py", line 367, in _raise_timeout
    raise ReadTimeoutError(
urllib3.exceptions.ReadTimeoutError: HTTPSConnectionPool(host='token-plan.ap-southeast-1.maas.aliyuncs.com', port=443): Read timed out. (read timeout=300)

During handling of the above exception, another exception occurred:

Traceback (most recent call last):
  File "C:\Users\Ong Jun Kai\Documents\Qwen Hackathon\benchmark\qwen38_baseline.py", line 86, in _run_one
    letter, usage = await asyncio.to_thread(_ask_once, item.question, item.choices)
                    ^^^^^^^^^^^^^^^^^^^^^^^^^^^^^^^^^^^^^^^^^^^^^^^^^^^^^^^^^^^^^^^
  File "C:\Users\Ong Jun Kai\AppData\Local\Programs\Python\Python312\Lib\asyncio\threads.py", line 25, in to_thread
    return await loop.run_in_executor(None, func_call)
           ^^^^^^^^^^^^^^^^^^^^^^^^^^^^^^^^^^^^^^^^^^^
  File "C:\Users\Ong Jun Kai\AppData\Local\Programs\Python\Python312\Lib\concurrent\futures\thread.py", line 59, in run
    result = self.fn(*self.args, **self.kwargs)
             ^^^^^^^^^^^^^^^^^^^^^^^^^^^^^^^^^^
  File "C:\Users\Ong Jun Kai\Documents\Qwen Hackathon\benchmark\qwen38_baseline.py", line 65, in _ask_once
    resp = requests.post(MESSAGES_URL, headers=headers, json=body, timeout=300)
           ^^^^^^^^^^^^^^^^^^^^^^^^^^^^^^^^^^^^^^^^^^^^^^^^^^^^^^^^^^^^^^^^^^^^
  File "C:\Users\Ong Jun Kai\Documents\Qwen Hackathon\.venv\Lib\site-packages\requests\api.py", line 134, in post
    return request("post", url, data=data, json=json, **kwargs)
           ^^^^^^^^^^^^^^^^^^^^^^^^^^^^^^^^^^^^^^^^^^^^^^^^^^^^
  File "C:\Users\Ong Jun Kai\Documents\Qwen Hackathon\.venv\Lib\site-packages\requests\api.py", line 71, in request
    return session.request(method=method, url=url, **kwargs)
           ^^^^^^^^^^^^^^^^^^^^^^^^^^^^^^^^^^^^^^^^^^^^^^^^^
  File "C:\Users\Ong Jun Kai\Documents\Qwen Hackathon\.venv\Lib\site-packages\requests\sessions.py", line 651, in request
    resp = self.send(prep, **send_kwargs)
           ^^^^^^^^^^^^^^^^^^^^^^^^^^^^^^
  File "C:\Users\Ong Jun Kai\Documents\Qwen Hackathon\.venv\Lib\site-packages\requests\sessions.py", line 784, in send
    r = adapter.send(request, **kwargs)
        ^^^^^^^^^^^^^^^^^^^^^^^^^^^^^^^
  File "C:\Users\Ong Jun Kai\Documents\Qwen Hackathon\.venv\Lib\site-packages\requests\adapters.py", line 742, in send
    raise ReadTimeout(e, request=request)
requests.exceptions.ReadTimeout: HTTPSConnectionPool(host='token-plan.ap-southeast-1.maas.aliyuncs.com', port=443): Read timed out. (read timeout=300)
2026-07-21 12:51:22,464 INFO recVvpD8miVjmmyfe: D(correct) input_tokens=188 output_tokens=5040 latency=84.5s
2026-07-21 12:53:54,687 ERROR recl1UtgTVKishAq4: DROPPED after unrecoverable error
Traceback (most recent call last):
  File "C:\Users\Ong Jun Kai\Documents\Qwen Hackathon\.venv\Lib\site-packages\urllib3\connectionpool.py", line 534, in _make_request
    response = conn.getresponse()
               ^^^^^^^^^^^^^^^^^^
  File "C:\Users\Ong Jun Kai\Documents\Qwen Hackathon\.venv\Lib\site-packages\urllib3\connection.py", line 571, in getresponse
    httplib_response = super().getresponse()
                       ^^^^^^^^^^^^^^^^^^^^^
  File "C:\Users\Ong Jun Kai\AppData\Local\Programs\Python\Python312\Lib\http\client.py", line 1430, in getresponse
    response.begin()
  File "C:\Users\Ong Jun Kai\AppData\Local\Programs\Python\Python312\Lib\http\client.py", line 331, in begin
    version, status, reason = self._read_status()
                              ^^^^^^^^^^^^^^^^^^^
  File "C:\Users\Ong Jun Kai\AppData\Local\Programs\Python\Python312\Lib\http\client.py", line 292, in _read_status
    line = str(self.fp.readline(_MAXLINE + 1), "iso-8859-1")
               ^^^^^^^^^^^^^^^^^^^^^^^^^^^^^^
  File "C:\Users\Ong Jun Kai\AppData\Local\Programs\Python\Python312\Lib\socket.py", line 720, in readinto
    return self._sock.recv_into(b)
           ^^^^^^^^^^^^^^^^^^^^^^^
  File "C:\Users\Ong Jun Kai\AppData\Local\Programs\Python\Python312\Lib\ssl.py", line 1251, in recv_into
    return self.read(nbytes, buffer)
           ^^^^^^^^^^^^^^^^^^^^^^^^^
  File "C:\Users\Ong Jun Kai\AppData\Local\Programs\Python\Python312\Lib\ssl.py", line 1103, in read
    return self._sslobj.read(len, buffer)
           ^^^^^^^^^^^^^^^^^^^^^^^^^^^^^^
TimeoutError: The read operation timed out

The above exception was the direct cause of the following exception:

Traceback (most recent call last):
  File "C:\Users\Ong Jun Kai\Documents\Qwen Hackathon\.venv\Lib\site-packages\requests\adapters.py", line 696, in send
    resp = conn.urlopen(
           ^^^^^^^^^^^^^
  File "C:\Users\Ong Jun Kai\Documents\Qwen Hackathon\.venv\Lib\site-packages\urllib3\connectionpool.py", line 842, in urlopen
    retries = retries.increment(
              ^^^^^^^^^^^^^^^^^^
  File "C:\Users\Ong Jun Kai\Documents\Qwen Hackathon\.venv\Lib\site-packages\urllib3\util\retry.py", line 498, in increment
    raise reraise(type(error), error, _stacktrace)
          ^^^^^^^^^^^^^^^^^^^^^^^^^^^^^^^^^^^^^^^^
  File "C:\Users\Ong Jun Kai\Documents\Qwen Hackathon\.venv\Lib\site-packages\urllib3\util\util.py", line 39, in reraise
    raise value
  File "C:\Users\Ong Jun Kai\Documents\Qwen Hackathon\.venv\Lib\site-packages\urllib3\connectionpool.py", line 788, in urlopen
    response = self._make_request(
               ^^^^^^^^^^^^^^^^^^^
  File "C:\Users\Ong Jun Kai\Documents\Qwen Hackathon\.venv\Lib\site-packages\urllib3\connectionpool.py", line 536, in _make_request
    self._raise_timeout(err=e, url=url, timeout_value=read_timeout)
  File "C:\Users\Ong Jun Kai\Documents\Qwen Hackathon\.venv\Lib\site-packages\urllib3\connectionpool.py", line 367, in _raise_timeout
    raise ReadTimeoutError(
urllib3.exceptions.ReadTimeoutError: HTTPSConnectionPool(host='token-plan.ap-southeast-1.maas.aliyuncs.com', port=443): Read timed out. (read timeout=300)

During handling of the above exception, another exception occurred:

Traceback (most recent call last):
  File "C:\Users\Ong Jun Kai\Documents\Qwen Hackathon\benchmark\qwen38_baseline.py", line 86, in _run_one
    letter, usage = await asyncio.to_thread(_ask_once, item.question, item.choices)
                    ^^^^^^^^^^^^^^^^^^^^^^^^^^^^^^^^^^^^^^^^^^^^^^^^^^^^^^^^^^^^^^^
  File "C:\Users\Ong Jun Kai\AppData\Local\Programs\Python\Python312\Lib\asyncio\threads.py", line 25, in to_thread
    return await loop.run_in_executor(None, func_call)
           ^^^^^^^^^^^^^^^^^^^^^^^^^^^^^^^^^^^^^^^^^^^
  File "C:\Users\Ong Jun Kai\AppData\Local\Programs\Python\Python312\Lib\concurrent\futures\thread.py", line 59, in run
    result = self.fn(*self.args, **self.kwargs)
             ^^^^^^^^^^^^^^^^^^^^^^^^^^^^^^^^^^
  File "C:\Users\Ong Jun Kai\Documents\Qwen Hackathon\benchmark\qwen38_baseline.py", line 65, in _ask_once
    resp = requests.post(MESSAGES_URL, headers=headers, json=body, timeout=300)
           ^^^^^^^^^^^^^^^^^^^^^^^^^^^^^^^^^^^^^^^^^^^^^^^^^^^^^^^^^^^^^^^^^^^^
  File "C:\Users\Ong Jun Kai\Documents\Qwen Hackathon\.venv\Lib\site-packages\requests\api.py", line 134, in post
    return request("post", url, data=data, json=json, **kwargs)
           ^^^^^^^^^^^^^^^^^^^^^^^^^^^^^^^^^^^^^^^^^^^^^^^^^^^^
  File "C:\Users\Ong Jun Kai\Documents\Qwen Hackathon\.venv\Lib\site-packages\requests\api.py", line 71, in request
    return session.request(method=method, url=url, **kwargs)
           ^^^^^^^^^^^^^^^^^^^^^^^^^^^^^^^^^^^^^^^^^^^^^^^^^
  File "C:\Users\Ong Jun Kai\Documents\Qwen Hackathon\.venv\Lib\site-packages\requests\sessions.py", line 651, in request
    resp = self.send(prep, **send_kwargs)
           ^^^^^^^^^^^^^^^^^^^^^^^^^^^^^^
  File "C:\Users\Ong Jun Kai\Documents\Qwen Hackathon\.venv\Lib\site-packages\requests\sessions.py", line 784, in send
    r = adapter.send(request, **kwargs)
        ^^^^^^^^^^^^^^^^^^^^^^^^^^^^^^^
  File "C:\Users\Ong Jun Kai\Documents\Qwen Hackathon\.venv\Lib\site-packages\requests\adapters.py", line 742, in send
    raise ReadTimeout(e, request=request)
requests.exceptions.ReadTimeout: HTTPSConnectionPool(host='token-plan.ap-southeast-1.maas.aliyuncs.com', port=443): Read timed out. (read timeout=300)
2026-07-21 12:55:00,036 INFO recr3VHM4zYf6dMFY: D(correct) input_tokens=361 output_tokens=17395 latency=279.5s
2026-07-21 12:56:22,749 ERROR rectlyG9pCAAuWhoB: DROPPED after unrecoverable error
Traceback (most recent call last):
  File "C:\Users\Ong Jun Kai\Documents\Qwen Hackathon\.venv\Lib\site-packages\urllib3\connectionpool.py", line 534, in _make_request
    response = conn.getresponse()
               ^^^^^^^^^^^^^^^^^^
  File "C:\Users\Ong Jun Kai\Documents\Qwen Hackathon\.venv\Lib\site-packages\urllib3\connection.py", line 571, in getresponse
    httplib_response = super().getresponse()
                       ^^^^^^^^^^^^^^^^^^^^^
  File "C:\Users\Ong Jun Kai\AppData\Local\Programs\Python\Python312\Lib\http\client.py", line 1430, in getresponse
    response.begin()
  File "C:\Users\Ong Jun Kai\AppData\Local\Programs\Python\Python312\Lib\http\client.py", line 331, in begin
    version, status, reason = self._read_status()
                              ^^^^^^^^^^^^^^^^^^^
  File "C:\Users\Ong Jun Kai\AppData\Local\Programs\Python\Python312\Lib\http\client.py", line 292, in _read_status
    line = str(self.fp.readline(_MAXLINE + 1), "iso-8859-1")
               ^^^^^^^^^^^^^^^^^^^^^^^^^^^^^^
  File "C:\Users\Ong Jun Kai\AppData\Local\Programs\Python\Python312\Lib\socket.py", line 720, in readinto
    return self._sock.recv_into(b)
           ^^^^^^^^^^^^^^^^^^^^^^^
  File "C:\Users\Ong Jun Kai\AppData\Local\Programs\Python\Python312\Lib\ssl.py", line 1251, in recv_into
    return self.read(nbytes, buffer)
           ^^^^^^^^^^^^^^^^^^^^^^^^^
  File "C:\Users\Ong Jun Kai\AppData\Local\Programs\Python\Python312\Lib\ssl.py", line 1103, in read
    return self._sslobj.read(len, buffer)
           ^^^^^^^^^^^^^^^^^^^^^^^^^^^^^^
TimeoutError: The read operation timed out

The above exception was the direct cause of the following exception:

Traceback (most recent call last):
  File "C:\Users\Ong Jun Kai\Documents\Qwen Hackathon\.venv\Lib\site-packages\requests\adapters.py", line 696, in send
    resp = conn.urlopen(
           ^^^^^^^^^^^^^
  File "C:\Users\Ong Jun Kai\Documents\Qwen Hackathon\.venv\Lib\site-packages\urllib3\connectionpool.py", line 842, in urlopen
    retries = retries.increment(
              ^^^^^^^^^^^^^^^^^^
  File "C:\Users\Ong Jun Kai\Documents\Qwen Hackathon\.venv\Lib\site-packages\urllib3\util\retry.py", line 498, in increment
    raise reraise(type(error), error, _stacktrace)
          ^^^^^^^^^^^^^^^^^^^^^^^^^^^^^^^^^^^^^^^^
  File "C:\Users\Ong Jun Kai\Documents\Qwen Hackathon\.venv\Lib\site-packages\urllib3\util\util.py", line 39, in reraise
    raise value
  File "C:\Users\Ong Jun Kai\Documents\Qwen Hackathon\.venv\Lib\site-packages\urllib3\connectionpool.py", line 788, in urlopen
    response = self._make_request(
               ^^^^^^^^^^^^^^^^^^^
  File "C:\Users\Ong Jun Kai\Documents\Qwen Hackathon\.venv\Lib\site-packages\urllib3\connectionpool.py", line 536, in _make_request
    self._raise_timeout(err=e, url=url, timeout_value=read_timeout)
  File "C:\Users\Ong Jun Kai\Documents\Qwen Hackathon\.venv\Lib\site-packages\urllib3\connectionpool.py", line 367, in _raise_timeout
    raise ReadTimeoutError(
urllib3.exceptions.ReadTimeoutError: HTTPSConnectionPool(host='token-plan.ap-southeast-1.maas.aliyuncs.com', port=443): Read timed out. (read timeout=300)

During handling of the above exception, another exception occurred:

Traceback (most recent call last):
  File "C:\Users\Ong Jun Kai\Documents\Qwen Hackathon\benchmark\qwen38_baseline.py", line 86, in _run_one
    letter, usage = await asyncio.to_thread(_ask_once, item.question, item.choices)
                    ^^^^^^^^^^^^^^^^^^^^^^^^^^^^^^^^^^^^^^^^^^^^^^^^^^^^^^^^^^^^^^^
  File "C:\Users\Ong Jun Kai\AppData\Local\Programs\Python\Python312\Lib\asyncio\threads.py", line 25, in to_thread
    return await loop.run_in_executor(None, func_call)
           ^^^^^^^^^^^^^^^^^^^^^^^^^^^^^^^^^^^^^^^^^^^
  File "C:\Users\Ong Jun Kai\AppData\Local\Programs\Python\Python312\Lib\concurrent\futures\thread.py", line 59, in run
    result = self.fn(*self.args, **self.kwargs)
             ^^^^^^^^^^^^^^^^^^^^^^^^^^^^^^^^^^
  File "C:\Users\Ong Jun Kai\Documents\Qwen Hackathon\benchmark\qwen38_baseline.py", line 65, in _ask_once
    resp = requests.post(MESSAGES_URL, headers=headers, json=body, timeout=300)
           ^^^^^^^^^^^^^^^^^^^^^^^^^^^^^^^^^^^^^^^^^^^^^^^^^^^^^^^^^^^^^^^^^^^^
  File "C:\Users\Ong Jun Kai\Documents\Qwen Hackathon\.venv\Lib\site-packages\requests\api.py", line 134, in post
    return request("post", url, data=data, json=json, **kwargs)
           ^^^^^^^^^^^^^^^^^^^^^^^^^^^^^^^^^^^^^^^^^^^^^^^^^^^^
  File "C:\Users\Ong Jun Kai\Documents\Qwen Hackathon\.venv\Lib\site-packages\requests\api.py", line 71, in request
    return session.request(method=method, url=url, **kwargs)
           ^^^^^^^^^^^^^^^^^^^^^^^^^^^^^^^^^^^^^^^^^^^^^^^^^
  File "C:\Users\Ong Jun Kai\Documents\Qwen Hackathon\.venv\Lib\site-packages\requests\sessions.py", line 651, in request
    resp = self.send(prep, **send_kwargs)
           ^^^^^^^^^^^^^^^^^^^^^^^^^^^^^^
  File "C:\Users\Ong Jun Kai\Documents\Qwen Hackathon\.venv\Lib\site-packages\requests\sessions.py", line 784, in send
    r = adapter.send(request, **kwargs)
        ^^^^^^^^^^^^^^^^^^^^^^^^^^^^^^^
  File "C:\Users\Ong Jun Kai\Documents\Qwen Hackathon\.venv\Lib\site-packages\requests\adapters.py", line 742, in send
    raise ReadTimeout(e, request=request)
requests.exceptions.ReadTimeout: HTTPSConnectionPool(host='token-plan.ap-southeast-1.maas.aliyuncs.com', port=443): Read timed out. (read timeout=300)
2026-07-21 12:58:48,765 INFO recFaL6j8UMhutXrc: C(correct) input_tokens=538 output_tokens=14323 latency=228.7s
2026-07-21 12:58:54,865 ERROR recDj2Y2BbtV02Wv5: DROPPED after unrecoverable error
Traceback (most recent call last):
  File "C:\Users\Ong Jun Kai\Documents\Qwen Hackathon\.venv\Lib\site-packages\urllib3\connectionpool.py", line 534, in _make_request
    response = conn.getresponse()
               ^^^^^^^^^^^^^^^^^^
  File "C:\Users\Ong Jun Kai\Documents\Qwen Hackathon\.venv\Lib\site-packages\urllib3\connection.py", line 571, in getresponse
    httplib_response = super().getresponse()
                       ^^^^^^^^^^^^^^^^^^^^^
  File "C:\Users\Ong Jun Kai\AppData\Local\Programs\Python\Python312\Lib\http\client.py", line 1430, in getresponse
    response.begin()
  File "C:\Users\Ong Jun Kai\AppData\Local\Programs\Python\Python312\Lib\http\client.py", line 331, in begin
    version, status, reason = self._read_status()
                              ^^^^^^^^^^^^^^^^^^^
  File "C:\Users\Ong Jun Kai\AppData\Local\Programs\Python\Python312\Lib\http\client.py", line 292, in _read_status
    line = str(self.fp.readline(_MAXLINE + 1), "iso-8859-1")
               ^^^^^^^^^^^^^^^^^^^^^^^^^^^^^^
  File "C:\Users\Ong Jun Kai\AppData\Local\Programs\Python\Python312\Lib\socket.py", line 720, in readinto
    return self._sock.recv_into(b)
           ^^^^^^^^^^^^^^^^^^^^^^^
  File "C:\Users\Ong Jun Kai\AppData\Local\Programs\Python\Python312\Lib\ssl.py", line 1251, in recv_into
    return self.read(nbytes, buffer)
           ^^^^^^^^^^^^^^^^^^^^^^^^^
  File "C:\Users\Ong Jun Kai\AppData\Local\Programs\Python\Python312\Lib\ssl.py", line 1103, in read
    return self._sslobj.read(len, buffer)
           ^^^^^^^^^^^^^^^^^^^^^^^^^^^^^^
TimeoutError: The read operation timed out

The above exception was the direct cause of the following exception:

Traceback (most recent call last):
  File "C:\Users\Ong Jun Kai\Documents\Qwen Hackathon\.venv\Lib\site-packages\requests\adapters.py", line 696, in send
    resp = conn.urlopen(
           ^^^^^^^^^^^^^
  File "C:\Users\Ong Jun Kai\Documents\Qwen Hackathon\.venv\Lib\site-packages\urllib3\connectionpool.py", line 842, in urlopen
    retries = retries.increment(
              ^^^^^^^^^^^^^^^^^^
  File "C:\Users\Ong Jun Kai\Documents\Qwen Hackathon\.venv\Lib\site-packages\urllib3\util\retry.py", line 498, in increment
    raise reraise(type(error), error, _stacktrace)
          ^^^^^^^^^^^^^^^^^^^^^^^^^^^^^^^^^^^^^^^^
  File "C:\Users\Ong Jun Kai\Documents\Qwen Hackathon\.venv\Lib\site-packages\urllib3\util\util.py", line 39, in reraise
    raise value
  File "C:\Users\Ong Jun Kai\Documents\Qwen Hackathon\.venv\Lib\site-packages\urllib3\connectionpool.py", line 788, in urlopen
    response = self._make_request(
               ^^^^^^^^^^^^^^^^^^^
  File "C:\Users\Ong Jun Kai\Documents\Qwen Hackathon\.venv\Lib\site-packages\urllib3\connectionpool.py", line 536, in _make_request
    self._raise_timeout(err=e, url=url, timeout_value=read_timeout)
  File "C:\Users\Ong Jun Kai\Documents\Qwen Hackathon\.venv\Lib\site-packages\urllib3\connectionpool.py", line 367, in _raise_timeout
    raise ReadTimeoutError(
urllib3.exceptions.ReadTimeoutError: HTTPSConnectionPool(host='token-plan.ap-southeast-1.maas.aliyuncs.com', port=443): Read timed out. (read timeout=300)

During handling of the above exception, another exception occurred:

Traceback (most recent call last):
  File "C:\Users\Ong Jun Kai\Documents\Qwen Hackathon\benchmark\qwen38_baseline.py", line 86, in _run_one
    letter, usage = await asyncio.to_thread(_ask_once, item.question, item.choices)
                    ^^^^^^^^^^^^^^^^^^^^^^^^^^^^^^^^^^^^^^^^^^^^^^^^^^^^^^^^^^^^^^^
  File "C:\Users\Ong Jun Kai\AppData\Local\Programs\Python\Python312\Lib\asyncio\threads.py", line 25, in to_thread
    return await loop.run_in_executor(None, func_call)
           ^^^^^^^^^^^^^^^^^^^^^^^^^^^^^^^^^^^^^^^^^^^
  File "C:\Users\Ong Jun Kai\AppData\Local\Programs\Python\Python312\Lib\concurrent\futures\thread.py", line 59, in run
    result = self.fn(*self.args, **self.kwargs)
             ^^^^^^^^^^^^^^^^^^^^^^^^^^^^^^^^^^
  File "C:\Users\Ong Jun Kai\Documents\Qwen Hackathon\benchmark\qwen38_baseline.py", line 65, in _ask_once
    resp = requests.post(MESSAGES_URL, headers=headers, json=body, timeout=300)
           ^^^^^^^^^^^^^^^^^^^^^^^^^^^^^^^^^^^^^^^^^^^^^^^^^^^^^^^^^^^^^^^^^^^^
  File "C:\Users\Ong Jun Kai\Documents\Qwen Hackathon\.venv\Lib\site-packages\requests\api.py", line 134, in post
    return request("post", url, data=data, json=json, **kwargs)
           ^^^^^^^^^^^^^^^^^^^^^^^^^^^^^^^^^^^^^^^^^^^^^^^^^^^^
  File "C:\Users\Ong Jun Kai\Documents\Qwen Hackathon\.venv\Lib\site-packages\requests\api.py", line 71, in request
    return session.request(method=method, url=url, **kwargs)
           ^^^^^^^^^^^^^^^^^^^^^^^^^^^^^^^^^^^^^^^^^^^^^^^^^
  File "C:\Users\Ong Jun Kai\Documents\Qwen Hackathon\.venv\Lib\site-packages\requests\sessions.py", line 651, in request
    resp = self.send(prep, **send_kwargs)
           ^^^^^^^^^^^^^^^^^^^^^^^^^^^^^^
  File "C:\Users\Ong Jun Kai\Documents\Qwen Hackathon\.venv\Lib\site-packages\requests\sessions.py", line 784, in send
    r = adapter.send(request, **kwargs)
        ^^^^^^^^^^^^^^^^^^^^^^^^^^^^^^^
  File "C:\Users\Ong Jun Kai\Documents\Qwen Hackathon\.venv\Lib\site-packages\requests\adapters.py", line 742, in send
    raise ReadTimeout(e, request=request)
requests.exceptions.ReadTimeout: HTTPSConnectionPool(host='token-plan.ap-southeast-1.maas.aliyuncs.com', port=443): Read timed out. (read timeout=300)
2026-07-21 13:00:24,332 INFO reczzzihL7btBH7RO: D(wrong) input_tokens=366 output_tokens=13975 latency=241.6s
2026-07-21 13:02:19,737 INFO recZt4x514UQNnsgy: B(correct) input_tokens=263 output_tokens=13293 latency=211.0s
2026-07-21 13:03:55,073 ERROR recZ13cwgDQf9jRd9: DROPPED after unrecoverable error
Traceback (most recent call last):
  File "C:\Users\Ong Jun Kai\Documents\Qwen Hackathon\.venv\Lib\site-packages\urllib3\connectionpool.py", line 534, in _make_request
    response = conn.getresponse()
               ^^^^^^^^^^^^^^^^^^
  File "C:\Users\Ong Jun Kai\Documents\Qwen Hackathon\.venv\Lib\site-packages\urllib3\connection.py", line 571, in getresponse
    httplib_response = super().getresponse()
                       ^^^^^^^^^^^^^^^^^^^^^
  File "C:\Users\Ong Jun Kai\AppData\Local\Programs\Python\Python312\Lib\http\client.py", line 1430, in getresponse
    response.begin()
  File "C:\Users\Ong Jun Kai\AppData\Local\Programs\Python\Python312\Lib\http\client.py", line 331, in begin
    version, status, reason = self._read_status()
                              ^^^^^^^^^^^^^^^^^^^
  File "C:\Users\Ong Jun Kai\AppData\Local\Programs\Python\Python312\Lib\http\client.py", line 292, in _read_status
    line = str(self.fp.readline(_MAXLINE + 1), "iso-8859-1")
               ^^^^^^^^^^^^^^^^^^^^^^^^^^^^^^
  File "C:\Users\Ong Jun Kai\AppData\Local\Programs\Python\Python312\Lib\socket.py", line 720, in readinto
    return self._sock.recv_into(b)
           ^^^^^^^^^^^^^^^^^^^^^^^
  File "C:\Users\Ong Jun Kai\AppData\Local\Programs\Python\Python312\Lib\ssl.py", line 1251, in recv_into
    return self.read(nbytes, buffer)
           ^^^^^^^^^^^^^^^^^^^^^^^^^
  File "C:\Users\Ong Jun Kai\AppData\Local\Programs\Python\Python312\Lib\ssl.py", line 1103, in read
    return self._sslobj.read(len, buffer)
           ^^^^^^^^^^^^^^^^^^^^^^^^^^^^^^
TimeoutError: The read operation timed out

The above exception was the direct cause of the following exception:

Traceback (most recent call last):
  File "C:\Users\Ong Jun Kai\Documents\Qwen Hackathon\.venv\Lib\site-packages\requests\adapters.py", line 696, in send
    resp = conn.urlopen(
           ^^^^^^^^^^^^^
  File "C:\Users\Ong Jun Kai\Documents\Qwen Hackathon\.venv\Lib\site-packages\urllib3\connectionpool.py", line 842, in urlopen
    retries = retries.increment(
              ^^^^^^^^^^^^^^^^^^
  File "C:\Users\Ong Jun Kai\Documents\Qwen Hackathon\.venv\Lib\site-packages\urllib3\util\retry.py", line 498, in increment
    raise reraise(type(error), error, _stacktrace)
          ^^^^^^^^^^^^^^^^^^^^^^^^^^^^^^^^^^^^^^^^
  File "C:\Users\Ong Jun Kai\Documents\Qwen Hackathon\.venv\Lib\site-packages\urllib3\util\util.py", line 39, in reraise
    raise value
  File "C:\Users\Ong Jun Kai\Documents\Qwen Hackathon\.venv\Lib\site-packages\urllib3\connectionpool.py", line 788, in urlopen
    response = self._make_request(
               ^^^^^^^^^^^^^^^^^^^
  File "C:\Users\Ong Jun Kai\Documents\Qwen Hackathon\.venv\Lib\site-packages\urllib3\connectionpool.py", line 536, in _make_request
    self._raise_timeout(err=e, url=url, timeout_value=read_timeout)
  File "C:\Users\Ong Jun Kai\Documents\Qwen Hackathon\.venv\Lib\site-packages\urllib3\connectionpool.py", line 367, in _raise_timeout
    raise ReadTimeoutError(
urllib3.exceptions.ReadTimeoutError: HTTPSConnectionPool(host='token-plan.ap-southeast-1.maas.aliyuncs.com', port=443): Read timed out. (read timeout=300)

During handling of the above exception, another exception occurred:

Traceback (most recent call last):
  File "C:\Users\Ong Jun Kai\Documents\Qwen Hackathon\benchmark\qwen38_baseline.py", line 86, in _run_one
    letter, usage = await asyncio.to_thread(_ask_once, item.question, item.choices)
                    ^^^^^^^^^^^^^^^^^^^^^^^^^^^^^^^^^^^^^^^^^^^^^^^^^^^^^^^^^^^^^^^
  File "C:\Users\Ong Jun Kai\AppData\Local\Programs\Python\Python312\Lib\asyncio\threads.py", line 25, in to_thread
    return await loop.run_in_executor(None, func_call)
           ^^^^^^^^^^^^^^^^^^^^^^^^^^^^^^^^^^^^^^^^^^^
  File "C:\Users\Ong Jun Kai\AppData\Local\Programs\Python\Python312\Lib\concurrent\futures\thread.py", line 59, in run
    result = self.fn(*self.args, **self.kwargs)
             ^^^^^^^^^^^^^^^^^^^^^^^^^^^^^^^^^^
  File "C:\Users\Ong Jun Kai\Documents\Qwen Hackathon\benchmark\qwen38_baseline.py", line 65, in _ask_once
    resp = requests.post(MESSAGES_URL, headers=headers, json=body, timeout=300)
           ^^^^^^^^^^^^^^^^^^^^^^^^^^^^^^^^^^^^^^^^^^^^^^^^^^^^^^^^^^^^^^^^^^^^
  File "C:\Users\Ong Jun Kai\Documents\Qwen Hackathon\.venv\Lib\site-packages\requests\api.py", line 134, in post
    return request("post", url, data=data, json=json, **kwargs)
           ^^^^^^^^^^^^^^^^^^^^^^^^^^^^^^^^^^^^^^^^^^^^^^^^^^^^
  File "C:\Users\Ong Jun Kai\Documents\Qwen Hackathon\.venv\Lib\site-packages\requests\api.py", line 71, in request
    return session.request(method=method, url=url, **kwargs)
           ^^^^^^^^^^^^^^^^^^^^^^^^^^^^^^^^^^^^^^^^^^^^^^^^^
  File "C:\Users\Ong Jun Kai\Documents\Qwen Hackathon\.venv\Lib\site-packages\requests\sessions.py", line 651, in request
    resp = self.send(prep, **send_kwargs)
           ^^^^^^^^^^^^^^^^^^^^^^^^^^^^^^
  File "C:\Users\Ong Jun Kai\Documents\Qwen Hackathon\.venv\Lib\site-packages\requests\sessions.py", line 784, in send
    r = adapter.send(request, **kwargs)
        ^^^^^^^^^^^^^^^^^^^^^^^^^^^^^^^
  File "C:\Users\Ong Jun Kai\Documents\Qwen Hackathon\.venv\Lib\site-packages\requests\adapters.py", line 742, in send
    raise ReadTimeout(e, request=request)
requests.exceptions.ReadTimeout: HTTPSConnectionPool(host='token-plan.ap-southeast-1.maas.aliyuncs.com', port=443): Read timed out. (read timeout=300)
2026-07-21 13:05:13,780 INFO recLrRirj7iXoB0rU: D(correct) input_tokens=331 output_tokens=10193 latency=174.0s
2026-07-21 13:05:24,563 ERROR recb80OwMgNnceA9t: DROPPED after unrecoverable error
Traceback (most recent call last):
  File "C:\Users\Ong Jun Kai\Documents\Qwen Hackathon\.venv\Lib\site-packages\urllib3\connectionpool.py", line 534, in _make_request
    response = conn.getresponse()
               ^^^^^^^^^^^^^^^^^^
  File "C:\Users\Ong Jun Kai\Documents\Qwen Hackathon\.venv\Lib\site-packages\urllib3\connection.py", line 571, in getresponse
    httplib_response = super().getresponse()
                       ^^^^^^^^^^^^^^^^^^^^^
  File "C:\Users\Ong Jun Kai\AppData\Local\Programs\Python\Python312\Lib\http\client.py", line 1430, in getresponse
    response.begin()
  File "C:\Users\Ong Jun Kai\AppData\Local\Programs\Python\Python312\Lib\http\client.py", line 331, in begin
    version, status, reason = self._read_status()
                              ^^^^^^^^^^^^^^^^^^^
  File "C:\Users\Ong Jun Kai\AppData\Local\Programs\Python\Python312\Lib\http\client.py", line 292, in _read_status
    line = str(self.fp.readline(_MAXLINE + 1), "iso-8859-1")
               ^^^^^^^^^^^^^^^^^^^^^^^^^^^^^^
  File "C:\Users\Ong Jun Kai\AppData\Local\Programs\Python\Python312\Lib\socket.py", line 720, in readinto
    return self._sock.recv_into(b)
           ^^^^^^^^^^^^^^^^^^^^^^^
  File "C:\Users\Ong Jun Kai\AppData\Local\Programs\Python\Python312\Lib\ssl.py", line 1251, in recv_into
    return self.read(nbytes, buffer)
           ^^^^^^^^^^^^^^^^^^^^^^^^^
  File "C:\Users\Ong Jun Kai\AppData\Local\Programs\Python\Python312\Lib\ssl.py", line 1103, in read
    return self._sslobj.read(len, buffer)
           ^^^^^^^^^^^^^^^^^^^^^^^^^^^^^^
TimeoutError: The read operation timed out

The above exception was the direct cause of the following exception:

Traceback (most recent call last):
  File "C:\Users\Ong Jun Kai\Documents\Qwen Hackathon\.venv\Lib\site-packages\requests\adapters.py", line 696, in send
    resp = conn.urlopen(
           ^^^^^^^^^^^^^
  File "C:\Users\Ong Jun Kai\Documents\Qwen Hackathon\.venv\Lib\site-packages\urllib3\connectionpool.py", line 842, in urlopen
    retries = retries.increment(
              ^^^^^^^^^^^^^^^^^^
  File "C:\Users\Ong Jun Kai\Documents\Qwen Hackathon\.venv\Lib\site-packages\urllib3\util\retry.py", line 498, in increment
    raise reraise(type(error), error, _stacktrace)
          ^^^^^^^^^^^^^^^^^^^^^^^^^^^^^^^^^^^^^^^^
  File "C:\Users\Ong Jun Kai\Documents\Qwen Hackathon\.venv\Lib\site-packages\urllib3\util\util.py", line 39, in reraise
    raise value
  File "C:\Users\Ong Jun Kai\Documents\Qwen Hackathon\.venv\Lib\site-packages\urllib3\connectionpool.py", line 788, in urlopen
    response = self._make_request(
               ^^^^^^^^^^^^^^^^^^^
  File "C:\Users\Ong Jun Kai\Documents\Qwen Hackathon\.venv\Lib\site-packages\urllib3\connectionpool.py", line 536, in _make_request
    self._raise_timeout(err=e, url=url, timeout_value=read_timeout)
  File "C:\Users\Ong Jun Kai\Documents\Qwen Hackathon\.venv\Lib\site-packages\urllib3\connectionpool.py", line 367, in _raise_timeout
    raise ReadTimeoutError(
urllib3.exceptions.ReadTimeoutError: HTTPSConnectionPool(host='token-plan.ap-southeast-1.maas.aliyuncs.com', port=443): Read timed out. (read timeout=300)

During handling of the above exception, another exception occurred:

Traceback (most recent call last):
  File "C:\Users\Ong Jun Kai\Documents\Qwen Hackathon\benchmark\qwen38_baseline.py", line 86, in _run_one
    letter, usage = await asyncio.to_thread(_ask_once, item.question, item.choices)
                    ^^^^^^^^^^^^^^^^^^^^^^^^^^^^^^^^^^^^^^^^^^^^^^^^^^^^^^^^^^^^^^^
  File "C:\Users\Ong Jun Kai\AppData\Local\Programs\Python\Python312\Lib\asyncio\threads.py", line 25, in to_thread
    return await loop.run_in_executor(None, func_call)
           ^^^^^^^^^^^^^^^^^^^^^^^^^^^^^^^^^^^^^^^^^^^
  File "C:\Users\Ong Jun Kai\AppData\Local\Programs\Python\Python312\Lib\concurrent\futures\thread.py", line 59, in run
    result = self.fn(*self.args, **self.kwargs)
             ^^^^^^^^^^^^^^^^^^^^^^^^^^^^^^^^^^
  File "C:\Users\Ong Jun Kai\Documents\Qwen Hackathon\benchmark\qwen38_baseline.py", line 65, in _ask_once
    resp = requests.post(MESSAGES_URL, headers=headers, json=body, timeout=300)
           ^^^^^^^^^^^^^^^^^^^^^^^^^^^^^^^^^^^^^^^^^^^^^^^^^^^^^^^^^^^^^^^^^^^^
  File "C:\Users\Ong Jun Kai\Documents\Qwen Hackathon\.venv\Lib\site-packages\requests\api.py", line 134, in post
    return request("post", url, data=data, json=json, **kwargs)
           ^^^^^^^^^^^^^^^^^^^^^^^^^^^^^^^^^^^^^^^^^^^^^^^^^^^^
  File "C:\Users\Ong Jun Kai\Documents\Qwen Hackathon\.venv\Lib\site-packages\requests\api.py", line 71, in request
    return session.request(method=method, url=url, **kwargs)
           ^^^^^^^^^^^^^^^^^^^^^^^^^^^^^^^^^^^^^^^^^^^^^^^^^
  File "C:\Users\Ong Jun Kai\Documents\Qwen Hackathon\.venv\Lib\site-packages\requests\sessions.py", line 651, in request
    resp = self.send(prep, **send_kwargs)
           ^^^^^^^^^^^^^^^^^^^^^^^^^^^^^^
  File "C:\Users\Ong Jun Kai\Documents\Qwen Hackathon\.venv\Lib\site-packages\requests\sessions.py", line 784, in send
    r = adapter.send(request, **kwargs)
        ^^^^^^^^^^^^^^^^^^^^^^^^^^^^^^^
  File "C:\Users\Ong Jun Kai\Documents\Qwen Hackathon\.venv\Lib\site-packages\requests\adapters.py", line 742, in send
    raise ReadTimeout(e, request=request)
requests.exceptions.ReadTimeout: HTTPSConnectionPool(host='token-plan.ap-southeast-1.maas.aliyuncs.com', port=443): Read timed out. (read timeout=300)
2026-07-21 13:08:08,036 INFO rec1oj2DveQWl9Rpw: D(correct) input_tokens=259 output_tokens=15583 latency=253.0s
2026-07-21 13:08:08,036 WARNING 12 questions still dropped after this pass
2026-07-21 13:08:08,036 INFO Wrote 78 results to benchmark\results\qwen38_baseline_seed123.jsonl
2026-07-21 13:08:08,036 INFO SUMMARY n=78 accuracy=93.6% total_input_tokens=27025 total_output_tokens=302864
