2026-07-22 19:22:29,666 build_rag_index INFO Resuming build at benchmark\data\rag_index.sqlite3: articles_scanned=0 articles_kept=0 passages_written=0
2026-07-22 19:22:30,624 httpx INFO HTTP Request: HEAD https://huggingface.co/datasets/wikimedia/wikipedia/resolve/main/README.md "HTTP/1.1 307 Temporary Redirect"
2026-07-22 19:22:30,656 httpx INFO HTTP Request: HEAD https://huggingface.co/api/resolve-cache/datasets/wikimedia/wikipedia/b04c8d1ceb2f5cd4588862100d08de323dccfbaa/README.md "HTTP/1.1 200 OK"
2026-07-22 19:22:30,940 httpx INFO HTTP Request: HEAD https://huggingface.co/datasets/wikimedia/wikipedia/resolve/b04c8d1ceb2f5cd4588862100d08de323dccfbaa/wikipedia.py "HTTP/1.1 404 Not Found"
Warning: You are sending unauthenticated requests to the HF Hub. Please set a HF_TOKEN to enable higher rate limits and faster downloads.
2026-07-22 19:22:30,940 huggingface_hub.utils._http WARNING Warning: You are sending unauthenticated requests to the HF Hub. Please set a HF_TOKEN to enable higher rate limits and faster downloads.
2026-07-22 19:22:31,922 httpx INFO HTTP Request: HEAD https://s3.amazonaws.com/datasets.huggingface.co/datasets/datasets/wikimedia/wikipedia/wikimedia/wikipedia.py "HTTP/1.1 404 Not Found"
2026-07-22 19:22:32,623 httpx INFO HTTP Request: GET https://huggingface.co/api/datasets/wikimedia/wikipedia/revision/b04c8d1ceb2f5cd4588862100d08de323dccfbaa "HTTP/1.1 200 OK"
2026-07-22 19:22:32,892 httpx INFO HTTP Request: HEAD https://huggingface.co/datasets/wikimedia/wikipedia/resolve/b04c8d1ceb2f5cd4588862100d08de323dccfbaa/.huggingface.yaml "HTTP/1.1 404 Not Found"
2026-07-22 19:22:33,357 httpx INFO HTTP Request: GET https://datasets-server.huggingface.co/info?dataset=wikimedia/wikipedia "HTTP/1.1 200 OK"
2026-07-22 19:22:33,640 httpx INFO HTTP Request: GET https://huggingface.co/api/datasets/wikimedia/wikipedia/tree/b04c8d1ceb2f5cd4588862100d08de323dccfbaa/20231101.ab?recursive=true&expand=false "HTTP/1.1 200 OK"
2026-07-22 19:22:33,890 httpx INFO HTTP Request: GET https://huggingface.co/api/datasets/wikimedia/wikipedia/tree/b04c8d1ceb2f5cd4588862100d08de323dccfbaa?recursive=false&expand=false "HTTP/1.1 200 OK"
2026-07-22 19:22:34,199 httpx INFO HTTP Request: HEAD https://huggingface.co/datasets/wikimedia/wikipedia/resolve/b04c8d1ceb2f5cd4588862100d08de323dccfbaa/dataset_infos.json "HTTP/1.1 404 Not Found"
2026-07-22 19:22:34,534 httpx INFO HTTP Request: GET https://huggingface.co/api/datasets/wikimedia/wikipedia/tree/b04c8d1ceb2f5cd4588862100d08de323dccfbaa/20231101.en?recursive=true&expand=false "HTTP/1.1 200 OK"
2026-07-22 19:22:37,527 httpx INFO HTTP Request: GET https://huggingface.co/datasets/wikimedia/wikipedia/resolve/b04c8d1ceb2f5cd4588862100d08de323dccfbaa/20231101.en/train-00000-of-00041.parquet "HTTP/1.1 302 Found"
2026-07-22 19:22:38,057 httpx INFO HTTP Request: GET https://us.aws.cdn.hf.co/xet-bridge-us/621ffdd236468d709f184284/f044be5a91bc0e0a41b59ac0d0c1619f1e1e354ffd6acf69f96ed5a97feaa91c?user_id=public&X-Xet-Cas-Uid=public&response-content-disposition=inline%3B+filename*%3DUTF-8%27%27train-00000-of-00041.parquet%3B+filename%3D%22train-00000-of-00041.parquet%22%3B&Expires=1784722957&Policy=eyJTdGF0ZW1lbnQiOlt7IlJlc291cmNlIjoiaHR0cHM6Ly91cy5hd3MuY2RuLmhmLmNvL3hldC1icmlkZ2UtdXMvNjIxZmZkZDIzNjQ2OGQ3MDlmMTg0Mjg0L2YwNDRiZTVhOTFiYzBlMGE0MWI1OWFjMGQwYzE2MTlmMWUxZTM1NGZmZDZhY2Y2OWY5NmVkNWE5N2ZlYWE5MWNcXD91c2VyX2lkPXB1YmxpYyZYLVhldC1DYXMtVWlkPXB1YmxpYyZyZXNwb25zZS1jb250ZW50LWRpc3Bvc2l0aW9uPWlubGluZSUzQitmaWxlbmFtZSUyQSUzRFVURi04JTI3JTI3dHJhaW4tMDAwMDAtb2YtMDAwNDEucGFycXVldCUzQitmaWxlbmFtZSUzRCUyMnRyYWluLTAwMDAwLW9mLTAwMDQxLnBhcnF1ZXQlMjIlM0IiLCJDb25kaXRpb24iOnsiRGF0ZUxlc3NUaGFuIjp7IkVwb2NoVGltZSI6MTc4NDcyMjk1N30sIkJ5dGVSYW5nZSI6eyJFeHBlY3RlZEhlYWRlciI6ImJ5dGVzPTQyMDIzMDkxMy00MjAyOTY0NDgifX19XX0_&Signature=MEUCIFwkeWoLFHmOD6zC4wJpqPh4XJJjnt2g9sBuAjMIPr8KAiEA1MQChDGoFXJynG-wR2GeLI9LLHxfNun4X8xCgfRbAS8_&Key-Pair-Id=01KXEF4KZ1B6FV465MAWR4M21F "HTTP/1.1 206 Partial Content"
2026-07-22 19:22:38,606 httpx INFO HTTP Request: GET https://huggingface.co/datasets/wikimedia/wikipedia/resolve/b04c8d1ceb2f5cd4588862100d08de323dccfbaa/20231101.en/train-00000-of-00041.parquet "HTTP/1.1 302 Found"
2026-07-22 19:22:39,107 httpx INFO HTTP Request: GET https://us.aws.cdn.hf.co/xet-bridge-us/621ffdd236468d709f184284/f044be5a91bc0e0a41b59ac0d0c1619f1e1e354ffd6acf69f96ed5a97feaa91c?response-content-disposition=inline%3B+filename*%3DUTF-8%27%27train-00000-of-00041.parquet%3B+filename%3D%22train-00000-of-00041.parquet%22%3B&X-Xet-Cas-Uid=public&user_id=public&Expires=1784722958&Policy=eyJTdGF0ZW1lbnQiOlt7IlJlc291cmNlIjoiaHR0cHM6Ly91cy5hd3MuY2RuLmhmLmNvL3hldC1icmlkZ2UtdXMvNjIxZmZkZDIzNjQ2OGQ3MDlmMTg0Mjg0L2YwNDRiZTVhOTFiYzBlMGE0MWI1OWFjMGQwYzE2MTlmMWUxZTM1NGZmZDZhY2Y2OWY5NmVkNWE5N2ZlYWE5MWNcXD9yZXNwb25zZS1jb250ZW50LWRpc3Bvc2l0aW9uPWlubGluZSUzQitmaWxlbmFtZSUyQSUzRFVURi04JTI3JTI3dHJhaW4tMDAwMDAtb2YtMDAwNDEucGFycXVldCUzQitmaWxlbmFtZSUzRCUyMnRyYWluLTAwMDAwLW9mLTAwMDQxLnBhcnF1ZXQlMjIlM0ImWC1YZXQtQ2FzLVVpZD1wdWJsaWMmdXNlcl9pZD1wdWJsaWMiLCJDb25kaXRpb24iOnsiRGF0ZUxlc3NUaGFuIjp7IkVwb2NoVGltZSI6MTc4NDcyMjk1OH0sIkJ5dGVSYW5nZSI6eyJFeHBlY3RlZEhlYWRlciI6ImJ5dGVzPTQxOTg5NDIxMS00MjAyOTY0NDgifX19XX0_&Signature=MEUCIFtNRyCJ5lF2BdhELMiGVGQFrEWyNjJJk7PYW4wzVr2%7EAiEAiQkd1-GrR8vxkXcBfbcc7WrVTmtY9msUDctLmemHclM_&Key-Pair-Id=01KXEF4KZ1B6FV465MAWR4M21F "HTTP/1.1 206 Partial Content"
2026-07-22 19:22:39,834 httpx INFO HTTP Request: GET https://huggingface.co/datasets/wikimedia/wikipedia/resolve/b04c8d1ceb2f5cd4588862100d08de323dccfbaa/20231101.en/train-00000-of-00041.parquet "HTTP/1.1 302 Found"
2026-07-22 19:22:40,358 httpx INFO HTTP Request: GET https://us.aws.cdn.hf.co/xet-bridge-us/621ffdd236468d709f184284/f044be5a91bc0e0a41b59ac0d0c1619f1e1e354ffd6acf69f96ed5a97feaa91c?X-Xet-Cas-Uid=public&response-content-disposition=inline%3B+filename*%3DUTF-8%27%27train-00000-of-00041.parquet%3B+filename%3D%22train-00000-of-00041.parquet%22%3B&user_id=public&Expires=1784722959&Policy=eyJTdGF0ZW1lbnQiOlt7IlJlc291cmNlIjoiaHR0cHM6Ly91cy5hd3MuY2RuLmhmLmNvL3hldC1icmlkZ2UtdXMvNjIxZmZkZDIzNjQ2OGQ3MDlmMTg0Mjg0L2YwNDRiZTVhOTFiYzBlMGE0MWI1OWFjMGQwYzE2MTlmMWUxZTM1NGZmZDZhY2Y2OWY5NmVkNWE5N2ZlYWE5MWNcXD9YLVhldC1DYXMtVWlkPXB1YmxpYyZyZXNwb25zZS1jb250ZW50LWRpc3Bvc2l0aW9uPWlubGluZSUzQitmaWxlbmFtZSUyQSUzRFVURi04JTI3JTI3dHJhaW4tMDAwMDAtb2YtMDAwNDEucGFycXVldCUzQitmaWxlbmFtZSUzRCUyMnRyYWluLTAwMDAwLW9mLTAwMDQxLnBhcnF1ZXQlMjIlM0ImdXNlcl9pZD1wdWJsaWMiLCJDb25kaXRpb24iOnsiRGF0ZUxlc3NUaGFuIjp7IkVwb2NoVGltZSI6MTc4NDcyMjk1OX0sIkJ5dGVSYW5nZSI6eyJFeHBlY3RlZEhlYWRlciI6ImJ5dGVzPTQtMzA5NTkzMzEifX19XX0_&Signature=MEUCIDACes%7EWM1OPK7VGhhnQpTyGqpUfPxTMBW971wx2t-EAAiEAlKfL9k3%7EWUxL0Hz2naWdyrRVCdRiD4kkKslnLWoRCHU_&Key-Pair-Id=01KXEF4KZ1B6FV465MAWR4M21F "HTTP/1.1 206 Partial Content"
2026-07-22 19:23:02,759 httpx INFO HTTP Request: GET https://huggingface.co/datasets/wikimedia/wikipedia/resolve/b04c8d1ceb2f5cd4588862100d08de323dccfbaa/20231101.en/train-00000-of-00041.parquet "HTTP/1.1 302 Found"
2026-07-22 19:23:03,557 httpx INFO HTTP Request: GET https://us.aws.cdn.hf.co/xet-bridge-us/621ffdd236468d709f184284/f044be5a91bc0e0a41b59ac0d0c1619f1e1e354ffd6acf69f96ed5a97feaa91c?response-content-disposition=inline%3B+filename*%3DUTF-8%27%27train-00000-of-00041.parquet%3B+filename%3D%22train-00000-of-00041.parquet%22%3B&user_id=public&X-Xet-Cas-Uid=public&Expires=1784722982&Policy=eyJTdGF0ZW1lbnQiOlt7IlJlc291cmNlIjoiaHR0cHM6Ly91cy5hd3MuY2RuLmhmLmNvL3hldC1icmlkZ2UtdXMvNjIxZmZkZDIzNjQ2OGQ3MDlmMTg0Mjg0L2YwNDRiZTVhOTFiYzBlMGE0MWI1OWFjMGQwYzE2MTlmMWUxZTM1NGZmZDZhY2Y2OWY5NmVkNWE5N2ZlYWE5MWNcXD9yZXNwb25zZS1jb250ZW50LWRpc3Bvc2l0aW9uPWlubGluZSUzQitmaWxlbmFtZSUyQSUzRFVURi04JTI3JTI3dHJhaW4tMDAwMDAtb2YtMDAwNDEucGFycXVldCUzQitmaWxlbmFtZSUzRCUyMnRyYWluLTAwMDAwLW9mLTAwMDQxLnBhcnF1ZXQlMjIlM0ImdXNlcl9pZD1wdWJsaWMmWC1YZXQtQ2FzLVVpZD1wdWJsaWMiLCJDb25kaXRpb24iOnsiRGF0ZUxlc3NUaGFuIjp7IkVwb2NoVGltZSI6MTc4NDcyMjk4Mn0sIkJ5dGVSYW5nZSI6eyJFeHBlY3RlZEhlYWRlciI6ImJ5dGVzPTMwOTU5MzMyLTYzOTMyNTgwIn19fV19&Signature=MEQCIB8cykFGGnb8O9aHB-JT02iTE2XVQNqL2yIZbPmf4T6hAiAA-wURg9UZjn76n2O4-gl4jlJ2BJ6GCD0zscvyQpQGdg__&Key-Pair-Id=01KXEF4KZ1B6FV465MAWR4M21F "HTTP/1.1 206 Partial Content"
2026-07-22 19:23:11,190 httpx INFO HTTP Request: HEAD https://huggingface.co/BAAI/bge-small-en-v1.5/resolve/main/modules.json "HTTP/1.1 307 Temporary Redirect"
2026-07-22 19:23:11,207 httpx INFO HTTP Request: HEAD https://huggingface.co/api/resolve-cache/models/BAAI/bge-small-en-v1.5/5c38ec7c405ec4b44b94cc5a9bb96e735b38267a/modules.json "HTTP/1.1 200 OK"
2026-07-22 19:23:11,493 httpx INFO HTTP Request: HEAD https://huggingface.co/BAAI/bge-small-en-v1.5/resolve/main/config_sentence_transformers.json "HTTP/1.1 307 Temporary Redirect"
2026-07-22 19:23:11,528 httpx INFO HTTP Request: HEAD https://huggingface.co/api/resolve-cache/models/BAAI/bge-small-en-v1.5/5c38ec7c405ec4b44b94cc5a9bb96e735b38267a/config_sentence_transformers.json "HTTP/1.1 200 OK"
2026-07-22 19:23:11,530 sentence_transformers.base.model INFO Loading SentenceTransformer model from BAAI/bge-small-en-v1.5.
2026-07-22 19:23:11,807 httpx INFO HTTP Request: HEAD https://huggingface.co/BAAI/bge-small-en-v1.5/resolve/main/config_sentence_transformers.json "HTTP/1.1 307 Temporary Redirect"
2026-07-22 19:23:11,849 httpx INFO HTTP Request: HEAD https://huggingface.co/api/resolve-cache/models/BAAI/bge-small-en-v1.5/5c38ec7c405ec4b44b94cc5a9bb96e735b38267a/config_sentence_transformers.json "HTTP/1.1 200 OK"
2026-07-22 19:23:12,185 httpx INFO HTTP Request: HEAD https://huggingface.co/BAAI/bge-small-en-v1.5/resolve/main/README.md "HTTP/1.1 307 Temporary Redirect"
2026-07-22 19:23:12,207 httpx INFO HTTP Request: HEAD https://huggingface.co/api/resolve-cache/models/BAAI/bge-small-en-v1.5/5c38ec7c405ec4b44b94cc5a9bb96e735b38267a/README.md "HTTP/1.1 200 OK"
2026-07-22 19:23:12,456 httpx INFO HTTP Request: HEAD https://huggingface.co/BAAI/bge-small-en-v1.5/resolve/main/modules.json "HTTP/1.1 307 Temporary Redirect"
2026-07-22 19:23:12,475 httpx INFO HTTP Request: HEAD https://huggingface.co/api/resolve-cache/models/BAAI/bge-small-en-v1.5/5c38ec7c405ec4b44b94cc5a9bb96e735b38267a/modules.json "HTTP/1.1 200 OK"
2026-07-22 19:23:12,740 httpx INFO HTTP Request: HEAD https://huggingface.co/BAAI/bge-small-en-v1.5/resolve/main/sentence_bert_config.json "HTTP/1.1 307 Temporary Redirect"
2026-07-22 19:23:12,775 httpx INFO HTTP Request: HEAD https://huggingface.co/api/resolve-cache/models/BAAI/bge-small-en-v1.5/5c38ec7c405ec4b44b94cc5a9bb96e735b38267a/sentence_bert_config.json "HTTP/1.1 200 OK"
2026-07-22 19:23:13,034 httpx INFO HTTP Request: HEAD https://huggingface.co/BAAI/bge-small-en-v1.5/resolve/main/adapter_config.json "HTTP/1.1 404 Not Found"
2026-07-22 19:23:13,323 httpx INFO HTTP Request: HEAD https://huggingface.co/BAAI/bge-small-en-v1.5/resolve/main/config.json "HTTP/1.1 307 Temporary Redirect"
2026-07-22 19:23:13,361 httpx INFO HTTP Request: HEAD https://huggingface.co/api/resolve-cache/models/BAAI/bge-small-en-v1.5/5c38ec7c405ec4b44b94cc5a9bb96e735b38267a/config.json "HTTP/1.1 200 OK"
Loading weights:   0%|          | 0/199 [00:00<?, ?it/s]Loading weights: 100%|##########| 199/199 [00:00<00:00, 5113.41it/s]
2026-07-22 19:23:13,789 httpx INFO HTTP Request: HEAD https://huggingface.co/BAAI/bge-small-en-v1.5/resolve/main/processor_config.json "HTTP/1.1 404 Not Found"
2026-07-22 19:23:14,077 httpx INFO HTTP Request: HEAD https://huggingface.co/BAAI/bge-small-en-v1.5/resolve/main/preprocessor_config.json "HTTP/1.1 404 Not Found"
2026-07-22 19:23:14,307 httpx INFO HTTP Request: HEAD https://huggingface.co/BAAI/bge-small-en-v1.5/resolve/main/video_preprocessor_config.json "HTTP/1.1 404 Not Found"
2026-07-22 19:23:14,638 httpx INFO HTTP Request: HEAD https://huggingface.co/BAAI/bge-small-en-v1.5/resolve/main/preprocessor_config.json "HTTP/1.1 404 Not Found"
2026-07-22 19:23:14,940 httpx INFO HTTP Request: HEAD https://huggingface.co/BAAI/bge-small-en-v1.5/resolve/main/tokenizer_config.json "HTTP/1.1 307 Temporary Redirect"
2026-07-22 19:23:14,971 httpx INFO HTTP Request: HEAD https://huggingface.co/api/resolve-cache/models/BAAI/bge-small-en-v1.5/5c38ec7c405ec4b44b94cc5a9bb96e735b38267a/tokenizer_config.json "HTTP/1.1 200 OK"
2026-07-22 19:23:15,238 httpx INFO HTTP Request: HEAD https://huggingface.co/BAAI/bge-small-en-v1.5/resolve/main/config.json "HTTP/1.1 307 Temporary Redirect"
2026-07-22 19:23:15,272 httpx INFO HTTP Request: HEAD https://huggingface.co/api/resolve-cache/models/BAAI/bge-small-en-v1.5/5c38ec7c405ec4b44b94cc5a9bb96e735b38267a/config.json "HTTP/1.1 200 OK"
2026-07-22 19:23:15,557 httpx INFO HTTP Request: HEAD https://huggingface.co/BAAI/bge-small-en-v1.5/resolve/main/config.json "HTTP/1.1 307 Temporary Redirect"
2026-07-22 19:23:15,573 httpx INFO HTTP Request: HEAD https://huggingface.co/api/resolve-cache/models/BAAI/bge-small-en-v1.5/5c38ec7c405ec4b44b94cc5a9bb96e735b38267a/config.json "HTTP/1.1 200 OK"
2026-07-22 19:23:15,838 httpx INFO HTTP Request: HEAD https://huggingface.co/BAAI/bge-small-en-v1.5/resolve/main/tokenizer_config.json "HTTP/1.1 307 Temporary Redirect"
2026-07-22 19:23:15,868 httpx INFO HTTP Request: HEAD https://huggingface.co/api/resolve-cache/models/BAAI/bge-small-en-v1.5/5c38ec7c405ec4b44b94cc5a9bb96e735b38267a/tokenizer_config.json "HTTP/1.1 200 OK"
2026-07-22 19:23:16,172 httpx INFO HTTP Request: GET https://huggingface.co/api/models/BAAI/bge-small-en-v1.5/tree/main/additional_chat_templates?recursive=false&expand=false "HTTP/1.1 404 Not Found"
2026-07-22 19:23:16,424 httpx INFO HTTP Request: GET https://huggingface.co/api/models/BAAI/bge-small-en-v1.5/tree/main?recursive=true&expand=false "HTTP/1.1 200 OK"
2026-07-22 19:23:16,766 httpx INFO HTTP Request: HEAD https://huggingface.co/BAAI/bge-small-en-v1.5/resolve/main/1_Pooling/config.json "HTTP/1.1 307 Temporary Redirect"
2026-07-22 19:23:16,827 httpx INFO HTTP Request: HEAD https://huggingface.co/api/resolve-cache/models/BAAI/bge-small-en-v1.5/5c38ec7c405ec4b44b94cc5a9bb96e735b38267a/1_Pooling%2Fconfig.json "HTTP/1.1 200 OK"
2026-07-22 19:23:17,255 httpx INFO HTTP Request: GET https://huggingface.co/api/models/BAAI/bge-small-en-v1.5 "HTTP/1.1 200 OK"
2026-07-22 19:25:12,445 httpx INFO HTTP Request: GET https://huggingface.co/datasets/wikimedia/wikipedia/resolve/b04c8d1ceb2f5cd4588862100d08de323dccfbaa/20231101.en/train-00000-of-00041.parquet "HTTP/1.1 302 Found"
2026-07-22 19:25:12,991 httpx INFO HTTP Request: GET https://us.aws.cdn.hf.co/xet-bridge-us/621ffdd236468d709f184284/f044be5a91bc0e0a41b59ac0d0c1619f1e1e354ffd6acf69f96ed5a97feaa91c?user_id=public&X-Xet-Cas-Uid=public&response-content-disposition=inline%3B+filename*%3DUTF-8%27%27train-00000-of-00041.parquet%3B+filename%3D%22train-00000-of-00041.parquet%22%3B&Expires=1784723112&Policy=eyJTdGF0ZW1lbnQiOlt7IlJlc291cmNlIjoiaHR0cHM6Ly91cy5hd3MuY2RuLmhmLmNvL3hldC1icmlkZ2UtdXMvNjIxZmZkZDIzNjQ2OGQ3MDlmMTg0Mjg0L2YwNDRiZTVhOTFiYzBlMGE0MWI1OWFjMGQwYzE2MTlmMWUxZTM1NGZmZDZhY2Y2OWY5NmVkNWE5N2ZlYWE5MWNcXD91c2VyX2lkPXB1YmxpYyZYLVhldC1DYXMtVWlkPXB1YmxpYyZyZXNwb25zZS1jb250ZW50LWRpc3Bvc2l0aW9uPWlubGluZSUzQitmaWxlbmFtZSUyQSUzRFVURi04JTI3JTI3dHJhaW4tMDAwMDAtb2YtMDAwNDEucGFycXVldCUzQitmaWxlbmFtZSUzRCUyMnRyYWluLTAwMDAwLW9mLTAwMDQxLnBhcnF1ZXQlMjIlM0IiLCJDb25kaXRpb24iOnsiRGF0ZUxlc3NUaGFuIjp7IkVwb2NoVGltZSI6MTc4NDcyMzExMn0sIkJ5dGVSYW5nZSI6eyJFeHBlY3RlZEhlYWRlciI6ImJ5dGVzPTYzOTMyNTgxLTk3MDIxNDUxIn19fV19&Signature=MEUCIFZQRqlMVoq0PQ3jx94rTAsOLpKeTB9Q1ENCZjgCqCpAAiEA6Ml4ihNBNpqMkV0NcsvhU-lUeH-38pADzNgySG2Z3R8_&Key-Pair-Id=01KXEF4KZ1B6FV465MAWR4M21F "HTTP/1.1 206 Partial Content"
2026-07-22 19:25:31,482 httpx INFO HTTP Request: GET https://huggingface.co/datasets/wikimedia/wikipedia/resolve/b04c8d1ceb2f5cd4588862100d08de323dccfbaa/20231101.en/train-00000-of-00041.parquet "HTTP/1.1 302 Found"
2026-07-22 19:25:32,066 httpx INFO HTTP Request: GET https://us.aws.cdn.hf.co/xet-bridge-us/621ffdd236468d709f184284/f044be5a91bc0e0a41b59ac0d0c1619f1e1e354ffd6acf69f96ed5a97feaa91c?X-Xet-Cas-Uid=public&user_id=public&response-content-disposition=inline%3B+filename*%3DUTF-8%27%27train-00000-of-00041.parquet%3B+filename%3D%22train-00000-of-00041.parquet%22%3B&Expires=1784723131&Policy=eyJTdGF0ZW1lbnQiOlt7IlJlc291cmNlIjoiaHR0cHM6Ly91cy5hd3MuY2RuLmhmLmNvL3hldC1icmlkZ2UtdXMvNjIxZmZkZDIzNjQ2OGQ3MDlmMTg0Mjg0L2YwNDRiZTVhOTFiYzBlMGE0MWI1OWFjMGQwYzE2MTlmMWUxZTM1NGZmZDZhY2Y2OWY5NmVkNWE5N2ZlYWE5MWNcXD9YLVhldC1DYXMtVWlkPXB1YmxpYyZ1c2VyX2lkPXB1YmxpYyZyZXNwb25zZS1jb250ZW50LWRpc3Bvc2l0aW9uPWlubGluZSUzQitmaWxlbmFtZSUyQSUzRFVURi04JTI3JTI3dHJhaW4tMDAwMDAtb2YtMDAwNDEucGFycXVldCUzQitmaWxlbmFtZSUzRCUyMnRyYWluLTAwMDAwLW9mLTAwMDQxLnBhcnF1ZXQlMjIlM0IiLCJDb25kaXRpb24iOnsiRGF0ZUxlc3NUaGFuIjp7IkVwb2NoVGltZSI6MTc4NDcyMzEzMX0sIkJ5dGVSYW5nZSI6eyJFeHBlY3RlZEhlYWRlciI6ImJ5dGVzPTk3MDIxNDUyLTEzMDQ2MDIwNCJ9fX1dfQ__&Signature=MEUCIQCzzw3Y23JAQTK7552oj4BiVIJq8kQaaVhKPNk263T5GgIgfMRP%7EtRyFGuBMPfFyRRtTh8lu7ghkCD%7ECK75SD8a5hg_&Key-Pair-Id=01KXEF4KZ1B6FV465MAWR4M21F "HTTP/1.1 206 Partial Content"
2026-07-22 19:25:55,444 httpx INFO HTTP Request: GET https://huggingface.co/datasets/wikimedia/wikipedia/resolve/b04c8d1ceb2f5cd4588862100d08de323dccfbaa/20231101.en/train-00000-of-00041.parquet "HTTP/1.1 302 Found"
2026-07-22 19:25:56,133 httpx INFO HTTP Request: GET https://us.aws.cdn.hf.co/xet-bridge-us/621ffdd236468d709f184284/f044be5a91bc0e0a41b59ac0d0c1619f1e1e354ffd6acf69f96ed5a97feaa91c?user_id=public&X-Xet-Cas-Uid=public&response-content-disposition=inline%3B+filename*%3DUTF-8%27%27train-00000-of-00041.parquet%3B+filename%3D%22train-00000-of-00041.parquet%22%3B&Expires=1784723155&Policy=eyJTdGF0ZW1lbnQiOlt7IlJlc291cmNlIjoiaHR0cHM6Ly91cy5hd3MuY2RuLmhmLmNvL3hldC1icmlkZ2UtdXMvNjIxZmZkZDIzNjQ2OGQ3MDlmMTg0Mjg0L2YwNDRiZTVhOTFiYzBlMGE0MWI1OWFjMGQwYzE2MTlmMWUxZTM1NGZmZDZhY2Y2OWY5NmVkNWE5N2ZlYWE5MWNcXD91c2VyX2lkPXB1YmxpYyZYLVhldC1DYXMtVWlkPXB1YmxpYyZyZXNwb25zZS1jb250ZW50LWRpc3Bvc2l0aW9uPWlubGluZSUzQitmaWxlbmFtZSUyQSUzRFVURi04JTI3JTI3dHJhaW4tMDAwMDAtb2YtMDAwNDEucGFycXVldCUzQitmaWxlbmFtZSUzRCUyMnRyYWluLTAwMDAwLW9mLTAwMDQxLnBhcnF1ZXQlMjIlM0IiLCJDb25kaXRpb24iOnsiRGF0ZUxlc3NUaGFuIjp7IkVwb2NoVGltZSI6MTc4NDcyMzE1NX0sIkJ5dGVSYW5nZSI6eyJFeHBlY3RlZEhlYWRlciI6ImJ5dGVzPTEzMDQ2MDIwNS0xNjM5NTgxODQifX19XX0_&Signature=MEUCIQDOLtejK7WPJUS1Yuhlf-yHq2fv1yZZxYXq9XI8yQ5X%7EwIgF3W1x%7E87ozW0B7EHUGLQVVOvt2cpqN8xdBm-UlHPvRo_&Key-Pair-Id=01KXEF4KZ1B6FV465MAWR4M21F "HTTP/1.1 206 Partial Content"
2026-07-22 19:26:37,475 httpx INFO HTTP Request: GET https://huggingface.co/datasets/wikimedia/wikipedia/resolve/b04c8d1ceb2f5cd4588862100d08de323dccfbaa/20231101.en/train-00000-of-00041.parquet "HTTP/1.1 302 Found"
2026-07-22 19:26:38,026 httpx INFO HTTP Request: GET https://us.aws.cdn.hf.co/xet-bridge-us/621ffdd236468d709f184284/f044be5a91bc0e0a41b59ac0d0c1619f1e1e354ffd6acf69f96ed5a97feaa91c?X-Xet-Cas-Uid=public&response-content-disposition=inline%3B+filename*%3DUTF-8%27%27train-00000-of-00041.parquet%3B+filename%3D%22train-00000-of-00041.parquet%22%3B&user_id=public&Expires=1784723197&Policy=eyJTdGF0ZW1lbnQiOlt7IlJlc291cmNlIjoiaHR0cHM6Ly91cy5hd3MuY2RuLmhmLmNvL3hldC1icmlkZ2UtdXMvNjIxZmZkZDIzNjQ2OGQ3MDlmMTg0Mjg0L2YwNDRiZTVhOTFiYzBlMGE0MWI1OWFjMGQwYzE2MTlmMWUxZTM1NGZmZDZhY2Y2OWY5NmVkNWE5N2ZlYWE5MWNcXD9YLVhldC1DYXMtVWlkPXB1YmxpYyZyZXNwb25zZS1jb250ZW50LWRpc3Bvc2l0aW9uPWlubGluZSUzQitmaWxlbmFtZSUyQSUzRFVURi04JTI3JTI3dHJhaW4tMDAwMDAtb2YtMDAwNDEucGFycXVldCUzQitmaWxlbmFtZSUzRCUyMnRyYWluLTAwMDAwLW9mLTAwMDQxLnBhcnF1ZXQlMjIlM0ImdXNlcl9pZD1wdWJsaWMiLCJDb25kaXRpb24iOnsiRGF0ZUxlc3NUaGFuIjp7IkVwb2NoVGltZSI6MTc4NDcyMzE5N30sIkJ5dGVSYW5nZSI6eyJFeHBlY3RlZEhlYWRlciI6ImJ5dGVzPTE2Mzk1ODE4NS0xOTU1NzExMDAifX19XX0_&Signature=MEQCICbDmlTJfLhUGr9lekM6OGt5UKjVjRvPi5ATQNbiWfiJAiBoQs-pPHM9Z6UaLJt9k5YNVkeUS6S-37yTKGgpOAbRDw__&Key-Pair-Id=01KXEF4KZ1B6FV465MAWR4M21F "HTTP/1.1 206 Partial Content"
2026-07-22 19:27:17,824 httpx INFO HTTP Request: GET https://huggingface.co/datasets/wikimedia/wikipedia/resolve/b04c8d1ceb2f5cd4588862100d08de323dccfbaa/20231101.en/train-00000-of-00041.parquet "HTTP/1.1 302 Found"
2026-07-22 19:27:18,447 httpx INFO HTTP Request: GET https://us.aws.cdn.hf.co/xet-bridge-us/621ffdd236468d709f184284/f044be5a91bc0e0a41b59ac0d0c1619f1e1e354ffd6acf69f96ed5a97feaa91c?response-content-disposition=inline%3B+filename*%3DUTF-8%27%27train-00000-of-00041.parquet%3B+filename%3D%22train-00000-of-00041.parquet%22%3B&user_id=public&X-Xet-Cas-Uid=public&Expires=1784723237&Policy=eyJTdGF0ZW1lbnQiOlt7IlJlc291cmNlIjoiaHR0cHM6Ly91cy5hd3MuY2RuLmhmLmNvL3hldC1icmlkZ2UtdXMvNjIxZmZkZDIzNjQ2OGQ3MDlmMTg0Mjg0L2YwNDRiZTVhOTFiYzBlMGE0MWI1OWFjMGQwYzE2MTlmMWUxZTM1NGZmZDZhY2Y2OWY5NmVkNWE5N2ZlYWE5MWNcXD9yZXNwb25zZS1jb250ZW50LWRpc3Bvc2l0aW9uPWlubGluZSUzQitmaWxlbmFtZSUyQSUzRFVURi04JTI3JTI3dHJhaW4tMDAwMDAtb2YtMDAwNDEucGFycXVldCUzQitmaWxlbmFtZSUzRCUyMnRyYWluLTAwMDAwLW9mLTAwMDQxLnBhcnF1ZXQlMjIlM0ImdXNlcl9pZD1wdWJsaWMmWC1YZXQtQ2FzLVVpZD1wdWJsaWMiLCJDb25kaXRpb24iOnsiRGF0ZUxlc3NUaGFuIjp7IkVwb2NoVGltZSI6MTc4NDcyMzIzN30sIkJ5dGVSYW5nZSI6eyJFeHBlY3RlZEhlYWRlciI6ImJ5dGVzPTE5NTU3MTEwMS0yMjc2NzQwNTQifX19XX0_&Signature=MEUCIQCioEp0KPqAradyLdY59MtMf6itNJ5pE4N%7Eo10IQ1HuhQIgS-%7ECQblSGDJjLxggXxzO2W0FyNHrRCwEVvaSDHHBHvE_&Key-Pair-Id=01KXEF4KZ1B6FV465MAWR4M21F "HTTP/1.1 206 Partial Content"
2026-07-22 19:27:43,125 httpx INFO HTTP Request: GET https://huggingface.co/datasets/wikimedia/wikipedia/resolve/b04c8d1ceb2f5cd4588862100d08de323dccfbaa/20231101.en/train-00000-of-00041.parquet "HTTP/1.1 302 Found"
2026-07-22 19:27:43,657 httpx INFO HTTP Request: GET https://us.aws.cdn.hf.co/xet-bridge-us/621ffdd236468d709f184284/f044be5a91bc0e0a41b59ac0d0c1619f1e1e354ffd6acf69f96ed5a97feaa91c?X-Xet-Cas-Uid=public&user_id=public&response-content-disposition=inline%3B+filename*%3DUTF-8%27%27train-00000-of-00041.parquet%3B+filename%3D%22train-00000-of-00041.parquet%22%3B&Expires=1784723262&Policy=eyJTdGF0ZW1lbnQiOlt7IlJlc291cmNlIjoiaHR0cHM6Ly91cy5hd3MuY2RuLmhmLmNvL3hldC1icmlkZ2UtdXMvNjIxZmZkZDIzNjQ2OGQ3MDlmMTg0Mjg0L2YwNDRiZTVhOTFiYzBlMGE0MWI1OWFjMGQwYzE2MTlmMWUxZTM1NGZmZDZhY2Y2OWY5NmVkNWE5N2ZlYWE5MWNcXD9YLVhldC1DYXMtVWlkPXB1YmxpYyZ1c2VyX2lkPXB1YmxpYyZyZXNwb25zZS1jb250ZW50LWRpc3Bvc2l0aW9uPWlubGluZSUzQitmaWxlbmFtZSUyQSUzRFVURi04JTI3JTI3dHJhaW4tMDAwMDAtb2YtMDAwNDEucGFycXVldCUzQitmaWxlbmFtZSUzRCUyMnRyYWluLTAwMDAwLW9mLTAwMDQxLnBhcnF1ZXQlMjIlM0IiLCJDb25kaXRpb24iOnsiRGF0ZUxlc3NUaGFuIjp7IkVwb2NoVGltZSI6MTc4NDcyMzI2Mn0sIkJ5dGVSYW5nZSI6eyJFeHBlY3RlZEhlYWRlciI6ImJ5dGVzPTIyNzY3NDA1NS0yNTk1NjA3MTgifX19XX0_&Signature=MEUCIAeURPc9JDTniPXKiUSEQ1195Jchtxda1Cp41pM-8ltnAiEAu9cM70vbOOU9kTPakHtGOqm9bn8lVsr4WS8bU8xak0E_&Key-Pair-Id=01KXEF4KZ1B6FV465MAWR4M21F "HTTP/1.1 206 Partial Content"
2026-07-22 19:27:54,606 httpx INFO HTTP Request: GET https://huggingface.co/datasets/wikimedia/wikipedia/resolve/b04c8d1ceb2f5cd4588862100d08de323dccfbaa/20231101.en/train-00000-of-00041.parquet "HTTP/1.1 302 Found"
2026-07-22 19:27:55,318 httpx INFO HTTP Request: GET https://us.aws.cdn.hf.co/xet-bridge-us/621ffdd236468d709f184284/f044be5a91bc0e0a41b59ac0d0c1619f1e1e354ffd6acf69f96ed5a97feaa91c?X-Xet-Cas-Uid=public&response-content-disposition=inline%3B+filename*%3DUTF-8%27%27train-00000-of-00041.parquet%3B+filename%3D%22train-00000-of-00041.parquet%22%3B&user_id=public&Expires=1784723274&Policy=eyJTdGF0ZW1lbnQiOlt7IlJlc291cmNlIjoiaHR0cHM6Ly91cy5hd3MuY2RuLmhmLmNvL3hldC1icmlkZ2UtdXMvNjIxZmZkZDIzNjQ2OGQ3MDlmMTg0Mjg0L2YwNDRiZTVhOTFiYzBlMGE0MWI1OWFjMGQwYzE2MTlmMWUxZTM1NGZmZDZhY2Y2OWY5NmVkNWE5N2ZlYWE5MWNcXD9YLVhldC1DYXMtVWlkPXB1YmxpYyZyZXNwb25zZS1jb250ZW50LWRpc3Bvc2l0aW9uPWlubGluZSUzQitmaWxlbmFtZSUyQSUzRFVURi04JTI3JTI3dHJhaW4tMDAwMDAtb2YtMDAwNDEucGFycXVldCUzQitmaWxlbmFtZSUzRCUyMnRyYWluLTAwMDAwLW9mLTAwMDQxLnBhcnF1ZXQlMjIlM0ImdXNlcl9pZD1wdWJsaWMiLCJDb25kaXRpb24iOnsiRGF0ZUxlc3NUaGFuIjp7IkVwb2NoVGltZSI6MTc4NDcyMzI3NH0sIkJ5dGVSYW5nZSI6eyJFeHBlY3RlZEhlYWRlciI6ImJ5dGVzPTI1OTU2MDcxOS0yOTIzMDQ4NzkifX19XX0_&Signature=MEQCIHAWdeqfptbljycmePZjB8B086PWKct7eIBOsfUKG4-yAiA9lbW6b8pGGWeIvtMAvscmSnQ2GF0EeqYgwUUuro-79g__&Key-Pair-Id=01KXEF4KZ1B6FV465MAWR4M21F "HTTP/1.1 206 Partial Content"
2026-07-22 19:28:14,085 httpx INFO HTTP Request: GET https://huggingface.co/datasets/wikimedia/wikipedia/resolve/b04c8d1ceb2f5cd4588862100d08de323dccfbaa/20231101.en/train-00000-of-00041.parquet "HTTP/1.1 302 Found"
2026-07-22 19:28:14,675 httpx INFO HTTP Request: GET https://us.aws.cdn.hf.co/xet-bridge-us/621ffdd236468d709f184284/f044be5a91bc0e0a41b59ac0d0c1619f1e1e354ffd6acf69f96ed5a97feaa91c?X-Xet-Cas-Uid=public&response-content-disposition=inline%3B+filename*%3DUTF-8%27%27train-00000-of-00041.parquet%3B+filename%3D%22train-00000-of-00041.parquet%22%3B&user_id=public&Expires=1784723293&Policy=eyJTdGF0ZW1lbnQiOlt7IlJlc291cmNlIjoiaHR0cHM6Ly91cy5hd3MuY2RuLmhmLmNvL3hldC1icmlkZ2UtdXMvNjIxZmZkZDIzNjQ2OGQ3MDlmMTg0Mjg0L2YwNDRiZTVhOTFiYzBlMGE0MWI1OWFjMGQwYzE2MTlmMWUxZTM1NGZmZDZhY2Y2OWY5NmVkNWE5N2ZlYWE5MWNcXD9YLVhldC1DYXMtVWlkPXB1YmxpYyZyZXNwb25zZS1jb250ZW50LWRpc3Bvc2l0aW9uPWlubGluZSUzQitmaWxlbmFtZSUyQSUzRFVURi04JTI3JTI3dHJhaW4tMDAwMDAtb2YtMDAwNDEucGFycXVldCUzQitmaWxlbmFtZSUzRCUyMnRyYWluLTAwMDAwLW9mLTAwMDQxLnBhcnF1ZXQlMjIlM0ImdXNlcl9pZD1wdWJsaWMiLCJDb25kaXRpb24iOnsiRGF0ZUxlc3NUaGFuIjp7IkVwb2NoVGltZSI6MTc4NDcyMzI5M30sIkJ5dGVSYW5nZSI6eyJFeHBlY3RlZEhlYWRlciI6ImJ5dGVzPTI5MjMwNDg4MC0zMjQ2OTQwMzkifX19XX0_&Signature=MEUCIQCyzsd2DGdUMNyhCwVMyoh-F6fqGDhsDS8edHSE-d9jNQIgVkszzhYXpiwTCCnzxFKfgG8FoMfFeT73oNWXuaj%7EIRo_&Key-Pair-Id=01KXEF4KZ1B6FV465MAWR4M21F "HTTP/1.1 206 Partial Content"
2026-07-22 19:28:32,957 httpx INFO HTTP Request: GET https://huggingface.co/datasets/wikimedia/wikipedia/resolve/b04c8d1ceb2f5cd4588862100d08de323dccfbaa/20231101.en/train-00000-of-00041.parquet "HTTP/1.1 302 Found"
2026-07-22 19:28:33,468 httpx INFO HTTP Request: GET https://us.aws.cdn.hf.co/xet-bridge-us/621ffdd236468d709f184284/f044be5a91bc0e0a41b59ac0d0c1619f1e1e354ffd6acf69f96ed5a97feaa91c?response-content-disposition=inline%3B+filename*%3DUTF-8%27%27train-00000-of-00041.parquet%3B+filename%3D%22train-00000-of-00041.parquet%22%3B&user_id=public&X-Xet-Cas-Uid=public&Expires=1784723312&Policy=eyJTdGF0ZW1lbnQiOlt7IlJlc291cmNlIjoiaHR0cHM6Ly91cy5hd3MuY2RuLmhmLmNvL3hldC1icmlkZ2UtdXMvNjIxZmZkZDIzNjQ2OGQ3MDlmMTg0Mjg0L2YwNDRiZTVhOTFiYzBlMGE0MWI1OWFjMGQwYzE2MTlmMWUxZTM1NGZmZDZhY2Y2OWY5NmVkNWE5N2ZlYWE5MWNcXD9yZXNwb25zZS1jb250ZW50LWRpc3Bvc2l0aW9uPWlubGluZSUzQitmaWxlbmFtZSUyQSUzRFVURi04JTI3JTI3dHJhaW4tMDAwMDAtb2YtMDAwNDEucGFycXVldCUzQitmaWxlbmFtZSUzRCUyMnRyYWluLTAwMDAwLW9mLTAwMDQxLnBhcnF1ZXQlMjIlM0ImdXNlcl9pZD1wdWJsaWMmWC1YZXQtQ2FzLVVpZD1wdWJsaWMiLCJDb25kaXRpb24iOnsiRGF0ZUxlc3NUaGFuIjp7IkVwb2NoVGltZSI6MTc4NDcyMzMxMn0sIkJ5dGVSYW5nZSI6eyJFeHBlY3RlZEhlYWRlciI6ImJ5dGVzPTMyNDY5NDA0MC0zNTYwMzgwNzQifX19XX0_&Signature=MEUCIQDyN-tQeixkNU0CTMqV2Z3HtWXag1VHCI0BpKYIVZVRmwIgHVE5kwXPbFYgHFvwsb-5sd6VUD8d3ZFYKO3psIZ%7E%7Ebw_&Key-Pair-Id=01KXEF4KZ1B6FV465MAWR4M21F "HTTP/1.1 206 Partial Content"
2026-07-22 19:28:55,216 httpx INFO HTTP Request: GET https://huggingface.co/datasets/wikimedia/wikipedia/resolve/b04c8d1ceb2f5cd4588862100d08de323dccfbaa/20231101.en/train-00000-of-00041.parquet "HTTP/1.1 302 Found"
2026-07-22 19:28:55,786 httpx INFO HTTP Request: GET https://us.aws.cdn.hf.co/xet-bridge-us/621ffdd236468d709f184284/f044be5a91bc0e0a41b59ac0d0c1619f1e1e354ffd6acf69f96ed5a97feaa91c?response-content-disposition=inline%3B+filename*%3DUTF-8%27%27train-00000-of-00041.parquet%3B+filename%3D%22train-00000-of-00041.parquet%22%3B&user_id=public&X-Xet-Cas-Uid=public&Expires=1784723334&Policy=eyJTdGF0ZW1lbnQiOlt7IlJlc291cmNlIjoiaHR0cHM6Ly91cy5hd3MuY2RuLmhmLmNvL3hldC1icmlkZ2UtdXMvNjIxZmZkZDIzNjQ2OGQ3MDlmMTg0Mjg0L2YwNDRiZTVhOTFiYzBlMGE0MWI1OWFjMGQwYzE2MTlmMWUxZTM1NGZmZDZhY2Y2OWY5NmVkNWE5N2ZlYWE5MWNcXD9yZXNwb25zZS1jb250ZW50LWRpc3Bvc2l0aW9uPWlubGluZSUzQitmaWxlbmFtZSUyQSUzRFVURi04JTI3JTI3dHJhaW4tMDAwMDAtb2YtMDAwNDEucGFycXVldCUzQitmaWxlbmFtZSUzRCUyMnRyYWluLTAwMDAwLW9mLTAwMDQxLnBhcnF1ZXQlMjIlM0ImdXNlcl9pZD1wdWJsaWMmWC1YZXQtQ2FzLVVpZD1wdWJsaWMiLCJDb25kaXRpb24iOnsiRGF0ZUxlc3NUaGFuIjp7IkVwb2NoVGltZSI6MTc4NDcyMzMzNH0sIkJ5dGVSYW5nZSI6eyJFeHBlY3RlZEhlYWRlciI6ImJ5dGVzPTM1NjAzODA3NS0zODczMTQ2NDIifX19XX0_&Signature=MEYCIQDTnO-Otc8-Bon6J7IRKzLpxTErMOp0o%7ENVAXP%7ETZ2swQIhAPxD5sOehLHCWqGyjQgsBcFuhcJgMBYaZjZHUr2WexbM&Key-Pair-Id=01KXEF4KZ1B6FV465MAWR4M21F "HTTP/1.1 206 Partial Content"
2026-07-22 19:29:10,501 httpx INFO HTTP Request: GET https://huggingface.co/datasets/wikimedia/wikipedia/resolve/b04c8d1ceb2f5cd4588862100d08de323dccfbaa/20231101.en/train-00000-of-00041.parquet "HTTP/1.1 302 Found"
2026-07-22 19:29:10,970 httpx INFO HTTP Request: GET https://us.aws.cdn.hf.co/xet-bridge-us/621ffdd236468d709f184284/f044be5a91bc0e0a41b59ac0d0c1619f1e1e354ffd6acf69f96ed5a97feaa91c?user_id=public&X-Xet-Cas-Uid=public&response-content-disposition=inline%3B+filename*%3DUTF-8%27%27train-00000-of-00041.parquet%3B+filename%3D%22train-00000-of-00041.parquet%22%3B&Expires=1784723350&Policy=eyJTdGF0ZW1lbnQiOlt7IlJlc291cmNlIjoiaHR0cHM6Ly91cy5hd3MuY2RuLmhmLmNvL3hldC1icmlkZ2UtdXMvNjIxZmZkZDIzNjQ2OGQ3MDlmMTg0Mjg0L2YwNDRiZTVhOTFiYzBlMGE0MWI1OWFjMGQwYzE2MTlmMWUxZTM1NGZmZDZhY2Y2OWY5NmVkNWE5N2ZlYWE5MWNcXD91c2VyX2lkPXB1YmxpYyZYLVhldC1DYXMtVWlkPXB1YmxpYyZyZXNwb25zZS1jb250ZW50LWRpc3Bvc2l0aW9uPWlubGluZSUzQitmaWxlbmFtZSUyQSUzRFVURi04JTI3JTI3dHJhaW4tMDAwMDAtb2YtMDAwNDEucGFycXVldCUzQitmaWxlbmFtZSUzRCUyMnRyYWluLTAwMDAwLW9mLTAwMDQxLnBhcnF1ZXQlMjIlM0IiLCJDb25kaXRpb24iOnsiRGF0ZUxlc3NUaGFuIjp7IkVwb2NoVGltZSI6MTc4NDcyMzM1MH0sIkJ5dGVSYW5nZSI6eyJFeHBlY3RlZEhlYWRlciI6ImJ5dGVzPTM4NzMxNDY0My00MTk4NTkwMDcifX19XX0_&Signature=MEUCIQDpZYVlTYBSRcC0j2%7EofrCjRPxnyRxpN3eybCaQoJdqAgIgBjiUrcOxZ%7Eo-Ev3Pq2o5d6Oz3eDwKpl4QGU1a4UWvJE_&Key-Pair-Id=01KXEF4KZ1B6FV465MAWR4M21F "HTTP/1.1 206 Partial Content"
2026-07-22 19:29:22,772 httpx INFO HTTP Request: GET https://huggingface.co/datasets/wikimedia/wikipedia/resolve/b04c8d1ceb2f5cd4588862100d08de323dccfbaa/20231101.en/train-00000-of-00041.parquet "HTTP/1.1 302 Found"
2026-07-22 19:29:23,543 httpx INFO HTTP Request: GET https://us.aws.cdn.hf.co/xet-bridge-us/621ffdd236468d709f184284/f044be5a91bc0e0a41b59ac0d0c1619f1e1e354ffd6acf69f96ed5a97feaa91c?user_id=public&X-Xet-Cas-Uid=public&response-content-disposition=inline%3B+filename*%3DUTF-8%27%27train-00000-of-00041.parquet%3B+filename%3D%22train-00000-of-00041.parquet%22%3B&Expires=1784723362&Policy=eyJTdGF0ZW1lbnQiOlt7IlJlc291cmNlIjoiaHR0cHM6Ly91cy5hd3MuY2RuLmhmLmNvL3hldC1icmlkZ2UtdXMvNjIxZmZkZDIzNjQ2OGQ3MDlmMTg0Mjg0L2YwNDRiZTVhOTFiYzBlMGE0MWI1OWFjMGQwYzE2MTlmMWUxZTM1NGZmZDZhY2Y2OWY5NmVkNWE5N2ZlYWE5MWNcXD91c2VyX2lkPXB1YmxpYyZYLVhldC1DYXMtVWlkPXB1YmxpYyZyZXNwb25zZS1jb250ZW50LWRpc3Bvc2l0aW9uPWlubGluZSUzQitmaWxlbmFtZSUyQSUzRFVURi04JTI3JTI3dHJhaW4tMDAwMDAtb2YtMDAwNDEucGFycXVldCUzQitmaWxlbmFtZSUzRCUyMnRyYWluLTAwMDAwLW9mLTAwMDQxLnBhcnF1ZXQlMjIlM0IiLCJDb25kaXRpb24iOnsiRGF0ZUxlc3NUaGFuIjp7IkVwb2NoVGltZSI6MTc4NDcyMzM2Mn0sIkJ5dGVSYW5nZSI6eyJFeHBlY3RlZEhlYWRlciI6ImJ5dGVzPTQxOTg1OTAwOC00MjAyOTY0NDgifX19XX0_&Signature=MEQCIG111STWYfDjPYXU-658i8OYzTsipo-qmczW6zH70KFlAiAWp%7EeZ1Ao7miP59fkYV9u3z6N3N0Uv2UzOJKFVxf7l7Q__&Key-Pair-Id=01KXEF4KZ1B6FV465MAWR4M21F "HTTP/1.1 206 Partial Content"
2026-07-22 19:31:01,930 build_rag_index INFO scanned=630 kept=200 passages=2141 elapsed=505s (1.2 scanned/s)
2026-07-22 19:36:54,504 build_rag_index INFO scanned=1254 kept=400 passages=3864 elapsed=857s (1.5 scanned/s)
2026-07-22 19:42:14,650 build_rag_index INFO scanned=1900 kept=600 passages=5572 elapsed=1177s (1.6 scanned/s)
2026-07-22 19:49:06,801 build_rag_index INFO scanned=2546 kept=800 passages=7624 elapsed=1590s (1.6 scanned/s)
2026-07-22 19:52:05,793 build_rag_index INFO scanned=3590 kept=1000 passages=8533 elapsed=1769s (2.0 scanned/s)
2026-07-22 19:54:03,518 build_rag_index INFO scanned=4753 kept=1200 passages=9108 elapsed=1886s (2.5 scanned/s)
2026-07-22 19:55:53,281 build_rag_index INFO scanned=5824 kept=1400 passages=9685 elapsed=1996s (2.9 scanned/s)
2026-07-22 19:57:38,722 build_rag_index INFO scanned=7038 kept=1600 passages=10266 elapsed=2101s (3.3 scanned/s)
2026-07-22 19:59:26,451 build_rag_index INFO scanned=8073 kept=1800 passages=10838 elapsed=2209s (3.7 scanned/s)
2026-07-22 20:01:07,576 build_rag_index INFO scanned=9231 kept=2000 passages=11416 elapsed=2310s (4.0 scanned/s)
2026-07-22 20:02:36,468 build_rag_index INFO scanned=10902 kept=2200 passages=11903 elapsed=2399s (4.5 scanned/s)
2026-07-22 20:04:16,781 build_rag_index INFO scanned=12069 kept=2400 passages=12446 elapsed=2500s (4.8 scanned/s)
2026-07-22 20:05:42,356 build_rag_index INFO scanned=13246 kept=2600 passages=12941 elapsed=2585s (5.1 scanned/s)
2026-07-22 20:07:14,433 build_rag_index INFO scanned=14469 kept=2800 passages=13490 elapsed=2677s (5.4 scanned/s)
2026-07-22 20:08:51,210 build_rag_index INFO scanned=15640 kept=3000 passages=14057 elapsed=2774s (5.6 scanned/s)
2026-07-22 20:10:51,546 build_rag_index INFO scanned=16474 kept=3200 passages=14740 elapsed=2894s (5.7 scanned/s)
2026-07-22 20:12:20,985 build_rag_index INFO scanned=17619 kept=3400 passages=15290 elapsed=2984s (5.9 scanned/s)
2026-07-22 20:13:57,017 build_rag_index INFO scanned=18534 kept=3600 passages=15859 elapsed=3080s (6.0 scanned/s)
2026-07-22 20:15:18,530 build_rag_index INFO scanned=19681 kept=3800 passages=16364 elapsed=3161s (6.2 scanned/s)
2026-07-22 20:16:56,499 build_rag_index INFO scanned=20782 kept=4000 passages=16939 elapsed=3259s (6.4 scanned/s)
2026-07-22 20:18:17,587 build_rag_index INFO scanned=21935 kept=4200 passages=17455 elapsed=3340s (6.6 scanned/s)
2026-07-22 20:19:43,659 build_rag_index INFO scanned=23134 kept=4400 passages=18001 elapsed=3426s (6.8 scanned/s)
2026-07-22 20:20:59,229 build_rag_index INFO scanned=24193 kept=4600 passages=18486 elapsed=3502s (6.9 scanned/s)
2026-07-22 20:22:33,864 build_rag_index INFO scanned=25343 kept=4800 passages=19052 elapsed=3597s (7.0 scanned/s)
2026-07-22 20:24:03,150 build_rag_index INFO scanned=26443 kept=5000 passages=19588 elapsed=3686s (7.2 scanned/s)
2026-07-22 20:25:41,006 build_rag_index INFO scanned=27561 kept=5200 passages=20164 elapsed=3784s (7.3 scanned/s)
2026-07-22 20:27:10,650 build_rag_index INFO scanned=28777 kept=5400 passages=20718 elapsed=3873s (7.4 scanned/s)
2026-07-22 20:28:37,076 build_rag_index INFO scanned=29978 kept=5600 passages=21313 elapsed=3960s (7.6 scanned/s)
2026-07-22 20:29:54,333 build_rag_index INFO scanned=31041 kept=5800 passages=21795 elapsed=4037s (7.7 scanned/s)
2026-07-22 20:31:15,219 build_rag_index INFO scanned=32044 kept=6000 passages=22330 elapsed=4118s (7.8 scanned/s)
2026-07-22 20:32:40,597 build_rag_index INFO scanned=33100 kept=6200 passages=22854 elapsed=4203s (7.9 scanned/s)
2026-07-22 20:34:12,643 build_rag_index INFO scanned=34200 kept=6400 passages=23449 elapsed=4295s (8.0 scanned/s)
2026-07-22 20:35:29,033 build_rag_index INFO scanned=35274 kept=6600 passages=23936 elapsed=4372s (8.1 scanned/s)
2026-07-22 20:36:53,938 build_rag_index INFO scanned=36049 kept=6800 passages=24463 elapsed=4457s (8.1 scanned/s)
2026-07-22 20:38:14,893 build_rag_index INFO scanned=36950 kept=7000 passages=24973 elapsed=4538s (8.1 scanned/s)
2026-07-22 20:39:25,863 build_rag_index INFO scanned=37821 kept=7200 passages=25421 elapsed=4609s (8.2 scanned/s)
2026-07-22 20:40:37,079 build_rag_index INFO scanned=38796 kept=7400 passages=25853 elapsed=4680s (8.3 scanned/s)
2026-07-22 20:42:09,419 build_rag_index INFO scanned=39691 kept=7600 passages=26424 elapsed=4772s (8.3 scanned/s)
2026-07-22 20:43:34,851 build_rag_index INFO scanned=40780 kept=7800 passages=26927 elapsed=4858s (8.4 scanned/s)
2026-07-22 20:45:04,152 build_rag_index INFO scanned=41949 kept=8000 passages=27489 elapsed=4947s (8.5 scanned/s)
2026-07-22 20:46:21,525 build_rag_index INFO scanned=42996 kept=8200 passages=28010 elapsed=5024s (8.6 scanned/s)
2026-07-22 20:47:52,115 build_rag_index INFO scanned=44032 kept=8400 passages=28597 elapsed=5115s (8.6 scanned/s)
2026-07-22 20:49:12,770 build_rag_index INFO scanned=45111 kept=8600 passages=29093 elapsed=5195s (8.7 scanned/s)
2026-07-22 20:50:45,632 build_rag_index INFO scanned=46196 kept=8800 passages=29671 elapsed=5288s (8.7 scanned/s)
2026-07-22 20:52:00,756 build_rag_index INFO scanned=47341 kept=9000 passages=30171 elapsed=5363s (8.8 scanned/s)
2026-07-22 20:53:36,050 build_rag_index INFO scanned=48415 kept=9200 passages=30773 elapsed=5459s (8.9 scanned/s)
2026-07-22 20:55:31,384 build_rag_index INFO scanned=49370 kept=9400 passages=31469 elapsed=5574s (8.9 scanned/s)
2026-07-22 20:56:50,059 build_rag_index INFO scanned=50369 kept=9600 passages=31952 elapsed=5653s (8.9 scanned/s)
2026-07-22 20:58:13,973 build_rag_index INFO scanned=51288 kept=9800 passages=32488 elapsed=5737s (8.9 scanned/s)
2026-07-22 20:59:52,048 build_rag_index INFO scanned=52435 kept=10000 passages=33074 elapsed=5835s (9.0 scanned/s)
2026-07-22 21:01:18,702 build_rag_index INFO scanned=53419 kept=10200 passages=33576 elapsed=5921s (9.0 scanned/s)
2026-07-22 21:02:45,266 build_rag_index INFO scanned=54580 kept=10400 passages=34114 elapsed=6008s (9.1 scanned/s)
2026-07-22 21:03:56,665 build_rag_index INFO scanned=55507 kept=10600 passages=34578 elapsed=6079s (9.1 scanned/s)
2026-07-22 21:05:19,522 build_rag_index INFO scanned=56622 kept=10800 passages=35082 elapsed=6162s (9.2 scanned/s)
2026-07-22 21:06:37,596 build_rag_index INFO scanned=57613 kept=11000 passages=35561 elapsed=6240s (9.2 scanned/s)
2026-07-22 21:07:54,697 build_rag_index INFO scanned=58671 kept=11200 passages=36042 elapsed=6317s (9.3 scanned/s)
2026-07-22 21:09:14,739 build_rag_index INFO scanned=59668 kept=11400 passages=36535 elapsed=6397s (9.3 scanned/s)
2026-07-22 21:10:28,167 build_rag_index INFO scanned=60731 kept=11600 passages=36985 elapsed=6471s (9.4 scanned/s)
2026-07-22 21:11:49,760 build_rag_index INFO scanned=61814 kept=11800 passages=37496 elapsed=6552s (9.4 scanned/s)
2026-07-22 21:13:22,765 build_rag_index INFO scanned=62813 kept=12000 passages=38066 elapsed=6645s (9.5 scanned/s)
2026-07-22 21:14:52,192 build_rag_index INFO scanned=63879 kept=12200 passages=38621 elapsed=6735s (9.5 scanned/s)
2026-07-22 21:16:08,225 build_rag_index INFO scanned=65080 kept=12400 passages=39088 elapsed=6811s (9.6 scanned/s)
2026-07-22 21:17:08,984 build_rag_index INFO scanned=66218 kept=12600 passages=39596 elapsed=6872s (9.6 scanned/s)
2026-07-22 21:18:04,979 build_rag_index INFO scanned=67426 kept=12800 passages=40061 elapsed=6928s (9.7 scanned/s)
2026-07-22 21:19:14,708 build_rag_index INFO scanned=68609 kept=13000 passages=40584 elapsed=6997s (9.8 scanned/s)
2026-07-22 21:20:18,896 build_rag_index INFO scanned=69559 kept=13200 passages=41070 elapsed=7062s (9.9 scanned/s)
2026-07-22 21:21:29,968 build_rag_index INFO scanned=70786 kept=13400 passages=41593 elapsed=7133s (9.9 scanned/s)
2026-07-22 21:22:46,496 build_rag_index INFO scanned=71724 kept=13600 passages=42162 elapsed=7209s (9.9 scanned/s)
2026-07-22 21:23:53,502 build_rag_index INFO scanned=72767 kept=13800 passages=42678 elapsed=7276s (10.0 scanned/s)
2026-07-22 21:24:55,794 build_rag_index INFO scanned=73792 kept=14000 passages=43154 elapsed=7339s (10.1 scanned/s)
2026-07-22 21:26:27,522 build_rag_index INFO scanned=74749 kept=14200 passages=43781 elapsed=7430s (10.1 scanned/s)
2026-07-22 21:27:49,027 build_rag_index INFO scanned=75900 kept=14400 passages=44268 elapsed=7512s (10.1 scanned/s)
2026-07-22 21:29:18,248 build_rag_index INFO scanned=77062 kept=14600 passages=44799 elapsed=7601s (10.1 scanned/s)
2026-07-22 21:30:49,315 build_rag_index INFO scanned=78061 kept=14800 passages=45322 elapsed=7692s (10.1 scanned/s)
2026-07-22 21:32:18,891 build_rag_index INFO scanned=79131 kept=15000 passages=45817 elapsed=7782s (10.2 scanned/s)
2026-07-22 21:34:03,693 build_rag_index INFO scanned=80190 kept=15200 passages=46398 elapsed=7886s (10.2 scanned/s)
2026-07-22 21:35:41,493 build_rag_index INFO scanned=81347 kept=15400 passages=46912 elapsed=7984s (10.2 scanned/s)
2026-07-22 21:37:24,276 build_rag_index INFO scanned=82289 kept=15600 passages=47500 elapsed=8087s (10.2 scanned/s)
2026-07-22 21:39:01,449 build_rag_index INFO scanned=83410 kept=15800 passages=48045 elapsed=8184s (10.2 scanned/s)
2026-07-22 21:40:37,359 build_rag_index INFO scanned=84492 kept=16000 passages=48572 elapsed=8280s (10.2 scanned/s)
2026-07-22 21:42:01,591 build_rag_index INFO scanned=85752 kept=16200 passages=49046 elapsed=8364s (10.3 scanned/s)
2026-07-22 21:43:33,655 build_rag_index INFO scanned=87018 kept=16400 passages=49520 elapsed=8456s (10.3 scanned/s)
2026-07-22 21:45:17,524 build_rag_index INFO scanned=88243 kept=16600 passages=50066 elapsed=8560s (10.3 scanned/s)
2026-07-22 21:46:59,409 build_rag_index INFO scanned=89419 kept=16800 passages=50618 elapsed=8662s (10.3 scanned/s)
2026-07-22 21:48:18,592 build_rag_index INFO scanned=90501 kept=17000 passages=51092 elapsed=8741s (10.4 scanned/s)
2026-07-22 21:49:36,622 build_rag_index INFO scanned=91568 kept=17200 passages=51621 elapsed=8819s (10.4 scanned/s)
2026-07-22 21:50:50,659 build_rag_index INFO scanned=92649 kept=17400 passages=52136 elapsed=8893s (10.4 scanned/s)
2026-07-22 21:52:12,759 build_rag_index INFO scanned=93906 kept=17600 passages=52707 elapsed=8975s (10.5 scanned/s)
2026-07-22 21:53:28,027 build_rag_index INFO scanned=95118 kept=17800 passages=53209 elapsed=9051s (10.5 scanned/s)
2026-07-22 21:54:50,875 build_rag_index INFO scanned=96263 kept=18000 passages=53800 elapsed=9134s (10.5 scanned/s)
2026-07-22 21:56:05,331 build_rag_index INFO scanned=97549 kept=18200 passages=54318 elapsed=9208s (10.6 scanned/s)
2026-07-22 21:57:28,577 build_rag_index INFO scanned=98744 kept=18400 passages=54838 elapsed=9291s (10.6 scanned/s)
2026-07-22 21:58:57,289 build_rag_index INFO scanned=99801 kept=18600 passages=55357 elapsed=9380s (10.6 scanned/s)
2026-07-22 22:00:26,409 build_rag_index INFO scanned=100938 kept=18800 passages=55818 elapsed=9469s (10.7 scanned/s)
2026-07-22 22:02:05,707 build_rag_index INFO scanned=102169 kept=19000 passages=56311 elapsed=9568s (10.7 scanned/s)
2026-07-22 22:03:41,059 build_rag_index INFO scanned=103158 kept=19200 passages=56795 elapsed=9664s (10.7 scanned/s)
2026-07-22 22:05:20,543 build_rag_index INFO scanned=104164 kept=19400 passages=57278 elapsed=9763s (10.7 scanned/s)
2026-07-22 22:07:01,681 build_rag_index INFO scanned=105265 kept=19600 passages=57800 elapsed=9864s (10.7 scanned/s)
2026-07-22 22:08:30,359 build_rag_index INFO scanned=106363 kept=19800 passages=58344 elapsed=9953s (10.7 scanned/s)
2026-07-22 22:09:50,411 build_rag_index INFO scanned=107345 kept=20000 passages=58898 elapsed=10033s (10.7 scanned/s)
2026-07-22 22:11:07,889 build_rag_index INFO scanned=108263 kept=20200 passages=59451 elapsed=10111s (10.7 scanned/s)
2026-07-22 22:12:35,338 build_rag_index INFO scanned=109280 kept=20400 passages=59958 elapsed=10198s (10.7 scanned/s)
2026-07-22 22:14:02,859 build_rag_index INFO scanned=110219 kept=20600 passages=60488 elapsed=10286s (10.7 scanned/s)
2026-07-22 22:15:22,915 build_rag_index INFO scanned=111296 kept=20800 passages=60954 elapsed=10366s (10.7 scanned/s)
2026-07-22 22:16:59,130 build_rag_index INFO scanned=112446 kept=21000 passages=61501 elapsed=10462s (10.7 scanned/s)
2026-07-22 22:18:41,177 build_rag_index INFO scanned=113516 kept=21200 passages=62085 elapsed=10564s (10.7 scanned/s)
2026-07-22 22:19:54,294 build_rag_index INFO scanned=114653 kept=21400 passages=62533 elapsed=10637s (10.8 scanned/s)
2026-07-22 22:21:39,563 build_rag_index INFO scanned=115748 kept=21600 passages=63136 elapsed=10742s (10.8 scanned/s)
2026-07-22 22:23:22,766 build_rag_index INFO scanned=116960 kept=21800 passages=63719 elapsed=10845s (10.8 scanned/s)
2026-07-22 22:24:42,627 build_rag_index INFO scanned=117896 kept=22000 passages=64164 elapsed=10925s (10.8 scanned/s)
2026-07-22 22:47:12,156 build_rag_index INFO scanned=118963 kept=22200 passages=64696 elapsed=12275s (9.7 scanned/s)
2026-07-22 22:48:06,283 build_rag_index INFO scanned=120015 kept=22400 passages=65141 elapsed=12329s (9.7 scanned/s)
2026-07-22 22:49:11,886 build_rag_index INFO scanned=120990 kept=22600 passages=65662 elapsed=12395s (9.8 scanned/s)
2026-07-22 22:50:18,220 build_rag_index INFO scanned=122299 kept=22800 passages=66122 elapsed=12461s (9.8 scanned/s)
2026-07-22 22:51:38,493 build_rag_index INFO scanned=123406 kept=23000 passages=66626 elapsed=12541s (9.8 scanned/s)
2026-07-22 22:53:17,751 build_rag_index INFO scanned=124560 kept=23200 passages=67154 elapsed=12640s (9.9 scanned/s)
2026-07-22 22:54:49,031 build_rag_index INFO scanned=125752 kept=23400 passages=67640 elapsed=12732s (9.9 scanned/s)
2026-07-22 22:56:17,668 build_rag_index INFO scanned=126736 kept=23600 passages=68152 elapsed=12820s (9.9 scanned/s)
2026-07-22 22:57:55,434 build_rag_index INFO scanned=127807 kept=23800 passages=68635 elapsed=12918s (9.9 scanned/s)
2026-07-22 22:59:23,876 build_rag_index INFO scanned=128894 kept=24000 passages=69087 elapsed=13007s (9.9 scanned/s)
2026-07-22 23:01:28,843 build_rag_index INFO scanned=130044 kept=24200 passages=69721 elapsed=13132s (9.9 scanned/s)
2026-07-22 23:03:03,723 build_rag_index INFO scanned=131172 kept=24400 passages=70219 elapsed=13226s (9.9 scanned/s)
2026-07-22 23:04:23,912 build_rag_index INFO scanned=132218 kept=24600 passages=70656 elapsed=13307s (9.9 scanned/s)
2026-07-22 23:06:06,077 build_rag_index INFO scanned=133105 kept=24800 passages=71200 elapsed=13409s (9.9 scanned/s)
2026-07-22 23:07:39,480 build_rag_index INFO scanned=134096 kept=25000 passages=71695 elapsed=13502s (9.9 scanned/s)
2026-07-22 23:09:27,467 build_rag_index INFO scanned=135163 kept=25200 passages=72241 elapsed=13610s (9.9 scanned/s)
2026-07-22 23:14:00,254 build_rag_index INFO scanned=136197 kept=25400 passages=72766 elapsed=13883s (9.8 scanned/s)
2026-07-22 23:15:04,344 build_rag_index INFO scanned=137222 kept=25600 passages=73238 elapsed=13947s (9.8 scanned/s)
2026-07-22 23:16:43,662 build_rag_index INFO scanned=137908 kept=25800 passages=73916 elapsed=14046s (9.8 scanned/s)
2026-07-22 23:17:45,235 build_rag_index INFO scanned=138993 kept=26000 passages=74389 elapsed=14108s (9.9 scanned/s)
2026-07-22 23:18:48,361 build_rag_index INFO scanned=140191 kept=26200 passages=74866 elapsed=14171s (9.9 scanned/s)
2026-07-22 23:20:19,457 build_rag_index INFO scanned=141262 kept=26400 passages=75405 elapsed=14262s (9.9 scanned/s)
2026-07-22 23:21:42,364 build_rag_index INFO scanned=142286 kept=26600 passages=75900 elapsed=14345s (9.9 scanned/s)
2026-07-22 23:22:59,916 build_rag_index INFO scanned=143393 kept=26800 passages=76365 elapsed=14423s (9.9 scanned/s)
2026-07-22 23:24:22,394 build_rag_index INFO scanned=144373 kept=27000 passages=76871 elapsed=14505s (10.0 scanned/s)
2026-07-22 23:25:46,659 build_rag_index INFO scanned=145403 kept=27200 passages=77368 elapsed=14589s (10.0 scanned/s)
2026-07-22 23:27:18,303 build_rag_index INFO scanned=146357 kept=27400 passages=77890 elapsed=14681s (10.0 scanned/s)
2026-07-22 23:28:36,139 build_rag_index INFO scanned=147416 kept=27600 passages=78358 elapsed=14759s (10.0 scanned/s)
2026-07-22 23:30:12,787 build_rag_index INFO scanned=148288 kept=27800 passages=78899 elapsed=14856s (10.0 scanned/s)
2026-07-22 23:31:40,816 build_rag_index INFO scanned=149256 kept=28000 passages=79382 elapsed=14944s (10.0 scanned/s)
2026-07-22 23:33:10,802 build_rag_index INFO scanned=150497 kept=28200 passages=79887 elapsed=15034s (10.0 scanned/s)
2026-07-22 23:34:51,112 build_rag_index INFO scanned=151515 kept=28400 passages=80467 elapsed=15134s (10.0 scanned/s)
2026-07-22 23:36:02,163 build_rag_index INFO scanned=152526 kept=28600 passages=80906 elapsed=15205s (10.0 scanned/s)
2026-07-22 23:37:35,451 build_rag_index INFO scanned=153796 kept=28800 passages=81419 elapsed=15298s (10.1 scanned/s)
2026-07-22 23:38:43,462 build_rag_index INFO scanned=154798 kept=29000 passages=81825 elapsed=15366s (10.1 scanned/s)
2026-07-22 23:40:01,955 build_rag_index INFO scanned=155861 kept=29200 passages=82318 elapsed=15445s (10.1 scanned/s)
2026-07-22 23:40:32,465 httpx INFO HTTP Request: GET https://huggingface.co/datasets/wikimedia/wikipedia/resolve/b04c8d1ceb2f5cd4588862100d08de323dccfbaa/20231101.en/train-00001-of-00041.parquet "HTTP/1.1 302 Found"
2026-07-22 23:40:32,987 httpx INFO HTTP Request: GET https://us.aws.cdn.hf.co/xet-bridge-us/621ffdd236468d709f184284/f4345e50be6f76617c942b00c2a92fc21e5bff4259901ff39b45c64e5d38b712?user_id=public&X-Xet-Cas-Uid=public&response-content-disposition=inline%3B+filename*%3DUTF-8%27%27train-00001-of-00041.parquet%3B+filename%3D%22train-00001-of-00041.parquet%22%3B&Expires=1784738433&Policy=eyJTdGF0ZW1lbnQiOlt7IlJlc291cmNlIjoiaHR0cHM6Ly91cy5hd3MuY2RuLmhmLmNvL3hldC1icmlkZ2UtdXMvNjIxZmZkZDIzNjQ2OGQ3MDlmMTg0Mjg0L2Y0MzQ1ZTUwYmU2Zjc2NjE3Yzk0MmIwMGMyYTkyZmMyMWU1YmZmNDI1OTkwMWZmMzliNDVjNjRlNWQzOGI3MTJcXD91c2VyX2lkPXB1YmxpYyZYLVhldC1DYXMtVWlkPXB1YmxpYyZyZXNwb25zZS1jb250ZW50LWRpc3Bvc2l0aW9uPWlubGluZSUzQitmaWxlbmFtZSUyQSUzRFVURi04JTI3JTI3dHJhaW4tMDAwMDEtb2YtMDAwNDEucGFycXVldCUzQitmaWxlbmFtZSUzRCUyMnRyYWluLTAwMDAxLW9mLTAwMDQxLnBhcnF1ZXQlMjIlM0IiLCJDb25kaXRpb24iOnsiRGF0ZUxlc3NUaGFuIjp7IkVwb2NoVGltZSI6MTc4NDczODQzM30sIkJ5dGVSYW5nZSI6eyJFeHBlY3RlZEhlYWRlciI6ImJ5dGVzPTM1MTM4MjgzMS0zNTE0NDgzNjYifX19XX0_&Signature=MEUCIQC2wD4pFZ4m5GecqZhM0RGt%7EZaFWLMT%7ECCh34t6NxqXwQIgLjW2bUIO04-LjabiItdM1%7EVUD44UGjFYpNI6SIB33tQ_&Key-Pair-Id=01KXEF4KZ1B6FV465MAWR4M21F "HTTP/1.1 206 Partial Content"
2026-07-22 23:40:33,551 httpx INFO HTTP Request: GET https://huggingface.co/datasets/wikimedia/wikipedia/resolve/b04c8d1ceb2f5cd4588862100d08de323dccfbaa/20231101.en/train-00001-of-00041.parquet "HTTP/1.1 302 Found"
2026-07-22 23:40:34,004 httpx INFO HTTP Request: GET https://us.aws.cdn.hf.co/xet-bridge-us/621ffdd236468d709f184284/f4345e50be6f76617c942b00c2a92fc21e5bff4259901ff39b45c64e5d38b712?user_id=public&X-Xet-Cas-Uid=public&response-content-disposition=inline%3B+filename*%3DUTF-8%27%27train-00001-of-00041.parquet%3B+filename%3D%22train-00001-of-00041.parquet%22%3B&Expires=1784738434&Policy=eyJTdGF0ZW1lbnQiOlt7IlJlc291cmNlIjoiaHR0cHM6Ly91cy5hd3MuY2RuLmhmLmNvL3hldC1icmlkZ2UtdXMvNjIxZmZkZDIzNjQ2OGQ3MDlmMTg0Mjg0L2Y0MzQ1ZTUwYmU2Zjc2NjE3Yzk0MmIwMGMyYTkyZmMyMWU1YmZmNDI1OTkwMWZmMzliNDVjNjRlNWQzOGI3MTJcXD91c2VyX2lkPXB1YmxpYyZYLVhldC1DYXMtVWlkPXB1YmxpYyZyZXNwb25zZS1jb250ZW50LWRpc3Bvc2l0aW9uPWlubGluZSUzQitmaWxlbmFtZSUyQSUzRFVURi04JTI3JTI3dHJhaW4tMDAwMDEtb2YtMDAwNDEucGFycXVldCUzQitmaWxlbmFtZSUzRCUyMnRyYWluLTAwMDAxLW9mLTAwMDQxLnBhcnF1ZXQlMjIlM0IiLCJDb25kaXRpb24iOnsiRGF0ZUxlc3NUaGFuIjp7IkVwb2NoVGltZSI6MTc4NDczODQzNH0sIkJ5dGVSYW5nZSI6eyJFeHBlY3RlZEhlYWRlciI6ImJ5dGVzPTM1MTAxNDI3NC0zNTE0NDgzNjYifX19XX0_&Signature=MEQCIAKz3qQRBViCOzkZjOjUoDJzN9WV-0lxoahkmP%7Ep9zUbAiAKiv4hjIp3utdizcC%7EBjqFPQ5MoDI4jESpFAVsZZAJ2w__&Key-Pair-Id=01KXEF4KZ1B6FV465MAWR4M21F "HTTP/1.1 206 Partial Content"
2026-07-22 23:40:34,634 httpx INFO HTTP Request: GET https://huggingface.co/datasets/wikimedia/wikipedia/resolve/b04c8d1ceb2f5cd4588862100d08de323dccfbaa/20231101.en/train-00001-of-00041.parquet "HTTP/1.1 302 Found"
2026-07-22 23:40:35,118 httpx INFO HTTP Request: GET https://us.aws.cdn.hf.co/xet-bridge-us/621ffdd236468d709f184284/f4345e50be6f76617c942b00c2a92fc21e5bff4259901ff39b45c64e5d38b712?X-Xet-Cas-Uid=public&user_id=public&response-content-disposition=inline%3B+filename*%3DUTF-8%27%27train-00001-of-00041.parquet%3B+filename%3D%22train-00001-of-00041.parquet%22%3B&Expires=1784738435&Policy=eyJTdGF0ZW1lbnQiOlt7IlJlc291cmNlIjoiaHR0cHM6Ly91cy5hd3MuY2RuLmhmLmNvL3hldC1icmlkZ2UtdXMvNjIxZmZkZDIzNjQ2OGQ3MDlmMTg0Mjg0L2Y0MzQ1ZTUwYmU2Zjc2NjE3Yzk0MmIwMGMyYTkyZmMyMWU1YmZmNDI1OTkwMWZmMzliNDVjNjRlNWQzOGI3MTJcXD9YLVhldC1DYXMtVWlkPXB1YmxpYyZ1c2VyX2lkPXB1YmxpYyZyZXNwb25zZS1jb250ZW50LWRpc3Bvc2l0aW9uPWlubGluZSUzQitmaWxlbmFtZSUyQSUzRFVURi04JTI3JTI3dHJhaW4tMDAwMDEtb2YtMDAwNDEucGFycXVldCUzQitmaWxlbmFtZSUzRCUyMnRyYWluLTAwMDAxLW9mLTAwMDQxLnBhcnF1ZXQlMjIlM0IiLCJDb25kaXRpb24iOnsiRGF0ZUxlc3NUaGFuIjp7IkVwb2NoVGltZSI6MTc4NDczODQzNX0sIkJ5dGVSYW5nZSI6eyJFeHBlY3RlZEhlYWRlciI6ImJ5dGVzPTQtMzgyNzM2OTMifX19XX0_&Signature=MEYCIQDMR8Lw060uYu%7EKZMj2boQES2V5ouRgNVl%7EtTa1FE7M8gIhAJQLsRdQrUEh2C1u8v8qftnGgR4AKpjqMxWq0mXQI6aE&Key-Pair-Id=01KXEF4KZ1B6FV465MAWR4M21F "HTTP/1.1 206 Partial Content"
2026-07-22 23:40:49,332 httpx INFO HTTP Request: GET https://huggingface.co/datasets/wikimedia/wikipedia/resolve/b04c8d1ceb2f5cd4588862100d08de323dccfbaa/20231101.en/train-00001-of-00041.parquet "HTTP/1.1 302 Found"
2026-07-22 23:40:49,860 httpx INFO HTTP Request: GET https://us.aws.cdn.hf.co/xet-bridge-us/621ffdd236468d709f184284/f4345e50be6f76617c942b00c2a92fc21e5bff4259901ff39b45c64e5d38b712?user_id=public&X-Xet-Cas-Uid=public&response-content-disposition=inline%3B+filename*%3DUTF-8%27%27train-00001-of-00041.parquet%3B+filename%3D%22train-00001-of-00041.parquet%22%3B&Expires=1784738449&Policy=eyJTdGF0ZW1lbnQiOlt7IlJlc291cmNlIjoiaHR0cHM6Ly91cy5hd3MuY2RuLmhmLmNvL3hldC1icmlkZ2UtdXMvNjIxZmZkZDIzNjQ2OGQ3MDlmMTg0Mjg0L2Y0MzQ1ZTUwYmU2Zjc2NjE3Yzk0MmIwMGMyYTkyZmMyMWU1YmZmNDI1OTkwMWZmMzliNDVjNjRlNWQzOGI3MTJcXD91c2VyX2lkPXB1YmxpYyZYLVhldC1DYXMtVWlkPXB1YmxpYyZyZXNwb25zZS1jb250ZW50LWRpc3Bvc2l0aW9uPWlubGluZSUzQitmaWxlbmFtZSUyQSUzRFVURi04JTI3JTI3dHJhaW4tMDAwMDEtb2YtMDAwNDEucGFycXVldCUzQitmaWxlbmFtZSUzRCUyMnRyYWluLTAwMDAxLW9mLTAwMDQxLnBhcnF1ZXQlMjIlM0IiLCJDb25kaXRpb24iOnsiRGF0ZUxlc3NUaGFuIjp7IkVwb2NoVGltZSI6MTc4NDczODQ0OX0sIkJ5dGVSYW5nZSI6eyJFeHBlY3RlZEhlYWRlciI6ImJ5dGVzPTM4MjczNjk0LTcxNTcwMzIyIn19fV19&Signature=MEUCIDUVkKf8NvyGryjJ3YuX-G5P5zQkVdc1SKhm26PR7nepAiEAgRN%7EmAlusQnMhkYFCHcamkIvOXgHYi2-cO55OmhElnk_&Key-Pair-Id=01KXEF4KZ1B6FV465MAWR4M21F "HTTP/1.1 206 Partial Content"
2026-07-22 23:41:01,666 httpx INFO HTTP Request: GET https://huggingface.co/datasets/wikimedia/wikipedia/resolve/b04c8d1ceb2f5cd4588862100d08de323dccfbaa/20231101.en/train-00001-of-00041.parquet "HTTP/1.1 302 Found"
2026-07-22 23:41:02,185 httpx INFO HTTP Request: GET https://us.aws.cdn.hf.co/xet-bridge-us/621ffdd236468d709f184284/f4345e50be6f76617c942b00c2a92fc21e5bff4259901ff39b45c64e5d38b712?response-content-disposition=inline%3B+filename*%3DUTF-8%27%27train-00001-of-00041.parquet%3B+filename%3D%22train-00001-of-00041.parquet%22%3B&user_id=public&X-Xet-Cas-Uid=public&Expires=1784738462&Policy=eyJTdGF0ZW1lbnQiOlt7IlJlc291cmNlIjoiaHR0cHM6Ly91cy5hd3MuY2RuLmhmLmNvL3hldC1icmlkZ2UtdXMvNjIxZmZkZDIzNjQ2OGQ3MDlmMTg0Mjg0L2Y0MzQ1ZTUwYmU2Zjc2NjE3Yzk0MmIwMGMyYTkyZmMyMWU1YmZmNDI1OTkwMWZmMzliNDVjNjRlNWQzOGI3MTJcXD9yZXNwb25zZS1jb250ZW50LWRpc3Bvc2l0aW9uPWlubGluZSUzQitmaWxlbmFtZSUyQSUzRFVURi04JTI3JTI3dHJhaW4tMDAwMDEtb2YtMDAwNDEucGFycXVldCUzQitmaWxlbmFtZSUzRCUyMnRyYWluLTAwMDAxLW9mLTAwMDQxLnBhcnF1ZXQlMjIlM0ImdXNlcl9pZD1wdWJsaWMmWC1YZXQtQ2FzLVVpZD1wdWJsaWMiLCJDb25kaXRpb24iOnsiRGF0ZUxlc3NUaGFuIjp7IkVwb2NoVGltZSI6MTc4NDczODQ2Mn0sIkJ5dGVSYW5nZSI6eyJFeHBlY3RlZEhlYWRlciI6ImJ5dGVzPTcxNTcwMzIzLTEwMzI1NDA4MSJ9fX1dfQ__&Signature=MEQCIAMGWFbHEKgkGbcuO5LSkGrgraGeIwsfA-e67kWZLmQWAiA1OjPMGLv4gSaiXyAAlsvrfDZ9BOC-9zqiTEdO591peg__&Key-Pair-Id=01KXEF4KZ1B6FV465MAWR4M21F "HTTP/1.1 206 Partial Content"
2026-07-22 23:41:12,840 httpx INFO HTTP Request: GET https://huggingface.co/datasets/wikimedia/wikipedia/resolve/b04c8d1ceb2f5cd4588862100d08de323dccfbaa/20231101.en/train-00001-of-00041.parquet "HTTP/1.1 302 Found"
2026-07-22 23:41:13,333 httpx INFO HTTP Request: GET https://us.aws.cdn.hf.co/xet-bridge-us/621ffdd236468d709f184284/f4345e50be6f76617c942b00c2a92fc21e5bff4259901ff39b45c64e5d38b712?X-Xet-Cas-Uid=public&user_id=public&response-content-disposition=inline%3B+filename*%3DUTF-8%27%27train-00001-of-00041.parquet%3B+filename%3D%22train-00001-of-00041.parquet%22%3B&Expires=1784738473&Policy=eyJTdGF0ZW1lbnQiOlt7IlJlc291cmNlIjoiaHR0cHM6Ly91cy5hd3MuY2RuLmhmLmNvL3hldC1icmlkZ2UtdXMvNjIxZmZkZDIzNjQ2OGQ3MDlmMTg0Mjg0L2Y0MzQ1ZTUwYmU2Zjc2NjE3Yzk0MmIwMGMyYTkyZmMyMWU1YmZmNDI1OTkwMWZmMzliNDVjNjRlNWQzOGI3MTJcXD9YLVhldC1DYXMtVWlkPXB1YmxpYyZ1c2VyX2lkPXB1YmxpYyZyZXNwb25zZS1jb250ZW50LWRpc3Bvc2l0aW9uPWlubGluZSUzQitmaWxlbmFtZSUyQSUzRFVURi04JTI3JTI3dHJhaW4tMDAwMDEtb2YtMDAwNDEucGFycXVldCUzQitmaWxlbmFtZSUzRCUyMnRyYWluLTAwMDAxLW9mLTAwMDQxLnBhcnF1ZXQlMjIlM0IiLCJDb25kaXRpb24iOnsiRGF0ZUxlc3NUaGFuIjp7IkVwb2NoVGltZSI6MTc4NDczODQ3M30sIkJ5dGVSYW5nZSI6eyJFeHBlY3RlZEhlYWRlciI6ImJ5dGVzPTEwMzI1NDA4Mi0xMzU1NzA5NTMifX19XX0_&Signature=MEQCH1A2Un2L4mT17uH0IML77ELdtYpjKFnv1jeklA8ghB8CIQClADnYGUmmiC01DifbNyyTZv%7EwGy1DdiHizBYcTk-BdA__&Key-Pair-Id=01KXEF4KZ1B6FV465MAWR4M21F "HTTP/1.1 206 Partial Content"
2026-07-22 23:41:17,893 build_rag_index INFO scanned=156636 kept=29400 passages=82699 elapsed=15521s (10.1 scanned/s)
2026-07-22 23:41:26,686 httpx INFO HTTP Request: GET https://huggingface.co/datasets/wikimedia/wikipedia/resolve/b04c8d1ceb2f5cd4588862100d08de323dccfbaa/20231101.en/train-00001-of-00041.parquet "HTTP/1.1 302 Found"
2026-07-22 23:41:27,288 httpx INFO HTTP Request: GET https://us.aws.cdn.hf.co/xet-bridge-us/621ffdd236468d709f184284/f4345e50be6f76617c942b00c2a92fc21e5bff4259901ff39b45c64e5d38b712?user_id=public&response-content-disposition=inline%3B+filename*%3DUTF-8%27%27train-00001-of-00041.parquet%3B+filename%3D%22train-00001-of-00041.parquet%22%3B&X-Xet-Cas-Uid=public&Expires=1784738487&Policy=eyJTdGF0ZW1lbnQiOlt7IlJlc291cmNlIjoiaHR0cHM6Ly91cy5hd3MuY2RuLmhmLmNvL3hldC1icmlkZ2UtdXMvNjIxZmZkZDIzNjQ2OGQ3MDlmMTg0Mjg0L2Y0MzQ1ZTUwYmU2Zjc2NjE3Yzk0MmIwMGMyYTkyZmMyMWU1YmZmNDI1OTkwMWZmMzliNDVjNjRlNWQzOGI3MTJcXD91c2VyX2lkPXB1YmxpYyZyZXNwb25zZS1jb250ZW50LWRpc3Bvc2l0aW9uPWlubGluZSUzQitmaWxlbmFtZSUyQSUzRFVURi04JTI3JTI3dHJhaW4tMDAwMDEtb2YtMDAwNDEucGFycXVldCUzQitmaWxlbmFtZSUzRCUyMnRyYWluLTAwMDAxLW9mLTAwMDQxLnBhcnF1ZXQlMjIlM0ImWC1YZXQtQ2FzLVVpZD1wdWJsaWMiLCJDb25kaXRpb24iOnsiRGF0ZUxlc3NUaGFuIjp7IkVwb2NoVGltZSI6MTc4NDczODQ4N30sIkJ5dGVSYW5nZSI6eyJFeHBlY3RlZEhlYWRlciI6ImJ5dGVzPTEzNTU3MDk1NC0xNjg3OTk3NDgifX19XX0_&Signature=MEYCIQCcfIE6bpzn8LU-6BmxxmADJ3yzwrxpqe4O8BWHo9krXAIhAMo6ueY0KMfAclB928j%7EebUfx7uk%7ExtG3Osv1soWvhyw&Key-Pair-Id=01KXEF4KZ1B6FV465MAWR4M21F "HTTP/1.1 206 Partial Content"
2026-07-22 23:41:37,212 httpx INFO HTTP Request: GET https://huggingface.co/datasets/wikimedia/wikipedia/resolve/b04c8d1ceb2f5cd4588862100d08de323dccfbaa/20231101.en/train-00001-of-00041.parquet "HTTP/1.1 302 Found"
2026-07-22 23:41:37,872 httpx INFO HTTP Request: GET https://us.aws.cdn.hf.co/xet-bridge-us/621ffdd236468d709f184284/f4345e50be6f76617c942b00c2a92fc21e5bff4259901ff39b45c64e5d38b712?response-content-disposition=inline%3B+filename*%3DUTF-8%27%27train-00001-of-00041.parquet%3B+filename%3D%22train-00001-of-00041.parquet%22%3B&X-Xet-Cas-Uid=public&user_id=public&Expires=1784738497&Policy=eyJTdGF0ZW1lbnQiOlt7IlJlc291cmNlIjoiaHR0cHM6Ly91cy5hd3MuY2RuLmhmLmNvL3hldC1icmlkZ2UtdXMvNjIxZmZkZDIzNjQ2OGQ3MDlmMTg0Mjg0L2Y0MzQ1ZTUwYmU2Zjc2NjE3Yzk0MmIwMGMyYTkyZmMyMWU1YmZmNDI1OTkwMWZmMzliNDVjNjRlNWQzOGI3MTJcXD9yZXNwb25zZS1jb250ZW50LWRpc3Bvc2l0aW9uPWlubGluZSUzQitmaWxlbmFtZSUyQSUzRFVURi04JTI3JTI3dHJhaW4tMDAwMDEtb2YtMDAwNDEucGFycXVldCUzQitmaWxlbmFtZSUzRCUyMnRyYWluLTAwMDAxLW9mLTAwMDQxLnBhcnF1ZXQlMjIlM0ImWC1YZXQtQ2FzLVVpZD1wdWJsaWMmdXNlcl9pZD1wdWJsaWMiLCJDb25kaXRpb24iOnsiRGF0ZUxlc3NUaGFuIjp7IkVwb2NoVGltZSI6MTc4NDczODQ5N30sIkJ5dGVSYW5nZSI6eyJFeHBlY3RlZEhlYWRlciI6ImJ5dGVzPTE2ODc5OTc0OS0yMDA3ODY4OTYifX19XX0_&Signature=MEUCIQCn5bvSfErM1EawxsipMZmmDZHeYMAPeSH1QqTaO2T8lgIgXLCWOdNamlObcrMViwz7eZF3Vb0tEQiFA3wEd2QdSDE_&Key-Pair-Id=01KXEF4KZ1B6FV465MAWR4M21F "HTTP/1.1 206 Partial Content"
2026-07-22 23:41:47,433 httpx INFO HTTP Request: GET https://huggingface.co/datasets/wikimedia/wikipedia/resolve/b04c8d1ceb2f5cd4588862100d08de323dccfbaa/20231101.en/train-00001-of-00041.parquet "HTTP/1.1 302 Found"
2026-07-22 23:41:48,255 httpx INFO HTTP Request: GET https://us.aws.cdn.hf.co/xet-bridge-us/621ffdd236468d709f184284/f4345e50be6f76617c942b00c2a92fc21e5bff4259901ff39b45c64e5d38b712?X-Xet-Cas-Uid=public&response-content-disposition=inline%3B+filename*%3DUTF-8%27%27train-00001-of-00041.parquet%3B+filename%3D%22train-00001-of-00041.parquet%22%3B&user_id=public&Expires=1784738508&Policy=eyJTdGF0ZW1lbnQiOlt7IlJlc291cmNlIjoiaHR0cHM6Ly91cy5hd3MuY2RuLmhmLmNvL3hldC1icmlkZ2UtdXMvNjIxZmZkZDIzNjQ2OGQ3MDlmMTg0Mjg0L2Y0MzQ1ZTUwYmU2Zjc2NjE3Yzk0MmIwMGMyYTkyZmMyMWU1YmZmNDI1OTkwMWZmMzliNDVjNjRlNWQzOGI3MTJcXD9YLVhldC1DYXMtVWlkPXB1YmxpYyZyZXNwb25zZS1jb250ZW50LWRpc3Bvc2l0aW9uPWlubGluZSUzQitmaWxlbmFtZSUyQSUzRFVURi04JTI3JTI3dHJhaW4tMDAwMDEtb2YtMDAwNDEucGFycXVldCUzQitmaWxlbmFtZSUzRCUyMnRyYWluLTAwMDAxLW9mLTAwMDQxLnBhcnF1ZXQlMjIlM0ImdXNlcl9pZD1wdWJsaWMiLCJDb25kaXRpb24iOnsiRGF0ZUxlc3NUaGFuIjp7IkVwb2NoVGltZSI6MTc4NDczODUwOH0sIkJ5dGVSYW5nZSI6eyJFeHBlY3RlZEhlYWRlciI6ImJ5dGVzPTIwMDc4Njg5Ny0yMzIxNzIzMTIifX19XX0_&Signature=MEUCIQCnLDB%7EUbKFXhimfSxlQufOVjv1jiNz0XRLZkxccrtEaQIgYq3WFdgIfieaE1ZMe%7ETGdnvLztCy-Fz%7EVnpd%7E%7EseUZU_&Key-Pair-Id=01KXEF4KZ1B6FV465MAWR4M21F "HTTP/1.1 206 Partial Content"
2026-07-22 23:41:59,197 httpx INFO HTTP Request: GET https://huggingface.co/datasets/wikimedia/wikipedia/resolve/b04c8d1ceb2f5cd4588862100d08de323dccfbaa/20231101.en/train-00001-of-00041.parquet "HTTP/1.1 302 Found"
2026-07-22 23:41:59,926 httpx INFO HTTP Request: GET https://us.aws.cdn.hf.co/xet-bridge-us/621ffdd236468d709f184284/f4345e50be6f76617c942b00c2a92fc21e5bff4259901ff39b45c64e5d38b712?X-Xet-Cas-Uid=public&user_id=public&response-content-disposition=inline%3B+filename*%3DUTF-8%27%27train-00001-of-00041.parquet%3B+filename%3D%22train-00001-of-00041.parquet%22%3B&Expires=1784738519&Policy=eyJTdGF0ZW1lbnQiOlt7IlJlc291cmNlIjoiaHR0cHM6Ly91cy5hd3MuY2RuLmhmLmNvL3hldC1icmlkZ2UtdXMvNjIxZmZkZDIzNjQ2OGQ3MDlmMTg0Mjg0L2Y0MzQ1ZTUwYmU2Zjc2NjE3Yzk0MmIwMGMyYTkyZmMyMWU1YmZmNDI1OTkwMWZmMzliNDVjNjRlNWQzOGI3MTJcXD9YLVhldC1DYXMtVWlkPXB1YmxpYyZ1c2VyX2lkPXB1YmxpYyZyZXNwb25zZS1jb250ZW50LWRpc3Bvc2l0aW9uPWlubGluZSUzQitmaWxlbmFtZSUyQSUzRFVURi04JTI3JTI3dHJhaW4tMDAwMDEtb2YtMDAwNDEucGFycXVldCUzQitmaWxlbmFtZSUzRCUyMnRyYWluLTAwMDAxLW9mLTAwMDQxLnBhcnF1ZXQlMjIlM0IiLCJDb25kaXRpb24iOnsiRGF0ZUxlc3NUaGFuIjp7IkVwb2NoVGltZSI6MTc4NDczODUxOX0sIkJ5dGVSYW5nZSI6eyJFeHBlY3RlZEhlYWRlciI6ImJ5dGVzPTIzMjE3MjMxMy0yNjU0MDEzMzIifX19XX0_&Signature=MEUCIQDUTKeJ88pEXVTEpSyOKTXISS3JFwtF-OPCbUX2NzwwVQIgKWrp2TibifFnaCGVDyQbgLjO-oegRdbWeLKiagR92MM_&Key-Pair-Id=01KXEF4KZ1B6FV465MAWR4M21F "HTTP/1.1 206 Partial Content"
2026-07-22 23:42:11,201 httpx INFO HTTP Request: GET https://huggingface.co/datasets/wikimedia/wikipedia/resolve/b04c8d1ceb2f5cd4588862100d08de323dccfbaa/20231101.en/train-00001-of-00041.parquet "HTTP/1.1 302 Found"
2026-07-22 23:42:11,709 httpx INFO HTTP Request: GET https://us.aws.cdn.hf.co/xet-bridge-us/621ffdd236468d709f184284/f4345e50be6f76617c942b00c2a92fc21e5bff4259901ff39b45c64e5d38b712?X-Xet-Cas-Uid=public&response-content-disposition=inline%3B+filename*%3DUTF-8%27%27train-00001-of-00041.parquet%3B+filename%3D%22train-00001-of-00041.parquet%22%3B&user_id=public&Expires=1784738531&Policy=eyJTdGF0ZW1lbnQiOlt7IlJlc291cmNlIjoiaHR0cHM6Ly91cy5hd3MuY2RuLmhmLmNvL3hldC1icmlkZ2UtdXMvNjIxZmZkZDIzNjQ2OGQ3MDlmMTg0Mjg0L2Y0MzQ1ZTUwYmU2Zjc2NjE3Yzk0MmIwMGMyYTkyZmMyMWU1YmZmNDI1OTkwMWZmMzliNDVjNjRlNWQzOGI3MTJcXD9YLVhldC1DYXMtVWlkPXB1YmxpYyZyZXNwb25zZS1jb250ZW50LWRpc3Bvc2l0aW9uPWlubGluZSUzQitmaWxlbmFtZSUyQSUzRFVURi04JTI3JTI3dHJhaW4tMDAwMDEtb2YtMDAwNDEucGFycXVldCUzQitmaWxlbmFtZSUzRCUyMnRyYWluLTAwMDAxLW9mLTAwMDQxLnBhcnF1ZXQlMjIlM0ImdXNlcl9pZD1wdWJsaWMiLCJDb25kaXRpb24iOnsiRGF0ZUxlc3NUaGFuIjp7IkVwb2NoVGltZSI6MTc4NDczODUzMX0sIkJ5dGVSYW5nZSI6eyJFeHBlY3RlZEhlYWRlciI6ImJ5dGVzPTI2NTQwMTMzMy0yOTgwNjA1OTkifX19XX0_&Signature=MEUCIHtO9PjkHFz6JO8M85QXvhgEKGoLmLcF6i6bcSHPz6ISAiEAp1tic3LH16%7E3DE-BaPcNT9xK%7EBdHTY05PIc3TBMPS5U_&Key-Pair-Id=01KXEF4KZ1B6FV465MAWR4M21F "HTTP/1.1 206 Partial Content"
2026-07-22 23:42:25,085 httpx INFO HTTP Request: GET https://huggingface.co/datasets/wikimedia/wikipedia/resolve/b04c8d1ceb2f5cd4588862100d08de323dccfbaa/20231101.en/train-00001-of-00041.parquet "HTTP/1.1 302 Found"
2026-07-22 23:42:25,580 httpx INFO HTTP Request: GET https://us.aws.cdn.hf.co/xet-bridge-us/621ffdd236468d709f184284/f4345e50be6f76617c942b00c2a92fc21e5bff4259901ff39b45c64e5d38b712?X-Xet-Cas-Uid=public&response-content-disposition=inline%3B+filename*%3DUTF-8%27%27train-00001-of-00041.parquet%3B+filename%3D%22train-00001-of-00041.parquet%22%3B&user_id=public&Expires=1784738545&Policy=eyJTdGF0ZW1lbnQiOlt7IlJlc291cmNlIjoiaHR0cHM6Ly91cy5hd3MuY2RuLmhmLmNvL3hldC1icmlkZ2UtdXMvNjIxZmZkZDIzNjQ2OGQ3MDlmMTg0Mjg0L2Y0MzQ1ZTUwYmU2Zjc2NjE3Yzk0MmIwMGMyYTkyZmMyMWU1YmZmNDI1OTkwMWZmMzliNDVjNjRlNWQzOGI3MTJcXD9YLVhldC1DYXMtVWlkPXB1YmxpYyZyZXNwb25zZS1jb250ZW50LWRpc3Bvc2l0aW9uPWlubGluZSUzQitmaWxlbmFtZSUyQSUzRFVURi04JTI3JTI3dHJhaW4tMDAwMDEtb2YtMDAwNDEucGFycXVldCUzQitmaWxlbmFtZSUzRCUyMnRyYWluLTAwMDAxLW9mLTAwMDQxLnBhcnF1ZXQlMjIlM0ImdXNlcl9pZD1wdWJsaWMiLCJDb25kaXRpb24iOnsiRGF0ZUxlc3NUaGFuIjp7IkVwb2NoVGltZSI6MTc4NDczODU0NX0sIkJ5dGVSYW5nZSI6eyJFeHBlY3RlZEhlYWRlciI6ImJ5dGVzPTI5ODA2MDYwMC0zMzAyMjM0MDgifX19XX0_&Signature=MEYCIQDJopZEl8zcEBVBaCJeo3twKj1-XCjwRYzVTlIYhUFOJgIhAIxyYxKMAhK5hhb0JUQjamqCnjgLDnIILhvTRzSlp5g4&Key-Pair-Id=01KXEF4KZ1B6FV465MAWR4M21F "HTTP/1.1 206 Partial Content"
2026-07-22 23:42:34,496 build_rag_index INFO scanned=157737 kept=29600 passages=83224 elapsed=15597s (10.1 scanned/s)
2026-07-22 23:42:35,435 httpx INFO HTTP Request: GET https://huggingface.co/datasets/wikimedia/wikipedia/resolve/b04c8d1ceb2f5cd4588862100d08de323dccfbaa/20231101.en/train-00001-of-00041.parquet "HTTP/1.1 302 Found"
2026-07-22 23:42:35,959 httpx INFO HTTP Request: GET https://us.aws.cdn.hf.co/xet-bridge-us/621ffdd236468d709f184284/f4345e50be6f76617c942b00c2a92fc21e5bff4259901ff39b45c64e5d38b712?user_id=public&X-Xet-Cas-Uid=public&response-content-disposition=inline%3B+filename*%3DUTF-8%27%27train-00001-of-00041.parquet%3B+filename%3D%22train-00001-of-00041.parquet%22%3B&Expires=1784738556&Policy=eyJTdGF0ZW1lbnQiOlt7IlJlc291cmNlIjoiaHR0cHM6Ly91cy5hd3MuY2RuLmhmLmNvL3hldC1icmlkZ2UtdXMvNjIxZmZkZDIzNjQ2OGQ3MDlmMTg0Mjg0L2Y0MzQ1ZTUwYmU2Zjc2NjE3Yzk0MmIwMGMyYTkyZmMyMWU1YmZmNDI1OTkwMWZmMzliNDVjNjRlNWQzOGI3MTJcXD91c2VyX2lkPXB1YmxpYyZYLVhldC1DYXMtVWlkPXB1YmxpYyZyZXNwb25zZS1jb250ZW50LWRpc3Bvc2l0aW9uPWlubGluZSUzQitmaWxlbmFtZSUyQSUzRFVURi04JTI3JTI3dHJhaW4tMDAwMDEtb2YtMDAwNDEucGFycXVldCUzQitmaWxlbmFtZSUzRCUyMnRyYWluLTAwMDAxLW9mLTAwMDQxLnBhcnF1ZXQlMjIlM0IiLCJDb25kaXRpb24iOnsiRGF0ZUxlc3NUaGFuIjp7IkVwb2NoVGltZSI6MTc4NDczODU1Nn0sIkJ5dGVSYW5nZSI6eyJFeHBlY3RlZEhlYWRlciI6ImJ5dGVzPTMzMDIyMzQwOS0zNTE0NDgzNjYifX19XX0_&Signature=MEYCIQDpJmD7y1N0PPciBTMp1EmNmpJH5RUwv-3WC%7EpA1PpDSAIhAPyOZqjh8e6tf%7ETLSXeIucZ4u97H56mWfFKDT1tS9juY&Key-Pair-Id=01KXEF4KZ1B6FV465MAWR4M21F "HTTP/1.1 206 Partial Content"
2026-07-22 23:43:38,621 build_rag_index INFO scanned=158659 kept=29800 passages=83644 elapsed=15661s (10.1 scanned/s)
2026-07-22 23:44:41,487 build_rag_index INFO scanned=159585 kept=30000 passages=84070 elapsed=15724s (10.1 scanned/s)
2026-07-22 23:45:47,871 build_rag_index INFO scanned=160512 kept=30200 passages=84525 elapsed=15791s (10.2 scanned/s)
2026-07-22 23:47:11,372 build_rag_index INFO scanned=161625 kept=30400 passages=85014 elapsed=15874s (10.2 scanned/s)
2026-07-22 23:48:39,073 build_rag_index INFO scanned=162727 kept=30600 passages=85545 elapsed=15962s (10.2 scanned/s)
2026-07-22 23:50:13,775 build_rag_index INFO scanned=163875 kept=30800 passages=86075 elapsed=16057s (10.2 scanned/s)
2026-07-22 23:51:41,991 build_rag_index INFO scanned=165166 kept=31000 passages=86618 elapsed=16145s (10.2 scanned/s)
2026-07-22 23:52:56,082 build_rag_index INFO scanned=166177 kept=31200 passages=87100 elapsed=16219s (10.2 scanned/s)
2026-07-22 23:54:07,714 build_rag_index INFO scanned=167208 kept=31400 passages=87589 elapsed=16290s (10.3 scanned/s)
2026-07-22 23:55:33,106 build_rag_index INFO scanned=168369 kept=31600 passages=88139 elapsed=16376s (10.3 scanned/s)
2026-07-22 23:57:05,720 build_rag_index INFO scanned=169365 kept=31800 passages=88682 elapsed=16468s (10.3 scanned/s)
2026-07-22 23:58:06,536 build_rag_index INFO scanned=170384 kept=32000 passages=89124 elapsed=16529s (10.3 scanned/s)
2026-07-22 23:59:16,945 build_rag_index INFO scanned=171488 kept=32200 passages=89594 elapsed=16600s (10.3 scanned/s)
2026-07-23 00:01:06,099 build_rag_index INFO scanned=172602 kept=32400 passages=90176 elapsed=16709s (10.3 scanned/s)
2026-07-23 00:02:21,457 build_rag_index INFO scanned=173723 kept=32600 passages=90628 elapsed=16784s (10.4 scanned/s)
2026-07-23 00:03:40,336 build_rag_index INFO scanned=174928 kept=32800 passages=91091 elapsed=16863s (10.4 scanned/s)
2026-07-23 00:04:50,165 build_rag_index INFO scanned=175929 kept=33000 passages=91570 elapsed=16933s (10.4 scanned/s)
2026-07-23 00:06:29,444 build_rag_index INFO scanned=177289 kept=33200 passages=92091 elapsed=17032s (10.4 scanned/s)
2026-07-23 00:07:46,378 build_rag_index INFO scanned=178142 kept=33400 passages=92623 elapsed=17109s (10.4 scanned/s)
2026-07-23 00:09:05,372 build_rag_index INFO scanned=179289 kept=33600 passages=93129 elapsed=17188s (10.4 scanned/s)
2026-07-23 00:10:38,702 build_rag_index INFO scanned=180261 kept=33800 passages=93634 elapsed=17281s (10.4 scanned/s)
2026-07-23 00:11:42,789 build_rag_index INFO scanned=181354 kept=34000 passages=94092 elapsed=17346s (10.5 scanned/s)
2026-07-23 00:12:47,971 build_rag_index INFO scanned=182304 kept=34200 passages=94541 elapsed=17411s (10.5 scanned/s)
2026-07-23 00:14:20,116 build_rag_index INFO scanned=183326 kept=34400 passages=95099 elapsed=17503s (10.5 scanned/s)
2026-07-23 00:15:42,496 build_rag_index INFO scanned=184361 kept=34600 passages=95650 elapsed=17585s (10.5 scanned/s)
2026-07-23 00:17:15,050 build_rag_index INFO scanned=185639 kept=34800 passages=96173 elapsed=17678s (10.5 scanned/s)
2026-07-23 00:18:51,572 build_rag_index INFO scanned=186782 kept=35000 passages=96734 elapsed=17774s (10.5 scanned/s)
2026-07-23 00:20:03,039 build_rag_index INFO scanned=187874 kept=35200 passages=97244 elapsed=17846s (10.5 scanned/s)
2026-07-23 00:21:54,558 build_rag_index INFO scanned=189023 kept=35400 passages=97814 elapsed=17957s (10.5 scanned/s)
2026-07-23 00:23:28,184 build_rag_index INFO scanned=190064 kept=35600 passages=98304 elapsed=18051s (10.5 scanned/s)
2026-07-23 00:24:52,739 build_rag_index INFO scanned=191181 kept=35800 passages=98785 elapsed=18135s (10.5 scanned/s)
2026-07-23 00:26:28,800 build_rag_index INFO scanned=192152 kept=36000 passages=99396 elapsed=18232s (10.5 scanned/s)
2026-07-23 00:27:22,160 build_rag_index INFO scanned=193283 kept=36200 passages=99873 elapsed=18285s (10.6 scanned/s)
2026-07-23 00:28:20,434 build_rag_index INFO scanned=194301 kept=36400 passages=100357 elapsed=18343s (10.6 scanned/s)
2026-07-23 00:29:14,199 build_rag_index INFO scanned=195393 kept=36600 passages=100856 elapsed=18397s (10.6 scanned/s)
2026-07-23 00:30:14,172 build_rag_index INFO scanned=196534 kept=36800 passages=101358 elapsed=18457s (10.6 scanned/s)
2026-07-23 00:31:23,157 build_rag_index INFO scanned=197588 kept=37000 passages=101859 elapsed=18526s (10.7 scanned/s)
2026-07-23 00:32:09,215 build_rag_index INFO scanned=198565 kept=37200 passages=102275 elapsed=18572s (10.7 scanned/s)
2026-07-23 00:33:10,665 build_rag_index INFO scanned=199575 kept=37400 passages=102740 elapsed=18633s (10.7 scanned/s)
2026-07-23 00:34:14,826 build_rag_index INFO scanned=200580 kept=37600 passages=103256 elapsed=18698s (10.7 scanned/s)
2026-07-23 00:35:18,206 build_rag_index INFO scanned=201670 kept=37800 passages=103755 elapsed=18761s (10.7 scanned/s)
2026-07-23 00:36:26,707 build_rag_index INFO scanned=202719 kept=38000 passages=104265 elapsed=18829s (10.8 scanned/s)
2026-07-23 00:37:30,486 build_rag_index INFO scanned=203626 kept=38200 passages=104738 elapsed=18893s (10.8 scanned/s)
2026-07-23 00:38:48,639 build_rag_index INFO scanned=204610 kept=38400 passages=105296 elapsed=18971s (10.8 scanned/s)
2026-07-23 00:39:55,862 build_rag_index INFO scanned=205633 kept=38600 passages=105730 elapsed=19039s (10.8 scanned/s)
2026-07-23 00:41:09,840 build_rag_index INFO scanned=206633 kept=38800 passages=106258 elapsed=19113s (10.8 scanned/s)
2026-07-23 00:42:29,109 build_rag_index INFO scanned=207677 kept=39000 passages=106771 elapsed=19192s (10.8 scanned/s)
2026-07-23 00:43:30,790 build_rag_index INFO scanned=209191 kept=39200 passages=107252 elapsed=19254s (10.9 scanned/s)
2026-07-23 00:44:44,984 build_rag_index INFO scanned=210357 kept=39400 passages=107751 elapsed=19328s (10.9 scanned/s)
2026-07-23 00:45:52,223 build_rag_index INFO scanned=211730 kept=39600 passages=108296 elapsed=19395s (10.9 scanned/s)
2026-07-23 00:47:18,734 build_rag_index INFO scanned=212866 kept=39800 passages=108857 elapsed=19481s (10.9 scanned/s)
2026-07-23 00:48:38,131 build_rag_index INFO scanned=213962 kept=40000 passages=109316 elapsed=19561s (10.9 scanned/s)
2026-07-23 00:49:38,341 build_rag_index INFO scanned=214991 kept=40200 passages=109748 elapsed=19621s (11.0 scanned/s)
2026-07-23 00:50:54,661 build_rag_index INFO scanned=216110 kept=40400 passages=110223 elapsed=19697s (11.0 scanned/s)
2026-07-23 00:51:58,271 build_rag_index INFO scanned=217108 kept=40600 passages=110632 elapsed=19761s (11.0 scanned/s)
2026-07-23 00:53:14,529 build_rag_index INFO scanned=218112 kept=40800 passages=111144 elapsed=19837s (11.0 scanned/s)
2026-07-23 00:54:33,139 build_rag_index INFO scanned=219256 kept=41000 passages=111594 elapsed=19916s (11.0 scanned/s)
2026-07-23 00:55:46,910 build_rag_index INFO scanned=220818 kept=41200 passages=111984 elapsed=19990s (11.0 scanned/s)
2026-07-23 00:57:05,645 build_rag_index INFO scanned=222823 kept=41400 passages=112439 elapsed=20068s (11.1 scanned/s)
2026-07-23 00:58:42,142 build_rag_index INFO scanned=224783 kept=41600 passages=112888 elapsed=20165s (11.1 scanned/s)
2026-07-23 01:00:21,887 build_rag_index INFO scanned=226019 kept=41800 passages=113377 elapsed=20265s (11.2 scanned/s)
2026-07-23 01:01:07,726 build_rag_index INFO scanned=226318 kept=42000 passages=113644 elapsed=20310s (11.1 scanned/s)
2026-07-23 01:02:00,526 build_rag_index INFO scanned=226586 kept=42200 passages=113905 elapsed=20363s (11.1 scanned/s)
2026-07-23 01:03:12,356 build_rag_index INFO scanned=226950 kept=42400 passages=114222 elapsed=20435s (11.1 scanned/s)
2026-07-23 01:04:43,970 build_rag_index INFO scanned=227973 kept=42600 passages=114654 elapsed=20527s (11.1 scanned/s)
2026-07-23 01:06:06,148 build_rag_index INFO scanned=229003 kept=42800 passages=115112 elapsed=20609s (11.1 scanned/s)
2026-07-23 01:07:57,912 build_rag_index INFO scanned=230204 kept=43000 passages=115600 elapsed=20721s (11.1 scanned/s)
2026-07-23 01:09:44,274 build_rag_index INFO scanned=231286 kept=43200 passages=116130 elapsed=20827s (11.1 scanned/s)
2026-07-23 01:11:09,325 build_rag_index INFO scanned=232237 kept=43400 passages=116674 elapsed=20912s (11.1 scanned/s)
2026-07-23 01:12:30,757 build_rag_index INFO scanned=233093 kept=43600 passages=117252 elapsed=20993s (11.1 scanned/s)
2026-07-23 01:14:05,318 build_rag_index INFO scanned=233935 kept=43800 passages=117938 elapsed=21088s (11.1 scanned/s)
2026-07-23 01:15:20,940 build_rag_index INFO scanned=234893 kept=44000 passages=118483 elapsed=21164s (11.1 scanned/s)
2026-07-23 01:16:37,897 build_rag_index INFO scanned=235883 kept=44200 passages=119034 elapsed=21241s (11.1 scanned/s)
2026-07-23 01:17:43,114 build_rag_index INFO scanned=237035 kept=44400 passages=119490 elapsed=21306s (11.1 scanned/s)
2026-07-23 01:18:54,624 build_rag_index INFO scanned=238093 kept=44600 passages=119913 elapsed=21377s (11.1 scanned/s)
2026-07-23 01:20:05,978 build_rag_index INFO scanned=239250 kept=44800 passages=120358 elapsed=21449s (11.2 scanned/s)
2026-07-23 01:21:24,103 build_rag_index INFO scanned=240373 kept=45000 passages=120870 elapsed=21527s (11.2 scanned/s)
2026-07-23 01:22:49,292 build_rag_index INFO scanned=241543 kept=45200 passages=121321 elapsed=21612s (11.2 scanned/s)
2026-07-23 01:23:58,221 build_rag_index INFO scanned=243007 kept=45400 passages=121791 elapsed=21681s (11.2 scanned/s)
2026-07-23 01:25:42,082 build_rag_index INFO scanned=244220 kept=45600 passages=122363 elapsed=21785s (11.2 scanned/s)
2026-07-23 01:26:58,105 build_rag_index INFO scanned=245500 kept=45800 passages=122793 elapsed=21861s (11.2 scanned/s)
2026-07-23 01:28:26,443 build_rag_index INFO scanned=246587 kept=46000 passages=123327 elapsed=21949s (11.2 scanned/s)
2026-07-23 01:29:44,401 build_rag_index INFO scanned=247822 kept=46200 passages=123773 elapsed=22027s (11.3 scanned/s)
2026-07-23 01:31:04,025 build_rag_index INFO scanned=248971 kept=46400 passages=124251 elapsed=22107s (11.3 scanned/s)
2026-07-23 01:32:29,585 build_rag_index INFO scanned=250022 kept=46600 passages=124745 elapsed=22192s (11.3 scanned/s)
2026-07-23 01:33:54,524 build_rag_index INFO scanned=250988 kept=46800 passages=125204 elapsed=22277s (11.3 scanned/s)
2026-07-23 01:35:51,721 build_rag_index INFO scanned=251985 kept=47000 passages=125819 elapsed=22394s (11.3 scanned/s)
2026-07-23 01:37:39,040 build_rag_index INFO scanned=252992 kept=47200 passages=126347 elapsed=22502s (11.2 scanned/s)
2026-07-23 01:38:58,163 build_rag_index INFO scanned=254209 kept=47400 passages=126841 elapsed=22581s (11.3 scanned/s)
2026-07-23 01:40:11,611 build_rag_index INFO scanned=255142 kept=47600 passages=127240 elapsed=22654s (11.3 scanned/s)
2026-07-23 01:41:31,343 build_rag_index INFO scanned=256126 kept=47800 passages=127695 elapsed=22734s (11.3 scanned/s)
2026-07-23 01:42:47,128 build_rag_index INFO scanned=257235 kept=48000 passages=128144 elapsed=22810s (11.3 scanned/s)
2026-07-23 01:44:12,957 build_rag_index INFO scanned=258593 kept=48200 passages=128663 elapsed=22896s (11.3 scanned/s)
2026-07-23 01:45:15,766 build_rag_index INFO scanned=259809 kept=48400 passages=129118 elapsed=22958s (11.3 scanned/s)
2026-07-23 01:46:17,111 build_rag_index INFO scanned=260911 kept=48600 passages=129585 elapsed=23020s (11.3 scanned/s)
2026-07-23 01:47:20,317 build_rag_index INFO scanned=261914 kept=48800 passages=130044 elapsed=23083s (11.3 scanned/s)
2026-07-23 01:48:29,145 build_rag_index INFO scanned=263031 kept=49000 passages=130530 elapsed=23152s (11.4 scanned/s)
2026-07-23 01:49:44,047 build_rag_index INFO scanned=264267 kept=49200 passages=131004 elapsed=23227s (11.4 scanned/s)
2026-07-23 01:50:52,380 build_rag_index INFO scanned=265550 kept=49400 passages=131468 elapsed=23295s (11.4 scanned/s)
2026-07-23 01:52:07,956 build_rag_index INFO scanned=266641 kept=49600 passages=132007 elapsed=23371s (11.4 scanned/s)
2026-07-23 01:53:15,938 build_rag_index INFO scanned=268090 kept=49800 passages=132480 elapsed=23439s (11.4 scanned/s)
2026-07-23 01:54:20,910 build_rag_index INFO scanned=269109 kept=50000 passages=132931 elapsed=23504s (11.4 scanned/s)
2026-07-23 01:55:46,114 build_rag_index INFO scanned=270373 kept=50200 passages=133519 elapsed=23589s (11.5 scanned/s)
2026-07-23 01:56:51,941 build_rag_index INFO scanned=271500 kept=50400 passages=133998 elapsed=23655s (11.5 scanned/s)
2026-07-23 01:57:58,634 build_rag_index INFO scanned=272909 kept=50600 passages=134454 elapsed=23721s (11.5 scanned/s)
2026-07-23 01:59:38,235 build_rag_index INFO scanned=274159 kept=50800 passages=134896 elapsed=23821s (11.5 scanned/s)
2026-07-23 02:01:11,350 build_rag_index INFO scanned=275330 kept=51000 passages=135405 elapsed=23914s (11.5 scanned/s)
2026-07-23 02:02:28,338 build_rag_index INFO scanned=276511 kept=51200 passages=135901 elapsed=23991s (11.5 scanned/s)
2026-07-23 02:03:38,547 build_rag_index INFO scanned=277777 kept=51400 passages=136381 elapsed=24061s (11.5 scanned/s)
2026-07-23 02:04:59,992 build_rag_index INFO scanned=278995 kept=51600 passages=136921 elapsed=24143s (11.6 scanned/s)
2026-07-23 02:06:08,338 build_rag_index INFO scanned=280128 kept=51800 passages=137372 elapsed=24211s (11.6 scanned/s)
2026-07-23 02:07:14,468 build_rag_index INFO scanned=281387 kept=52000 passages=137826 elapsed=24277s (11.6 scanned/s)
2026-07-23 02:08:16,139 build_rag_index INFO scanned=282728 kept=52200 passages=138303 elapsed=24339s (11.6 scanned/s)
2026-07-23 02:09:19,873 build_rag_index INFO scanned=284045 kept=52400 passages=138790 elapsed=24403s (11.6 scanned/s)
2026-07-23 02:10:23,589 build_rag_index INFO scanned=285429 kept=52600 passages=139291 elapsed=24466s (11.7 scanned/s)
2026-07-23 02:11:25,824 build_rag_index INFO scanned=286676 kept=52800 passages=139794 elapsed=24529s (11.7 scanned/s)
2026-07-23 02:12:32,946 build_rag_index INFO scanned=287812 kept=53000 passages=140302 elapsed=24596s (11.7 scanned/s)
2026-07-23 02:13:26,023 build_rag_index INFO scanned=288916 kept=53200 passages=140736 elapsed=24649s (11.7 scanned/s)
2026-07-23 02:14:35,296 build_rag_index INFO scanned=290092 kept=53400 passages=141253 elapsed=24718s (11.7 scanned/s)
2026-07-23 02:15:41,277 build_rag_index INFO scanned=291361 kept=53600 passages=141760 elapsed=24784s (11.8 scanned/s)
2026-07-23 02:16:42,538 build_rag_index INFO scanned=292559 kept=53800 passages=142244 elapsed=24845s (11.8 scanned/s)
2026-07-23 02:17:46,691 build_rag_index INFO scanned=293711 kept=54000 passages=142774 elapsed=24909s (11.8 scanned/s)
2026-07-23 02:18:51,798 build_rag_index INFO scanned=294848 kept=54200 passages=143303 elapsed=24975s (11.8 scanned/s)
2026-07-23 02:19:55,835 build_rag_index INFO scanned=296059 kept=54400 passages=143820 elapsed=25039s (11.8 scanned/s)
2026-07-23 02:21:00,523 build_rag_index INFO scanned=297174 kept=54600 passages=144327 elapsed=25103s (11.8 scanned/s)
2026-07-23 02:21:54,665 build_rag_index INFO scanned=298373 kept=54800 passages=144768 elapsed=25157s (11.9 scanned/s)
2026-07-23 02:22:54,989 build_rag_index INFO scanned=299460 kept=55000 passages=145225 elapsed=25218s (11.9 scanned/s)
2026-07-23 02:23:57,087 build_rag_index INFO scanned=300459 kept=55200 passages=145693 elapsed=25280s (11.9 scanned/s)
2026-07-23 02:24:55,632 build_rag_index INFO scanned=301715 kept=55400 passages=146126 elapsed=25338s (11.9 scanned/s)
2026-07-23 02:26:02,956 build_rag_index INFO scanned=303010 kept=55600 passages=146594 elapsed=25406s (11.9 scanned/s)
2026-07-23 02:27:16,319 build_rag_index INFO scanned=304151 kept=55800 passages=147134 elapsed=25479s (11.9 scanned/s)
2026-07-23 02:28:14,889 build_rag_index INFO scanned=305454 kept=56000 passages=147588 elapsed=25538s (12.0 scanned/s)
2026-07-23 02:29:14,825 build_rag_index INFO scanned=306534 kept=56200 passages=148034 elapsed=25598s (12.0 scanned/s)
2026-07-23 02:30:00,866 build_rag_index INFO scanned=307527 kept=56400 passages=148407 elapsed=25644s (12.0 scanned/s)
2026-07-23 02:30:56,203 build_rag_index INFO scanned=308288 kept=56600 passages=148849 elapsed=25699s (12.0 scanned/s)
2026-07-23 02:31:34,318 build_rag_index INFO scanned=309089 kept=56800 passages=149167 elapsed=25737s (12.0 scanned/s)
2026-07-23 02:32:07,179 build_rag_index INFO scanned=309933 kept=57000 passages=149442 elapsed=25770s (12.0 scanned/s)
2026-07-23 02:32:58,810 build_rag_index INFO scanned=310950 kept=57200 passages=149859 elapsed=25822s (12.0 scanned/s)
2026-07-23 02:33:55,803 build_rag_index INFO scanned=312236 kept=57400 passages=150308 elapsed=25879s (12.1 scanned/s)
2026-07-23 02:34:17,703 httpx INFO HTTP Request: GET https://huggingface.co/datasets/wikimedia/wikipedia/resolve/b04c8d1ceb2f5cd4588862100d08de323dccfbaa/20231101.en/train-00002-of-00041.parquet "HTTP/1.1 302 Found"
2026-07-23 02:34:18,183 httpx INFO HTTP Request: GET https://us.aws.cdn.hf.co/xet-bridge-us/621ffdd236468d709f184284/21da33e9986d3bf16ae024e3b2eb9dcaf11433cf0c191e0570f0956264f76448?response-content-disposition=inline%3B+filename*%3DUTF-8%27%27train-00002-of-00041.parquet%3B+filename%3D%22train-00002-of-00041.parquet%22%3B&X-Xet-Cas-Uid=public&user_id=public&Expires=1784748857&Policy=eyJTdGF0ZW1lbnQiOlt7IlJlc291cmNlIjoiaHR0cHM6Ly91cy5hd3MuY2RuLmhmLmNvL3hldC1icmlkZ2UtdXMvNjIxZmZkZDIzNjQ2OGQ3MDlmMTg0Mjg0LzIxZGEzM2U5OTg2ZDNiZjE2YWUwMjRlM2IyZWI5ZGNhZjExNDMzY2YwYzE5MWUwNTcwZjA5NTYyNjRmNzY0NDhcXD9yZXNwb25zZS1jb250ZW50LWRpc3Bvc2l0aW9uPWlubGluZSUzQitmaWxlbmFtZSUyQSUzRFVURi04JTI3JTI3dHJhaW4tMDAwMDItb2YtMDAwNDEucGFycXVldCUzQitmaWxlbmFtZSUzRCUyMnRyYWluLTAwMDAyLW9mLTAwMDQxLnBhcnF1ZXQlMjIlM0ImWC1YZXQtQ2FzLVVpZD1wdWJsaWMmdXNlcl9pZD1wdWJsaWMiLCJDb25kaXRpb24iOnsiRGF0ZUxlc3NUaGFuIjp7IkVwb2NoVGltZSI6MTc4NDc0ODg1N30sIkJ5dGVSYW5nZSI6eyJFeHBlY3RlZEhlYWRlciI6ImJ5dGVzPTMyODk1OTEzMy0zMjkwMjQ2NjgifX19XX0_&Signature=MEQCIAbyMGz1XpgGm6SJ0jn%7EBVJFaOyjZzsaV4AfmzlkMJ6mAiAkRM1XMkPuapIWMGGtPRtQtzDMENDb0n9JAW6qlNhTVw__&Key-Pair-Id=01KXEF4KZ1B6FV465MAWR4M21F "HTTP/1.1 206 Partial Content"
2026-07-23 02:34:18,688 httpx INFO HTTP Request: GET https://huggingface.co/datasets/wikimedia/wikipedia/resolve/b04c8d1ceb2f5cd4588862100d08de323dccfbaa/20231101.en/train-00002-of-00041.parquet "HTTP/1.1 302 Found"
2026-07-23 02:34:19,152 httpx INFO HTTP Request: GET https://us.aws.cdn.hf.co/xet-bridge-us/621ffdd236468d709f184284/21da33e9986d3bf16ae024e3b2eb9dcaf11433cf0c191e0570f0956264f76448?user_id=public&X-Xet-Cas-Uid=public&response-content-disposition=inline%3B+filename*%3DUTF-8%27%27train-00002-of-00041.parquet%3B+filename%3D%22train-00002-of-00041.parquet%22%3B&Expires=1784748858&Policy=eyJTdGF0ZW1lbnQiOlt7IlJlc291cmNlIjoiaHR0cHM6Ly91cy5hd3MuY2RuLmhmLmNvL3hldC1icmlkZ2UtdXMvNjIxZmZkZDIzNjQ2OGQ3MDlmMTg0Mjg0LzIxZGEzM2U5OTg2ZDNiZjE2YWUwMjRlM2IyZWI5ZGNhZjExNDMzY2YwYzE5MWUwNTcwZjA5NTYyNjRmNzY0NDhcXD91c2VyX2lkPXB1YmxpYyZYLVhldC1DYXMtVWlkPXB1YmxpYyZyZXNwb25zZS1jb250ZW50LWRpc3Bvc2l0aW9uPWlubGluZSUzQitmaWxlbmFtZSUyQSUzRFVURi04JTI3JTI3dHJhaW4tMDAwMDItb2YtMDAwNDEucGFycXVldCUzQitmaWxlbmFtZSUzRCUyMnRyYWluLTAwMDAyLW9mLTAwMDQxLnBhcnF1ZXQlMjIlM0IiLCJDb25kaXRpb24iOnsiRGF0ZUxlc3NUaGFuIjp7IkVwb2NoVGltZSI6MTc4NDc0ODg1OH0sIkJ5dGVSYW5nZSI6eyJFeHBlY3RlZEhlYWRlciI6ImJ5dGVzPTMyODYxMDE2NS0zMjkwMjQ2NjgifX19XX0_&Signature=MEQCIE9Q%7Elc9Pwc8snbITRmo622pVS9c%7E7mnJ%7EBoTOETkmP4AiACkF1q4GLFbRCtVzc0nTPtmBLIEza7ZOqjKnR7X-vuBQ__&Key-Pair-Id=01KXEF4KZ1B6FV465MAWR4M21F "HTTP/1.1 206 Partial Content"
2026-07-23 02:34:19,567 httpx INFO HTTP Request: GET https://huggingface.co/datasets/wikimedia/wikipedia/resolve/b04c8d1ceb2f5cd4588862100d08de323dccfbaa/20231101.en/train-00002-of-00041.parquet "HTTP/1.1 302 Found"
2026-07-23 02:34:20,015 httpx INFO HTTP Request: GET https://us.aws.cdn.hf.co/xet-bridge-us/621ffdd236468d709f184284/21da33e9986d3bf16ae024e3b2eb9dcaf11433cf0c191e0570f0956264f76448?response-content-disposition=inline%3B+filename*%3DUTF-8%27%27train-00002-of-00041.parquet%3B+filename%3D%22train-00002-of-00041.parquet%22%3B&user_id=public&X-Xet-Cas-Uid=public&Expires=1784748859&Policy=eyJTdGF0ZW1lbnQiOlt7IlJlc291cmNlIjoiaHR0cHM6Ly91cy5hd3MuY2RuLmhmLmNvL3hldC1icmlkZ2UtdXMvNjIxZmZkZDIzNjQ2OGQ3MDlmMTg0Mjg0LzIxZGEzM2U5OTg2ZDNiZjE2YWUwMjRlM2IyZWI5ZGNhZjExNDMzY2YwYzE5MWUwNTcwZjA5NTYyNjRmNzY0NDhcXD9yZXNwb25zZS1jb250ZW50LWRpc3Bvc2l0aW9uPWlubGluZSUzQitmaWxlbmFtZSUyQSUzRFVURi04JTI3JTI3dHJhaW4tMDAwMDItb2YtMDAwNDEucGFycXVldCUzQitmaWxlbmFtZSUzRCUyMnRyYWluLTAwMDAyLW9mLTAwMDQxLnBhcnF1ZXQlMjIlM0ImdXNlcl9pZD1wdWJsaWMmWC1YZXQtQ2FzLVVpZD1wdWJsaWMiLCJDb25kaXRpb24iOnsiRGF0ZUxlc3NUaGFuIjp7IkVwb2NoVGltZSI6MTc4NDc0ODg1OX0sIkJ5dGVSYW5nZSI6eyJFeHBlY3RlZEhlYWRlciI6ImJ5dGVzPTQtMzg1MjE2ODIifX19XX0_&Signature=MEUCIQDRIpXRjq4tB5IGqloTiCNRW9J5ryS4-2wJila5xVICDwIgfXHX04joBjY3wpgjLZ3dnWe149m7kz0a5HFOLjagF2g_&Key-Pair-Id=01KXEF4KZ1B6FV465MAWR4M21F "HTTP/1.1 206 Partial Content"
2026-07-23 02:34:22,166 httpx INFO HTTP Request: GET https://huggingface.co/datasets/wikimedia/wikipedia/resolve/b04c8d1ceb2f5cd4588862100d08de323dccfbaa/20231101.en/train-00002-of-00041.parquet "HTTP/1.1 302 Found"
2026-07-23 02:34:22,624 httpx INFO HTTP Request: GET https://us.aws.cdn.hf.co/xet-bridge-us/621ffdd236468d709f184284/21da33e9986d3bf16ae024e3b2eb9dcaf11433cf0c191e0570f0956264f76448?response-content-disposition=inline%3B+filename*%3DUTF-8%27%27train-00002-of-00041.parquet%3B+filename%3D%22train-00002-of-00041.parquet%22%3B&user_id=public&X-Xet-Cas-Uid=public&Expires=1784748862&Policy=eyJTdGF0ZW1lbnQiOlt7IlJlc291cmNlIjoiaHR0cHM6Ly91cy5hd3MuY2RuLmhmLmNvL3hldC1icmlkZ2UtdXMvNjIxZmZkZDIzNjQ2OGQ3MDlmMTg0Mjg0LzIxZGEzM2U5OTg2ZDNiZjE2YWUwMjRlM2IyZWI5ZGNhZjExNDMzY2YwYzE5MWUwNTcwZjA5NTYyNjRmNzY0NDhcXD9yZXNwb25zZS1jb250ZW50LWRpc3Bvc2l0aW9uPWlubGluZSUzQitmaWxlbmFtZSUyQSUzRFVURi04JTI3JTI3dHJhaW4tMDAwMDItb2YtMDAwNDEucGFycXVldCUzQitmaWxlbmFtZSUzRCUyMnRyYWluLTAwMDAyLW9mLTAwMDQxLnBhcnF1ZXQlMjIlM0ImdXNlcl9pZD1wdWJsaWMmWC1YZXQtQ2FzLVVpZD1wdWJsaWMiLCJDb25kaXRpb24iOnsiRGF0ZUxlc3NUaGFuIjp7IkVwb2NoVGltZSI6MTc4NDc0ODg2Mn0sIkJ5dGVSYW5nZSI6eyJFeHBlY3RlZEhlYWRlciI6ImJ5dGVzPTM4NTIxNjgzLTcwODUzNjAyIn19fV19&Signature=MEUCIB4okPplzY30AT3npOZMGb6e1t2g9DJBSBb3mZZDpEA-AiEA5lcFe0j%7E5ctaLPJiyVDw-DVBrOPle1yqxKYnOysx1R8_&Key-Pair-Id=01KXEF4KZ1B6FV465MAWR4M21F "HTTP/1.1 206 Partial Content"
2026-07-23 02:34:24,421 httpx INFO HTTP Request: GET https://huggingface.co/datasets/wikimedia/wikipedia/resolve/b04c8d1ceb2f5cd4588862100d08de323dccfbaa/20231101.en/train-00002-of-00041.parquet "HTTP/1.1 302 Found"
2026-07-23 02:34:24,902 httpx INFO HTTP Request: GET https://us.aws.cdn.hf.co/xet-bridge-us/621ffdd236468d709f184284/21da33e9986d3bf16ae024e3b2eb9dcaf11433cf0c191e0570f0956264f76448?X-Xet-Cas-Uid=public&user_id=public&response-content-disposition=inline%3B+filename*%3DUTF-8%27%27train-00002-of-00041.parquet%3B+filename%3D%22train-00002-of-00041.parquet%22%3B&Expires=1784748864&Policy=eyJTdGF0ZW1lbnQiOlt7IlJlc291cmNlIjoiaHR0cHM6Ly91cy5hd3MuY2RuLmhmLmNvL3hldC1icmlkZ2UtdXMvNjIxZmZkZDIzNjQ2OGQ3MDlmMTg0Mjg0LzIxZGEzM2U5OTg2ZDNiZjE2YWUwMjRlM2IyZWI5ZGNhZjExNDMzY2YwYzE5MWUwNTcwZjA5NTYyNjRmNzY0NDhcXD9YLVhldC1DYXMtVWlkPXB1YmxpYyZ1c2VyX2lkPXB1YmxpYyZyZXNwb25zZS1jb250ZW50LWRpc3Bvc2l0aW9uPWlubGluZSUzQitmaWxlbmFtZSUyQSUzRFVURi04JTI3JTI3dHJhaW4tMDAwMDItb2YtMDAwNDEucGFycXVldCUzQitmaWxlbmFtZSUzRCUyMnRyYWluLTAwMDAyLW9mLTAwMDQxLnBhcnF1ZXQlMjIlM0IiLCJDb25kaXRpb24iOnsiRGF0ZUxlc3NUaGFuIjp7IkVwb2NoVGltZSI6MTc4NDc0ODg2NH0sIkJ5dGVSYW5nZSI6eyJFeHBlY3RlZEhlYWRlciI6ImJ5dGVzPTcwODUzNjAzLTEwMzE2Mjk2MCJ9fX1dfQ__&Signature=MEUCIHDb9PeiZKZstB3rhR6o9z2VVmFOSyHn6Ir1v22FR6k9AiEA2OAXPsdcujj-oXfaEIDlgYS1DohVRc2zIDJstzKA-P0_&Key-Pair-Id=01KXEF4KZ1B6FV465MAWR4M21F "HTTP/1.1 206 Partial Content"
2026-07-23 02:34:26,656 httpx INFO HTTP Request: GET https://huggingface.co/datasets/wikimedia/wikipedia/resolve/b04c8d1ceb2f5cd4588862100d08de323dccfbaa/20231101.en/train-00002-of-00041.parquet "HTTP/1.1 302 Found"
2026-07-23 02:34:27,133 httpx INFO HTTP Request: GET https://us.aws.cdn.hf.co/xet-bridge-us/621ffdd236468d709f184284/21da33e9986d3bf16ae024e3b2eb9dcaf11433cf0c191e0570f0956264f76448?response-content-disposition=inline%3B+filename*%3DUTF-8%27%27train-00002-of-00041.parquet%3B+filename%3D%22train-00002-of-00041.parquet%22%3B&user_id=public&X-Xet-Cas-Uid=public&Expires=1784748866&Policy=eyJTdGF0ZW1lbnQiOlt7IlJlc291cmNlIjoiaHR0cHM6Ly91cy5hd3MuY2RuLmhmLmNvL3hldC1icmlkZ2UtdXMvNjIxZmZkZDIzNjQ2OGQ3MDlmMTg0Mjg0LzIxZGEzM2U5OTg2ZDNiZjE2YWUwMjRlM2IyZWI5ZGNhZjExNDMzY2YwYzE5MWUwNTcwZjA5NTYyNjRmNzY0NDhcXD9yZXNwb25zZS1jb250ZW50LWRpc3Bvc2l0aW9uPWlubGluZSUzQitmaWxlbmFtZSUyQSUzRFVURi04JTI3JTI3dHJhaW4tMDAwMDItb2YtMDAwNDEucGFycXVldCUzQitmaWxlbmFtZSUzRCUyMnRyYWluLTAwMDAyLW9mLTAwMDQxLnBhcnF1ZXQlMjIlM0ImdXNlcl9pZD1wdWJsaWMmWC1YZXQtQ2FzLVVpZD1wdWJsaWMiLCJDb25kaXRpb24iOnsiRGF0ZUxlc3NUaGFuIjp7IkVwb2NoVGltZSI6MTc4NDc0ODg2Nn0sIkJ5dGVSYW5nZSI6eyJFeHBlY3RlZEhlYWRlciI6ImJ5dGVzPTEwMzE2Mjk2MS0xMzUxODYwNDYifX19XX0_&Signature=MEUCIQDX2VIkF5iNgSwJaTf%7EMkQygILhuSKKB5tZCcJDFoLupAIgKs4tXSt182T72L1H2QRm-7zHi0YeUddanI1wHljJnHk_&Key-Pair-Id=01KXEF4KZ1B6FV465MAWR4M21F "HTTP/1.1 206 Partial Content"
2026-07-23 02:34:29,018 httpx INFO HTTP Request: GET https://huggingface.co/datasets/wikimedia/wikipedia/resolve/b04c8d1ceb2f5cd4588862100d08de323dccfbaa/20231101.en/train-00002-of-00041.parquet "HTTP/1.1 302 Found"
2026-07-23 02:34:29,525 httpx INFO HTTP Request: GET https://us.aws.cdn.hf.co/xet-bridge-us/621ffdd236468d709f184284/21da33e9986d3bf16ae024e3b2eb9dcaf11433cf0c191e0570f0956264f76448?X-Xet-Cas-Uid=public&response-content-disposition=inline%3B+filename*%3DUTF-8%27%27train-00002-of-00041.parquet%3B+filename%3D%22train-00002-of-00041.parquet%22%3B&user_id=public&Expires=1784748868&Policy=eyJTdGF0ZW1lbnQiOlt7IlJlc291cmNlIjoiaHR0cHM6Ly91cy5hd3MuY2RuLmhmLmNvL3hldC1icmlkZ2UtdXMvNjIxZmZkZDIzNjQ2OGQ3MDlmMTg0Mjg0LzIxZGEzM2U5OTg2ZDNiZjE2YWUwMjRlM2IyZWI5ZGNhZjExNDMzY2YwYzE5MWUwNTcwZjA5NTYyNjRmNzY0NDhcXD9YLVhldC1DYXMtVWlkPXB1YmxpYyZyZXNwb25zZS1jb250ZW50LWRpc3Bvc2l0aW9uPWlubGluZSUzQitmaWxlbmFtZSUyQSUzRFVURi04JTI3JTI3dHJhaW4tMDAwMDItb2YtMDAwNDEucGFycXVldCUzQitmaWxlbmFtZSUzRCUyMnRyYWluLTAwMDAyLW9mLTAwMDQxLnBhcnF1ZXQlMjIlM0ImdXNlcl9pZD1wdWJsaWMiLCJDb25kaXRpb24iOnsiRGF0ZUxlc3NUaGFuIjp7IkVwb2NoVGltZSI6MTc4NDc0ODg2OH0sIkJ5dGVSYW5nZSI6eyJFeHBlY3RlZEhlYWRlciI6ImJ5dGVzPTEzNTE4NjA0Ny0xNjgwMDI0ODUifX19XX0_&Signature=MEUCIQDsQSa-xfolZt3aMG%7EK0fyTDtZPvAyQSM1bYLkqCBuW5QIgOqtg7vaO53YDq5xzaz7QjviX8FQ%7EeOtGFEDhvYdx0DQ_&Key-Pair-Id=01KXEF4KZ1B6FV465MAWR4M21F "HTTP/1.1 206 Partial Content"
2026-07-23 02:34:31,556 httpx INFO HTTP Request: GET https://huggingface.co/datasets/wikimedia/wikipedia/resolve/b04c8d1ceb2f5cd4588862100d08de323dccfbaa/20231101.en/train-00002-of-00041.parquet "HTTP/1.1 302 Found"
2026-07-23 02:34:32,044 httpx INFO HTTP Request: GET https://us.aws.cdn.hf.co/xet-bridge-us/621ffdd236468d709f184284/21da33e9986d3bf16ae024e3b2eb9dcaf11433cf0c191e0570f0956264f76448?response-content-disposition=inline%3B+filename*%3DUTF-8%27%27train-00002-of-00041.parquet%3B+filename%3D%22train-00002-of-00041.parquet%22%3B&user_id=public&X-Xet-Cas-Uid=public&Expires=1784748871&Policy=eyJTdGF0ZW1lbnQiOlt7IlJlc291cmNlIjoiaHR0cHM6Ly91cy5hd3MuY2RuLmhmLmNvL3hldC1icmlkZ2UtdXMvNjIxZmZkZDIzNjQ2OGQ3MDlmMTg0Mjg0LzIxZGEzM2U5OTg2ZDNiZjE2YWUwMjRlM2IyZWI5ZGNhZjExNDMzY2YwYzE5MWUwNTcwZjA5NTYyNjRmNzY0NDhcXD9yZXNwb25zZS1jb250ZW50LWRpc3Bvc2l0aW9uPWlubGluZSUzQitmaWxlbmFtZSUyQSUzRFVURi04JTI3JTI3dHJhaW4tMDAwMDItb2YtMDAwNDEucGFycXVldCUzQitmaWxlbmFtZSUzRCUyMnRyYWluLTAwMDAyLW9mLTAwMDQxLnBhcnF1ZXQlMjIlM0ImdXNlcl9pZD1wdWJsaWMmWC1YZXQtQ2FzLVVpZD1wdWJsaWMiLCJDb25kaXRpb24iOnsiRGF0ZUxlc3NUaGFuIjp7IkVwb2NoVGltZSI6MTc4NDc0ODg3MX0sIkJ5dGVSYW5nZSI6eyJFeHBlY3RlZEhlYWRlciI6ImJ5dGVzPTE2ODAwMjQ4Ni0yMDA5NjUwNTkifX19XX0_&Signature=MEYCIQCD-OZ3NQYjHduC4apcx%7ETDoaEGWgXxTzXxEArtnC0hjAIhAIK8In1n%7EJ5nj6J4VzVCp5qX8sC-Wn6Bz9yFIVBcz0gu&Key-Pair-Id=01KXEF4KZ1B6FV465MAWR4M21F "HTTP/1.1 206 Partial Content"
2026-07-23 02:34:33,846 httpx INFO HTTP Request: GET https://huggingface.co/datasets/wikimedia/wikipedia/resolve/b04c8d1ceb2f5cd4588862100d08de323dccfbaa/20231101.en/train-00002-of-00041.parquet "HTTP/1.1 302 Found"
2026-07-23 02:34:34,334 httpx INFO HTTP Request: GET https://us.aws.cdn.hf.co/xet-bridge-us/621ffdd236468d709f184284/21da33e9986d3bf16ae024e3b2eb9dcaf11433cf0c191e0570f0956264f76448?X-Xet-Cas-Uid=public&user_id=public&response-content-disposition=inline%3B+filename*%3DUTF-8%27%27train-00002-of-00041.parquet%3B+filename%3D%22train-00002-of-00041.parquet%22%3B&Expires=1784748873&Policy=eyJTdGF0ZW1lbnQiOlt7IlJlc291cmNlIjoiaHR0cHM6Ly91cy5hd3MuY2RuLmhmLmNvL3hldC1icmlkZ2UtdXMvNjIxZmZkZDIzNjQ2OGQ3MDlmMTg0Mjg0LzIxZGEzM2U5OTg2ZDNiZjE2YWUwMjRlM2IyZWI5ZGNhZjExNDMzY2YwYzE5MWUwNTcwZjA5NTYyNjRmNzY0NDhcXD9YLVhldC1DYXMtVWlkPXB1YmxpYyZ1c2VyX2lkPXB1YmxpYyZyZXNwb25zZS1jb250ZW50LWRpc3Bvc2l0aW9uPWlubGluZSUzQitmaWxlbmFtZSUyQSUzRFVURi04JTI3JTI3dHJhaW4tMDAwMDItb2YtMDAwNDEucGFycXVldCUzQitmaWxlbmFtZSUzRCUyMnRyYWluLTAwMDAyLW9mLTAwMDQxLnBhcnF1ZXQlMjIlM0IiLCJDb25kaXRpb24iOnsiRGF0ZUxlc3NUaGFuIjp7IkVwb2NoVGltZSI6MTc4NDc0ODg3M30sIkJ5dGVSYW5nZSI6eyJFeHBlY3RlZEhlYWRlciI6ImJ5dGVzPTIwMDk2NTA2MC0yMzM0Nzc2MDQifX19XX0_&Signature=MEUCIQCwxXXZshHWUHe4bJgNltjlV09esQ8ulj02-oDZ6lMUewIgYAehPf8nuLqK9QBCLpVlp1X14BvKE6Bx37qDaomd7bo_&Key-Pair-Id=01KXEF4KZ1B6FV465MAWR4M21F "HTTP/1.1 206 Partial Content"
2026-07-23 02:34:36,268 httpx INFO HTTP Request: GET https://huggingface.co/datasets/wikimedia/wikipedia/resolve/b04c8d1ceb2f5cd4588862100d08de323dccfbaa/20231101.en/train-00002-of-00041.parquet "HTTP/1.1 302 Found"
2026-07-23 02:34:36,774 httpx INFO HTTP Request: GET https://us.aws.cdn.hf.co/xet-bridge-us/621ffdd236468d709f184284/21da33e9986d3bf16ae024e3b2eb9dcaf11433cf0c191e0570f0956264f76448?X-Xet-Cas-Uid=public&user_id=public&response-content-disposition=inline%3B+filename*%3DUTF-8%27%27train-00002-of-00041.parquet%3B+filename%3D%22train-00002-of-00041.parquet%22%3B&Expires=1784748876&Policy=eyJTdGF0ZW1lbnQiOlt7IlJlc291cmNlIjoiaHR0cHM6Ly91cy5hd3MuY2RuLmhmLmNvL3hldC1icmlkZ2UtdXMvNjIxZmZkZDIzNjQ2OGQ3MDlmMTg0Mjg0LzIxZGEzM2U5OTg2ZDNiZjE2YWUwMjRlM2IyZWI5ZGNhZjExNDMzY2YwYzE5MWUwNTcwZjA5NTYyNjRmNzY0NDhcXD9YLVhldC1DYXMtVWlkPXB1YmxpYyZ1c2VyX2lkPXB1YmxpYyZyZXNwb25zZS1jb250ZW50LWRpc3Bvc2l0aW9uPWlubGluZSUzQitmaWxlbmFtZSUyQSUzRFVURi04JTI3JTI3dHJhaW4tMDAwMDItb2YtMDAwNDEucGFycXVldCUzQitmaWxlbmFtZSUzRCUyMnRyYWluLTAwMDAyLW9mLTAwMDQxLnBhcnF1ZXQlMjIlM0IiLCJDb25kaXRpb24iOnsiRGF0ZUxlc3NUaGFuIjp7IkVwb2NoVGltZSI6MTc4NDc0ODg3Nn0sIkJ5dGVSYW5nZSI6eyJFeHBlY3RlZEhlYWRlciI6ImJ5dGVzPTIzMzQ3NzYwNS0yNjU0NjMyNTcifX19XX0_&Signature=MEYCIQCIef0I%7EYMh9ceZqFsHrBzPEe0OZ8wtfgGW7Yr9bamWygIhAORNnCAYqkjbMdXcPu2XJpTNlsGvipLViaw7k5gqR39L&Key-Pair-Id=01KXEF4KZ1B6FV465MAWR4M21F "HTTP/1.1 206 Partial Content"
2026-07-23 02:34:38,396 httpx INFO HTTP Request: GET https://huggingface.co/datasets/wikimedia/wikipedia/resolve/b04c8d1ceb2f5cd4588862100d08de323dccfbaa/20231101.en/train-00002-of-00041.parquet "HTTP/1.1 302 Found"
2026-07-23 02:34:38,884 httpx INFO HTTP Request: GET https://us.aws.cdn.hf.co/xet-bridge-us/621ffdd236468d709f184284/21da33e9986d3bf16ae024e3b2eb9dcaf11433cf0c191e0570f0956264f76448?X-Xet-Cas-Uid=public&response-content-disposition=inline%3B+filename*%3DUTF-8%27%27train-00002-of-00041.parquet%3B+filename%3D%22train-00002-of-00041.parquet%22%3B&user_id=public&Expires=1784748878&Policy=eyJTdGF0ZW1lbnQiOlt7IlJlc291cmNlIjoiaHR0cHM6Ly91cy5hd3MuY2RuLmhmLmNvL3hldC1icmlkZ2UtdXMvNjIxZmZkZDIzNjQ2OGQ3MDlmMTg0Mjg0LzIxZGEzM2U5OTg2ZDNiZjE2YWUwMjRlM2IyZWI5ZGNhZjExNDMzY2YwYzE5MWUwNTcwZjA5NTYyNjRmNzY0NDhcXD9YLVhldC1DYXMtVWlkPXB1YmxpYyZyZXNwb25zZS1jb250ZW50LWRpc3Bvc2l0aW9uPWlubGluZSUzQitmaWxlbmFtZSUyQSUzRFVURi04JTI3JTI3dHJhaW4tMDAwMDItb2YtMDAwNDEucGFycXVldCUzQitmaWxlbmFtZSUzRCUyMnRyYWluLTAwMDAyLW9mLTAwMDQxLnBhcnF1ZXQlMjIlM0ImdXNlcl9pZD1wdWJsaWMiLCJDb25kaXRpb24iOnsiRGF0ZUxlc3NUaGFuIjp7IkVwb2NoVGltZSI6MTc4NDc0ODg3OH0sIkJ5dGVSYW5nZSI6eyJFeHBlY3RlZEhlYWRlciI6ImJ5dGVzPTI2NTQ2MzI1OC0yOTg1Njk0OTkifX19XX0_&Signature=MEQCIC3Ij5ek72XyYJgXcAZMcrN2rD3SAyVUokusm4gKg7rMAiBPacZ9IKC5KnJO2ciXt1QKZQrI5ILiYxmYHQydU7-1Nw__&Key-Pair-Id=01KXEF4KZ1B6FV465MAWR4M21F "HTTP/1.1 206 Partial Content"
2026-07-23 02:34:40,830 httpx INFO HTTP Request: GET https://huggingface.co/datasets/wikimedia/wikipedia/resolve/b04c8d1ceb2f5cd4588862100d08de323dccfbaa/20231101.en/train-00002-of-00041.parquet "HTTP/1.1 302 Found"
2026-07-23 02:34:41,304 httpx INFO HTTP Request: GET https://us.aws.cdn.hf.co/xet-bridge-us/621ffdd236468d709f184284/21da33e9986d3bf16ae024e3b2eb9dcaf11433cf0c191e0570f0956264f76448?X-Xet-Cas-Uid=public&user_id=public&response-content-disposition=inline%3B+filename*%3DUTF-8%27%27train-00002-of-00041.parquet%3B+filename%3D%22train-00002-of-00041.parquet%22%3B&Expires=1784748880&Policy=eyJTdGF0ZW1lbnQiOlt7IlJlc291cmNlIjoiaHR0cHM6Ly91cy5hd3MuY2RuLmhmLmNvL3hldC1icmlkZ2UtdXMvNjIxZmZkZDIzNjQ2OGQ3MDlmMTg0Mjg0LzIxZGEzM2U5OTg2ZDNiZjE2YWUwMjRlM2IyZWI5ZGNhZjExNDMzY2YwYzE5MWUwNTcwZjA5NTYyNjRmNzY0NDhcXD9YLVhldC1DYXMtVWlkPXB1YmxpYyZ1c2VyX2lkPXB1YmxpYyZyZXNwb25zZS1jb250ZW50LWRpc3Bvc2l0aW9uPWlubGluZSUzQitmaWxlbmFtZSUyQSUzRFVURi04JTI3JTI3dHJhaW4tMDAwMDItb2YtMDAwNDEucGFycXVldCUzQitmaWxlbmFtZSUzRCUyMnRyYWluLTAwMDAyLW9mLTAwMDQxLnBhcnF1ZXQlMjIlM0IiLCJDb25kaXRpb24iOnsiRGF0ZUxlc3NUaGFuIjp7IkVwb2NoVGltZSI6MTc4NDc0ODg4MH0sIkJ5dGVSYW5nZSI6eyJFeHBlY3RlZEhlYWRlciI6ImJ5dGVzPTI5ODU2OTUwMC0zMjkwMjQ2NjgifX19XX0_&Signature=MEQCIAYplmyFmTyaG70sa8WY2mUBfKZp5zovPTTKTUhx1XlFAiBWDjgK0ruUFVCe7DMFXFravhYBwVBRYZyoYNx4biwqZA__&Key-Pair-Id=01KXEF4KZ1B6FV465MAWR4M21F "HTTP/1.1 206 Partial Content"
2026-07-23 02:34:57,832 build_rag_index INFO scanned=313311 kept=57600 passages=150747 elapsed=25941s (12.1 scanned/s)
2026-07-23 02:35:48,425 build_rag_index INFO scanned=314403 kept=57800 passages=151140 elapsed=25991s (12.1 scanned/s)
2026-07-23 02:36:54,478 build_rag_index INFO scanned=315605 kept=58000 passages=151634 elapsed=26057s (12.1 scanned/s)
2026-07-23 02:37:51,190 build_rag_index INFO scanned=316638 kept=58200 passages=152086 elapsed=26114s (12.1 scanned/s)
2026-07-23 02:38:54,939 build_rag_index INFO scanned=317798 kept=58400 passages=152590 elapsed=26178s (12.1 scanned/s)
2026-07-23 02:39:52,855 build_rag_index INFO scanned=319103 kept=58600 passages=153049 elapsed=26236s (12.2 scanned/s)
2026-07-23 02:40:42,071 build_rag_index INFO scanned=320237 kept=58800 passages=153450 elapsed=26285s (12.2 scanned/s)
2026-07-23 02:41:45,176 build_rag_index INFO scanned=321361 kept=59000 passages=153946 elapsed=26348s (12.2 scanned/s)
2026-07-23 02:42:27,823 build_rag_index INFO scanned=322296 kept=59200 passages=154268 elapsed=26391s (12.2 scanned/s)
2026-07-23 02:42:59,795 build_rag_index INFO scanned=322970 kept=59400 passages=154549 elapsed=26423s (12.2 scanned/s)
2026-07-23 02:43:37,600 build_rag_index INFO scanned=323584 kept=59600 passages=154827 elapsed=26460s (12.2 scanned/s)
2026-07-23 02:44:31,891 build_rag_index INFO scanned=324682 kept=59800 passages=155254 elapsed=26515s (12.2 scanned/s)
2026-07-23 02:45:06,370 build_rag_index INFO scanned=325305 kept=60000 passages=155513 elapsed=26549s (12.3 scanned/s)
2026-07-23 02:45:56,978 build_rag_index INFO scanned=326538 kept=60200 passages=155924 elapsed=26600s (12.3 scanned/s)
2026-07-23 02:46:58,895 build_rag_index INFO scanned=327891 kept=60400 passages=156380 elapsed=26662s (12.3 scanned/s)
2026-07-23 02:48:00,080 build_rag_index INFO scanned=329071 kept=60600 passages=156830 elapsed=26723s (12.3 scanned/s)
2026-07-23 02:49:05,028 build_rag_index INFO scanned=330310 kept=60800 passages=157346 elapsed=26788s (12.3 scanned/s)
2026-07-23 02:50:07,821 build_rag_index INFO scanned=331452 kept=61000 passages=157836 elapsed=26851s (12.3 scanned/s)
2026-07-23 02:51:00,583 build_rag_index INFO scanned=332752 kept=61200 passages=158246 elapsed=26903s (12.4 scanned/s)
2026-07-23 02:51:56,884 build_rag_index INFO scanned=333836 kept=61400 passages=158703 elapsed=26960s (12.4 scanned/s)
2026-07-23 02:52:53,195 build_rag_index INFO scanned=334907 kept=61600 passages=159133 elapsed=27016s (12.4 scanned/s)
2026-07-23 02:53:54,686 build_rag_index INFO scanned=336143 kept=61800 passages=159585 elapsed=27077s (12.4 scanned/s)
2026-07-23 02:54:47,663 build_rag_index INFO scanned=337314 kept=62000 passages=160017 elapsed=27130s (12.4 scanned/s)
2026-07-23 02:55:38,291 build_rag_index INFO scanned=338467 kept=62200 passages=160414 elapsed=27181s (12.5 scanned/s)
2026-07-23 02:56:11,345 build_rag_index INFO scanned=339252 kept=62400 passages=160681 elapsed=27214s (12.5 scanned/s)
2026-07-23 02:57:05,068 build_rag_index INFO scanned=340050 kept=62600 passages=161122 elapsed=27268s (12.5 scanned/s)
2026-07-23 02:58:00,746 build_rag_index INFO scanned=341079 kept=62800 passages=161543 elapsed=27323s (12.5 scanned/s)
2026-07-23 02:58:59,657 build_rag_index INFO scanned=342206 kept=63000 passages=161965 elapsed=27382s (12.5 scanned/s)
2026-07-23 02:59:44,748 build_rag_index INFO scanned=343196 kept=63200 passages=162336 elapsed=27427s (12.5 scanned/s)
2026-07-23 03:00:43,815 build_rag_index INFO scanned=344429 kept=63400 passages=162801 elapsed=27487s (12.5 scanned/s)
2026-07-23 03:01:42,063 build_rag_index INFO scanned=345579 kept=63600 passages=163254 elapsed=27545s (12.5 scanned/s)
2026-07-23 03:02:44,346 build_rag_index INFO scanned=346712 kept=63800 passages=163727 elapsed=27607s (12.6 scanned/s)
2026-07-23 03:03:33,851 build_rag_index INFO scanned=347668 kept=64000 passages=164127 elapsed=27657s (12.6 scanned/s)
2026-07-23 03:04:33,948 build_rag_index INFO scanned=348975 kept=64200 passages=164603 elapsed=27717s (12.6 scanned/s)
2026-07-23 03:05:32,774 build_rag_index INFO scanned=350052 kept=64400 passages=165051 elapsed=27776s (12.6 scanned/s)
2026-07-23 03:06:30,242 build_rag_index INFO scanned=351216 kept=64600 passages=165513 elapsed=27833s (12.6 scanned/s)
2026-07-23 03:07:38,082 build_rag_index INFO scanned=352494 kept=64800 passages=166032 elapsed=27901s (12.6 scanned/s)
2026-07-23 03:08:27,158 build_rag_index INFO scanned=353732 kept=65000 passages=166440 elapsed=27950s (12.7 scanned/s)
2026-07-23 03:09:34,877 build_rag_index INFO scanned=354899 kept=65200 passages=166966 elapsed=28018s (12.7 scanned/s)
2026-07-23 03:10:47,331 build_rag_index INFO scanned=356123 kept=65400 passages=167510 elapsed=28090s (12.7 scanned/s)
2026-07-23 03:11:48,806 build_rag_index INFO scanned=357198 kept=65600 passages=168009 elapsed=28152s (12.7 scanned/s)
2026-07-23 03:12:54,338 build_rag_index INFO scanned=358305 kept=65800 passages=168519 elapsed=28217s (12.7 scanned/s)
2026-07-23 03:13:53,750 build_rag_index INFO scanned=359442 kept=66000 passages=168985 elapsed=28276s (12.7 scanned/s)
2026-07-23 03:15:00,254 build_rag_index INFO scanned=360634 kept=66200 passages=169500 elapsed=28343s (12.7 scanned/s)
2026-07-23 03:16:17,056 build_rag_index INFO scanned=361821 kept=66400 passages=170086 elapsed=28420s (12.7 scanned/s)
2026-07-23 03:17:18,782 build_rag_index INFO scanned=362948 kept=66600 passages=170559 elapsed=28482s (12.7 scanned/s)
2026-07-23 03:18:12,858 build_rag_index INFO scanned=364150 kept=66800 passages=171007 elapsed=28536s (12.8 scanned/s)
2026-07-23 03:19:17,270 build_rag_index INFO scanned=365219 kept=67000 passages=171500 elapsed=28600s (12.8 scanned/s)
2026-07-23 03:20:19,466 build_rag_index INFO scanned=366474 kept=67200 passages=171980 elapsed=28662s (12.8 scanned/s)
2026-07-23 03:21:28,515 build_rag_index INFO scanned=367695 kept=67400 passages=172510 elapsed=28731s (12.8 scanned/s)
2026-07-23 03:22:34,075 build_rag_index INFO scanned=368861 kept=67600 passages=173001 elapsed=28797s (12.8 scanned/s)
2026-07-23 03:23:29,857 build_rag_index INFO scanned=370102 kept=67800 passages=173449 elapsed=28853s (12.8 scanned/s)
2026-07-23 03:24:35,516 build_rag_index INFO scanned=371462 kept=68000 passages=173935 elapsed=28918s (12.8 scanned/s)
2026-07-23 03:25:33,063 build_rag_index INFO scanned=372762 kept=68200 passages=174385 elapsed=28976s (12.9 scanned/s)
2026-07-23 03:26:28,457 build_rag_index INFO scanned=373969 kept=68400 passages=174807 elapsed=29031s (12.9 scanned/s)
2026-07-23 03:27:26,373 build_rag_index INFO scanned=375103 kept=68600 passages=175250 elapsed=29089s (12.9 scanned/s)
2026-07-23 03:28:20,770 build_rag_index INFO scanned=376144 kept=68800 passages=175688 elapsed=29143s (12.9 scanned/s)
2026-07-23 03:29:17,999 build_rag_index INFO scanned=377370 kept=69000 passages=176121 elapsed=29201s (12.9 scanned/s)
2026-07-23 03:30:11,410 build_rag_index INFO scanned=378236 kept=69200 passages=176537 elapsed=29254s (12.9 scanned/s)
2026-07-23 03:31:00,847 build_rag_index INFO scanned=379159 kept=69400 passages=176919 elapsed=29304s (12.9 scanned/s)
2026-07-23 03:32:17,721 build_rag_index INFO scanned=380158 kept=69600 passages=177499 elapsed=29380s (12.9 scanned/s)
2026-07-23 03:33:07,881 build_rag_index INFO scanned=381233 kept=69800 passages=177904 elapsed=29431s (13.0 scanned/s)
2026-07-23 03:34:18,145 build_rag_index INFO scanned=382513 kept=70000 passages=178429 elapsed=29501s (13.0 scanned/s)
2026-07-23 03:35:22,330 build_rag_index INFO scanned=383888 kept=70200 passages=178916 elapsed=29565s (13.0 scanned/s)
2026-07-23 03:36:36,755 build_rag_index INFO scanned=385088 kept=70400 passages=179450 elapsed=29639s (13.0 scanned/s)
2026-07-23 03:37:43,642 build_rag_index INFO scanned=386202 kept=70600 passages=179975 elapsed=29706s (13.0 scanned/s)
2026-07-23 03:38:38,245 build_rag_index INFO scanned=387418 kept=70800 passages=180407 elapsed=29761s (13.0 scanned/s)
2026-07-23 03:39:47,492 build_rag_index INFO scanned=388598 kept=71000 passages=180944 elapsed=29830s (13.0 scanned/s)
2026-07-23 03:40:45,975 build_rag_index INFO scanned=389867 kept=71200 passages=181401 elapsed=29889s (13.0 scanned/s)
2026-07-23 03:41:39,683 build_rag_index INFO scanned=390867 kept=71400 passages=181818 elapsed=29942s (13.1 scanned/s)
2026-07-23 03:42:37,857 build_rag_index INFO scanned=391990 kept=71600 passages=182259 elapsed=30001s (13.1 scanned/s)
2026-07-23 03:43:38,103 build_rag_index INFO scanned=393037 kept=71800 passages=182710 elapsed=30061s (13.1 scanned/s)
2026-07-23 03:44:34,261 build_rag_index INFO scanned=394432 kept=72000 passages=183136 elapsed=30117s (13.1 scanned/s)
2026-07-23 03:45:27,271 build_rag_index INFO scanned=395428 kept=72200 passages=183551 elapsed=30170s (13.1 scanned/s)
2026-07-23 03:46:38,842 build_rag_index INFO scanned=396555 kept=72400 passages=184071 elapsed=30242s (13.1 scanned/s)
2026-07-23 03:47:32,362 build_rag_index INFO scanned=397668 kept=72600 passages=184458 elapsed=30295s (13.1 scanned/s)
2026-07-23 03:48:36,981 build_rag_index INFO scanned=398834 kept=72800 passages=184909 elapsed=30360s (13.1 scanned/s)
2026-07-23 03:49:48,031 build_rag_index INFO scanned=399967 kept=73000 passages=185408 elapsed=30431s (13.1 scanned/s)
2026-07-23 03:51:03,124 build_rag_index INFO scanned=401154 kept=73200 passages=185936 elapsed=30506s (13.2 scanned/s)
2026-07-23 03:51:56,560 build_rag_index INFO scanned=402247 kept=73400 passages=186338 elapsed=30559s (13.2 scanned/s)
2026-07-23 03:52:49,489 build_rag_index INFO scanned=403208 kept=73600 passages=186703 elapsed=30612s (13.2 scanned/s)
2026-07-23 03:53:46,188 build_rag_index INFO scanned=404499 kept=73800 passages=187112 elapsed=30669s (13.2 scanned/s)
2026-07-23 03:54:43,712 build_rag_index INFO scanned=405653 kept=74000 passages=187540 elapsed=30726s (13.2 scanned/s)
2026-07-23 03:55:48,365 build_rag_index INFO scanned=406759 kept=74200 passages=187996 elapsed=30791s (13.2 scanned/s)
2026-07-23 03:56:49,466 build_rag_index INFO scanned=407847 kept=74400 passages=188435 elapsed=30852s (13.2 scanned/s)
2026-07-23 03:57:41,488 build_rag_index INFO scanned=408882 kept=74600 passages=188806 elapsed=30904s (13.2 scanned/s)
2026-07-23 03:58:51,039 build_rag_index INFO scanned=410208 kept=74800 passages=189308 elapsed=30974s (13.2 scanned/s)
2026-07-23 03:59:50,449 build_rag_index INFO scanned=411263 kept=75000 passages=189734 elapsed=31033s (13.3 scanned/s)
2026-07-23 04:00:56,435 build_rag_index INFO scanned=412467 kept=75200 passages=190189 elapsed=31099s (13.3 scanned/s)
2026-07-23 04:01:50,956 build_rag_index INFO scanned=413798 kept=75400 passages=190580 elapsed=31154s (13.3 scanned/s)
2026-07-23 04:02:55,946 build_rag_index INFO scanned=415053 kept=75600 passages=191063 elapsed=31219s (13.3 scanned/s)
2026-07-23 04:04:01,833 build_rag_index INFO scanned=416257 kept=75800 passages=191549 elapsed=31285s (13.3 scanned/s)
2026-07-23 04:05:14,054 build_rag_index INFO scanned=417534 kept=76000 passages=192092 elapsed=31357s (13.3 scanned/s)
2026-07-23 04:06:17,624 build_rag_index INFO scanned=418546 kept=76200 passages=192554 elapsed=31420s (13.3 scanned/s)
2026-07-23 04:07:15,842 build_rag_index INFO scanned=419752 kept=76400 passages=192996 elapsed=31479s (13.3 scanned/s)
2026-07-23 04:08:16,020 build_rag_index INFO scanned=420719 kept=76600 passages=193463 elapsed=31539s (13.3 scanned/s)
2026-07-23 04:09:23,259 build_rag_index INFO scanned=421836 kept=76800 passages=193956 elapsed=31606s (13.3 scanned/s)
2026-07-23 04:10:23,837 build_rag_index INFO scanned=422914 kept=77000 passages=194413 elapsed=31667s (13.4 scanned/s)
2026-07-23 04:11:17,432 build_rag_index INFO scanned=424030 kept=77200 passages=194827 elapsed=31720s (13.4 scanned/s)
2026-07-23 04:12:17,015 build_rag_index INFO scanned=425154 kept=77400 passages=195289 elapsed=31780s (13.4 scanned/s)
2026-07-23 04:13:09,799 build_rag_index INFO scanned=426252 kept=77600 passages=195719 elapsed=31833s (13.4 scanned/s)
2026-07-23 04:14:16,106 build_rag_index INFO scanned=427269 kept=77800 passages=196219 elapsed=31899s (13.4 scanned/s)
2026-07-23 04:15:24,701 build_rag_index INFO scanned=428210 kept=78000 passages=196730 elapsed=31967s (13.4 scanned/s)
2026-07-23 04:16:29,275 build_rag_index INFO scanned=429219 kept=78200 passages=197213 elapsed=32032s (13.4 scanned/s)
2026-07-23 04:17:22,925 build_rag_index INFO scanned=430260 kept=78400 passages=197611 elapsed=32086s (13.4 scanned/s)
2026-07-23 04:18:25,820 build_rag_index INFO scanned=431276 kept=78600 passages=198103 elapsed=32149s (13.4 scanned/s)
2026-07-23 04:19:31,686 build_rag_index INFO scanned=432569 kept=78800 passages=198617 elapsed=32214s (13.4 scanned/s)
2026-07-23 04:20:43,046 build_rag_index INFO scanned=433832 kept=79000 passages=199146 elapsed=32286s (13.4 scanned/s)
2026-07-23 04:21:29,180 build_rag_index INFO scanned=434642 kept=79200 passages=199507 elapsed=32332s (13.4 scanned/s)
2026-07-23 04:22:24,062 build_rag_index INFO scanned=435936 kept=79400 passages=199914 elapsed=32387s (13.5 scanned/s)
2026-07-23 04:23:22,434 build_rag_index INFO scanned=436968 kept=79600 passages=200364 elapsed=32445s (13.5 scanned/s)
2026-07-23 04:24:22,220 build_rag_index INFO scanned=438058 kept=79800 passages=200835 elapsed=32505s (13.5 scanned/s)
2026-07-23 04:25:23,368 build_rag_index INFO scanned=439097 kept=80000 passages=201297 elapsed=32566s (13.5 scanned/s)
2026-07-23 04:26:15,755 build_rag_index INFO scanned=440172 kept=80200 passages=201695 elapsed=32618s (13.5 scanned/s)
2026-07-23 04:27:07,915 build_rag_index INFO scanned=441170 kept=80400 passages=202096 elapsed=32671s (13.5 scanned/s)
2026-07-23 04:28:05,093 build_rag_index INFO scanned=442356 kept=80600 passages=202551 elapsed=32728s (13.5 scanned/s)
2026-07-23 04:29:02,059 build_rag_index INFO scanned=443656 kept=80800 passages=202982 elapsed=32785s (13.5 scanned/s)
2026-07-23 04:30:02,391 build_rag_index INFO scanned=444897 kept=81000 passages=203448 elapsed=32845s (13.5 scanned/s)
2026-07-23 04:30:54,922 build_rag_index INFO scanned=445938 kept=81200 passages=203863 elapsed=32898s (13.6 scanned/s)
2026-07-23 04:31:41,806 build_rag_index INFO scanned=446965 kept=81400 passages=204235 elapsed=32945s (13.6 scanned/s)
2026-07-23 04:32:19,134 build_rag_index INFO scanned=447567 kept=81600 passages=204516 elapsed=32982s (13.6 scanned/s)
2026-07-23 04:32:55,597 build_rag_index INFO scanned=448155 kept=81800 passages=204809 elapsed=33018s (13.6 scanned/s)
2026-07-23 04:33:53,975 build_rag_index INFO scanned=449193 kept=82000 passages=205253 elapsed=33077s (13.6 scanned/s)
2026-07-23 04:34:40,969 build_rag_index INFO scanned=449884 kept=82200 passages=205605 elapsed=33124s (13.6 scanned/s)
2026-07-23 04:35:28,735 build_rag_index INFO scanned=450887 kept=82400 passages=205980 elapsed=33171s (13.6 scanned/s)
2026-07-23 04:36:11,414 build_rag_index INFO scanned=451617 kept=82600 passages=206306 elapsed=33214s (13.6 scanned/s)
2026-07-23 04:37:24,405 build_rag_index INFO scanned=452749 kept=82800 passages=206841 elapsed=33287s (13.6 scanned/s)
2026-07-23 04:38:41,331 build_rag_index INFO scanned=453889 kept=83000 passages=207432 elapsed=33364s (13.6 scanned/s)
2026-07-23 04:39:41,694 build_rag_index INFO scanned=454998 kept=83200 passages=207903 elapsed=33424s (13.6 scanned/s)
2026-07-23 04:40:36,127 build_rag_index INFO scanned=456185 kept=83400 passages=208329 elapsed=33479s (13.6 scanned/s)
2026-07-23 04:41:34,130 build_rag_index INFO scanned=457265 kept=83600 passages=208771 elapsed=33537s (13.6 scanned/s)
2026-07-23 04:42:35,182 build_rag_index INFO scanned=458317 kept=83800 passages=209237 elapsed=33598s (13.6 scanned/s)
2026-07-23 04:43:33,654 build_rag_index INFO scanned=459369 kept=84000 passages=209688 elapsed=33656s (13.6 scanned/s)
2026-07-23 04:44:44,520 build_rag_index INFO scanned=460349 kept=84200 passages=210214 elapsed=33727s (13.6 scanned/s)
2026-07-23 04:45:44,975 build_rag_index INFO scanned=461366 kept=84400 passages=210682 elapsed=33788s (13.7 scanned/s)
2026-07-23 04:47:03,230 build_rag_index INFO scanned=462503 kept=84600 passages=211272 elapsed=33866s (13.7 scanned/s)
2026-07-23 04:47:57,484 build_rag_index INFO scanned=463604 kept=84800 passages=211679 elapsed=33920s (13.7 scanned/s)
2026-07-23 04:48:59,348 build_rag_index INFO scanned=464910 kept=85000 passages=212148 elapsed=33982s (13.7 scanned/s)
2026-07-23 04:50:04,475 build_rag_index INFO scanned=466123 kept=85200 passages=212632 elapsed=34047s (13.7 scanned/s)
2026-07-23 04:51:03,438 build_rag_index INFO scanned=467395 kept=85400 passages=213100 elapsed=34106s (13.7 scanned/s)
2026-07-23 04:52:01,478 build_rag_index INFO scanned=468575 kept=85600 passages=213536 elapsed=34164s (13.7 scanned/s)
2026-07-23 04:52:09,605 httpx INFO HTTP Request: GET https://huggingface.co/datasets/wikimedia/wikipedia/resolve/b04c8d1ceb2f5cd4588862100d08de323dccfbaa/20231101.en/train-00003-of-00041.parquet "HTTP/1.1 302 Found"
2026-07-23 04:52:10,078 httpx INFO HTTP Request: GET https://us.aws.cdn.hf.co/xet-bridge-us/621ffdd236468d709f184284/07a02432b594ab7207fa8b58b807d2b599300b2d67699f47a88ab9ea4281ab93?X-Xet-Cas-Uid=public&response-content-disposition=inline%3B+filename*%3DUTF-8%27%27train-00003-of-00041.parquet%3B+filename%3D%22train-00003-of-00041.parquet%22%3B&user_id=public&Expires=1784757129&Policy=eyJTdGF0ZW1lbnQiOlt7IlJlc291cmNlIjoiaHR0cHM6Ly91cy5hd3MuY2RuLmhmLmNvL3hldC1icmlkZ2UtdXMvNjIxZmZkZDIzNjQ2OGQ3MDlmMTg0Mjg0LzA3YTAyNDMyYjU5NGFiNzIwN2ZhOGI1OGI4MDdkMmI1OTkzMDBiMmQ2NzY5OWY0N2E4OGFiOWVhNDI4MWFiOTNcXD9YLVhldC1DYXMtVWlkPXB1YmxpYyZyZXNwb25zZS1jb250ZW50LWRpc3Bvc2l0aW9uPWlubGluZSUzQitmaWxlbmFtZSUyQSUzRFVURi04JTI3JTI3dHJhaW4tMDAwMDMtb2YtMDAwNDEucGFycXVldCUzQitmaWxlbmFtZSUzRCUyMnRyYWluLTAwMDAzLW9mLTAwMDQxLnBhcnF1ZXQlMjIlM0ImdXNlcl9pZD1wdWJsaWMiLCJDb25kaXRpb24iOnsiRGF0ZUxlc3NUaGFuIjp7IkVwb2NoVGltZSI6MTc4NDc1NzEyOX0sIkJ5dGVSYW5nZSI6eyJFeHBlY3RlZEhlYWRlciI6ImJ5dGVzPTMzMDcxMzg4OC0zMzA3Nzk0MjMifX19XX0_&Signature=MEUCIFOWdkO%7EgfJmDd5Ibe79DrUFWBnHf5aAvDiqKiTdXbnzAiEAmmX6bnPZ1qsCc4L32-hkAqsZ5mDI3KKNrwaCvefwRpY_&Key-Pair-Id=01KXEF4KZ1B6FV465MAWR4M21F "HTTP/1.1 206 Partial Content"
2026-07-23 04:52:10,514 httpx INFO HTTP Request: GET https://huggingface.co/datasets/wikimedia/wikipedia/resolve/b04c8d1ceb2f5cd4588862100d08de323dccfbaa/20231101.en/train-00003-of-00041.parquet "HTTP/1.1 302 Found"
2026-07-23 04:52:10,968 httpx INFO HTTP Request: GET https://us.aws.cdn.hf.co/xet-bridge-us/621ffdd236468d709f184284/07a02432b594ab7207fa8b58b807d2b599300b2d67699f47a88ab9ea4281ab93?user_id=public&X-Xet-Cas-Uid=public&response-content-disposition=inline%3B+filename*%3DUTF-8%27%27train-00003-of-00041.parquet%3B+filename%3D%22train-00003-of-00041.parquet%22%3B&Expires=1784757130&Policy=eyJTdGF0ZW1lbnQiOlt7IlJlc291cmNlIjoiaHR0cHM6Ly91cy5hd3MuY2RuLmhmLmNvL3hldC1icmlkZ2UtdXMvNjIxZmZkZDIzNjQ2OGQ3MDlmMTg0Mjg0LzA3YTAyNDMyYjU5NGFiNzIwN2ZhOGI1OGI4MDdkMmI1OTkzMDBiMmQ2NzY5OWY0N2E4OGFiOWVhNDI4MWFiOTNcXD91c2VyX2lkPXB1YmxpYyZYLVhldC1DYXMtVWlkPXB1YmxpYyZyZXNwb25zZS1jb250ZW50LWRpc3Bvc2l0aW9uPWlubGluZSUzQitmaWxlbmFtZSUyQSUzRFVURi04JTI3JTI3dHJhaW4tMDAwMDMtb2YtMDAwNDEucGFycXVldCUzQitmaWxlbmFtZSUzRCUyMnRyYWluLTAwMDAzLW9mLTAwMDQxLnBhcnF1ZXQlMjIlM0IiLCJDb25kaXRpb24iOnsiRGF0ZUxlc3NUaGFuIjp7IkVwb2NoVGltZSI6MTc4NDc1NzEzMH0sIkJ5dGVSYW5nZSI6eyJFeHBlY3RlZEhlYWRlciI6ImJ5dGVzPTMzMDMyODgyNy0zMzA3Nzk0MjMifX19XX0_&Signature=MEUCIQC%7EFITXKpoc2P37qluVjQYYhGVaacRcOVnwyUJSc2seOAIgYk1isdNemCy2TwEUPZbt1Ab%7EYYo0hdd1JiEQJKd3e9o_&Key-Pair-Id=01KXEF4KZ1B6FV465MAWR4M21F "HTTP/1.1 206 Partial Content"
2026-07-23 04:52:11,371 httpx INFO HTTP Request: GET https://huggingface.co/datasets/wikimedia/wikipedia/resolve/b04c8d1ceb2f5cd4588862100d08de323dccfbaa/20231101.en/train-00003-of-00041.parquet "HTTP/1.1 302 Found"
2026-07-23 04:52:11,829 httpx INFO HTTP Request: GET https://us.aws.cdn.hf.co/xet-bridge-us/621ffdd236468d709f184284/07a02432b594ab7207fa8b58b807d2b599300b2d67699f47a88ab9ea4281ab93?X-Xet-Cas-Uid=public&user_id=public&response-content-disposition=inline%3B+filename*%3DUTF-8%27%27train-00003-of-00041.parquet%3B+filename%3D%22train-00003-of-00041.parquet%22%3B&Expires=1784757131&Policy=eyJTdGF0ZW1lbnQiOlt7IlJlc291cmNlIjoiaHR0cHM6Ly91cy5hd3MuY2RuLmhmLmNvL3hldC1icmlkZ2UtdXMvNjIxZmZkZDIzNjQ2OGQ3MDlmMTg0Mjg0LzA3YTAyNDMyYjU5NGFiNzIwN2ZhOGI1OGI4MDdkMmI1OTkzMDBiMmQ2NzY5OWY0N2E4OGFiOWVhNDI4MWFiOTNcXD9YLVhldC1DYXMtVWlkPXB1YmxpYyZ1c2VyX2lkPXB1YmxpYyZyZXNwb25zZS1jb250ZW50LWRpc3Bvc2l0aW9uPWlubGluZSUzQitmaWxlbmFtZSUyQSUzRFVURi04JTI3JTI3dHJhaW4tMDAwMDMtb2YtMDAwNDEucGFycXVldCUzQitmaWxlbmFtZSUzRCUyMnRyYWluLTAwMDAzLW9mLTAwMDQxLnBhcnF1ZXQlMjIlM0IiLCJDb25kaXRpb24iOnsiRGF0ZUxlc3NUaGFuIjp7IkVwb2NoVGltZSI6MTc4NDc1NzEzMX0sIkJ5dGVSYW5nZSI6eyJFeHBlY3RlZEhlYWRlciI6ImJ5dGVzPTQtMzc1MjQwMDMifX19XX0_&Signature=MEUCIEn26pKQrfkl52lkGW-DLX2JUSG-z8PVrYk0dI4H1B0PAiEAjWWnBf%7E1qjBGl5iT9njMbePNSSbqHqfpLXasrjTILRg_&Key-Pair-Id=01KXEF4KZ1B6FV465MAWR4M21F "HTTP/1.1 206 Partial Content"
2026-07-23 04:52:13,730 httpx INFO HTTP Request: GET https://huggingface.co/datasets/wikimedia/wikipedia/resolve/b04c8d1ceb2f5cd4588862100d08de323dccfbaa/20231101.en/train-00003-of-00041.parquet "HTTP/1.1 302 Found"
2026-07-23 04:52:14,214 httpx INFO HTTP Request: GET https://us.aws.cdn.hf.co/xet-bridge-us/621ffdd236468d709f184284/07a02432b594ab7207fa8b58b807d2b599300b2d67699f47a88ab9ea4281ab93?X-Xet-Cas-Uid=public&user_id=public&response-content-disposition=inline%3B+filename*%3DUTF-8%27%27train-00003-of-00041.parquet%3B+filename%3D%22train-00003-of-00041.parquet%22%3B&Expires=1784757133&Policy=eyJTdGF0ZW1lbnQiOlt7IlJlc291cmNlIjoiaHR0cHM6Ly91cy5hd3MuY2RuLmhmLmNvL3hldC1icmlkZ2UtdXMvNjIxZmZkZDIzNjQ2OGQ3MDlmMTg0Mjg0LzA3YTAyNDMyYjU5NGFiNzIwN2ZhOGI1OGI4MDdkMmI1OTkzMDBiMmQ2NzY5OWY0N2E4OGFiOWVhNDI4MWFiOTNcXD9YLVhldC1DYXMtVWlkPXB1YmxpYyZ1c2VyX2lkPXB1YmxpYyZyZXNwb25zZS1jb250ZW50LWRpc3Bvc2l0aW9uPWlubGluZSUzQitmaWxlbmFtZSUyQSUzRFVURi04JTI3JTI3dHJhaW4tMDAwMDMtb2YtMDAwNDEucGFycXVldCUzQitmaWxlbmFtZSUzRCUyMnRyYWluLTAwMDAzLW9mLTAwMDQxLnBhcnF1ZXQlMjIlM0IiLCJDb25kaXRpb24iOnsiRGF0ZUxlc3NUaGFuIjp7IkVwb2NoVGltZSI6MTc4NDc1NzEzM30sIkJ5dGVSYW5nZSI6eyJFeHBlY3RlZEhlYWRlciI6ImJ5dGVzPTM3NTI0MDA0LTY5OTAzNTM3In19fV19&Signature=MEUCIQD3Mf3iDRHdNPCkgHJTXhK6rDxQU4yKwuVPO6zvjISwoQIgbHgpT%7EhQu%7Ernk55i7i1VV8DDQAjSbDpghFQm2e10Nwg_&Key-Pair-Id=01KXEF4KZ1B6FV465MAWR4M21F "HTTP/1.1 206 Partial Content"
2026-07-23 04:52:16,061 httpx INFO HTTP Request: GET https://huggingface.co/datasets/wikimedia/wikipedia/resolve/b04c8d1ceb2f5cd4588862100d08de323dccfbaa/20231101.en/train-00003-of-00041.parquet "HTTP/1.1 302 Found"
2026-07-23 04:52:16,521 httpx INFO HTTP Request: GET https://us.aws.cdn.hf.co/xet-bridge-us/621ffdd236468d709f184284/07a02432b594ab7207fa8b58b807d2b599300b2d67699f47a88ab9ea4281ab93?user_id=public&X-Xet-Cas-Uid=public&response-content-disposition=inline%3B+filename*%3DUTF-8%27%27train-00003-of-00041.parquet%3B+filename%3D%22train-00003-of-00041.parquet%22%3B&Expires=1784757135&Policy=eyJTdGF0ZW1lbnQiOlt7IlJlc291cmNlIjoiaHR0cHM6Ly91cy5hd3MuY2RuLmhmLmNvL3hldC1icmlkZ2UtdXMvNjIxZmZkZDIzNjQ2OGQ3MDlmMTg0Mjg0LzA3YTAyNDMyYjU5NGFiNzIwN2ZhOGI1OGI4MDdkMmI1OTkzMDBiMmQ2NzY5OWY0N2E4OGFiOWVhNDI4MWFiOTNcXD91c2VyX2lkPXB1YmxpYyZYLVhldC1DYXMtVWlkPXB1YmxpYyZyZXNwb25zZS1jb250ZW50LWRpc3Bvc2l0aW9uPWlubGluZSUzQitmaWxlbmFtZSUyQSUzRFVURi04JTI3JTI3dHJhaW4tMDAwMDMtb2YtMDAwNDEucGFycXVldCUzQitmaWxlbmFtZSUzRCUyMnRyYWluLTAwMDAzLW9mLTAwMDQxLnBhcnF1ZXQlMjIlM0IiLCJDb25kaXRpb24iOnsiRGF0ZUxlc3NUaGFuIjp7IkVwb2NoVGltZSI6MTc4NDc1NzEzNX0sIkJ5dGVSYW5nZSI6eyJFeHBlY3RlZEhlYWRlciI6ImJ5dGVzPTY5OTAzNTM4LTEwMTU0NzYxNCJ9fX1dfQ__&Signature=MEYCIQDuuH8k9cqrczJ%7E5YT-q53mnO6bgikVehXlunj8pj54kgIhAOCbR4vSX5mWNOC3WxVZRToRL%7Ei4ztnBzRKo5CTpyXj-&Key-Pair-Id=01KXEF4KZ1B6FV465MAWR4M21F "HTTP/1.1 206 Partial Content"
2026-07-23 04:52:18,838 httpx INFO HTTP Request: GET https://huggingface.co/datasets/wikimedia/wikipedia/resolve/b04c8d1ceb2f5cd4588862100d08de323dccfbaa/20231101.en/train-00003-of-00041.parquet "HTTP/1.1 302 Found"
2026-07-23 04:52:19,392 httpx INFO HTTP Request: GET https://us.aws.cdn.hf.co/xet-bridge-us/621ffdd236468d709f184284/07a02432b594ab7207fa8b58b807d2b599300b2d67699f47a88ab9ea4281ab93?user_id=public&response-content-disposition=inline%3B+filename*%3DUTF-8%27%27train-00003-of-00041.parquet%3B+filename%3D%22train-00003-of-00041.parquet%22%3B&X-Xet-Cas-Uid=public&Expires=1784757138&Policy=eyJTdGF0ZW1lbnQiOlt7IlJlc291cmNlIjoiaHR0cHM6Ly91cy5hd3MuY2RuLmhmLmNvL3hldC1icmlkZ2UtdXMvNjIxZmZkZDIzNjQ2OGQ3MDlmMTg0Mjg0LzA3YTAyNDMyYjU5NGFiNzIwN2ZhOGI1OGI4MDdkMmI1OTkzMDBiMmQ2NzY5OWY0N2E4OGFiOWVhNDI4MWFiOTNcXD91c2VyX2lkPXB1YmxpYyZyZXNwb25zZS1jb250ZW50LWRpc3Bvc2l0aW9uPWlubGluZSUzQitmaWxlbmFtZSUyQSUzRFVURi04JTI3JTI3dHJhaW4tMDAwMDMtb2YtMDAwNDEucGFycXVldCUzQitmaWxlbmFtZSUzRCUyMnRyYWluLTAwMDAzLW9mLTAwMDQxLnBhcnF1ZXQlMjIlM0ImWC1YZXQtQ2FzLVVpZD1wdWJsaWMiLCJDb25kaXRpb24iOnsiRGF0ZUxlc3NUaGFuIjp7IkVwb2NoVGltZSI6MTc4NDc1NzEzOH0sIkJ5dGVSYW5nZSI6eyJFeHBlY3RlZEhlYWRlciI6ImJ5dGVzPTEwMTU0NzYxNS0xMzQ1NTI0ODgifX19XX0_&Signature=MEQCIB%7EznEBtumSNRgX3SBS1tBfJ5UoQ3NVIkjHj35u23LHEAiA%7EG4U9CPCK6O6RW-kTJ07z7CwG0QReJV6MYrXR62hwFw__&Key-Pair-Id=01KXEF4KZ1B6FV465MAWR4M21F "HTTP/1.1 206 Partial Content"
2026-07-23 04:52:21,446 httpx INFO HTTP Request: GET https://huggingface.co/datasets/wikimedia/wikipedia/resolve/b04c8d1ceb2f5cd4588862100d08de323dccfbaa/20231101.en/train-00003-of-00041.parquet "HTTP/1.1 302 Found"
2026-07-23 04:52:21,909 httpx INFO HTTP Request: GET https://us.aws.cdn.hf.co/xet-bridge-us/621ffdd236468d709f184284/07a02432b594ab7207fa8b58b807d2b599300b2d67699f47a88ab9ea4281ab93?X-Xet-Cas-Uid=public&response-content-disposition=inline%3B+filename*%3DUTF-8%27%27train-00003-of-00041.parquet%3B+filename%3D%22train-00003-of-00041.parquet%22%3B&user_id=public&Expires=1784757141&Policy=eyJTdGF0ZW1lbnQiOlt7IlJlc291cmNlIjoiaHR0cHM6Ly91cy5hd3MuY2RuLmhmLmNvL3hldC1icmlkZ2UtdXMvNjIxZmZkZDIzNjQ2OGQ3MDlmMTg0Mjg0LzA3YTAyNDMyYjU5NGFiNzIwN2ZhOGI1OGI4MDdkMmI1OTkzMDBiMmQ2NzY5OWY0N2E4OGFiOWVhNDI4MWFiOTNcXD9YLVhldC1DYXMtVWlkPXB1YmxpYyZyZXNwb25zZS1jb250ZW50LWRpc3Bvc2l0aW9uPWlubGluZSUzQitmaWxlbmFtZSUyQSUzRFVURi04JTI3JTI3dHJhaW4tMDAwMDMtb2YtMDAwNDEucGFycXVldCUzQitmaWxlbmFtZSUzRCUyMnRyYWluLTAwMDAzLW9mLTAwMDQxLnBhcnF1ZXQlMjIlM0ImdXNlcl9pZD1wdWJsaWMiLCJDb25kaXRpb24iOnsiRGF0ZUxlc3NUaGFuIjp7IkVwb2NoVGltZSI6MTc4NDc1NzE0MX0sIkJ5dGVSYW5nZSI6eyJFeHBlY3RlZEhlYWRlciI6ImJ5dGVzPTEzNDU1MjQ4OS0xNjYwMzQ3NjEifX19XX0_&Signature=MEUCIEx4lKH61gplkPaw4v3wxs9JCHl%7Ehd8DvKDkCZKcf2gTAiEAtnRLU-0CbZVEppd7rtYmBz6d2LDvjTMJ9u3YngQTyF8_&Key-Pair-Id=01KXEF4KZ1B6FV465MAWR4M21F "HTTP/1.1 206 Partial Content"
2026-07-23 04:52:23,484 httpx INFO HTTP Request: GET https://huggingface.co/datasets/wikimedia/wikipedia/resolve/b04c8d1ceb2f5cd4588862100d08de323dccfbaa/20231101.en/train-00003-of-00041.parquet "HTTP/1.1 302 Found"
2026-07-23 04:52:23,970 httpx INFO HTTP Request: GET https://us.aws.cdn.hf.co/xet-bridge-us/621ffdd236468d709f184284/07a02432b594ab7207fa8b58b807d2b599300b2d67699f47a88ab9ea4281ab93?user_id=public&response-content-disposition=inline%3B+filename*%3DUTF-8%27%27train-00003-of-00041.parquet%3B+filename%3D%22train-00003-of-00041.parquet%22%3B&X-Xet-Cas-Uid=public&Expires=1784757143&Policy=eyJTdGF0ZW1lbnQiOlt7IlJlc291cmNlIjoiaHR0cHM6Ly91cy5hd3MuY2RuLmhmLmNvL3hldC1icmlkZ2UtdXMvNjIxZmZkZDIzNjQ2OGQ3MDlmMTg0Mjg0LzA3YTAyNDMyYjU5NGFiNzIwN2ZhOGI1OGI4MDdkMmI1OTkzMDBiMmQ2NzY5OWY0N2E4OGFiOWVhNDI4MWFiOTNcXD91c2VyX2lkPXB1YmxpYyZyZXNwb25zZS1jb250ZW50LWRpc3Bvc2l0aW9uPWlubGluZSUzQitmaWxlbmFtZSUyQSUzRFVURi04JTI3JTI3dHJhaW4tMDAwMDMtb2YtMDAwNDEucGFycXVldCUzQitmaWxlbmFtZSUzRCUyMnRyYWluLTAwMDAzLW9mLTAwMDQxLnBhcnF1ZXQlMjIlM0ImWC1YZXQtQ2FzLVVpZD1wdWJsaWMiLCJDb25kaXRpb24iOnsiRGF0ZUxlc3NUaGFuIjp7IkVwb2NoVGltZSI6MTc4NDc1NzE0M30sIkJ5dGVSYW5nZSI6eyJFeHBlY3RlZEhlYWRlciI6ImJ5dGVzPTE2NjAzNDc2Mi0xOTgwNDk1MjkifX19XX0_&Signature=MEYCIQCtfYfX9AmXt4PswEA-lJui1p2CaLAvf8KvD7jNUr0FWAIhAMfUZ8NwQh63TniiMYCPKHuVULgyA%7Efqf4QTVfKYby2f&Key-Pair-Id=01KXEF4KZ1B6FV465MAWR4M21F "HTTP/1.1 206 Partial Content"
2026-07-23 04:52:25,611 httpx INFO HTTP Request: GET https://huggingface.co/datasets/wikimedia/wikipedia/resolve/b04c8d1ceb2f5cd4588862100d08de323dccfbaa/20231101.en/train-00003-of-00041.parquet "HTTP/1.1 302 Found"
2026-07-23 04:52:26,219 httpx INFO HTTP Request: GET https://us.aws.cdn.hf.co/xet-bridge-us/621ffdd236468d709f184284/07a02432b594ab7207fa8b58b807d2b599300b2d67699f47a88ab9ea4281ab93?response-content-disposition=inline%3B+filename*%3DUTF-8%27%27train-00003-of-00041.parquet%3B+filename%3D%22train-00003-of-00041.parquet%22%3B&user_id=public&X-Xet-Cas-Uid=public&Expires=1784757145&Policy=eyJTdGF0ZW1lbnQiOlt7IlJlc291cmNlIjoiaHR0cHM6Ly91cy5hd3MuY2RuLmhmLmNvL3hldC1icmlkZ2UtdXMvNjIxZmZkZDIzNjQ2OGQ3MDlmMTg0Mjg0LzA3YTAyNDMyYjU5NGFiNzIwN2ZhOGI1OGI4MDdkMmI1OTkzMDBiMmQ2NzY5OWY0N2E4OGFiOWVhNDI4MWFiOTNcXD9yZXNwb25zZS1jb250ZW50LWRpc3Bvc2l0aW9uPWlubGluZSUzQitmaWxlbmFtZSUyQSUzRFVURi04JTI3JTI3dHJhaW4tMDAwMDMtb2YtMDAwNDEucGFycXVldCUzQitmaWxlbmFtZSUzRCUyMnRyYWluLTAwMDAzLW9mLTAwMDQxLnBhcnF1ZXQlMjIlM0ImdXNlcl9pZD1wdWJsaWMmWC1YZXQtQ2FzLVVpZD1wdWJsaWMiLCJDb25kaXRpb24iOnsiRGF0ZUxlc3NUaGFuIjp7IkVwb2NoVGltZSI6MTc4NDc1NzE0NX0sIkJ5dGVSYW5nZSI6eyJFeHBlY3RlZEhlYWRlciI6ImJ5dGVzPTE5ODA0OTUzMC0yMzEwMDEzNzAifX19XX0_&Signature=MEUCIGhCEspunF4BeZBB0AiAFBqqpDZp-Wo7PLW1yXQc6gZmAiEAnO9v3HROUaJwGaEN2WCs%7EFsMBI45f7jvEsEI2-p1gWI_&Key-Pair-Id=01KXEF4KZ1B6FV465MAWR4M21F "HTTP/1.1 206 Partial Content"
2026-07-23 04:52:27,949 httpx INFO HTTP Request: GET https://huggingface.co/datasets/wikimedia/wikipedia/resolve/b04c8d1ceb2f5cd4588862100d08de323dccfbaa/20231101.en/train-00003-of-00041.parquet "HTTP/1.1 302 Found"
2026-07-23 04:52:28,409 httpx INFO HTTP Request: GET https://us.aws.cdn.hf.co/xet-bridge-us/621ffdd236468d709f184284/07a02432b594ab7207fa8b58b807d2b599300b2d67699f47a88ab9ea4281ab93?response-content-disposition=inline%3B+filename*%3DUTF-8%27%27train-00003-of-00041.parquet%3B+filename%3D%22train-00003-of-00041.parquet%22%3B&X-Xet-Cas-Uid=public&user_id=public&Expires=1784757147&Policy=eyJTdGF0ZW1lbnQiOlt7IlJlc291cmNlIjoiaHR0cHM6Ly91cy5hd3MuY2RuLmhmLmNvL3hldC1icmlkZ2UtdXMvNjIxZmZkZDIzNjQ2OGQ3MDlmMTg0Mjg0LzA3YTAyNDMyYjU5NGFiNzIwN2ZhOGI1OGI4MDdkMmI1OTkzMDBiMmQ2NzY5OWY0N2E4OGFiOWVhNDI4MWFiOTNcXD9yZXNwb25zZS1jb250ZW50LWRpc3Bvc2l0aW9uPWlubGluZSUzQitmaWxlbmFtZSUyQSUzRFVURi04JTI3JTI3dHJhaW4tMDAwMDMtb2YtMDAwNDEucGFycXVldCUzQitmaWxlbmFtZSUzRCUyMnRyYWluLTAwMDAzLW9mLTAwMDQxLnBhcnF1ZXQlMjIlM0ImWC1YZXQtQ2FzLVVpZD1wdWJsaWMmdXNlcl9pZD1wdWJsaWMiLCJDb25kaXRpb24iOnsiRGF0ZUxlc3NUaGFuIjp7IkVwb2NoVGltZSI6MTc4NDc1NzE0N30sIkJ5dGVSYW5nZSI6eyJFeHBlY3RlZEhlYWRlciI6ImJ5dGVzPTIzMTAwMTM3MS0yNjQwMTY0MjMifX19XX0_&Signature=MEYCIQCS4nok%7E7FisUoR5L-gDcCueDUFGrQUqkcphc5I4YsKCQIhAOoTLtn9VfQFlulafwaHGA3GiKFOSaxmWH51Ci3C%7EY7g&Key-Pair-Id=01KXEF4KZ1B6FV465MAWR4M21F "HTTP/1.1 206 Partial Content"
2026-07-23 04:52:29,918 httpx INFO HTTP Request: GET https://huggingface.co/datasets/wikimedia/wikipedia/resolve/b04c8d1ceb2f5cd4588862100d08de323dccfbaa/20231101.en/train-00003-of-00041.parquet "HTTP/1.1 302 Found"
2026-07-23 04:52:30,418 httpx INFO HTTP Request: GET https://us.aws.cdn.hf.co/xet-bridge-us/621ffdd236468d709f184284/07a02432b594ab7207fa8b58b807d2b599300b2d67699f47a88ab9ea4281ab93?response-content-disposition=inline%3B+filename*%3DUTF-8%27%27train-00003-of-00041.parquet%3B+filename%3D%22train-00003-of-00041.parquet%22%3B&user_id=public&X-Xet-Cas-Uid=public&Expires=1784757149&Policy=eyJTdGF0ZW1lbnQiOlt7IlJlc291cmNlIjoiaHR0cHM6Ly91cy5hd3MuY2RuLmhmLmNvL3hldC1icmlkZ2UtdXMvNjIxZmZkZDIzNjQ2OGQ3MDlmMTg0Mjg0LzA3YTAyNDMyYjU5NGFiNzIwN2ZhOGI1OGI4MDdkMmI1OTkzMDBiMmQ2NzY5OWY0N2E4OGFiOWVhNDI4MWFiOTNcXD9yZXNwb25zZS1jb250ZW50LWRpc3Bvc2l0aW9uPWlubGluZSUzQitmaWxlbmFtZSUyQSUzRFVURi04JTI3JTI3dHJhaW4tMDAwMDMtb2YtMDAwNDEucGFycXVldCUzQitmaWxlbmFtZSUzRCUyMnRyYWluLTAwMDAzLW9mLTAwMDQxLnBhcnF1ZXQlMjIlM0ImdXNlcl9pZD1wdWJsaWMmWC1YZXQtQ2FzLVVpZD1wdWJsaWMiLCJDb25kaXRpb24iOnsiRGF0ZUxlc3NUaGFuIjp7IkVwb2NoVGltZSI6MTc4NDc1NzE0OX0sIkJ5dGVSYW5nZSI6eyJFeHBlY3RlZEhlYWRlciI6ImJ5dGVzPTI2NDAxNjQyNC0yOTYxMjk4MzUifX19XX0_&Signature=MEQCIG64xeSKt4BVL8HZi0qM0Os4bhij4G5-xre58toUiinSAiBJB%7EPjrsBff7m2wlmuKcbJIys0pjTa02Wq1C0-uH18zw__&Key-Pair-Id=01KXEF4KZ1B6FV465MAWR4M21F "HTTP/1.1 206 Partial Content"
2026-07-23 04:52:32,015 httpx INFO HTTP Request: GET https://huggingface.co/datasets/wikimedia/wikipedia/resolve/b04c8d1ceb2f5cd4588862100d08de323dccfbaa/20231101.en/train-00003-of-00041.parquet "HTTP/1.1 302 Found"
2026-07-23 04:52:32,519 httpx INFO HTTP Request: GET https://us.aws.cdn.hf.co/xet-bridge-us/621ffdd236468d709f184284/07a02432b594ab7207fa8b58b807d2b599300b2d67699f47a88ab9ea4281ab93?X-Xet-Cas-Uid=public&user_id=public&response-content-disposition=inline%3B+filename*%3DUTF-8%27%27train-00003-of-00041.parquet%3B+filename%3D%22train-00003-of-00041.parquet%22%3B&Expires=1784757151&Policy=eyJTdGF0ZW1lbnQiOlt7IlJlc291cmNlIjoiaHR0cHM6Ly91cy5hd3MuY2RuLmhmLmNvL3hldC1icmlkZ2UtdXMvNjIxZmZkZDIzNjQ2OGQ3MDlmMTg0Mjg0LzA3YTAyNDMyYjU5NGFiNzIwN2ZhOGI1OGI4MDdkMmI1OTkzMDBiMmQ2NzY5OWY0N2E4OGFiOWVhNDI4MWFiOTNcXD9YLVhldC1DYXMtVWlkPXB1YmxpYyZ1c2VyX2lkPXB1YmxpYyZyZXNwb25zZS1jb250ZW50LWRpc3Bvc2l0aW9uPWlubGluZSUzQitmaWxlbmFtZSUyQSUzRFVURi04JTI3JTI3dHJhaW4tMDAwMDMtb2YtMDAwNDEucGFycXVldCUzQitmaWxlbmFtZSUzRCUyMnRyYWluLTAwMDAzLW9mLTAwMDQxLnBhcnF1ZXQlMjIlM0IiLCJDb25kaXRpb24iOnsiRGF0ZUxlc3NUaGFuIjp7IkVwb2NoVGltZSI6MTc4NDc1NzE1MX0sIkJ5dGVSYW5nZSI6eyJFeHBlY3RlZEhlYWRlciI6ImJ5dGVzPTI5NjEyOTgzNi0zMjgxODQ0NjUifX19XX0_&Signature=MEUCIQCri-ooXN27ApQqKkAivqYiSYcXE9aZ4aXIkJqAzjJuQgIgZ1MBL4IaMrFNe7KEBzF0vOUS9pYNkWPRlcc9QRLf27Y_&Key-Pair-Id=01KXEF4KZ1B6FV465MAWR4M21F "HTTP/1.1 206 Partial Content"
2026-07-23 04:52:34,051 httpx INFO HTTP Request: GET https://huggingface.co/datasets/wikimedia/wikipedia/resolve/b04c8d1ceb2f5cd4588862100d08de323dccfbaa/20231101.en/train-00003-of-00041.parquet "HTTP/1.1 302 Found"
2026-07-23 04:52:34,538 httpx INFO HTTP Request: GET https://us.aws.cdn.hf.co/xet-bridge-us/621ffdd236468d709f184284/07a02432b594ab7207fa8b58b807d2b599300b2d67699f47a88ab9ea4281ab93?response-content-disposition=inline%3B+filename*%3DUTF-8%27%27train-00003-of-00041.parquet%3B+filename%3D%22train-00003-of-00041.parquet%22%3B&user_id=public&X-Xet-Cas-Uid=public&Expires=1784757153&Policy=eyJTdGF0ZW1lbnQiOlt7IlJlc291cmNlIjoiaHR0cHM6Ly91cy5hd3MuY2RuLmhmLmNvL3hldC1icmlkZ2UtdXMvNjIxZmZkZDIzNjQ2OGQ3MDlmMTg0Mjg0LzA3YTAyNDMyYjU5NGFiNzIwN2ZhOGI1OGI4MDdkMmI1OTkzMDBiMmQ2NzY5OWY0N2E4OGFiOWVhNDI4MWFiOTNcXD9yZXNwb25zZS1jb250ZW50LWRpc3Bvc2l0aW9uPWlubGluZSUzQitmaWxlbmFtZSUyQSUzRFVURi04JTI3JTI3dHJhaW4tMDAwMDMtb2YtMDAwNDEucGFycXVldCUzQitmaWxlbmFtZSUzRCUyMnRyYWluLTAwMDAzLW9mLTAwMDQxLnBhcnF1ZXQlMjIlM0ImdXNlcl9pZD1wdWJsaWMmWC1YZXQtQ2FzLVVpZD1wdWJsaWMiLCJDb25kaXRpb24iOnsiRGF0ZUxlc3NUaGFuIjp7IkVwb2NoVGltZSI6MTc4NDc1NzE1M30sIkJ5dGVSYW5nZSI6eyJFeHBlY3RlZEhlYWRlciI6ImJ5dGVzPTMyODE4NDQ2Ni0zMzA3Nzk0MjMifX19XX0_&Signature=MEQCIBSPV3%7EyrVQOsCuc3qNWkSKTVNN90Ty9BXPt-9nnXE-pAiBcvSkbE16VGP6HPpSCSGdSR4ZOvMWuyBfIXnsf2efuMQ__&Key-Pair-Id=01KXEF4KZ1B6FV465MAWR4M21F "HTTP/1.1 206 Partial Content"
2026-07-23 04:52:58,817 build_rag_index INFO scanned=469762 kept=85800 passages=213955 elapsed=34222s (13.7 scanned/s)
2026-07-23 04:54:14,000 build_rag_index INFO scanned=470829 kept=86000 passages=214519 elapsed=34297s (13.7 scanned/s)
2026-07-23 04:55:22,778 build_rag_index INFO scanned=471832 kept=86200 passages=215024 elapsed=34366s (13.7 scanned/s)
2026-07-23 04:56:20,457 build_rag_index INFO scanned=472886 kept=86400 passages=215484 elapsed=34423s (13.7 scanned/s)
2026-07-23 04:57:15,987 build_rag_index INFO scanned=473941 kept=86600 passages=215910 elapsed=34479s (13.7 scanned/s)
2026-07-23 04:58:09,644 build_rag_index INFO scanned=475252 kept=86800 passages=216362 elapsed=34532s (13.8 scanned/s)
2026-07-23 04:59:08,042 build_rag_index INFO scanned=476475 kept=87000 passages=216797 elapsed=34591s (13.8 scanned/s)
2026-07-23 05:00:08,472 build_rag_index INFO scanned=477676 kept=87200 passages=217274 elapsed=34651s (13.8 scanned/s)
2026-07-23 05:01:08,992 build_rag_index INFO scanned=479051 kept=87400 passages=217742 elapsed=34712s (13.8 scanned/s)
2026-07-23 05:02:07,716 build_rag_index INFO scanned=480348 kept=87600 passages=218198 elapsed=34770s (13.8 scanned/s)
2026-07-23 05:03:11,956 build_rag_index INFO scanned=481400 kept=87800 passages=218679 elapsed=34835s (13.8 scanned/s)
2026-07-23 05:04:22,178 build_rag_index INFO scanned=482478 kept=88000 passages=219194 elapsed=34905s (13.8 scanned/s)
2026-07-23 05:05:21,345 build_rag_index INFO scanned=483429 kept=88200 passages=219656 elapsed=34964s (13.8 scanned/s)
2026-07-23 05:06:10,086 build_rag_index INFO scanned=484339 kept=88400 passages=220056 elapsed=35013s (13.8 scanned/s)
2026-07-23 05:07:19,876 build_rag_index INFO scanned=485449 kept=88600 passages=220572 elapsed=35083s (13.8 scanned/s)
2026-07-23 05:08:22,237 build_rag_index INFO scanned=486603 kept=88800 passages=221044 elapsed=35145s (13.8 scanned/s)
2026-07-23 05:09:23,549 build_rag_index INFO scanned=487659 kept=89000 passages=221497 elapsed=35206s (13.9 scanned/s)
2026-07-23 05:10:26,208 build_rag_index INFO scanned=489014 kept=89200 passages=221990 elapsed=35269s (13.9 scanned/s)
2026-07-23 05:11:23,405 build_rag_index INFO scanned=490159 kept=89400 passages=222448 elapsed=35326s (13.9 scanned/s)
2026-07-23 05:12:18,502 build_rag_index INFO scanned=491252 kept=89600 passages=222883 elapsed=35381s (13.9 scanned/s)
2026-07-23 05:13:19,116 build_rag_index INFO scanned=492274 kept=89800 passages=223367 elapsed=35442s (13.9 scanned/s)
2026-07-23 05:14:10,155 build_rag_index INFO scanned=493453 kept=90000 passages=223770 elapsed=35493s (13.9 scanned/s)
2026-07-23 05:15:05,482 build_rag_index INFO scanned=494488 kept=90200 passages=224200 elapsed=35548s (13.9 scanned/s)
2026-07-23 05:16:06,193 build_rag_index INFO scanned=495540 kept=90400 passages=224680 elapsed=35609s (13.9 scanned/s)
2026-07-23 05:17:06,145 build_rag_index INFO scanned=496527 kept=90600 passages=225141 elapsed=35669s (13.9 scanned/s)
2026-07-23 05:18:09,654 build_rag_index INFO scanned=497662 kept=90800 passages=225643 elapsed=35732s (13.9 scanned/s)
2026-07-23 05:19:10,886 build_rag_index INFO scanned=499020 kept=91000 passages=226122 elapsed=35794s (13.9 scanned/s)
2026-07-23 05:20:02,629 build_rag_index INFO scanned=500140 kept=91200 passages=226536 elapsed=35845s (14.0 scanned/s)
2026-07-23 05:20:56,591 build_rag_index INFO scanned=501215 kept=91400 passages=226976 elapsed=35899s (14.0 scanned/s)
2026-07-23 05:21:48,563 build_rag_index INFO scanned=502342 kept=91600 passages=227392 elapsed=35951s (14.0 scanned/s)
2026-07-23 05:22:39,404 build_rag_index INFO scanned=503420 kept=91800 passages=227801 elapsed=36002s (14.0 scanned/s)
2026-07-23 05:23:42,858 build_rag_index INFO scanned=504530 kept=92000 passages=228296 elapsed=36066s (14.0 scanned/s)
2026-07-23 05:24:36,534 build_rag_index INFO scanned=505595 kept=92200 passages=228724 elapsed=36119s (14.0 scanned/s)
2026-07-23 05:25:37,783 build_rag_index INFO scanned=506806 kept=92400 passages=229199 elapsed=36181s (14.0 scanned/s)
2026-07-23 05:26:46,214 build_rag_index INFO scanned=507969 kept=92600 passages=229733 elapsed=36249s (14.0 scanned/s)
2026-07-23 05:27:40,517 build_rag_index INFO scanned=509107 kept=92800 passages=230153 elapsed=36303s (14.0 scanned/s)
2026-07-23 05:28:45,374 build_rag_index INFO scanned=510452 kept=93000 passages=230660 elapsed=36368s (14.0 scanned/s)
2026-07-23 05:29:48,393 build_rag_index INFO scanned=511805 kept=93200 passages=231140 elapsed=36431s (14.0 scanned/s)
2026-07-23 05:30:47,261 build_rag_index INFO scanned=512906 kept=93400 passages=231596 elapsed=36490s (14.1 scanned/s)
2026-07-23 05:31:40,335 build_rag_index INFO scanned=514042 kept=93600 passages=232022 elapsed=36543s (14.1 scanned/s)
2026-07-23 05:32:56,950 build_rag_index INFO scanned=515152 kept=93800 passages=232615 elapsed=36620s (14.1 scanned/s)
2026-07-23 05:34:02,667 build_rag_index INFO scanned=516561 kept=94000 passages=233121 elapsed=36685s (14.1 scanned/s)
2026-07-23 05:35:12,823 build_rag_index INFO scanned=517850 kept=94200 passages=233642 elapsed=36756s (14.1 scanned/s)
2026-07-23 05:36:05,256 build_rag_index INFO scanned=519068 kept=94400 passages=234054 elapsed=36808s (14.1 scanned/s)
2026-07-23 05:37:11,697 build_rag_index INFO scanned=520337 kept=94600 passages=234550 elapsed=36874s (14.1 scanned/s)
2026-07-23 05:38:14,801 build_rag_index INFO scanned=521552 kept=94800 passages=235044 elapsed=36938s (14.1 scanned/s)
2026-07-23 05:39:34,940 build_rag_index INFO scanned=522653 kept=95000 passages=235651 elapsed=37018s (14.1 scanned/s)
2026-07-23 05:40:24,307 build_rag_index INFO scanned=523350 kept=95200 passages=236049 elapsed=37067s (14.1 scanned/s)
2026-07-23 05:41:22,800 build_rag_index INFO scanned=524524 kept=95400 passages=236498 elapsed=37126s (14.1 scanned/s)
2026-07-23 05:42:23,902 build_rag_index INFO scanned=525703 kept=95600 passages=236960 elapsed=37187s (14.1 scanned/s)
2026-07-23 05:43:41,107 build_rag_index INFO scanned=526969 kept=95800 passages=237527 elapsed=37264s (14.1 scanned/s)
2026-07-23 05:44:47,238 build_rag_index INFO scanned=528057 kept=96000 passages=238037 elapsed=37330s (14.1 scanned/s)
2026-07-23 05:45:44,479 build_rag_index INFO scanned=529296 kept=96200 passages=238526 elapsed=37387s (14.2 scanned/s)
2026-07-23 05:46:59,145 build_rag_index INFO scanned=530507 kept=96400 passages=239073 elapsed=37462s (14.2 scanned/s)
2026-07-23 05:48:05,191 build_rag_index INFO scanned=531690 kept=96600 passages=239559 elapsed=37528s (14.2 scanned/s)
2026-07-23 05:49:05,387 build_rag_index INFO scanned=532795 kept=96800 passages=240013 elapsed=37588s (14.2 scanned/s)
2026-07-23 05:50:05,263 build_rag_index INFO scanned=533803 kept=97000 passages=240460 elapsed=37648s (14.2 scanned/s)
2026-07-23 05:51:14,280 build_rag_index INFO scanned=534953 kept=97200 passages=240984 elapsed=37717s (14.2 scanned/s)
2026-07-23 05:52:20,958 build_rag_index INFO scanned=536003 kept=97400 passages=241489 elapsed=37784s (14.2 scanned/s)
2026-07-23 05:53:32,628 build_rag_index INFO scanned=537092 kept=97600 passages=242001 elapsed=37855s (14.2 scanned/s)
2026-07-23 05:54:49,247 build_rag_index INFO scanned=538190 kept=97800 passages=242572 elapsed=37932s (14.2 scanned/s)
2026-07-23 05:55:49,403 build_rag_index INFO scanned=539358 kept=98000 passages=243017 elapsed=37992s (14.2 scanned/s)
2026-07-23 05:56:43,564 build_rag_index INFO scanned=540571 kept=98200 passages=243444 elapsed=38046s (14.2 scanned/s)
2026-07-23 05:57:36,673 build_rag_index INFO scanned=541727 kept=98400 passages=243851 elapsed=38099s (14.2 scanned/s)
2026-07-23 05:58:28,576 build_rag_index INFO scanned=542967 kept=98600 passages=244262 elapsed=38151s (14.2 scanned/s)
2026-07-23 05:59:27,461 build_rag_index INFO scanned=544094 kept=98800 passages=244727 elapsed=38210s (14.2 scanned/s)
2026-07-23 06:00:31,681 build_rag_index INFO scanned=545267 kept=99000 passages=245221 elapsed=38274s (14.2 scanned/s)
2026-07-23 06:01:43,260 build_rag_index INFO scanned=546496 kept=99200 passages=245772 elapsed=38346s (14.3 scanned/s)
2026-07-23 06:02:46,557 build_rag_index INFO scanned=547737 kept=99400 passages=246254 elapsed=38409s (14.3 scanned/s)
2026-07-23 06:03:54,027 build_rag_index INFO scanned=548824 kept=99600 passages=246774 elapsed=38477s (14.3 scanned/s)
2026-07-23 06:04:56,533 build_rag_index INFO scanned=549869 kept=99800 passages=247264 elapsed=38539s (14.3 scanned/s)
2026-07-23 06:05:52,461 build_rag_index INFO scanned=551011 kept=100000 passages=247688 elapsed=38595s (14.3 scanned/s)
2026-07-23 06:06:56,168 build_rag_index INFO scanned=552378 kept=100200 passages=248169 elapsed=38659s (14.3 scanned/s)
2026-07-23 06:08:00,246 build_rag_index INFO scanned=553494 kept=100400 passages=248646 elapsed=38723s (14.3 scanned/s)
2026-07-23 06:09:04,052 build_rag_index INFO scanned=554594 kept=100600 passages=249105 elapsed=38787s (14.3 scanned/s)
2026-07-23 06:10:04,679 build_rag_index INFO scanned=555579 kept=100800 passages=249538 elapsed=38847s (14.3 scanned/s)
2026-07-23 06:11:09,213 build_rag_index INFO scanned=556894 kept=101000 passages=250027 elapsed=38912s (14.3 scanned/s)
2026-07-23 06:12:15,603 build_rag_index INFO scanned=558121 kept=101200 passages=250534 elapsed=38978s (14.3 scanned/s)
2026-07-23 06:13:22,438 build_rag_index INFO scanned=559390 kept=101400 passages=251024 elapsed=39045s (14.3 scanned/s)
2026-07-23 06:14:21,755 build_rag_index INFO scanned=560401 kept=101600 passages=251462 elapsed=39104s (14.3 scanned/s)
2026-07-23 06:15:19,908 build_rag_index INFO scanned=561729 kept=101800 passages=251905 elapsed=39163s (14.3 scanned/s)
2026-07-23 06:16:09,326 build_rag_index INFO scanned=562860 kept=102000 passages=252300 elapsed=39212s (14.4 scanned/s)
2026-07-23 06:17:07,625 build_rag_index INFO scanned=563909 kept=102200 passages=252753 elapsed=39270s (14.4 scanned/s)
2026-07-23 06:17:57,823 build_rag_index INFO scanned=565188 kept=102400 passages=253169 elapsed=39321s (14.4 scanned/s)
2026-07-23 06:19:02,357 build_rag_index INFO scanned=566486 kept=102600 passages=253650 elapsed=39385s (14.4 scanned/s)
2026-07-23 06:19:59,226 build_rag_index INFO scanned=567463 kept=102800 passages=254094 elapsed=39442s (14.4 scanned/s)
2026-07-23 06:20:57,529 build_rag_index INFO scanned=568719 kept=103000 passages=254546 elapsed=39500s (14.4 scanned/s)
2026-07-23 06:21:55,819 build_rag_index INFO scanned=569928 kept=103200 passages=255015 elapsed=39559s (14.4 scanned/s)
2026-07-23 06:22:53,945 build_rag_index INFO scanned=571107 kept=103400 passages=255442 elapsed=39617s (14.4 scanned/s)
2026-07-23 06:23:52,281 build_rag_index INFO scanned=572326 kept=103600 passages=255875 elapsed=39675s (14.4 scanned/s)
2026-07-23 06:24:42,652 build_rag_index INFO scanned=573189 kept=103800 passages=256265 elapsed=39725s (14.4 scanned/s)
2026-07-23 06:25:36,627 build_rag_index INFO scanned=574358 kept=104000 passages=256664 elapsed=39779s (14.4 scanned/s)
2026-07-23 06:26:44,622 build_rag_index INFO scanned=575502 kept=104200 passages=257150 elapsed=39847s (14.4 scanned/s)
2026-07-23 06:27:44,954 build_rag_index INFO scanned=576774 kept=104400 passages=257614 elapsed=39908s (14.5 scanned/s)
2026-07-23 06:28:34,312 build_rag_index INFO scanned=577928 kept=104600 passages=258000 elapsed=39957s (14.5 scanned/s)
2026-07-23 06:29:23,445 build_rag_index INFO scanned=578886 kept=104800 passages=258390 elapsed=40006s (14.5 scanned/s)
2026-07-23 06:30:10,621 build_rag_index INFO scanned=579826 kept=105000 passages=258767 elapsed=40053s (14.5 scanned/s)
2026-07-23 06:31:32,007 build_rag_index INFO scanned=580610 kept=105200 passages=259374 elapsed=40135s (14.5 scanned/s)
2026-07-23 06:34:28,007 build_rag_index INFO scanned=581352 kept=105400 passages=260666 elapsed=40311s (14.4 scanned/s)
2026-07-23 06:37:56,690 build_rag_index INFO scanned=582276 kept=105600 passages=262153 elapsed=40519s (14.4 scanned/s)
2026-07-23 06:40:55,298 build_rag_index INFO scanned=583167 kept=105800 passages=263397 elapsed=40698s (14.3 scanned/s)
2026-07-23 06:41:57,730 build_rag_index INFO scanned=584195 kept=106000 passages=263874 elapsed=40760s (14.3 scanned/s)
2026-07-23 06:42:49,612 build_rag_index INFO scanned=585574 kept=106200 passages=264280 elapsed=40812s (14.3 scanned/s)
2026-07-23 06:43:53,779 build_rag_index INFO scanned=587043 kept=106400 passages=264755 elapsed=40877s (14.4 scanned/s)
2026-07-23 06:45:11,500 build_rag_index INFO scanned=588151 kept=106600 passages=265332 elapsed=40954s (14.4 scanned/s)
2026-07-23 06:46:13,745 build_rag_index INFO scanned=589126 kept=106800 passages=265812 elapsed=41016s (14.4 scanned/s)
2026-07-23 06:47:26,352 build_rag_index INFO scanned=590182 kept=107000 passages=266299 elapsed=41089s (14.4 scanned/s)
2026-07-23 06:48:28,017 build_rag_index INFO scanned=591236 kept=107200 passages=266756 elapsed=41151s (14.4 scanned/s)
2026-07-23 06:49:29,876 build_rag_index INFO scanned=592454 kept=107400 passages=267240 elapsed=41213s (14.4 scanned/s)
2026-07-23 06:50:34,250 build_rag_index INFO scanned=593431 kept=107600 passages=267735 elapsed=41277s (14.4 scanned/s)
2026-07-23 06:51:32,548 build_rag_index INFO scanned=594229 kept=107800 passages=268194 elapsed=41335s (14.4 scanned/s)
2026-07-23 06:52:34,675 build_rag_index INFO scanned=595389 kept=108000 passages=268660 elapsed=41397s (14.4 scanned/s)
2026-07-23 06:53:45,577 build_rag_index INFO scanned=596403 kept=108200 passages=269183 elapsed=41468s (14.4 scanned/s)
2026-07-23 06:54:47,813 build_rag_index INFO scanned=597564 kept=108400 passages=269658 elapsed=41531s (14.4 scanned/s)
2026-07-23 06:55:51,096 build_rag_index INFO scanned=598775 kept=108600 passages=270127 elapsed=41594s (14.4 scanned/s)
2026-07-23 06:56:31,333 build_rag_index INFO scanned=599073 kept=108800 passages=270465 elapsed=41634s (14.4 scanned/s)
2026-07-23 06:57:34,870 build_rag_index INFO scanned=600245 kept=109000 passages=270943 elapsed=41698s (14.4 scanned/s)
2026-07-23 06:58:33,898 build_rag_index INFO scanned=601424 kept=109200 passages=271404 elapsed=41757s (14.4 scanned/s)
2026-07-23 06:59:34,030 build_rag_index INFO scanned=602670 kept=109400 passages=271859 elapsed=41817s (14.4 scanned/s)
2026-07-23 07:00:30,097 build_rag_index INFO scanned=604187 kept=109600 passages=272300 elapsed=41873s (14.4 scanned/s)
2026-07-23 07:01:35,795 build_rag_index INFO scanned=605484 kept=109800 passages=272775 elapsed=41939s (14.4 scanned/s)
2026-07-23 07:03:27,697 build_rag_index INFO scanned=606664 kept=110000 passages=273353 elapsed=42050s (14.4 scanned/s)
2026-07-23 07:05:09,224 build_rag_index INFO scanned=607858 kept=110200 passages=273806 elapsed=42152s (14.4 scanned/s)
2026-07-23 07:07:30,923 build_rag_index INFO scanned=608983 kept=110400 passages=274276 elapsed=42294s (14.4 scanned/s)
2026-07-23 07:09:26,594 build_rag_index INFO scanned=610140 kept=110600 passages=274832 elapsed=42409s (14.4 scanned/s)
2026-07-23 07:11:16,048 build_rag_index INFO scanned=611346 kept=110800 passages=275310 elapsed=42519s (14.4 scanned/s)
2026-07-23 07:13:23,899 build_rag_index INFO scanned=612494 kept=111000 passages=275695 elapsed=42647s (14.4 scanned/s)
2026-07-23 07:14:37,507 build_rag_index INFO scanned=613501 kept=111200 passages=276063 elapsed=42720s (14.4 scanned/s)
2026-07-23 07:16:05,281 build_rag_index INFO scanned=614492 kept=111400 passages=276418 elapsed=42808s (14.4 scanned/s)
2026-07-23 07:17:28,973 build_rag_index INFO scanned=615633 kept=111600 passages=276870 elapsed=42892s (14.4 scanned/s)
2026-07-23 07:18:46,168 build_rag_index INFO scanned=616632 kept=111800 passages=277295 elapsed=42969s (14.4 scanned/s)
2026-07-23 07:20:24,475 build_rag_index INFO scanned=617571 kept=112000 passages=277726 elapsed=43067s (14.3 scanned/s)
2026-07-23 07:23:29,246 build_rag_index INFO scanned=618405 kept=112200 passages=278400 elapsed=43252s (14.3 scanned/s)
2026-07-23 07:25:28,584 build_rag_index INFO scanned=619086 kept=112400 passages=278987 elapsed=43371s (14.3 scanned/s)
2026-07-23 07:27:38,192 build_rag_index INFO scanned=619771 kept=112600 passages=279614 elapsed=43501s (14.2 scanned/s)
2026-07-23 07:29:01,951 build_rag_index INFO scanned=620827 kept=112800 passages=280057 elapsed=43585s (14.2 scanned/s)
2026-07-23 07:30:13,074 build_rag_index INFO scanned=621928 kept=113000 passages=280470 elapsed=43656s (14.2 scanned/s)
2026-07-23 07:32:47,748 build_rag_index INFO scanned=622921 kept=113200 passages=280925 elapsed=43810s (14.2 scanned/s)
2026-07-23 07:33:55,883 build_rag_index INFO scanned=623724 kept=113400 passages=281291 elapsed=43879s (14.2 scanned/s)
2026-07-23 07:34:45,384 build_rag_index INFO scanned=623986 kept=113600 passages=281562 elapsed=43928s (14.2 scanned/s)
2026-07-23 07:35:19,808 build_rag_index INFO scanned=624204 kept=113800 passages=281773 elapsed=43963s (14.2 scanned/s)
2026-07-23 07:36:54,060 build_rag_index INFO scanned=625081 kept=114000 passages=282183 elapsed=44057s (14.2 scanned/s)
2026-07-23 07:37:00,797 httpx INFO HTTP Request: GET https://huggingface.co/datasets/wikimedia/wikipedia/resolve/b04c8d1ceb2f5cd4588862100d08de323dccfbaa/20231101.en/train-00004-of-00041.parquet "HTTP/1.1 302 Found"
2026-07-23 07:37:01,296 httpx INFO HTTP Request: GET https://us.aws.cdn.hf.co/xet-bridge-us/621ffdd236468d709f184284/d1b7e5963da9ee771ba2d011ba49e9950556d185b9a20d8a1dfbfdc943382258?X-Xet-Cas-Uid=public&response-content-disposition=inline%3B+filename*%3DUTF-8%27%27train-00004-of-00041.parquet%3B+filename%3D%22train-00004-of-00041.parquet%22%3B&user_id=public&Expires=1784767020&Policy=eyJTdGF0ZW1lbnQiOlt7IlJlc291cmNlIjoiaHR0cHM6Ly91cy5hd3MuY2RuLmhmLmNvL3hldC1icmlkZ2UtdXMvNjIxZmZkZDIzNjQ2OGQ3MDlmMTg0Mjg0L2QxYjdlNTk2M2RhOWVlNzcxYmEyZDAxMWJhNDllOTk1MDU1NmQxODViOWEyMGQ4YTFkZmJmZGM5NDMzODIyNThcXD9YLVhldC1DYXMtVWlkPXB1YmxpYyZyZXNwb25zZS1jb250ZW50LWRpc3Bvc2l0aW9uPWlubGluZSUzQitmaWxlbmFtZSUyQSUzRFVURi04JTI3JTI3dHJhaW4tMDAwMDQtb2YtMDAwNDEucGFycXVldCUzQitmaWxlbmFtZSUzRCUyMnRyYWluLTAwMDA0LW9mLTAwMDQxLnBhcnF1ZXQlMjIlM0ImdXNlcl9pZD1wdWJsaWMiLCJDb25kaXRpb24iOnsiRGF0ZUxlc3NUaGFuIjp7IkVwb2NoVGltZSI6MTc4NDc2NzAyMH0sIkJ5dGVSYW5nZSI6eyJFeHBlY3RlZEhlYWRlciI6ImJ5dGVzPTMwNjg3OTg1NS0zMDY5NDUzOTAifX19XX0_&Signature=MEYCIQDI9QopV1nyLwgtWHnccWT2%7EPdmSXFU99FoIvjI9BNFfQIhANhTbXwzIIIRwi0qD2gAhFUA022R6LnPnKFOzCZm7rgJ&Key-Pair-Id=01KXEF4KZ1B6FV465MAWR4M21F "HTTP/1.1 206 Partial Content"
2026-07-23 07:37:01,676 httpx INFO HTTP Request: GET https://huggingface.co/datasets/wikimedia/wikipedia/resolve/b04c8d1ceb2f5cd4588862100d08de323dccfbaa/20231101.en/train-00004-of-00041.parquet "HTTP/1.1 302 Found"
2026-07-23 07:37:02,123 httpx INFO HTTP Request: GET https://us.aws.cdn.hf.co/xet-bridge-us/621ffdd236468d709f184284/d1b7e5963da9ee771ba2d011ba49e9950556d185b9a20d8a1dfbfdc943382258?response-content-disposition=inline%3B+filename*%3DUTF-8%27%27train-00004-of-00041.parquet%3B+filename%3D%22train-00004-of-00041.parquet%22%3B&user_id=public&X-Xet-Cas-Uid=public&Expires=1784767021&Policy=eyJTdGF0ZW1lbnQiOlt7IlJlc291cmNlIjoiaHR0cHM6Ly91cy5hd3MuY2RuLmhmLmNvL3hldC1icmlkZ2UtdXMvNjIxZmZkZDIzNjQ2OGQ3MDlmMTg0Mjg0L2QxYjdlNTk2M2RhOWVlNzcxYmEyZDAxMWJhNDllOTk1MDU1NmQxODViOWEyMGQ4YTFkZmJmZGM5NDMzODIyNThcXD9yZXNwb25zZS1jb250ZW50LWRpc3Bvc2l0aW9uPWlubGluZSUzQitmaWxlbmFtZSUyQSUzRFVURi04JTI3JTI3dHJhaW4tMDAwMDQtb2YtMDAwNDEucGFycXVldCUzQitmaWxlbmFtZSUzRCUyMnRyYWluLTAwMDA0LW9mLTAwMDQxLnBhcnF1ZXQlMjIlM0ImdXNlcl9pZD1wdWJsaWMmWC1YZXQtQ2FzLVVpZD1wdWJsaWMiLCJDb25kaXRpb24iOnsiRGF0ZUxlc3NUaGFuIjp7IkVwb2NoVGltZSI6MTc4NDc2NzAyMX0sIkJ5dGVSYW5nZSI6eyJFeHBlY3RlZEhlYWRlciI6ImJ5dGVzPTMwNjQ4ODE0Ni0zMDY5NDUzOTAifX19XX0_&Signature=MEUCIQDCm8NDL1E77rVyq0LsMabsoL56P7PrOBJmWUZkyVJniAIgJDKIcd2bfcwKiYGJqVRlDuTF69nNlz1G4ceC%7Erqstqg_&Key-Pair-Id=01KXEF4KZ1B6FV465MAWR4M21F "HTTP/1.1 206 Partial Content"
2026-07-23 07:37:02,472 httpx INFO HTTP Request: GET https://huggingface.co/datasets/wikimedia/wikipedia/resolve/b04c8d1ceb2f5cd4588862100d08de323dccfbaa/20231101.en/train-00004-of-00041.parquet "HTTP/1.1 302 Found"
2026-07-23 07:37:02,923 httpx INFO HTTP Request: GET https://us.aws.cdn.hf.co/xet-bridge-us/621ffdd236468d709f184284/d1b7e5963da9ee771ba2d011ba49e9950556d185b9a20d8a1dfbfdc943382258?X-Xet-Cas-Uid=public&response-content-disposition=inline%3B+filename*%3DUTF-8%27%27train-00004-of-00041.parquet%3B+filename%3D%22train-00004-of-00041.parquet%22%3B&user_id=public&Expires=1784767022&Policy=eyJTdGF0ZW1lbnQiOlt7IlJlc291cmNlIjoiaHR0cHM6Ly91cy5hd3MuY2RuLmhmLmNvL3hldC1icmlkZ2UtdXMvNjIxZmZkZDIzNjQ2OGQ3MDlmMTg0Mjg0L2QxYjdlNTk2M2RhOWVlNzcxYmEyZDAxMWJhNDllOTk1MDU1NmQxODViOWEyMGQ4YTFkZmJmZGM5NDMzODIyNThcXD9YLVhldC1DYXMtVWlkPXB1YmxpYyZyZXNwb25zZS1jb250ZW50LWRpc3Bvc2l0aW9uPWlubGluZSUzQitmaWxlbmFtZSUyQSUzRFVURi04JTI3JTI3dHJhaW4tMDAwMDQtb2YtMDAwNDEucGFycXVldCUzQitmaWxlbmFtZSUzRCUyMnRyYWluLTAwMDA0LW9mLTAwMDQxLnBhcnF1ZXQlMjIlM0ImdXNlcl9pZD1wdWJsaWMiLCJDb25kaXRpb24iOnsiRGF0ZUxlc3NUaGFuIjp7IkVwb2NoVGltZSI6MTc4NDc2NzAyMn0sIkJ5dGVSYW5nZSI6eyJFeHBlY3RlZEhlYWRlciI6ImJ5dGVzPTQtMzg3NDQ2MjUifX19XX0_&Signature=MEYCIQCxGDnmOVyC6QG8hZXjPLJ5gVqvn5YYyd%7EJKyh4xhNy5gIhAK7LXClGs0%7EqoUewtzj%7EAgOyHJ9Cg350I7MN5YQCiXys&Key-Pair-Id=01KXEF4KZ1B6FV465MAWR4M21F "HTTP/1.1 206 Partial Content"
2026-07-23 07:37:04,908 httpx INFO HTTP Request: GET https://huggingface.co/datasets/wikimedia/wikipedia/resolve/b04c8d1ceb2f5cd4588862100d08de323dccfbaa/20231101.en/train-00004-of-00041.parquet "HTTP/1.1 302 Found"
2026-07-23 07:37:05,396 httpx INFO HTTP Request: GET https://us.aws.cdn.hf.co/xet-bridge-us/621ffdd236468d709f184284/d1b7e5963da9ee771ba2d011ba49e9950556d185b9a20d8a1dfbfdc943382258?user_id=public&X-Xet-Cas-Uid=public&response-content-disposition=inline%3B+filename*%3DUTF-8%27%27train-00004-of-00041.parquet%3B+filename%3D%22train-00004-of-00041.parquet%22%3B&Expires=1784767024&Policy=eyJTdGF0ZW1lbnQiOlt7IlJlc291cmNlIjoiaHR0cHM6Ly91cy5hd3MuY2RuLmhmLmNvL3hldC1icmlkZ2UtdXMvNjIxZmZkZDIzNjQ2OGQ3MDlmMTg0Mjg0L2QxYjdlNTk2M2RhOWVlNzcxYmEyZDAxMWJhNDllOTk1MDU1NmQxODViOWEyMGQ4YTFkZmJmZGM5NDMzODIyNThcXD91c2VyX2lkPXB1YmxpYyZYLVhldC1DYXMtVWlkPXB1YmxpYyZyZXNwb25zZS1jb250ZW50LWRpc3Bvc2l0aW9uPWlubGluZSUzQitmaWxlbmFtZSUyQSUzRFVURi04JTI3JTI3dHJhaW4tMDAwMDQtb2YtMDAwNDEucGFycXVldCUzQitmaWxlbmFtZSUzRCUyMnRyYWluLTAwMDA0LW9mLTAwMDQxLnBhcnF1ZXQlMjIlM0IiLCJDb25kaXRpb24iOnsiRGF0ZUxlc3NUaGFuIjp7IkVwb2NoVGltZSI6MTc4NDc2NzAyNH0sIkJ5dGVSYW5nZSI6eyJFeHBlY3RlZEhlYWRlciI6ImJ5dGVzPTM4NzQ0NjI2LTcwNTE2Njk5In19fV19&Signature=MEYCIQD6suYKaFKTsWFQrZJ%7EODhBt4dSsNPvabWG7xomV2lYMwIhAI3QFO3veuKTBVxAhTVeVodawemLAr4YaQGXLaUs7mUO&Key-Pair-Id=01KXEF4KZ1B6FV465MAWR4M21F "HTTP/1.1 206 Partial Content"
2026-07-23 07:37:07,392 httpx INFO HTTP Request: GET https://huggingface.co/datasets/wikimedia/wikipedia/resolve/b04c8d1ceb2f5cd4588862100d08de323dccfbaa/20231101.en/train-00004-of-00041.parquet "HTTP/1.1 302 Found"
2026-07-23 07:37:07,846 httpx INFO HTTP Request: GET https://us.aws.cdn.hf.co/xet-bridge-us/621ffdd236468d709f184284/d1b7e5963da9ee771ba2d011ba49e9950556d185b9a20d8a1dfbfdc943382258?user_id=public&X-Xet-Cas-Uid=public&response-content-disposition=inline%3B+filename*%3DUTF-8%27%27train-00004-of-00041.parquet%3B+filename%3D%22train-00004-of-00041.parquet%22%3B&Expires=1784767027&Policy=eyJTdGF0ZW1lbnQiOlt7IlJlc291cmNlIjoiaHR0cHM6Ly91cy5hd3MuY2RuLmhmLmNvL3hldC1icmlkZ2UtdXMvNjIxZmZkZDIzNjQ2OGQ3MDlmMTg0Mjg0L2QxYjdlNTk2M2RhOWVlNzcxYmEyZDAxMWJhNDllOTk1MDU1NmQxODViOWEyMGQ4YTFkZmJmZGM5NDMzODIyNThcXD91c2VyX2lkPXB1YmxpYyZYLVhldC1DYXMtVWlkPXB1YmxpYyZyZXNwb25zZS1jb250ZW50LWRpc3Bvc2l0aW9uPWlubGluZSUzQitmaWxlbmFtZSUyQSUzRFVURi04JTI3JTI3dHJhaW4tMDAwMDQtb2YtMDAwNDEucGFycXVldCUzQitmaWxlbmFtZSUzRCUyMnRyYWluLTAwMDA0LW9mLTAwMDQxLnBhcnF1ZXQlMjIlM0IiLCJDb25kaXRpb24iOnsiRGF0ZUxlc3NUaGFuIjp7IkVwb2NoVGltZSI6MTc4NDc2NzAyN30sIkJ5dGVSYW5nZSI6eyJFeHBlY3RlZEhlYWRlciI6ImJ5dGVzPTcwNTE2NzAwLTEwMjIyMzg4MiJ9fX1dfQ__&Signature=MEQCIAKNhegA15bpoOmb7g2KRUeBy2XESEfKnrTjtJC%7EmE5yAiB7J1fEagnSxELCt-FH3n9XUNgOEmY8P89swJqosdHajA__&Key-Pair-Id=01KXEF4KZ1B6FV465MAWR4M21F "HTTP/1.1 206 Partial Content"
2026-07-23 07:37:10,095 httpx INFO HTTP Request: GET https://huggingface.co/datasets/wikimedia/wikipedia/resolve/b04c8d1ceb2f5cd4588862100d08de323dccfbaa/20231101.en/train-00004-of-00041.parquet "HTTP/1.1 302 Found"
2026-07-23 07:37:10,584 httpx INFO HTTP Request: GET https://us.aws.cdn.hf.co/xet-bridge-us/621ffdd236468d709f184284/d1b7e5963da9ee771ba2d011ba49e9950556d185b9a20d8a1dfbfdc943382258?X-Xet-Cas-Uid=public&response-content-disposition=inline%3B+filename*%3DUTF-8%27%27train-00004-of-00041.parquet%3B+filename%3D%22train-00004-of-00041.parquet%22%3B&user_id=public&Expires=1784767029&Policy=eyJTdGF0ZW1lbnQiOlt7IlJlc291cmNlIjoiaHR0cHM6Ly91cy5hd3MuY2RuLmhmLmNvL3hldC1icmlkZ2UtdXMvNjIxZmZkZDIzNjQ2OGQ3MDlmMTg0Mjg0L2QxYjdlNTk2M2RhOWVlNzcxYmEyZDAxMWJhNDllOTk1MDU1NmQxODViOWEyMGQ4YTFkZmJmZGM5NDMzODIyNThcXD9YLVhldC1DYXMtVWlkPXB1YmxpYyZyZXNwb25zZS1jb250ZW50LWRpc3Bvc2l0aW9uPWlubGluZSUzQitmaWxlbmFtZSUyQSUzRFVURi04JTI3JTI3dHJhaW4tMDAwMDQtb2YtMDAwNDEucGFycXVldCUzQitmaWxlbmFtZSUzRCUyMnRyYWluLTAwMDA0LW9mLTAwMDQxLnBhcnF1ZXQlMjIlM0ImdXNlcl9pZD1wdWJsaWMiLCJDb25kaXRpb24iOnsiRGF0ZUxlc3NUaGFuIjp7IkVwb2NoVGltZSI6MTc4NDc2NzAyOX0sIkJ5dGVSYW5nZSI6eyJFeHBlY3RlZEhlYWRlciI6ImJ5dGVzPTEwMjIyMzg4My0xMzQ0NTUwMDcifX19XX0_&Signature=MEYCIQDRwGIYBYaUW5iNvC0F9wBV8xhZxgKPP-IDPtExMdvJGwIhAP8JuwSuIZySH8sWHogl12v3FYtMn05RLj9asLteGYn3&Key-Pair-Id=01KXEF4KZ1B6FV465MAWR4M21F "HTTP/1.1 206 Partial Content"
2026-07-23 07:37:12,557 httpx INFO HTTP Request: GET https://huggingface.co/datasets/wikimedia/wikipedia/resolve/b04c8d1ceb2f5cd4588862100d08de323dccfbaa/20231101.en/train-00004-of-00041.parquet "HTTP/1.1 302 Found"
2026-07-23 07:37:13,063 httpx INFO HTTP Request: GET https://us.aws.cdn.hf.co/xet-bridge-us/621ffdd236468d709f184284/d1b7e5963da9ee771ba2d011ba49e9950556d185b9a20d8a1dfbfdc943382258?response-content-disposition=inline%3B+filename*%3DUTF-8%27%27train-00004-of-00041.parquet%3B+filename%3D%22train-00004-of-00041.parquet%22%3B&user_id=public&X-Xet-Cas-Uid=public&Expires=1784767032&Policy=eyJTdGF0ZW1lbnQiOlt7IlJlc291cmNlIjoiaHR0cHM6Ly91cy5hd3MuY2RuLmhmLmNvL3hldC1icmlkZ2UtdXMvNjIxZmZkZDIzNjQ2OGQ3MDlmMTg0Mjg0L2QxYjdlNTk2M2RhOWVlNzcxYmEyZDAxMWJhNDllOTk1MDU1NmQxODViOWEyMGQ4YTFkZmJmZGM5NDMzODIyNThcXD9yZXNwb25zZS1jb250ZW50LWRpc3Bvc2l0aW9uPWlubGluZSUzQitmaWxlbmFtZSUyQSUzRFVURi04JTI3JTI3dHJhaW4tMDAwMDQtb2YtMDAwNDEucGFycXVldCUzQitmaWxlbmFtZSUzRCUyMnRyYWluLTAwMDA0LW9mLTAwMDQxLnBhcnF1ZXQlMjIlM0ImdXNlcl9pZD1wdWJsaWMmWC1YZXQtQ2FzLVVpZD1wdWJsaWMiLCJDb25kaXRpb24iOnsiRGF0ZUxlc3NUaGFuIjp7IkVwb2NoVGltZSI6MTc4NDc2NzAzMn0sIkJ5dGVSYW5nZSI6eyJFeHBlY3RlZEhlYWRlciI6ImJ5dGVzPTEzNDQ1NTAwOC0xNjcyNzE4MDUifX19XX0_&Signature=MEYCIQDIUWB2UZItT1RmAf4iUtFiVkse-QoSTxy4P03AGnCppwIhANmLN1gwi6wy4S8FH6UfGdovNvZjuc0r6VaRf5EoPjsN&Key-Pair-Id=01KXEF4KZ1B6FV465MAWR4M21F "HTTP/1.1 206 Partial Content"
2026-07-23 07:37:14,940 httpx INFO HTTP Request: GET https://huggingface.co/datasets/wikimedia/wikipedia/resolve/b04c8d1ceb2f5cd4588862100d08de323dccfbaa/20231101.en/train-00004-of-00041.parquet "HTTP/1.1 302 Found"
2026-07-23 07:37:15,443 httpx INFO HTTP Request: GET https://us.aws.cdn.hf.co/xet-bridge-us/621ffdd236468d709f184284/d1b7e5963da9ee771ba2d011ba49e9950556d185b9a20d8a1dfbfdc943382258?response-content-disposition=inline%3B+filename*%3DUTF-8%27%27train-00004-of-00041.parquet%3B+filename%3D%22train-00004-of-00041.parquet%22%3B&user_id=public&X-Xet-Cas-Uid=public&Expires=1784767034&Policy=eyJTdGF0ZW1lbnQiOlt7IlJlc291cmNlIjoiaHR0cHM6Ly91cy5hd3MuY2RuLmhmLmNvL3hldC1icmlkZ2UtdXMvNjIxZmZkZDIzNjQ2OGQ3MDlmMTg0Mjg0L2QxYjdlNTk2M2RhOWVlNzcxYmEyZDAxMWJhNDllOTk1MDU1NmQxODViOWEyMGQ4YTFkZmJmZGM5NDMzODIyNThcXD9yZXNwb25zZS1jb250ZW50LWRpc3Bvc2l0aW9uPWlubGluZSUzQitmaWxlbmFtZSUyQSUzRFVURi04JTI3JTI3dHJhaW4tMDAwMDQtb2YtMDAwNDEucGFycXVldCUzQitmaWxlbmFtZSUzRCUyMnRyYWluLTAwMDA0LW9mLTAwMDQxLnBhcnF1ZXQlMjIlM0ImdXNlcl9pZD1wdWJsaWMmWC1YZXQtQ2FzLVVpZD1wdWJsaWMiLCJDb25kaXRpb24iOnsiRGF0ZUxlc3NUaGFuIjp7IkVwb2NoVGltZSI6MTc4NDc2NzAzNH0sIkJ5dGVSYW5nZSI6eyJFeHBlY3RlZEhlYWRlciI6ImJ5dGVzPTE2NzI3MTgwNi0xOTk0OTU4MDkifX19XX0_&Signature=MEUCIQCF5FAd3UcNAH7leapIu2yxnd0Mv0B1xLZWz4nb9JayVgIgaQ%7EWyE2gZo6cMuPDkk1M3%7ErliAPEIeg4y-NGAj4PCPc_&Key-Pair-Id=01KXEF4KZ1B6FV465MAWR4M21F "HTTP/1.1 206 Partial Content"
2026-07-23 07:37:17,388 httpx INFO HTTP Request: GET https://huggingface.co/datasets/wikimedia/wikipedia/resolve/b04c8d1ceb2f5cd4588862100d08de323dccfbaa/20231101.en/train-00004-of-00041.parquet "HTTP/1.1 302 Found"
2026-07-23 07:37:17,883 httpx INFO HTTP Request: GET https://us.aws.cdn.hf.co/xet-bridge-us/621ffdd236468d709f184284/d1b7e5963da9ee771ba2d011ba49e9950556d185b9a20d8a1dfbfdc943382258?response-content-disposition=inline%3B+filename*%3DUTF-8%27%27train-00004-of-00041.parquet%3B+filename%3D%22train-00004-of-00041.parquet%22%3B&user_id=public&X-Xet-Cas-Uid=public&Expires=1784767037&Policy=eyJTdGF0ZW1lbnQiOlt7IlJlc291cmNlIjoiaHR0cHM6Ly91cy5hd3MuY2RuLmhmLmNvL3hldC1icmlkZ2UtdXMvNjIxZmZkZDIzNjQ2OGQ3MDlmMTg0Mjg0L2QxYjdlNTk2M2RhOWVlNzcxYmEyZDAxMWJhNDllOTk1MDU1NmQxODViOWEyMGQ4YTFkZmJmZGM5NDMzODIyNThcXD9yZXNwb25zZS1jb250ZW50LWRpc3Bvc2l0aW9uPWlubGluZSUzQitmaWxlbmFtZSUyQSUzRFVURi04JTI3JTI3dHJhaW4tMDAwMDQtb2YtMDAwNDEucGFycXVldCUzQitmaWxlbmFtZSUzRCUyMnRyYWluLTAwMDA0LW9mLTAwMDQxLnBhcnF1ZXQlMjIlM0ImdXNlcl9pZD1wdWJsaWMmWC1YZXQtQ2FzLVVpZD1wdWJsaWMiLCJDb25kaXRpb24iOnsiRGF0ZUxlc3NUaGFuIjp7IkVwb2NoVGltZSI6MTc4NDc2NzAzN30sIkJ5dGVSYW5nZSI6eyJFeHBlY3RlZEhlYWRlciI6ImJ5dGVzPTE5OTQ5NTgxMC0yMzI4MzAyNzQifX19XX0_&Signature=MEYCIQDiLru5WIN2U8eQC45ceOtE92aFicwNjWqsqm2I7%7EC65wIhALnPpnVWrCkR5SFRMBuQBNX44--VJ4dGtJG0pzAKGRQI&Key-Pair-Id=01KXEF4KZ1B6FV465MAWR4M21F "HTTP/1.1 206 Partial Content"
2026-07-23 07:37:19,915 httpx INFO HTTP Request: GET https://huggingface.co/datasets/wikimedia/wikipedia/resolve/b04c8d1ceb2f5cd4588862100d08de323dccfbaa/20231101.en/train-00004-of-00041.parquet "HTTP/1.1 302 Found"
2026-07-23 07:37:20,402 httpx INFO HTTP Request: GET https://us.aws.cdn.hf.co/xet-bridge-us/621ffdd236468d709f184284/d1b7e5963da9ee771ba2d011ba49e9950556d185b9a20d8a1dfbfdc943382258?response-content-disposition=inline%3B+filename*%3DUTF-8%27%27train-00004-of-00041.parquet%3B+filename%3D%22train-00004-of-00041.parquet%22%3B&user_id=public&X-Xet-Cas-Uid=public&Expires=1784767039&Policy=eyJTdGF0ZW1lbnQiOlt7IlJlc291cmNlIjoiaHR0cHM6Ly91cy5hd3MuY2RuLmhmLmNvL3hldC1icmlkZ2UtdXMvNjIxZmZkZDIzNjQ2OGQ3MDlmMTg0Mjg0L2QxYjdlNTk2M2RhOWVlNzcxYmEyZDAxMWJhNDllOTk1MDU1NmQxODViOWEyMGQ4YTFkZmJmZGM5NDMzODIyNThcXD9yZXNwb25zZS1jb250ZW50LWRpc3Bvc2l0aW9uPWlubGluZSUzQitmaWxlbmFtZSUyQSUzRFVURi04JTI3JTI3dHJhaW4tMDAwMDQtb2YtMDAwNDEucGFycXVldCUzQitmaWxlbmFtZSUzRCUyMnRyYWluLTAwMDA0LW9mLTAwMDQxLnBhcnF1ZXQlMjIlM0ImdXNlcl9pZD1wdWJsaWMmWC1YZXQtQ2FzLVVpZD1wdWJsaWMiLCJDb25kaXRpb24iOnsiRGF0ZUxlc3NUaGFuIjp7IkVwb2NoVGltZSI6MTc4NDc2NzAzOX0sIkJ5dGVSYW5nZSI6eyJFeHBlY3RlZEhlYWRlciI6ImJ5dGVzPTIzMjgzMDI3NS0yNjYxMTc5MzcifX19XX0_&Signature=MEUCIQCjdOPeIXTCZqJIFA1izcQCURZVta0sHHAvs9ttj1mUVgIgTCWILGHzCOGztsSbp3oJtQya8HN4cLIZae4rNCK9IrE_&Key-Pair-Id=01KXEF4KZ1B6FV465MAWR4M21F "HTTP/1.1 206 Partial Content"
2026-07-23 07:37:22,439 httpx INFO HTTP Request: GET https://huggingface.co/datasets/wikimedia/wikipedia/resolve/b04c8d1ceb2f5cd4588862100d08de323dccfbaa/20231101.en/train-00004-of-00041.parquet "HTTP/1.1 302 Found"
2026-07-23 07:37:22,912 httpx INFO HTTP Request: GET https://us.aws.cdn.hf.co/xet-bridge-us/621ffdd236468d709f184284/d1b7e5963da9ee771ba2d011ba49e9950556d185b9a20d8a1dfbfdc943382258?response-content-disposition=inline%3B+filename*%3DUTF-8%27%27train-00004-of-00041.parquet%3B+filename%3D%22train-00004-of-00041.parquet%22%3B&user_id=public&X-Xet-Cas-Uid=public&Expires=1784767042&Policy=eyJTdGF0ZW1lbnQiOlt7IlJlc291cmNlIjoiaHR0cHM6Ly91cy5hd3MuY2RuLmhmLmNvL3hldC1icmlkZ2UtdXMvNjIxZmZkZDIzNjQ2OGQ3MDlmMTg0Mjg0L2QxYjdlNTk2M2RhOWVlNzcxYmEyZDAxMWJhNDllOTk1MDU1NmQxODViOWEyMGQ4YTFkZmJmZGM5NDMzODIyNThcXD9yZXNwb25zZS1jb250ZW50LWRpc3Bvc2l0aW9uPWlubGluZSUzQitmaWxlbmFtZSUyQSUzRFVURi04JTI3JTI3dHJhaW4tMDAwMDQtb2YtMDAwNDEucGFycXVldCUzQitmaWxlbmFtZSUzRCUyMnRyYWluLTAwMDA0LW9mLTAwMDQxLnBhcnF1ZXQlMjIlM0ImdXNlcl9pZD1wdWJsaWMmWC1YZXQtQ2FzLVVpZD1wdWJsaWMiLCJDb25kaXRpb24iOnsiRGF0ZUxlc3NUaGFuIjp7IkVwb2NoVGltZSI6MTc4NDc2NzA0Mn0sIkJ5dGVSYW5nZSI6eyJFeHBlY3RlZEhlYWRlciI6ImJ5dGVzPTI2NjExNzkzOC0yOTg5OTE0NDkifX19XX0_&Signature=MEUCIDh7U2G6HfXnQZpsunLZT8228l6v9xhaGq4yb7ImG3-sAiEA0Qft8zWOZwtctB2axUH3X3QHG7SWbIIEu8GfPTT2XRY_&Key-Pair-Id=01KXEF4KZ1B6FV465MAWR4M21F "HTTP/1.1 206 Partial Content"
2026-07-23 07:37:24,730 httpx INFO HTTP Request: GET https://huggingface.co/datasets/wikimedia/wikipedia/resolve/b04c8d1ceb2f5cd4588862100d08de323dccfbaa/20231101.en/train-00004-of-00041.parquet "HTTP/1.1 302 Found"
2026-07-23 07:37:25,252 httpx INFO HTTP Request: GET https://us.aws.cdn.hf.co/xet-bridge-us/621ffdd236468d709f184284/d1b7e5963da9ee771ba2d011ba49e9950556d185b9a20d8a1dfbfdc943382258?X-Xet-Cas-Uid=public&response-content-disposition=inline%3B+filename*%3DUTF-8%27%27train-00004-of-00041.parquet%3B+filename%3D%22train-00004-of-00041.parquet%22%3B&user_id=public&Expires=1784767044&Policy=eyJTdGF0ZW1lbnQiOlt7IlJlc291cmNlIjoiaHR0cHM6Ly91cy5hd3MuY2RuLmhmLmNvL3hldC1icmlkZ2UtdXMvNjIxZmZkZDIzNjQ2OGQ3MDlmMTg0Mjg0L2QxYjdlNTk2M2RhOWVlNzcxYmEyZDAxMWJhNDllOTk1MDU1NmQxODViOWEyMGQ4YTFkZmJmZGM5NDMzODIyNThcXD9YLVhldC1DYXMtVWlkPXB1YmxpYyZyZXNwb25zZS1jb250ZW50LWRpc3Bvc2l0aW9uPWlubGluZSUzQitmaWxlbmFtZSUyQSUzRFVURi04JTI3JTI3dHJhaW4tMDAwMDQtb2YtMDAwNDEucGFycXVldCUzQitmaWxlbmFtZSUzRCUyMnRyYWluLTAwMDA0LW9mLTAwMDQxLnBhcnF1ZXQlMjIlM0ImdXNlcl9pZD1wdWJsaWMiLCJDb25kaXRpb24iOnsiRGF0ZUxlc3NUaGFuIjp7IkVwb2NoVGltZSI6MTc4NDc2NzA0NH0sIkJ5dGVSYW5nZSI6eyJFeHBlY3RlZEhlYWRlciI6ImJ5dGVzPTI5ODk5MTQ1MC0zMDY5NDUzOTAifX19XX0_&Signature=MEUCIQCbqBNGchd6N1hXi7J99bQqEYAXxTAAfuhRHKgdY9ek-QIgWlwsed73VSROHEZWYA0Gsa%7E9pmKtx7SkdUMdFfmTqvI_&Key-Pair-Id=01KXEF4KZ1B6FV465MAWR4M21F "HTTP/1.1 206 Partial Content"
2026-07-23 07:38:18,562 build_rag_index INFO scanned=625631 kept=114200 passages=282442 elapsed=44141s (14.2 scanned/s)
2026-07-23 08:38:49,737 build_rag_index INFO scanned=626595 kept=114400 passages=282854 elapsed=47772s (13.1 scanned/s)
2026-07-23 08:39:56,018 build_rag_index INFO scanned=627611 kept=114600 passages=283317 elapsed=47839s (13.1 scanned/s)
2026-07-23 08:41:03,618 build_rag_index INFO scanned=628386 kept=114800 passages=283649 elapsed=47906s (13.1 scanned/s)
2026-07-23 08:43:56,851 build_rag_index INFO scanned=629223 kept=115000 passages=283995 elapsed=48080s (13.1 scanned/s)
2026-07-23 08:45:05,486 build_rag_index INFO scanned=630210 kept=115200 passages=284509 elapsed=48148s (13.1 scanned/s)
2026-07-23 08:46:01,720 build_rag_index INFO scanned=631347 kept=115400 passages=284934 elapsed=48204s (13.1 scanned/s)
