source_file,benchmark,config,question_id,n_candidates,correct_letter,logged_plurality_letter,plurality_letter,plurality_correct,plurality_matches_logged,confw_letter,confw_correct,maxconf_letter,maxconf_correct,longest_letter,longest_correct,oracle_covered,n_reasoning_empty
adhoc_check.jsonl,GPQA-Diamond,shipped_engine(pilot),recyPffUDqC2k7ZZO,3,B,B,B,True,True,B,True,B,True,B,True,True,0
adhoc_check.jsonl,GPQA-Diamond,shipped_engine(pilot),recmI7EiLv72PxmYK,3,C,D,D,False,True,D,False,D,False,D,False,True,0
adhoc_check.jsonl,GPQA-Diamond,shipped_engine(pilot),recO3hvCWRGiG0odN,3,A,A,A,True,True,A,True,A,True,A,True,True,0
adhoc_check.jsonl,GPQA-Diamond,shipped_engine(pilot),recvZlMbpPz0yLDle,3,A,B,B,False,True,B,False,B,False,B,False,False,0
adhoc_check.jsonl,GPQA-Diamond,shipped_engine(pilot),recNuT2oSnO86bxOx,3,D,D,D,True,True,D,True,D,True,D,True,True,0
adhoc_check.jsonl,GPQA-Diamond,shipped_engine(pilot),recDDxpS9s8cwkqfq,3,A,D,D,False,True,D,False,D,False,D,False,False,0
adhoc_check.jsonl,GPQA-Diamond,shipped_engine(pilot),reccOKzFNmyqeJ6ry,3,D,D,D,True,True,D,True,D,True,D,True,True,0
adhoc_check.jsonl,GPQA-Diamond,shipped_engine(pilot),recN4DY9Q5V03glmQ,3,A,C,C,False,True,C,False,A,True,C,False,True,0
adhoc_check.jsonl,GPQA-Diamond,shipped_engine(pilot),recnGEpF1srQpaqWq,3,D,D,D,True,True,D,True,D,True,D,True,True,0
full_run.jsonl,GPQA-Diamond,shipped_engine(pilot),recypVp2NmPlBKVTp,3,A,A,A,True,True,A,True,A,True,A,True,True,0
full_run.jsonl,GPQA-Diamond,shipped_engine(pilot),recINSFEYLCyyd08m,3,A,D,D,False,True,D,False,D,False,A,True,True,0
full_run.jsonl,GPQA-Diamond,shipped_engine(pilot),recnawZPumSCLMVgp,3,A,B,B,False,True,B,False,A,True,B,False,True,0
full_run.jsonl,GPQA-Diamond,shipped_engine(pilot),rec4r4KWNLrT7g2kR,3,D,D,D,True,True,D,True,D,True,D,True,True,0
full_run.jsonl,GPQA-Diamond,shipped_engine(pilot),rec527dNeEtWJrYNl,3,B,B,B,True,True,B,True,B,True,B,True,True,0
full_run.jsonl,GPQA-Diamond,shipped_engine(pilot),rechKl68Uc6H7vU0N,3,A,C,C,False,True,C,False,A,True,C,False,True,0
full_run.jsonl,GPQA-Diamond,shipped_engine(pilot),rec0yTRmO1o1xCA6H,3,C,D,D,False,True,D,False,D,False,D,False,False,0
full_run.jsonl,GPQA-Diamond,shipped_engine(pilot),recnTTKdBzfuoZ7w7,3,D,A,A,False,True,A,False,A,False,A,False,False,0
full_run.jsonl,GPQA-Diamond,shipped_engine(pilot),recDj2Y2BbtV02Wv5,3,B,D,D,False,True,D,False,D,False,D,False,True,0
full_run.jsonl,GPQA-Diamond,shipped_engine(pilot),recb80OwMgNnceA9t,3,A,C,C,False,True,C,False,C,False,C,False,True,0
full_run.jsonl,GPQA-Diamond,shipped_engine(pilot),recE2ihVfqEK4R9d0,3,C,C,C,True,True,C,True,C,True,C,True,True,0
full_run.jsonl,GPQA-Diamond,shipped_engine(pilot),rec5rjeLsEq5Fg7Oj,3,D,D,D,True,True,D,True,D,True,D,True,True,0
full_run.jsonl,GPQA-Diamond,shipped_engine(pilot),reczjcMtrB1YGS2fO,3,A,C,C,False,True,C,False,C,False,C,False,False,0
full_run.jsonl,GPQA-Diamond,shipped_engine(pilot),recpki12iG9RUGrz9,3,D,D,D,True,True,D,True,D,True,D,True,True,0
full_run.jsonl,GPQA-Diamond,shipped_engine(pilot),rec260hNUCEj109Dj,3,C,C,C,True,True,C,True,C,True,D,False,True,0
full_run.jsonl,GPQA-Diamond,shipped_engine(pilot),recGFNRVl1qBZGwyU,3,B,D,D,False,True,D,False,D,False,A,False,False,0
full_run.jsonl,GPQA-Diamond,shipped_engine(pilot),recLAgwx9vbgB5EHk,3,B,B,B,True,True,B,True,B,True,B,True,True,0
full_run.jsonl,GPQA-Diamond,shipped_engine(pilot),recWPMm91mGDLXONm,3,D,D,D,True,True,D,True,D,True,D,True,True,0
full_run.jsonl,GPQA-Diamond,shipped_engine(pilot),recVvpD8miVjmmyfe,3,D,B,B,False,True,B,False,B,False,D,True,True,0
full_run.jsonl,GPQA-Diamond,shipped_engine(pilot),recHVUd2DkoKfedJZ,3,A,A,A,True,True,A,True,A,True,A,True,True,0
full_run.jsonl,GPQA-Diamond,shipped_engine(pilot),recVEXvhYxAhELVqB,3,A,A,A,True,True,A,True,A,True,A,True,True,0
full_run.jsonl,GPQA-Diamond,shipped_engine(pilot),reczzzihL7btBH7RO,3,A,C,C,False,True,C,False,A,True,C,False,True,0
full_run.jsonl,GPQA-Diamond,shipped_engine(pilot),recPSTGXK3P39yNYT,3,C,C,C,True,True,C,True,C,True,C,True,True,0
full_run.jsonl,GPQA-Diamond,shipped_engine(pilot),recnGEpF1srQpaqWq,3,B,B,B,True,True,B,True,B,True,B,True,True,0
full_run.jsonl,GPQA-Diamond,shipped_engine(pilot),recL9MFV5zmdlle5T,3,D,D,D,True,True,D,True,D,True,D,True,True,0
full_run.jsonl,GPQA-Diamond,shipped_engine(pilot),recwW1A85nfyQpReG,3,C,C,C,True,True,C,True,C,True,C,True,True,0
full_run.jsonl,GPQA-Diamond,shipped_engine(pilot),recIlghoOw5VbY4Zh,3,C,C,C,True,True,D,False,D,False,C,True,True,1
full_run.jsonl,GPQA-Diamond,shipped_engine(pilot),recOvqPKUtyy9ISA1,3,D,D,D,True,True,D,True,D,True,B,False,True,0
full_run.jsonl,GPQA-Diamond,shipped_engine(pilot),rec4L69T0Y1AS4AFS,3,B,B,B,True,True,B,True,B,True,B,True,True,0
full_run.jsonl,GPQA-Diamond,shipped_engine(pilot),recEmTBhx2hgw6tPQ,3,B,D,D,False,True,D,False,D,False,D,False,True,0
full_run.jsonl,GPQA-Diamond,shipped_engine(pilot),recNuT2oSnO86bxOx,3,D,D,D,True,True,D,True,D,True,D,True,True,0
full_run.jsonl,GPQA-Diamond,shipped_engine(pilot),recGee5m84dg5FZkc,3,C,B,B,False,True,B,False,B,False,B,False,False,0
full_run.jsonl,GPQA-Diamond,shipped_engine(pilot),recwlwlcPvXVNPmvl,3,D,D,D,True,True,D,True,D,True,D,True,True,0
full_run.jsonl,GPQA-Diamond,shipped_engine(pilot),recJZ3QEfRKjYw9a7,3,A,B,B,False,True,B,False,B,False,B,False,False,0
full_run.jsonl,GPQA-Diamond,shipped_engine(pilot),recdya6FuYraBU5Rh,3,B,B,B,True,True,B,True,B,True,C,False,True,0
full_run.jsonl,GPQA-Diamond,shipped_engine(pilot),reccOKzFNmyqeJ6ry,3,D,D,D,True,True,D,True,D,True,D,True,True,0
full_run.jsonl,GPQA-Diamond,shipped_engine(pilot),rectXfsCM1dj4Kv2c,3,C,A,A,False,True,A,False,A,False,D,False,True,0
full_run.jsonl,GPQA-Diamond,shipped_engine(pilot),recaXdGn3FAIkxLGM,3,D,B,B,False,True,D,True,D,True,C,False,True,0
full_run.jsonl,GPQA-Diamond,shipped_engine(pilot),rec06pnAkLOr2t2mp,3,B,B,B,True,True,B,True,B,True,B,True,True,0
full_run.jsonl,GPQA-Diamond,shipped_engine(pilot),recO3hvCWRGiG0odN,3,B,B,B,True,True,B,True,B,True,B,True,True,0
full_run.jsonl,GPQA-Diamond,shipped_engine(pilot),rec7C06XOB2h298ue,3,D,D,D,True,True,D,True,D,True,D,True,True,0
full_run.jsonl,GPQA-Diamond,shipped_engine(pilot),recs3PLPUEMiqg4P8,3,C,D,D,False,True,D,False,D,False,D,False,False,0
full_run.jsonl,GPQA-Diamond,shipped_engine(pilot),reccVFW11Elovnf8T,3,C,C,C,True,True,C,True,C,True,C,True,True,0
full_run.jsonl,GPQA-Diamond,shipped_engine(pilot),recoiTJPGUmzAkief,3,D,D,D,True,True,D,True,D,True,D,True,True,0
full_run.jsonl,GPQA-Diamond,shipped_engine(pilot),reckEnrOPFT9Ru7tW,3,B,A,A,False,True,A,False,A,False,A,False,True,0
full_run.jsonl,GPQA-Diamond,shipped_engine(pilot),reck4G4xxv3YnpbtQ,3,B,C,C,False,True,C,False,C,False,A,False,False,0
full_run.jsonl,GPQA-Diamond,shipped_engine(pilot),rechgQucGlrnt8KRV,3,B,B,B,True,True,B,True,B,True,B,True,True,0
full_run.jsonl,GPQA-Diamond,shipped_engine(pilot),recI1ls9OXdxatHQn,3,A,A,A,True,True,A,True,A,True,A,True,True,0
full_run.jsonl,GPQA-Diamond,shipped_engine(pilot),recIOlKBsOeEcgkA1,3,D,D,D,True,True,D,True,D,True,D,True,True,0
full_run.jsonl,GPQA-Diamond,shipped_engine(pilot),rechtUKxC6G67H7Pr,3,C,C,C,True,True,C,True,C,True,C,True,True,0
full_run.jsonl,GPQA-Diamond,shipped_engine(pilot),rec8y3ZrBOcLgNEkE,3,B,B,B,True,True,B,True,B,True,B,True,True,0
full_run.jsonl,GPQA-Diamond,shipped_engine(pilot),reczUoM8JsxU6pYxr,3,D,D,D,True,True,D,True,D,True,D,True,True,2
full_run.jsonl,GPQA-Diamond,shipped_engine(pilot),recPL4ZPpVYxgMu57,3,A,A,A,True,True,A,True,A,True,A,True,True,1
full_run.jsonl,GPQA-Diamond,shipped_engine(pilot),recPIzpnuYpB4yvmp,3,D,D,D,True,True,D,True,D,True,C,False,True,0
full_run.jsonl,GPQA-Diamond,shipped_engine(pilot),recINGR1z01Fh1Z3A,3,C,C,C,True,True,C,True,C,True,B,False,True,0
full_run.jsonl,GPQA-Diamond,shipped_engine(pilot),recJJcOHhFeSaRpl4,3,C,C,C,True,True,C,True,C,True,C,True,True,0
full_run.jsonl,GPQA-Diamond,shipped_engine(pilot),receo3UUzRvWCqyfA,3,C,C,C,True,True,C,True,C,True,C,True,True,0
full_run.jsonl,GPQA-Diamond,shipped_engine(pilot),reczkBiPPNrNN49Hp,3,B,B,B,True,True,B,True,B,True,A,False,True,0
full_run.jsonl,GPQA-Diamond,shipped_engine(pilot),receYQxnUBvxPcvbQ,3,B,B,B,True,True,B,True,B,True,D,False,True,0
full_run.jsonl,GPQA-Diamond,shipped_engine(pilot),recLSzwBUS3olCjhl,3,C,C,C,True,True,C,True,C,True,C,True,True,0
full_run.jsonl,GPQA-Diamond,shipped_engine(pilot),recv7GsQg3f0fvB1f,3,A,A,A,True,True,A,True,A,True,A,True,True,1
full_run.jsonl,GPQA-Diamond,shipped_engine(pilot),recf6ayQmL1SxKbvW,3,D,A,A,False,True,A,False,A,False,A,False,False,0
full_run.jsonl,GPQA-Diamond,shipped_engine(pilot),recn3NhOhqAPLda16,3,D,C,C,False,True,D,True,D,True,B,False,True,1
full_run.jsonl,GPQA-Diamond,shipped_engine(pilot),recihePFulRgNKsIn,3,A,C,C,False,True,C,False,C,False,A,True,True,1
full_run.jsonl,GPQA-Diamond,shipped_engine(pilot),recUOePh79cp4T2Bg,3,B,C,C,False,True,C,False,C,False,C,False,False,0
full_run.jsonl,GPQA-Diamond,shipped_engine(pilot),recrNbtgTNoabJJi6,3,D,A,A,False,True,A,False,A,False,A,False,False,0
full_run.jsonl,GPQA-Diamond,shipped_engine(pilot),recjJ54TXc04enRkZ,3,A,A,A,True,True,A,True,A,True,A,True,True,0
full_run.jsonl,GPQA-Diamond,shipped_engine(pilot),recFaL6j8UMhutXrc,3,A,A,A,True,True,A,True,A,True,A,True,True,0
full_run.jsonl,GPQA-Diamond,shipped_engine(pilot),recr3VHM4zYf6dMFY,3,B,B,B,True,True,B,True,B,True,B,True,True,0
full_run.jsonl,GPQA-Diamond,shipped_engine(pilot),rec8nshandHARTkrg,3,B,A,A,False,True,A,False,D,False,A,False,False,0
full_run.jsonl,GPQA-Diamond,shipped_engine(pilot),recXsuOHRBLcyenF2,3,A,A,A,True,True,A,True,A,True,A,True,True,0
full_run.jsonl,GPQA-Diamond,shipped_engine(pilot),recfTlTMjZBuOducT,3,D,D,D,True,True,D,True,A,False,D,True,True,0
full_run.jsonl,GPQA-Diamond,shipped_engine(pilot),recBhnXrUyTJ6WHIR,3,D,B,B,False,True,B,False,B,False,B,False,False,0
full_run.jsonl,GPQA-Diamond,shipped_engine(pilot),reckl6PkaEMWM50yZ,3,C,A,A,False,True,A,False,A,False,A,False,False,0
full_run2.jsonl,GPQA-Diamond,shipped_engine(pilot),recypVp2NmPlBKVTp,3,A,A,A,True,True,A,True,A,True,A,True,True,0
full_run2.jsonl,GPQA-Diamond,shipped_engine(pilot),recINSFEYLCyyd08m,3,A,A,A,True,True,A,True,A,True,A,True,True,0
full_run2.jsonl,GPQA-Diamond,shipped_engine(pilot),recnawZPumSCLMVgp,3,A,B,B,False,True,B,False,B,False,B,False,False,0
full_run2.jsonl,GPQA-Diamond,shipped_engine(pilot),rec527dNeEtWJrYNl,3,B,B,B,True,True,B,True,B,True,B,True,True,0
full_run2.jsonl,GPQA-Diamond,shipped_engine(pilot),rechKl68Uc6H7vU0N,3,A,C,C,False,True,C,False,A,True,A,True,True,0
full_run2.jsonl,GPQA-Diamond,shipped_engine(pilot),rec4r4KWNLrT7g2kR,3,D,D,D,True,True,D,True,D,True,D,True,True,0
full_run2.jsonl,GPQA-Diamond,shipped_engine(pilot),rec0yTRmO1o1xCA6H,3,C,D,D,False,True,D,False,D,False,D,False,False,0
full_run2.jsonl,GPQA-Diamond,shipped_engine(pilot),recVvpD8miVjmmyfe,3,D,D,D,True,True,D,True,D,True,D,True,True,0
full_run2.jsonl,GPQA-Diamond,shipped_engine(pilot),recE2ihVfqEK4R9d0,3,C,C,C,True,True,C,True,C,True,C,True,True,0
full_run2.jsonl,GPQA-Diamond,shipped_engine(pilot),recnTTKdBzfuoZ7w7,3,D,C,C,False,True,C,False,C,False,C,False,False,0
full_run2.jsonl,GPQA-Diamond,shipped_engine(pilot),rec5rjeLsEq5Fg7Oj,3,D,D,D,True,True,D,True,D,True,D,True,True,0
full_run2.jsonl,GPQA-Diamond,shipped_engine(pilot),recb80OwMgNnceA9t,3,A,C,C,False,True,C,False,C,False,D,False,True,0
full_run2.jsonl,GPQA-Diamond,shipped_engine(pilot),reczjcMtrB1YGS2fO,3,A,C,C,False,True,C,False,C,False,C,False,True,0
full_run2.jsonl,GPQA-Diamond,shipped_engine(pilot),recpki12iG9RUGrz9,3,D,D,D,True,True,D,True,D,True,D,True,True,0
full_run2.jsonl,GPQA-Diamond,shipped_engine(pilot),recDj2Y2BbtV02Wv5,3,B,D,D,False,True,D,False,D,False,D,False,False,1
full_run2.jsonl,GPQA-Diamond,shipped_engine(pilot),rec260hNUCEj109Dj,3,C,C,C,True,True,C,True,C,True,C,True,True,0
full_run2.jsonl,GPQA-Diamond,shipped_engine(pilot),recLAgwx9vbgB5EHk,3,B,B,B,True,True,B,True,B,True,B,True,True,0
full_run2.jsonl,GPQA-Diamond,shipped_engine(pilot),recIj8lR4tuDgrHou,3,C,D,D,False,True,D,False,D,False,D,False,True,0
full_run2.jsonl,GPQA-Diamond,shipped_engine(pilot),recWPMm91mGDLXONm,3,D,D,D,True,True,D,True,D,True,D,True,True,0
full_run2.jsonl,GPQA-Diamond,shipped_engine(pilot),recHVUd2DkoKfedJZ,3,A,A,A,True,True,A,True,A,True,C,False,True,0
full_run2.jsonl,GPQA-Diamond,shipped_engine(pilot),recVEXvhYxAhELVqB,3,A,A,A,True,True,A,True,A,True,A,True,True,0
full_run2.jsonl,GPQA-Diamond,shipped_engine(pilot),recnGEpF1srQpaqWq,3,B,B,B,True,True,B,True,B,True,B,True,True,1
full_run2.jsonl,GPQA-Diamond,shipped_engine(pilot),recPSTGXK3P39yNYT,3,C,C,C,True,True,C,True,C,True,C,True,True,0
full_run2.jsonl,GPQA-Diamond,shipped_engine(pilot),recIlghoOw5VbY4Zh,3,C,C,C,True,True,C,True,C,True,C,True,True,0
full_run2.jsonl,GPQA-Diamond,shipped_engine(pilot),recOvqPKUtyy9ISA1,3,D,D,D,True,True,D,True,D,True,D,True,True,0
full_run2.jsonl,GPQA-Diamond,shipped_engine(pilot),recL9MFV5zmdlle5T,3,D,D,D,True,True,D,True,D,True,D,True,True,0
full_run2.jsonl,GPQA-Diamond,shipped_engine(pilot),recwW1A85nfyQpReG,3,C,C,C,True,True,C,True,C,True,B,False,True,0
full_run2.jsonl,GPQA-Diamond,shipped_engine(pilot),rec4L69T0Y1AS4AFS,3,B,B,B,True,True,B,True,B,True,B,True,True,0
full_run2.jsonl,GPQA-Diamond,shipped_engine(pilot),recNuT2oSnO86bxOx,3,D,D,D,True,True,D,True,D,True,D,True,True,0
full_run2.jsonl,GPQA-Diamond,shipped_engine(pilot),recGee5m84dg5FZkc,3,C,B,B,False,True,B,False,B,False,B,False,False,0
full_run2.jsonl,GPQA-Diamond,shipped_engine(pilot),recEmTBhx2hgw6tPQ,3,B,B,B,True,True,B,True,B,True,B,True,True,0
full_run2.jsonl,GPQA-Diamond,shipped_engine(pilot),recJZ3QEfRKjYw9a7,3,A,D,D,False,True,D,False,A,True,D,False,True,0
full_run2.jsonl,GPQA-Diamond,shipped_engine(pilot),recwlwlcPvXVNPmvl,3,D,D,D,True,True,D,True,D,True,D,True,True,0
full_run2.jsonl,GPQA-Diamond,shipped_engine(pilot),recdya6FuYraBU5Rh,3,B,B,B,True,True,B,True,B,True,C,False,True,0
full_run2.jsonl,GPQA-Diamond,shipped_engine(pilot),recooG6bivTUJpDBz,3,A,D,D,False,True,D,False,D,False,D,False,False,0
full_run2.jsonl,GPQA-Diamond,shipped_engine(pilot),recaXdGn3FAIkxLGM,3,D,D,D,True,True,D,True,D,True,D,True,True,0
full_run2.jsonl,GPQA-Diamond,shipped_engine(pilot),reccOKzFNmyqeJ6ry,3,D,D,D,True,True,D,True,D,True,D,True,True,0
full_run2.jsonl,GPQA-Diamond,shipped_engine(pilot),rec06pnAkLOr2t2mp,3,B,B,B,True,True,B,True,B,True,B,True,True,0
full_run2.jsonl,GPQA-Diamond,shipped_engine(pilot),rectXfsCM1dj4Kv2c,3,C,A,A,False,True,A,False,A,False,A,False,True,1
full_run2.jsonl,GPQA-Diamond,shipped_engine(pilot),rec7C06XOB2h298ue,3,D,D,D,True,True,D,True,D,True,D,True,True,0
full_run2.jsonl,GPQA-Diamond,shipped_engine(pilot),recs3PLPUEMiqg4P8,3,C,D,D,False,True,D,False,D,False,D,False,False,0
full_run2.jsonl,GPQA-Diamond,shipped_engine(pilot),recO3hvCWRGiG0odN,3,B,B,B,True,True,B,True,B,True,B,True,True,0
full_run2.jsonl,GPQA-Diamond,shipped_engine(pilot),reckEnrOPFT9Ru7tW,3,B,B,B,True,True,B,True,B,True,A,False,True,0
full_run2.jsonl,GPQA-Diamond,shipped_engine(pilot),reck4G4xxv3YnpbtQ,3,B,A,A,False,True,A,False,A,False,A,False,False,0
full_run2.jsonl,GPQA-Diamond,shipped_engine(pilot),recoiTJPGUmzAkief,3,D,D,D,True,True,D,True,D,True,D,True,True,0
full_run2.jsonl,GPQA-Diamond,shipped_engine(pilot),reccVFW11Elovnf8T,3,C,C,C,True,True,C,True,B,False,B,False,True,0
full_run2.jsonl,GPQA-Diamond,shipped_engine(pilot),recI1ls9OXdxatHQn,3,A,A,A,True,True,A,True,A,True,A,True,True,0
full_run2.jsonl,GPQA-Diamond,shipped_engine(pilot),recIOlKBsOeEcgkA1,3,D,D,D,True,True,D,True,D,True,D,True,True,0
full_run2.jsonl,GPQA-Diamond,shipped_engine(pilot),recRZjaElf8ft7xTq,3,C,A,A,False,True,A,False,A,False,A,False,True,0
full_run2.jsonl,GPQA-Diamond,shipped_engine(pilot),recmkvk6EFAmqyMxR,3,B,B,B,True,True,B,True,B,True,B,True,True,0
full_run2.jsonl,GPQA-Diamond,shipped_engine(pilot),rechtUKxC6G67H7Pr,3,C,C,C,True,True,C,True,C,True,C,True,True,0
full_run2.jsonl,GPQA-Diamond,shipped_engine(pilot),rec8y3ZrBOcLgNEkE,3,B,B,B,True,True,B,True,B,True,B,True,True,0
full_run2.jsonl,GPQA-Diamond,shipped_engine(pilot),reczUoM8JsxU6pYxr,3,D,D,D,True,True,D,True,D,True,D,True,True,2
full_run2.jsonl,GPQA-Diamond,shipped_engine(pilot),rec5eA17Qr1ucNLUf,3,C,C,C,True,True,C,True,C,True,C,True,True,0
full_run2.jsonl,GPQA-Diamond,shipped_engine(pilot),recPIzpnuYpB4yvmp,3,D,D,D,True,True,D,True,D,True,D,True,True,0
full_run2.jsonl,GPQA-Diamond,shipped_engine(pilot),recINGR1z01Fh1Z3A,3,C,C,C,True,True,C,True,C,True,C,True,True,0
full_run2.jsonl,GPQA-Diamond,shipped_engine(pilot),recPL4ZPpVYxgMu57,3,A,A,A,True,True,A,True,A,True,A,True,True,1
full_run2.jsonl,GPQA-Diamond,shipped_engine(pilot),reczkBiPPNrNN49Hp,3,B,B,B,True,True,B,True,B,True,B,True,True,0
full_run2.jsonl,GPQA-Diamond,shipped_engine(pilot),recJJcOHhFeSaRpl4,3,C,C,C,True,True,C,True,C,True,C,True,True,0
full_run2.jsonl,GPQA-Diamond,shipped_engine(pilot),receo3UUzRvWCqyfA,3,C,C,C,True,True,C,True,C,True,B,False,True,0
full_run2.jsonl,GPQA-Diamond,shipped_engine(pilot),recuYEkVjdVUwA3c0,3,C,B,B,False,True,B,False,C,True,B,False,True,0
full_run2.jsonl,GPQA-Diamond,shipped_engine(pilot),recv7GsQg3f0fvB1f,3,A,A,A,True,True,A,True,A,True,A,True,True,0
full_run2.jsonl,GPQA-Diamond,shipped_engine(pilot),recLSzwBUS3olCjhl,3,C,C,C,True,True,C,True,C,True,C,True,True,1
full_run2.jsonl,GPQA-Diamond,shipped_engine(pilot),recUOePh79cp4T2Bg,3,B,C,C,False,True,C,False,C,False,C,False,False,0
full_run2.jsonl,GPQA-Diamond,shipped_engine(pilot),recf6ayQmL1SxKbvW,3,D,A,A,False,True,A,False,A,False,A,False,False,0
full_run2.jsonl,GPQA-Diamond,shipped_engine(pilot),recn3NhOhqAPLda16,3,D,C,C,False,True,C,False,C,False,C,False,True,1
full_run2.jsonl,GPQA-Diamond,shipped_engine(pilot),recihePFulRgNKsIn,3,A,C,C,False,True,C,False,C,False,C,False,False,1
full_run2.jsonl,GPQA-Diamond,shipped_engine(pilot),recrNbtgTNoabJJi6,3,D,D,D,True,True,D,True,D,True,D,True,True,0
full_run2.jsonl,GPQA-Diamond,shipped_engine(pilot),rec8nshandHARTkrg,3,B,A,A,False,True,A,False,A,False,A,False,False,0
full_run2.jsonl,GPQA-Diamond,shipped_engine(pilot),recFaL6j8UMhutXrc,3,A,A,A,True,True,A,True,A,True,A,True,True,0
full_run2.jsonl,GPQA-Diamond,shipped_engine(pilot),recr3VHM4zYf6dMFY,3,B,B,B,True,True,B,True,B,True,B,True,True,0
full_run2.jsonl,GPQA-Diamond,shipped_engine(pilot),recjJ54TXc04enRkZ,3,A,D,D,False,True,D,False,D,False,B,False,False,0
full_run2.jsonl,GPQA-Diamond,shipped_engine(pilot),recclFbsjbaiVVnnV,3,C,B,B,False,True,B,False,B,False,B,False,False,0
full_run2.jsonl,GPQA-Diamond,shipped_engine(pilot),recXsuOHRBLcyenF2,3,A,A,A,True,True,A,True,A,True,A,True,True,0
full_run2.jsonl,GPQA-Diamond,shipped_engine(pilot),recfTlTMjZBuOducT,3,D,D,D,True,True,D,True,D,True,A,False,True,0
full_run2.jsonl,GPQA-Diamond,shipped_engine(pilot),recOkA2zsy4GSMD9R,3,B,D,D,False,True,D,False,D,False,D,False,False,0
full_run2.jsonl,GPQA-Diamond,shipped_engine(pilot),reckl6PkaEMWM50yZ,3,C,A,A,False,True,A,False,A,False,A,False,False,0
full_run2.jsonl,GPQA-Diamond,shipped_engine(pilot),recBhnXrUyTJ6WHIR,3,D,D,D,True,True,D,True,B,False,B,False,True,0
full_run2.jsonl,GPQA-Diamond,shipped_engine(pilot),recQiWOxhkXRz9NVE,3,C,C,C,True,True,C,True,A,False,C,True,True,0
full_run2.jsonl,GPQA-Diamond,shipped_engine(pilot),recGFNRVl1qBZGwyU,3,B,A,A,False,True,A,False,A,False,A,False,False,0
full_run2.jsonl,GPQA-Diamond,shipped_engine(pilot),recXvQ6gWAmyakrpD,3,B,B,B,True,True,B,True,B,True,A,False,True,0
full_run2.jsonl,GPQA-Diamond,shipped_engine(pilot),reczzzihL7btBH7RO,3,A,C,C,False,True,C,False,C,False,C,False,True,0
full_run2.jsonl,GPQA-Diamond,shipped_engine(pilot),rechgQucGlrnt8KRV,3,B,B,B,True,True,B,True,B,True,A,False,True,0
full_run2.jsonl,GPQA-Diamond,shipped_engine(pilot),receYQxnUBvxPcvbQ,3,B,B,B,True,True,B,True,B,True,B,True,True,0
full_run2.jsonl,GPQA-Diamond,shipped_engine(pilot),rec6sE2CRtD4drtHg,3,C,C,C,True,True,C,True,C,True,C,True,True,0
full_run2.jsonl,GPQA-Diamond,shipped_engine(pilot),recSBcGLPatKb3Ygu,3,D,D,D,True,True,D,True,D,True,D,True,True,0
full_run2.jsonl,GPQA-Diamond,shipped_engine(pilot),recmI7EiLv72PxmYK,3,B,B,B,True,True,B,True,B,True,B,True,True,0
full_run2.jsonl,GPQA-Diamond,shipped_engine(pilot),recatj4YXzbOaq3Ar,3,C,C,C,True,True,C,True,C,True,C,True,True,0
full_run2.jsonl,GPQA-Diamond,shipped_engine(pilot),recMicVBcqy1xM1jq,3,B,D,D,False,True,D,False,D,False,D,False,False,0
full_run2.jsonl,GPQA-Diamond,shipped_engine(pilot),rec0wZvZgiz320KRs,3,B,D,D,False,True,D,False,D,False,D,False,True,0
gsm8k_pilot_seed42.jsonl,GSM8K,shipped_engine(pilot),1214,3,B,B,B,True,True,B,True,B,True,B,True,True,0
gsm8k_pilot_seed42.jsonl,GSM8K,shipped_engine(pilot),588,3,A,A,A,True,True,A,True,A,True,A,True,True,0
gsm8k_pilot_seed42.jsonl,GSM8K,shipped_engine(pilot),906,3,B,B,B,True,True,B,True,B,True,B,True,True,0
gsm8k_pilot_seed42.jsonl,GSM8K,shipped_engine(pilot),57,3,C,C,C,True,True,C,True,C,True,C,True,True,0
gsm8k_pilot_seed42.jsonl,GSM8K,shipped_engine(pilot),1252,3,C,C,C,True,True,C,True,C,True,C,True,True,0
gsm8k_pilot_seed42.jsonl,GSM8K,shipped_engine(pilot),599,3,D,D,D,True,True,D,True,D,True,D,True,True,0
gsm8k_pilot_seed42.jsonl,GSM8K,shipped_engine(pilot),618,3,C,C,C,True,True,C,True,C,True,C,True,True,0
gsm8k_pilot_seed42.jsonl,GSM8K,shipped_engine(pilot),400,3,C,C,C,True,True,C,True,C,True,C,True,True,0
gsm8k_pilot_seed42.jsonl,GSM8K,shipped_engine(pilot),289,3,C,C,C,True,True,C,True,C,True,C,True,True,0
gsm8k_pilot_seed42.jsonl,GSM8K,shipped_engine(pilot),608,3,B,B,B,True,True,B,True,B,True,B,True,True,0
gsm8k_pilot_seed42.jsonl,GSM8K,shipped_engine(pilot),237,3,D,D,D,True,True,D,True,D,True,D,True,True,0
gsm8k_pilot_seed42.jsonl,GSM8K,shipped_engine(pilot),1132,3,A,A,A,True,True,A,True,A,True,A,True,True,0
gsm8k_pilot_seed42.jsonl,GSM8K,shipped_engine(pilot),672,3,A,A,A,True,True,A,True,A,True,A,True,True,0
gsm8k_pilot_seed42.jsonl,GSM8K,shipped_engine(pilot),222,3,B,B,B,True,True,B,True,B,True,B,True,True,0
gsm8k_pilot_seed42.jsonl,GSM8K,shipped_engine(pilot),616,3,A,A,A,True,True,A,True,A,True,A,True,True,0
gsm8k_pilot_seed42.jsonl,GSM8K,shipped_engine(pilot),238,3,D,D,D,True,True,D,True,D,True,D,True,True,0
gsm8k_pilot_seed42.jsonl,GSM8K,shipped_engine(pilot),945,3,B,B,B,True,True,B,True,B,True,B,True,True,0
gsm8k_pilot_seed42.jsonl,GSM8K,shipped_engine(pilot),55,3,A,A,A,True,True,A,True,A,True,A,True,True,0
gsm8k_pilot_seed42.jsonl,GSM8K,shipped_engine(pilot),730,3,A,A,A,True,True,A,True,A,True,A,True,True,0
gsm8k_pilot_seed42.jsonl,GSM8K,shipped_engine(pilot),463,3,B,B,B,True,True,B,True,A,False,B,True,True,0
gsm8k_pilot_seed42.jsonl,GSM8K,shipped_engine(pilot),176,3,A,A,A,True,True,A,True,A,True,A,True,True,0
gsm8k_pilot_seed42.jsonl,GSM8K,shipped_engine(pilot),772,3,A,A,A,True,True,A,True,A,True,A,True,True,0
gsm8k_pilot_seed42.jsonl,GSM8K,shipped_engine(pilot),15,3,A,A,A,True,True,A,True,A,True,A,True,True,0
gsm8k_pilot_seed42.jsonl,GSM8K,shipped_engine(pilot),66,3,C,C,C,True,True,C,True,C,True,C,True,True,0
gsm8k_pilot_seed42.jsonl,GSM8K,shipped_engine(pilot),479,3,D,D,D,True,True,D,True,D,True,D,True,True,0
gsm8k_pilot_seed42.jsonl,GSM8K,shipped_engine(pilot),1005,3,C,C,C,True,True,C,True,C,True,C,True,True,0
gsm8k_pilot_seed42.jsonl,GSM8K,shipped_engine(pilot),480,3,D,D,D,True,True,D,True,D,True,D,True,True,0
gsm8k_pilot_seed42.jsonl,GSM8K,shipped_engine(pilot),896,3,B,B,B,True,True,B,True,B,True,D,False,True,0
gsm8k_pilot_seed42.jsonl,GSM8K,shipped_engine(pilot),1122,3,B,B,B,True,True,B,True,B,True,B,True,True,0
gsm8k_pilot_seed42.jsonl,GSM8K,shipped_engine(pilot),921,3,C,D,D,False,True,D,False,D,False,D,False,False,0
gsm8k_pilot_seed42.jsonl,GSM8K,shipped_engine(pilot),275,3,C,C,C,True,True,C,True,C,True,C,True,True,0
gsm8k_pilot_seed42.jsonl,GSM8K,shipped_engine(pilot),868,3,B,B,B,True,True,B,True,B,True,B,True,True,0
gsm8k_pilot_seed42.jsonl,GSM8K,shipped_engine(pilot),187,3,B,C,C,False,True,C,False,C,False,C,False,False,0
gsm8k_pilot_seed42.jsonl,GSM8K,shipped_engine(pilot),562,3,D,D,D,True,True,D,True,D,True,D,True,True,0
gsm8k_pilot_seed42.jsonl,GSM8K,shipped_engine(pilot),770,3,D,D,D,True,True,D,True,D,True,D,True,True,0
gsm8k_pilot_seed42.jsonl,GSM8K,shipped_engine(pilot),172,3,D,D,D,True,True,D,True,D,True,D,True,True,0
gsm8k_pilot_seed42.jsonl,GSM8K,shipped_engine(pilot),1191,3,A,A,A,True,True,A,True,A,True,A,True,True,0
gsm8k_pilot_seed42.jsonl,GSM8K,shipped_engine(pilot),1082,3,A,C,C,False,True,C,False,A,True,C,False,True,0
gsm8k_pilot_seed42.jsonl,GSM8K,shipped_engine(pilot),1308,3,A,A,A,True,True,A,True,A,True,A,True,True,0
gsm8k_pilot_seed42.jsonl,GSM8K,shipped_engine(pilot),1154,3,D,D,D,True,True,D,True,D,True,D,True,True,0
gsm8k_pilot_seed42.jsonl,GSM8K,shipped_engine(pilot),537,3,A,A,A,True,True,A,True,A,True,A,True,True,0
gsm8k_pilot_seed42.jsonl,GSM8K,shipped_engine(pilot),280,3,C,C,C,True,True,C,True,C,True,C,True,True,0
gsm8k_pilot_seed42.jsonl,GSM8K,shipped_engine(pilot),413,3,B,B,B,True,True,B,True,B,True,B,True,True,0
gsm8k_pilot_seed42.jsonl,GSM8K,shipped_engine(pilot),677,3,C,C,C,True,True,C,True,C,True,C,True,True,0
gsm8k_pilot_seed42.jsonl,GSM8K,shipped_engine(pilot),177,3,D,D,D,True,True,D,True,D,True,D,True,True,0
gsm8k_pilot_seed42.jsonl,GSM8K,shipped_engine(pilot),923,3,A,A,A,True,True,A,True,A,True,A,True,True,0
gsm8k_pilot_seed42.jsonl,GSM8K,shipped_engine(pilot),454,3,C,C,C,True,True,C,True,C,True,C,True,True,0
gsm8k_pilot_seed42.jsonl,GSM8K,shipped_engine(pilot),970,3,C,C,C,True,True,C,True,C,True,C,True,True,0
gsm8k_pilot_seed42.jsonl,GSM8K,shipped_engine(pilot),21,3,D,D,D,True,True,D,True,D,True,D,True,True,0
gsm8k_pilot_seed42.jsonl,GSM8K,shipped_engine(pilot),1176,3,D,D,D,True,True,D,True,D,True,D,True,True,0
lever_chem_flagship_gate_gpqa_seed777.jsonl,GPQA-Diamond,chem_flagship_gate,recJJcOHhFeSaRpl4,3,B,B,B,True,True,B,True,B,True,B,True,True,0
lever_chem_flagship_gate_gpqa_seed777.jsonl,GPQA-Diamond,chem_flagship_gate,rec0yTRmO1o1xCA6H,3,B,D,D,False,True,D,False,D,False,D,False,False,0
lever_chem_flagship_gate_gpqa_seed777.jsonl,GPQA-Diamond,chem_flagship_gate,recn3NhOhqAPLda16,3,D,D,D,True,True,D,True,D,True,D,True,True,0
lever_chem_flagship_gate_gpqa_seed777.jsonl,GPQA-Diamond,chem_flagship_gate,recnjViFrqlZNL3fY,3,A,A,A,True,True,A,True,A,True,A,True,True,0
lever_chem_flagship_gate_gpqa_seed777.jsonl,GPQA-Diamond,chem_flagship_gate,recNAiPUKOulQbKVP,3,A,C,C,False,True,C,False,C,False,C,False,False,0
lever_chem_flagship_gate_gpqa_seed777.jsonl,GPQA-Diamond,chem_flagship_gate,recqGD3fxPCI59vPQ,3,B,B,B,True,True,B,True,B,True,B,True,True,0
lever_chem_flagship_gate_gpqa_seed777.jsonl,GPQA-Diamond,chem_flagship_gate,rec2ZTsqazBZ3LTWZ,3,D,D,D,True,True,D,True,D,True,D,True,True,0
lever_chem_flagship_gate_gpqa_seed777.jsonl,GPQA-Diamond,chem_flagship_gate,reczkBiPPNrNN49Hp,3,A,A,A,True,True,A,True,A,True,A,True,True,0
lever_chem_flagship_gate_gpqa_seed777.jsonl,GPQA-Diamond,chem_flagship_gate,rec5eA17Qr1ucNLUf,3,C,C,C,True,True,C,True,C,True,C,True,True,0
lever_chem_flagship_gate_gpqa_seed777.jsonl,GPQA-Diamond,chem_flagship_gate,recZdZxsN0AxDx0pB,3,A,B,B,False,True,B,False,B,False,B,False,True,0
lever_chem_flagship_gate_gpqa_seed777.jsonl,GPQA-Diamond,chem_flagship_gate,reckEnrOPFT9Ru7tW,3,A,A,A,True,True,A,True,A,True,A,True,True,0
lever_chem_flagship_gate_gpqa_seed777.jsonl,GPQA-Diamond,chem_flagship_gate,recD8oX1KevFbl7bL,3,B,B,B,True,True,B,True,B,True,B,True,True,0
lever_chem_flagship_gate_gpqa_seed777.jsonl,GPQA-Diamond,chem_flagship_gate,reco8WSc71p8zAv4q,3,C,C,C,True,True,C,True,C,True,C,True,True,0
lever_chem_flagship_gate_gpqa_seed777.jsonl,GPQA-Diamond,chem_flagship_gate,recihePFulRgNKsIn,3,A,D,D,False,True,D,False,D,False,D,False,False,0
lever_chem_flagship_gate_gpqa_seed777.jsonl,GPQA-Diamond,chem_flagship_gate,recqFDvYKKRmbnoUb,3,C,C,C,True,True,C,True,C,True,C,True,True,0
lever_chem_flagship_gate_gpqa_seed777.jsonl,GPQA-Diamond,chem_flagship_gate,recdya6FuYraBU5Rh,3,C,C,C,True,True,C,True,C,True,B,False,True,0
lever_chem_flagship_gate_gpqa_seed777.jsonl,GPQA-Diamond,chem_flagship_gate,rec32C1ZEapBnCC0E,3,A,A,A,True,True,A,True,A,True,D,False,True,0
lever_chem_flagship_gate_gpqa_seed777.jsonl,GPQA-Diamond,chem_flagship_gate,reccVFW11Elovnf8T,3,A,B,B,False,True,B,False,B,False,B,False,False,0
lever_chem_flagship_gate_gpqa_seed777.jsonl,GPQA-Diamond,chem_flagship_gate,recWXwn9v4IG9ZrM6,3,A,A,A,True,True,A,True,A,True,A,True,True,0
lever_chem_flagship_gate_gpqa_seed777.jsonl,GPQA-Diamond,chem_flagship_gate,reczQ4I0VpENdMtIj,3,C,A,A,False,True,A,False,A,False,A,False,True,0
lever_chem_flagship_gate_gpqa_seed777.jsonl,GPQA-Diamond,chem_flagship_gate,recRZjaElf8ft7xTq,3,D,B,B,False,True,B,False,B,False,B,False,True,0
lever_chem_flagship_gate_gpqa_seed777.jsonl,GPQA-Diamond,chem_flagship_gate,rec527dNeEtWJrYNl,3,A,A,A,True,True,A,True,A,True,A,True,True,0
lever_chem_flagship_gate_gpqa_seed777.jsonl,GPQA-Diamond,chem_flagship_gate,recgI6tUQ7RLJRWGx,3,C,C,C,True,True,C,True,C,True,C,True,True,0
lever_chem_flagship_gate_gpqa_seed777.jsonl,GPQA-Diamond,chem_flagship_gate,recjgMJaMxz4ESDF2,3,D,D,D,True,True,D,True,D,True,D,True,True,0
lever_chem_flagship_gate_gpqa_seed777.jsonl,GPQA-Diamond,chem_flagship_gate,recBXlqrZUCR897It,3,A,A,A,True,True,A,True,A,True,A,True,True,0
lever_chem_flagship_gate_gpqa_seed777.jsonl,GPQA-Diamond,chem_flagship_gate,recZbxrocrxh9YENH,3,C,B,B,False,True,B,False,B,False,B,False,False,0
lever_chem_flagship_gate_gpqa_seed777.jsonl,GPQA-Diamond,chem_flagship_gate,recoy9ZLBsc7HIRBy,3,C,C,C,True,True,C,True,C,True,D,False,True,0
lever_chem_flagship_gate_gpqa_seed777.jsonl,GPQA-Diamond,chem_flagship_gate,rec4UqStf9WUVif1f,3,D,C,C,False,True,C,False,C,False,C,False,False,0
lever_chem_flagship_gate_gpqa_seed777.jsonl,GPQA-Diamond,chem_flagship_gate,recAAJoHMW45Lv5je,3,B,B,B,True,True,B,True,B,True,B,True,True,0
lever_chem_flagship_gate_gpqa_seed777.jsonl,GPQA-Diamond,chem_flagship_gate,recIIUynGGpsGEYuo,3,D,D,D,True,True,D,True,D,True,B,False,True,0
lever_chem_flagship_gate_gpqa_seed777.jsonl,GPQA-Diamond,chem_flagship_gate,recfTlTMjZBuOducT,3,B,B,B,True,True,B,True,B,True,B,True,True,0
lever_chem_flagship_gate_gpqa_seed777.jsonl,GPQA-Diamond,chem_flagship_gate,recv7GsQg3f0fvB1f,3,D,D,D,True,True,D,True,D,True,D,True,True,0
lever_chem_flagship_gate_gpqa_seed777.jsonl,GPQA-Diamond,chem_flagship_gate,rec6sE2CRtD4drtHg,3,A,A,A,True,True,A,True,A,True,A,True,True,0
lever_chem_flagship_gate_gpqa_seed777.jsonl,GPQA-Diamond,chem_flagship_gate,rec4JrWy7Il8ho5vk,3,B,B,B,True,True,B,True,B,True,C,False,True,0
lever_chem_flagship_gate_gpqa_seed777.jsonl,GPQA-Diamond,chem_flagship_gate,rechKl68Uc6H7vU0N,3,D,D,D,True,True,D,True,D,True,D,True,True,0
lever_chem_flagship_gate_gpqa_seed777.jsonl,GPQA-Diamond,chem_flagship_gate,recgM7o1tcc7tP778,3,B,C,C,False,True,C,False,C,False,C,False,False,0
lever_chem_flagship_gate_gpqa_seed777.jsonl,GPQA-Diamond,chem_flagship_gate,recRgabRzMaEoBRcM,3,C,C,C,True,True,C,True,C,True,C,True,True,0
lever_chem_flagship_gate_gpqa_seed777.jsonl,GPQA-Diamond,chem_flagship_gate,recPzW1WqRnPs57D6,3,B,B,B,True,True,B,True,B,True,B,True,True,0
lever_chem_flagship_gate_gpqa_seed777.jsonl,GPQA-Diamond,chem_flagship_gate,recPIzpnuYpB4yvmp,3,B,B,B,True,True,B,True,B,True,D,False,True,0
lever_chem_flagship_gate_gpqa_seed777.jsonl,GPQA-Diamond,chem_flagship_gate,rec9W28HgpEUeUN8k,3,B,B,B,True,True,B,True,B,True,B,True,True,1
lever_chem_flagship_gate_gpqa_seed777.jsonl,GPQA-Diamond,chem_flagship_gate,recNu3MXkvWUzHZr9,3,B,B,B,True,True,B,True,B,True,B,True,True,0
lever_chem_flagship_gate_gpqa_seed777.jsonl,GPQA-Diamond,chem_flagship_gate,recBhnXrUyTJ6WHIR,3,D,A,A,False,True,A,False,A,False,B,False,True,0
lever_chem_flagship_gate_gpqa_seed777.jsonl,GPQA-Diamond,chem_flagship_gate,rec8nshandHARTkrg,3,B,B,B,True,True,B,True,B,True,B,True,True,0
lever_chem_flagship_gate_gpqa_seed777.jsonl,GPQA-Diamond,chem_flagship_gate,recL9MFV5zmdlle5T,3,B,D,D,False,True,D,False,D,False,A,False,True,0
lever_chem_flagship_gate_gpqa_seed777.jsonl,GPQA-Diamond,chem_flagship_gate,recxTy0x7M6T9ikc0,3,C,C,C,True,True,C,True,C,True,C,True,True,0
lever_chem_flagship_gate_gpqa_seed777.jsonl,GPQA-Diamond,chem_flagship_gate,recUOePh79cp4T2Bg,3,B,C,C,False,True,C,False,C,False,C,False,False,0
lever_chem_flagship_gate_gpqa_seed777.jsonl,GPQA-Diamond,chem_flagship_gate,recgXxEgllSGEpELP,3,B,B,B,True,True,B,True,B,True,A,False,True,0
lever_chem_flagship_gate_gpqa_seed777.jsonl,GPQA-Diamond,chem_flagship_gate,recIDiDKKrN61Auyr,3,C,C,C,True,True,C,True,C,True,C,True,True,0
lever_chem_flagship_gate_gpqa_seed777.jsonl,GPQA-Diamond,chem_flagship_gate,recYt8xx80OTyDsL0,3,A,A,A,True,True,A,True,A,True,A,True,True,0
lever_chem_flagship_gate_gpqa_seed777.jsonl,GPQA-Diamond,chem_flagship_gate,recMicVBcqy1xM1jq,3,C,D,D,False,True,D,False,D,False,D,False,True,0
lever_chem_flagship_gate_gpqa_seed777.jsonl,GPQA-Diamond,chem_flagship_gate,recINSFEYLCyyd08m,3,D,D,D,True,True,D,True,D,True,D,True,True,0
lever_chem_flagship_gate_gpqa_seed777.jsonl,GPQA-Diamond,chem_flagship_gate,recUc29lMDBEvurYo,3,B,D,D,False,True,D,False,D,False,B,True,True,0
lever_chem_flagship_gate_gpqa_seed777.jsonl,GPQA-Diamond,chem_flagship_gate,rectlyG9pCAAuWhoB,3,A,A,A,True,True,A,True,A,True,C,False,True,0
lever_chem_flagship_gate_gpqa_seed777.jsonl,GPQA-Diamond,chem_flagship_gate,recooG6bivTUJpDBz,3,B,D,D,False,True,D,False,D,False,D,False,False,0
lever_chem_flagship_gate_gpqa_seed777.jsonl,GPQA-Diamond,chem_flagship_gate,rec1zl5LvaatzGhFt,3,A,A,A,True,True,A,True,A,True,A,True,True,0
lever_chem_flagship_gate_gpqa_seed777.jsonl,GPQA-Diamond,chem_flagship_gate,reck1zKeCssmN82Ga,3,C,C,C,True,True,C,True,C,True,C,True,True,0
lever_chem_flagship_gate_gpqa_seed777.jsonl,GPQA-Diamond,chem_flagship_gate,rechgQucGlrnt8KRV,3,A,A,A,True,True,A,True,D,False,D,False,True,0
lever_chem_flagship_gate_gpqa_seed777.jsonl,GPQA-Diamond,chem_flagship_gate,recVE8cUNHpHZIAvL,3,A,A,A,True,True,A,True,A,True,D,False,True,0
lever_chem_flagship_gate_gpqa_seed777.jsonl,GPQA-Diamond,chem_flagship_gate,rec260hNUCEj109Dj,3,A,C,C,False,True,C,False,C,False,C,False,True,0
lever_chem_flagship_gate_gpqa_seed777.jsonl,GPQA-Diamond,chem_flagship_gate,recgC4GJ8wUemlUQD,3,C,C,C,True,True,C,True,C,True,C,True,True,0
lever_chem_flagship_gate_gpqa_seed777.jsonl,GPQA-Diamond,chem_flagship_gate,recE2ihVfqEK4R9d0,3,B,B,B,True,True,B,True,B,True,B,True,True,0
lever_chem_flagship_gate_gpqa_seed777.jsonl,GPQA-Diamond,chem_flagship_gate,recS48OsU6kVadBPW,3,A,A,A,True,True,A,True,A,True,A,True,True,0
lever_chem_flagship_gate_gpqa_seed777.jsonl,GPQA-Diamond,chem_flagship_gate,recZ13cwgDQf9jRd9,3,A,A,A,True,True,A,True,A,True,A,True,True,0
lever_chem_flagship_gate_gpqa_seed777.jsonl,GPQA-Diamond,chem_flagship_gate,rec1oj2DveQWl9Rpw,3,B,C,C,False,True,C,False,C,False,C,False,False,0
lever_chem_flagship_gate_gpqa_seed777.jsonl,GPQA-Diamond,chem_flagship_gate,recrs0kUo7Ua1xhKO,3,B,B,B,True,True,B,True,B,True,B,True,True,0
lever_chem_flagship_gate_gpqa_seed777.jsonl,GPQA-Diamond,chem_flagship_gate,recI1ls9OXdxatHQn,3,D,D,D,True,True,D,True,D,True,D,True,True,0
lever_chem_flagship_gate_gpqa_seed777.jsonl,GPQA-Diamond,chem_flagship_gate,recixxJmdux0d8LZQ,3,C,C,C,True,True,C,True,C,True,C,True,True,0
lever_chem_flagship_gate_gpqa_seed777.jsonl,GPQA-Diamond,chem_flagship_gate,recIMcQfaQNa6vzsT,3,D,D,D,True,True,D,True,D,True,A,False,True,0
lever_chem_flagship_gate_gpqa_seed777.jsonl,GPQA-Diamond,chem_flagship_gate,rec9GugrngvsQR99A,3,C,C,C,True,True,C,True,C,True,C,True,True,0
lever_chem_flagship_gate_gpqa_seed777.jsonl,GPQA-Diamond,chem_flagship_gate,rec7qmSnbud4FHSqL,3,D,C,C,False,True,C,False,C,False,A,False,False,0
lever_chem_flagship_gate_gpqa_seed777.jsonl,GPQA-Diamond,chem_flagship_gate,recPSTGXK3P39yNYT,3,A,A,A,True,True,A,True,A,True,A,True,True,0
lever_chem_flagship_gate_gpqa_seed777.jsonl,GPQA-Diamond,chem_flagship_gate,recO3hvCWRGiG0odN,3,D,D,D,True,True,D,True,D,True,D,True,True,0
lever_chem_flagship_gate_gpqa_seed777.jsonl,GPQA-Diamond,chem_flagship_gate,recaXdGn3FAIkxLGM,3,B,C,C,False,True,C,False,C,False,C,False,False,0
lever_chem_flagship_gate_gpqa_seed777.jsonl,GPQA-Diamond,chem_flagship_gate,recakFKZioXUuldcd,3,D,D,D,True,True,D,True,D,True,D,True,True,0
lever_chem_flagship_gate_gpqa_seed777.jsonl,GPQA-Diamond,chem_flagship_gate,recZt4x514UQNnsgy,3,A,C,C,False,True,C,False,A,True,A,True,True,0
lever_chem_flagship_gate_gpqa_seed777.jsonl,GPQA-Diamond,chem_flagship_gate,recKm6LNWykGapmCr,3,C,C,C,True,True,C,True,C,True,C,True,True,0
lever_chem_flagship_gate_gpqa_seed777.jsonl,GPQA-Diamond,chem_flagship_gate,reck4G4xxv3YnpbtQ,3,C,D,D,False,True,D,False,D,False,D,False,False,0
lever_chem_flagship_gate_gpqa_seed777.jsonl,GPQA-Diamond,chem_flagship_gate,recGFKDUd8qgz81Zl,3,C,B,B,False,True,B,False,B,False,B,False,True,0
lever_chem_flagship_gate_gpqa_seed777.jsonl,GPQA-Diamond,chem_flagship_gate,recyPffUDqC2k7ZZO,3,D,D,D,True,True,D,True,D,True,D,True,True,0
lever_chem_flagship_gate_gpqa_seed777.jsonl,GPQA-Diamond,chem_flagship_gate,recOYsaYs6RmtlTDy,3,C,C,C,True,True,C,True,C,True,B,False,True,0
lever_chem_flagship_gate_gpqa_seed777.jsonl,GPQA-Diamond,chem_flagship_gate,rect4iLrSfUwkNTno,3,B,B,B,True,True,B,True,B,True,B,True,True,0
lever_chem_flagship_gate_gpqa_seed777.jsonl,GPQA-Diamond,chem_flagship_gate,recTs7qzfJs6kfLUK,3,B,B,B,True,True,B,True,B,True,B,True,True,0
lever_chem_flagship_gate_gpqa_seed777.jsonl,GPQA-Diamond,chem_flagship_gate,recyrk6XBVwugG5u8,3,A,A,A,True,True,A,True,A,True,B,False,True,0
lever_chem_flagship_gate_gpqa_seed777.jsonl,GPQA-Diamond,chem_flagship_gate,recs3PLPUEMiqg4P8,3,D,D,D,True,True,D,True,D,True,D,True,True,0
lever_chem_flagship_gate_gpqa_seed777.jsonl,GPQA-Diamond,chem_flagship_gate,recJZ3QEfRKjYw9a7,3,B,B,B,True,True,B,True,B,True,B,True,True,0
lever_chem_flagship_gate_gpqa_seed777.jsonl,GPQA-Diamond,chem_flagship_gate,recZWeueB7lSPR6wN,3,B,A,A,False,True,A,False,A,False,A,False,False,0
lever_chem_flagship_gate_gpqa_seed777.jsonl,GPQA-Diamond,chem_flagship_gate,recGFNRVl1qBZGwyU,3,A,A,A,True,True,A,True,A,True,A,True,True,0
lever_chem_flagship_gate_gpqa_seed777.jsonl,GPQA-Diamond,chem_flagship_gate,recpJmTOXx6T48nDJ,3,D,D,D,True,True,D,True,D,True,A,False,True,0
lever_chem_flagship_gate_gpqa_seed888.jsonl,GPQA-Diamond,chem_flagship_gate,rechtUKxC6G67H7Pr,3,C,C,C,True,True,C,True,C,True,C,True,True,1
lever_chem_flagship_gate_gpqa_seed888.jsonl,GPQA-Diamond,chem_flagship_gate,recSBcGLPatKb3Ygu,3,D,D,D,True,True,D,True,D,True,D,True,True,0
lever_chem_flagship_gate_gpqa_seed888.jsonl,GPQA-Diamond,chem_flagship_gate,recKm6LNWykGapmCr,3,D,C,C,False,True,C,False,C,False,C,False,False,0
lever_chem_flagship_gate_gpqa_seed888.jsonl,GPQA-Diamond,chem_flagship_gate,recrNbtgTNoabJJi6,3,C,C,C,True,True,C,True,C,True,C,True,True,0
lever_chem_flagship_gate_gpqa_seed888.jsonl,GPQA-Diamond,chem_flagship_gate,reczkBiPPNrNN49Hp,3,C,C,C,True,True,C,True,C,True,C,True,True,0
lever_chem_flagship_gate_gpqa_seed888.jsonl,GPQA-Diamond,chem_flagship_gate,recNu3MXkvWUzHZr9,3,D,C,C,False,True,C,False,C,False,C,False,True,0
lever_chem_flagship_gate_gpqa_seed888.jsonl,GPQA-Diamond,chem_flagship_gate,recLSzwBUS3olCjhl,3,D,D,D,True,True,D,True,D,True,D,True,True,1
lever_chem_flagship_gate_gpqa_seed888.jsonl,GPQA-Diamond,chem_flagship_gate,rec6sE2CRtD4drtHg,3,D,D,D,True,True,D,True,D,True,D,True,True,0
lever_chem_flagship_gate_gpqa_seed888.jsonl,GPQA-Diamond,chem_flagship_gate,recOvqPKUtyy9ISA1,3,A,A,A,True,True,A,True,A,True,A,True,True,0
lever_chem_flagship_gate_gpqa_seed888.jsonl,GPQA-Diamond,chem_flagship_gate,recZdZxsN0AxDx0pB,3,C,A,A,False,True,D,False,D,False,C,True,True,0
lever_chem_flagship_gate_gpqa_seed888.jsonl,GPQA-Diamond,chem_flagship_gate,recWxGU8Q4YReJ1tb,3,C,A,A,False,True,A,False,A,False,A,False,True,0
lever_chem_flagship_gate_gpqa_seed888.jsonl,GPQA-Diamond,chem_flagship_gate,recqLRu4BcJvlSANc,3,A,A,A,True,True,A,True,A,True,A,True,True,0
lever_chem_flagship_gate_gpqa_seed888.jsonl,GPQA-Diamond,chem_flagship_gate,recxsX66ktJ1Lwt4f,3,B,B,B,True,True,B,True,B,True,B,True,True,0
lever_chem_flagship_gate_gpqa_seed888.jsonl,GPQA-Diamond,chem_flagship_gate,recQ8oxSY2aCwFRS8,3,B,B,B,True,True,B,True,B,True,B,True,True,0
lever_chem_flagship_gate_gpqa_seed888.jsonl,GPQA-Diamond,chem_flagship_gate,recXvQ6gWAmyakrpD,3,D,D,D,True,True,D,True,D,True,D,True,True,0
lever_chem_flagship_gate_gpqa_seed888.jsonl,GPQA-Diamond,chem_flagship_gate,recCJJOeBGERaHYax,3,D,D,D,True,True,B,False,B,False,B,False,True,0
lever_chem_flagship_gate_gpqa_seed888.jsonl,GPQA-Diamond,chem_flagship_gate,recK9F5aqdaybl8bb,3,C,C,C,True,True,C,True,C,True,C,True,True,0
lever_chem_flagship_gate_gpqa_seed888.jsonl,GPQA-Diamond,chem_flagship_gate,rec06pnAkLOr2t2mp,3,D,D,D,True,True,D,True,D,True,D,True,True,0
lever_chem_flagship_gate_gpqa_seed888.jsonl,GPQA-Diamond,chem_flagship_gate,reczzzihL7btBH7RO,3,B,C,C,False,True,C,False,C,False,C,False,True,0
lever_chem_flagship_gate_gpqa_seed888.jsonl,GPQA-Diamond,chem_flagship_gate,recclFbsjbaiVVnnV,3,D,D,D,True,True,D,True,D,True,D,True,True,0
lever_chem_flagship_gate_gpqa_seed888.jsonl,GPQA-Diamond,chem_flagship_gate,recxTy0x7M6T9ikc0,3,B,B,B,True,True,B,True,B,True,B,True,True,0
lever_chem_flagship_gate_gpqa_seed888.jsonl,GPQA-Diamond,chem_flagship_gate,receYQxnUBvxPcvbQ,3,A,A,A,True,True,A,True,A,True,A,True,True,0
lever_chem_flagship_gate_gpqa_seed888.jsonl,GPQA-Diamond,chem_flagship_gate,recmI7EiLv72PxmYK,3,A,A,A,True,True,A,True,A,True,A,True,True,0
lever_chem_flagship_gate_gpqa_seed888.jsonl,GPQA-Diamond,chem_flagship_gate,recPIzpnuYpB4yvmp,3,A,C,C,False,True,C,False,A,True,C,False,True,0
lever_chem_flagship_gate_gpqa_seed888.jsonl,GPQA-Diamond,chem_flagship_gate,recnawZPumSCLMVgp,3,D,D,D,True,True,D,True,D,True,D,True,True,0
lever_chem_flagship_gate_gpqa_seed888.jsonl,GPQA-Diamond,chem_flagship_gate,recOkA2zsy4GSMD9R,3,C,C,C,True,True,C,True,C,True,C,True,True,0
lever_chem_flagship_gate_gpqa_seed888.jsonl,GPQA-Diamond,chem_flagship_gate,recBXlqrZUCR897It,3,D,D,D,True,True,D,True,D,True,D,True,True,0
lever_chem_flagship_gate_gpqa_seed888.jsonl,GPQA-Diamond,chem_flagship_gate,recUOePh79cp4T2Bg,3,B,D,D,False,True,D,False,D,False,D,False,False,0
lever_chem_flagship_gate_gpqa_seed888.jsonl,GPQA-Diamond,chem_flagship_gate,recE2ihVfqEK4R9d0,3,C,C,C,True,True,C,True,C,True,B,False,True,0
lever_chem_flagship_gate_gpqa_seed888.jsonl,GPQA-Diamond,chem_flagship_gate,recHVUd2DkoKfedJZ,3,C,C,C,True,True,C,True,C,True,C,True,True,0
lever_chem_flagship_gate_gpqa_seed888.jsonl,GPQA-Diamond,chem_flagship_gate,recFaL6j8UMhutXrc,3,C,C,C,True,True,C,True,C,True,C,True,True,0
lever_chem_flagship_gate_gpqa_seed888.jsonl,GPQA-Diamond,chem_flagship_gate,recIIUynGGpsGEYuo,3,A,A,A,True,True,A,True,A,True,A,True,True,0
lever_chem_flagship_gate_gpqa_seed888.jsonl,GPQA-Diamond,chem_flagship_gate,recBGxVySx1pkrO1i,3,B,B,B,True,True,B,True,B,True,B,True,True,0
lever_chem_flagship_gate_gpqa_seed888.jsonl,GPQA-Diamond,chem_flagship_gate,recZ13cwgDQf9jRd9,3,B,A,A,False,True,A,False,D,False,D,False,False,0
lever_chem_flagship_gate_gpqa_seed888.jsonl,GPQA-Diamond,chem_flagship_gate,recywRj5a8EEjj2Ib,3,D,D,D,True,True,D,True,D,True,D,True,True,0
lever_chem_flagship_gate_gpqa_seed888.jsonl,GPQA-Diamond,chem_flagship_gate,recZSGUkn56v9kEp1,3,C,C,C,True,True,C,True,C,True,C,True,True,0
lever_chem_flagship_gate_gpqa_seed888.jsonl,GPQA-Diamond,chem_flagship_gate,recL9MFV5zmdlle5T,3,C,C,C,True,True,C,True,C,True,C,True,True,0
lever_chem_flagship_gate_gpqa_seed888.jsonl,GPQA-Diamond,chem_flagship_gate,rect4iLrSfUwkNTno,3,A,A,A,True,True,A,True,A,True,A,True,True,0
lever_chem_flagship_gate_gpqa_seed888.jsonl,GPQA-Diamond,chem_flagship_gate,recJZ3QEfRKjYw9a7,3,B,B,B,True,True,B,True,B,True,B,True,True,0
lever_chem_flagship_gate_gpqa_seed888.jsonl,GPQA-Diamond,chem_flagship_gate,recReg13iV2HwJTaA,3,A,A,A,True,True,A,True,A,True,A,True,True,0
lever_chem_flagship_gate_gpqa_seed888.jsonl,GPQA-Diamond,chem_flagship_gate,recOYsaYs6RmtlTDy,3,B,B,B,True,True,B,True,B,True,B,True,True,0
lever_chem_flagship_gate_gpqa_seed888.jsonl,GPQA-Diamond,chem_flagship_gate,recyrk6XBVwugG5u8,3,B,B,B,True,True,B,True,B,True,B,True,True,0
lever_chem_flagship_gate_gpqa_seed888.jsonl,GPQA-Diamond,chem_flagship_gate,recDDxpS9s8cwkqfq,3,C,C,C,True,True,C,True,C,True,C,True,True,0
lever_chem_flagship_gate_gpqa_seed888.jsonl,GPQA-Diamond,chem_flagship_gate,recfTlTMjZBuOducT,3,A,A,A,True,True,A,True,A,True,D,False,True,0
lever_chem_flagship_gate_gpqa_seed888.jsonl,GPQA-Diamond,chem_flagship_gate,recJJcOHhFeSaRpl4,3,A,A,A,True,True,A,True,A,True,A,True,True,0
lever_chem_flagship_gate_gpqa_seed888.jsonl,GPQA-Diamond,chem_flagship_gate,recnjViFrqlZNL3fY,3,D,D,D,True,True,D,True,D,True,D,True,True,0
lever_chem_flagship_gate_gpqa_seed888.jsonl,GPQA-Diamond,chem_flagship_gate,recGFKDUd8qgz81Zl,3,D,D,D,True,True,D,True,D,True,D,True,True,0
lever_chem_flagship_gate_gpqa_seed888.jsonl,GPQA-Diamond,chem_flagship_gate,rec47oNPXudlTIk4y,3,A,D,D,False,True,D,False,D,False,C,False,True,0
lever_chem_flagship_gate_gpqa_seed888.jsonl,GPQA-Diamond,chem_flagship_gate,rec2ZTsqazBZ3LTWZ,3,D,D,D,True,True,D,True,D,True,D,True,True,0
lever_chem_flagship_gate_gpqa_seed888.jsonl,GPQA-Diamond,chem_flagship_gate,recakFKZioXUuldcd,3,C,C,C,True,True,C,True,C,True,C,True,True,0
lever_chem_flagship_gate_gpqa_seed888.jsonl,GPQA-Diamond,chem_flagship_gate,reco8WSc71p8zAv4q,3,B,C,C,False,True,C,False,B,True,B,True,True,0
lever_chem_flagship_gate_gpqa_seed888.jsonl,GPQA-Diamond,chem_flagship_gate,recZbxrocrxh9YENH,3,B,C,C,False,True,C,False,A,False,C,False,False,0
lever_chem_flagship_gate_gpqa_seed888.jsonl,GPQA-Diamond,chem_flagship_gate,recypVp2NmPlBKVTp,3,A,A,A,True,True,A,True,A,True,A,True,True,0
lever_chem_flagship_gate_gpqa_seed888.jsonl,GPQA-Diamond,chem_flagship_gate,recyPffUDqC2k7ZZO,3,A,A,A,True,True,A,True,A,True,A,True,True,0
lever_chem_flagship_gate_gpqa_seed888.jsonl,GPQA-Diamond,chem_flagship_gate,recBhnXrUyTJ6WHIR,3,B,B,B,True,True,B,True,B,True,C,False,True,1
lever_chem_flagship_gate_gpqa_seed888.jsonl,GPQA-Diamond,chem_flagship_gate,recTs7qzfJs6kfLUK,3,B,B,B,True,True,B,True,B,True,B,True,True,0
lever_chem_flagship_gate_gpqa_seed888.jsonl,GPQA-Diamond,chem_flagship_gate,rectlyG9pCAAuWhoB,3,D,C,C,False,True,C,False,B,False,C,False,False,0
lever_chem_flagship_gate_gpqa_seed888.jsonl,GPQA-Diamond,chem_flagship_gate,recBtVK8rBVtIlXDq,3,A,A,A,True,True,A,True,A,True,A,True,True,0
lever_chem_flagship_gate_gpqa_seed888.jsonl,GPQA-Diamond,chem_flagship_gate,recPL4ZPpVYxgMu57,3,C,C,C,True,True,C,True,C,True,A,False,True,0
lever_chem_flagship_gate_gpqa_seed888.jsonl,GPQA-Diamond,chem_flagship_gate,recw4rROcnHKNZhtK,3,D,D,D,True,True,D,True,D,True,D,True,True,0
lever_chem_flagship_gate_gpqa_seed888.jsonl,GPQA-Diamond,chem_flagship_gate,recpki12iG9RUGrz9,3,B,B,B,True,True,B,True,B,True,D,False,True,0
lever_chem_flagship_gate_gpqa_seed888.jsonl,GPQA-Diamond,chem_flagship_gate,recIlghoOw5VbY4Zh,3,A,A,A,True,True,A,True,A,True,A,True,True,0
lever_chem_flagship_gate_gpqa_seed888.jsonl,GPQA-Diamond,chem_flagship_gate,recmkvk6EFAmqyMxR,3,B,B,B,True,True,B,True,B,True,B,True,True,0
lever_chem_flagship_gate_gpqa_seed888.jsonl,GPQA-Diamond,chem_flagship_gate,recA1i5ZAh0Uzclxp,3,B,B,B,True,True,B,True,B,True,B,True,True,0
lever_chem_flagship_gate_gpqa_seed888.jsonl,GPQA-Diamond,chem_flagship_gate,recAAJoHMW45Lv5je,3,B,B,B,True,True,B,True,B,True,B,True,True,0
lever_chem_flagship_gate_gpqa_seed888.jsonl,GPQA-Diamond,chem_flagship_gate,recoiTJPGUmzAkief,3,A,A,A,True,True,A,True,A,True,A,True,True,0
lever_chem_flagship_gate_gpqa_seed888.jsonl,GPQA-Diamond,chem_flagship_gate,reczQ4I0VpENdMtIj,3,D,C,C,False,True,C,False,C,False,C,False,False,0
lever_chem_flagship_gate_gpqa_seed888.jsonl,GPQA-Diamond,chem_flagship_gate,reckYqR92oJkqJXkE,3,C,C,C,True,True,C,True,C,True,D,False,True,0
lever_chem_flagship_gate_gpqa_seed888.jsonl,GPQA-Diamond,chem_flagship_gate,recMicVBcqy1xM1jq,3,A,B,B,False,True,B,False,B,False,B,False,False,0
lever_chem_flagship_gate_gpqa_seed888.jsonl,GPQA-Diamond,chem_flagship_gate,recpJmTOXx6T48nDJ,3,C,C,C,True,True,C,True,C,True,C,True,True,0
lever_chem_flagship_gate_gpqa_seed888.jsonl,GPQA-Diamond,chem_flagship_gate,recjgMJaMxz4ESDF2,3,B,B,B,True,True,B,True,B,True,B,True,True,0
lever_chem_flagship_gate_gpqa_seed888.jsonl,GPQA-Diamond,chem_flagship_gate,recG1ljJQcVy6CbSl,3,A,A,A,True,True,A,True,A,True,A,True,True,0
lever_chem_flagship_gate_gpqa_seed888.jsonl,GPQA-Diamond,chem_flagship_gate,recINGR1z01Fh1Z3A,3,C,C,C,True,True,C,True,C,True,C,True,True,0
lever_chem_flagship_gate_gpqa_seed888.jsonl,GPQA-Diamond,chem_flagship_gate,reckl6PkaEMWM50yZ,3,B,B,B,True,True,B,True,B,True,B,True,True,0
lever_chem_flagship_gate_gpqa_seed888.jsonl,GPQA-Diamond,chem_flagship_gate,recdya6FuYraBU5Rh,3,D,D,D,True,True,D,True,D,True,B,False,True,0
lever_chem_flagship_gate_gpqa_seed888.jsonl,GPQA-Diamond,chem_flagship_gate,recgC4GJ8wUemlUQD,3,B,B,B,True,True,B,True,B,True,B,True,True,0
lever_chem_flagship_gate_gpqa_seed888.jsonl,GPQA-Diamond,chem_flagship_gate,recYOzCsevNz61Lyn,3,A,A,A,True,True,A,True,A,True,A,True,True,0
lever_chem_flagship_gate_gpqa_seed888.jsonl,GPQA-Diamond,chem_flagship_gate,rec4r4KWNLrT7g2kR,3,B,B,B,True,True,B,True,B,True,B,True,True,0
lever_chem_flagship_gate_gpqa_seed888.jsonl,GPQA-Diamond,chem_flagship_gate,recqGD3fxPCI59vPQ,3,D,D,D,True,True,D,True,D,True,D,True,True,0
lever_chem_flagship_gate_gpqa_seed888.jsonl,GPQA-Diamond,chem_flagship_gate,recVvpD8miVjmmyfe,3,D,D,D,True,True,D,True,D,True,C,False,True,0
lever_chem_flagship_gate_gpqa_seed888.jsonl,GPQA-Diamond,chem_flagship_gate,recLB0EkQ54bYVhnd,3,B,D,D,False,True,D,False,D,False,D,False,False,0
lever_chem_flagship_gate_gpqa_seed888.jsonl,GPQA-Diamond,chem_flagship_gate,rec4UqStf9WUVif1f,3,D,C,C,False,True,C,False,C,False,C,False,False,0
lever_chem_flagship_gate_gpqa_seed888.jsonl,GPQA-Diamond,chem_flagship_gate,reca44yABeO2fx7UB,3,C,C,C,True,True,C,True,A,False,C,True,True,0
lever_chem_flagship_gate_gpqa_seed888.jsonl,GPQA-Diamond,chem_flagship_gate,rec8nshandHARTkrg,3,C,C,C,True,True,C,True,C,True,C,True,True,0
lever_chem_flagship_gate_gpqa_seed888.jsonl,GPQA-Diamond,chem_flagship_gate,recRZjaElf8ft7xTq,3,A,C,C,False,True,C,False,C,False,C,False,True,0
lever_chem_flagship_gate_gpqa_seed888.jsonl,GPQA-Diamond,chem_flagship_gate,recb4cGsC6BJUCU3V,3,A,A,A,True,True,A,True,A,True,A,True,True,0
lever_chem_flagship_gate_gpqa_seed888.jsonl,GPQA-Diamond,chem_flagship_gate,recgM7o1tcc7tP778,3,C,C,C,True,True,C,True,C,True,C,True,True,0
lever_chem_flagship_gate_seed555.jsonl,GPQA-Diamond,chem_flagship_gate,recG1ljJQcVy6CbSl,3,C,C,C,True,True,C,True,C,True,C,True,True,0
lever_chem_flagship_gate_seed555.jsonl,GPQA-Diamond,chem_flagship_gate,recIOlKBsOeEcgkA1,3,C,C,C,True,True,C,True,C,True,C,True,True,0
lever_chem_flagship_gate_seed555.jsonl,GPQA-Diamond,chem_flagship_gate,recKv4hFyNpViUXnL,3,D,D,D,True,True,D,True,D,True,D,True,True,0
lever_chem_flagship_gate_seed555.jsonl,GPQA-Diamond,chem_flagship_gate,reczjcMtrB1YGS2fO,3,D,C,C,False,True,C,False,C,False,C,False,False,0
lever_chem_flagship_gate_seed555.jsonl,GPQA-Diamond,chem_flagship_gate,recb2M22zaD3tL6Qc,3,A,B,B,False,True,B,False,B,False,B,False,False,0
lever_chem_flagship_gate_seed555.jsonl,GPQA-Diamond,chem_flagship_gate,recpki12iG9RUGrz9,3,B,A,A,False,True,A,False,A,False,A,False,True,0
lever_chem_flagship_gate_seed555.jsonl,GPQA-Diamond,chem_flagship_gate,recAYkd96NNuNl1Ei,3,C,D,D,False,True,D,False,D,False,D,False,False,0
lever_chem_flagship_gate_seed555.jsonl,GPQA-Diamond,chem_flagship_gate,recVEXvhYxAhELVqB,3,D,D,D,True,True,D,True,D,True,D,True,True,0
lever_chem_flagship_gate_seed555.jsonl,GPQA-Diamond,chem_flagship_gate,recPzW1WqRnPs57D6,3,A,A,A,True,True,A,True,A,True,A,True,True,0
lever_chem_flagship_gate_seed555.jsonl,GPQA-Diamond,chem_flagship_gate,recLSzwBUS3olCjhl,3,B,B,B,True,True,B,True,B,True,B,True,True,0
lever_chem_flagship_gate_seed555.jsonl,GPQA-Diamond,chem_flagship_gate,rec0VuKUjt1SZ7NYv,3,B,B,B,True,True,B,True,B,True,B,True,True,0
lever_chem_flagship_gate_seed555.jsonl,GPQA-Diamond,chem_flagship_gate,reco8WSc71p8zAv4q,3,B,B,B,True,True,B,True,B,True,B,True,True,0
lever_chem_flagship_gate_seed555.jsonl,GPQA-Diamond,chem_flagship_gate,reckl6PkaEMWM50yZ,3,C,C,C,True,True,C,True,C,True,C,True,True,0
lever_chem_flagship_gate_seed555.jsonl,GPQA-Diamond,chem_flagship_gate,recwW1A85nfyQpReG,3,B,A,A,False,True,A,False,A,False,A,False,False,0
lever_chem_flagship_gate_seed555.jsonl,GPQA-Diamond,chem_flagship_gate,recyl3usDqb7ruXJx,3,A,A,A,True,True,A,True,A,True,A,True,True,0
lever_chem_flagship_gate_seed555.jsonl,GPQA-Diamond,chem_flagship_gate,reck4G4xxv3YnpbtQ,3,B,A,A,False,True,A,False,A,False,A,False,False,0
lever_chem_flagship_gate_seed555.jsonl,GPQA-Diamond,chem_flagship_gate,recRhwQwHijW0gCLo,3,A,D,D,False,True,D,False,D,False,D,False,False,0
lever_chem_flagship_gate_seed555.jsonl,GPQA-Diamond,chem_flagship_gate,recUOePh79cp4T2Bg,3,A,B,B,False,True,B,False,B,False,B,False,False,0
lever_chem_flagship_gate_seed555.jsonl,GPQA-Diamond,chem_flagship_gate,recBtVK8rBVtIlXDq,3,D,D,D,True,True,D,True,D,True,D,True,True,0
lever_chem_flagship_gate_seed555.jsonl,GPQA-Diamond,chem_flagship_gate,rec4r4KWNLrT7g2kR,3,A,A,A,True,True,A,True,A,True,A,True,True,0
lever_chem_flagship_gate_seed555.jsonl,GPQA-Diamond,chem_flagship_gate,recINGR1z01Fh1Z3A,3,A,A,A,True,True,A,True,A,True,A,True,True,0
lever_chem_flagship_gate_seed555.jsonl,GPQA-Diamond,chem_flagship_gate,recmkvk6EFAmqyMxR,3,C,C,C,True,True,C,True,C,True,C,True,True,0
lever_chem_flagship_gate_seed555.jsonl,GPQA-Diamond,chem_flagship_gate,recZdZxsN0AxDx0pB,3,A,B,B,False,True,B,False,B,False,B,False,False,0
lever_chem_flagship_gate_seed555.jsonl,GPQA-Diamond,chem_flagship_gate,recVE8cUNHpHZIAvL,3,C,D,D,False,True,D,False,C,True,C,True,True,0
lever_chem_flagship_gate_seed555.jsonl,GPQA-Diamond,chem_flagship_gate,recrHBEJJoDTV05JR,3,B,B,B,True,True,B,True,B,True,B,True,True,0
lever_chem_flagship_gate_seed555.jsonl,GPQA-Diamond,chem_flagship_gate,reccVBrYdwsB84fGy,3,B,D,D,False,True,D,False,B,True,B,True,True,0
lever_chem_flagship_gate_seed555.jsonl,GPQA-Diamond,chem_flagship_gate,recKm6LNWykGapmCr,3,C,D,D,False,True,D,False,D,False,D,False,False,0
lever_chem_flagship_gate_seed555.jsonl,GPQA-Diamond,chem_flagship_gate,recuYEkVjdVUwA3c0,3,A,A,A,True,True,A,True,A,True,D,False,True,0
lever_chem_flagship_gate_seed555.jsonl,GPQA-Diamond,chem_flagship_gate,rec9W28HgpEUeUN8k,3,A,C,C,False,True,C,False,C,False,B,False,False,1
lever_chem_flagship_gate_seed555.jsonl,GPQA-Diamond,chem_flagship_gate,rec32C1ZEapBnCC0E,3,D,D,D,True,True,D,True,D,True,C,False,True,0
lever_chem_flagship_gate_seed555.jsonl,GPQA-Diamond,chem_flagship_gate,recb4cGsC6BJUCU3V,3,C,C,C,True,True,C,True,C,True,C,True,True,0
lever_chem_flagship_gate_seed555.jsonl,GPQA-Diamond,chem_flagship_gate,recywRj5a8EEjj2Ib,3,B,B,B,True,True,B,True,B,True,B,True,True,0
lever_chem_flagship_gate_seed555.jsonl,GPQA-Diamond,chem_flagship_gate,reckEnrOPFT9Ru7tW,3,B,B,B,True,True,B,True,B,True,B,True,True,0
lever_chem_flagship_gate_seed555.jsonl,GPQA-Diamond,chem_flagship_gate,reczUoM8JsxU6pYxr,3,D,D,D,True,True,D,True,D,True,D,True,True,1
lever_chem_flagship_gate_seed555.jsonl,GPQA-Diamond,chem_flagship_gate,recgI6tUQ7RLJRWGx,3,D,D,D,True,True,D,True,D,True,D,True,True,0
lever_chem_flagship_gate_seed555.jsonl,GPQA-Diamond,chem_flagship_gate,recO3hvCWRGiG0odN,3,B,B,B,True,True,B,True,B,True,B,True,True,0
lever_chem_flagship_gate_seed555.jsonl,GPQA-Diamond,chem_flagship_gate,recD8oX1KevFbl7bL,3,A,A,A,True,True,A,True,A,True,A,True,True,0
lever_chem_flagship_gate_seed555.jsonl,GPQA-Diamond,chem_flagship_gate,recWPMm91mGDLXONm,3,D,D,D,True,True,D,True,D,True,D,True,True,0
lever_chem_flagship_gate_seed555.jsonl,GPQA-Diamond,chem_flagship_gate,recYt8xx80OTyDsL0,3,C,C,C,True,True,C,True,C,True,C,True,True,0
lever_chem_flagship_gate_seed555.jsonl,GPQA-Diamond,chem_flagship_gate,rec6sE2CRtD4drtHg,3,D,D,D,True,True,D,True,D,True,D,True,True,0
lever_chem_flagship_gate_seed555.jsonl,GPQA-Diamond,chem_flagship_gate,rec0yTRmO1o1xCA6H,3,A,C,C,False,True,C,False,C,False,C,False,False,0
lever_chem_flagship_gate_seed555.jsonl,GPQA-Diamond,chem_flagship_gate,recIj8lR4tuDgrHou,3,A,D,D,False,True,D,False,D,False,D,False,True,0
lever_chem_flagship_gate_seed555.jsonl,GPQA-Diamond,chem_flagship_gate,recNu3MXkvWUzHZr9,3,D,D,D,True,True,C,False,C,False,A,False,True,0
lever_chem_flagship_gate_seed555.jsonl,GPQA-Diamond,chem_flagship_gate,recNFJjE5PPTqVJGv,3,C,C,C,True,True,C,True,C,True,C,True,True,0
lever_chem_flagship_gate_seed555.jsonl,GPQA-Diamond,chem_flagship_gate,recafnH3RRnMBXEb1,3,B,B,B,True,True,B,True,B,True,B,True,True,0
lever_chem_flagship_gate_seed555.jsonl,GPQA-Diamond,chem_flagship_gate,reccVFW11Elovnf8T,3,D,D,D,True,True,D,True,D,True,D,True,True,0
lever_chem_flagship_gate_seed555.jsonl,GPQA-Diamond,chem_flagship_gate,recJJcOHhFeSaRpl4,3,B,B,B,True,True,B,True,B,True,B,True,True,0
lever_chem_flagship_gate_seed555.jsonl,GPQA-Diamond,chem_flagship_gate,reccOKzFNmyqeJ6ry,3,C,C,C,True,True,C,True,C,True,C,True,True,0
lever_chem_flagship_gate_seed555.jsonl,GPQA-Diamond,chem_flagship_gate,recYA3LPsCvF1fTMI,3,C,C,C,True,True,C,True,C,True,C,True,True,0
lever_chem_flagship_gate_seed555.jsonl,GPQA-Diamond,chem_flagship_gate,recn3NhOhqAPLda16,3,C,C,C,True,True,C,True,C,True,C,True,True,0
lever_chem_flagship_gate_seed555.jsonl,GPQA-Diamond,chem_flagship_gate,rechgQucGlrnt8KRV,3,D,C,C,False,True,C,False,C,False,C,False,True,0
lever_chem_flagship_gate_seed555.jsonl,GPQA-Diamond,chem_flagship_gate,rec0wZvZgiz320KRs,3,B,D,D,False,True,D,False,D,False,D,False,True,0
lever_chem_flagship_gate_seed555.jsonl,GPQA-Diamond,chem_flagship_gate,recdya6FuYraBU5Rh,3,D,A,A,False,True,A,False,D,True,A,False,True,0
lever_chem_flagship_gate_seed555.jsonl,GPQA-Diamond,chem_flagship_gate,recVvpD8miVjmmyfe,3,B,C,C,False,True,C,False,C,False,C,False,False,0
lever_chem_flagship_gate_seed555.jsonl,GPQA-Diamond,chem_flagship_gate,recL9MFV5zmdlle5T,3,B,B,B,True,True,B,True,B,True,B,True,True,0
lever_chem_flagship_gate_seed555.jsonl,GPQA-Diamond,chem_flagship_gate,recK9F5aqdaybl8bb,3,C,D,D,False,True,D,False,D,False,D,False,True,0
lever_chem_flagship_gate_seed555.jsonl,GPQA-Diamond,chem_flagship_gate,recvlnu8BuLmXZhSX,3,A,A,A,True,True,A,True,A,True,D,False,True,0
lever_chem_flagship_gate_seed555.jsonl,GPQA-Diamond,chem_flagship_gate,recaXdGn3FAIkxLGM,3,C,C,C,True,True,C,True,C,True,B,False,True,0
lever_chem_flagship_gate_seed555.jsonl,GPQA-Diamond,chem_flagship_gate,recrs0kUo7Ua1xhKO,3,B,B,B,True,True,B,True,B,True,B,True,True,0
lever_chem_flagship_gate_seed555.jsonl,GPQA-Diamond,chem_flagship_gate,rec260hNUCEj109Dj,3,C,C,C,True,True,C,True,C,True,C,True,True,0
lever_chem_flagship_gate_seed555.jsonl,GPQA-Diamond,chem_flagship_gate,recwlwlcPvXVNPmvl,3,A,A,A,True,True,A,True,A,True,A,True,True,0
lever_chem_flagship_gate_seed555.jsonl,GPQA-Diamond,chem_flagship_gate,recPSTGXK3P39yNYT,3,A,A,A,True,True,A,True,A,True,A,True,True,0
lever_chem_flagship_gate_seed555.jsonl,GPQA-Diamond,chem_flagship_gate,recclFbsjbaiVVnnV,3,C,C,C,True,True,C,True,C,True,C,True,True,0
lever_chem_flagship_gate_seed555.jsonl,GPQA-Diamond,chem_flagship_gate,rec4JrWy7Il8ho5vk,3,C,C,C,True,True,C,True,C,True,C,True,True,0
lever_chem_flagship_gate_seed555.jsonl,GPQA-Diamond,chem_flagship_gate,recyPffUDqC2k7ZZO,3,A,A,A,True,True,A,True,A,True,A,True,True,0
lever_chem_flagship_gate_seed555.jsonl,GPQA-Diamond,chem_flagship_gate,recr3VHM4zYf6dMFY,3,A,A,A,True,True,A,True,A,True,A,True,True,0
lever_chem_flagship_gate_seed555.jsonl,GPQA-Diamond,chem_flagship_gate,recZbxrocrxh9YENH,3,A,B,B,False,True,B,False,D,False,B,False,False,0
lever_chem_flagship_gate_seed555.jsonl,GPQA-Diamond,chem_flagship_gate,recooG6bivTUJpDBz,3,A,D,D,False,True,D,False,D,False,D,False,False,0
lever_chem_flagship_gate_seed555.jsonl,GPQA-Diamond,chem_flagship_gate,recnjViFrqlZNL3fY,3,B,B,B,True,True,B,True,B,True,C,False,True,0
lever_chem_flagship_gate_seed555.jsonl,GPQA-Diamond,chem_flagship_gate,recqFDvYKKRmbnoUb,3,D,D,D,True,True,D,True,D,True,D,True,True,0
lever_chem_flagship_gate_seed555.jsonl,GPQA-Diamond,chem_flagship_gate,recNuT2oSnO86bxOx,3,D,D,D,True,True,D,True,D,True,D,True,True,0
lever_chem_flagship_gate_seed555.jsonl,GPQA-Diamond,chem_flagship_gate,recA1i5ZAh0Uzclxp,3,C,C,C,True,True,C,True,C,True,C,True,True,0
lever_chem_flagship_gate_seed555.jsonl,GPQA-Diamond,chem_flagship_gate,rec4UqStf9WUVif1f,3,A,C,C,False,True,C,False,C,False,C,False,False,0
lever_chem_flagship_gate_seed555.jsonl,GPQA-Diamond,chem_flagship_gate,reciuppdQde4FGX1z,3,C,D,D,False,True,D,False,C,True,D,False,True,0
lever_chem_flagship_gate_seed555.jsonl,GPQA-Diamond,chem_flagship_gate,recv7GsQg3f0fvB1f,3,B,B,B,True,True,B,True,B,True,B,True,True,0
lever_chem_flagship_gate_seed555.jsonl,GPQA-Diamond,chem_flagship_gate,reczQ4I0VpENdMtIj,3,B,C,C,False,True,C,False,C,False,C,False,False,0
lever_chem_flagship_gate_seed555.jsonl,GPQA-Diamond,chem_flagship_gate,recl1UtgTVKishAq4,3,B,B,B,True,True,B,True,B,True,B,True,True,0
lever_chem_flagship_gate_seed555.jsonl,GPQA-Diamond,chem_flagship_gate,reck1zKeCssmN82Ga,3,B,B,B,True,True,B,True,B,True,B,True,True,0
lever_chem_flagship_gate_seed555.jsonl,GPQA-Diamond,chem_flagship_gate,recb80OwMgNnceA9t,3,D,D,D,True,True,D,True,D,True,D,True,True,0
lever_chem_flagship_gate_seed555.jsonl,GPQA-Diamond,chem_flagship_gate,rechKl68Uc6H7vU0N,3,B,B,B,True,True,B,True,B,True,B,True,True,0
lever_chem_flagship_gate_seed555.jsonl,GPQA-Diamond,chem_flagship_gate,rec5eA17Qr1ucNLUf,3,D,D,D,True,True,D,True,D,True,D,True,True,0
lever_chem_flagship_gate_seed555.jsonl,GPQA-Diamond,chem_flagship_gate,recJZ3QEfRKjYw9a7,3,B,B,B,True,True,B,True,B,True,B,True,True,0
lever_chem_flagship_gate_seed555.jsonl,GPQA-Diamond,chem_flagship_gate,rec06pnAkLOr2t2mp,3,D,D,D,True,True,D,True,D,True,D,True,True,0
lever_chem_flagship_gate_seed555.jsonl,GPQA-Diamond,chem_flagship_gate,recnawZPumSCLMVgp,3,B,B,B,True,True,B,True,B,True,B,True,True,0
lever_chem_flagship_gate_seed555.jsonl,GPQA-Diamond,chem_flagship_gate,rec9GugrngvsQR99A,3,B,B,B,True,True,B,True,B,True,B,True,True,0
lever_chem_flagship_gate_seed555.jsonl,GPQA-Diamond,chem_flagship_gate,recOYsaYs6RmtlTDy,3,D,D,D,True,True,D,True,D,True,C,False,True,0
lever_chem_flagship_gate_seed555.jsonl,GPQA-Diamond,chem_flagship_gate,recZWeueB7lSPR6wN,3,D,D,D,True,True,D,True,D,True,D,True,True,0
lever_chem_flagship_gate_seed555.jsonl,GPQA-Diamond,chem_flagship_gate,recFaL6j8UMhutXrc,3,A,A,A,True,True,A,True,A,True,D,False,True,0
lever_chem_thinking_gate_gpqa_seed217.jsonl,GPQA-Diamond,chem_thinking_gate,rec7C06XOB2h298ue,3,C,C,C,True,True,C,True,C,True,C,True,True,0
lever_chem_thinking_gate_gpqa_seed217.jsonl,GPQA-Diamond,chem_thinking_gate,recjgMJaMxz4ESDF2,3,B,B,B,True,True,B,True,B,True,B,True,True,0
lever_chem_thinking_gate_gpqa_seed217.jsonl,GPQA-Diamond,chem_thinking_gate,rec2UlKqC6RFHdcro,3,C,C,C,True,True,C,True,C,True,C,True,True,0
lever_chem_thinking_gate_gpqa_seed217.jsonl,GPQA-Diamond,chem_thinking_gate,recA1i5ZAh0Uzclxp,3,A,A,A,True,True,A,True,A,True,A,True,True,0
lever_chem_thinking_gate_gpqa_seed217.jsonl,GPQA-Diamond,chem_thinking_gate,recL9MFV5zmdlle5T,3,C,C,C,True,True,C,True,C,True,B,False,True,0
lever_chem_thinking_gate_gpqa_seed217.jsonl,GPQA-Diamond,chem_thinking_gate,recIOlKBsOeEcgkA1,3,D,D,D,True,True,D,True,D,True,D,True,True,0
lever_chem_thinking_gate_gpqa_seed217.jsonl,GPQA-Diamond,chem_thinking_gate,recgC4GJ8wUemlUQD,3,C,C,C,True,True,C,True,C,True,C,True,True,0
lever_chem_thinking_gate_gpqa_seed217.jsonl,GPQA-Diamond,chem_thinking_gate,recdya6FuYraBU5Rh,3,C,C,C,True,True,C,True,C,True,C,True,True,0
lever_chem_thinking_gate_gpqa_seed217.jsonl,GPQA-Diamond,chem_thinking_gate,rec47oNPXudlTIk4y,3,B,C,C,False,True,C,False,C,False,C,False,True,0
lever_chem_thinking_gate_gpqa_seed217.jsonl,GPQA-Diamond,chem_thinking_gate,rec5eA17Qr1ucNLUf,3,A,A,A,True,True,A,True,A,True,A,True,True,0
lever_chem_thinking_gate_gpqa_seed217.jsonl,GPQA-Diamond,chem_thinking_gate,recyl3usDqb7ruXJx,3,D,D,D,True,True,D,True,D,True,D,True,True,0
lever_chem_thinking_gate_gpqa_seed217.jsonl,GPQA-Diamond,chem_thinking_gate,recIDiDKKrN61Auyr,3,B,B,B,True,True,B,True,B,True,B,True,True,0
lever_chem_thinking_gate_gpqa_seed217.jsonl,GPQA-Diamond,chem_thinking_gate,reczQ4I0VpENdMtIj,3,C,B,B,False,True,B,False,C,True,B,False,True,0
lever_chem_thinking_gate_gpqa_seed217.jsonl,GPQA-Diamond,chem_thinking_gate,recGFNRVl1qBZGwyU,3,D,D,D,True,True,D,True,D,True,D,True,True,0
lever_chem_thinking_gate_gpqa_seed217.jsonl,GPQA-Diamond,chem_thinking_gate,recRZjaElf8ft7xTq,3,C,C,C,True,True,C,True,C,True,B,False,True,0
lever_chem_thinking_gate_gpqa_seed217.jsonl,GPQA-Diamond,chem_thinking_gate,recPzW1WqRnPs57D6,3,C,C,C,True,True,C,True,C,True,C,True,True,0
lever_chem_thinking_gate_gpqa_seed217.jsonl,GPQA-Diamond,chem_thinking_gate,reca44yABeO2fx7UB,3,C,B,B,False,True,B,False,B,False,B,False,False,0
lever_chem_thinking_gate_gpqa_seed217.jsonl,GPQA-Diamond,chem_thinking_gate,recINGR1z01Fh1Z3A,3,A,A,A,True,True,A,True,A,True,A,True,True,0
lever_chem_thinking_gate_gpqa_seed217.jsonl,GPQA-Diamond,chem_thinking_gate,recKm6LNWykGapmCr,3,C,C,C,True,True,C,True,C,True,C,True,True,0
lever_chem_thinking_gate_gpqa_seed217.jsonl,GPQA-Diamond,chem_thinking_gate,recBXlqrZUCR897It,3,D,D,D,True,True,D,True,D,True,D,True,True,0
lever_chem_thinking_gate_gpqa_seed217.jsonl,GPQA-Diamond,chem_thinking_gate,recZSGUkn56v9kEp1,3,C,C,C,True,True,C,True,C,True,C,True,True,0
lever_chem_thinking_gate_gpqa_seed217.jsonl,GPQA-Diamond,chem_thinking_gate,recb2M22zaD3tL6Qc,3,B,A,A,False,True,A,False,D,False,A,False,False,0
lever_chem_thinking_gate_gpqa_seed217.jsonl,GPQA-Diamond,chem_thinking_gate,rec6sE2CRtD4drtHg,3,C,C,C,True,True,C,True,C,True,C,True,True,0
lever_chem_thinking_gate_gpqa_seed217.jsonl,GPQA-Diamond,chem_thinking_gate,recgXxEgllSGEpELP,3,D,D,D,True,True,D,True,D,True,D,True,True,0
lever_chem_thinking_gate_gpqa_seed217.jsonl,GPQA-Diamond,chem_thinking_gate,recReg13iV2HwJTaA,3,B,B,B,True,True,B,True,B,True,B,True,True,0
lever_chem_thinking_gate_gpqa_seed217.jsonl,GPQA-Diamond,chem_thinking_gate,recw4rROcnHKNZhtK,3,A,A,A,True,True,A,True,A,True,A,True,True,0
lever_chem_thinking_gate_gpqa_seed217.jsonl,GPQA-Diamond,chem_thinking_gate,rec1oj2DveQWl9Rpw,3,B,D,D,False,True,D,False,D,False,D,False,True,0
lever_chem_thinking_gate_gpqa_seed217.jsonl,GPQA-Diamond,chem_thinking_gate,recNFJjE5PPTqVJGv,3,B,B,B,True,True,B,True,B,True,B,True,True,0
lever_chem_thinking_gate_gpqa_seed217.jsonl,GPQA-Diamond,chem_thinking_gate,rec527dNeEtWJrYNl,3,A,A,A,True,True,A,True,A,True,A,True,True,0
lever_chem_thinking_gate_gpqa_seed217.jsonl,GPQA-Diamond,chem_thinking_gate,recPL4ZPpVYxgMu57,3,C,C,C,True,True,C,True,C,True,D,False,True,0
lever_chem_thinking_gate_gpqa_seed217.jsonl,GPQA-Diamond,chem_thinking_gate,recpJmTOXx6T48nDJ,3,A,D,D,False,True,A,True,A,True,D,False,True,0
lever_chem_thinking_gate_gpqa_seed217.jsonl,GPQA-Diamond,chem_thinking_gate,recBGxVySx1pkrO1i,3,C,C,C,True,True,C,True,C,True,C,True,True,0
lever_chem_thinking_gate_gpqa_seed217.jsonl,GPQA-Diamond,chem_thinking_gate,recn3NhOhqAPLda16,3,B,B,B,True,True,B,True,B,True,B,True,True,0
lever_chem_thinking_gate_gpqa_seed217.jsonl,GPQA-Diamond,chem_thinking_gate,recE2ihVfqEK4R9d0,3,A,C,C,False,True,C,False,A,True,C,False,True,0
lever_chem_thinking_gate_gpqa_seed217.jsonl,GPQA-Diamond,chem_thinking_gate,rec4JrWy7Il8ho5vk,3,A,A,A,True,True,A,True,A,True,A,True,True,0
lever_chem_thinking_gate_gpqa_seed217.jsonl,GPQA-Diamond,chem_thinking_gate,recD8oX1KevFbl7bL,3,C,C,C,True,True,C,True,C,True,C,True,True,0
lever_chem_thinking_gate_gpqa_seed217.jsonl,GPQA-Diamond,chem_thinking_gate,rec0yTRmO1o1xCA6H,3,D,C,C,False,True,C,False,C,False,C,False,True,0
lever_chem_thinking_gate_gpqa_seed217.jsonl,GPQA-Diamond,chem_thinking_gate,recXvQ6gWAmyakrpD,3,A,A,A,True,True,A,True,A,True,A,True,True,0
lever_chem_thinking_gate_gpqa_seed217.jsonl,GPQA-Diamond,chem_thinking_gate,recXsuOHRBLcyenF2,3,C,C,C,True,True,C,True,C,True,C,True,True,0
lever_chem_thinking_gate_gpqa_seed217.jsonl,GPQA-Diamond,chem_thinking_gate,recyPffUDqC2k7ZZO,3,D,D,D,True,True,D,True,D,True,D,True,True,0
lever_chem_thinking_gate_gpqa_seed217.jsonl,GPQA-Diamond,chem_thinking_gate,recIlghoOw5VbY4Zh,3,D,D,D,True,True,D,True,D,True,D,True,True,0
lever_chem_thinking_gate_gpqa_seed217.jsonl,GPQA-Diamond,chem_thinking_gate,rec260hNUCEj109Dj,3,D,D,D,True,True,D,True,D,True,D,True,True,0
lever_chem_thinking_gate_gpqa_seed217.jsonl,GPQA-Diamond,chem_thinking_gate,rec32C1ZEapBnCC0E,3,D,D,D,True,True,D,True,D,True,D,True,True,0
lever_chem_thinking_gate_gpqa_seed217.jsonl,GPQA-Diamond,chem_thinking_gate,recJJcOHhFeSaRpl4,3,B,B,B,True,True,B,True,B,True,B,True,True,0
lever_chem_thinking_gate_gpqa_seed217.jsonl,GPQA-Diamond,chem_thinking_gate,rec0wZvZgiz320KRs,3,B,B,B,True,True,B,True,B,True,C,False,True,0
lever_chem_thinking_gate_gpqa_seed217.jsonl,GPQA-Diamond,chem_thinking_gate,recYCMJWH7IpcdqwE,3,D,D,D,True,True,D,True,D,True,D,True,True,0
lever_chem_thinking_gate_gpqa_seed217.jsonl,GPQA-Diamond,chem_thinking_gate,recPIzpnuYpB4yvmp,3,B,B,B,True,True,B,True,B,True,B,True,True,0
lever_chem_thinking_gate_gpqa_seed217.jsonl,GPQA-Diamond,chem_thinking_gate,reck1zKeCssmN82Ga,3,C,C,C,True,True,C,True,C,True,C,True,True,0
lever_chem_thinking_gate_gpqa_seed217.jsonl,GPQA-Diamond,chem_thinking_gate,rec0VuKUjt1SZ7NYv,3,B,B,B,True,True,B,True,B,True,B,True,True,0
lever_chem_thinking_gate_gpqa_seed217.jsonl,GPQA-Diamond,chem_thinking_gate,recVvpD8miVjmmyfe,3,B,D,D,False,True,D,False,D,False,D,False,False,0
lever_chem_thinking_gate_gpqa_seed217.jsonl,GPQA-Diamond,chem_thinking_gate,recb80OwMgNnceA9t,3,B,B,B,True,True,B,True,B,True,B,True,True,0
lever_chem_thinking_gate_gpqa_seed217.jsonl,GPQA-Diamond,chem_thinking_gate,recVE8cUNHpHZIAvL,3,C,C,C,True,True,C,True,C,True,C,True,True,0
lever_chem_thinking_gate_gpqa_seed217.jsonl,GPQA-Diamond,chem_thinking_gate,recGFKDUd8qgz81Zl,3,A,A,A,True,True,A,True,A,True,D,False,True,0
lever_chem_thinking_gate_gpqa_seed217.jsonl,GPQA-Diamond,chem_thinking_gate,rechgQucGlrnt8KRV,3,C,B,B,False,True,B,False,C,True,B,False,True,0
lever_chem_thinking_gate_gpqa_seed217.jsonl,GPQA-Diamond,chem_thinking_gate,recpki12iG9RUGrz9,3,D,D,D,True,True,D,True,D,True,D,True,True,0
lever_chem_thinking_gate_gpqa_seed217.jsonl,GPQA-Diamond,chem_thinking_gate,receo3UUzRvWCqyfA,3,A,A,A,True,True,A,True,A,True,A,True,True,0
lever_chem_thinking_gate_gpqa_seed217.jsonl,GPQA-Diamond,chem_thinking_gate,reckl6PkaEMWM50yZ,3,A,A,A,True,True,A,True,A,True,A,True,True,0
lever_chem_thinking_gate_gpqa_seed217.jsonl,GPQA-Diamond,chem_thinking_gate,rec7qmSnbud4FHSqL,3,C,B,B,False,True,B,False,B,False,B,False,False,0
lever_chem_thinking_gate_gpqa_seed217.jsonl,GPQA-Diamond,chem_thinking_gate,reck4G4xxv3YnpbtQ,3,A,C,C,False,True,C,False,C,False,C,False,True,0
lever_chem_thinking_gate_gpqa_seed217.jsonl,GPQA-Diamond,chem_thinking_gate,recv7GsQg3f0fvB1f,3,C,C,C,True,True,C,True,C,True,C,True,True,1
lever_chem_thinking_gate_gpqa_seed217.jsonl,GPQA-Diamond,chem_thinking_gate,recINSFEYLCyyd08m,3,B,B,B,True,True,B,True,B,True,B,True,True,0
lever_chem_thinking_gate_gpqa_seed217.jsonl,GPQA-Diamond,chem_thinking_gate,recnGEpF1srQpaqWq,3,D,D,D,True,True,D,True,D,True,B,False,True,0
lever_chem_thinking_gate_gpqa_seed217.jsonl,GPQA-Diamond,chem_thinking_gate,recV1nqYQvpII94oC,3,B,B,B,True,True,B,True,B,True,B,True,True,0
lever_chem_thinking_gate_gpqa_seed217.jsonl,GPQA-Diamond,chem_thinking_gate,recgI6tUQ7RLJRWGx,3,D,D,D,True,True,D,True,D,True,D,True,True,0
lever_chem_thinking_gate_gpqa_seed217.jsonl,GPQA-Diamond,chem_thinking_gate,recAYkd96NNuNl1Ei,3,D,B,B,False,True,B,False,B,False,B,False,False,0
lever_chem_thinking_gate_gpqa_seed217.jsonl,GPQA-Diamond,chem_thinking_gate,recRTiyaRymerDJ4y,3,A,A,A,True,True,A,True,A,True,C,False,True,0
lever_chem_thinking_gate_gpqa_seed217.jsonl,GPQA-Diamond,chem_thinking_gate,recaXdGn3FAIkxLGM,3,B,B,B,True,True,B,True,B,True,C,False,True,0
lever_chem_thinking_gate_gpqa_seed217.jsonl,GPQA-Diamond,chem_thinking_gate,recr3VHM4zYf6dMFY,3,A,A,A,True,True,A,True,A,True,A,True,True,0
lever_chem_thinking_gate_gpqa_seed217.jsonl,GPQA-Diamond,chem_thinking_gate,recuYEkVjdVUwA3c0,3,C,D,D,False,True,D,False,C,True,D,False,True,0
lever_chem_thinking_gate_gpqa_seed217.jsonl,GPQA-Diamond,chem_thinking_gate,recNAiPUKOulQbKVP,3,C,C,C,True,True,C,True,C,True,C,True,True,0
lever_chem_thinking_gate_gpqa_seed217.jsonl,GPQA-Diamond,chem_thinking_gate,recPSTGXK3P39yNYT,3,B,B,B,True,True,B,True,B,True,B,True,True,0
lever_chem_thinking_gate_gpqa_seed217.jsonl,GPQA-Diamond,chem_thinking_gate,rectlyG9pCAAuWhoB,3,C,B,B,False,True,B,False,B,False,A,False,False,0
lever_chem_thinking_gate_gpqa_seed217.jsonl,GPQA-Diamond,chem_thinking_gate,recs3PLPUEMiqg4P8,3,C,C,C,True,True,C,True,C,True,C,True,True,0
lever_chem_thinking_gate_gpqa_seed217.jsonl,GPQA-Diamond,chem_thinking_gate,recDj2Y2BbtV02Wv5,3,B,A,A,False,True,A,False,A,False,A,False,False,0
lever_chem_thinking_gate_gpqa_seed217.jsonl,GPQA-Diamond,chem_thinking_gate,reczzzihL7btBH7RO,3,D,D,D,True,True,D,True,D,True,C,False,True,0
lever_chem_thinking_gate_gpqa_seed217.jsonl,GPQA-Diamond,chem_thinking_gate,recZt4x514UQNnsgy,3,B,B,B,True,True,B,True,B,True,B,True,True,0
lever_chem_thinking_gate_gpqa_seed217.jsonl,GPQA-Diamond,chem_thinking_gate,reco8WSc71p8zAv4q,3,C,C,C,True,True,C,True,C,True,C,True,True,0
lever_chem_thinking_gate_gpqa_seed217.jsonl,GPQA-Diamond,chem_thinking_gate,recQiWOxhkXRz9NVE,3,C,D,D,False,True,D,False,A,False,D,False,False,0
lever_chem_thinking_gate_gpqa_seed217.jsonl,GPQA-Diamond,chem_thinking_gate,reciuppdQde4FGX1z,3,A,A,A,True,True,A,True,A,True,A,True,True,0
lever_chem_thinking_gate_gpqa_seed217.jsonl,GPQA-Diamond,chem_thinking_gate,rechtUKxC6G67H7Pr,3,A,A,A,True,True,A,True,A,True,A,True,True,1
lever_chem_thinking_gate_gpqa_seed217.jsonl,GPQA-Diamond,chem_thinking_gate,recFaL6j8UMhutXrc,3,C,C,C,True,True,C,True,C,True,C,True,True,0
lever_chem_thinking_gate_gpqa_seed217.jsonl,GPQA-Diamond,chem_thinking_gate,recixxJmdux0d8LZQ,3,A,A,A,True,True,A,True,A,True,A,True,True,0
lever_chem_thinking_gate_gpqa_seed217.jsonl,GPQA-Diamond,chem_thinking_gate,recWXwn9v4IG9ZrM6,3,D,D,D,True,True,D,True,D,True,D,True,True,0
lever_chem_thinking_gate_gpqa_seed217.jsonl,GPQA-Diamond,chem_thinking_gate,recBtVK8rBVtIlXDq,3,C,C,C,True,True,C,True,C,True,C,True,True,0
lever_chem_thinking_gate_gpqa_seed217.jsonl,GPQA-Diamond,chem_thinking_gate,recywRj5a8EEjj2Ib,3,C,C,C,True,True,C,True,C,True,C,True,True,0
lever_chem_thinking_gate_gpqa_seed217.jsonl,GPQA-Diamond,chem_thinking_gate,recooG6bivTUJpDBz,3,A,C,C,False,True,C,False,A,True,C,False,True,0
lever_chem_thinking_gate_gpqa_seed217.jsonl,GPQA-Diamond,chem_thinking_gate,recoy9ZLBsc7HIRBy,3,C,D,D,False,True,D,False,D,False,D,False,True,0
lever_chem_thinking_gate_gpqa_seed217.jsonl,GPQA-Diamond,chem_thinking_gate,recO3hvCWRGiG0odN,3,A,A,A,True,True,A,True,A,True,A,True,True,0
lever_chem_thinking_gate_gpqa_seed217.jsonl,GPQA-Diamond,chem_thinking_gate,recRgabRzMaEoBRcM,3,A,A,A,True,True,A,True,A,True,A,True,True,0
lever_chem_thinking_gate_gpqa_seed314.jsonl,GPQA-Diamond,chem_thinking_gate,rec8y3ZrBOcLgNEkE,3,D,D,D,True,True,D,True,D,True,D,True,True,0
lever_chem_thinking_gate_gpqa_seed314.jsonl,GPQA-Diamond,chem_thinking_gate,rec4JrWy7Il8ho5vk,3,D,D,D,True,True,D,True,D,True,D,True,True,0
lever_chem_thinking_gate_gpqa_seed314.jsonl,GPQA-Diamond,chem_thinking_gate,recNAiPUKOulQbKVP,3,A,A,A,True,True,A,True,A,True,A,True,True,0
lever_chem_thinking_gate_gpqa_seed314.jsonl,GPQA-Diamond,chem_thinking_gate,reck1zKeCssmN82Ga,3,B,B,B,True,True,B,True,B,True,B,True,True,0
lever_chem_thinking_gate_gpqa_seed314.jsonl,GPQA-Diamond,chem_thinking_gate,recAYkd96NNuNl1Ei,3,B,C,C,False,True,C,False,C,False,C,False,False,0
lever_chem_thinking_gate_gpqa_seed314.jsonl,GPQA-Diamond,chem_thinking_gate,rec9GugrngvsQR99A,3,B,B,B,True,True,B,True,B,True,B,True,True,0
lever_chem_thinking_gate_gpqa_seed314.jsonl,GPQA-Diamond,chem_thinking_gate,recwW1A85nfyQpReG,3,D,D,D,True,True,D,True,A,False,A,False,True,0
lever_chem_thinking_gate_gpqa_seed314.jsonl,GPQA-Diamond,chem_thinking_gate,recZWeueB7lSPR6wN,3,D,B,B,False,True,B,False,B,False,B,False,False,0
lever_chem_thinking_gate_gpqa_seed314.jsonl,GPQA-Diamond,chem_thinking_gate,recRhwQwHijW0gCLo,3,C,C,C,True,True,C,True,C,True,D,False,True,0
lever_chem_thinking_gate_gpqa_seed314.jsonl,GPQA-Diamond,chem_thinking_gate,recSBcGLPatKb3Ygu,3,C,C,C,True,True,C,True,C,True,C,True,True,0
lever_chem_thinking_gate_gpqa_seed314.jsonl,GPQA-Diamond,chem_thinking_gate,recJJcOHhFeSaRpl4,3,C,C,C,True,True,C,True,C,True,C,True,True,0
lever_chem_thinking_gate_gpqa_seed314.jsonl,GPQA-Diamond,chem_thinking_gate,recqLRu4BcJvlSANc,3,D,D,D,True,True,D,True,D,True,D,True,True,0
lever_chem_thinking_gate_gpqa_seed314.jsonl,GPQA-Diamond,chem_thinking_gate,recO3hvCWRGiG0odN,3,C,C,C,True,True,C,True,C,True,C,True,True,0
lever_chem_thinking_gate_gpqa_seed314.jsonl,GPQA-Diamond,chem_thinking_gate,recnjViFrqlZNL3fY,3,C,C,C,True,True,C,True,D,False,D,False,True,0
lever_chem_thinking_gate_gpqa_seed314.jsonl,GPQA-Diamond,chem_thinking_gate,rec260hNUCEj109Dj,3,C,C,C,True,True,C,True,C,True,C,True,True,0
lever_chem_thinking_gate_gpqa_seed314.jsonl,GPQA-Diamond,chem_thinking_gate,rec7qmSnbud4FHSqL,3,C,A,A,False,True,A,False,A,False,A,False,False,0
lever_chem_thinking_gate_gpqa_seed314.jsonl,GPQA-Diamond,chem_thinking_gate,recMicVBcqy1xM1jq,3,C,C,C,True,True,C,True,C,True,C,True,True,0
lever_chem_thinking_gate_gpqa_seed314.jsonl,GPQA-Diamond,chem_thinking_gate,recJZ3QEfRKjYw9a7,3,C,C,C,True,True,C,True,C,True,C,True,True,0
lever_chem_thinking_gate_gpqa_seed314.jsonl,GPQA-Diamond,chem_thinking_gate,recNFJjE5PPTqVJGv,3,D,D,D,True,True,D,True,D,True,D,True,True,0
lever_chem_thinking_gate_gpqa_seed314.jsonl,GPQA-Diamond,chem_thinking_gate,rec9W28HgpEUeUN8k,3,B,B,B,True,True,B,True,B,True,B,True,True,0
lever_chem_thinking_gate_gpqa_seed314.jsonl,GPQA-Diamond,chem_thinking_gate,recypVp2NmPlBKVTp,3,C,C,C,True,True,C,True,C,True,C,True,True,0
lever_chem_thinking_gate_gpqa_seed314.jsonl,GPQA-Diamond,chem_thinking_gate,recZt4x514UQNnsgy,3,C,C,C,True,True,C,True,C,True,C,True,True,0
lever_chem_thinking_gate_gpqa_seed314.jsonl,GPQA-Diamond,chem_thinking_gate,recz3MfYHPRhsEQkW,3,C,C,C,True,True,C,True,C,True,C,True,True,0
lever_chem_thinking_gate_gpqa_seed314.jsonl,GPQA-Diamond,chem_thinking_gate,recakFKZioXUuldcd,3,A,A,A,True,True,A,True,A,True,A,True,True,0
lever_chem_thinking_gate_gpqa_seed314.jsonl,GPQA-Diamond,chem_thinking_gate,recQ8oxSY2aCwFRS8,3,D,D,D,True,True,D,True,D,True,D,True,True,0
lever_chem_thinking_gate_gpqa_seed314.jsonl,GPQA-Diamond,chem_thinking_gate,recQiWOxhkXRz9NVE,3,C,D,D,False,True,A,False,A,False,D,False,True,0
lever_chem_thinking_gate_gpqa_seed314.jsonl,GPQA-Diamond,chem_thinking_gate,recLB0EkQ54bYVhnd,3,C,C,C,True,True,C,True,C,True,C,True,True,0
lever_chem_thinking_gate_gpqa_seed314.jsonl,GPQA-Diamond,chem_thinking_gate,recINGR1z01Fh1Z3A,3,C,C,C,True,True,C,True,C,True,C,True,True,0
lever_chem_thinking_gate_gpqa_seed314.jsonl,GPQA-Diamond,chem_thinking_gate,rec7C06XOB2h298ue,3,C,C,C,True,True,C,True,C,True,C,True,True,0
lever_chem_thinking_gate_gpqa_seed314.jsonl,GPQA-Diamond,chem_thinking_gate,recafnH3RRnMBXEb1,3,A,A,A,True,True,A,True,A,True,A,True,True,0
lever_chem_thinking_gate_gpqa_seed314.jsonl,GPQA-Diamond,chem_thinking_gate,rec8nshandHARTkrg,3,A,A,A,True,True,A,True,A,True,A,True,True,0
lever_chem_thinking_gate_gpqa_seed314.jsonl,GPQA-Diamond,chem_thinking_gate,receYQxnUBvxPcvbQ,3,A,A,A,True,True,A,True,A,True,A,True,True,0
lever_chem_thinking_gate_gpqa_seed314.jsonl,GPQA-Diamond,chem_thinking_gate,recXvQ6gWAmyakrpD,3,D,D,D,True,True,D,True,D,True,D,True,True,0
lever_chem_thinking_gate_gpqa_seed314.jsonl,GPQA-Diamond,chem_thinking_gate,recXsYa3i2UhGF5fe,3,D,D,D,True,True,D,True,D,True,D,True,True,0
lever_chem_thinking_gate_gpqa_seed314.jsonl,GPQA-Diamond,chem_thinking_gate,recS48OsU6kVadBPW,3,C,C,C,True,True,C,True,C,True,C,True,True,0
lever_chem_thinking_gate_gpqa_seed314.jsonl,GPQA-Diamond,chem_thinking_gate,recG1ljJQcVy6CbSl,3,D,D,D,True,True,D,True,D,True,D,True,True,0
lever_chem_thinking_gate_gpqa_seed314.jsonl,GPQA-Diamond,chem_thinking_gate,reca44yABeO2fx7UB,3,B,D,D,False,True,D,False,D,False,D,False,False,0
lever_chem_thinking_gate_gpqa_seed314.jsonl,GPQA-Diamond,chem_thinking_gate,recrs0kUo7Ua1xhKO,3,D,D,D,True,True,D,True,D,True,D,True,True,0
lever_chem_thinking_gate_gpqa_seed314.jsonl,GPQA-Diamond,chem_thinking_gate,recVE8cUNHpHZIAvL,3,D,D,D,True,True,D,True,D,True,D,True,True,0
lever_chem_thinking_gate_gpqa_seed314.jsonl,GPQA-Diamond,chem_thinking_gate,recPzW1WqRnPs57D6,3,B,B,B,True,True,B,True,B,True,B,True,True,0
lever_chem_thinking_gate_gpqa_seed314.jsonl,GPQA-Diamond,chem_thinking_gate,recRZjaElf8ft7xTq,3,D,C,C,False,True,C,False,C,False,C,False,True,0
lever_chem_thinking_gate_gpqa_seed314.jsonl,GPQA-Diamond,chem_thinking_gate,recmI7EiLv72PxmYK,3,D,D,D,True,True,D,True,A,False,A,False,True,0
lever_chem_thinking_gate_gpqa_seed314.jsonl,GPQA-Diamond,chem_thinking_gate,recooG6bivTUJpDBz,3,B,C,C,False,True,C,False,D,False,C,False,False,0
lever_chem_thinking_gate_gpqa_seed314.jsonl,GPQA-Diamond,chem_thinking_gate,recGFNRVl1qBZGwyU,3,D,D,D,True,True,D,True,D,True,D,True,True,0
lever_chem_thinking_gate_gpqa_seed314.jsonl,GPQA-Diamond,chem_thinking_gate,recvlnu8BuLmXZhSX,3,B,B,B,True,True,B,True,B,True,B,True,True,0
lever_chem_thinking_gate_gpqa_seed314.jsonl,GPQA-Diamond,chem_thinking_gate,recyl3usDqb7ruXJx,3,B,B,B,True,True,B,True,B,True,B,True,True,0
lever_chem_thinking_gate_gpqa_seed314.jsonl,GPQA-Diamond,chem_thinking_gate,recvZlMbpPz0yLDle,3,A,A,A,True,True,A,True,A,True,A,True,True,0
lever_chem_thinking_gate_gpqa_seed314.jsonl,GPQA-Diamond,chem_thinking_gate,recnGEpF1srQpaqWq,3,D,D,D,True,True,D,True,D,True,D,True,True,0
lever_chem_thinking_gate_gpqa_seed314.jsonl,GPQA-Diamond,chem_thinking_gate,recZ13cwgDQf9jRd9,3,C,C,C,True,True,C,True,C,True,C,True,True,0
lever_chem_thinking_gate_gpqa_seed314.jsonl,GPQA-Diamond,chem_thinking_gate,recIDiDKKrN61Auyr,3,B,B,B,True,True,B,True,B,True,B,True,True,0
lever_chem_thinking_gate_gpqa_seed314.jsonl,GPQA-Diamond,chem_thinking_gate,rec47oNPXudlTIk4y,3,D,B,B,False,True,C,False,C,False,B,False,True,0
lever_chem_thinking_gate_gpqa_seed314.jsonl,GPQA-Diamond,chem_thinking_gate,recPSTGXK3P39yNYT,3,D,D,D,True,True,D,True,D,True,D,True,True,0
lever_chem_thinking_gate_gpqa_seed314.jsonl,GPQA-Diamond,chem_thinking_gate,recGFKDUd8qgz81Zl,3,D,D,D,True,True,D,True,D,True,D,True,True,0
lever_chem_thinking_gate_gpqa_seed314.jsonl,GPQA-Diamond,chem_thinking_gate,recAAJoHMW45Lv5je,3,C,C,C,True,True,C,True,C,True,C,True,True,0
lever_chem_thinking_gate_gpqa_seed314.jsonl,GPQA-Diamond,chem_thinking_gate,recb80OwMgNnceA9t,3,B,C,C,False,True,C,False,C,False,B,True,True,0
lever_chem_thinking_gate_gpqa_seed314.jsonl,GPQA-Diamond,chem_thinking_gate,recw4rROcnHKNZhtK,3,A,A,A,True,True,A,True,A,True,A,True,True,0
lever_chem_thinking_gate_gpqa_seed314.jsonl,GPQA-Diamond,chem_thinking_gate,recrNbtgTNoabJJi6,3,C,C,C,True,True,C,True,C,True,C,True,True,0
lever_chem_thinking_gate_gpqa_seed314.jsonl,GPQA-Diamond,chem_thinking_gate,recqFDvYKKRmbnoUb,3,B,B,B,True,True,B,True,B,True,B,True,True,0
lever_chem_thinking_gate_gpqa_seed314.jsonl,GPQA-Diamond,chem_thinking_gate,rec2UlKqC6RFHdcro,3,C,C,C,True,True,C,True,C,True,C,True,True,0
lever_chem_thinking_gate_gpqa_seed314.jsonl,GPQA-Diamond,chem_thinking_gate,recatj4YXzbOaq3Ar,3,A,A,A,True,True,A,True,A,True,A,True,True,0
lever_chem_thinking_gate_gpqa_seed314.jsonl,GPQA-Diamond,chem_thinking_gate,recBtVK8rBVtIlXDq,3,D,D,D,True,True,D,True,D,True,D,True,True,0
lever_chem_thinking_gate_gpqa_seed314.jsonl,GPQA-Diamond,chem_thinking_gate,recPIzpnuYpB4yvmp,3,B,B,B,True,True,B,True,A,False,B,True,True,0
lever_chem_thinking_gate_gpqa_seed314.jsonl,GPQA-Diamond,chem_thinking_gate,reckEnrOPFT9Ru7tW,3,A,A,A,True,True,A,True,A,True,A,True,True,0
lever_chem_thinking_gate_gpqa_seed314.jsonl,GPQA-Diamond,chem_thinking_gate,recIMcQfaQNa6vzsT,3,B,B,B,True,True,B,True,B,True,A,False,True,0
lever_chem_thinking_gate_gpqa_seed314.jsonl,GPQA-Diamond,chem_thinking_gate,reco8WSc71p8zAv4q,3,D,D,D,True,True,D,True,D,True,D,True,True,0
lever_chem_thinking_gate_gpqa_seed314.jsonl,GPQA-Diamond,chem_thinking_gate,recZbxrocrxh9YENH,3,C,D,D,False,True,D,False,C,True,D,False,True,0
lever_chem_thinking_gate_gpqa_seed314.jsonl,GPQA-Diamond,chem_thinking_gate,rectXfsCM1dj4Kv2c,3,A,A,A,True,True,A,True,A,True,A,True,True,0
lever_chem_thinking_gate_gpqa_seed314.jsonl,GPQA-Diamond,chem_thinking_gate,recIOlKBsOeEcgkA1,3,D,D,D,True,True,D,True,D,True,D,True,True,0
lever_chem_thinking_gate_gpqa_seed314.jsonl,GPQA-Diamond,chem_thinking_gate,recxsX66ktJ1Lwt4f,3,A,A,A,True,True,A,True,A,True,A,True,True,0
lever_chem_thinking_gate_gpqa_seed314.jsonl,GPQA-Diamond,chem_thinking_gate,recnTTKdBzfuoZ7w7,3,A,A,A,True,True,A,True,A,True,A,True,True,0
lever_chem_thinking_gate_gpqa_seed314.jsonl,GPQA-Diamond,chem_thinking_gate,reciuppdQde4FGX1z,3,B,B,B,True,True,B,True,B,True,B,True,True,0
lever_chem_thinking_gate_gpqa_seed314.jsonl,GPQA-Diamond,chem_thinking_gate,rect4iLrSfUwkNTno,3,A,A,A,True,True,A,True,A,True,C,False,True,0
lever_chem_thinking_gate_gpqa_seed314.jsonl,GPQA-Diamond,chem_thinking_gate,recVEXvhYxAhELVqB,3,B,B,B,True,True,B,True,B,True,B,True,True,0
lever_chem_thinking_gate_gpqa_seed314.jsonl,GPQA-Diamond,chem_thinking_gate,recUBgVlkKzcRPDdK,3,A,D,D,False,True,D,False,D,False,D,False,False,0
lever_chem_thinking_gate_gpqa_seed314.jsonl,GPQA-Diamond,chem_thinking_gate,recReg13iV2HwJTaA,3,D,D,D,True,True,D,True,D,True,D,True,True,0
lever_chem_thinking_gate_gpqa_seed314.jsonl,GPQA-Diamond,chem_thinking_gate,recOvqPKUtyy9ISA1,3,D,D,D,True,True,D,True,D,True,D,True,True,0
lever_chem_thinking_gate_gpqa_seed314.jsonl,GPQA-Diamond,chem_thinking_gate,recBGxVySx1pkrO1i,3,B,B,B,True,True,B,True,B,True,B,True,True,0
lever_chem_thinking_gate_gpqa_seed314.jsonl,GPQA-Diamond,chem_thinking_gate,recyPffUDqC2k7ZZO,3,C,C,C,True,True,C,True,C,True,C,True,True,0
lever_chem_thinking_gate_gpqa_seed314.jsonl,GPQA-Diamond,chem_thinking_gate,recEmTBhx2hgw6tPQ,3,A,C,C,False,True,C,False,A,True,C,False,True,0
lever_chem_thinking_gate_gpqa_seed314.jsonl,GPQA-Diamond,chem_thinking_gate,recBhnXrUyTJ6WHIR,3,A,C,C,False,True,C,False,C,False,C,False,False,0
lever_chem_thinking_gate_gpqa_seed314.jsonl,GPQA-Diamond,chem_thinking_gate,rec4L69T0Y1AS4AFS,3,D,D,D,True,True,D,True,D,True,D,True,True,0
lever_chem_thinking_gate_gpqa_seed314.jsonl,GPQA-Diamond,chem_thinking_gate,rec0Arme2jcXQZnAW,3,C,C,C,True,True,C,True,C,True,C,True,True,0
lever_chem_thinking_gate_gpqa_seed314.jsonl,GPQA-Diamond,chem_thinking_gate,recYCMJWH7IpcdqwE,3,D,D,D,True,True,D,True,D,True,C,False,True,0
lever_chem_thinking_gate_gpqa_seed314.jsonl,GPQA-Diamond,chem_thinking_gate,reccVFW11Elovnf8T,3,C,C,C,True,True,C,True,C,True,A,False,True,0
lever_chem_thinking_gate_gpqa_seed314.jsonl,GPQA-Diamond,chem_thinking_gate,receo3UUzRvWCqyfA,3,D,D,D,True,True,D,True,D,True,D,True,True,0
lever_chem_thinking_gate_gpqa_seed314.jsonl,GPQA-Diamond,chem_thinking_gate,recxTy0x7M6T9ikc0,3,D,D,D,True,True,D,True,D,True,D,True,True,0
lever_chem_thinking_gate_gpqa_seed314.jsonl,GPQA-Diamond,chem_thinking_gate,recE2ihVfqEK4R9d0,3,C,C,C,True,True,C,True,C,True,D,False,True,0
lever_chem_thinking_gate_gpqa_seed314.jsonl,GPQA-Diamond,chem_thinking_gate,reck4G4xxv3YnpbtQ,3,C,A,A,False,True,A,False,A,False,A,False,True,0
lever_chem_thinking_gate_gpqa_seed471.jsonl,GPQA-Diamond,chem_thinking_gate,recypVp2NmPlBKVTp,3,C,C,C,True,True,C,True,C,True,C,True,True,0
lever_chem_thinking_gate_gpqa_seed471.jsonl,GPQA-Diamond,chem_thinking_gate,recG1ljJQcVy6CbSl,3,C,C,C,True,True,C,True,C,True,C,True,True,0
lever_chem_thinking_gate_gpqa_seed471.jsonl,GPQA-Diamond,chem_thinking_gate,recAAJoHMW45Lv5je,3,C,C,C,True,True,C,True,C,True,C,True,True,0
lever_chem_thinking_gate_gpqa_seed471.jsonl,GPQA-Diamond,chem_thinking_gate,recIj8lR4tuDgrHou,3,B,B,B,True,True,B,True,B,True,C,False,True,0
lever_chem_thinking_gate_gpqa_seed471.jsonl,GPQA-Diamond,chem_thinking_gate,reciuppdQde4FGX1z,3,D,D,D,True,True,D,True,D,True,D,True,True,0
lever_chem_thinking_gate_gpqa_seed471.jsonl,GPQA-Diamond,chem_thinking_gate,recBtVK8rBVtIlXDq,3,C,C,C,True,True,C,True,C,True,C,True,True,0
lever_chem_thinking_gate_gpqa_seed471.jsonl,GPQA-Diamond,chem_thinking_gate,recD8oX1KevFbl7bL,3,B,B,B,True,True,B,True,B,True,B,True,True,0
lever_chem_thinking_gate_gpqa_seed471.jsonl,GPQA-Diamond,chem_thinking_gate,recBXlqrZUCR897It,3,C,C,C,True,True,C,True,C,True,C,True,True,0
lever_chem_thinking_gate_gpqa_seed471.jsonl,GPQA-Diamond,chem_thinking_gate,recnjViFrqlZNL3fY,3,A,A,A,True,True,A,True,A,True,A,True,True,0
lever_chem_thinking_gate_gpqa_seed471.jsonl,GPQA-Diamond,chem_thinking_gate,recE2ihVfqEK4R9d0,3,A,A,A,True,True,A,True,A,True,D,False,True,0
lever_chem_thinking_gate_gpqa_seed471.jsonl,GPQA-Diamond,chem_thinking_gate,rec9ubQihAh6g9bft,3,A,B,B,False,True,C,False,C,False,B,False,True,0
lever_chem_thinking_gate_gpqa_seed471.jsonl,GPQA-Diamond,chem_thinking_gate,recL9MFV5zmdlle5T,3,B,B,B,True,True,B,True,B,True,B,True,True,0
lever_chem_thinking_gate_gpqa_seed471.jsonl,GPQA-Diamond,chem_thinking_gate,recPIzpnuYpB4yvmp,3,D,D,D,True,True,D,True,D,True,D,True,True,0
lever_chem_thinking_gate_gpqa_seed471.jsonl,GPQA-Diamond,chem_thinking_gate,recJZ3QEfRKjYw9a7,3,B,B,B,True,True,B,True,B,True,B,True,True,0
lever_chem_thinking_gate_gpqa_seed471.jsonl,GPQA-Diamond,chem_thinking_gate,recIDiDKKrN61Auyr,3,B,B,B,True,True,B,True,B,True,B,True,True,0
lever_chem_thinking_gate_gpqa_seed471.jsonl,GPQA-Diamond,chem_thinking_gate,recGFNRVl1qBZGwyU,3,A,A,A,True,True,A,True,A,True,A,True,True,0
lever_chem_thinking_gate_gpqa_seed471.jsonl,GPQA-Diamond,chem_thinking_gate,recNAiPUKOulQbKVP,3,B,B,B,True,True,B,True,B,True,B,True,True,0
lever_chem_thinking_gate_gpqa_seed471.jsonl,GPQA-Diamond,chem_thinking_gate,reca44yABeO2fx7UB,3,A,B,B,False,True,B,False,B,False,A,True,True,0
lever_chem_thinking_gate_gpqa_seed471.jsonl,GPQA-Diamond,chem_thinking_gate,rec32C1ZEapBnCC0E,3,B,B,B,True,True,B,True,B,True,B,True,True,0
lever_chem_thinking_gate_gpqa_seed471.jsonl,GPQA-Diamond,chem_thinking_gate,recakFKZioXUuldcd,3,D,D,D,True,True,D,True,D,True,D,True,True,0
lever_chem_thinking_gate_gpqa_seed471.jsonl,GPQA-Diamond,chem_thinking_gate,recpJmTOXx6T48nDJ,3,D,A,A,False,True,A,False,D,True,A,False,True,0
lever_chem_thinking_gate_gpqa_seed471.jsonl,GPQA-Diamond,chem_thinking_gate,recXsuOHRBLcyenF2,3,C,C,C,True,True,C,True,C,True,C,True,True,0
lever_chem_thinking_gate_gpqa_seed471.jsonl,GPQA-Diamond,chem_thinking_gate,recyl3usDqb7ruXJx,3,D,D,D,True,True,D,True,D,True,D,True,True,0
lever_chem_thinking_gate_gpqa_seed471.jsonl,GPQA-Diamond,chem_thinking_gate,rec8nshandHARTkrg,3,D,D,D,True,True,D,True,D,True,D,True,True,0
lever_chem_thinking_gate_gpqa_seed471.jsonl,GPQA-Diamond,chem_thinking_gate,recqGD3fxPCI59vPQ,3,B,B,B,True,True,B,True,B,True,B,True,True,0
lever_chem_thinking_gate_gpqa_seed471.jsonl,GPQA-Diamond,chem_thinking_gate,recb4cGsC6BJUCU3V,3,C,C,C,True,True,C,True,C,True,C,True,True,0
lever_chem_thinking_gate_gpqa_seed471.jsonl,GPQA-Diamond,chem_thinking_gate,recs3PLPUEMiqg4P8,3,D,D,D,True,True,D,True,D,True,D,True,True,0
lever_chem_thinking_gate_gpqa_seed471.jsonl,GPQA-Diamond,chem_thinking_gate,recf6ayQmL1SxKbvW,3,B,A,A,False,True,A,False,A,False,A,False,False,0
lever_chem_thinking_gate_gpqa_seed471.jsonl,GPQA-Diamond,chem_thinking_gate,recYA3LPsCvF1fTMI,3,C,C,C,True,True,C,True,B,False,C,True,True,0
lever_chem_thinking_gate_gpqa_seed471.jsonl,GPQA-Diamond,chem_thinking_gate,recihePFulRgNKsIn,3,C,D,D,False,True,D,False,D,False,D,False,False,0
lever_chem_thinking_gate_gpqa_seed471.jsonl,GPQA-Diamond,chem_thinking_gate,recl1UtgTVKishAq4,3,D,C,C,False,True,C,False,C,False,D,True,True,0
lever_chem_thinking_gate_gpqa_seed471.jsonl,GPQA-Diamond,chem_thinking_gate,recclFbsjbaiVVnnV,3,A,A,A,True,True,A,True,A,True,A,True,True,0
lever_chem_thinking_gate_gpqa_seed471.jsonl,GPQA-Diamond,chem_thinking_gate,recgM7o1tcc7tP778,3,A,B,B,False,True,B,False,A,True,B,False,True,0
lever_chem_thinking_gate_gpqa_seed471.jsonl,GPQA-Diamond,chem_thinking_gate,recIMcQfaQNa6vzsT,3,C,C,C,True,True,C,True,C,True,B,False,True,0
lever_chem_thinking_gate_gpqa_seed471.jsonl,GPQA-Diamond,chem_thinking_gate,rechKl68Uc6H7vU0N,3,B,B,B,True,True,B,True,B,True,B,True,True,0
lever_chem_thinking_gate_gpqa_seed471.jsonl,GPQA-Diamond,chem_thinking_gate,recqLRu4BcJvlSANc,3,D,D,D,True,True,D,True,D,True,D,True,True,0
lever_chem_thinking_gate_gpqa_seed471.jsonl,GPQA-Diamond,chem_thinking_gate,recDDxpS9s8cwkqfq,3,B,B,B,True,True,B,True,B,True,B,True,True,0
lever_chem_thinking_gate_gpqa_seed471.jsonl,GPQA-Diamond,chem_thinking_gate,recQiWOxhkXRz9NVE,3,A,C,C,False,True,C,False,C,False,C,False,True,0
lever_chem_thinking_gate_gpqa_seed471.jsonl,GPQA-Diamond,chem_thinking_gate,recnawZPumSCLMVgp,3,C,C,C,True,True,C,True,C,True,C,True,True,0
lever_chem_thinking_gate_gpqa_seed471.jsonl,GPQA-Diamond,chem_thinking_gate,recSBcGLPatKb3Ygu,3,D,D,D,True,True,D,True,D,True,D,True,True,0
lever_chem_thinking_gate_gpqa_seed471.jsonl,GPQA-Diamond,chem_thinking_gate,rec4JrWy7Il8ho5vk,3,A,A,A,True,True,A,True,A,True,A,True,True,0
lever_chem_thinking_gate_gpqa_seed471.jsonl,GPQA-Diamond,chem_thinking_gate,rec9W28HgpEUeUN8k,3,A,B,B,False,True,B,False,B,False,A,True,True,1
lever_chem_thinking_gate_gpqa_seed471.jsonl,GPQA-Diamond,chem_thinking_gate,rec06pnAkLOr2t2mp,3,A,A,A,True,True,A,True,A,True,A,True,True,0
lever_chem_thinking_gate_gpqa_seed471.jsonl,GPQA-Diamond,chem_thinking_gate,recafnH3RRnMBXEb1,3,D,D,D,True,True,D,True,D,True,D,True,True,0
lever_chem_thinking_gate_gpqa_seed471.jsonl,GPQA-Diamond,chem_thinking_gate,recooG6bivTUJpDBz,3,B,D,D,False,True,D,False,D,False,B,True,True,0
lever_chem_thinking_gate_gpqa_seed471.jsonl,GPQA-Diamond,chem_thinking_gate,recjgMJaMxz4ESDF2,3,D,D,D,True,True,D,True,D,True,D,True,True,0
lever_chem_thinking_gate_gpqa_seed471.jsonl,GPQA-Diamond,chem_thinking_gate,recVvpD8miVjmmyfe,3,A,D,D,False,True,D,False,D,False,D,False,True,0
lever_chem_thinking_gate_gpqa_seed471.jsonl,GPQA-Diamond,chem_thinking_gate,reczjcMtrB1YGS2fO,3,C,B,B,False,True,B,False,C,True,B,False,True,0
lever_chem_thinking_gate_gpqa_seed471.jsonl,GPQA-Diamond,chem_thinking_gate,receYQxnUBvxPcvbQ,3,B,B,B,True,True,B,True,B,True,B,True,True,0
lever_chem_thinking_gate_gpqa_seed471.jsonl,GPQA-Diamond,chem_thinking_gate,recS48OsU6kVadBPW,3,D,D,D,True,True,D,True,D,True,D,True,True,0
lever_chem_thinking_gate_gpqa_seed471.jsonl,GPQA-Diamond,chem_thinking_gate,recb2M22zaD3tL6Qc,3,B,B,B,True,True,B,True,B,True,B,True,True,0
lever_chem_thinking_gate_gpqa_seed471.jsonl,GPQA-Diamond,chem_thinking_gate,recKcjTwONILZqHAX,3,D,D,D,True,True,D,True,D,True,D,True,True,0
lever_chem_thinking_gate_gpqa_seed471.jsonl,GPQA-Diamond,chem_thinking_gate,reck1zKeCssmN82Ga,3,A,A,A,True,True,A,True,A,True,A,True,True,0
lever_chem_thinking_gate_gpqa_seed471.jsonl,GPQA-Diamond,chem_thinking_gate,recK9F5aqdaybl8bb,3,D,D,D,True,True,D,True,D,True,D,True,True,0
lever_chem_thinking_gate_gpqa_seed471.jsonl,GPQA-Diamond,chem_thinking_gate,rec7C06XOB2h298ue,3,B,B,B,True,True,B,True,B,True,B,True,True,0
lever_chem_thinking_gate_gpqa_seed471.jsonl,GPQA-Diamond,chem_thinking_gate,recyrk6XBVwugG5u8,3,A,A,A,True,True,A,True,A,True,A,True,True,0
lever_chem_thinking_gate_gpqa_seed471.jsonl,GPQA-Diamond,chem_thinking_gate,recNu3MXkvWUzHZr9,3,C,A,A,False,True,A,False,C,True,A,False,True,0
lever_chem_thinking_gate_gpqa_seed471.jsonl,GPQA-Diamond,chem_thinking_gate,reczQ4I0VpENdMtIj,3,B,C,C,False,True,C,False,C,False,C,False,False,0
lever_chem_thinking_gate_gpqa_seed471.jsonl,GPQA-Diamond,chem_thinking_gate,receo3UUzRvWCqyfA,3,A,A,A,True,True,A,True,A,True,A,True,True,0
lever_chem_thinking_gate_gpqa_seed471.jsonl,GPQA-Diamond,chem_thinking_gate,recQ8oxSY2aCwFRS8,3,C,C,C,True,True,C,True,C,True,C,True,True,0
lever_chem_thinking_gate_gpqa_seed471.jsonl,GPQA-Diamond,chem_thinking_gate,reco8WSc71p8zAv4q,3,A,A,A,True,True,A,True,A,True,A,True,True,0
lever_chem_thinking_gate_gpqa_seed471.jsonl,GPQA-Diamond,chem_thinking_gate,reckEnrOPFT9Ru7tW,3,A,A,A,True,True,A,True,A,True,A,True,True,0
lever_chem_thinking_gate_gpqa_seed471.jsonl,GPQA-Diamond,chem_thinking_gate,recLSzwBUS3olCjhl,3,D,D,D,True,True,D,True,D,True,D,True,True,0
lever_chem_thinking_gate_gpqa_seed471.jsonl,GPQA-Diamond,chem_thinking_gate,recOkA2zsy4GSMD9R,3,D,D,D,True,True,D,True,D,True,D,True,True,0
lever_chem_thinking_gate_gpqa_seed471.jsonl,GPQA-Diamond,chem_thinking_gate,reczkBiPPNrNN49Hp,3,D,D,D,True,True,D,True,D,True,D,True,True,0
lever_chem_thinking_gate_gpqa_seed471.jsonl,GPQA-Diamond,chem_thinking_gate,recHVUd2DkoKfedJZ,3,A,A,A,True,True,A,True,A,True,A,True,True,0
lever_chem_thinking_gate_gpqa_seed471.jsonl,GPQA-Diamond,chem_thinking_gate,reccOKzFNmyqeJ6ry,3,D,D,D,True,True,D,True,A,False,D,True,True,0
lever_chem_thinking_gate_gpqa_seed471.jsonl,GPQA-Diamond,chem_thinking_gate,recCJJOeBGERaHYax,3,C,C,C,True,True,C,True,C,True,C,True,True,0
lever_chem_thinking_gate_gpqa_seed471.jsonl,GPQA-Diamond,chem_thinking_gate,recReg13iV2HwJTaA,3,D,D,D,True,True,D,True,D,True,D,True,True,0
lever_chem_thinking_gate_gpqa_seed471.jsonl,GPQA-Diamond,chem_thinking_gate,rec260hNUCEj109Dj,3,B,B,B,True,True,B,True,B,True,B,True,True,0
lever_chem_thinking_gate_gpqa_seed471.jsonl,GPQA-Diamond,chem_thinking_gate,recMicVBcqy1xM1jq,3,C,A,A,False,True,A,False,A,False,C,True,True,0
lever_chem_thinking_gate_gpqa_seed471.jsonl,GPQA-Diamond,chem_thinking_gate,recXvQ6gWAmyakrpD,3,C,C,C,True,True,C,True,C,True,C,True,True,0
lever_chem_thinking_gate_gpqa_seed471.jsonl,GPQA-Diamond,chem_thinking_gate,recGee5m84dg5FZkc,3,D,D,D,True,True,D,True,D,True,D,True,True,0
lever_chem_thinking_gate_gpqa_seed471.jsonl,GPQA-Diamond,chem_thinking_gate,recgXxEgllSGEpELP,3,D,D,D,True,True,D,True,D,True,D,True,True,0
lever_chem_thinking_gate_gpqa_seed471.jsonl,GPQA-Diamond,chem_thinking_gate,recRhwQwHijW0gCLo,3,A,A,A,True,True,A,True,A,True,A,True,True,0
lever_chem_thinking_gate_gpqa_seed471.jsonl,GPQA-Diamond,chem_thinking_gate,rect4iLrSfUwkNTno,3,C,C,C,True,True,C,True,C,True,C,True,True,0
lever_chem_thinking_gate_gpqa_seed471.jsonl,GPQA-Diamond,chem_thinking_gate,recEmTBhx2hgw6tPQ,3,C,C,C,True,True,C,True,C,True,D,False,True,0
lever_chem_thinking_gate_gpqa_seed471.jsonl,GPQA-Diamond,chem_thinking_gate,recuyeuT5rQ6qDt8F,3,D,B,B,False,True,B,False,B,False,B,False,False,0
lever_chem_thinking_gate_gpqa_seed471.jsonl,GPQA-Diamond,chem_thinking_gate,recTs7qzfJs6kfLUK,3,B,B,B,True,True,B,True,B,True,B,True,True,0
lever_chem_thinking_gate_gpqa_seed471.jsonl,GPQA-Diamond,chem_thinking_gate,recZt4x514UQNnsgy,3,A,A,A,True,True,A,True,C,False,A,True,True,0
lever_chem_thinking_gate_gpqa_seed471.jsonl,GPQA-Diamond,chem_thinking_gate,recrHBEJJoDTV05JR,3,D,D,D,True,True,D,True,D,True,D,True,True,0
lever_chem_thinking_gate_gpqa_seed471.jsonl,GPQA-Diamond,chem_thinking_gate,recywRj5a8EEjj2Ib,3,D,D,D,True,True,D,True,D,True,D,True,True,0
lever_chem_thinking_gate_gpqa_seed471.jsonl,GPQA-Diamond,chem_thinking_gate,rec4UqStf9WUVif1f,3,A,A,A,True,True,A,True,A,True,D,False,True,0
lever_chem_thinking_gate_gpqa_seed471.jsonl,GPQA-Diamond,chem_thinking_gate,recPzW1WqRnPs57D6,3,D,D,D,True,True,D,True,D,True,D,True,True,0
lever_chem_thinking_gate_gpqa_seed471.jsonl,GPQA-Diamond,chem_thinking_gate,recVE8cUNHpHZIAvL,3,B,B,B,True,True,B,True,B,True,B,True,True,0
lever_chem_thinking_gate_gpqa_seed471.jsonl,GPQA-Diamond,chem_thinking_gate,recnTTKdBzfuoZ7w7,3,C,A,A,False,True,A,False,A,False,A,False,False,0
lever_chem_thinking_gate_gpqa_seed471.jsonl,GPQA-Diamond,chem_thinking_gate,recKm6LNWykGapmCr,3,A,B,B,False,True,B,False,A,True,B,False,True,0
lever_combined_seed42.jsonl,GPQA-Diamond,combined,recypVp2NmPlBKVTp,3,A,A,A,True,True,A,True,A,True,A,True,True,0
lever_combined_seed42.jsonl,GPQA-Diamond,combined,rec0wZvZgiz320KRs,3,B,B,B,True,True,B,True,B,True,D,False,True,0
lever_combined_seed42.jsonl,GPQA-Diamond,combined,recnawZPumSCLMVgp,3,A,B,B,False,True,A,True,A,True,B,False,True,0
lever_combined_seed42.jsonl,GPQA-Diamond,combined,recINSFEYLCyyd08m,3,A,C,C,False,True,C,False,C,False,B,False,True,0
lever_combined_seed42.jsonl,GPQA-Diamond,combined,rechKl68Uc6H7vU0N,3,A,A,A,True,True,A,True,A,True,A,True,True,0
lever_combined_seed42.jsonl,GPQA-Diamond,combined,rec527dNeEtWJrYNl,3,B,B,B,True,True,B,True,B,True,B,True,True,0
lever_combined_seed42.jsonl,GPQA-Diamond,combined,recQiWOxhkXRz9NVE,3,C,C,C,True,True,B,False,B,False,B,False,True,0
lever_combined_seed42.jsonl,GPQA-Diamond,combined,rec0yTRmO1o1xCA6H,3,C,D,D,False,True,D,False,D,False,D,False,True,0
lever_combined_seed42.jsonl,GPQA-Diamond,combined,recnTTKdBzfuoZ7w7,3,D,B,B,False,True,B,False,B,False,B,False,False,0
lever_combined_seed42.jsonl,GPQA-Diamond,combined,recVvpD8miVjmmyfe,3,D,B,B,False,True,B,False,D,True,B,False,True,0
lever_combined_seed42.jsonl,GPQA-Diamond,combined,rec6sE2CRtD4drtHg,3,C,C,C,True,True,C,True,C,True,C,True,True,0
lever_combined_seed42.jsonl,GPQA-Diamond,combined,rec4r4KWNLrT7g2kR,3,D,D,D,True,True,D,True,D,True,D,True,True,0
lever_combined_seed42.jsonl,GPQA-Diamond,combined,recE2ihVfqEK4R9d0,3,C,C,C,True,True,C,True,C,True,C,True,True,0
lever_combined_seed42.jsonl,GPQA-Diamond,combined,recDj2Y2BbtV02Wv5,3,B,D,D,False,True,D,False,D,False,D,False,True,0
lever_combined_seed42.jsonl,GPQA-Diamond,combined,reczjcMtrB1YGS2fO,3,A,C,C,False,True,C,False,C,False,C,False,True,0
lever_combined_seed42.jsonl,GPQA-Diamond,combined,recpki12iG9RUGrz9,3,D,D,D,True,True,D,True,D,True,D,True,True,0
lever_combined_seed42.jsonl,GPQA-Diamond,combined,rec5rjeLsEq5Fg7Oj,3,D,D,D,True,True,D,True,D,True,D,True,True,0
lever_combined_seed42.jsonl,GPQA-Diamond,combined,recb80OwMgNnceA9t,3,A,A,A,True,True,A,True,C,False,A,True,True,0
lever_combined_seed42.jsonl,GPQA-Diamond,combined,rec260hNUCEj109Dj,3,C,C,C,True,True,C,True,C,True,C,True,True,0
lever_combined_seed42.jsonl,GPQA-Diamond,combined,recGFNRVl1qBZGwyU,3,B,A,A,False,True,A,False,A,False,A,False,False,0
lever_combined_seed42.jsonl,GPQA-Diamond,combined,recXvQ6gWAmyakrpD,3,B,B,B,True,True,B,True,B,True,B,True,True,0
lever_combined_seed42.jsonl,GPQA-Diamond,combined,recIj8lR4tuDgrHou,3,C,C,C,True,True,C,True,C,True,C,True,True,0
lever_combined_seed42.jsonl,GPQA-Diamond,combined,recSBcGLPatKb3Ygu,3,D,D,D,True,True,D,True,D,True,D,True,True,0
lever_combined_seed42.jsonl,GPQA-Diamond,combined,recWPMm91mGDLXONm,3,D,D,D,True,True,D,True,D,True,D,True,True,0
lever_combined_seed42.jsonl,GPQA-Diamond,combined,recLAgwx9vbgB5EHk,3,B,B,B,True,True,B,True,B,True,B,True,True,0
lever_combined_seed42.jsonl,GPQA-Diamond,combined,recOvqPKUtyy9ISA1,3,D,D,D,True,True,D,True,D,True,B,False,True,0
lever_combined_seed42.jsonl,GPQA-Diamond,combined,recHVUd2DkoKfedJZ,3,A,A,A,True,True,A,True,A,True,C,False,True,0
lever_combined_seed42.jsonl,GPQA-Diamond,combined,recmI7EiLv72PxmYK,3,B,B,B,True,True,B,True,B,True,B,True,True,0
lever_combined_seed42.jsonl,GPQA-Diamond,combined,recPSTGXK3P39yNYT,3,C,C,C,True,True,C,True,C,True,C,True,True,0
lever_combined_seed42.jsonl,GPQA-Diamond,combined,reczzzihL7btBH7RO,3,A,C,C,False,True,C,False,C,False,C,False,False,0
lever_combined_seed42.jsonl,GPQA-Diamond,combined,recatj4YXzbOaq3Ar,3,C,C,C,True,True,C,True,C,True,C,True,True,0
lever_combined_seed42.jsonl,GPQA-Diamond,combined,recIlghoOw5VbY4Zh,3,C,C,C,True,True,C,True,C,True,C,True,True,0
lever_combined_seed42.jsonl,GPQA-Diamond,combined,recVEXvhYxAhELVqB,3,A,A,A,True,True,A,True,A,True,A,True,True,0
lever_combined_seed42.jsonl,GPQA-Diamond,combined,recnGEpF1srQpaqWq,3,B,B,B,True,True,B,True,B,True,A,False,True,1
lever_combined_seed42.jsonl,GPQA-Diamond,combined,recL9MFV5zmdlle5T,3,D,D,D,True,True,D,True,D,True,D,True,True,0
lever_combined_seed42.jsonl,GPQA-Diamond,combined,recwW1A85nfyQpReG,3,C,B,B,False,True,B,False,C,True,B,False,True,0
lever_combined_seed42.jsonl,GPQA-Diamond,combined,rec4L69T0Y1AS4AFS,3,B,B,B,True,True,B,True,B,True,B,True,True,0
lever_combined_seed42.jsonl,GPQA-Diamond,combined,recEmTBhx2hgw6tPQ,3,B,B,B,True,True,B,True,B,True,A,False,True,0
lever_combined_seed42.jsonl,GPQA-Diamond,combined,recMicVBcqy1xM1jq,3,B,B,B,True,True,B,True,B,True,B,True,True,0
lever_combined_seed42.jsonl,GPQA-Diamond,combined,recJZ3QEfRKjYw9a7,3,A,D,D,False,True,D,False,A,True,A,True,True,0
lever_combined_seed42.jsonl,GPQA-Diamond,combined,recNuT2oSnO86bxOx,3,D,D,D,True,True,D,True,D,True,D,True,True,0
lever_combined_seed42.jsonl,GPQA-Diamond,combined,recGee5m84dg5FZkc,3,C,C,C,True,True,C,True,C,True,B,False,True,0
lever_combined_seed42.jsonl,GPQA-Diamond,combined,recwlwlcPvXVNPmvl,3,D,D,D,True,True,D,True,D,True,D,True,True,0
lever_combined_seed42.jsonl,GPQA-Diamond,combined,recooG6bivTUJpDBz,3,A,D,D,False,True,D,False,D,False,D,False,False,0
lever_combined_seed42.jsonl,GPQA-Diamond,combined,recdya6FuYraBU5Rh,3,B,B,B,True,True,B,True,B,True,C,False,True,0
lever_combined_seed42.jsonl,GPQA-Diamond,combined,rectXfsCM1dj4Kv2c,3,C,D,D,False,True,D,False,C,True,C,True,True,0
lever_combined_seed42.jsonl,GPQA-Diamond,combined,reccOKzFNmyqeJ6ry,3,D,D,D,True,True,D,True,D,True,B,False,True,0
lever_combined_seed42.jsonl,GPQA-Diamond,combined,rec06pnAkLOr2t2mp,3,B,B,B,True,True,B,True,B,True,B,True,True,1
lever_combined_seed42.jsonl,GPQA-Diamond,combined,recaXdGn3FAIkxLGM,3,D,D,D,True,True,D,True,D,True,C,False,True,0
lever_combined_seed42.jsonl,GPQA-Diamond,combined,rec7C06XOB2h298ue,3,D,D,D,True,True,D,True,D,True,D,True,True,0
lever_combined_seed42.jsonl,GPQA-Diamond,combined,reckEnrOPFT9Ru7tW,3,B,A,A,False,True,A,False,B,True,A,False,True,0
lever_combined_seed42.jsonl,GPQA-Diamond,combined,recs3PLPUEMiqg4P8,3,C,A,A,False,True,B,False,B,False,A,False,False,0
lever_combined_seed42.jsonl,GPQA-Diamond,combined,recO3hvCWRGiG0odN,3,B,B,B,True,True,B,True,B,True,B,True,True,0
lever_combined_seed42.jsonl,GPQA-Diamond,combined,recoiTJPGUmzAkief,3,D,D,D,True,True,D,True,D,True,D,True,True,0
lever_combined_seed42.jsonl,GPQA-Diamond,combined,reck4G4xxv3YnpbtQ,3,B,C,C,False,True,C,False,C,False,C,False,False,0
lever_combined_seed42.jsonl,GPQA-Diamond,combined,rechgQucGlrnt8KRV,3,B,B,B,True,True,B,True,B,True,D,False,True,0
lever_combined_seed42.jsonl,GPQA-Diamond,combined,recI1ls9OXdxatHQn,3,A,A,A,True,True,A,True,A,True,A,True,True,0
lever_combined_seed42.jsonl,GPQA-Diamond,combined,reccVFW11Elovnf8T,3,C,D,D,False,True,D,False,C,True,D,False,True,0
lever_combined_seed42.jsonl,GPQA-Diamond,combined,recIOlKBsOeEcgkA1,3,D,D,D,True,True,D,True,D,True,D,True,True,0
lever_combined_seed42.jsonl,GPQA-Diamond,combined,recmkvk6EFAmqyMxR,3,B,B,B,True,True,B,True,B,True,B,True,True,0
lever_combined_seed42.jsonl,GPQA-Diamond,combined,rechtUKxC6G67H7Pr,3,C,C,C,True,True,C,True,C,True,C,True,True,0
lever_combined_seed42.jsonl,GPQA-Diamond,combined,reczUoM8JsxU6pYxr,3,D,D,D,True,True,D,True,D,True,D,True,True,1
lever_combined_seed42.jsonl,GPQA-Diamond,combined,recRZjaElf8ft7xTq,3,C,C,C,True,True,C,True,A,False,A,False,True,0
lever_combined_seed42.jsonl,GPQA-Diamond,combined,rec8y3ZrBOcLgNEkE,3,B,B,B,True,True,B,True,B,True,B,True,True,1
lever_combined_seed42.jsonl,GPQA-Diamond,combined,recINGR1z01Fh1Z3A,3,C,C,C,True,True,C,True,C,True,C,True,True,0
lever_combined_seed42.jsonl,GPQA-Diamond,combined,recPIzpnuYpB4yvmp,3,D,D,D,True,True,D,True,D,True,D,True,True,0
lever_combined_seed42.jsonl,GPQA-Diamond,combined,recPL4ZPpVYxgMu57,3,A,A,A,True,True,A,True,A,True,A,True,True,1
lever_combined_seed42.jsonl,GPQA-Diamond,combined,receYQxnUBvxPcvbQ,3,B,B,B,True,True,B,True,B,True,B,True,True,0
lever_combined_seed42.jsonl,GPQA-Diamond,combined,rec5eA17Qr1ucNLUf,3,C,C,C,True,True,C,True,C,True,A,False,True,0
lever_combined_seed42.jsonl,GPQA-Diamond,combined,recclFbsjbaiVVnnV,3,C,A,A,False,True,A,False,A,False,A,False,False,0
lever_combined_seed42.jsonl,GPQA-Diamond,combined,reczkBiPPNrNN49Hp,3,B,B,B,True,True,B,True,B,True,B,True,True,0
lever_combined_seed42.jsonl,GPQA-Diamond,combined,receo3UUzRvWCqyfA,3,C,C,C,True,True,C,True,C,True,C,True,True,0
lever_combined_seed42.jsonl,GPQA-Diamond,combined,recLSzwBUS3olCjhl,3,C,C,C,True,True,C,True,C,True,C,True,True,0
lever_combined_seed42.jsonl,GPQA-Diamond,combined,recJJcOHhFeSaRpl4,3,C,C,C,True,True,C,True,C,True,C,True,True,0
lever_combined_seed42.jsonl,GPQA-Diamond,combined,recuYEkVjdVUwA3c0,3,C,C,C,True,True,C,True,C,True,B,False,True,0
lever_combined_seed42.jsonl,GPQA-Diamond,combined,recv7GsQg3f0fvB1f,3,A,A,A,True,True,A,True,A,True,A,True,True,1
lever_combined_seed42.jsonl,GPQA-Diamond,combined,recf6ayQmL1SxKbvW,3,D,A,A,False,True,A,False,A,False,A,False,False,0
lever_combined_seed42.jsonl,GPQA-Diamond,combined,recihePFulRgNKsIn,3,A,C,C,False,True,C,False,C,False,C,False,False,1
lever_combined_seed42.jsonl,GPQA-Diamond,combined,recn3NhOhqAPLda16,3,D,D,D,True,True,D,True,D,True,C,False,True,1
lever_combined_seed42.jsonl,GPQA-Diamond,combined,recUOePh79cp4T2Bg,3,B,C,C,False,True,C,False,C,False,C,False,False,0
lever_combined_seed42.jsonl,GPQA-Diamond,combined,recrNbtgTNoabJJi6,3,D,D,D,True,True,D,True,D,True,D,True,True,0
lever_combined_seed42.jsonl,GPQA-Diamond,combined,rec8nshandHARTkrg,3,B,C,C,False,True,C,False,B,True,B,True,True,0
lever_combined_seed42.jsonl,GPQA-Diamond,combined,recjJ54TXc04enRkZ,3,A,B,B,False,True,A,True,A,True,A,True,True,0
lever_combined_seed42.jsonl,GPQA-Diamond,combined,recFaL6j8UMhutXrc,3,A,A,A,True,True,A,True,A,True,A,True,True,0
lever_combined_seed42.jsonl,GPQA-Diamond,combined,recr3VHM4zYf6dMFY,3,B,B,B,True,True,D,False,D,False,B,True,True,0
lever_combined_seed42.jsonl,GPQA-Diamond,combined,recXsuOHRBLcyenF2,3,A,A,A,True,True,A,True,A,True,A,True,True,0
lever_combined_seed42.jsonl,GPQA-Diamond,combined,recfTlTMjZBuOducT,3,D,D,D,True,True,D,True,D,True,D,True,True,0
lever_combined_seed42.jsonl,GPQA-Diamond,combined,recOkA2zsy4GSMD9R,3,B,D,D,False,True,D,False,B,True,D,False,True,0
lever_combined_seed42.jsonl,GPQA-Diamond,combined,recBhnXrUyTJ6WHIR,3,D,D,D,True,True,D,True,B,False,B,False,True,1
lever_combined_seed42.jsonl,GPQA-Diamond,combined,reckl6PkaEMWM50yZ,3,C,A,A,False,True,A,False,C,True,A,False,True,0
lever_combined_seed7.jsonl,GPQA-Diamond,combined,recoiTJPGUmzAkief,3,A,A,A,True,True,A,True,A,True,A,True,True,0
lever_combined_seed7.jsonl,GPQA-Diamond,combined,recooG6bivTUJpDBz,3,D,A,A,False,True,A,False,A,False,A,False,False,0
lever_combined_seed7.jsonl,GPQA-Diamond,combined,recz3MfYHPRhsEQkW,3,D,D,D,True,True,D,True,D,True,D,True,True,0
lever_combined_seed7.jsonl,GPQA-Diamond,combined,rec527dNeEtWJrYNl,3,A,A,A,True,True,A,True,A,True,A,True,True,0
lever_combined_seed7.jsonl,GPQA-Diamond,combined,recYt8xx80OTyDsL0,3,C,C,C,True,True,C,True,C,True,C,True,True,0
lever_combined_seed7.jsonl,GPQA-Diamond,combined,recmwwQJnx7ll7bqL,3,D,D,D,True,True,D,True,D,True,D,True,True,0
lever_combined_seed7.jsonl,GPQA-Diamond,combined,rec0yTRmO1o1xCA6H,3,B,D,D,False,True,D,False,D,False,D,False,True,0
lever_combined_seed7.jsonl,GPQA-Diamond,combined,rec2UlKqC6RFHdcro,3,B,B,B,True,True,B,True,B,True,B,True,True,0
lever_combined_seed7.jsonl,GPQA-Diamond,combined,recD8oX1KevFbl7bL,3,B,B,B,True,True,B,True,B,True,B,True,True,0
lever_combined_seed7.jsonl,GPQA-Diamond,combined,reczUoM8JsxU6pYxr,3,A,A,A,True,True,A,True,A,True,A,True,True,1
lever_combined_seed7.jsonl,GPQA-Diamond,combined,recFaL6j8UMhutXrc,3,B,A,A,False,True,A,False,A,False,A,False,True,0
lever_combined_seed7.jsonl,GPQA-Diamond,combined,recYOzCsevNz61Lyn,3,C,C,C,True,True,C,True,C,True,C,True,True,0
lever_combined_seed7.jsonl,GPQA-Diamond,combined,recBXlqrZUCR897It,3,B,B,B,True,True,B,True,B,True,B,True,True,0
lever_combined_seed7.jsonl,GPQA-Diamond,combined,recOvqPKUtyy9ISA1,3,D,C,C,False,True,B,False,B,False,B,False,True,0
lever_combined_seed7.jsonl,GPQA-Diamond,combined,recDDxpS9s8cwkqfq,3,C,C,C,True,True,C,True,C,True,C,True,True,0
lever_combined_seed7.jsonl,GPQA-Diamond,combined,recEmTBhx2hgw6tPQ,3,B,B,B,True,True,B,True,B,True,B,True,True,0
lever_combined_seed7.jsonl,GPQA-Diamond,combined,recIMcQfaQNa6vzsT,3,C,C,C,True,True,C,True,C,True,C,True,True,0
lever_combined_seed7.jsonl,GPQA-Diamond,combined,rec47oNPXudlTIk4y,3,B,C,C,False,True,C,False,A,False,A,False,False,0
lever_combined_seed7.jsonl,GPQA-Diamond,combined,rec0Arme2jcXQZnAW,3,A,A,A,True,True,A,True,B,False,B,False,True,0
lever_combined_seed7.jsonl,GPQA-Diamond,combined,reck4G4xxv3YnpbtQ,3,C,B,B,False,True,A,False,A,False,B,False,False,0
lever_combined_seed7.jsonl,GPQA-Diamond,combined,recS48OsU6kVadBPW,3,B,B,B,True,True,B,True,B,True,B,True,True,0
lever_combined_seed7.jsonl,GPQA-Diamond,combined,recyl3usDqb7ruXJx,3,B,B,B,True,True,B,True,B,True,B,True,True,0
lever_combined_seed7.jsonl,GPQA-Diamond,combined,recPzW1WqRnPs57D6,3,A,A,A,True,True,A,True,A,True,A,True,True,0
lever_combined_seed7.jsonl,GPQA-Diamond,combined,rec1zl5LvaatzGhFt,3,D,D,D,True,True,D,True,D,True,D,True,True,0
lever_combined_seed7.jsonl,GPQA-Diamond,combined,recPSTGXK3P39yNYT,3,B,B,B,True,True,B,True,B,True,B,True,True,0
lever_combined_seed7.jsonl,GPQA-Diamond,combined,reccVBrYdwsB84fGy,3,D,D,D,True,True,D,True,C,False,C,False,True,0
lever_combined_seed7.jsonl,GPQA-Diamond,combined,recihePFulRgNKsIn,3,C,D,D,False,True,D,False,D,False,D,False,False,0
lever_combined_seed7.jsonl,GPQA-Diamond,combined,recpki12iG9RUGrz9,3,C,C,C,True,True,C,True,C,True,D,False,True,0
lever_combined_seed7.jsonl,GPQA-Diamond,combined,recb80OwMgNnceA9t,3,D,A,A,False,True,A,False,D,True,D,True,True,2
lever_combined_seed7.jsonl,GPQA-Diamond,combined,recdya6FuYraBU5Rh,3,A,A,A,True,True,A,True,A,True,A,True,True,0
lever_combined_seed7.jsonl,GPQA-Diamond,combined,recRhwQwHijW0gCLo,3,B,B,B,True,True,B,True,B,True,B,True,True,0
lever_combined_seed7.jsonl,GPQA-Diamond,combined,recf6ayQmL1SxKbvW,3,D,B,B,False,True,B,False,B,False,B,False,False,0
lever_combined_seed7.jsonl,GPQA-Diamond,combined,recwW1A85nfyQpReG,3,C,D,D,False,True,D,False,D,False,D,False,True,0
lever_combined_seed7.jsonl,GPQA-Diamond,combined,recjJ54TXc04enRkZ,3,C,A,A,False,True,A,False,A,False,A,False,False,0
lever_combined_seed7.jsonl,GPQA-Diamond,combined,recXsYa3i2UhGF5fe,3,B,B,B,True,True,B,True,B,True,B,True,True,2
lever_combined_seed7.jsonl,GPQA-Diamond,combined,rec06pnAkLOr2t2mp,3,A,A,A,True,True,A,True,A,True,A,True,True,0
lever_combined_seed7.jsonl,GPQA-Diamond,combined,recRTiyaRymerDJ4y,3,B,C,C,False,True,C,False,C,False,C,False,True,0
lever_combined_seed7.jsonl,GPQA-Diamond,combined,recWxGU8Q4YReJ1tb,3,D,A,A,False,True,D,True,D,True,D,True,True,0
lever_combined_seed7.jsonl,GPQA-Diamond,combined,recHVUd2DkoKfedJZ,3,C,C,C,True,True,C,True,C,True,C,True,True,0
lever_combined_seed7.jsonl,GPQA-Diamond,combined,recAYkd96NNuNl1Ei,3,B,D,D,False,True,D,False,D,False,A,False,False,0
lever_combined_seed7.jsonl,GPQA-Diamond,combined,recINSFEYLCyyd08m,3,A,A,A,True,True,A,True,A,True,A,True,True,0
lever_combined_seed7.jsonl,GPQA-Diamond,combined,recJZ3QEfRKjYw9a7,3,D,C,C,False,True,C,False,C,False,C,False,True,0
lever_combined_seed7.jsonl,GPQA-Diamond,combined,recQ8oxSY2aCwFRS8,3,C,C,C,True,True,C,True,C,True,D,False,True,0
lever_combined_seed7.jsonl,GPQA-Diamond,combined,recRZjaElf8ft7xTq,3,D,C,C,False,True,C,False,C,False,C,False,True,0
lever_combined_seed7.jsonl,GPQA-Diamond,combined,rechKl68Uc6H7vU0N,3,B,B,B,True,True,B,True,B,True,B,True,True,0
lever_combined_seed7.jsonl,GPQA-Diamond,combined,recb4cGsC6BJUCU3V,3,D,C,C,False,True,C,False,C,False,C,False,True,0
lever_combined_seed7.jsonl,GPQA-Diamond,combined,rectlyG9pCAAuWhoB,3,C,A,A,False,True,A,False,A,False,A,False,False,0
lever_combined_seed7.jsonl,GPQA-Diamond,combined,recYCMJWH7IpcdqwE,3,D,D,D,True,True,D,True,D,True,D,True,True,0
lever_combined_seed7.jsonl,GPQA-Diamond,combined,recvlnu8BuLmXZhSX,3,B,B,B,True,True,B,True,B,True,D,False,True,0
lever_combined_seed7.jsonl,GPQA-Diamond,combined,reca44yABeO2fx7UB,3,D,D,D,True,True,D,True,D,True,D,True,True,0
lever_combined_seed7.jsonl,GPQA-Diamond,combined,recclFbsjbaiVVnnV,3,D,B,B,False,True,B,False,B,False,B,False,False,0
lever_combined_seed7.jsonl,GPQA-Diamond,combined,recxsX66ktJ1Lwt4f,3,A,A,A,True,True,A,True,A,True,A,True,True,0
lever_combined_seed7.jsonl,GPQA-Diamond,combined,recMicVBcqy1xM1jq,3,B,D,D,False,True,D,False,D,False,D,False,False,0
lever_combined_seed7.jsonl,GPQA-Diamond,combined,recReg13iV2HwJTaA,3,B,B,B,True,True,B,True,B,True,B,True,True,0
lever_combined_seed7.jsonl,GPQA-Diamond,combined,recLrRirj7iXoB0rU,3,C,C,C,True,True,C,True,C,True,C,True,True,0
lever_combined_seed7.jsonl,GPQA-Diamond,combined,rec32C1ZEapBnCC0E,3,D,D,D,True,True,D,True,D,True,D,True,True,1
lever_combined_seed7.jsonl,GPQA-Diamond,combined,recZWeueB7lSPR6wN,3,B,B,B,True,True,B,True,B,True,B,True,True,0
lever_combined_seed7.jsonl,GPQA-Diamond,combined,recZbxrocrxh9YENH,3,A,D,D,False,True,A,True,A,True,B,False,True,0
lever_combined_seed7.jsonl,GPQA-Diamond,combined,recVE8cUNHpHZIAvL,3,B,B,B,True,True,B,True,B,True,B,True,True,0
lever_combined_seed7.jsonl,GPQA-Diamond,combined,recUc29lMDBEvurYo,3,A,D,D,False,True,A,True,A,True,D,False,True,0
lever_combined_seed7.jsonl,GPQA-Diamond,combined,recKv4hFyNpViUXnL,3,B,B,B,True,True,B,True,B,True,B,True,True,0
lever_combined_seed7.jsonl,GPQA-Diamond,combined,recGFKDUd8qgz81Zl,3,C,C,C,True,True,C,True,C,True,B,False,True,0
lever_combined_seed7.jsonl,GPQA-Diamond,combined,rec4L69T0Y1AS4AFS,3,A,A,A,True,True,A,True,A,True,A,True,True,0
lever_combined_seed7.jsonl,GPQA-Diamond,combined,recXvQ6gWAmyakrpD,3,C,C,C,True,True,C,True,C,True,B,False,True,0
lever_combined_seed7.jsonl,GPQA-Diamond,combined,recUBgVlkKzcRPDdK,3,D,B,B,False,True,B,False,C,False,B,False,False,0
lever_combined_seed7.jsonl,GPQA-Diamond,combined,recKm6LNWykGapmCr,3,B,B,B,True,True,B,True,B,True,A,False,True,0
lever_combined_seed7.jsonl,GPQA-Diamond,combined,recLB0EkQ54bYVhnd,3,A,B,B,False,True,B,False,A,True,B,False,True,0
lever_combined_seed7.jsonl,GPQA-Diamond,combined,recXsuOHRBLcyenF2,3,D,D,D,True,True,D,True,D,True,D,True,True,0
lever_combined_seed7.jsonl,GPQA-Diamond,combined,recl1UtgTVKishAq4,3,A,B,B,False,True,B,False,A,True,B,False,True,0
lever_combined_seed7.jsonl,GPQA-Diamond,combined,recQiWOxhkXRz9NVE,3,D,D,D,True,True,D,True,D,True,D,True,True,0
lever_combined_seed7.jsonl,GPQA-Diamond,combined,receYQxnUBvxPcvbQ,3,C,B,B,False,True,B,False,C,True,B,False,True,0
lever_combined_seed7.jsonl,GPQA-Diamond,combined,recxTy0x7M6T9ikc0,3,D,D,D,True,True,D,True,D,True,D,True,True,0
lever_combined_seed7.jsonl,GPQA-Diamond,combined,recCJJOeBGERaHYax,3,C,C,C,True,True,C,True,C,True,D,False,True,0
lever_combined_seed7.jsonl,GPQA-Diamond,combined,recqFDvYKKRmbnoUb,3,D,D,D,True,True,D,True,D,True,D,True,True,0
lever_combined_seed7.jsonl,GPQA-Diamond,combined,recfTlTMjZBuOducT,3,A,A,A,True,True,A,True,A,True,A,True,True,0
lever_combined_seed7.jsonl,GPQA-Diamond,combined,recNu3MXkvWUzHZr9,3,C,A,A,False,True,D,False,D,False,D,False,True,0
lever_combined_seed7.jsonl,GPQA-Diamond,combined,recb2M22zaD3tL6Qc,3,B,B,B,True,True,B,True,B,True,B,True,True,0
lever_combined_seed7.jsonl,GPQA-Diamond,combined,recKcjTwONILZqHAX,3,C,C,C,True,True,C,True,C,True,C,True,True,1
lever_combined_seed7.jsonl,GPQA-Diamond,combined,rec0wZvZgiz320KRs,3,C,C,C,True,True,C,True,C,True,C,True,True,0
lever_combined_seed7.jsonl,GPQA-Diamond,combined,recmI7EiLv72PxmYK,3,B,B,B,True,True,B,True,B,True,B,True,True,0
lever_combined_seed7.jsonl,GPQA-Diamond,combined,reccOKzFNmyqeJ6ry,3,D,D,D,True,True,D,True,D,True,D,True,True,1
lever_combined_seed7.jsonl,GPQA-Diamond,combined,recmkvk6EFAmqyMxR,3,D,B,B,False,True,B,False,D,True,B,False,True,0
lever_combined_seed7.jsonl,GPQA-Diamond,combined,reczkBiPPNrNN49Hp,3,D,D,D,True,True,D,True,D,True,D,True,True,0
lever_combined_seed7.jsonl,GPQA-Diamond,combined,recIDiDKKrN61Auyr,3,A,A,A,True,True,A,True,A,True,A,True,True,0
lever_combined_seed7.jsonl,GPQA-Diamond,combined,rec2ZTsqazBZ3LTWZ,3,A,A,A,True,True,A,True,A,True,A,True,True,0
lever_combined_seed7.jsonl,GPQA-Diamond,combined,receo3UUzRvWCqyfA,3,D,D,D,True,True,D,True,C,False,C,False,True,0
lever_combined_seed7.jsonl,GPQA-Diamond,combined,recyrk6XBVwugG5u8,3,A,A,A,True,True,A,True,A,True,A,True,True,0
lever_combined_seed7.jsonl,GPQA-Diamond,combined,recIlghoOw5VbY4Zh,3,B,B,B,True,True,B,True,B,True,B,True,True,0
lever_control_lexam_seed42.jsonl,LEXam,control,09a2eebe-6c96-4f10-bc76-689eec854b43,3,A,A,A,True,True,A,True,A,True,A,True,True,1
lever_control_lexam_seed42.jsonl,LEXam,control,b9785176-6859-42c9-829d-0312609916ae,3,D,D,D,True,True,D,True,D,True,D,True,True,0
lever_control_lexam_seed42.jsonl,LEXam,control,736a05d4-da8a-4177-8bd9-03d4257ff68f,3,D,C,C,False,True,C,False,C,False,C,False,False,0
lever_control_lexam_seed42.jsonl,LEXam,control,53bbecbc-ef12-4b60-9645-04015eeaa4ae,3,A,A,A,True,True,A,True,A,True,A,True,True,0
lever_control_lexam_seed42.jsonl,LEXam,control,866f89e9-c8fd-4bef-bf85-e92a7b992cf7,3,A,A,A,True,True,A,True,A,True,A,True,True,0
lever_control_lexam_seed42.jsonl,LEXam,control,8afbc6d1-fa2b-4e02-a0f3-af802c5320c3,3,B,B,B,True,True,B,True,B,True,B,True,True,0
lever_control_lexam_seed42.jsonl,LEXam,control,f1bdfe14-a0bc-496c-b9ea-49ed1d6d03df,3,C,D,D,False,True,D,False,B,False,D,False,False,2
lever_control_lexam_seed42.jsonl,LEXam,control,26263099-799d-4319-baac-3acf978c7c0a,3,C,D,D,False,True,D,False,C,True,D,False,True,1
lever_control_lexam_seed42.jsonl,LEXam,control,e7273a6a-d416-452a-9b8c-6998c58fced2,3,D,D,D,True,True,D,True,D,True,D,True,True,0
lever_control_lexam_seed42.jsonl,LEXam,control,d60d8887-e23a-4219-be7a-f1f29c281c53,3,A,D,D,False,True,D,False,D,False,D,False,False,0
lever_control_lexam_seed42.jsonl,LEXam,control,842abce3-39e3-43a5-8730-a4318fd1c3f1,3,B,B,B,True,True,B,True,B,True,B,True,True,0
lever_control_lexam_seed42.jsonl,LEXam,control,0ad0edf4-dc5f-40a3-9ec3-ae70daaa271e,3,A,A,A,True,True,A,True,A,True,A,True,True,0
lever_control_lexam_seed42.jsonl,LEXam,control,38783200-42e6-465a-98b8-410a27eb4f56,3,C,D,D,False,True,D,False,D,False,D,False,False,0
lever_control_lexam_seed42.jsonl,LEXam,control,8f4ae013-cbd7-4563-9d97-26686b88ea14,3,B,B,B,True,True,B,True,C,False,B,True,True,0
lever_control_lexam_seed42.jsonl,LEXam,control,2f078222-29e9-47ce-b441-66921b51b3e7,3,B,A,A,False,True,A,False,A,False,A,False,False,3
lever_control_lexam_seed42.jsonl,LEXam,control,ee9c501e-8d41-49d3-85bc-a4a1e8f6a57c,3,A,A,A,True,True,A,True,A,True,A,True,True,0
lever_control_lexam_seed42.jsonl,LEXam,control,2cdd4813-3450-4626-8aca-773dfea1f607,3,B,C,C,False,True,C,False,C,False,C,False,False,1
lever_control_lexam_seed42.jsonl,LEXam,control,6500b177-e1e0-47f7-b550-8224fba100cf,3,C,C,C,True,True,C,True,C,True,C,True,True,0
lever_control_lexam_seed42.jsonl,LEXam,control,b218966a-d22d-412b-b3d1-cffa3755872d,3,B,B,B,True,True,B,True,B,True,B,True,True,1
lever_control_lexam_seed42.jsonl,LEXam,control,102d2e11-f391-44a7-b978-a3f83d882f74,3,A,D,D,False,True,D,False,D,False,A,True,True,2
lever_control_lexam_seed42.jsonl,LEXam,control,1ac7dcee-1599-464e-949e-8464745c0177,3,D,C,C,False,True,C,False,C,False,C,False,False,0
lever_control_lexam_seed42.jsonl,LEXam,control,b9948b7c-c704-456f-bd02-c1bdf8cc17ba,3,C,D,D,False,True,D,False,D,False,D,False,False,0
lever_control_lexam_seed42.jsonl,LEXam,control,5515aed1-568b-4a32-ac6d-8a41c70f878e,3,D,D,D,True,True,D,True,D,True,D,True,True,1
lever_control_lexam_seed42.jsonl,LEXam,control,99c5edda-c827-4430-8f45-5d0cb7412e4c,3,B,B,B,True,True,B,True,B,True,B,True,True,0
lever_control_lexam_seed42.jsonl,LEXam,control,ca114601-0baa-4ada-8b10-26d0ece00f7e,3,A,A,A,True,True,A,True,A,True,A,True,True,0
lever_control_lexam_seed42.jsonl,LEXam,control,e2d75efc-b65e-40d1-9fa7-e47d05b2653d,3,A,A,A,True,True,A,True,A,True,A,True,True,1
lever_control_lexam_seed42.jsonl,LEXam,control,e1440aa0-1770-4750-8c8e-69cb5dae0df7,3,D,D,D,True,True,D,True,D,True,D,True,True,0
lever_control_lexam_seed42.jsonl,LEXam,control,a58581c7-2ffe-412b-819c-9938459733b1,3,D,D,D,True,True,D,True,D,True,D,True,True,1
lever_control_lexam_seed42.jsonl,LEXam,control,7d1ed894-dea7-4d33-88b9-efccb20333a4,3,B,B,B,True,True,B,True,B,True,D,False,True,0
lever_control_lexam_seed42.jsonl,LEXam,control,e4f77fd4-cd04-4b47-821c-9c969dfc1f80,3,B,B,B,True,True,B,True,B,True,B,True,True,0
lever_control_lexam_seed42.jsonl,LEXam,control,a32c143b-f4e0-4c32-9f06-cf4cbf9579b6,3,A,A,A,True,True,A,True,A,True,B,False,True,0
lever_control_lexam_seed42.jsonl,LEXam,control,045fd390-346e-4d5a-a82c-5c620a53d207,3,A,A,A,True,True,A,True,A,True,A,True,True,1
lever_control_lexam_seed42.jsonl,LEXam,control,7d9a3bb7-c8cf-4a4f-a502-b0c8ea44eef6,3,C,C,C,True,True,C,True,D,False,D,False,True,0
lever_control_lexam_seed42.jsonl,LEXam,control,430dc3d6-009b-4da6-8eba-a01f1c58589c,3,A,A,A,True,True,A,True,A,True,A,True,True,0
lever_control_lexam_seed42.jsonl,LEXam,control,1aa2d158-1f58-4671-ba73-78b7f64d04d3,3,C,B,B,False,True,B,False,B,False,B,False,False,2
lever_control_lexam_seed42.jsonl,LEXam,control,568814d7-2e54-41ab-ac2c-c14f7e17f054,3,A,A,A,True,True,A,True,A,True,A,True,True,1
lever_control_lexam_seed42.jsonl,LEXam,control,e7ce2112-cb65-469b-a6ae-fe9b49ebc8f9,3,C,C,C,True,True,C,True,C,True,C,True,True,0
lever_control_lexam_seed42.jsonl,LEXam,control,4eadfed1-062d-441f-b86f-a3407bc282e7,3,C,C,C,True,True,C,True,C,True,C,True,True,0
lever_control_lexam_seed42.jsonl,LEXam,control,bffa4b3e-2917-424e-a915-9b277f58f54e,3,D,A,A,False,True,A,False,A,False,A,False,False,0
lever_control_lexam_seed42.jsonl,LEXam,control,b766bab3-7116-42ee-853e-2eb3f01c0c15,3,C,B,B,False,True,B,False,B,False,B,False,False,0
lever_control_lexam_seed42.jsonl,LEXam,control,79b8e5fe-3c1c-434e-8ab4-3f7c6ea87e32,3,C,C,C,True,True,C,True,C,True,C,True,True,0
lever_control_lexam_seed42.jsonl,LEXam,control,02d7f932-337e-4f51-b72b-a3054d726c48,3,C,C,C,True,True,C,True,C,True,C,True,True,1
lever_control_lexam_seed42.jsonl,LEXam,control,53e67d91-df72-4136-b78c-4be1b900eaae,3,B,C,C,False,True,C,False,C,False,C,False,False,2
lever_control_lexam_seed42.jsonl,LEXam,control,8449146d-90ee-4ee9-abe4-94e1beaa0ac2,3,A,C,C,False,True,C,False,B,False,B,False,False,0
lever_control_lexam_seed42.jsonl,LEXam,control,658ad4b8-1fb2-4ddf-be33-75064c459692,3,B,B,B,True,True,B,True,B,True,B,True,True,0
lever_control_lexam_seed42.jsonl,LEXam,control,9abc219b-82f3-4c7c-91d7-653ae4960d02,3,A,A,A,True,True,A,True,A,True,A,True,True,0
lever_control_lexam_seed42.jsonl,LEXam,control,c72132c6-8bcb-4d4c-9d5b-2acbd0cd42e8,3,C,C,C,True,True,C,True,C,True,B,False,True,0
lever_control_lexam_seed42.jsonl,LEXam,control,70d58c55-71d9-400a-938a-d79bfa9856e0,3,C,B,B,False,True,B,False,B,False,B,False,True,1
lever_control_lexam_seed42.jsonl,LEXam,control,5a6dba84-0a81-48a5-ab34-74049fde90df,3,A,B,B,False,True,B,False,B,False,B,False,False,1
lever_control_lexam_seed42.jsonl,LEXam,control,0e6fe784-81bc-454f-9d8c-f3c339fc5205,3,B,A,A,False,True,B,True,B,True,D,False,True,0
lever_control_lexam_seed42.jsonl,LEXam,control,f14962d2-fa9c-436a-b283-daf4b770e9cf,3,C,C,C,True,True,C,True,B,False,C,True,True,1
lever_control_lexam_seed42.jsonl,LEXam,control,087bd6d4-e66b-4e93-b4b0-eabd3000221a,3,B,B,B,True,True,B,True,B,True,B,True,True,3
lever_control_lexam_seed42.jsonl,LEXam,control,fec50c1a-a039-4132-a084-c36540d87d9b,3,A,A,A,True,True,A,True,A,True,B,False,True,0
lever_control_lexam_seed42.jsonl,LEXam,control,976c31fb-9a6c-4048-b82c-1103ca9359ae,3,B,B,B,True,True,B,True,B,True,B,True,True,1
lever_control_lexam_seed42.jsonl,LEXam,control,c26390d0-3935-4006-a24e-6dfaf39cef80,3,D,D,D,True,True,D,True,D,True,D,True,True,0
lever_control_lexam_seed42.jsonl,LEXam,control,b21b13ee-ceae-4883-949a-ca9b4f6c20e1,3,B,B,B,True,True,B,True,B,True,B,True,True,0
lever_control_lexam_seed42.jsonl,LEXam,control,85eef1a1-ec5c-4708-b96f-1c231cf70de6,3,A,A,A,True,True,A,True,A,True,A,True,True,0
lever_control_lexam_seed42.jsonl,LEXam,control,9975be1d-0c23-4dba-850f-b6e4319c3b4d,3,D,D,D,True,True,D,True,D,True,D,True,True,1
lever_control_lexam_seed42.jsonl,LEXam,control,ba413a41-1ebb-4c03-94e7-17e0445511d5,3,A,A,A,True,True,A,True,A,True,A,True,True,0
lever_control_lexam_seed42.jsonl,LEXam,control,4d0236c9-d3f2-4c60-8257-7225cddc1be6,3,A,A,A,True,True,A,True,A,True,A,True,True,0
lever_control_lexam_seed42.jsonl,LEXam,control,b4ead004-85e3-466a-b962-2aae328bcdb4,3,C,A,A,False,True,A,False,A,False,C,True,True,0
lever_control_lexam_seed42.jsonl,LEXam,control,de1c1c2a-bd46-4d81-b319-0fb93481797d,3,C,A,A,False,True,A,False,A,False,A,False,False,0
lever_control_lexam_seed42.jsonl,LEXam,control,8b9b4ae4-41fd-42d1-99e5-556b8e900d0d,3,C,C,C,True,True,C,True,C,True,C,True,True,1
lever_control_lexam_seed42.jsonl,LEXam,control,5c5b901c-f9f1-4c80-965b-1f9e0b39d3f6,3,B,B,B,True,True,B,True,B,True,B,True,True,0
lever_control_lexam_seed42.jsonl,LEXam,control,35e36767-b938-46f1-83db-ea9ad2a3ddc8,3,B,D,D,False,True,D,False,D,False,D,False,True,1
lever_control_lexam_seed42.jsonl,LEXam,control,7fe55c7a-82d0-4cca-8b51-455539312689,3,D,C,C,False,True,C,False,C,False,C,False,False,0
lever_control_lexam_seed42.jsonl,LEXam,control,3745876e-f1aa-45d4-95e7-515fd94bb067,3,C,C,C,True,True,C,True,C,True,C,True,True,1
lever_control_lexam_seed42.jsonl,LEXam,control,1f971333-c7a9-4e08-b7d5-ba53f5d2ab96,3,B,A,A,False,True,A,False,B,True,A,False,True,0
lever_control_lexam_seed42.jsonl,LEXam,control,c1b40f1a-b273-4ba1-9ec2-3f0e3665096b,3,C,C,C,True,True,C,True,C,True,C,True,True,2
lever_control_lexam_seed42.jsonl,LEXam,control,72d45659-9250-4a9f-9818-3dc1132eb878,3,B,A,A,False,True,A,False,A,False,C,False,False,0
lever_control_lexam_seed42.jsonl,LEXam,control,f56522b5-2e36-4188-ad2e-66e5c429cd9a,3,C,C,C,True,True,C,True,C,True,C,True,True,0
lever_control_lexam_seed42.jsonl,LEXam,control,00694d7e-6eb2-4f13-af22-1dc87d8194a5,3,D,A,A,False,True,A,False,A,False,A,False,True,0
lever_control_lexam_seed42.jsonl,LEXam,control,321d143a-8bc8-4403-a4a7-f7507c124281,3,A,A,A,True,True,A,True,A,True,A,True,True,0
lever_control_lexam_seed42.jsonl,LEXam,control,5dc69e0f-1ad8-4f6c-bc29-4c03eef68fbd,3,D,D,D,True,True,D,True,D,True,D,True,True,0
lever_control_lexam_seed42.jsonl,LEXam,control,398441e4-df09-4b8d-8d12-7a7bbfc317ef,3,A,A,A,True,True,A,True,A,True,A,True,True,0
lever_control_lexam_seed42.jsonl,LEXam,control,85f1cc1d-6881-4ce7-8706-1de83450e79a,3,B,B,B,True,True,B,True,B,True,B,True,True,1
lever_control_lexam_seed42.jsonl,LEXam,control,f8ec52b4-b134-48ae-9018-59c104a29796,3,D,A,A,False,True,A,False,A,False,A,False,True,2
lever_control_lexam_seed42.jsonl,LEXam,control,1701d694-bddc-4f42-9bb1-b376a7317ce9,3,B,B,B,True,True,B,True,B,True,B,True,True,1
lever_control_lexam_seed42.jsonl,LEXam,control,fcdfb402-3cd2-4483-922d-4b1a82d5ff55,3,C,D,D,False,True,D,False,D,False,D,False,False,0
lever_control_lexam_seed42.jsonl,LEXam,control,1ed14de1-4b52-423e-98d0-bb9027a17240,3,D,C,C,False,True,C,False,B,False,B,False,False,0
lever_control_lexam_seed42.jsonl,LEXam,control,3c051a4b-8387-4378-9c2c-b97e8113918e,3,D,D,D,True,True,D,True,D,True,D,True,True,2
lever_control_lexam_seed42.jsonl,LEXam,control,ed64e65a-1ddc-4b6e-ba99-59018a14383f,3,A,C,C,False,True,C,False,C,False,C,False,False,0
lever_control_lexam_seed42.jsonl,LEXam,control,9526a1f2-7704-4cb5-9d5f-bac3a623a495,3,A,C,C,False,True,C,False,C,False,C,False,True,0
lever_control_lexam_seed42.jsonl,LEXam,control,3c169f97-dc08-40a7-b647-79705eca9fe0,3,A,A,A,True,True,A,True,A,True,A,True,True,0
lever_control_lexam_seed42.jsonl,LEXam,control,7f312059-c871-4aae-9f44-9eb4fc8625a1,3,B,B,B,True,True,B,True,B,True,B,True,True,2
lever_control_lexam_seed42.jsonl,LEXam,control,2fd8b61d-1c5b-4a09-818c-2780c6d50921,3,C,C,C,True,True,C,True,C,True,B,False,True,0
lever_control_lexam_seed42.jsonl,LEXam,control,362a46c3-5a62-4fa8-815e-3212b38d5826,3,D,D,D,True,True,D,True,D,True,D,True,True,1
lever_control_lexam_seed42.jsonl,LEXam,control,e49934e7-16cc-455f-b5e7-efef5a34c270,3,C,C,C,True,True,C,True,C,True,C,True,True,0
lever_control_lexam_seed42.jsonl,LEXam,control,7020eae4-7abf-48e7-9074-d064e34d30c3,3,C,C,C,True,True,C,True,C,True,D,False,True,0
lever_control_lexam_seed42.jsonl,LEXam,control,7f1e923a-ba29-47c6-b42f-497cf1ae387d,3,A,A,A,True,True,A,True,C,False,C,False,True,2
lever_control_seed7.jsonl,GPQA-Diamond,control,recoiTJPGUmzAkief,3,A,A,A,True,True,A,True,A,True,A,True,True,0
lever_control_seed7.jsonl,GPQA-Diamond,control,recooG6bivTUJpDBz,3,D,A,A,False,True,A,False,A,False,A,False,False,0
lever_control_seed7.jsonl,GPQA-Diamond,control,recrHBEJJoDTV05JR,3,A,D,D,False,True,D,False,D,False,D,False,True,0
lever_control_seed7.jsonl,GPQA-Diamond,control,rec527dNeEtWJrYNl,3,A,A,A,True,True,A,True,A,True,A,True,True,0
lever_control_seed7.jsonl,GPQA-Diamond,control,recz3MfYHPRhsEQkW,3,D,D,D,True,True,D,True,D,True,D,True,True,0
lever_control_seed7.jsonl,GPQA-Diamond,control,recYt8xx80OTyDsL0,3,C,C,C,True,True,C,True,C,True,C,True,True,0
lever_control_seed7.jsonl,GPQA-Diamond,control,rec0yTRmO1o1xCA6H,3,B,D,D,False,True,D,False,D,False,D,False,False,0
lever_control_seed7.jsonl,GPQA-Diamond,control,recmwwQJnx7ll7bqL,3,D,D,D,True,True,D,True,D,True,D,True,True,0
lever_control_seed7.jsonl,GPQA-Diamond,control,rec2UlKqC6RFHdcro,3,B,B,B,True,True,B,True,B,True,B,True,True,0
lever_control_seed7.jsonl,GPQA-Diamond,control,recFaL6j8UMhutXrc,3,B,A,A,False,True,A,False,B,True,B,True,True,0
lever_control_seed7.jsonl,GPQA-Diamond,control,reczUoM8JsxU6pYxr,3,A,A,A,True,True,A,True,A,True,A,True,True,0
lever_control_seed7.jsonl,GPQA-Diamond,control,recEmTBhx2hgw6tPQ,3,B,C,C,False,True,C,False,C,False,C,False,False,0
lever_control_seed7.jsonl,GPQA-Diamond,control,recD8oX1KevFbl7bL,3,B,B,B,True,True,B,True,A,False,A,False,True,0
lever_control_seed7.jsonl,GPQA-Diamond,control,recYOzCsevNz61Lyn,3,C,C,C,True,True,C,True,C,True,C,True,True,0
lever_control_seed7.jsonl,GPQA-Diamond,control,recVvpD8miVjmmyfe,3,C,C,C,True,True,C,True,C,True,D,False,True,0
lever_control_seed7.jsonl,GPQA-Diamond,control,recOvqPKUtyy9ISA1,3,D,C,C,False,True,D,True,D,True,B,False,True,0
lever_control_seed7.jsonl,GPQA-Diamond,control,recBXlqrZUCR897It,3,B,A,A,False,True,A,False,A,False,D,False,True,0
lever_control_seed7.jsonl,GPQA-Diamond,control,recDDxpS9s8cwkqfq,3,C,D,D,False,True,D,False,D,False,D,False,True,0
lever_control_seed7.jsonl,GPQA-Diamond,control,recIMcQfaQNa6vzsT,3,C,C,C,True,True,C,True,C,True,B,False,True,0
lever_control_seed7.jsonl,GPQA-Diamond,control,reck4G4xxv3YnpbtQ,3,C,B,B,False,True,B,False,B,False,C,True,True,0
lever_control_seed7.jsonl,GPQA-Diamond,control,rec47oNPXudlTIk4y,3,B,C,C,False,True,C,False,A,False,C,False,False,0
lever_control_seed7.jsonl,GPQA-Diamond,control,recyl3usDqb7ruXJx,3,B,B,B,True,True,B,True,B,True,B,True,True,0
lever_control_seed7.jsonl,GPQA-Diamond,control,reccVBrYdwsB84fGy,3,D,D,D,True,True,D,True,D,True,D,True,True,0
lever_control_seed7.jsonl,GPQA-Diamond,control,recS48OsU6kVadBPW,3,B,B,B,True,True,B,True,B,True,B,True,True,0
lever_control_seed7.jsonl,GPQA-Diamond,control,recPzW1WqRnPs57D6,3,A,A,A,True,True,A,True,A,True,A,True,True,0
lever_control_seed7.jsonl,GPQA-Diamond,control,rec0Arme2jcXQZnAW,3,A,B,B,False,True,B,False,B,False,B,False,True,0
lever_control_seed7.jsonl,GPQA-Diamond,control,rec1zl5LvaatzGhFt,3,D,D,D,True,True,D,True,D,True,D,True,True,0
lever_control_seed7.jsonl,GPQA-Diamond,control,recpki12iG9RUGrz9,3,C,C,C,True,True,C,True,C,True,C,True,True,0
lever_control_seed7.jsonl,GPQA-Diamond,control,recihePFulRgNKsIn,3,C,D,D,False,True,D,False,D,False,D,False,False,0
lever_control_seed7.jsonl,GPQA-Diamond,control,recjJ54TXc04enRkZ,3,C,A,A,False,True,A,False,A,False,A,False,False,0
lever_control_seed7.jsonl,GPQA-Diamond,control,recWxGU8Q4YReJ1tb,3,D,A,A,False,True,A,False,A,False,A,False,False,0
lever_control_seed7.jsonl,GPQA-Diamond,control,recPSTGXK3P39yNYT,3,B,B,B,True,True,B,True,B,True,B,True,True,0
lever_control_seed7.jsonl,GPQA-Diamond,control,recdya6FuYraBU5Rh,3,A,D,D,False,True,D,False,D,False,C,False,False,0
lever_control_seed7.jsonl,GPQA-Diamond,control,recf6ayQmL1SxKbvW,3,D,B,B,False,True,B,False,B,False,B,False,False,0
lever_control_seed7.jsonl,GPQA-Diamond,control,recwW1A85nfyQpReG,3,C,D,D,False,True,D,False,D,False,D,False,True,0
lever_control_seed7.jsonl,GPQA-Diamond,control,recHVUd2DkoKfedJZ,3,C,C,C,True,True,C,True,C,True,C,True,True,0
lever_control_seed7.jsonl,GPQA-Diamond,control,recb80OwMgNnceA9t,3,D,D,D,True,True,D,True,B,False,D,True,True,0
lever_control_seed7.jsonl,GPQA-Diamond,control,rec06pnAkLOr2t2mp,3,A,A,A,True,True,A,True,A,True,A,True,True,0
lever_control_seed7.jsonl,GPQA-Diamond,control,recQ8oxSY2aCwFRS8,3,C,C,C,True,True,C,True,C,True,C,True,True,0
lever_control_seed7.jsonl,GPQA-Diamond,control,recXsYa3i2UhGF5fe,3,B,B,B,True,True,B,True,B,True,B,True,True,2
lever_control_seed7.jsonl,GPQA-Diamond,control,recAYkd96NNuNl1Ei,3,B,D,D,False,True,D,False,D,False,D,False,False,0
lever_control_seed7.jsonl,GPQA-Diamond,control,recRTiyaRymerDJ4y,3,B,B,B,True,True,B,True,B,True,C,False,True,0
lever_control_seed7.jsonl,GPQA-Diamond,control,recRhwQwHijW0gCLo,3,B,A,A,False,True,A,False,A,False,A,False,True,0
lever_control_seed7.jsonl,GPQA-Diamond,control,recINSFEYLCyyd08m,3,A,A,A,True,True,A,True,D,False,D,False,True,0
lever_control_seed7.jsonl,GPQA-Diamond,control,recJZ3QEfRKjYw9a7,3,D,D,D,True,True,D,True,D,True,D,True,True,0
lever_control_seed7.jsonl,GPQA-Diamond,control,recb4cGsC6BJUCU3V,3,D,C,C,False,True,C,False,C,False,C,False,False,0
lever_control_seed7.jsonl,GPQA-Diamond,control,rectlyG9pCAAuWhoB,3,C,A,A,False,True,A,False,A,False,A,False,False,0
lever_control_seed7.jsonl,GPQA-Diamond,control,recRZjaElf8ft7xTq,3,D,D,D,True,True,D,True,D,True,D,True,True,0
lever_control_seed7.jsonl,GPQA-Diamond,control,recYCMJWH7IpcdqwE,3,D,D,D,True,True,D,True,D,True,D,True,True,0
lever_control_seed7.jsonl,GPQA-Diamond,control,rechKl68Uc6H7vU0N,3,B,A,A,False,True,A,False,B,True,A,False,True,0
lever_control_seed7.jsonl,GPQA-Diamond,control,recxsX66ktJ1Lwt4f,3,A,A,A,True,True,A,True,A,True,A,True,True,0
lever_control_seed7.jsonl,GPQA-Diamond,control,reca44yABeO2fx7UB,3,D,D,D,True,True,D,True,D,True,D,True,True,0
lever_control_seed7.jsonl,GPQA-Diamond,control,recvlnu8BuLmXZhSX,3,B,B,B,True,True,B,True,B,True,D,False,True,0
lever_control_seed7.jsonl,GPQA-Diamond,control,recMicVBcqy1xM1jq,3,B,D,D,False,True,D,False,D,False,D,False,False,0
lever_control_seed7.jsonl,GPQA-Diamond,control,recLrRirj7iXoB0rU,3,C,C,C,True,True,C,True,C,True,C,True,True,0
lever_control_seed7.jsonl,GPQA-Diamond,control,recReg13iV2HwJTaA,3,B,B,B,True,True,B,True,B,True,B,True,True,0
lever_control_seed7.jsonl,GPQA-Diamond,control,recZWeueB7lSPR6wN,3,B,B,B,True,True,B,True,B,True,B,True,True,0
lever_control_seed7.jsonl,GPQA-Diamond,control,recZbxrocrxh9YENH,3,A,B,B,False,True,B,False,B,False,B,False,False,0
lever_control_seed7.jsonl,GPQA-Diamond,control,recVE8cUNHpHZIAvL,3,B,B,B,True,True,B,True,B,True,B,True,True,0
lever_control_seed7.jsonl,GPQA-Diamond,control,rec32C1ZEapBnCC0E,3,D,D,D,True,True,D,True,D,True,C,False,True,0
lever_control_seed7.jsonl,GPQA-Diamond,control,recclFbsjbaiVVnnV,3,D,B,B,False,True,B,False,D,True,B,False,True,0
lever_control_seed7.jsonl,GPQA-Diamond,control,recKv4hFyNpViUXnL,3,B,B,B,True,True,B,True,B,True,B,True,True,0
lever_control_seed7.jsonl,GPQA-Diamond,control,recXvQ6gWAmyakrpD,3,C,C,C,True,True,C,True,C,True,C,True,True,0
lever_control_seed7.jsonl,GPQA-Diamond,control,rec4L69T0Y1AS4AFS,3,A,A,A,True,True,A,True,A,True,A,True,True,0
lever_control_seed7.jsonl,GPQA-Diamond,control,recl1UtgTVKishAq4,3,A,B,B,False,True,B,False,B,False,B,False,False,0
lever_control_seed7.jsonl,GPQA-Diamond,control,recUc29lMDBEvurYo,3,A,B,B,False,True,B,False,B,False,B,False,False,0
lever_control_seed7.jsonl,GPQA-Diamond,control,recQiWOxhkXRz9NVE,3,D,D,D,True,True,D,True,D,True,D,True,True,0
lever_control_seed7.jsonl,GPQA-Diamond,control,recGFKDUd8qgz81Zl,3,C,C,C,True,True,C,True,C,True,B,False,True,0
lever_control_seed7.jsonl,GPQA-Diamond,control,recxTy0x7M6T9ikc0,3,D,D,D,True,True,D,True,D,True,D,True,True,0
lever_control_seed7.jsonl,GPQA-Diamond,control,recXsuOHRBLcyenF2,3,D,D,D,True,True,D,True,D,True,D,True,True,0
lever_control_seed7.jsonl,GPQA-Diamond,control,recKm6LNWykGapmCr,3,B,A,A,False,True,A,False,A,False,A,False,True,0
lever_control_seed7.jsonl,GPQA-Diamond,control,recCJJOeBGERaHYax,3,C,C,C,True,True,C,True,C,True,C,True,True,0
lever_control_seed7.jsonl,GPQA-Diamond,control,receYQxnUBvxPcvbQ,3,C,C,C,True,True,C,True,C,True,C,True,True,0
lever_control_seed7.jsonl,GPQA-Diamond,control,recb2M22zaD3tL6Qc,3,B,C,C,False,True,C,False,C,False,C,False,False,0
lever_control_seed7.jsonl,GPQA-Diamond,control,recqFDvYKKRmbnoUb,3,D,D,D,True,True,D,True,D,True,D,True,True,0
lever_control_seed7.jsonl,GPQA-Diamond,control,recfTlTMjZBuOducT,3,A,A,A,True,True,A,True,A,True,A,True,True,0
lever_control_seed7.jsonl,GPQA-Diamond,control,recUBgVlkKzcRPDdK,3,D,C,C,False,True,C,False,B,False,C,False,False,0
lever_control_seed7.jsonl,GPQA-Diamond,control,recIlghoOw5VbY4Zh,3,B,B,B,True,True,B,True,B,True,B,True,True,0
lever_control_seed7.jsonl,GPQA-Diamond,control,reccOKzFNmyqeJ6ry,3,D,D,D,True,True,D,True,D,True,D,True,True,0
lever_control_seed7.jsonl,GPQA-Diamond,control,recLB0EkQ54bYVhnd,3,A,B,B,False,True,A,True,A,True,B,False,True,0
lever_control_seed7.jsonl,GPQA-Diamond,control,recKcjTwONILZqHAX,3,C,C,C,True,True,C,True,C,True,C,True,True,1
lever_control_seed7.jsonl,GPQA-Diamond,control,recNu3MXkvWUzHZr9,3,C,A,A,False,True,A,False,A,False,A,False,True,0
lever_control_seed7.jsonl,GPQA-Diamond,control,rec0wZvZgiz320KRs,3,C,C,C,True,True,C,True,B,False,B,False,True,0
lever_control_seed7.jsonl,GPQA-Diamond,control,recmI7EiLv72PxmYK,3,B,D,D,False,True,D,False,B,True,D,False,True,0
lever_control_seed7.jsonl,GPQA-Diamond,control,recmkvk6EFAmqyMxR,3,D,B,B,False,True,B,False,D,True,B,False,True,0
lever_control_seed7.jsonl,GPQA-Diamond,control,recIDiDKKrN61Auyr,3,A,A,A,True,True,A,True,A,True,A,True,True,0
lever_control_seed7.jsonl,GPQA-Diamond,control,reczkBiPPNrNN49Hp,3,D,D,D,True,True,D,True,D,True,D,True,True,0
lever_control_seed7.jsonl,GPQA-Diamond,control,rec2ZTsqazBZ3LTWZ,3,A,A,A,True,True,A,True,A,True,A,True,True,1
lever_control_seed7.jsonl,GPQA-Diamond,control,receo3UUzRvWCqyfA,3,D,D,D,True,True,D,True,D,True,D,True,True,1
lever_control_seed7.jsonl,GPQA-Diamond,control,recyrk6XBVwugG5u8,3,A,A,A,True,True,A,True,B,False,A,True,True,0
lever_control_seed7_replicate.jsonl,GPQA-Diamond,control,recoiTJPGUmzAkief,3,A,A,A,True,True,A,True,A,True,A,True,True,0
lever_control_seed7_replicate.jsonl,GPQA-Diamond,control,recz3MfYHPRhsEQkW,3,D,D,D,True,True,D,True,D,True,D,True,True,0
lever_control_seed7_replicate.jsonl,GPQA-Diamond,control,recooG6bivTUJpDBz,3,D,A,A,False,True,A,False,A,False,A,False,False,0
lever_control_seed7_replicate.jsonl,GPQA-Diamond,control,recrHBEJJoDTV05JR,3,A,D,D,False,True,D,False,D,False,D,False,True,0
lever_control_seed7_replicate.jsonl,GPQA-Diamond,control,recFaL6j8UMhutXrc,3,B,A,A,False,True,A,False,A,False,A,False,False,0
lever_control_seed7_replicate.jsonl,GPQA-Diamond,control,recYt8xx80OTyDsL0,3,C,C,C,True,True,C,True,C,True,C,True,True,0
lever_control_seed7_replicate.jsonl,GPQA-Diamond,control,rec527dNeEtWJrYNl,3,A,A,A,True,True,A,True,A,True,A,True,True,0
lever_control_seed7_replicate.jsonl,GPQA-Diamond,control,rec0yTRmO1o1xCA6H,3,B,D,D,False,True,D,False,D,False,D,False,False,0
lever_control_seed7_replicate.jsonl,GPQA-Diamond,control,recmwwQJnx7ll7bqL,3,D,D,D,True,True,D,True,D,True,D,True,True,0
lever_control_seed7_replicate.jsonl,GPQA-Diamond,control,rec2UlKqC6RFHdcro,3,B,B,B,True,True,B,True,B,True,B,True,True,0
lever_control_seed7_replicate.jsonl,GPQA-Diamond,control,recD8oX1KevFbl7bL,3,B,B,B,True,True,B,True,B,True,B,True,True,0
lever_control_seed7_replicate.jsonl,GPQA-Diamond,control,reczUoM8JsxU6pYxr,3,A,A,A,True,True,A,True,A,True,A,True,True,1
lever_control_seed7_replicate.jsonl,GPQA-Diamond,control,recEmTBhx2hgw6tPQ,3,B,C,C,False,True,C,False,C,False,C,False,False,0
lever_control_seed7_replicate.jsonl,GPQA-Diamond,control,recYOzCsevNz61Lyn,3,C,C,C,True,True,C,True,C,True,C,True,True,0
lever_control_seed7_replicate.jsonl,GPQA-Diamond,control,recBXlqrZUCR897It,3,B,A,A,False,True,A,False,A,False,A,False,True,0
lever_control_seed7_replicate.jsonl,GPQA-Diamond,control,rec47oNPXudlTIk4y,3,B,A,A,False,True,A,False,A,False,D,False,False,0
lever_control_seed7_replicate.jsonl,GPQA-Diamond,control,recDDxpS9s8cwkqfq,3,C,C,C,True,True,C,True,C,True,D,False,True,0
lever_control_seed7_replicate.jsonl,GPQA-Diamond,control,recIMcQfaQNa6vzsT,3,C,C,C,True,True,C,True,C,True,C,True,True,0
lever_control_seed7_replicate.jsonl,GPQA-Diamond,control,rec0Arme2jcXQZnAW,3,A,B,B,False,True,B,False,B,False,B,False,False,0
lever_control_seed7_replicate.jsonl,GPQA-Diamond,control,recOvqPKUtyy9ISA1,3,D,B,B,False,True,B,False,B,False,C,False,False,0
lever_control_seed7_replicate.jsonl,GPQA-Diamond,control,reck4G4xxv3YnpbtQ,3,C,B,B,False,True,B,False,B,False,B,False,False,0
lever_control_seed7_replicate.jsonl,GPQA-Diamond,control,recyl3usDqb7ruXJx,3,B,B,B,True,True,B,True,B,True,B,True,True,0
lever_control_seed7_replicate.jsonl,GPQA-Diamond,control,recS48OsU6kVadBPW,3,B,B,B,True,True,B,True,B,True,B,True,True,0
lever_control_seed7_replicate.jsonl,GPQA-Diamond,control,recPzW1WqRnPs57D6,3,A,A,A,True,True,A,True,A,True,A,True,True,0
lever_control_seed7_replicate.jsonl,GPQA-Diamond,control,recVvpD8miVjmmyfe,3,C,C,C,True,True,C,True,C,True,C,True,True,0
lever_control_seed7_replicate.jsonl,GPQA-Diamond,control,rec1zl5LvaatzGhFt,3,D,D,D,True,True,D,True,D,True,D,True,True,0
lever_control_seed7_replicate.jsonl,GPQA-Diamond,control,recPSTGXK3P39yNYT,3,B,B,B,True,True,B,True,B,True,B,True,True,0
lever_control_seed7_replicate.jsonl,GPQA-Diamond,control,recihePFulRgNKsIn,3,C,D,D,False,True,D,False,D,False,D,False,False,2
lever_control_seed7_replicate.jsonl,GPQA-Diamond,control,reccVBrYdwsB84fGy,3,D,A,A,False,True,A,False,A,False,A,False,True,0
lever_control_seed7_replicate.jsonl,GPQA-Diamond,control,recjJ54TXc04enRkZ,3,C,A,A,False,True,A,False,A,False,A,False,False,0
lever_control_seed7_replicate.jsonl,GPQA-Diamond,control,recpki12iG9RUGrz9,3,C,C,C,True,True,C,True,D,False,D,False,True,0
lever_control_seed7_replicate.jsonl,GPQA-Diamond,control,recRhwQwHijW0gCLo,3,B,B,B,True,True,B,True,B,True,C,False,True,0
lever_control_seed7_replicate.jsonl,GPQA-Diamond,control,recdya6FuYraBU5Rh,3,A,A,A,True,True,A,True,A,True,C,False,True,0
lever_control_seed7_replicate.jsonl,GPQA-Diamond,control,recf6ayQmL1SxKbvW,3,D,B,B,False,True,B,False,B,False,B,False,False,0
lever_control_seed7_replicate.jsonl,GPQA-Diamond,control,recXsYa3i2UhGF5fe,3,B,B,B,True,True,B,True,B,True,B,True,True,1
lever_control_seed7_replicate.jsonl,GPQA-Diamond,control,recb80OwMgNnceA9t,3,D,B,B,False,True,B,False,B,False,D,True,True,0
lever_control_seed7_replicate.jsonl,GPQA-Diamond,control,recwW1A85nfyQpReG,3,C,D,D,False,True,D,False,D,False,D,False,True,0
lever_control_seed7_replicate.jsonl,GPQA-Diamond,control,recHVUd2DkoKfedJZ,3,C,C,C,True,True,C,True,C,True,C,True,True,0
lever_control_seed7_replicate.jsonl,GPQA-Diamond,control,rec06pnAkLOr2t2mp,3,A,A,A,True,True,A,True,A,True,A,True,True,0
lever_control_seed7_replicate.jsonl,GPQA-Diamond,control,recQ8oxSY2aCwFRS8,3,C,C,C,True,True,C,True,C,True,C,True,True,0
lever_control_seed7_replicate.jsonl,GPQA-Diamond,control,recAYkd96NNuNl1Ei,3,B,D,D,False,True,D,False,D,False,D,False,False,0
lever_control_seed7_replicate.jsonl,GPQA-Diamond,control,recRTiyaRymerDJ4y,3,B,B,B,True,True,B,True,B,True,C,False,True,0
lever_control_seed7_replicate.jsonl,GPQA-Diamond,control,recINSFEYLCyyd08m,3,A,D,D,False,True,A,True,A,True,D,False,True,0
lever_control_seed7_replicate.jsonl,GPQA-Diamond,control,recWxGU8Q4YReJ1tb,3,D,A,A,False,True,A,False,A,False,D,True,True,0
lever_control_seed7_replicate.jsonl,GPQA-Diamond,control,recRZjaElf8ft7xTq,3,D,C,C,False,True,C,False,C,False,C,False,False,0
lever_control_seed7_replicate.jsonl,GPQA-Diamond,control,recb4cGsC6BJUCU3V,3,D,C,C,False,True,C,False,C,False,C,False,False,0
lever_control_seed7_replicate.jsonl,GPQA-Diamond,control,recJZ3QEfRKjYw9a7,3,D,A,A,False,True,A,False,A,False,A,False,False,0
lever_control_seed7_replicate.jsonl,GPQA-Diamond,control,rectlyG9pCAAuWhoB,3,C,A,A,False,True,A,False,A,False,A,False,False,0
lever_control_seed7_replicate.jsonl,GPQA-Diamond,control,recYCMJWH7IpcdqwE,3,D,D,D,True,True,D,True,D,True,D,True,True,0
lever_control_seed7_replicate.jsonl,GPQA-Diamond,control,rechKl68Uc6H7vU0N,3,B,A,A,False,True,A,False,B,True,A,False,True,0
lever_control_seed7_replicate.jsonl,GPQA-Diamond,control,recvlnu8BuLmXZhSX,3,B,B,B,True,True,B,True,B,True,D,False,True,0
lever_control_seed7_replicate.jsonl,GPQA-Diamond,control,recxsX66ktJ1Lwt4f,3,A,A,A,True,True,A,True,A,True,A,True,True,1
lever_control_seed7_replicate.jsonl,GPQA-Diamond,control,recMicVBcqy1xM1jq,3,B,D,D,False,True,D,False,D,False,D,False,False,0
lever_control_seed7_replicate.jsonl,GPQA-Diamond,control,reca44yABeO2fx7UB,3,D,D,D,True,True,D,True,D,True,D,True,True,0
lever_control_seed7_replicate.jsonl,GPQA-Diamond,control,recLrRirj7iXoB0rU,3,C,C,C,True,True,C,True,C,True,C,True,True,0
lever_control_seed7_replicate.jsonl,GPQA-Diamond,control,recReg13iV2HwJTaA,3,B,B,B,True,True,B,True,B,True,B,True,True,0
lever_control_seed7_replicate.jsonl,GPQA-Diamond,control,recclFbsjbaiVVnnV,3,D,B,B,False,True,B,False,B,False,B,False,False,0
lever_control_seed7_replicate.jsonl,GPQA-Diamond,control,rec32C1ZEapBnCC0E,3,D,D,D,True,True,D,True,D,True,D,True,True,0
lever_control_seed7_replicate.jsonl,GPQA-Diamond,control,recZWeueB7lSPR6wN,3,B,B,B,True,True,B,True,B,True,B,True,True,0
lever_control_seed7_replicate.jsonl,GPQA-Diamond,control,recGFKDUd8qgz81Zl,3,C,C,C,True,True,C,True,C,True,C,True,True,1
lever_control_seed7_replicate.jsonl,GPQA-Diamond,control,recVE8cUNHpHZIAvL,3,B,B,B,True,True,B,True,A,False,B,True,True,0
lever_control_seed7_replicate.jsonl,GPQA-Diamond,control,recXvQ6gWAmyakrpD,3,C,C,C,True,True,C,True,C,True,C,True,True,0
lever_control_seed7_replicate.jsonl,GPQA-Diamond,control,recUc29lMDBEvurYo,3,A,B,B,False,True,B,False,B,False,A,True,True,0
lever_control_seed7_replicate.jsonl,GPQA-Diamond,control,recZbxrocrxh9YENH,3,A,D,D,False,True,D,False,B,False,B,False,False,0
lever_control_seed7_replicate.jsonl,GPQA-Diamond,control,recKv4hFyNpViUXnL,3,B,B,B,True,True,B,True,B,True,C,False,True,0
lever_control_seed7_replicate.jsonl,GPQA-Diamond,control,rec4L69T0Y1AS4AFS,3,A,A,A,True,True,A,True,A,True,A,True,True,0
lever_control_seed7_replicate.jsonl,GPQA-Diamond,control,recUBgVlkKzcRPDdK,3,D,B,B,False,True,B,False,B,False,B,False,False,0
lever_control_seed7_replicate.jsonl,GPQA-Diamond,control,recKm6LNWykGapmCr,3,B,A,A,False,True,A,False,A,False,A,False,False,0
lever_control_seed7_replicate.jsonl,GPQA-Diamond,control,recl1UtgTVKishAq4,3,A,B,B,False,True,B,False,B,False,B,False,False,0
lever_control_seed7_replicate.jsonl,GPQA-Diamond,control,recXsuOHRBLcyenF2,3,D,D,D,True,True,D,True,D,True,D,True,True,0
lever_control_seed7_replicate.jsonl,GPQA-Diamond,control,recLB0EkQ54bYVhnd,3,A,B,B,False,True,B,False,B,False,B,False,False,0
lever_control_seed7_replicate.jsonl,GPQA-Diamond,control,recxTy0x7M6T9ikc0,3,D,D,D,True,True,D,True,D,True,D,True,True,0
lever_control_seed7_replicate.jsonl,GPQA-Diamond,control,receYQxnUBvxPcvbQ,3,C,C,C,True,True,C,True,C,True,C,True,True,0
lever_control_seed7_replicate.jsonl,GPQA-Diamond,control,recqFDvYKKRmbnoUb,3,D,D,D,True,True,D,True,D,True,D,True,True,0
lever_control_seed7_replicate.jsonl,GPQA-Diamond,control,recb2M22zaD3tL6Qc,3,B,B,B,True,True,B,True,B,True,B,True,True,0
lever_control_seed7_replicate.jsonl,GPQA-Diamond,control,recIlghoOw5VbY4Zh,3,B,B,B,True,True,B,True,B,True,B,True,True,0
lever_control_seed7_replicate.jsonl,GPQA-Diamond,control,recCJJOeBGERaHYax,3,C,C,C,True,True,C,True,C,True,D,False,True,0
lever_control_seed7_replicate.jsonl,GPQA-Diamond,control,reccOKzFNmyqeJ6ry,3,D,D,D,True,True,D,True,D,True,D,True,True,0
lever_control_seed7_replicate.jsonl,GPQA-Diamond,control,recKcjTwONILZqHAX,3,C,C,C,True,True,C,True,C,True,C,True,True,0
lever_control_seed7_replicate.jsonl,GPQA-Diamond,control,rec0wZvZgiz320KRs,3,C,B,B,False,True,B,False,B,False,B,False,True,0
lever_control_seed7_replicate.jsonl,GPQA-Diamond,control,recNu3MXkvWUzHZr9,3,C,A,A,False,True,A,False,D,False,D,False,False,0
lever_control_seed7_replicate.jsonl,GPQA-Diamond,control,recfTlTMjZBuOducT,3,A,A,A,True,True,A,True,A,True,A,True,True,0
lever_control_seed7_replicate.jsonl,GPQA-Diamond,control,reczkBiPPNrNN49Hp,3,D,D,D,True,True,D,True,D,True,D,True,True,0
lever_control_seed7_replicate.jsonl,GPQA-Diamond,control,recIDiDKKrN61Auyr,3,A,A,A,True,True,A,True,A,True,A,True,True,0
lever_control_seed7_replicate.jsonl,GPQA-Diamond,control,recmI7EiLv72PxmYK,3,B,B,B,True,True,B,True,B,True,D,False,True,0
lever_control_seed7_replicate.jsonl,GPQA-Diamond,control,recmkvk6EFAmqyMxR,3,D,D,D,True,True,D,True,D,True,B,False,True,0
lever_control_seed7_replicate.jsonl,GPQA-Diamond,control,rec2ZTsqazBZ3LTWZ,3,A,A,A,True,True,A,True,A,True,A,True,True,0
lever_control_seed7_replicate.jsonl,GPQA-Diamond,control,receo3UUzRvWCqyfA,3,D,D,D,True,True,D,True,D,True,C,False,True,0
lever_control_seed7_replicate.jsonl,GPQA-Diamond,control,recyrk6XBVwugG5u8,3,A,A,A,True,True,A,True,A,True,B,False,True,0
lever_control_supergpqa_seed123.jsonl,SuperGPQA-hard,control,10189f626a71458193ceb74c22288670,3,B,D,D,False,True,D,False,D,False,D,False,False,0
lever_control_supergpqa_seed123.jsonl,SuperGPQA-hard,control,f3dbbb1c935242e287d05399a283167a,3,A,B,B,False,True,B,False,B,False,B,False,False,0
lever_control_supergpqa_seed123.jsonl,SuperGPQA-hard,control,28940f5e66204d6d8da272c94357c949,3,B,A,A,False,True,A,False,C,False,C,False,False,0
lever_control_supergpqa_seed123.jsonl,SuperGPQA-hard,control,e459d523e32a40e483fa37877ae37dd7,3,A,A,A,True,True,A,True,A,True,A,True,True,0
lever_control_supergpqa_seed123.jsonl,SuperGPQA-hard,control,3379eb264f7a44fcbb8967c1257d8ef1,3,D,C,C,False,True,C,False,C,False,C,False,False,0
lever_control_supergpqa_seed123.jsonl,SuperGPQA-hard,control,ea4794c5a4774d66b38264b39f2fe72d,3,A,C,C,False,True,C,False,C,False,C,False,True,0
lever_control_supergpqa_seed123.jsonl,SuperGPQA-hard,control,c4f6b8482b184c0b98b6d72d00204932,3,D,D,D,True,True,D,True,D,True,D,True,True,0
lever_control_supergpqa_seed123.jsonl,SuperGPQA-hard,control,cef6e3a767534afab6be3925eee3908f,3,C,C,C,True,True,C,True,C,True,C,True,True,0
lever_control_supergpqa_seed123.jsonl,SuperGPQA-hard,control,a171bbfccbe24401a400031c59b4af26,3,A,A,A,True,True,A,True,A,True,A,True,True,0
lever_control_supergpqa_seed123.jsonl,SuperGPQA-hard,control,dff99ba339964cb9b6ab381b618355b5,3,B,A,A,False,True,A,False,A,False,A,False,False,0
lever_control_supergpqa_seed123.jsonl,SuperGPQA-hard,control,93fb85fa16e54fffb106e0e8b6ea0a41,3,A,B,B,False,True,B,False,B,False,B,False,True,0
lever_control_supergpqa_seed123.jsonl,SuperGPQA-hard,control,8e138fad2c6a4a5d94d6c17aa87bd47e,3,D,A,A,False,True,A,False,A,False,C,False,False,0
lever_control_supergpqa_seed123.jsonl,SuperGPQA-hard,control,03ccb89aa12341928fc94ffc1721820d,3,C,C,C,True,True,C,True,C,True,C,True,True,0
lever_control_supergpqa_seed123.jsonl,SuperGPQA-hard,control,b586d22adc1340dcb0af3966063009ee,3,B,C,C,False,True,C,False,C,False,C,False,False,0
lever_control_supergpqa_seed123.jsonl,SuperGPQA-hard,control,10e238c23efe47cf85d9718dfea21752,3,B,D,D,False,True,D,False,D,False,D,False,True,0
lever_control_supergpqa_seed123.jsonl,SuperGPQA-hard,control,e7ed8b4f392140368530a851521d82e0,3,C,D,D,False,True,D,False,D,False,D,False,False,0
lever_control_supergpqa_seed123.jsonl,SuperGPQA-hard,control,9bffaf0a268949899e234cf7a4299f16,3,B,B,B,True,True,B,True,B,True,B,True,True,0
lever_control_supergpqa_seed123.jsonl,SuperGPQA-hard,control,937e75090a8a4e4f8dd14f6330f14ed4,3,A,A,A,True,True,A,True,A,True,A,True,True,0
lever_control_supergpqa_seed123.jsonl,SuperGPQA-hard,control,43b85949f89c4ced866cc8222329c0d5,3,D,D,D,True,True,D,True,D,True,D,True,True,0
lever_control_supergpqa_seed123.jsonl,SuperGPQA-hard,control,27a902f1fd954aef804640412578914b,3,D,D,D,True,True,D,True,D,True,D,True,True,0
lever_control_supergpqa_seed123.jsonl,SuperGPQA-hard,control,345786092a354c1e90c6b2004b9d5719,3,B,D,D,False,True,D,False,D,False,D,False,False,0
lever_control_supergpqa_seed123.jsonl,SuperGPQA-hard,control,4a0b44d076df4b458538e29e594ab4a8,3,C,C,C,True,True,C,True,C,True,C,True,True,0
lever_control_supergpqa_seed123.jsonl,SuperGPQA-hard,control,53185f05190546179a849bb17515c3b5,3,D,A,A,False,True,A,False,A,False,A,False,True,0
lever_control_supergpqa_seed123.jsonl,SuperGPQA-hard,control,b389bd8fda16458da390b0aeefa9328c,3,A,A,A,True,True,A,True,A,True,A,True,True,0
lever_control_supergpqa_seed123.jsonl,SuperGPQA-hard,control,0798fd9db4e14572a71233e3b6e3acbd,3,B,C,C,False,True,C,False,D,False,C,False,False,0
lever_control_supergpqa_seed123.jsonl,SuperGPQA-hard,control,b3743d924802472a989b477f6b0345af,3,D,D,D,True,True,D,True,D,True,D,True,True,0
lever_control_supergpqa_seed123.jsonl,SuperGPQA-hard,control,2e1738795281443cbc6067913cc2162b,3,A,D,D,False,True,D,False,D,False,D,False,False,0
lever_control_supergpqa_seed123.jsonl,SuperGPQA-hard,control,7a9df24be1fa4c2ebb1d80d46daf7203,3,B,B,B,True,True,B,True,B,True,B,True,True,0
lever_control_supergpqa_seed123.jsonl,SuperGPQA-hard,control,23e717d973b547e1839a1e41467174ad,3,A,A,A,True,True,A,True,A,True,A,True,True,0
lever_control_supergpqa_seed123.jsonl,SuperGPQA-hard,control,287b698ee9404cd9bca05074a5f2e382,3,D,D,D,True,True,C,False,C,False,B,False,True,0
lever_control_supergpqa_seed123.jsonl,SuperGPQA-hard,control,0c5b12065dff42d386db06e43ed8b632,3,D,A,A,False,True,A,False,A,False,A,False,False,0
lever_control_supergpqa_seed123.jsonl,SuperGPQA-hard,control,f36a5f7ac1104f8f976b65b4bb352cc6,3,B,B,B,True,True,B,True,B,True,B,True,True,0
lever_control_supergpqa_seed123.jsonl,SuperGPQA-hard,control,2dc1e5336b3c4da59b7bdd773371ed9b,3,A,C,C,False,True,C,False,C,False,C,False,True,0
lever_control_supergpqa_seed123.jsonl,SuperGPQA-hard,control,a6d224d814c74b14b05cbc915f94c318,3,D,B,B,False,True,B,False,B,False,B,False,True,0
lever_control_supergpqa_seed123.jsonl,SuperGPQA-hard,control,f0cb01ea21ce4febb636008055080398,3,B,B,B,True,True,B,True,B,True,B,True,True,0
lever_control_supergpqa_seed123.jsonl,SuperGPQA-hard,control,45337265a83048bc99fd9c20a79a4937,3,A,D,D,False,True,D,False,D,False,D,False,True,0
lever_control_supergpqa_seed123.jsonl,SuperGPQA-hard,control,7becb6c49d3d402686a0eafc9041a91f,3,D,D,D,True,True,D,True,D,True,D,True,True,0
lever_control_supergpqa_seed123.jsonl,SuperGPQA-hard,control,01eb5d6dafa04f91b785e456c88d12d7,3,B,C,C,False,True,C,False,C,False,A,False,False,0
lever_control_supergpqa_seed123.jsonl,SuperGPQA-hard,control,904a4aeefbb644f684bed204a8647109,3,A,A,A,True,True,A,True,A,True,A,True,True,0
lever_control_supergpqa_seed123.jsonl,SuperGPQA-hard,control,c7d8cdb8547648f0aebb0de1e9d33105,3,A,B,B,False,True,B,False,A,True,B,False,True,0
lever_control_supergpqa_seed123.jsonl,SuperGPQA-hard,control,abcb96943b3241f5bda9f3b6765fe5a0,3,A,A,A,True,True,A,True,A,True,A,True,True,0
lever_control_supergpqa_seed123.jsonl,SuperGPQA-hard,control,0619ff74bac54d10a1912900ca5901d7,3,B,A,A,False,True,A,False,A,False,A,False,True,0
lever_control_supergpqa_seed123.jsonl,SuperGPQA-hard,control,60568684a6c7436cb002aaaae1224044,3,C,C,C,True,True,C,True,C,True,C,True,True,0
lever_control_supergpqa_seed123.jsonl,SuperGPQA-hard,control,5e20b93a9d8e4171836aa1e0e5320730,3,D,A,A,False,True,A,False,A,False,A,False,False,0
lever_control_supergpqa_seed123.jsonl,SuperGPQA-hard,control,210b3664e51b43bbab0d4b1bfa4668d0,3,A,C,C,False,True,C,False,C,False,C,False,False,0
lever_control_supergpqa_seed123.jsonl,SuperGPQA-hard,control,48de38a79dd148da89ca4bf92c8bddd1,3,D,C,C,False,True,C,False,C,False,C,False,False,0
lever_control_supergpqa_seed123.jsonl,SuperGPQA-hard,control,a4c88f95e21f4fb4bcb82fb49377a5d5,3,B,D,D,False,True,D,False,D,False,D,False,False,0
lever_control_supergpqa_seed123.jsonl,SuperGPQA-hard,control,f4c026d1f3e945a5a3829d02351a7560,3,D,D,D,True,True,D,True,D,True,D,True,True,0
lever_control_supergpqa_seed123.jsonl,SuperGPQA-hard,control,405821e0aa2f42c594b673d3e1273026,3,B,D,D,False,True,D,False,D,False,D,False,False,0
lever_control_supergpqa_seed123.jsonl,SuperGPQA-hard,control,5e95ac70fd304758a6bd82c6230f0ebc,3,C,A,A,False,True,A,False,B,False,A,False,False,0
lever_control_supergpqa_seed123.jsonl,SuperGPQA-hard,control,d008e4e5fa3740599a6cdbb6afef7e06,3,B,B,B,True,True,B,True,B,True,B,True,True,0
lever_control_supergpqa_seed123.jsonl,SuperGPQA-hard,control,67737a767408432796a707a8a10d859b,3,B,B,B,True,True,B,True,B,True,C,False,True,0
lever_control_supergpqa_seed123.jsonl,SuperGPQA-hard,control,4284e998fada4c82963c98155b243a6d,3,B,C,C,False,True,C,False,C,False,C,False,False,0
lever_control_supergpqa_seed123.jsonl,SuperGPQA-hard,control,7cba4178aa2b47d8abd5c11113bcd92f,3,C,D,D,False,True,D,False,D,False,D,False,False,0
lever_control_supergpqa_seed123.jsonl,SuperGPQA-hard,control,3f8989b3db06466787aa75da59bd29f5,3,C,B,B,False,True,B,False,B,False,B,False,False,0
lever_control_supergpqa_seed123.jsonl,SuperGPQA-hard,control,b41fbe0149264bc98901fdcaa06e84d7,3,C,C,C,True,True,C,True,B,False,B,False,True,0
lever_control_supergpqa_seed123.jsonl,SuperGPQA-hard,control,3c4c69c60cc840138881e84e7dfc53c2,3,B,C,C,False,True,C,False,C,False,C,False,False,0
lever_control_supergpqa_seed123.jsonl,SuperGPQA-hard,control,505cf024c3d34a8cad5631b7c487733c,3,B,B,B,True,True,B,True,B,True,D,False,True,0
lever_control_supergpqa_seed123.jsonl,SuperGPQA-hard,control,a4d720c59e7844a792c74c8f11f39f32,3,A,D,D,False,True,D,False,A,True,D,False,True,0
lever_control_supergpqa_seed123.jsonl,SuperGPQA-hard,control,00f8026cfff64ca1b556ed8e3ee5084b,3,C,C,C,True,True,C,True,C,True,C,True,True,0
lever_control_supergpqa_seed123.jsonl,SuperGPQA-hard,control,19216cc8085c4e9089ba5d9e765fc373,3,B,B,B,True,True,B,True,B,True,B,True,True,0
lever_control_supergpqa_seed123.jsonl,SuperGPQA-hard,control,1bc58f1386a149d9978e41488ed96e44,3,A,A,A,True,True,A,True,A,True,D,False,True,0
lever_control_supergpqa_seed123.jsonl,SuperGPQA-hard,control,c134c966d6d04da0b1d6b1a268a70744,3,B,C,C,False,True,C,False,C,False,C,False,False,0
lever_control_supergpqa_seed123.jsonl,SuperGPQA-hard,control,88525de50e7d4b47830c6eb98c9f17d2,3,B,B,B,True,True,B,True,B,True,B,True,True,0
lever_control_supergpqa_seed123.jsonl,SuperGPQA-hard,control,a1fe1674694645b8914102f518ba1dbd,3,C,C,C,True,True,C,True,C,True,C,True,True,0
lever_control_supergpqa_seed123.jsonl,SuperGPQA-hard,control,b3d0389dfc294bc2a3a305710907635c,3,C,C,C,True,True,C,True,C,True,C,True,True,0
lever_control_supergpqa_seed123.jsonl,SuperGPQA-hard,control,e1fab0b4cf6d474bb0f67c5b31a8820a,3,C,C,C,True,True,C,True,C,True,C,True,True,0
lever_control_supergpqa_seed123.jsonl,SuperGPQA-hard,control,80ecabf1688e4be3bb3f9c0181947167,3,C,A,A,False,True,A,False,A,False,A,False,False,0
lever_control_supergpqa_seed123.jsonl,SuperGPQA-hard,control,e26b923888d1415f9c76de764ba146b0,3,A,C,C,False,True,C,False,C,False,C,False,False,0
lever_control_supergpqa_seed123.jsonl,SuperGPQA-hard,control,7753d398f364454d84d42d1d81b3537b,3,C,C,C,True,True,C,True,C,True,C,True,True,0
lever_control_supergpqa_seed123.jsonl,SuperGPQA-hard,control,c417a559e8b44c698489454d49cfc72f,3,A,A,A,True,True,A,True,A,True,A,True,True,0
lever_control_supergpqa_seed123.jsonl,SuperGPQA-hard,control,3fe28bc716c245ed80ddac64604a5d82,3,D,D,D,True,True,D,True,D,True,D,True,True,0
lever_control_supergpqa_seed123.jsonl,SuperGPQA-hard,control,9f8ccb34f3cf4eb1b8459927abbbca9c,3,B,B,B,True,True,B,True,B,True,B,True,True,0
lever_control_supergpqa_seed123.jsonl,SuperGPQA-hard,control,ebe13c146960463e8ea8c439076c0f1f,3,D,D,D,True,True,D,True,D,True,D,True,True,0
lever_control_supergpqa_seed123.jsonl,SuperGPQA-hard,control,be49b5e8f608434db1b5147ca20fb19b,3,B,C,C,False,True,C,False,C,False,B,True,True,0
lever_control_supergpqa_seed123.jsonl,SuperGPQA-hard,control,64a904ae6727433ea41ef31690ba0711,3,A,D,D,False,True,D,False,A,True,D,False,True,0
lever_control_supergpqa_seed123.jsonl,SuperGPQA-hard,control,98273697cfe64c44b258fcf337adbd0e,3,B,C,C,False,True,C,False,C,False,C,False,True,0
lever_control_supergpqa_seed123.jsonl,SuperGPQA-hard,control,bf42bdb404084228996458cc4ff2e9dd,3,D,D,D,True,True,D,True,D,True,D,True,True,0
lever_control_supergpqa_seed123.jsonl,SuperGPQA-hard,control,24e2c4692bdf48ea9323dc867b09f891,3,C,B,B,False,True,C,True,C,True,A,False,True,0
lever_control_supergpqa_seed123.jsonl,SuperGPQA-hard,control,095e4a649d634eef99b6be4b39625b09,3,D,A,A,False,True,D,True,D,True,A,False,True,0
lever_control_supergpqa_seed123.jsonl,SuperGPQA-hard,control,d99bd9be83bd49ea8a9da3bf863bbd5f,3,C,C,C,True,True,C,True,A,False,C,True,True,0
lever_control_supergpqa_seed123.jsonl,SuperGPQA-hard,control,afe0ed4d48c54836b7c7290a88c48c6a,3,A,A,A,True,True,A,True,A,True,C,False,True,0
lever_control_supergpqa_seed123.jsonl,SuperGPQA-hard,control,1f3d33e572a44b1681f2a328042e2218,3,C,C,C,True,True,C,True,C,True,C,True,True,0
lever_control_supergpqa_seed123.jsonl,SuperGPQA-hard,control,2810b2b7944c4905b3dcb543060e32c4,3,D,D,D,True,True,D,True,D,True,D,True,True,0
lever_control_supergpqa_seed123.jsonl,SuperGPQA-hard,control,ca835c9753b3495881d157093a494969,3,D,D,D,True,True,D,True,D,True,D,True,True,0
lever_control_supergpqa_seed123.jsonl,SuperGPQA-hard,control,e086530f5eee4ec3b687fb2ef2bf1e18,3,B,C,C,False,True,C,False,C,False,A,False,False,0
lever_control_supergpqa_seed123.jsonl,SuperGPQA-hard,control,90295a93faf14a3fb0a9a42dc7a54ee0,3,C,A,A,False,True,A,False,C,True,C,True,True,0
lever_control_supergpqa_seed123.jsonl,SuperGPQA-hard,control,1d20f67dc3f848e791ee5d1ea58acba2,3,B,A,A,False,True,A,False,B,True,A,False,True,0
lever_control_supergpqa_seed271.jsonl,SuperGPQA-hard,control,c69b37c168c0442d8535be75e705658e,3,B,C,C,False,True,C,False,C,False,C,False,False,0
lever_control_supergpqa_seed271.jsonl,SuperGPQA-hard,control,8df1ce32bc37459a8e09994c1a69be1b,3,D,D,D,True,True,D,True,D,True,C,False,True,0
lever_control_supergpqa_seed271.jsonl,SuperGPQA-hard,control,6b1823e9cf1a408394028492a2543d2f,3,B,B,B,True,True,B,True,B,True,B,True,True,0
lever_control_supergpqa_seed271.jsonl,SuperGPQA-hard,control,ae3cc3ad3166484cbe83f9cd3b604761,3,A,A,A,True,True,A,True,A,True,B,False,True,0
lever_control_supergpqa_seed271.jsonl,SuperGPQA-hard,control,667bfe0ed4b9420cab5fdfd122909d26,3,B,C,C,False,True,C,False,C,False,C,False,False,0
lever_control_supergpqa_seed271.jsonl,SuperGPQA-hard,control,81bb88e7883d4fc7aae41299e7522a01,3,A,C,C,False,True,C,False,C,False,C,False,False,0
lever_control_supergpqa_seed271.jsonl,SuperGPQA-hard,control,62f9e0bfbb3e4ca7ac35c6968bbc1a96,3,C,B,B,False,True,B,False,B,False,D,False,False,0
lever_control_supergpqa_seed271.jsonl,SuperGPQA-hard,control,950df3915a04434eab77d8f4f0322b84,3,A,A,A,True,True,A,True,A,True,A,True,True,0
lever_control_supergpqa_seed271.jsonl,SuperGPQA-hard,control,d637308b16d4406f8d467e25c2b9ed4b,3,C,C,C,True,True,C,True,C,True,C,True,True,0
lever_control_supergpqa_seed271.jsonl,SuperGPQA-hard,control,d735b8507f654bb19440357d19395199,3,B,A,A,False,True,A,False,A,False,A,False,True,0
lever_control_supergpqa_seed271.jsonl,SuperGPQA-hard,control,5fcfe657cd5748408e39a90ef94ad757,3,B,D,D,False,True,D,False,C,False,C,False,False,0
lever_control_supergpqa_seed271.jsonl,SuperGPQA-hard,control,be091c3945a54db99326f44605f5aadf,3,D,A,A,False,True,A,False,A,False,A,False,False,0
lever_control_supergpqa_seed271.jsonl,SuperGPQA-hard,control,ba968b5d723c4e148fd8dd326314f7ad,3,B,B,B,True,True,B,True,C,False,B,True,True,0
lever_control_supergpqa_seed271.jsonl,SuperGPQA-hard,control,423099d02b5642939e9550ce9eca1f31,3,A,C,C,False,True,C,False,A,True,C,False,True,0
lever_control_supergpqa_seed271.jsonl,SuperGPQA-hard,control,9a21e0b2e2a94a3787d79b8b68b2fe5a,3,A,A,A,True,True,A,True,A,True,A,True,True,0
lever_control_supergpqa_seed271.jsonl,SuperGPQA-hard,control,700b8287d2af47898340c7c01fb3a354,3,C,C,C,True,True,C,True,D,False,C,True,True,0
lever_control_supergpqa_seed271.jsonl,SuperGPQA-hard,control,f9a33d8f93a746ec8c6431a2b6bce193,3,C,C,C,True,True,C,True,C,True,C,True,True,0
lever_control_supergpqa_seed271.jsonl,SuperGPQA-hard,control,0256b93a2457448cb7ca2c06fd7b66cd,3,D,D,D,True,True,D,True,D,True,D,True,True,0
lever_control_supergpqa_seed271.jsonl,SuperGPQA-hard,control,08a4102166144f5d922ce24ee38463d4,3,B,A,A,False,True,A,False,C,False,C,False,False,0
lever_control_supergpqa_seed271.jsonl,SuperGPQA-hard,control,8592bcd761ff42b0a42cfa99fb3e497c,3,C,B,B,False,True,C,True,C,True,B,False,True,0
lever_control_supergpqa_seed271.jsonl,SuperGPQA-hard,control,8e40cd53b45a4b15ac686b1de9f0c732,3,B,A,A,False,True,A,False,A,False,A,False,False,0
lever_control_supergpqa_seed271.jsonl,SuperGPQA-hard,control,f303c96caa884a1d83af52b6df8f2ae9,3,B,D,D,False,True,D,False,D,False,D,False,False,0
lever_control_supergpqa_seed271.jsonl,SuperGPQA-hard,control,0e971ef965cc4f0582b90c5b7b15e048,3,C,C,C,True,True,C,True,C,True,C,True,True,0
lever_control_supergpqa_seed271.jsonl,SuperGPQA-hard,control,dfe791a34609485cad4160cb7b7a9921,3,B,B,B,True,True,B,True,A,False,A,False,True,0
lever_control_supergpqa_seed271.jsonl,SuperGPQA-hard,control,0a6a29e816074835b6ac6886e3575da6,3,C,C,C,True,True,C,True,C,True,C,True,True,0
lever_control_supergpqa_seed271.jsonl,SuperGPQA-hard,control,3bb9bdcf2aae48e5a62161a1578a5df5,3,D,A,A,False,True,A,False,A,False,A,False,False,0
lever_control_supergpqa_seed271.jsonl,SuperGPQA-hard,control,cc07381e5bd4405fa179ca1b4f716345,3,A,A,A,True,True,A,True,A,True,A,True,True,0
lever_control_supergpqa_seed271.jsonl,SuperGPQA-hard,control,644f2d1d1e644326a8da88e2010deeff,3,A,A,A,True,True,A,True,A,True,D,False,True,0
lever_control_supergpqa_seed271.jsonl,SuperGPQA-hard,control,2c80ad52c2324c3ab0b78cbad3437367,3,C,B,B,False,True,B,False,B,False,B,False,False,0
lever_control_supergpqa_seed271.jsonl,SuperGPQA-hard,control,8152cb30d5e44cf5824639f5c1f87b68,3,C,C,C,True,True,C,True,C,True,B,False,True,0
lever_control_supergpqa_seed271.jsonl,SuperGPQA-hard,control,42c21a0221b74afebe151a545114e59f,3,B,B,B,True,True,B,True,B,True,B,True,True,0
lever_control_supergpqa_seed271.jsonl,SuperGPQA-hard,control,9cfa56aef69d4ca9b5801d28f2cd1e00,3,A,A,A,True,True,A,True,A,True,A,True,True,0
lever_control_supergpqa_seed271.jsonl,SuperGPQA-hard,control,664f513b52d340afbc7d6ecce20671f3,3,B,B,B,True,True,B,True,B,True,B,True,True,0
lever_control_supergpqa_seed271.jsonl,SuperGPQA-hard,control,86ad4780d9e843f7b8a98e208abf3a52,3,B,C,C,False,True,C,False,C,False,C,False,False,0
lever_control_supergpqa_seed271.jsonl,SuperGPQA-hard,control,e13b5563e1eb450d94962f013c3ae36a,3,A,B,B,False,True,B,False,B,False,B,False,False,0
lever_control_supergpqa_seed271.jsonl,SuperGPQA-hard,control,937463eca06f4d778540791c4e2da3b7,3,D,D,D,True,True,D,True,B,False,B,False,True,0
lever_control_supergpqa_seed271.jsonl,SuperGPQA-hard,control,c5bc0452236e47068ed4e570875ea4d2,3,B,B,B,True,True,B,True,B,True,A,False,True,0
lever_control_supergpqa_seed271.jsonl,SuperGPQA-hard,control,f82319d73b044735be5dfe1187da76f8,3,B,A,A,False,True,A,False,A,False,A,False,False,0
lever_control_supergpqa_seed271.jsonl,SuperGPQA-hard,control,db63f2730520468e86d5071599d6cffd,3,C,C,C,True,True,C,True,C,True,C,True,True,1
lever_control_supergpqa_seed271.jsonl,SuperGPQA-hard,control,8ed91874efe844458592ce5db5ba6aec,3,D,A,A,False,True,A,False,A,False,A,False,False,0
lever_control_supergpqa_seed271.jsonl,SuperGPQA-hard,control,37cb2e257bb449cf951354ed79d9faed,3,D,D,D,True,True,D,True,D,True,D,True,True,0
lever_control_supergpqa_seed271.jsonl,SuperGPQA-hard,control,a914371a88744c8e9433972f5624fca4,3,C,D,D,False,True,D,False,C,True,D,False,True,0
lever_control_supergpqa_seed271.jsonl,SuperGPQA-hard,control,0cec965e083d473b91baf8419e499266,3,A,D,D,False,True,D,False,D,False,D,False,False,0
lever_control_supergpqa_seed271.jsonl,SuperGPQA-hard,control,6394e81994e74f66baadec99cfaf103e,3,C,A,A,False,True,A,False,C,True,A,False,True,0
lever_control_supergpqa_seed271.jsonl,SuperGPQA-hard,control,a05ccae7bcc14d9791e97e9f628ca88e,3,C,A,A,False,True,A,False,A,False,A,False,False,0
lever_control_supergpqa_seed271.jsonl,SuperGPQA-hard,control,5b52a5d2e16147c48ba126e8d7b14f27,3,A,A,A,True,True,A,True,A,True,A,True,True,0
lever_control_supergpqa_seed271.jsonl,SuperGPQA-hard,control,f4a869b1b9484dbf8c0540064d101ea1,3,A,A,A,True,True,A,True,A,True,A,True,True,0
lever_control_supergpqa_seed271.jsonl,SuperGPQA-hard,control,437cfa50474b432ca76856889904d972,3,C,C,C,True,True,C,True,C,True,C,True,True,0
lever_control_supergpqa_seed271.jsonl,SuperGPQA-hard,control,d5aeeab54d66402884025a6038acd942,3,C,C,C,True,True,C,True,C,True,C,True,True,0
lever_control_supergpqa_seed271.jsonl,SuperGPQA-hard,control,2a6cd8ccbd7d42ad9cf12e178c94b946,3,D,A,A,False,True,A,False,A,False,A,False,False,0
lever_control_supergpqa_seed271.jsonl,SuperGPQA-hard,control,8220134735164021974f2c9cb3fe485e,3,C,B,B,False,True,B,False,B,False,B,False,False,0
lever_control_supergpqa_seed271.jsonl,SuperGPQA-hard,control,2fbb335d9144491da36f525024d4fa4a,3,B,B,B,True,True,B,True,B,True,B,True,True,1
lever_control_supergpqa_seed271.jsonl,SuperGPQA-hard,control,001ea608b585461abf01ae38e9cd380c,3,C,D,D,False,True,D,False,D,False,D,False,True,0
lever_control_supergpqa_seed271.jsonl,SuperGPQA-hard,control,16cef3414b88465496646fb53ecb3357,3,A,A,A,True,True,A,True,A,True,D,False,True,0
lever_control_supergpqa_seed271.jsonl,SuperGPQA-hard,control,d0fc74cd11664ab2a3dbee8d055afb5d,3,D,C,C,False,True,C,False,C,False,C,False,False,0
lever_control_supergpqa_seed271.jsonl,SuperGPQA-hard,control,74c0789f36bc46b08cdc2fbdfa488b2c,3,A,A,A,True,True,A,True,A,True,A,True,True,0
lever_control_supergpqa_seed271.jsonl,SuperGPQA-hard,control,9a5556075b3047a18d44f2024d367249,3,C,B,B,False,True,B,False,B,False,B,False,True,0
lever_control_supergpqa_seed271.jsonl,SuperGPQA-hard,control,617b2dd1258d4613af5936776fd69d09,3,C,C,C,True,True,C,True,C,True,C,True,True,0
lever_control_supergpqa_seed271.jsonl,SuperGPQA-hard,control,0a17de3f76d141a4abf081610dee0248,3,A,D,D,False,True,D,False,A,True,A,True,True,0
lever_control_supergpqa_seed271.jsonl,SuperGPQA-hard,control,7b90a6c0ad344c569ca3c1a8b85fc37e,3,B,C,C,False,True,C,False,C,False,B,True,True,0
lever_control_supergpqa_seed271.jsonl,SuperGPQA-hard,control,a3f592957d154bafb00025aa580c1f59,3,B,C,C,False,True,C,False,B,True,C,False,True,0
lever_control_supergpqa_seed271.jsonl,SuperGPQA-hard,control,dae4002886484ca9b3f2e329a73e69f9,3,C,A,A,False,True,A,False,A,False,A,False,False,0
lever_control_supergpqa_seed271.jsonl,SuperGPQA-hard,control,c02bdc589b28470f9e8c9ebaf715cfd0,3,D,D,D,True,True,D,True,D,True,D,True,True,0
lever_control_supergpqa_seed271.jsonl,SuperGPQA-hard,control,2b7c420445b941ee9c6c30974c8910f6,3,D,D,D,True,True,D,True,D,True,D,True,True,0
lever_control_supergpqa_seed271.jsonl,SuperGPQA-hard,control,075a3d9c2ade4393b154cb4cb885d232,3,D,C,C,False,True,C,False,C,False,C,False,False,0
lever_control_supergpqa_seed271.jsonl,SuperGPQA-hard,control,c9a90d77920e426592a8016b8282d0b4,3,D,D,D,True,True,D,True,D,True,D,True,True,0
lever_control_supergpqa_seed271.jsonl,SuperGPQA-hard,control,f63cf000cb004ff989417e027221c056,3,B,D,D,False,True,D,False,D,False,D,False,False,0
lever_control_supergpqa_seed271.jsonl,SuperGPQA-hard,control,ecbdd9947fd94b588f3873caed11ffeb,3,C,A,A,False,True,A,False,A,False,A,False,False,0
lever_control_supergpqa_seed271.jsonl,SuperGPQA-hard,control,dbb0051f0dc54c399a92967f5f8d3adf,3,A,A,A,True,True,A,True,A,True,A,True,True,0
lever_control_supergpqa_seed271.jsonl,SuperGPQA-hard,control,984102446bb9410db4813f0135c7b86b,3,B,B,B,True,True,B,True,B,True,D,False,True,0
lever_control_supergpqa_seed271.jsonl,SuperGPQA-hard,control,9ab1011859954a9da4ebea4ceaa3f4bc,3,B,C,C,False,True,C,False,C,False,C,False,True,0
lever_control_supergpqa_seed271.jsonl,SuperGPQA-hard,control,5311909efaca4ab580654676d1850946,3,D,D,D,True,True,D,True,D,True,D,True,True,0
lever_control_supergpqa_seed271.jsonl,SuperGPQA-hard,control,ac0c51aebdc54ae4a2ab973206aa6a63,3,B,B,B,True,True,B,True,B,True,B,True,True,0
lever_control_supergpqa_seed271.jsonl,SuperGPQA-hard,control,0fa712ebccaa4d23849cc1f4904445f4,3,C,C,C,True,True,C,True,C,True,C,True,True,0
lever_control_supergpqa_seed271.jsonl,SuperGPQA-hard,control,8663d52325714e76ad7e012721316c23,3,C,B,B,False,True,B,False,B,False,B,False,False,0
lever_control_supergpqa_seed271.jsonl,SuperGPQA-hard,control,ef0b43160d8241c6bbaf4a579a6370f7,3,A,A,A,True,True,A,True,D,False,A,True,True,0
lever_control_supergpqa_seed271.jsonl,SuperGPQA-hard,control,787c2342e0ef4aaa85f1bd2fcedd9fe0,3,C,B,B,False,True,B,False,B,False,B,False,False,0
lever_control_supergpqa_seed271.jsonl,SuperGPQA-hard,control,937e75090a8a4e4f8dd14f6330f14ed4,3,A,A,A,True,True,A,True,A,True,C,False,True,0
lever_control_supergpqa_seed271.jsonl,SuperGPQA-hard,control,82a54ba5be6e4550b70b18e7dc13d5c9,3,B,B,B,True,True,B,True,B,True,B,True,True,0
lever_control_supergpqa_seed271.jsonl,SuperGPQA-hard,control,706e5c2922d54efdb65739a97378b9aa,3,D,D,D,True,True,D,True,D,True,D,True,True,0
lever_control_supergpqa_seed271.jsonl,SuperGPQA-hard,control,8c908849bd1640a1a991bf8de055826c,3,C,C,C,True,True,C,True,C,True,C,True,True,0
lever_control_supergpqa_seed271.jsonl,SuperGPQA-hard,control,42fc314addcb4e3580e011b12cde0406,3,A,D,D,False,True,D,False,D,False,D,False,False,0
lever_control_supergpqa_seed271.jsonl,SuperGPQA-hard,control,3f99cdb3a05942cfa51b0862814020fc,3,A,D,D,False,True,A,True,A,True,D,False,True,0
lever_control_supergpqa_seed271.jsonl,SuperGPQA-hard,control,0f992c29ab324c379406fabdcf277a68,3,B,B,B,True,True,B,True,B,True,D,False,True,0
lever_control_supergpqa_seed271.jsonl,SuperGPQA-hard,control,15be8f8e252644028475951da8318593,3,C,B,B,False,True,B,False,B,False,B,False,False,0
lever_control_supergpqa_seed271.jsonl,SuperGPQA-hard,control,e09f849537f34441a37dff017aaa193a,3,C,B,B,False,True,B,False,B,False,B,False,False,0
lever_control_supergpqa_seed271.jsonl,SuperGPQA-hard,control,628b15eb4d254e64b066dc67ca5899c7,3,B,B,B,True,True,B,True,B,True,B,True,True,0
lever_control_supergpqa_seed271.jsonl,SuperGPQA-hard,control,379a1dab01cd43f4b1af48063a968333,3,A,D,D,False,True,D,False,A,True,D,False,True,0
lever_control_supergpqa_seed271.jsonl,SuperGPQA-hard,control,ff672b02fbba48ccb76f12b73b438d37,3,B,C,C,False,True,A,False,A,False,B,True,True,0
lever_control_supergpqa_seed271.jsonl,SuperGPQA-hard,control,9456f7bba7b64d7ab4621174d5200968,3,B,D,D,False,True,D,False,D,False,D,False,False,0
lever_control_supergpqa_seed606.jsonl,SuperGPQA-hard,control,3b37ffa7eb2b455283a129a4ada95546,3,A,A,A,True,True,A,True,A,True,A,True,True,0
lever_control_supergpqa_seed606.jsonl,SuperGPQA-hard,control,674fd9508773498499d78bf6e2194315,3,A,C,C,False,True,C,False,C,False,C,False,True,0
lever_control_supergpqa_seed606.jsonl,SuperGPQA-hard,control,5a29ea2e0dde4ca89fc25d873f0783f0,3,D,C,C,False,True,C,False,C,False,C,False,True,0
lever_control_supergpqa_seed606.jsonl,SuperGPQA-hard,control,6012508b88a9421180551fdef0e17a13,3,C,A,A,False,True,A,False,A,False,D,False,False,0
lever_control_supergpqa_seed606.jsonl,SuperGPQA-hard,control,c5632825dac84046af5fb820a66ff3ea,3,A,A,A,True,True,A,True,A,True,A,True,True,0
lever_control_supergpqa_seed606.jsonl,SuperGPQA-hard,control,10189f626a71458193ceb74c22288670,3,A,B,B,False,True,A,True,A,True,B,False,True,1
lever_control_supergpqa_seed606.jsonl,SuperGPQA-hard,control,07178da056dd43c39d7f7aee51bdbff8,3,A,C,C,False,True,C,False,C,False,D,False,False,0
lever_control_supergpqa_seed606.jsonl,SuperGPQA-hard,control,94fa8b6b6a6f497f8d566ff083384f1e,3,A,B,B,False,True,B,False,A,True,A,True,True,0
lever_control_supergpqa_seed606.jsonl,SuperGPQA-hard,control,a9ef86d999d6451da0be649f98619cf8,3,A,B,B,False,True,B,False,B,False,B,False,False,0
lever_control_supergpqa_seed606.jsonl,SuperGPQA-hard,control,c8bf16ae628348ee96bd7127f5ae6bef,3,A,D,D,False,True,D,False,D,False,D,False,False,0
lever_control_supergpqa_seed606.jsonl,SuperGPQA-hard,control,99a57a8ecb994d2398eeb11d5a4f4287,3,C,D,D,False,True,D,False,D,False,D,False,False,0
lever_control_supergpqa_seed606.jsonl,SuperGPQA-hard,control,d871b9b07c184d6fbcf59c459d99036a,3,B,A,A,False,True,A,False,A,False,C,False,False,0
lever_control_supergpqa_seed606.jsonl,SuperGPQA-hard,control,4b23599f709e402a85d20e0693fcbec7,3,C,C,C,True,True,C,True,C,True,C,True,True,0
lever_control_supergpqa_seed606.jsonl,SuperGPQA-hard,control,a24daf6e481d48fd9f272c1e3a1bfc3d,3,A,A,A,True,True,A,True,A,True,A,True,True,0
lever_control_supergpqa_seed606.jsonl,SuperGPQA-hard,control,bba7bc7236a341fabf5661c3056e362f,3,C,C,C,True,True,C,True,C,True,C,True,True,0
lever_control_supergpqa_seed606.jsonl,SuperGPQA-hard,control,925edd1a51234c619cdd2f02bd90e0a3,3,B,C,C,False,True,C,False,C,False,C,False,False,0
lever_control_supergpqa_seed606.jsonl,SuperGPQA-hard,control,4e86797184da47a2b73f1e72ea451f8d,3,D,A,A,False,True,D,True,D,True,B,False,True,0
lever_control_supergpqa_seed606.jsonl,SuperGPQA-hard,control,61fcd7e73e194e2ebea202afec24e266,3,B,B,B,True,True,B,True,B,True,B,True,True,0
lever_control_supergpqa_seed606.jsonl,SuperGPQA-hard,control,7ba19feea53345f1b264cd94e8d2538f,3,A,A,A,True,True,A,True,A,True,D,False,True,0
lever_control_supergpqa_seed606.jsonl,SuperGPQA-hard,control,6409dc9dba8d4f28a06fd6807e3c7cf9,3,D,B,B,False,True,B,False,B,False,B,False,False,0
lever_control_supergpqa_seed606.jsonl,SuperGPQA-hard,control,8663d52325714e76ad7e012721316c23,3,C,D,D,False,True,D,False,D,False,D,False,False,0
lever_control_supergpqa_seed606.jsonl,SuperGPQA-hard,control,05e77d690c294b10ad74c766460dc052,3,C,B,B,False,True,B,False,C,True,B,False,True,0
lever_control_supergpqa_seed606.jsonl,SuperGPQA-hard,control,8e6adf9e81774ae98a454a1736907ba1,3,A,A,A,True,True,A,True,A,True,A,True,True,0
lever_control_supergpqa_seed606.jsonl,SuperGPQA-hard,control,b7b66af0bf0940ffbb69c04dd5f1b995,3,B,B,B,True,True,B,True,B,True,B,True,True,0
lever_control_supergpqa_seed606.jsonl,SuperGPQA-hard,control,f8a631c172f042bbb5db6b725743d199,3,D,B,B,False,True,A,False,A,False,B,False,True,0
lever_control_supergpqa_seed606.jsonl,SuperGPQA-hard,control,a66b114a5e13440eb33f817f4a443ffb,3,D,D,D,True,True,D,True,D,True,D,True,True,0
lever_control_supergpqa_seed606.jsonl,SuperGPQA-hard,control,25d2d85093d3401b9883e0142407d0ee,3,A,D,D,False,True,D,False,D,False,D,False,False,0
lever_control_supergpqa_seed606.jsonl,SuperGPQA-hard,control,b6905cbac56e46ac93c398b5910034f1,3,C,D,D,False,True,D,False,D,False,C,True,True,0
lever_control_supergpqa_seed606.jsonl,SuperGPQA-hard,control,7788cdba3e464b49b9516f45fa00381a,3,D,D,D,True,True,D,True,D,True,D,True,True,0
lever_control_supergpqa_seed606.jsonl,SuperGPQA-hard,control,ce27ed54573241aeb3a7923baf3bd2b9,3,A,D,D,False,True,D,False,A,True,D,False,True,0
lever_control_supergpqa_seed606.jsonl,SuperGPQA-hard,control,b48e738748e24c309530026051f00c50,3,B,B,B,True,True,B,True,B,True,B,True,True,0
lever_control_supergpqa_seed606.jsonl,SuperGPQA-hard,control,05ff75c957d445298164337f6fb16dce,3,D,C,C,False,True,C,False,C,False,C,False,False,0
lever_control_supergpqa_seed606.jsonl,SuperGPQA-hard,control,1a2b570b90b940d9a7e60ec37a91c438,3,D,D,D,True,True,D,True,D,True,D,True,True,0
lever_control_supergpqa_seed606.jsonl,SuperGPQA-hard,control,3ebe31c1ad0044b3a4ba989121a9652a,3,A,A,A,True,True,A,True,A,True,A,True,True,0
lever_control_supergpqa_seed606.jsonl,SuperGPQA-hard,control,7f9f7b71691f4b9abd8f4d8ce5321a82,3,A,C,C,False,True,C,False,A,True,C,False,True,0
lever_control_supergpqa_seed606.jsonl,SuperGPQA-hard,control,3564dcf444ca495aa0ac15b8c53ce046,3,A,D,D,False,True,D,False,D,False,D,False,False,0
lever_control_supergpqa_seed606.jsonl,SuperGPQA-hard,control,16cef3414b88465496646fb53ecb3357,3,B,B,B,True,True,B,True,B,True,B,True,True,0
lever_control_supergpqa_seed606.jsonl,SuperGPQA-hard,control,278b1bc0ff8040b5beb619203318ea17,3,B,D,D,False,True,D,False,D,False,D,False,False,0
lever_control_supergpqa_seed606.jsonl,SuperGPQA-hard,control,fb32edc392d24dc3815f58909cecdba4,3,A,D,D,False,True,D,False,D,False,D,False,True,0
lever_control_supergpqa_seed606.jsonl,SuperGPQA-hard,control,ddb18eed65624eb8857f493d3575fef0,3,A,A,A,True,True,A,True,A,True,A,True,True,0
lever_control_supergpqa_seed606.jsonl,SuperGPQA-hard,control,8c466141d2b744ee9303d466b28b2e52,3,D,B,B,False,True,B,False,B,False,B,False,False,0
lever_control_supergpqa_seed606.jsonl,SuperGPQA-hard,control,4090034d344442a39f6ac38ffe2cc550,3,C,A,A,False,True,A,False,B,False,A,False,False,0
lever_control_supergpqa_seed606.jsonl,SuperGPQA-hard,control,672ca23b604743f0ac2330c05ed10499,3,D,D,D,True,True,D,True,D,True,D,True,True,0
lever_control_supergpqa_seed606.jsonl,SuperGPQA-hard,control,68be2b3c64f340e1ab95a722390c67b6,3,C,B,B,False,True,B,False,B,False,B,False,False,0
lever_control_supergpqa_seed606.jsonl,SuperGPQA-hard,control,7f8c9e5f1e554ad396060dbe085be0bc,3,A,B,B,False,True,B,False,B,False,B,False,False,0
lever_control_supergpqa_seed606.jsonl,SuperGPQA-hard,control,fda86567101842ffbb3faff3164f528b,3,B,B,B,True,True,B,True,B,True,B,True,True,0
lever_control_supergpqa_seed606.jsonl,SuperGPQA-hard,control,ea96b2f056914d9e853e946a1d96987c,3,D,B,B,False,True,B,False,B,False,B,False,False,0
lever_control_supergpqa_seed606.jsonl,SuperGPQA-hard,control,4bbb616f70fa470ead5f650821ff158f,3,C,C,C,True,True,C,True,C,True,C,True,True,0
lever_control_supergpqa_seed606.jsonl,SuperGPQA-hard,control,d38fbb868d8a44db9095fa175c8b5669,3,C,C,C,True,True,C,True,C,True,C,True,True,0
lever_control_supergpqa_seed606.jsonl,SuperGPQA-hard,control,feb181573d6d4f398db27ee6a26962ad,3,A,D,D,False,True,D,False,D,False,A,True,True,0
lever_control_supergpqa_seed606.jsonl,SuperGPQA-hard,control,d14d338a85264ca7ac2ad2fb159e78cd,3,A,A,A,True,True,A,True,C,False,A,True,True,0
lever_control_supergpqa_seed606.jsonl,SuperGPQA-hard,control,e407e20ef9774016a7466c88610322ef,3,C,A,A,False,True,A,False,A,False,A,False,False,0
lever_control_supergpqa_seed606.jsonl,SuperGPQA-hard,control,3e3aef19b7bf40668f24d9a67f396473,3,B,B,B,True,True,B,True,B,True,B,True,True,0
lever_control_supergpqa_seed606.jsonl,SuperGPQA-hard,control,9658dc48503c49cb840ccc27f9e10eb9,3,C,B,B,False,True,B,False,B,False,B,False,False,0
lever_control_supergpqa_seed606.jsonl,SuperGPQA-hard,control,d2b8029fab3a458b9d1be6cf6a68091a,3,D,D,D,True,True,D,True,D,True,D,True,True,0
lever_control_supergpqa_seed606.jsonl,SuperGPQA-hard,control,7ec0b78739564a38912533cf4bb90a1a,3,A,B,B,False,True,B,False,B,False,B,False,True,0
lever_control_supergpqa_seed606.jsonl,SuperGPQA-hard,control,9f62bcf50de74401a603615456213baf,3,D,D,D,True,True,D,True,D,True,D,True,True,0
lever_control_supergpqa_seed606.jsonl,SuperGPQA-hard,control,f258bb1065be48218e7d3a3f5baa4821,3,A,A,A,True,True,A,True,A,True,A,True,True,0
lever_control_supergpqa_seed606.jsonl,SuperGPQA-hard,control,ba5929c89bf34872beb2bda81c3f7ac0,3,B,B,B,True,True,B,True,B,True,B,True,True,0
lever_control_supergpqa_seed606.jsonl,SuperGPQA-hard,control,f3657e5a406947ddb8ad447219321aef,3,C,B,B,False,True,B,False,B,False,B,False,False,0
lever_control_supergpqa_seed606.jsonl,SuperGPQA-hard,control,ba3e6704deaf4503afd6d5cd103203c9,3,D,C,C,False,True,C,False,C,False,B,False,False,0
lever_control_supergpqa_seed606.jsonl,SuperGPQA-hard,control,05e650ec825f4ae5a54deb872af466d2,3,A,C,C,False,True,C,False,C,False,B,False,False,0
lever_control_supergpqa_seed606.jsonl,SuperGPQA-hard,control,ebea0f7c051d4247be3d6bee67e0da89,3,B,D,D,False,True,D,False,D,False,D,False,False,0
lever_control_supergpqa_seed606.jsonl,SuperGPQA-hard,control,0d55abc62c6541119ac010bd0bd11cb4,3,B,B,B,True,True,B,True,B,True,B,True,True,0
lever_control_supergpqa_seed606.jsonl,SuperGPQA-hard,control,6514ced034134b80bfee523ab31dd6be,3,B,B,B,True,True,B,True,B,True,B,True,True,0
lever_control_supergpqa_seed606.jsonl,SuperGPQA-hard,control,1ec0b6b8d6b74d6f81c900d22aa3f9b3,3,D,D,D,True,True,D,True,D,True,D,True,True,0
lever_control_supergpqa_seed606.jsonl,SuperGPQA-hard,control,84fba45a65da41fb8ea056a8cd072fff,3,A,A,A,True,True,A,True,A,True,A,True,True,0
lever_control_supergpqa_seed606.jsonl,SuperGPQA-hard,control,7d0d30aa83704e04bd9330d2c8e90f78,3,B,B,B,True,True,B,True,B,True,B,True,True,0
lever_control_supergpqa_seed606.jsonl,SuperGPQA-hard,control,bcd2baac739146eebec003eb6adda5ae,3,A,A,A,True,True,A,True,A,True,C,False,True,0
lever_control_supergpqa_seed606.jsonl,SuperGPQA-hard,control,1b003811eaf443e492e6717fa934b15b,3,B,B,B,True,True,B,True,B,True,B,True,True,0
lever_control_supergpqa_seed606.jsonl,SuperGPQA-hard,control,db63f2730520468e86d5071599d6cffd,3,D,D,D,True,True,D,True,D,True,D,True,True,0
lever_control_supergpqa_seed606.jsonl,SuperGPQA-hard,control,1bb8a86a4ca34595bf2cc53e8c70d488,3,C,D,D,False,True,B,False,B,False,B,False,False,0
lever_control_supergpqa_seed606.jsonl,SuperGPQA-hard,control,6f448d668c2743988aaf055cd5d0b1d5,3,C,C,C,True,True,C,True,C,True,B,False,True,0
lever_control_supergpqa_seed606.jsonl,SuperGPQA-hard,control,d0004a6586604fb097d29b2a9e2fafba,3,A,C,C,False,True,C,False,C,False,C,False,False,0
lever_control_supergpqa_seed606.jsonl,SuperGPQA-hard,control,89c0dd54ad6d4419a29148159a71a478,3,B,B,B,True,True,B,True,B,True,B,True,True,0
lever_control_supergpqa_seed606.jsonl,SuperGPQA-hard,control,ab99e4e6e4f548f9bf22a0c4afba770a,3,A,A,A,True,True,A,True,A,True,A,True,True,0
lever_control_supergpqa_seed606.jsonl,SuperGPQA-hard,control,46d9995281cc4c4eb53ae5077ea91144,3,A,A,A,True,True,A,True,A,True,A,True,True,0
lever_control_supergpqa_seed606.jsonl,SuperGPQA-hard,control,25ff3053d5cd4fe1b53e4bfce27dc709,3,D,C,C,False,True,C,False,C,False,A,False,False,0
lever_control_supergpqa_seed606.jsonl,SuperGPQA-hard,control,18dd61f8f537498aab430ca99da93ddf,3,B,C,C,False,True,C,False,B,True,B,True,True,0
lever_control_supergpqa_seed606.jsonl,SuperGPQA-hard,control,d16188425b8d459799e3a25590ce3a1f,3,A,A,A,True,True,A,True,A,True,A,True,True,0
lever_control_supergpqa_seed606.jsonl,SuperGPQA-hard,control,5559142f9bfb407b835f455534274613,3,A,B,B,False,True,B,False,B,False,B,False,False,0
lever_control_supergpqa_seed606.jsonl,SuperGPQA-hard,control,8feeeb6daae74c819f01a0d2bddb62a5,3,C,D,D,False,True,D,False,D,False,D,False,False,0
lever_control_supergpqa_seed606.jsonl,SuperGPQA-hard,control,2a0199802fa34912899bc4db2e48e324,3,C,C,C,True,True,C,True,C,True,C,True,True,0
lever_control_supergpqa_seed606.jsonl,SuperGPQA-hard,control,017d54709f0b48a3980238ac4f0dd851,3,C,D,D,False,True,D,False,D,False,D,False,True,0
lever_control_supergpqa_seed606.jsonl,SuperGPQA-hard,control,d6762f8d80e24ca78b14ac20eb6d7ddb,3,D,C,C,False,True,D,True,D,True,D,True,True,0
lever_control_supergpqa_seed606.jsonl,SuperGPQA-hard,control,81265918776f42ecb936b1ff7149f893,3,C,B,B,False,True,B,False,C,True,C,True,True,0
lever_control_supergpqa_seed606.jsonl,SuperGPQA-hard,control,c719d6d9548f43779f3eab22fafa99bc,3,A,B,B,False,True,B,False,B,False,B,False,False,0
lever_control_supergpqa_seed606.jsonl,SuperGPQA-hard,control,83540adee86445058338548a07e2eacd,3,A,B,B,False,True,B,False,B,False,B,False,False,0
lever_control_supergpqa_seed606.jsonl,SuperGPQA-hard,control,420ba9fd6958410188aa97873da40f86,3,D,C,C,False,True,C,False,C,False,C,False,False,0
lever_control_supergpqa_seed7.jsonl,SuperGPQA-hard,control,b278c269529d444e97014e86de71b135,3,A,C,C,False,True,C,False,C,False,C,False,False,0
lever_control_supergpqa_seed7.jsonl,SuperGPQA-hard,control,8a331a10506a4ff6b543fc5b2ac2502f,3,B,B,B,True,True,B,True,A,False,A,False,True,0
lever_control_supergpqa_seed7.jsonl,SuperGPQA-hard,control,b389bd8fda16458da390b0aeefa9328c,3,C,D,D,False,True,D,False,D,False,D,False,True,0
lever_control_supergpqa_seed7.jsonl,SuperGPQA-hard,control,a14c016f261f4b46a1f62c1a4096bd86,3,C,C,C,True,True,C,True,C,True,C,True,True,0
lever_control_supergpqa_seed7.jsonl,SuperGPQA-hard,control,811c704287184f8fa520358dc0ea2493,3,D,D,D,True,True,D,True,D,True,B,False,True,0
lever_control_supergpqa_seed7.jsonl,SuperGPQA-hard,control,a63462f4ff9e44289d3c9e4a91314250,3,B,B,B,True,True,B,True,B,True,B,True,True,0
lever_control_supergpqa_seed7.jsonl,SuperGPQA-hard,control,c9aaec36dd7d48d0b90c34c9955bdf1b,3,B,B,B,True,True,B,True,B,True,B,True,True,0
lever_control_supergpqa_seed7.jsonl,SuperGPQA-hard,control,4068f6cb89214b0a86c16c2497caeb6e,3,B,B,B,True,True,B,True,B,True,B,True,True,0
lever_control_supergpqa_seed7.jsonl,SuperGPQA-hard,control,843e623807884c63a38376e9bd6d6f14,3,D,D,D,True,True,D,True,D,True,A,False,True,0
lever_control_supergpqa_seed7.jsonl,SuperGPQA-hard,control,749c18edf45840fca90d356bbed0fe5b,3,B,D,D,False,True,D,False,D,False,D,False,False,0
lever_control_supergpqa_seed7.jsonl,SuperGPQA-hard,control,cb1f3d75e5a9402a9bb7755b6f6a029c,3,B,B,B,True,True,B,True,B,True,B,True,True,0
lever_control_supergpqa_seed7.jsonl,SuperGPQA-hard,control,ff414ca699a74f7484650a3595512055,3,B,B,B,True,True,B,True,B,True,B,True,True,0
lever_control_supergpqa_seed7.jsonl,SuperGPQA-hard,control,2cf2296143904690a6c6f376236839d2,3,B,C,C,False,True,C,False,C,False,C,False,False,0
lever_control_supergpqa_seed7.jsonl,SuperGPQA-hard,control,2ee8b1af76f04527a574124df6476a8d,3,B,D,D,False,True,D,False,B,True,B,True,True,0
lever_control_supergpqa_seed7.jsonl,SuperGPQA-hard,control,7c20fd3e214f4e438614b091fccce433,3,B,B,B,True,True,B,True,B,True,B,True,True,0
lever_control_supergpqa_seed7.jsonl,SuperGPQA-hard,control,5d4e9507100c48c89db59015820c6059,3,C,C,C,True,True,C,True,D,False,D,False,True,0
lever_control_supergpqa_seed7.jsonl,SuperGPQA-hard,control,32d56386e78f4e16bfe38d9ea73fd02a,3,C,C,C,True,True,C,True,C,True,C,True,True,0
lever_control_supergpqa_seed7.jsonl,SuperGPQA-hard,control,2499f7cec22b4bda8f96d061a1fae7af,3,B,A,A,False,True,A,False,B,True,A,False,True,0
lever_control_supergpqa_seed7.jsonl,SuperGPQA-hard,control,d0fe7c1a74314662ac5ed5f2538e7b13,3,B,C,C,False,True,C,False,C,False,C,False,False,0
lever_control_supergpqa_seed7.jsonl,SuperGPQA-hard,control,8fb8ca1cd7114cd8b8dcad3953f68a44,3,D,D,D,True,True,D,True,D,True,D,True,True,0
lever_control_supergpqa_seed7.jsonl,SuperGPQA-hard,control,b68e89ad898246c4bc116ff4d353e4b9,3,C,B,B,False,True,B,False,B,False,A,False,False,0
lever_control_supergpqa_seed7.jsonl,SuperGPQA-hard,control,711025f0562b41118c0c383afdc77215,3,D,B,B,False,True,B,False,A,False,B,False,False,0
lever_control_supergpqa_seed7.jsonl,SuperGPQA-hard,control,077aea7da31e4b94886be9713580db0d,3,C,D,D,False,True,D,False,C,True,D,False,True,0
lever_control_supergpqa_seed7.jsonl,SuperGPQA-hard,control,5f0bde5deeae40a88762eea520849455,3,A,D,D,False,True,D,False,D,False,D,False,False,0
lever_control_supergpqa_seed7.jsonl,SuperGPQA-hard,control,d9f3da47d50840a79c51096169d25583,3,A,C,C,False,True,C,False,C,False,C,False,False,0
lever_control_supergpqa_seed7.jsonl,SuperGPQA-hard,control,413f8d70916547989ed51d1116a4551a,3,A,C,C,False,True,C,False,A,True,C,False,True,0
lever_control_supergpqa_seed7.jsonl,SuperGPQA-hard,control,facd6dd1e2074073adcfcac48eab3afb,3,B,B,B,True,True,B,True,B,True,B,True,True,0
lever_control_supergpqa_seed7.jsonl,SuperGPQA-hard,control,10f542902dfa44d795fba244e7f1a69c,3,D,B,B,False,True,B,False,B,False,B,False,False,0
lever_control_supergpqa_seed7.jsonl,SuperGPQA-hard,control,24b548b324684a8490d46d476bde792c,3,B,D,D,False,True,D,False,D,False,B,True,True,0
lever_control_supergpqa_seed7.jsonl,SuperGPQA-hard,control,8f9ae9b94a0a4e66ab56225f7a356fd1,3,D,D,D,True,True,D,True,D,True,D,True,True,0
lever_control_supergpqa_seed7.jsonl,SuperGPQA-hard,control,fc9a01ab2a2344cabfe9c2bd94be487f,3,C,B,B,False,True,B,False,C,True,B,False,True,0
lever_control_supergpqa_seed7.jsonl,SuperGPQA-hard,control,de43b1c48f7b410695b2a4daf5fe3f31,3,A,A,A,True,True,A,True,A,True,D,False,True,0
lever_control_supergpqa_seed7.jsonl,SuperGPQA-hard,control,f8e740921e964dfc9922e08b7f5e815b,3,D,D,D,True,True,D,True,D,True,D,True,True,0
lever_control_supergpqa_seed7.jsonl,SuperGPQA-hard,control,5cbfbf1108434eca91c070d1ed1c0bc6,3,B,A,A,False,True,A,False,A,False,A,False,False,0
lever_control_supergpqa_seed7.jsonl,SuperGPQA-hard,control,05edf34d21464999ad82c54bad66a005,3,B,B,B,True,True,B,True,B,True,B,True,True,0
lever_control_supergpqa_seed7.jsonl,SuperGPQA-hard,control,fa49b578c45543d8847bac91a1e14045,3,C,D,D,False,True,D,False,D,False,D,False,False,0
lever_control_supergpqa_seed7.jsonl,SuperGPQA-hard,control,ccbff2992c7f49c48a8fe254e1fff783,3,A,A,A,True,True,A,True,A,True,C,False,True,0
lever_control_supergpqa_seed7.jsonl,SuperGPQA-hard,control,c8be6f10c6b04b879a5fe393fb1b38f8,3,B,C,C,False,True,C,False,C,False,C,False,False,0
lever_control_supergpqa_seed7.jsonl,SuperGPQA-hard,control,5fe6a509598c4dd5aec2c8f7abc0d259,3,C,C,C,True,True,C,True,C,True,B,False,True,0
lever_control_supergpqa_seed7.jsonl,SuperGPQA-hard,control,920d5a4aae764dc8962d36ff4d95710a,3,A,B,B,False,True,C,False,C,False,B,False,False,0
lever_control_supergpqa_seed7.jsonl,SuperGPQA-hard,control,b81111afa517415f8f5b91a17ac991ce,3,D,D,D,True,True,D,True,D,True,C,False,True,0
lever_control_supergpqa_seed7.jsonl,SuperGPQA-hard,control,bfba15ab92174bf5b537cadc675dafdb,3,B,A,A,False,True,A,False,A,False,A,False,True,0
lever_control_supergpqa_seed7.jsonl,SuperGPQA-hard,control,0a3895b8a5cc4239a2a6e96c1289011d,3,A,A,A,True,True,A,True,A,True,A,True,True,0
lever_control_supergpqa_seed7.jsonl,SuperGPQA-hard,control,2789bb6861f94992954c4df00ec8e656,3,D,C,C,False,True,C,False,C,False,C,False,False,0
lever_control_supergpqa_seed7.jsonl,SuperGPQA-hard,control,1d1666032573496f84efe333d572f1e2,3,B,B,B,True,True,B,True,A,False,A,False,True,0
lever_control_supergpqa_seed7.jsonl,SuperGPQA-hard,control,93218c202d734e8cacaa4dff4cd9a761,3,A,B,B,False,True,B,False,B,False,B,False,True,0
lever_control_supergpqa_seed7.jsonl,SuperGPQA-hard,control,ea9364829af04d188546f8d369483d46,3,D,C,C,False,True,C,False,C,False,C,False,True,0
lever_control_supergpqa_seed7.jsonl,SuperGPQA-hard,control,05ac97570c2a40ab94f83a5cf3aa09df,3,D,D,D,True,True,D,True,D,True,D,True,True,0
lever_control_supergpqa_seed7.jsonl,SuperGPQA-hard,control,2e1d297065d247068eaa68f6585f9764,3,D,C,C,False,True,C,False,C,False,C,False,False,0
lever_control_supergpqa_seed7.jsonl,SuperGPQA-hard,control,fe7c522a688a4b3c952b4ae95a5d1ae8,3,D,C,C,False,True,C,False,C,False,C,False,False,0
lever_control_supergpqa_seed7.jsonl,SuperGPQA-hard,control,e020184788314d25a2ea1828d568538a,3,A,A,A,True,True,A,True,A,True,A,True,True,0
lever_control_supergpqa_seed7.jsonl,SuperGPQA-hard,control,12a6d09d1179401498c2cae7d2d886a8,3,A,D,D,False,True,D,False,D,False,D,False,False,0
lever_control_supergpqa_seed7.jsonl,SuperGPQA-hard,control,4cd0be5521844b3781d88e8a29433b39,3,B,D,D,False,True,D,False,B,True,D,False,True,0
lever_control_supergpqa_seed7.jsonl,SuperGPQA-hard,control,e301bd85789b4c4fa02b60e3dba62e5c,3,C,D,D,False,True,B,False,B,False,B,False,False,0
lever_control_supergpqa_seed7.jsonl,SuperGPQA-hard,control,492ac21c1ff94ba49de684cfb6527930,3,C,D,D,False,True,D,False,D,False,C,True,True,0
lever_control_supergpqa_seed7.jsonl,SuperGPQA-hard,control,01ac3e46a5f04c48b3ad3d21e7a8eacd,3,A,D,D,False,True,D,False,D,False,D,False,False,0
lever_control_supergpqa_seed7.jsonl,SuperGPQA-hard,control,abf7231db16a4ccfa58e0973e98e91c1,3,B,B,B,True,True,B,True,B,True,B,True,True,0
lever_control_supergpqa_seed7.jsonl,SuperGPQA-hard,control,515b67c43f064c15bb0154d546f88277,3,D,D,D,True,True,D,True,D,True,D,True,True,0
lever_control_supergpqa_seed7.jsonl,SuperGPQA-hard,control,18aa367ae47744199ba63308b5c581bf,3,B,A,A,False,True,A,False,B,True,A,False,True,0
lever_control_supergpqa_seed7.jsonl,SuperGPQA-hard,control,e8e40ae579384b51b006d7d50d8d039d,3,B,B,B,True,True,B,True,B,True,B,True,True,0
lever_control_supergpqa_seed7.jsonl,SuperGPQA-hard,control,8aca8b27a1674720bcb8271a46213d95,3,B,A,A,False,True,A,False,A,False,A,False,False,0
lever_control_supergpqa_seed7.jsonl,SuperGPQA-hard,control,9da468facb58464982465242468c9a13,3,A,A,A,True,True,A,True,A,True,A,True,True,0
lever_control_supergpqa_seed7.jsonl,SuperGPQA-hard,control,a9ab2cd572f04f88b629deb59e486adf,3,C,D,D,False,True,D,False,C,True,D,False,True,0
lever_control_supergpqa_seed7.jsonl,SuperGPQA-hard,control,933f999d89984b4ea9c59bffad3405ef,3,C,C,C,True,True,C,True,C,True,C,True,True,0
lever_control_supergpqa_seed7.jsonl,SuperGPQA-hard,control,9ae52f5b63d9459a833c6e10c0539a4d,3,C,C,C,True,True,C,True,C,True,C,True,True,0
lever_control_supergpqa_seed7.jsonl,SuperGPQA-hard,control,d7f9b5a785a94530a9e737656ec0dcaa,3,A,C,C,False,True,C,False,C,False,C,False,True,0
lever_control_supergpqa_seed7.jsonl,SuperGPQA-hard,control,54bfc8311916428a8f2a43c17ca17c7a,3,A,D,D,False,True,D,False,D,False,D,False,True,0
lever_control_supergpqa_seed7.jsonl,SuperGPQA-hard,control,6b347be4d8ba43e2b425fd504ad16f4c,3,C,C,C,True,True,C,True,C,True,C,True,True,0
lever_control_supergpqa_seed7.jsonl,SuperGPQA-hard,control,776b536a60e241f2b75b94accc6dff2c,3,B,B,B,True,True,B,True,B,True,B,True,True,0
lever_control_supergpqa_seed7.jsonl,SuperGPQA-hard,control,4f85b84235914d259dbdd8931be5d3a9,3,D,D,D,True,True,D,True,D,True,D,True,True,0
lever_control_supergpqa_seed7.jsonl,SuperGPQA-hard,control,5272de2f504946d1beff3dbb51bea3f3,3,C,D,D,False,True,D,False,D,False,D,False,True,0
lever_control_supergpqa_seed7.jsonl,SuperGPQA-hard,control,f1c5fbceb2124a8bb11963f76c8771b3,3,D,A,A,False,True,A,False,A,False,A,False,True,0
lever_control_supergpqa_seed7.jsonl,SuperGPQA-hard,control,c4f6b8482b184c0b98b6d72d00204932,3,A,D,D,False,True,D,False,B,False,D,False,False,0
lever_control_supergpqa_seed7.jsonl,SuperGPQA-hard,control,b06afc3997974662986e009c41226c9c,3,C,C,C,True,True,C,True,C,True,C,True,True,0
lever_control_supergpqa_seed7.jsonl,SuperGPQA-hard,control,080a910849bd4aae8dbdeb3d7a6e835b,3,D,A,A,False,True,A,False,A,False,B,False,False,0
lever_control_supergpqa_seed7.jsonl,SuperGPQA-hard,control,e286dac07362459cb41b0c9adca02747,3,A,A,A,True,True,A,True,A,True,A,True,True,0
lever_control_supergpqa_seed7.jsonl,SuperGPQA-hard,control,a9f34192579d4f448b378d733eb8d3bf,3,D,A,A,False,True,A,False,A,False,A,False,False,0
lever_control_supergpqa_seed7.jsonl,SuperGPQA-hard,control,3f48e266da744ae6b9e99e762b67954f,3,D,C,C,False,True,C,False,D,True,C,False,True,0
lever_control_supergpqa_seed7.jsonl,SuperGPQA-hard,control,7a71c086988a45f6823dbb8748e89f66,3,D,A,A,False,True,A,False,A,False,A,False,False,0
lever_control_supergpqa_seed7.jsonl,SuperGPQA-hard,control,2811febd3e9a4348a352c0c2b33ee464,3,A,B,B,False,True,B,False,B,False,B,False,False,0
lever_control_supergpqa_seed7.jsonl,SuperGPQA-hard,control,15e29ed7c9d1459484348074abe10661,3,D,D,D,True,True,D,True,D,True,D,True,True,0
lever_control_supergpqa_seed7.jsonl,SuperGPQA-hard,control,8c293442d9444277866f493968187325,3,C,B,B,False,True,B,False,B,False,B,False,False,0
lever_control_supergpqa_seed7.jsonl,SuperGPQA-hard,control,9b67dac06fc448afa19a33728a469cec,3,D,D,D,True,True,D,True,D,True,D,True,True,0
lever_control_supergpqa_seed7.jsonl,SuperGPQA-hard,control,1b003811eaf443e492e6717fa934b15b,3,C,C,C,True,True,C,True,C,True,C,True,True,0
lever_control_supergpqa_seed7.jsonl,SuperGPQA-hard,control,ec301d7b596f4f45afef08dc4448910c,3,D,B,B,False,True,B,False,B,False,B,False,False,0
lever_control_supergpqa_seed7.jsonl,SuperGPQA-hard,control,2761d3d5298f4a4a8b52db20fc0343cb,3,D,D,D,True,True,D,True,D,True,D,True,True,0
lever_control_supergpqa_seed7.jsonl,SuperGPQA-hard,control,f9d8f390f4c348838f3d42e5c15fbb24,3,B,D,D,False,True,D,False,D,False,D,False,False,0
lever_control_supergpqa_seed7.jsonl,SuperGPQA-hard,control,0e4c4ac2694d4b88b43bf6bbd6f4c356,3,D,B,B,False,True,B,False,A,False,A,False,False,0
lever_control_supergpqa_seed7.jsonl,SuperGPQA-hard,control,a462a6fe458b4b6e8b609cf0ef896b52,3,C,D,D,False,True,D,False,D,False,C,True,True,0
lever_control_supergpqa_seed7.jsonl,SuperGPQA-hard,control,620f491d9a9542fca57a62d2799d97a6,3,C,C,C,True,True,C,True,A,False,C,True,True,0
lever_control_supergpqa_seed838.jsonl,SuperGPQA-hard,control,8212116814624ac3ab3c645bb720a0de,3,A,D,D,False,True,D,False,D,False,D,False,False,0
lever_control_supergpqa_seed838.jsonl,SuperGPQA-hard,control,65e18d5ebc6d481f92372a02f7346d7e,3,D,D,D,True,True,D,True,D,True,D,True,True,0
lever_control_supergpqa_seed838.jsonl,SuperGPQA-hard,control,2901fd9282834a269854bd1c929c2d27,3,D,D,D,True,True,D,True,D,True,D,True,True,0
lever_control_supergpqa_seed838.jsonl,SuperGPQA-hard,control,b1292883447c4964834d2f93d9ad6866,3,C,C,C,True,True,C,True,C,True,C,True,True,0
lever_control_supergpqa_seed838.jsonl,SuperGPQA-hard,control,784bc160afa34cc184a98687b152411a,3,D,A,A,False,True,A,False,A,False,A,False,False,0
lever_control_supergpqa_seed838.jsonl,SuperGPQA-hard,control,ad9b69d4627741a1a953880f089b14f0,3,D,D,D,True,True,D,True,D,True,D,True,True,0
lever_control_supergpqa_seed838.jsonl,SuperGPQA-hard,control,ff08acf886a048119cc4651bd9185258,3,A,D,D,False,True,A,True,A,True,D,False,True,0
lever_control_supergpqa_seed838.jsonl,SuperGPQA-hard,control,662dee3f92714e84a08098c31a9dfede,3,A,A,A,True,True,A,True,C,False,A,True,True,0
lever_control_supergpqa_seed838.jsonl,SuperGPQA-hard,control,c5836da9034249b4b27508d97f2fef48,3,D,D,D,True,True,D,True,D,True,D,True,True,0
lever_control_supergpqa_seed838.jsonl,SuperGPQA-hard,control,42ff314467d2496490c62c7064c0d6cc,3,C,A,A,False,True,A,False,C,True,A,False,True,0
lever_control_supergpqa_seed838.jsonl,SuperGPQA-hard,control,6afbc30d68f940abbb7fe92128c3cf86,3,C,C,C,True,True,C,True,C,True,C,True,True,0
lever_control_supergpqa_seed838.jsonl,SuperGPQA-hard,control,6c14595204824c9fb7a2ad000c332e37,3,B,D,D,False,True,A,False,A,False,A,False,True,0
lever_control_supergpqa_seed838.jsonl,SuperGPQA-hard,control,47f09ff7d66a4742ba76601ea67539d8,3,D,D,D,True,True,D,True,D,True,D,True,True,0
lever_control_supergpqa_seed838.jsonl,SuperGPQA-hard,control,27b0cc6c758649ecb4fb058ecdad4757,3,A,D,D,False,True,D,False,D,False,D,False,False,0
lever_control_supergpqa_seed838.jsonl,SuperGPQA-hard,control,495126540259474fb0700bf7fe2a837f,3,B,A,A,False,True,A,False,B,True,A,False,True,0
lever_control_supergpqa_seed838.jsonl,SuperGPQA-hard,control,2f6042eca8834ba78cec6a229e21e89b,3,C,C,C,True,True,C,True,A,False,A,False,True,0
lever_control_supergpqa_seed838.jsonl,SuperGPQA-hard,control,b370dd1899e24b37b27c4eec64ca2de9,3,A,D,D,False,True,D,False,A,True,D,False,True,0
lever_control_supergpqa_seed838.jsonl,SuperGPQA-hard,control,c247b75bef6843a6bddb467b4f6530c7,3,A,C,C,False,True,C,False,C,False,C,False,False,0
lever_control_supergpqa_seed838.jsonl,SuperGPQA-hard,control,9d29c330b74a4c878301338bfaa022f7,3,D,D,D,True,True,D,True,B,False,B,False,True,0
lever_control_supergpqa_seed838.jsonl,SuperGPQA-hard,control,7642c7abd7554d85a9ad74550cc95428,3,D,D,D,True,True,D,True,D,True,D,True,True,0
lever_control_supergpqa_seed838.jsonl,SuperGPQA-hard,control,e9850e7c1b5744b19cdf700c4bbac0ab,3,A,A,A,True,True,A,True,A,True,A,True,True,0
lever_control_supergpqa_seed838.jsonl,SuperGPQA-hard,control,5d0d7b5d79d448c7b2ffdee0247a0296,3,A,D,D,False,True,D,False,D,False,D,False,False,0
lever_control_supergpqa_seed838.jsonl,SuperGPQA-hard,control,5f1d14b7898843078179131808d8b102,3,D,B,B,False,True,A,False,A,False,A,False,True,0
lever_control_supergpqa_seed838.jsonl,SuperGPQA-hard,control,37bee659d0f24b6bbb7cf0019b18266b,3,B,B,B,True,True,B,True,C,False,B,True,True,0
lever_control_supergpqa_seed838.jsonl,SuperGPQA-hard,control,b232c347b66641feb655e8089ad3236c,3,D,D,D,True,True,D,True,D,True,D,True,True,0
lever_control_supergpqa_seed838.jsonl,SuperGPQA-hard,control,45ead910eb784c63aff46227f35006c1,3,A,B,B,False,True,B,False,B,False,D,False,False,0
lever_control_supergpqa_seed838.jsonl,SuperGPQA-hard,control,1f7eebad0c1b4d7bada8526fc5eca57a,3,B,B,B,True,True,B,True,B,True,A,False,True,0
lever_control_supergpqa_seed838.jsonl,SuperGPQA-hard,control,76baec1d98e94e2aaa91e9e07bafc4ee,3,C,C,C,True,True,C,True,C,True,C,True,True,0
lever_control_supergpqa_seed838.jsonl,SuperGPQA-hard,control,5dc0a21f75b44980b701d62896d3edcb,3,D,B,B,False,True,B,False,B,False,C,False,False,0
lever_control_supergpqa_seed838.jsonl,SuperGPQA-hard,control,f89ec3f159cd40c385b7f26813b62486,3,D,B,B,False,True,B,False,B,False,B,False,True,0
lever_control_supergpqa_seed838.jsonl,SuperGPQA-hard,control,029f7e87aa534e76b95b143ca61b8051,3,B,B,B,True,True,B,True,B,True,B,True,True,0
lever_control_supergpqa_seed838.jsonl,SuperGPQA-hard,control,92158717e4684fbc960d84d858017ff8,3,D,D,D,True,True,D,True,D,True,D,True,True,0
lever_control_supergpqa_seed838.jsonl,SuperGPQA-hard,control,8e58552045574cd082ae3ea220ee55d9,3,C,D,D,False,True,D,False,D,False,D,False,False,0
lever_control_supergpqa_seed838.jsonl,SuperGPQA-hard,control,be529e4267c8488f8df3970620cef40e,3,C,D,D,False,True,D,False,D,False,D,False,False,0
lever_control_supergpqa_seed838.jsonl,SuperGPQA-hard,control,8286c21c723f421cae07723ee28f793c,3,A,C,C,False,True,C,False,C,False,A,True,True,0
lever_control_supergpqa_seed838.jsonl,SuperGPQA-hard,control,aa75f2e217f34054905f326269e5565f,3,D,D,D,True,True,D,True,D,True,C,False,True,0
lever_control_supergpqa_seed838.jsonl,SuperGPQA-hard,control,52d60b890b534b4090eb911da9632d13,3,D,D,D,True,True,D,True,D,True,D,True,True,1
lever_control_supergpqa_seed838.jsonl,SuperGPQA-hard,control,6be198f958ef4516852dc9c0b0f93766,3,C,A,A,False,True,A,False,A,False,A,False,False,0
lever_control_supergpqa_seed838.jsonl,SuperGPQA-hard,control,4706d9d11ac74f13bb26c4e243a9fedd,3,D,D,D,True,True,D,True,D,True,B,False,True,0
lever_control_supergpqa_seed838.jsonl,SuperGPQA-hard,control,d651ee6a2c05458abcfa6fc4f2701660,3,C,C,C,True,True,C,True,C,True,C,True,True,0
lever_control_supergpqa_seed838.jsonl,SuperGPQA-hard,control,b6bb5716a3e04e67b34e8675a3eddde3,3,D,D,D,True,True,D,True,D,True,D,True,True,0
lever_control_supergpqa_seed838.jsonl,SuperGPQA-hard,control,25139c83331f4efead0a39063294e6d1,3,C,C,C,True,True,C,True,C,True,C,True,True,0
lever_control_supergpqa_seed838.jsonl,SuperGPQA-hard,control,8bec621e6eae43f59459dacaebd4cc42,3,A,C,C,False,True,C,False,A,True,C,False,True,0
lever_control_supergpqa_seed838.jsonl,SuperGPQA-hard,control,f0ad3ea70b04422fbf89443a247fd4c6,3,D,D,D,True,True,D,True,D,True,B,False,True,0
lever_control_supergpqa_seed838.jsonl,SuperGPQA-hard,control,450173d7e21e4b66a618097c366a3755,3,C,D,D,False,True,D,False,C,True,D,False,True,0
lever_control_supergpqa_seed838.jsonl,SuperGPQA-hard,control,f7b30d755ce94690aee11d8246a70df3,3,C,C,C,True,True,C,True,A,False,C,True,True,0
lever_control_supergpqa_seed838.jsonl,SuperGPQA-hard,control,c9820d674f5e49148ebf9a5211482572,3,B,C,C,False,True,C,False,C,False,D,False,False,0
lever_control_supergpqa_seed838.jsonl,SuperGPQA-hard,control,6debc81571924be3a4b1fb060efa5d28,3,B,D,D,False,True,B,True,B,True,B,True,True,0
lever_control_supergpqa_seed838.jsonl,SuperGPQA-hard,control,2e0a1bdc84054c3886f8f6dcad5d123d,3,C,B,B,False,True,B,False,C,True,B,False,True,0
lever_control_supergpqa_seed838.jsonl,SuperGPQA-hard,control,774540d412ae4311b7aa433bf2f64b10,3,D,A,A,False,True,A,False,D,True,A,False,True,0
lever_control_supergpqa_seed838.jsonl,SuperGPQA-hard,control,e4e11a5fc2714133b1c7af4a68f24b7c,3,D,C,C,False,True,C,False,C,False,C,False,False,0
lever_control_supergpqa_seed838.jsonl,SuperGPQA-hard,control,3f48e266da744ae6b9e99e762b67954f,3,D,D,D,True,True,D,True,D,True,A,False,True,0
lever_control_supergpqa_seed838.jsonl,SuperGPQA-hard,control,e13b5563e1eb450d94962f013c3ae36a,3,C,B,B,False,True,B,False,D,False,B,False,False,0
lever_control_supergpqa_seed838.jsonl,SuperGPQA-hard,control,1b003811eaf443e492e6717fa934b15b,3,B,B,B,True,True,B,True,B,True,B,True,True,0
lever_control_supergpqa_seed838.jsonl,SuperGPQA-hard,control,4da6b094f021432e9f07bcff16c36b4e,3,A,D,D,False,True,D,False,D,False,D,False,False,0
lever_control_supergpqa_seed838.jsonl,SuperGPQA-hard,control,71af5cfedc1849cd9c99e9d4904c1d97,3,C,C,C,True,True,A,False,A,False,A,False,True,0
lever_control_supergpqa_seed838.jsonl,SuperGPQA-hard,control,7fe42cc3bf84464993ffb660dac2653f,3,B,B,B,True,True,B,True,D,False,B,True,True,0
lever_control_supergpqa_seed838.jsonl,SuperGPQA-hard,control,4c53840b44904a97b04bf942e34ce522,3,C,B,B,False,True,B,False,B,False,B,False,False,0
lever_control_supergpqa_seed838.jsonl,SuperGPQA-hard,control,4ae91bc0704c4d16891bceda9518416c,3,C,B,B,False,True,B,False,B,False,B,False,False,0
lever_control_supergpqa_seed838.jsonl,SuperGPQA-hard,control,7038ebb226d241c69e0370492f042a10,3,A,A,A,True,True,A,True,A,True,A,True,True,0
lever_control_supergpqa_seed838.jsonl,SuperGPQA-hard,control,f7cfee802ef34c3688d63c879ffd007b,3,D,D,D,True,True,D,True,D,True,A,False,True,0
lever_control_supergpqa_seed838.jsonl,SuperGPQA-hard,control,4317af96cdb445fe8d23e95bbf487c6d,3,A,A,A,True,True,A,True,A,True,A,True,True,0
lever_control_supergpqa_seed838.jsonl,SuperGPQA-hard,control,6f48814bd0a14a67bb76a67dfff57723,3,B,B,B,True,True,B,True,B,True,B,True,True,0
lever_control_supergpqa_seed838.jsonl,SuperGPQA-hard,control,29e041d1e6384f738d9582ca5d67d584,3,A,C,C,False,True,C,False,C,False,C,False,True,0
lever_control_supergpqa_seed838.jsonl,SuperGPQA-hard,control,fab25aad3a89427aaf6cdffc0295360e,3,C,C,C,True,True,C,True,C,True,C,True,True,0
lever_control_supergpqa_seed838.jsonl,SuperGPQA-hard,control,e286dac07362459cb41b0c9adca02747,3,D,D,D,True,True,D,True,D,True,D,True,True,0
lever_control_supergpqa_seed838.jsonl,SuperGPQA-hard,control,5df707865b404a0697d8fd1791bb9b0b,3,B,D,D,False,True,D,False,D,False,D,False,False,0
lever_control_supergpqa_seed838.jsonl,SuperGPQA-hard,control,b9f43cc8a6ff4438ab18497fc9bf7cf0,3,B,B,B,True,True,B,True,B,True,B,True,True,0
lever_control_supergpqa_seed838.jsonl,SuperGPQA-hard,control,a33d9512c6ab4a3eb4e172e2e2255293,3,A,A,A,True,True,A,True,A,True,A,True,True,0
lever_control_supergpqa_seed838.jsonl,SuperGPQA-hard,control,7adc0c3199974e778dbb75b22c3406d4,3,C,B,B,False,True,B,False,B,False,A,False,False,0
lever_control_supergpqa_seed838.jsonl,SuperGPQA-hard,control,b8de1171b4a44ba4bf85615dca222549,3,A,D,D,False,True,D,False,D,False,D,False,False,0
lever_control_supergpqa_seed838.jsonl,SuperGPQA-hard,control,e639f6eaf9a542f4a26c1358c0ef3f2c,3,A,B,B,False,True,B,False,B,False,B,False,False,0
lever_control_supergpqa_seed838.jsonl,SuperGPQA-hard,control,cf53bf592b244cb1ad02b684eda29e3b,3,C,C,C,True,True,C,True,C,True,C,True,True,0
lever_control_supergpqa_seed838.jsonl,SuperGPQA-hard,control,8aa00695f3ed4b3a9d445fec8513b65b,3,C,C,C,True,True,C,True,A,False,C,True,True,0
lever_control_supergpqa_seed838.jsonl,SuperGPQA-hard,control,1667a63ffa874e25950f004d0bfe0199,3,D,D,D,True,True,D,True,D,True,B,False,True,0
lever_control_supergpqa_seed838.jsonl,SuperGPQA-hard,control,59964f9268c240609796de021ca97aff,3,C,B,B,False,True,B,False,B,False,B,False,False,0
lever_control_supergpqa_seed838.jsonl,SuperGPQA-hard,control,e8716931ede04137a3dfa8794d456d57,3,C,C,C,True,True,C,True,C,True,C,True,True,0
lever_control_supergpqa_seed838.jsonl,SuperGPQA-hard,control,85fd7a86245d412e865fda1920b02b2a,3,D,D,D,True,True,D,True,D,True,B,False,True,0
lever_control_supergpqa_seed838.jsonl,SuperGPQA-hard,control,f63cf000cb004ff989417e027221c056,3,D,D,D,True,True,D,True,D,True,D,True,True,1
lever_control_supergpqa_seed838.jsonl,SuperGPQA-hard,control,a38723e1b2ea48b9b8d6a723fc64d90d,3,A,B,B,False,True,B,False,B,False,B,False,False,0
lever_control_supergpqa_seed838.jsonl,SuperGPQA-hard,control,6bff44235adb4f219d4c041c565f5faf,3,C,C,C,True,True,C,True,B,False,B,False,True,0
lever_control_supergpqa_seed838.jsonl,SuperGPQA-hard,control,e9e1fba9d67a424abefb846d7aa58857,3,C,D,D,False,True,D,False,C,True,D,False,True,0
lever_control_supergpqa_seed838.jsonl,SuperGPQA-hard,control,6d9c551019b94cf6bf31b3e5189c4607,3,B,B,B,True,True,B,True,B,True,D,False,True,0
lever_control_supergpqa_seed838.jsonl,SuperGPQA-hard,control,791dcce8a03d4e438922d47882148a8c,3,B,B,B,True,True,B,True,B,True,B,True,True,0
lever_control_supergpqa_seed838.jsonl,SuperGPQA-hard,control,4ec7fd279abe4399b72a91acb406fa9e,3,C,D,D,False,True,D,False,D,False,D,False,False,0
lever_control_supergpqa_seed838.jsonl,SuperGPQA-hard,control,75137178e29747f9975dc7624cca3109,3,C,C,C,True,True,C,True,C,True,C,True,True,0
lever_control_supergpqa_seed838.jsonl,SuperGPQA-hard,control,388a3c0ff6bb403b89f8fa9441989e29,3,B,B,B,True,True,B,True,B,True,B,True,True,0
lever_control_supergpqa_seed838.jsonl,SuperGPQA-hard,control,a42ce4ef47314d43bdcb8f6e33bae8be,3,C,C,C,True,True,C,True,C,True,C,True,True,0
lever_control_supergpqa_seed838.jsonl,SuperGPQA-hard,control,cb587d9fecd8447b9a8c98f3c1b1ff3e,3,C,,,False,True,C,True,C,True,C,True,True,1
lever_control_supergpqa_seed838.jsonl,SuperGPQA-hard,control,84644f66158b4fdaaddb6fc86aa19a3b,3,B,B,B,True,True,B,True,B,True,A,False,True,0
lever_five_seed42.jsonl,GPQA-Diamond,five,recypVp2NmPlBKVTp,5,A,A,A,True,True,A,True,A,True,A,True,True,0
lever_five_seed42.jsonl,GPQA-Diamond,five,rechKl68Uc6H7vU0N,5,A,C,C,False,True,C,False,C,False,C,False,False,0
lever_five_seed42.jsonl,GPQA-Diamond,five,recnawZPumSCLMVgp,5,A,B,B,False,True,B,False,B,False,B,False,False,0
lever_five_seed42.jsonl,GPQA-Diamond,five,rec0wZvZgiz320KRs,5,B,B,B,True,True,B,True,D,False,D,False,True,0
lever_five_seed42.jsonl,GPQA-Diamond,five,rec527dNeEtWJrYNl,5,B,B,B,True,True,B,True,B,True,B,True,True,0
lever_five_seed42.jsonl,GPQA-Diamond,five,recINSFEYLCyyd08m,5,A,A,A,True,True,A,True,A,True,A,True,True,0
lever_five_seed42.jsonl,GPQA-Diamond,five,recQiWOxhkXRz9NVE,5,C,C,C,True,True,C,True,C,True,C,True,True,0
lever_five_seed42.jsonl,GPQA-Diamond,five,rec0yTRmO1o1xCA6H,5,C,D,D,False,True,D,False,D,False,D,False,False,0
lever_five_seed42.jsonl,GPQA-Diamond,five,rec4r4KWNLrT7g2kR,5,D,D,D,True,True,D,True,D,True,D,True,True,0
lever_five_seed42.jsonl,GPQA-Diamond,five,recb80OwMgNnceA9t,5,A,A,A,True,True,A,True,C,False,C,False,True,1
lever_five_seed42.jsonl,GPQA-Diamond,five,rec6sE2CRtD4drtHg,5,C,C,C,True,True,C,True,C,True,C,True,True,0
lever_five_seed42.jsonl,GPQA-Diamond,five,recE2ihVfqEK4R9d0,5,C,C,C,True,True,C,True,C,True,C,True,True,0
lever_five_seed42.jsonl,GPQA-Diamond,five,recDj2Y2BbtV02Wv5,5,B,D,D,False,True,D,False,D,False,B,True,True,1
lever_five_seed42.jsonl,GPQA-Diamond,five,recVvpD8miVjmmyfe,5,D,D,D,True,True,D,True,D,True,B,False,True,0
lever_five_seed42.jsonl,GPQA-Diamond,five,rec5rjeLsEq5Fg7Oj,5,D,D,D,True,True,D,True,D,True,D,True,True,0
lever_five_seed42.jsonl,GPQA-Diamond,five,recpki12iG9RUGrz9,5,D,D,D,True,True,D,True,D,True,D,True,True,0
lever_five_seed42.jsonl,GPQA-Diamond,five,reczjcMtrB1YGS2fO,5,A,C,C,False,True,C,False,B,False,C,False,False,0
lever_five_seed42.jsonl,GPQA-Diamond,five,recIj8lR4tuDgrHou,5,C,C,C,True,True,C,True,D,False,D,False,True,0
lever_five_seed42.jsonl,GPQA-Diamond,five,rec260hNUCEj109Dj,5,C,C,C,True,True,C,True,C,True,C,True,True,0
lever_five_seed42.jsonl,GPQA-Diamond,five,recLAgwx9vbgB5EHk,5,B,B,B,True,True,B,True,B,True,B,True,True,0
lever_five_seed42.jsonl,GPQA-Diamond,five,recWPMm91mGDLXONm,5,D,D,D,True,True,D,True,D,True,D,True,True,0
lever_five_seed42.jsonl,GPQA-Diamond,five,recGFNRVl1qBZGwyU,5,B,A,A,False,True,A,False,A,False,D,False,False,0
lever_five_seed42.jsonl,GPQA-Diamond,five,recSBcGLPatKb3Ygu,5,D,D,D,True,True,D,True,D,True,D,True,True,0
lever_five_seed42.jsonl,GPQA-Diamond,five,recOvqPKUtyy9ISA1,5,D,D,D,True,True,D,True,D,True,D,True,True,0
lever_five_seed42.jsonl,GPQA-Diamond,five,recHVUd2DkoKfedJZ,5,A,C,C,False,True,C,False,C,False,C,False,False,0
lever_five_seed42.jsonl,GPQA-Diamond,five,recnGEpF1srQpaqWq,5,B,B,B,True,True,B,True,B,True,B,True,True,0
lever_five_seed42.jsonl,GPQA-Diamond,five,recVEXvhYxAhELVqB,5,A,A,A,True,True,A,True,A,True,A,True,True,0
lever_five_seed42.jsonl,GPQA-Diamond,five,recXvQ6gWAmyakrpD,5,B,B,B,True,True,B,True,B,True,C,False,True,0
lever_five_seed42.jsonl,GPQA-Diamond,five,recPSTGXK3P39yNYT,5,C,C,C,True,True,C,True,C,True,C,True,True,0
lever_five_seed42.jsonl,GPQA-Diamond,five,recIlghoOw5VbY4Zh,5,C,C,C,True,True,C,True,C,True,C,True,True,0
lever_five_seed42.jsonl,GPQA-Diamond,five,recmI7EiLv72PxmYK,5,B,B,B,True,True,B,True,B,True,D,False,True,0
lever_five_seed42.jsonl,GPQA-Diamond,five,recatj4YXzbOaq3Ar,5,C,C,C,True,True,C,True,C,True,C,True,True,0
lever_five_seed42.jsonl,GPQA-Diamond,five,recL9MFV5zmdlle5T,5,D,D,D,True,True,D,True,D,True,D,True,True,0
lever_five_seed42.jsonl,GPQA-Diamond,five,reczzzihL7btBH7RO,5,A,C,C,False,True,C,False,C,False,A,True,True,1
lever_five_seed42.jsonl,GPQA-Diamond,five,recwW1A85nfyQpReG,5,C,C,C,True,True,C,True,B,False,C,True,True,0
lever_five_seed42.jsonl,GPQA-Diamond,five,rec4L69T0Y1AS4AFS,5,B,B,B,True,True,B,True,B,True,B,True,True,0
lever_five_seed42.jsonl,GPQA-Diamond,five,recNuT2oSnO86bxOx,5,D,D,D,True,True,D,True,D,True,D,True,True,0
lever_five_seed42.jsonl,GPQA-Diamond,five,recMicVBcqy1xM1jq,5,B,D,D,False,True,D,False,D,False,D,False,True,0
lever_five_seed42.jsonl,GPQA-Diamond,five,recGee5m84dg5FZkc,5,C,B,B,False,True,B,False,B,False,C,True,True,0
lever_five_seed42.jsonl,GPQA-Diamond,five,recEmTBhx2hgw6tPQ,5,B,B,B,True,True,B,True,A,False,A,False,True,0
lever_five_seed42.jsonl,GPQA-Diamond,five,recooG6bivTUJpDBz,5,A,D,D,False,True,D,False,D,False,D,False,True,0
lever_five_seed42.jsonl,GPQA-Diamond,five,recJZ3QEfRKjYw9a7,5,A,D,D,False,True,D,False,D,False,D,False,False,0
lever_five_seed42.jsonl,GPQA-Diamond,five,recwlwlcPvXVNPmvl,5,D,D,D,True,True,D,True,D,True,D,True,True,0
lever_five_seed42.jsonl,GPQA-Diamond,five,recnTTKdBzfuoZ7w7,5,D,A,A,False,True,A,False,A,False,B,False,False,0
lever_five_seed42.jsonl,GPQA-Diamond,five,reccOKzFNmyqeJ6ry,5,D,D,D,True,True,D,True,D,True,D,True,True,0
lever_five_seed42.jsonl,GPQA-Diamond,five,recdya6FuYraBU5Rh,5,B,B,B,True,True,B,True,B,True,A,False,True,0
lever_five_seed42.jsonl,GPQA-Diamond,five,recO3hvCWRGiG0odN,5,B,B,B,True,True,B,True,B,True,B,True,True,0
lever_five_seed42.jsonl,GPQA-Diamond,five,rec06pnAkLOr2t2mp,5,B,B,B,True,True,B,True,B,True,B,True,True,0
lever_five_seed42.jsonl,GPQA-Diamond,five,recaXdGn3FAIkxLGM,5,D,B,B,False,True,B,False,D,True,B,False,True,0
lever_five_seed42.jsonl,GPQA-Diamond,five,rec7C06XOB2h298ue,5,D,D,D,True,True,D,True,D,True,D,True,True,0
lever_five_seed42.jsonl,GPQA-Diamond,five,reck4G4xxv3YnpbtQ,5,B,A,A,False,True,A,False,A,False,A,False,False,0
lever_five_seed42.jsonl,GPQA-Diamond,five,rectXfsCM1dj4Kv2c,5,C,C,C,True,True,C,True,C,True,C,True,True,1
lever_five_seed42.jsonl,GPQA-Diamond,five,rechgQucGlrnt8KRV,5,B,B,B,True,True,B,True,B,True,B,True,True,0
lever_five_seed42.jsonl,GPQA-Diamond,five,recoiTJPGUmzAkief,5,D,D,D,True,True,D,True,D,True,D,True,True,0
lever_five_seed42.jsonl,GPQA-Diamond,five,reckEnrOPFT9Ru7tW,5,B,B,B,True,True,B,True,B,True,B,True,True,0
lever_five_seed42.jsonl,GPQA-Diamond,five,recs3PLPUEMiqg4P8,5,C,D,D,False,True,D,False,D,False,D,False,False,0
lever_five_seed42.jsonl,GPQA-Diamond,five,reccVFW11Elovnf8T,5,C,B,B,False,True,B,False,B,False,B,False,True,0
lever_five_seed42.jsonl,GPQA-Diamond,five,recRZjaElf8ft7xTq,5,C,A,A,False,True,A,False,A,False,A,False,True,0
lever_five_seed42.jsonl,GPQA-Diamond,five,recIOlKBsOeEcgkA1,5,D,D,D,True,True,D,True,D,True,D,True,True,0
lever_five_seed42.jsonl,GPQA-Diamond,five,recI1ls9OXdxatHQn,5,A,A,A,True,True,A,True,A,True,A,True,True,0
lever_five_seed42.jsonl,GPQA-Diamond,five,reczUoM8JsxU6pYxr,5,D,D,D,True,True,D,True,D,True,D,True,True,3
lever_five_seed42.jsonl,GPQA-Diamond,five,recmkvk6EFAmqyMxR,5,B,B,B,True,True,B,True,B,True,B,True,True,0
lever_five_seed42.jsonl,GPQA-Diamond,five,rec8y3ZrBOcLgNEkE,5,B,B,B,True,True,B,True,B,True,B,True,True,1
lever_five_seed42.jsonl,GPQA-Diamond,five,rechtUKxC6G67H7Pr,5,C,C,C,True,True,C,True,C,True,C,True,True,0
lever_five_seed42.jsonl,GPQA-Diamond,five,recINGR1z01Fh1Z3A,5,C,C,C,True,True,C,True,C,True,C,True,True,0
lever_five_seed42.jsonl,GPQA-Diamond,five,receYQxnUBvxPcvbQ,5,B,B,B,True,True,B,True,B,True,B,True,True,0
lever_five_seed42.jsonl,GPQA-Diamond,five,rec5eA17Qr1ucNLUf,5,C,A,A,False,True,A,False,C,True,A,False,True,0
lever_five_seed42.jsonl,GPQA-Diamond,five,reczkBiPPNrNN49Hp,5,B,B,B,True,True,B,True,B,True,B,True,True,0
lever_five_seed42.jsonl,GPQA-Diamond,five,receo3UUzRvWCqyfA,5,C,C,C,True,True,C,True,C,True,C,True,True,0
lever_five_seed42.jsonl,GPQA-Diamond,five,recJJcOHhFeSaRpl4,5,C,C,C,True,True,C,True,C,True,C,True,True,0
lever_five_seed42.jsonl,GPQA-Diamond,five,recPIzpnuYpB4yvmp,5,D,C,C,False,True,C,False,C,False,C,False,True,0
lever_five_seed42.jsonl,GPQA-Diamond,five,recUOePh79cp4T2Bg,5,B,C,C,False,True,C,False,C,False,C,False,False,0
lever_five_seed42.jsonl,GPQA-Diamond,five,recLSzwBUS3olCjhl,5,C,C,C,True,True,C,True,C,True,C,True,True,0
lever_five_seed42.jsonl,GPQA-Diamond,five,recPL4ZPpVYxgMu57,5,A,A,A,True,True,A,True,A,True,C,False,True,2
lever_five_seed42.jsonl,GPQA-Diamond,five,recv7GsQg3f0fvB1f,5,A,A,A,True,True,A,True,A,True,A,True,True,2
lever_five_seed42.jsonl,GPQA-Diamond,five,recuYEkVjdVUwA3c0,5,C,B,B,False,True,B,False,C,True,B,False,True,0
lever_five_seed42.jsonl,GPQA-Diamond,five,recf6ayQmL1SxKbvW,5,D,A,A,False,True,A,False,A,False,A,False,False,0
lever_five_seed42.jsonl,GPQA-Diamond,five,recihePFulRgNKsIn,5,A,C,C,False,True,C,False,C,False,C,False,False,3
lever_five_seed42.jsonl,GPQA-Diamond,five,recclFbsjbaiVVnnV,5,C,B,B,False,True,B,False,B,False,B,False,False,0
lever_five_seed42.jsonl,GPQA-Diamond,five,recn3NhOhqAPLda16,5,D,D,D,True,True,D,True,D,True,C,False,True,2
lever_five_seed42.jsonl,GPQA-Diamond,five,recrNbtgTNoabJJi6,5,D,D,D,True,True,D,True,A,False,D,True,True,0
lever_five_seed42.jsonl,GPQA-Diamond,five,rec8nshandHARTkrg,5,B,A,A,False,True,A,False,A,False,A,False,False,0
lever_five_seed42.jsonl,GPQA-Diamond,five,reckl6PkaEMWM50yZ,5,C,A,A,False,True,A,False,A,False,A,False,False,0
lever_five_seed42.jsonl,GPQA-Diamond,five,recr3VHM4zYf6dMFY,5,B,A,A,False,True,A,False,A,False,B,True,True,0
lever_five_seed42.jsonl,GPQA-Diamond,five,recOkA2zsy4GSMD9R,5,B,D,D,False,True,D,False,D,False,D,False,False,0
lever_five_seed42.jsonl,GPQA-Diamond,five,recXsuOHRBLcyenF2,5,A,A,A,True,True,A,True,A,True,A,True,True,0
lever_five_seed42.jsonl,GPQA-Diamond,five,recFaL6j8UMhutXrc,5,A,A,A,True,True,A,True,A,True,A,True,True,0
lever_five_seed42.jsonl,GPQA-Diamond,five,recjJ54TXc04enRkZ,5,A,D,D,False,True,A,True,A,True,A,True,True,1
lever_five_seed42.jsonl,GPQA-Diamond,five,recBhnXrUyTJ6WHIR,5,D,B,B,False,True,B,False,B,False,B,False,True,0
lever_five_seed42.jsonl,GPQA-Diamond,five,recfTlTMjZBuOducT,5,D,D,D,True,True,D,True,D,True,D,True,True,0
lever_flagship_panel_mmlu_pro_stem_seed42.jsonl,MMLU-Pro,flagship_panel,2854,3,D,D,D,True,True,D,True,D,True,D,True,True,0
lever_flagship_panel_mmlu_pro_stem_seed42.jsonl,MMLU-Pro,flagship_panel,8486,3,A,A,A,True,True,A,True,A,True,A,True,True,0
lever_flagship_panel_mmlu_pro_stem_seed42.jsonl,MMLU-Pro,flagship_panel,10024,3,D,D,D,True,True,D,True,D,True,D,True,True,0
lever_flagship_panel_mmlu_pro_stem_seed42.jsonl,MMLU-Pro,flagship_panel,3079,3,D,D,D,True,True,D,True,D,True,D,True,True,0
lever_flagship_panel_mmlu_pro_stem_seed42.jsonl,MMLU-Pro,flagship_panel,11489,3,D,D,D,True,True,D,True,D,True,D,True,True,0
lever_flagship_panel_mmlu_pro_stem_seed42.jsonl,MMLU-Pro,flagship_panel,3320,3,D,D,D,True,True,D,True,D,True,D,True,True,0
lever_flagship_panel_mmlu_pro_stem_seed42.jsonl,MMLU-Pro,flagship_panel,8802,3,A,A,A,True,True,A,True,A,True,A,True,True,0
lever_flagship_panel_mmlu_pro_stem_seed42.jsonl,MMLU-Pro,flagship_panel,8930,3,B,B,B,True,True,B,True,B,True,B,True,True,0
lever_flagship_panel_mmlu_pro_stem_seed42.jsonl,MMLU-Pro,flagship_panel,11562,3,A,A,A,True,True,A,True,A,True,A,True,True,0
lever_flagship_panel_mmlu_pro_stem_seed42.jsonl,MMLU-Pro,flagship_panel,7847,3,A,A,A,True,True,A,True,A,True,A,True,True,0
lever_flagship_panel_mmlu_pro_stem_seed42.jsonl,MMLU-Pro,flagship_panel,9795,3,A,A,A,True,True,A,True,A,True,A,True,True,0
lever_flagship_panel_mmlu_pro_stem_seed42.jsonl,MMLU-Pro,flagship_panel,3739,3,C,C,C,True,True,C,True,C,True,C,True,True,0
lever_flagship_panel_mmlu_pro_stem_seed42.jsonl,MMLU-Pro,flagship_panel,10343,3,A,A,A,True,True,A,True,A,True,A,True,True,0
lever_flagship_panel_mmlu_pro_stem_seed42.jsonl,MMLU-Pro,flagship_panel,3917,3,D,A,A,False,True,A,False,A,False,A,False,False,0
lever_flagship_panel_mmlu_pro_stem_seed42.jsonl,MMLU-Pro,flagship_panel,10452,3,B,B,B,True,True,B,True,B,True,B,True,True,0
lever_flagship_panel_mmlu_pro_stem_seed42.jsonl,MMLU-Pro,flagship_panel,12104,3,A,A,A,True,True,A,True,A,True,A,True,True,0
lever_flagship_panel_mmlu_pro_stem_seed42.jsonl,MMLU-Pro,flagship_panel,8147,3,D,D,D,True,True,D,True,D,True,D,True,True,0
lever_flagship_panel_mmlu_pro_stem_seed42.jsonl,MMLU-Pro,flagship_panel,8676,3,D,D,D,True,True,D,True,D,True,D,True,True,0
lever_flagship_panel_mmlu_pro_stem_seed42.jsonl,MMLU-Pro,flagship_panel,12113,3,B,B,B,True,True,B,True,B,True,B,True,True,0
lever_flagship_panel_mmlu_pro_stem_seed42.jsonl,MMLU-Pro,flagship_panel,11847,3,D,D,D,True,True,D,True,D,True,D,True,True,0
lever_flagship_panel_mmlu_pro_stem_seed42.jsonl,MMLU-Pro,flagship_panel,11886,3,B,B,B,True,True,B,True,B,True,B,True,True,0
lever_flagship_panel_mmlu_pro_stem_seed42.jsonl,MMLU-Pro,flagship_panel,7807,3,B,B,B,True,True,B,True,B,True,B,True,True,0
lever_flagship_panel_mmlu_pro_stem_seed42.jsonl,MMLU-Pro,flagship_panel,3763,3,D,D,D,True,True,D,True,D,True,D,True,True,0
lever_flagship_panel_mmlu_pro_stem_seed42.jsonl,MMLU-Pro,flagship_panel,3878,3,B,B,B,True,True,B,True,B,True,B,True,True,0
lever_flagship_panel_mmlu_pro_stem_seed42.jsonl,MMLU-Pro,flagship_panel,10306,3,A,A,A,True,True,A,True,A,True,A,True,True,0
lever_flagship_panel_mmlu_pro_stem_seed42.jsonl,MMLU-Pro,flagship_panel,9030,3,D,D,D,True,True,D,True,D,True,D,True,True,0
lever_flagship_panel_mmlu_pro_stem_seed42.jsonl,MMLU-Pro,flagship_panel,11733,3,C,C,C,True,True,C,True,C,True,C,True,True,0
lever_flagship_panel_mmlu_pro_stem_seed42.jsonl,MMLU-Pro,flagship_panel,3944,3,D,D,D,True,True,D,True,D,True,D,True,True,0
lever_flagship_panel_mmlu_pro_stem_seed42.jsonl,MMLU-Pro,flagship_panel,8369,3,D,D,D,True,True,D,True,D,True,D,True,True,0
lever_flagship_panel_mmlu_pro_stem_seed42.jsonl,MMLU-Pro,flagship_panel,7793,3,D,D,D,True,True,D,True,D,True,D,True,True,0
lever_flagship_panel_mmlu_pro_stem_seed42.jsonl,MMLU-Pro,flagship_panel,10510,3,A,A,A,True,True,A,True,A,True,A,True,True,0
lever_flagship_panel_mmlu_pro_stem_seed42.jsonl,MMLU-Pro,flagship_panel,10582,3,C,C,C,True,True,C,True,C,True,C,True,True,0
lever_flagship_panel_mmlu_pro_stem_seed42.jsonl,MMLU-Pro,flagship_panel,4090,3,D,D,D,True,True,D,True,D,True,D,True,True,0
lever_flagship_panel_mmlu_pro_stem_seed42.jsonl,MMLU-Pro,flagship_panel,11879,3,D,D,D,True,True,D,True,D,True,D,True,True,0
lever_flagship_panel_mmlu_pro_stem_seed42.jsonl,MMLU-Pro,flagship_panel,7737,3,D,D,D,True,True,D,True,D,True,D,True,True,0
lever_flagship_panel_mmlu_pro_stem_seed42.jsonl,MMLU-Pro,flagship_panel,8266,3,D,D,D,True,True,D,True,D,True,D,True,True,0
lever_flagship_panel_mmlu_pro_stem_seed42.jsonl,MMLU-Pro,flagship_panel,11343,3,D,D,D,True,True,D,True,D,True,D,True,True,0
lever_flagship_panel_mmlu_pro_stem_seed42.jsonl,MMLU-Pro,flagship_panel,10478,3,D,D,D,True,True,D,True,D,True,D,True,True,0
lever_flagship_panel_mmlu_pro_stem_seed42.jsonl,MMLU-Pro,flagship_panel,3206,3,D,D,D,True,True,D,True,D,True,D,True,True,0
lever_flagship_panel_mmlu_pro_stem_seed42.jsonl,MMLU-Pro,flagship_panel,7771,3,A,A,A,True,True,A,True,A,True,A,True,True,0
lever_flagship_panel_mmlu_pro_stem_seed42.jsonl,MMLU-Pro,flagship_panel,9735,3,B,B,B,True,True,B,True,B,True,B,True,True,0
lever_flagship_panel_mmlu_pro_stem_seed42.jsonl,MMLU-Pro,flagship_panel,3454,3,B,B,B,True,True,B,True,B,True,B,True,True,0
lever_flagship_panel_mmlu_pro_stem_seed42.jsonl,MMLU-Pro,flagship_panel,12122,3,B,B,B,True,True,B,True,B,True,B,True,True,0
lever_flagship_panel_mmlu_pro_stem_seed42.jsonl,MMLU-Pro,flagship_panel,9350,3,C,C,C,True,True,C,True,C,True,C,True,True,0
lever_flagship_panel_mmlu_pro_stem_seed42.jsonl,MMLU-Pro,flagship_panel,4063,3,A,A,A,True,True,A,True,A,True,A,True,True,0
lever_flagship_panel_mmlu_pro_stem_seed42.jsonl,MMLU-Pro,flagship_panel,12183,3,D,D,D,True,True,D,True,D,True,D,True,True,0
lever_flagship_panel_mmlu_pro_stem_seed42.jsonl,MMLU-Pro,flagship_panel,8895,3,D,D,D,True,True,D,True,D,True,D,True,True,0
lever_flagship_panel_mmlu_pro_stem_seed42.jsonl,MMLU-Pro,flagship_panel,10520,3,B,B,B,True,True,B,True,B,True,B,True,True,0
lever_flagship_panel_mmlu_pro_stem_seed42.jsonl,MMLU-Pro,flagship_panel,4663,3,B,B,B,True,True,B,True,B,True,B,True,True,0
lever_flagship_panel_mmlu_pro_stem_seed42.jsonl,MMLU-Pro,flagship_panel,8024,3,A,A,A,True,True,A,True,A,True,A,True,True,0
lever_flagship_panel_mmlu_pro_stem_seed42.jsonl,MMLU-Pro,flagship_panel,7964,3,C,C,C,True,True,C,True,C,True,C,True,True,0
lever_flagship_panel_mmlu_pro_stem_seed42.jsonl,MMLU-Pro,flagship_panel,3364,3,B,B,B,True,True,B,True,B,True,B,True,True,0
lever_flagship_panel_mmlu_pro_stem_seed42.jsonl,MMLU-Pro,flagship_panel,3672,3,D,D,D,True,True,D,True,D,True,D,True,True,0
lever_flagship_panel_mmlu_pro_stem_seed42.jsonl,MMLU-Pro,flagship_panel,11899,3,A,A,A,True,True,A,True,A,True,A,True,True,0
lever_flagship_panel_mmlu_pro_stem_seed42.jsonl,MMLU-Pro,flagship_panel,12181,3,B,B,B,True,True,B,True,B,True,B,True,True,0
lever_flagship_panel_mmlu_pro_stem_seed42.jsonl,MMLU-Pro,flagship_panel,7804,3,A,A,A,True,True,A,True,A,True,A,True,True,0
lever_flagship_panel_mmlu_pro_stem_seed42.jsonl,MMLU-Pro,flagship_panel,10689,3,D,D,D,True,True,D,True,D,True,D,True,True,0
lever_flagship_panel_mmlu_pro_stem_seed42.jsonl,MMLU-Pro,flagship_panel,8638,3,D,D,D,True,True,D,True,D,True,D,True,True,0
lever_flagship_panel_mmlu_pro_stem_seed42.jsonl,MMLU-Pro,flagship_panel,8955,3,C,C,C,True,True,C,True,A,False,A,False,True,0
lever_flagship_panel_mmlu_pro_stem_seed42.jsonl,MMLU-Pro,flagship_panel,11384,3,A,A,A,True,True,A,True,A,True,A,True,True,0
lever_flagship_panel_seed42.jsonl,GPQA-Diamond,flagship_panel,rec0wZvZgiz320KRs,3,B,B,B,True,True,B,True,B,True,B,True,True,0
lever_flagship_panel_seed42.jsonl,GPQA-Diamond,flagship_panel,recypVp2NmPlBKVTp,3,A,A,A,True,True,A,True,A,True,A,True,True,0
lever_flagship_panel_seed42.jsonl,GPQA-Diamond,flagship_panel,rechKl68Uc6H7vU0N,3,A,A,A,True,True,A,True,A,True,A,True,True,0
lever_flagship_panel_seed42.jsonl,GPQA-Diamond,flagship_panel,recINSFEYLCyyd08m,3,A,A,A,True,True,A,True,A,True,A,True,True,0
lever_flagship_panel_seed42.jsonl,GPQA-Diamond,flagship_panel,recnawZPumSCLMVgp,3,A,A,A,True,True,A,True,A,True,A,True,True,0
lever_flagship_panel_seed42.jsonl,GPQA-Diamond,flagship_panel,rec4r4KWNLrT7g2kR,3,D,D,D,True,True,D,True,D,True,D,True,True,0
lever_flagship_panel_seed42.jsonl,GPQA-Diamond,flagship_panel,rec527dNeEtWJrYNl,3,B,B,B,True,True,B,True,B,True,B,True,True,0
lever_flagship_panel_seed42.jsonl,GPQA-Diamond,flagship_panel,recQiWOxhkXRz9NVE,3,C,B,B,False,True,B,False,B,False,B,False,True,0
lever_flagship_panel_seed42.jsonl,GPQA-Diamond,flagship_panel,rec0yTRmO1o1xCA6H,3,C,C,C,True,True,C,True,C,True,C,True,True,0
lever_flagship_panel_seed42.jsonl,GPQA-Diamond,flagship_panel,recnTTKdBzfuoZ7w7,3,D,D,D,True,True,D,True,D,True,B,False,True,0
lever_flagship_panel_seed42.jsonl,GPQA-Diamond,flagship_panel,recDj2Y2BbtV02Wv5,3,B,D,D,False,True,D,False,D,False,D,False,True,0
lever_flagship_panel_seed42.jsonl,GPQA-Diamond,flagship_panel,rec6sE2CRtD4drtHg,3,C,C,C,True,True,C,True,C,True,C,True,True,0
lever_flagship_panel_seed42.jsonl,GPQA-Diamond,flagship_panel,recE2ihVfqEK4R9d0,3,C,C,C,True,True,C,True,C,True,C,True,True,0
lever_flagship_panel_seed42.jsonl,GPQA-Diamond,flagship_panel,recb80OwMgNnceA9t,3,A,A,A,True,True,A,True,A,True,A,True,True,0
lever_flagship_panel_seed42.jsonl,GPQA-Diamond,flagship_panel,reczjcMtrB1YGS2fO,3,A,A,A,True,True,A,True,A,True,A,True,True,0
lever_flagship_panel_seed42.jsonl,GPQA-Diamond,flagship_panel,recGFNRVl1qBZGwyU,3,B,B,B,True,True,B,True,B,True,B,True,True,0
lever_flagship_panel_seed42.jsonl,GPQA-Diamond,flagship_panel,recpki12iG9RUGrz9,3,D,D,D,True,True,D,True,D,True,D,True,True,0
lever_flagship_panel_seed42.jsonl,GPQA-Diamond,flagship_panel,recIj8lR4tuDgrHou,3,C,C,C,True,True,C,True,C,True,C,True,True,0
lever_flagship_panel_seed42.jsonl,GPQA-Diamond,flagship_panel,rec260hNUCEj109Dj,3,C,C,C,True,True,C,True,C,True,C,True,True,0
lever_flagship_panel_seed42.jsonl,GPQA-Diamond,flagship_panel,recLAgwx9vbgB5EHk,3,B,B,B,True,True,B,True,B,True,B,True,True,0
lever_flagship_panel_seed42.jsonl,GPQA-Diamond,flagship_panel,recXvQ6gWAmyakrpD,3,B,B,B,True,True,B,True,B,True,B,True,True,0
lever_flagship_panel_seed42.jsonl,GPQA-Diamond,flagship_panel,recWPMm91mGDLXONm,3,D,D,D,True,True,D,True,D,True,D,True,True,0
lever_flagship_panel_seed42.jsonl,GPQA-Diamond,flagship_panel,recVvpD8miVjmmyfe,3,D,A,A,False,True,A,False,A,False,A,False,True,0
lever_flagship_panel_seed42.jsonl,GPQA-Diamond,flagship_panel,recSBcGLPatKb3Ygu,3,D,D,D,True,True,D,True,D,True,D,True,True,0
lever_flagship_panel_seed42.jsonl,GPQA-Diamond,flagship_panel,recHVUd2DkoKfedJZ,3,A,A,A,True,True,A,True,A,True,A,True,True,0
lever_flagship_panel_seed42.jsonl,GPQA-Diamond,flagship_panel,recOvqPKUtyy9ISA1,3,D,B,B,False,True,B,False,B,False,B,False,True,0
lever_flagship_panel_seed42.jsonl,GPQA-Diamond,flagship_panel,recmI7EiLv72PxmYK,3,B,B,B,True,True,B,True,B,True,B,True,True,0
lever_flagship_panel_seed42.jsonl,GPQA-Diamond,flagship_panel,recnGEpF1srQpaqWq,3,B,B,B,True,True,B,True,B,True,B,True,True,0
lever_flagship_panel_seed42.jsonl,GPQA-Diamond,flagship_panel,recVEXvhYxAhELVqB,3,A,A,A,True,True,A,True,A,True,A,True,True,0
lever_flagship_panel_seed42.jsonl,GPQA-Diamond,flagship_panel,reczzzihL7btBH7RO,3,A,C,C,False,True,C,False,C,False,C,False,False,0
lever_flagship_panel_seed42.jsonl,GPQA-Diamond,flagship_panel,recPSTGXK3P39yNYT,3,C,C,C,True,True,C,True,C,True,C,True,True,0
lever_flagship_panel_seed42.jsonl,GPQA-Diamond,flagship_panel,recatj4YXzbOaq3Ar,3,C,C,C,True,True,C,True,C,True,C,True,True,0
lever_flagship_panel_seed42.jsonl,GPQA-Diamond,flagship_panel,recIlghoOw5VbY4Zh,3,C,C,C,True,True,C,True,C,True,C,True,True,0
lever_flagship_panel_seed42.jsonl,GPQA-Diamond,flagship_panel,recL9MFV5zmdlle5T,3,D,D,D,True,True,D,True,D,True,D,True,True,0
lever_flagship_panel_seed42.jsonl,GPQA-Diamond,flagship_panel,recwW1A85nfyQpReG,3,C,C,C,True,True,C,True,C,True,C,True,True,0
lever_flagship_panel_seed42.jsonl,GPQA-Diamond,flagship_panel,recEmTBhx2hgw6tPQ,3,B,D,D,False,True,D,False,D,False,D,False,True,0
lever_flagship_panel_seed42.jsonl,GPQA-Diamond,flagship_panel,recMicVBcqy1xM1jq,3,B,B,B,True,True,B,True,B,True,B,True,True,0
lever_flagship_panel_seed42.jsonl,GPQA-Diamond,flagship_panel,recNuT2oSnO86bxOx,3,D,D,D,True,True,D,True,D,True,D,True,True,0
lever_flagship_panel_seed42.jsonl,GPQA-Diamond,flagship_panel,recGee5m84dg5FZkc,3,C,C,C,True,True,C,True,C,True,C,True,True,0
lever_flagship_panel_seed42.jsonl,GPQA-Diamond,flagship_panel,rec4L69T0Y1AS4AFS,3,B,C,C,False,True,C,False,B,True,C,False,True,0
lever_flagship_panel_seed42.jsonl,GPQA-Diamond,flagship_panel,recJZ3QEfRKjYw9a7,3,A,A,A,True,True,A,True,A,True,A,True,True,0
lever_flagship_panel_seed42.jsonl,GPQA-Diamond,flagship_panel,recooG6bivTUJpDBz,3,A,A,A,True,True,A,True,A,True,A,True,True,0
lever_flagship_panel_seed42.jsonl,GPQA-Diamond,flagship_panel,recdya6FuYraBU5Rh,3,B,B,B,True,True,B,True,B,True,B,True,True,0
lever_flagship_panel_seed42.jsonl,GPQA-Diamond,flagship_panel,recwlwlcPvXVNPmvl,3,D,D,D,True,True,D,True,D,True,D,True,True,0
lever_flagship_panel_seed42.jsonl,GPQA-Diamond,flagship_panel,rec5rjeLsEq5Fg7Oj,3,D,B,B,False,True,B,False,B,False,B,False,False,0
lever_flagship_panel_seed42.jsonl,GPQA-Diamond,flagship_panel,rectXfsCM1dj4Kv2c,3,C,C,C,True,True,C,True,C,True,C,True,True,0
lever_flagship_panel_seed42.jsonl,GPQA-Diamond,flagship_panel,recaXdGn3FAIkxLGM,3,D,D,D,True,True,D,True,D,True,D,True,True,0
lever_flagship_panel_seed42.jsonl,GPQA-Diamond,flagship_panel,reccOKzFNmyqeJ6ry,3,D,D,D,True,True,D,True,D,True,D,True,True,0
lever_flagship_panel_seed42.jsonl,GPQA-Diamond,flagship_panel,rec06pnAkLOr2t2mp,3,B,B,B,True,True,B,True,B,True,B,True,True,0
lever_flagship_panel_seed42.jsonl,GPQA-Diamond,flagship_panel,reckEnrOPFT9Ru7tW,3,B,B,B,True,True,B,True,B,True,B,True,True,0
lever_flagship_panel_seed42.jsonl,GPQA-Diamond,flagship_panel,recs3PLPUEMiqg4P8,3,C,C,C,True,True,C,True,C,True,C,True,True,0
lever_flagship_panel_seed42.jsonl,GPQA-Diamond,flagship_panel,recO3hvCWRGiG0odN,3,B,B,B,True,True,B,True,B,True,B,True,True,0
lever_flagship_panel_seed42.jsonl,GPQA-Diamond,flagship_panel,rec7C06XOB2h298ue,3,D,D,D,True,True,D,True,D,True,D,True,True,0
lever_flagship_panel_seed42.jsonl,GPQA-Diamond,flagship_panel,rechgQucGlrnt8KRV,3,B,B,B,True,True,B,True,B,True,B,True,True,0
lever_flagship_panel_seed42.jsonl,GPQA-Diamond,flagship_panel,reck4G4xxv3YnpbtQ,3,B,B,B,True,True,B,True,B,True,B,True,True,0
lever_flagship_panel_seed42.jsonl,GPQA-Diamond,flagship_panel,reccVFW11Elovnf8T,3,C,C,C,True,True,C,True,C,True,C,True,True,0
lever_flagship_panel_seed42.jsonl,GPQA-Diamond,flagship_panel,recoiTJPGUmzAkief,3,D,D,D,True,True,D,True,D,True,D,True,True,0
lever_flagship_panel_seed42.jsonl,GPQA-Diamond,flagship_panel,recI1ls9OXdxatHQn,3,A,A,A,True,True,A,True,A,True,A,True,True,0
lever_flagship_panel_seed42.jsonl,GPQA-Diamond,flagship_panel,recmkvk6EFAmqyMxR,3,B,B,B,True,True,B,True,B,True,B,True,True,0
lever_flagship_panel_seed42.jsonl,GPQA-Diamond,flagship_panel,recRZjaElf8ft7xTq,3,C,C,C,True,True,C,True,C,True,C,True,True,0
lever_flagship_panel_seed42.jsonl,GPQA-Diamond,flagship_panel,recIOlKBsOeEcgkA1,3,D,D,D,True,True,D,True,D,True,D,True,True,0
lever_flagship_panel_seed42.jsonl,GPQA-Diamond,flagship_panel,rechtUKxC6G67H7Pr,3,C,C,C,True,True,C,True,C,True,C,True,True,0
lever_flagship_panel_seed42.jsonl,GPQA-Diamond,flagship_panel,rec8y3ZrBOcLgNEkE,3,B,B,B,True,True,B,True,B,True,B,True,True,0
lever_flagship_panel_seed42.jsonl,GPQA-Diamond,flagship_panel,reczUoM8JsxU6pYxr,3,D,D,D,True,True,D,True,D,True,D,True,True,0
lever_flagship_panel_seed42.jsonl,GPQA-Diamond,flagship_panel,rec5eA17Qr1ucNLUf,3,C,C,C,True,True,C,True,C,True,C,True,True,0
lever_flagship_panel_seed42.jsonl,GPQA-Diamond,flagship_panel,recINGR1z01Fh1Z3A,3,C,C,C,True,True,C,True,C,True,C,True,True,0
lever_flagship_panel_seed42.jsonl,GPQA-Diamond,flagship_panel,recPIzpnuYpB4yvmp,3,D,D,D,True,True,D,True,D,True,D,True,True,0
lever_flagship_panel_seed42.jsonl,GPQA-Diamond,flagship_panel,recclFbsjbaiVVnnV,3,C,C,C,True,True,C,True,C,True,C,True,True,0
lever_flagship_panel_seed42.jsonl,GPQA-Diamond,flagship_panel,recPL4ZPpVYxgMu57,3,A,A,A,True,True,A,True,A,True,A,True,True,0
lever_flagship_panel_seed42.jsonl,GPQA-Diamond,flagship_panel,receYQxnUBvxPcvbQ,3,B,B,B,True,True,B,True,B,True,B,True,True,0
lever_flagship_panel_seed42.jsonl,GPQA-Diamond,flagship_panel,reczkBiPPNrNN49Hp,3,B,B,B,True,True,B,True,B,True,B,True,True,0
lever_flagship_panel_seed42.jsonl,GPQA-Diamond,flagship_panel,receo3UUzRvWCqyfA,3,C,C,C,True,True,C,True,C,True,C,True,True,0
lever_flagship_panel_seed42.jsonl,GPQA-Diamond,flagship_panel,recuYEkVjdVUwA3c0,3,C,C,C,True,True,C,True,C,True,C,True,True,0
lever_flagship_panel_seed42.jsonl,GPQA-Diamond,flagship_panel,recJJcOHhFeSaRpl4,3,C,C,C,True,True,C,True,C,True,C,True,True,0
lever_flagship_panel_seed42.jsonl,GPQA-Diamond,flagship_panel,recLSzwBUS3olCjhl,3,C,C,C,True,True,C,True,C,True,C,True,True,0
lever_flagship_panel_seed42.jsonl,GPQA-Diamond,flagship_panel,recv7GsQg3f0fvB1f,3,A,A,A,True,True,A,True,A,True,A,True,True,0
lever_flagship_panel_seed42.jsonl,GPQA-Diamond,flagship_panel,recn3NhOhqAPLda16,3,D,D,D,True,True,D,True,D,True,D,True,True,0
lever_flagship_panel_seed42.jsonl,GPQA-Diamond,flagship_panel,recUOePh79cp4T2Bg,3,B,C,C,False,True,C,False,C,False,C,False,False,0
lever_flagship_panel_seed42.jsonl,GPQA-Diamond,flagship_panel,recf6ayQmL1SxKbvW,3,D,A,A,False,True,A,False,A,False,A,False,False,0
lever_flagship_panel_seed42.jsonl,GPQA-Diamond,flagship_panel,recihePFulRgNKsIn,3,A,C,C,False,True,C,False,C,False,C,False,False,0
lever_flagship_panel_seed42.jsonl,GPQA-Diamond,flagship_panel,recrNbtgTNoabJJi6,3,D,D,D,True,True,D,True,D,True,D,True,True,0
lever_flagship_panel_seed42.jsonl,GPQA-Diamond,flagship_panel,rec8nshandHARTkrg,3,B,B,B,True,True,B,True,B,True,B,True,True,0
lever_flagship_panel_seed42.jsonl,GPQA-Diamond,flagship_panel,recr3VHM4zYf6dMFY,3,B,B,B,True,True,B,True,B,True,B,True,True,0
lever_flagship_panel_seed42.jsonl,GPQA-Diamond,flagship_panel,recFaL6j8UMhutXrc,3,A,A,A,True,True,A,True,A,True,A,True,True,0
lever_flagship_panel_seed42.jsonl,GPQA-Diamond,flagship_panel,recfTlTMjZBuOducT,3,D,D,D,True,True,D,True,D,True,D,True,True,0
lever_flagship_panel_seed42.jsonl,GPQA-Diamond,flagship_panel,recOkA2zsy4GSMD9R,3,B,B,B,True,True,B,True,B,True,B,True,True,0
lever_flagship_panel_seed42.jsonl,GPQA-Diamond,flagship_panel,recXsuOHRBLcyenF2,3,A,A,A,True,True,A,True,A,True,A,True,True,0
lever_flagship_panel_seed42.jsonl,GPQA-Diamond,flagship_panel,recBhnXrUyTJ6WHIR,3,D,B,B,False,True,B,False,B,False,B,False,False,0
lever_flagship_panel_seed42.jsonl,GPQA-Diamond,flagship_panel,reckl6PkaEMWM50yZ,3,C,C,C,True,True,C,True,C,True,C,True,True,0
lever_flagship_panel_seed42.jsonl,GPQA-Diamond,flagship_panel,recjJ54TXc04enRkZ,3,A,A,A,True,True,A,True,A,True,D,False,True,0
lever_flagship_panel_seed42_replicate.jsonl,GPQA-Diamond,flagship_panel,rec0wZvZgiz320KRs,3,B,B,B,True,True,B,True,B,True,B,True,True,0
lever_flagship_panel_seed42_replicate.jsonl,GPQA-Diamond,flagship_panel,recypVp2NmPlBKVTp,3,A,A,A,True,True,A,True,A,True,A,True,True,0
lever_flagship_panel_seed42_replicate.jsonl,GPQA-Diamond,flagship_panel,recINSFEYLCyyd08m,3,A,A,A,True,True,A,True,A,True,A,True,True,0
lever_flagship_panel_seed42_replicate.jsonl,GPQA-Diamond,flagship_panel,rechKl68Uc6H7vU0N,3,A,A,A,True,True,A,True,A,True,A,True,True,0
lever_flagship_panel_seed42_replicate.jsonl,GPQA-Diamond,flagship_panel,rec4r4KWNLrT7g2kR,3,D,D,D,True,True,D,True,D,True,D,True,True,0
lever_flagship_panel_seed42_replicate.jsonl,GPQA-Diamond,flagship_panel,recnawZPumSCLMVgp,3,A,A,A,True,True,A,True,A,True,A,True,True,0
lever_flagship_panel_seed42_replicate.jsonl,GPQA-Diamond,flagship_panel,rec527dNeEtWJrYNl,3,B,B,B,True,True,B,True,B,True,B,True,True,0
lever_flagship_panel_seed42_replicate.jsonl,GPQA-Diamond,flagship_panel,recQiWOxhkXRz9NVE,3,C,B,B,False,True,B,False,B,False,B,False,True,0
lever_flagship_panel_seed42_replicate.jsonl,GPQA-Diamond,flagship_panel,rec0yTRmO1o1xCA6H,3,C,C,C,True,True,C,True,C,True,C,True,True,0
lever_flagship_panel_seed42_replicate.jsonl,GPQA-Diamond,flagship_panel,recnTTKdBzfuoZ7w7,3,D,A,A,False,True,A,False,A,False,D,True,True,0
lever_flagship_panel_seed42_replicate.jsonl,GPQA-Diamond,flagship_panel,recDj2Y2BbtV02Wv5,3,B,D,D,False,True,D,False,D,False,D,False,True,0
lever_flagship_panel_seed42_replicate.jsonl,GPQA-Diamond,flagship_panel,rec6sE2CRtD4drtHg,3,C,C,C,True,True,C,True,C,True,C,True,True,0
lever_flagship_panel_seed42_replicate.jsonl,GPQA-Diamond,flagship_panel,recb80OwMgNnceA9t,3,A,A,A,True,True,A,True,A,True,A,True,True,0
lever_flagship_panel_seed42_replicate.jsonl,GPQA-Diamond,flagship_panel,recVvpD8miVjmmyfe,3,D,B,B,False,True,A,False,A,False,B,False,True,0
lever_flagship_panel_seed42_replicate.jsonl,GPQA-Diamond,flagship_panel,recE2ihVfqEK4R9d0,3,C,C,C,True,True,C,True,C,True,C,True,True,0
lever_flagship_panel_seed42_replicate.jsonl,GPQA-Diamond,flagship_panel,reczjcMtrB1YGS2fO,3,A,A,A,True,True,A,True,A,True,A,True,True,0
lever_flagship_panel_seed42_replicate.jsonl,GPQA-Diamond,flagship_panel,recpki12iG9RUGrz9,3,D,D,D,True,True,D,True,D,True,D,True,True,0
lever_flagship_panel_seed42_replicate.jsonl,GPQA-Diamond,flagship_panel,recGFNRVl1qBZGwyU,3,B,B,B,True,True,B,True,B,True,B,True,True,0
lever_flagship_panel_seed42_replicate.jsonl,GPQA-Diamond,flagship_panel,recIj8lR4tuDgrHou,3,C,C,C,True,True,C,True,C,True,C,True,True,0
lever_flagship_panel_seed42_replicate.jsonl,GPQA-Diamond,flagship_panel,rec260hNUCEj109Dj,3,C,C,C,True,True,C,True,C,True,C,True,True,0
lever_flagship_panel_seed42_replicate.jsonl,GPQA-Diamond,flagship_panel,recXvQ6gWAmyakrpD,3,B,B,B,True,True,B,True,B,True,B,True,True,0
lever_flagship_panel_seed42_replicate.jsonl,GPQA-Diamond,flagship_panel,recWPMm91mGDLXONm,3,D,D,D,True,True,D,True,D,True,D,True,True,0
lever_flagship_panel_seed42_replicate.jsonl,GPQA-Diamond,flagship_panel,recLAgwx9vbgB5EHk,3,B,B,B,True,True,B,True,B,True,B,True,True,0
lever_flagship_panel_seed42_replicate.jsonl,GPQA-Diamond,flagship_panel,recSBcGLPatKb3Ygu,3,D,D,D,True,True,D,True,D,True,D,True,True,0
lever_flagship_panel_seed42_replicate.jsonl,GPQA-Diamond,flagship_panel,recHVUd2DkoKfedJZ,3,A,A,A,True,True,A,True,A,True,A,True,True,0
lever_flagship_panel_seed42_replicate.jsonl,GPQA-Diamond,flagship_panel,recnGEpF1srQpaqWq,3,B,B,B,True,True,B,True,B,True,B,True,True,0
lever_flagship_panel_seed42_replicate.jsonl,GPQA-Diamond,flagship_panel,recmI7EiLv72PxmYK,3,B,B,B,True,True,B,True,B,True,B,True,True,0
lever_flagship_panel_seed42_replicate.jsonl,GPQA-Diamond,flagship_panel,recOvqPKUtyy9ISA1,3,D,D,D,True,True,D,True,D,True,D,True,True,0
lever_flagship_panel_seed42_replicate.jsonl,GPQA-Diamond,flagship_panel,recVEXvhYxAhELVqB,3,A,A,A,True,True,A,True,A,True,A,True,True,0
lever_flagship_panel_seed42_replicate.jsonl,GPQA-Diamond,flagship_panel,reczzzihL7btBH7RO,3,A,C,C,False,True,C,False,C,False,C,False,False,0
lever_flagship_panel_seed42_replicate.jsonl,GPQA-Diamond,flagship_panel,recPSTGXK3P39yNYT,3,C,C,C,True,True,C,True,C,True,C,True,True,0
lever_flagship_panel_seed42_replicate.jsonl,GPQA-Diamond,flagship_panel,recatj4YXzbOaq3Ar,3,C,C,C,True,True,C,True,C,True,C,True,True,0
lever_flagship_panel_seed42_replicate.jsonl,GPQA-Diamond,flagship_panel,recIlghoOw5VbY4Zh,3,C,C,C,True,True,C,True,C,True,C,True,True,0
lever_flagship_panel_seed42_replicate.jsonl,GPQA-Diamond,flagship_panel,recL9MFV5zmdlle5T,3,D,D,D,True,True,D,True,D,True,D,True,True,0
lever_flagship_panel_seed42_replicate.jsonl,GPQA-Diamond,flagship_panel,rec5rjeLsEq5Fg7Oj,3,D,D,D,True,True,D,True,D,True,B,False,True,0
lever_flagship_panel_seed42_replicate.jsonl,GPQA-Diamond,flagship_panel,recwW1A85nfyQpReG,3,C,C,C,True,True,C,True,C,True,C,True,True,0
lever_flagship_panel_seed42_replicate.jsonl,GPQA-Diamond,flagship_panel,recMicVBcqy1xM1jq,3,B,B,B,True,True,B,True,B,True,B,True,True,0
lever_flagship_panel_seed42_replicate.jsonl,GPQA-Diamond,flagship_panel,recNuT2oSnO86bxOx,3,D,D,D,True,True,D,True,D,True,D,True,True,0
lever_flagship_panel_seed42_replicate.jsonl,GPQA-Diamond,flagship_panel,recGee5m84dg5FZkc,3,C,C,C,True,True,C,True,C,True,C,True,True,0
lever_flagship_panel_seed42_replicate.jsonl,GPQA-Diamond,flagship_panel,recEmTBhx2hgw6tPQ,3,B,D,D,False,True,D,False,B,True,B,True,True,0
lever_flagship_panel_seed42_replicate.jsonl,GPQA-Diamond,flagship_panel,recJZ3QEfRKjYw9a7,3,A,A,A,True,True,A,True,A,True,A,True,True,0
lever_flagship_panel_seed42_replicate.jsonl,GPQA-Diamond,flagship_panel,recdya6FuYraBU5Rh,3,B,B,B,True,True,B,True,B,True,B,True,True,0
lever_flagship_panel_seed42_replicate.jsonl,GPQA-Diamond,flagship_panel,recwlwlcPvXVNPmvl,3,D,D,D,True,True,D,True,D,True,D,True,True,0
lever_flagship_panel_seed42_replicate.jsonl,GPQA-Diamond,flagship_panel,recooG6bivTUJpDBz,3,A,A,A,True,True,A,True,A,True,D,False,True,0
lever_flagship_panel_seed42_replicate.jsonl,GPQA-Diamond,flagship_panel,recaXdGn3FAIkxLGM,3,D,D,D,True,True,D,True,D,True,D,True,True,0
lever_flagship_panel_seed42_replicate.jsonl,GPQA-Diamond,flagship_panel,rectXfsCM1dj4Kv2c,3,C,C,C,True,True,C,True,C,True,C,True,True,0
lever_flagship_panel_seed42_replicate.jsonl,GPQA-Diamond,flagship_panel,reccOKzFNmyqeJ6ry,3,D,D,D,True,True,D,True,D,True,D,True,True,0
lever_flagship_panel_seed42_replicate.jsonl,GPQA-Diamond,flagship_panel,recs3PLPUEMiqg4P8,3,C,C,C,True,True,C,True,C,True,C,True,True,0
lever_flagship_panel_seed42_replicate.jsonl,GPQA-Diamond,flagship_panel,rec4L69T0Y1AS4AFS,3,B,C,C,False,True,C,False,B,True,C,False,True,0
lever_flagship_panel_seed42_replicate.jsonl,GPQA-Diamond,flagship_panel,recO3hvCWRGiG0odN,3,B,B,B,True,True,B,True,B,True,B,True,True,0
lever_flagship_panel_seed42_replicate.jsonl,GPQA-Diamond,flagship_panel,rec7C06XOB2h298ue,3,D,D,D,True,True,D,True,D,True,D,True,True,0
lever_flagship_panel_seed42_replicate.jsonl,GPQA-Diamond,flagship_panel,rec06pnAkLOr2t2mp,3,B,B,B,True,True,B,True,B,True,B,True,True,0
lever_flagship_panel_seed42_replicate.jsonl,GPQA-Diamond,flagship_panel,reckEnrOPFT9Ru7tW,3,B,B,B,True,True,B,True,B,True,B,True,True,0
lever_flagship_panel_seed42_replicate.jsonl,GPQA-Diamond,flagship_panel,rechgQucGlrnt8KRV,3,B,B,B,True,True,B,True,B,True,B,True,True,0
lever_flagship_panel_seed42_replicate.jsonl,GPQA-Diamond,flagship_panel,reccVFW11Elovnf8T,3,C,C,C,True,True,C,True,C,True,C,True,True,0
lever_flagship_panel_seed42_replicate.jsonl,GPQA-Diamond,flagship_panel,recoiTJPGUmzAkief,3,D,D,D,True,True,D,True,D,True,D,True,True,0
lever_flagship_panel_seed42_replicate.jsonl,GPQA-Diamond,flagship_panel,recRZjaElf8ft7xTq,3,C,C,C,True,True,C,True,C,True,C,True,True,0
lever_flagship_panel_seed42_replicate.jsonl,GPQA-Diamond,flagship_panel,recI1ls9OXdxatHQn,3,A,A,A,True,True,A,True,A,True,A,True,True,0
lever_flagship_panel_seed42_replicate.jsonl,GPQA-Diamond,flagship_panel,reck4G4xxv3YnpbtQ,3,B,B,B,True,True,B,True,C,False,C,False,True,0
lever_flagship_panel_seed42_replicate.jsonl,GPQA-Diamond,flagship_panel,recIOlKBsOeEcgkA1,3,D,D,D,True,True,D,True,D,True,D,True,True,0
lever_flagship_panel_seed42_replicate.jsonl,GPQA-Diamond,flagship_panel,recmkvk6EFAmqyMxR,3,B,B,B,True,True,B,True,B,True,B,True,True,0
lever_flagship_panel_seed42_replicate.jsonl,GPQA-Diamond,flagship_panel,rechtUKxC6G67H7Pr,3,C,C,C,True,True,C,True,C,True,C,True,True,0
lever_flagship_panel_seed42_replicate.jsonl,GPQA-Diamond,flagship_panel,rec8y3ZrBOcLgNEkE,3,B,B,B,True,True,B,True,B,True,B,True,True,0
lever_flagship_panel_seed42_replicate.jsonl,GPQA-Diamond,flagship_panel,reczUoM8JsxU6pYxr,3,D,D,D,True,True,D,True,D,True,D,True,True,0
lever_flagship_panel_seed42_replicate.jsonl,GPQA-Diamond,flagship_panel,rec5eA17Qr1ucNLUf,3,C,C,C,True,True,C,True,C,True,C,True,True,0
lever_flagship_panel_seed42_replicate.jsonl,GPQA-Diamond,flagship_panel,recclFbsjbaiVVnnV,3,C,C,C,True,True,C,True,C,True,C,True,True,0
lever_flagship_panel_seed42_replicate.jsonl,GPQA-Diamond,flagship_panel,recINGR1z01Fh1Z3A,3,C,C,C,True,True,C,True,C,True,C,True,True,0
lever_flagship_panel_seed42_replicate.jsonl,GPQA-Diamond,flagship_panel,recPIzpnuYpB4yvmp,3,D,D,D,True,True,D,True,D,True,D,True,True,0
lever_flagship_panel_seed42_replicate.jsonl,GPQA-Diamond,flagship_panel,recPL4ZPpVYxgMu57,3,A,A,A,True,True,A,True,A,True,A,True,True,0
lever_flagship_panel_seed42_replicate.jsonl,GPQA-Diamond,flagship_panel,reczkBiPPNrNN49Hp,3,B,B,B,True,True,B,True,B,True,B,True,True,0
lever_flagship_panel_seed42_replicate.jsonl,GPQA-Diamond,flagship_panel,receYQxnUBvxPcvbQ,3,B,B,B,True,True,B,True,B,True,B,True,True,0
lever_flagship_panel_seed42_replicate.jsonl,GPQA-Diamond,flagship_panel,receo3UUzRvWCqyfA,3,C,C,C,True,True,C,True,C,True,C,True,True,0
lever_flagship_panel_seed42_replicate.jsonl,GPQA-Diamond,flagship_panel,recJJcOHhFeSaRpl4,3,C,C,C,True,True,C,True,C,True,C,True,True,0
lever_flagship_panel_seed42_replicate.jsonl,GPQA-Diamond,flagship_panel,recuYEkVjdVUwA3c0,3,C,C,C,True,True,C,True,C,True,C,True,True,0
lever_flagship_panel_seed42_replicate.jsonl,GPQA-Diamond,flagship_panel,recLSzwBUS3olCjhl,3,C,C,C,True,True,C,True,C,True,C,True,True,0
lever_flagship_panel_seed42_replicate.jsonl,GPQA-Diamond,flagship_panel,recv7GsQg3f0fvB1f,3,A,A,A,True,True,A,True,A,True,A,True,True,0
lever_flagship_panel_seed42_replicate.jsonl,GPQA-Diamond,flagship_panel,recn3NhOhqAPLda16,3,D,D,D,True,True,D,True,D,True,D,True,True,0
lever_flagship_panel_seed42_replicate.jsonl,GPQA-Diamond,flagship_panel,recf6ayQmL1SxKbvW,3,D,A,A,False,True,A,False,A,False,A,False,False,0
lever_flagship_panel_seed42_replicate.jsonl,GPQA-Diamond,flagship_panel,recihePFulRgNKsIn,3,A,C,C,False,True,C,False,C,False,C,False,False,0
lever_flagship_panel_seed42_replicate.jsonl,GPQA-Diamond,flagship_panel,recrNbtgTNoabJJi6,3,D,D,D,True,True,D,True,D,True,D,True,True,0
lever_flagship_panel_seed42_replicate.jsonl,GPQA-Diamond,flagship_panel,recFaL6j8UMhutXrc,3,A,A,A,True,True,A,True,A,True,A,True,True,0
lever_flagship_panel_seed42_replicate.jsonl,GPQA-Diamond,flagship_panel,rec8nshandHARTkrg,3,B,B,B,True,True,B,True,B,True,B,True,True,0
lever_flagship_panel_seed42_replicate.jsonl,GPQA-Diamond,flagship_panel,recr3VHM4zYf6dMFY,3,B,B,B,True,True,B,True,B,True,B,True,True,0
lever_flagship_panel_seed42_replicate.jsonl,GPQA-Diamond,flagship_panel,recjJ54TXc04enRkZ,3,A,A,A,True,True,A,True,A,True,A,True,True,0
lever_flagship_panel_seed42_replicate.jsonl,GPQA-Diamond,flagship_panel,recUOePh79cp4T2Bg,3,B,C,C,False,True,C,False,C,False,A,False,False,0
lever_flagship_panel_seed42_replicate.jsonl,GPQA-Diamond,flagship_panel,recfTlTMjZBuOducT,3,D,D,D,True,True,D,True,D,True,D,True,True,0
lever_flagship_panel_seed42_replicate.jsonl,GPQA-Diamond,flagship_panel,recXsuOHRBLcyenF2,3,A,A,A,True,True,A,True,A,True,A,True,True,0
lever_flagship_panel_seed42_replicate.jsonl,GPQA-Diamond,flagship_panel,recOkA2zsy4GSMD9R,3,B,B,B,True,True,B,True,B,True,B,True,True,0
lever_flagship_panel_seed42_replicate.jsonl,GPQA-Diamond,flagship_panel,recBhnXrUyTJ6WHIR,3,D,B,B,False,True,B,False,B,False,B,False,False,0
lever_flagship_panel_seed42_replicate.jsonl,GPQA-Diamond,flagship_panel,reckl6PkaEMWM50yZ,3,C,C,C,True,True,C,True,C,True,C,True,True,0
lever_flagship_panel_seed7.jsonl,GPQA-Diamond,flagship_panel,recz3MfYHPRhsEQkW,3,D,D,D,True,True,D,True,D,True,D,True,True,0
lever_flagship_panel_seed7.jsonl,GPQA-Diamond,flagship_panel,recoiTJPGUmzAkief,3,A,A,A,True,True,A,True,A,True,A,True,True,0
lever_flagship_panel_seed7.jsonl,GPQA-Diamond,flagship_panel,recooG6bivTUJpDBz,3,D,D,D,True,True,D,True,D,True,D,True,True,0
lever_flagship_panel_seed7.jsonl,GPQA-Diamond,flagship_panel,recrHBEJJoDTV05JR,3,A,A,A,True,True,A,True,A,True,A,True,True,0
lever_flagship_panel_seed7.jsonl,GPQA-Diamond,flagship_panel,rec527dNeEtWJrYNl,3,A,A,A,True,True,A,True,A,True,A,True,True,0
lever_flagship_panel_seed7.jsonl,GPQA-Diamond,flagship_panel,recFaL6j8UMhutXrc,3,B,B,B,True,True,B,True,B,True,B,True,True,0
lever_flagship_panel_seed7.jsonl,GPQA-Diamond,flagship_panel,recYt8xx80OTyDsL0,3,C,C,C,True,True,C,True,C,True,C,True,True,0
lever_flagship_panel_seed7.jsonl,GPQA-Diamond,flagship_panel,rec0yTRmO1o1xCA6H,3,B,B,B,True,True,B,True,B,True,B,True,True,0
lever_flagship_panel_seed7.jsonl,GPQA-Diamond,flagship_panel,recOvqPKUtyy9ISA1,3,D,D,D,True,True,D,True,D,True,D,True,True,0
lever_flagship_panel_seed7.jsonl,GPQA-Diamond,flagship_panel,recmwwQJnx7ll7bqL,3,D,D,D,True,True,D,True,D,True,D,True,True,0
lever_flagship_panel_seed7.jsonl,GPQA-Diamond,flagship_panel,rec2UlKqC6RFHdcro,3,B,B,B,True,True,B,True,B,True,B,True,True,0
lever_flagship_panel_seed7.jsonl,GPQA-Diamond,flagship_panel,recD8oX1KevFbl7bL,3,B,B,B,True,True,B,True,B,True,B,True,True,0
lever_flagship_panel_seed7.jsonl,GPQA-Diamond,flagship_panel,reczUoM8JsxU6pYxr,3,A,A,A,True,True,A,True,A,True,A,True,True,0
lever_flagship_panel_seed7.jsonl,GPQA-Diamond,flagship_panel,recBXlqrZUCR897It,3,B,B,B,True,True,B,True,B,True,B,True,True,0
lever_flagship_panel_seed7.jsonl,GPQA-Diamond,flagship_panel,recYOzCsevNz61Lyn,3,C,C,C,True,True,C,True,C,True,C,True,True,0
lever_flagship_panel_seed7.jsonl,GPQA-Diamond,flagship_panel,recDDxpS9s8cwkqfq,3,C,C,C,True,True,C,True,C,True,C,True,True,0
lever_flagship_panel_seed7.jsonl,GPQA-Diamond,flagship_panel,rec47oNPXudlTIk4y,3,B,D,D,False,True,D,False,D,False,D,False,False,0
lever_flagship_panel_seed7.jsonl,GPQA-Diamond,flagship_panel,recEmTBhx2hgw6tPQ,3,B,C,C,False,True,C,False,C,False,C,False,True,0
lever_flagship_panel_seed7.jsonl,GPQA-Diamond,flagship_panel,recIMcQfaQNa6vzsT,3,C,C,C,True,True,C,True,C,True,C,True,True,0
lever_flagship_panel_seed7.jsonl,GPQA-Diamond,flagship_panel,rec0Arme2jcXQZnAW,3,A,A,A,True,True,A,True,A,True,A,True,True,0
lever_flagship_panel_seed7.jsonl,GPQA-Diamond,flagship_panel,reck4G4xxv3YnpbtQ,3,C,A,A,False,True,A,False,A,False,A,False,True,0
lever_flagship_panel_seed7.jsonl,GPQA-Diamond,flagship_panel,recb80OwMgNnceA9t,3,D,D,D,True,True,D,True,A,False,D,True,True,0
lever_flagship_panel_seed7.jsonl,GPQA-Diamond,flagship_panel,reccVBrYdwsB84fGy,3,D,D,D,True,True,D,True,D,True,D,True,True,0
lever_flagship_panel_seed7.jsonl,GPQA-Diamond,flagship_panel,recS48OsU6kVadBPW,3,B,B,B,True,True,B,True,B,True,B,True,True,0
lever_flagship_panel_seed7.jsonl,GPQA-Diamond,flagship_panel,recPzW1WqRnPs57D6,3,A,A,A,True,True,A,True,A,True,A,True,True,0
lever_flagship_panel_seed7.jsonl,GPQA-Diamond,flagship_panel,rec1zl5LvaatzGhFt,3,D,D,D,True,True,D,True,D,True,D,True,True,0
lever_flagship_panel_seed7.jsonl,GPQA-Diamond,flagship_panel,recyl3usDqb7ruXJx,3,B,B,B,True,True,B,True,B,True,B,True,True,0
lever_flagship_panel_seed7.jsonl,GPQA-Diamond,flagship_panel,recpki12iG9RUGrz9,3,C,C,C,True,True,C,True,C,True,C,True,True,0
lever_flagship_panel_seed7.jsonl,GPQA-Diamond,flagship_panel,recPSTGXK3P39yNYT,3,B,B,B,True,True,B,True,B,True,B,True,True,0
lever_flagship_panel_seed7.jsonl,GPQA-Diamond,flagship_panel,recihePFulRgNKsIn,3,C,D,D,False,True,D,False,D,False,D,False,False,0
lever_flagship_panel_seed7.jsonl,GPQA-Diamond,flagship_panel,recRhwQwHijW0gCLo,3,B,B,B,True,True,B,True,B,True,B,True,True,0
lever_flagship_panel_seed7.jsonl,GPQA-Diamond,flagship_panel,recVvpD8miVjmmyfe,3,C,C,C,True,True,C,True,C,True,B,False,True,0
lever_flagship_panel_seed7.jsonl,GPQA-Diamond,flagship_panel,recdya6FuYraBU5Rh,3,A,A,A,True,True,A,True,A,True,A,True,True,0
lever_flagship_panel_seed7.jsonl,GPQA-Diamond,flagship_panel,recwW1A85nfyQpReG,3,C,C,C,True,True,C,True,C,True,C,True,True,0
lever_flagship_panel_seed7.jsonl,GPQA-Diamond,flagship_panel,recWxGU8Q4YReJ1tb,3,D,A,A,False,True,A,False,A,False,A,False,False,0
lever_flagship_panel_seed7.jsonl,GPQA-Diamond,flagship_panel,recXsYa3i2UhGF5fe,3,B,B,B,True,True,B,True,B,True,B,True,True,0
lever_flagship_panel_seed7.jsonl,GPQA-Diamond,flagship_panel,recf6ayQmL1SxKbvW,3,D,B,B,False,True,B,False,B,False,B,False,False,0
lever_flagship_panel_seed7.jsonl,GPQA-Diamond,flagship_panel,recRTiyaRymerDJ4y,3,B,B,B,True,True,B,True,B,True,B,True,True,0
lever_flagship_panel_seed7.jsonl,GPQA-Diamond,flagship_panel,rec06pnAkLOr2t2mp,3,A,A,A,True,True,A,True,A,True,A,True,True,0
lever_flagship_panel_seed7.jsonl,GPQA-Diamond,flagship_panel,recHVUd2DkoKfedJZ,3,C,C,C,True,True,C,True,C,True,C,True,True,0
lever_flagship_panel_seed7.jsonl,GPQA-Diamond,flagship_panel,recINSFEYLCyyd08m,3,A,A,A,True,True,A,True,A,True,A,True,True,0
lever_flagship_panel_seed7.jsonl,GPQA-Diamond,flagship_panel,recQ8oxSY2aCwFRS8,3,C,C,C,True,True,C,True,C,True,C,True,True,0
lever_flagship_panel_seed7.jsonl,GPQA-Diamond,flagship_panel,recAYkd96NNuNl1Ei,3,B,A,A,False,True,A,False,A,False,A,False,False,0
lever_flagship_panel_seed7.jsonl,GPQA-Diamond,flagship_panel,recJZ3QEfRKjYw9a7,3,D,D,D,True,True,D,True,D,True,D,True,True,0
lever_flagship_panel_seed7.jsonl,GPQA-Diamond,flagship_panel,rechKl68Uc6H7vU0N,3,B,B,B,True,True,B,True,B,True,B,True,True,0
lever_flagship_panel_seed7.jsonl,GPQA-Diamond,flagship_panel,recRZjaElf8ft7xTq,3,D,D,D,True,True,D,True,D,True,D,True,True,0
lever_flagship_panel_seed7.jsonl,GPQA-Diamond,flagship_panel,recb4cGsC6BJUCU3V,3,D,D,D,True,True,D,True,D,True,D,True,True,0
lever_flagship_panel_seed7.jsonl,GPQA-Diamond,flagship_panel,reca44yABeO2fx7UB,3,D,D,D,True,True,D,True,D,True,D,True,True,0
lever_flagship_panel_seed7.jsonl,GPQA-Diamond,flagship_panel,recjJ54TXc04enRkZ,3,C,A,A,False,True,A,False,A,False,A,False,False,0
lever_flagship_panel_seed7.jsonl,GPQA-Diamond,flagship_panel,recclFbsjbaiVVnnV,3,D,C,C,False,True,C,False,C,False,D,True,True,0
lever_flagship_panel_seed7.jsonl,GPQA-Diamond,flagship_panel,recvlnu8BuLmXZhSX,3,B,B,B,True,True,B,True,B,True,B,True,True,0
lever_flagship_panel_seed7.jsonl,GPQA-Diamond,flagship_panel,recxsX66ktJ1Lwt4f,3,A,A,A,True,True,A,True,A,True,A,True,True,0
lever_flagship_panel_seed7.jsonl,GPQA-Diamond,flagship_panel,recUc29lMDBEvurYo,3,A,A,A,True,True,A,True,A,True,A,True,True,0
lever_flagship_panel_seed7.jsonl,GPQA-Diamond,flagship_panel,rectlyG9pCAAuWhoB,3,C,B,B,False,True,B,False,B,False,B,False,True,0
lever_flagship_panel_seed7.jsonl,GPQA-Diamond,flagship_panel,recMicVBcqy1xM1jq,3,B,B,B,True,True,B,True,B,True,B,True,True,0
lever_flagship_panel_seed7.jsonl,GPQA-Diamond,flagship_panel,recLrRirj7iXoB0rU,3,C,C,C,True,True,C,True,C,True,C,True,True,0
lever_flagship_panel_seed7.jsonl,GPQA-Diamond,flagship_panel,recReg13iV2HwJTaA,3,B,B,B,True,True,B,True,B,True,B,True,True,0
lever_flagship_panel_seed7.jsonl,GPQA-Diamond,flagship_panel,recYCMJWH7IpcdqwE,3,D,D,D,True,True,D,True,D,True,D,True,True,0
lever_flagship_panel_seed7.jsonl,GPQA-Diamond,flagship_panel,recZWeueB7lSPR6wN,3,B,B,B,True,True,B,True,B,True,B,True,True,0
lever_flagship_panel_seed7.jsonl,GPQA-Diamond,flagship_panel,recZbxrocrxh9YENH,3,A,A,A,True,True,A,True,A,True,A,True,True,0
lever_flagship_panel_seed7.jsonl,GPQA-Diamond,flagship_panel,rec32C1ZEapBnCC0E,3,D,D,D,True,True,D,True,D,True,D,True,True,0
lever_flagship_panel_seed7.jsonl,GPQA-Diamond,flagship_panel,recVE8cUNHpHZIAvL,3,B,B,B,True,True,B,True,B,True,B,True,True,0
lever_flagship_panel_seed7.jsonl,GPQA-Diamond,flagship_panel,recGFKDUd8qgz81Zl,3,C,C,C,True,True,C,True,C,True,C,True,True,0
lever_flagship_panel_seed7.jsonl,GPQA-Diamond,flagship_panel,recXvQ6gWAmyakrpD,3,C,C,C,True,True,C,True,C,True,C,True,True,0
lever_flagship_panel_seed7.jsonl,GPQA-Diamond,flagship_panel,recKv4hFyNpViUXnL,3,B,B,B,True,True,B,True,B,True,C,False,True,0
lever_flagship_panel_seed7.jsonl,GPQA-Diamond,flagship_panel,recl1UtgTVKishAq4,3,A,A,A,True,True,A,True,A,True,A,True,True,0
lever_flagship_panel_seed7.jsonl,GPQA-Diamond,flagship_panel,recUBgVlkKzcRPDdK,3,D,C,C,False,True,C,False,C,False,C,False,False,0
lever_flagship_panel_seed7.jsonl,GPQA-Diamond,flagship_panel,recKm6LNWykGapmCr,3,B,B,B,True,True,B,True,B,True,B,True,True,0
lever_flagship_panel_seed7.jsonl,GPQA-Diamond,flagship_panel,recLB0EkQ54bYVhnd,3,A,A,A,True,True,A,True,A,True,A,True,True,0
lever_flagship_panel_seed7.jsonl,GPQA-Diamond,flagship_panel,rec4L69T0Y1AS4AFS,3,A,B,B,False,True,B,False,B,False,B,False,False,0
lever_flagship_panel_seed7.jsonl,GPQA-Diamond,flagship_panel,recXsuOHRBLcyenF2,3,D,D,D,True,True,D,True,D,True,D,True,True,0
lever_flagship_panel_seed7.jsonl,GPQA-Diamond,flagship_panel,recxTy0x7M6T9ikc0,3,D,D,D,True,True,D,True,D,True,D,True,True,0
lever_flagship_panel_seed7.jsonl,GPQA-Diamond,flagship_panel,receYQxnUBvxPcvbQ,3,C,C,C,True,True,C,True,C,True,C,True,True,0
lever_flagship_panel_seed7.jsonl,GPQA-Diamond,flagship_panel,recQiWOxhkXRz9NVE,3,D,B,B,False,True,B,False,D,True,D,True,True,0
lever_flagship_panel_seed7.jsonl,GPQA-Diamond,flagship_panel,recfTlTMjZBuOducT,3,A,A,A,True,True,A,True,A,True,A,True,True,0
lever_flagship_panel_seed7.jsonl,GPQA-Diamond,flagship_panel,recb2M22zaD3tL6Qc,3,B,B,B,True,True,B,True,B,True,B,True,True,0
lever_flagship_panel_seed7.jsonl,GPQA-Diamond,flagship_panel,recqFDvYKKRmbnoUb,3,D,D,D,True,True,D,True,D,True,D,True,True,0
lever_flagship_panel_seed7.jsonl,GPQA-Diamond,flagship_panel,recNu3MXkvWUzHZr9,3,C,C,C,True,True,C,True,C,True,C,True,True,0
lever_flagship_panel_seed7.jsonl,GPQA-Diamond,flagship_panel,recIlghoOw5VbY4Zh,3,B,B,B,True,True,B,True,B,True,B,True,True,0
lever_flagship_panel_seed7.jsonl,GPQA-Diamond,flagship_panel,rec0wZvZgiz320KRs,3,C,C,C,True,True,C,True,C,True,C,True,True,0
lever_flagship_panel_seed7.jsonl,GPQA-Diamond,flagship_panel,reccOKzFNmyqeJ6ry,3,D,D,D,True,True,D,True,D,True,D,True,True,0
lever_flagship_panel_seed7.jsonl,GPQA-Diamond,flagship_panel,recCJJOeBGERaHYax,3,C,B,B,False,True,B,False,B,False,B,False,False,0
lever_flagship_panel_seed7.jsonl,GPQA-Diamond,flagship_panel,recKcjTwONILZqHAX,3,C,C,C,True,True,C,True,C,True,C,True,True,0
lever_flagship_panel_seed7.jsonl,GPQA-Diamond,flagship_panel,receo3UUzRvWCqyfA,3,D,D,D,True,True,D,True,D,True,D,True,True,0
lever_flagship_panel_seed7.jsonl,GPQA-Diamond,flagship_panel,recmkvk6EFAmqyMxR,3,D,D,D,True,True,D,True,D,True,D,True,True,0
lever_flagship_panel_seed7.jsonl,GPQA-Diamond,flagship_panel,recIDiDKKrN61Auyr,3,A,A,A,True,True,A,True,A,True,A,True,True,0
lever_flagship_panel_seed7.jsonl,GPQA-Diamond,flagship_panel,recmI7EiLv72PxmYK,3,B,B,B,True,True,B,True,B,True,B,True,True,0
lever_flagship_panel_seed7.jsonl,GPQA-Diamond,flagship_panel,reczkBiPPNrNN49Hp,3,D,D,D,True,True,D,True,D,True,D,True,True,0
lever_flagship_panel_seed7.jsonl,GPQA-Diamond,flagship_panel,rec2ZTsqazBZ3LTWZ,3,A,A,A,True,True,A,True,A,True,A,True,True,0
lever_flagship_panel_seed7.jsonl,GPQA-Diamond,flagship_panel,recyrk6XBVwugG5u8,3,A,A,A,True,True,A,True,A,True,A,True,True,0
lever_flagship_panel_supergpqa_seed123.jsonl,SuperGPQA-hard,flagship_panel,28940f5e66204d6d8da272c94357c949,3,B,A,A,False,True,A,False,A,False,A,False,False,0
lever_flagship_panel_supergpqa_seed123.jsonl,SuperGPQA-hard,flagship_panel,325534796b254b3499202862368c0f5c,3,D,D,D,True,True,D,True,D,True,D,True,True,0
lever_flagship_panel_supergpqa_seed123.jsonl,SuperGPQA-hard,flagship_panel,ea4794c5a4774d66b38264b39f2fe72d,3,A,A,A,True,True,A,True,A,True,A,True,True,0
lever_flagship_panel_supergpqa_seed123.jsonl,SuperGPQA-hard,flagship_panel,f3dbbb1c935242e287d05399a283167a,3,A,C,C,False,True,C,False,C,False,C,False,False,0
lever_flagship_panel_supergpqa_seed123.jsonl,SuperGPQA-hard,flagship_panel,e459d523e32a40e483fa37877ae37dd7,3,A,A,A,True,True,A,True,A,True,A,True,True,0
lever_flagship_panel_supergpqa_seed123.jsonl,SuperGPQA-hard,flagship_panel,c4f6b8482b184c0b98b6d72d00204932,3,D,D,D,True,True,D,True,D,True,D,True,True,0
lever_flagship_panel_supergpqa_seed123.jsonl,SuperGPQA-hard,flagship_panel,3379eb264f7a44fcbb8967c1257d8ef1,3,D,D,D,True,True,D,True,D,True,D,True,True,0
lever_flagship_panel_supergpqa_seed123.jsonl,SuperGPQA-hard,flagship_panel,a171bbfccbe24401a400031c59b4af26,3,A,A,A,True,True,A,True,A,True,A,True,True,0
lever_flagship_panel_supergpqa_seed123.jsonl,SuperGPQA-hard,flagship_panel,cef6e3a767534afab6be3925eee3908f,3,C,C,C,True,True,C,True,C,True,C,True,True,0
lever_flagship_panel_supergpqa_seed123.jsonl,SuperGPQA-hard,flagship_panel,8e138fad2c6a4a5d94d6c17aa87bd47e,3,D,A,A,False,True,A,False,A,False,A,False,False,0
lever_flagship_panel_supergpqa_seed123.jsonl,SuperGPQA-hard,flagship_panel,10e238c23efe47cf85d9718dfea21752,3,B,D,D,False,True,D,False,D,False,D,False,False,0
lever_flagship_panel_supergpqa_seed123.jsonl,SuperGPQA-hard,flagship_panel,93fb85fa16e54fffb106e0e8b6ea0a41,3,A,A,A,True,True,A,True,A,True,A,True,True,0
lever_flagship_panel_supergpqa_seed123.jsonl,SuperGPQA-hard,flagship_panel,9bffaf0a268949899e234cf7a4299f16,3,B,A,A,False,True,A,False,A,False,A,False,False,0
lever_flagship_panel_supergpqa_seed123.jsonl,SuperGPQA-hard,flagship_panel,b586d22adc1340dcb0af3966063009ee,3,B,B,B,True,True,B,True,B,True,B,True,True,0
lever_flagship_panel_supergpqa_seed123.jsonl,SuperGPQA-hard,flagship_panel,03ccb89aa12341928fc94ffc1721820d,3,C,C,C,True,True,C,True,C,True,C,True,True,0
lever_flagship_panel_supergpqa_seed123.jsonl,SuperGPQA-hard,flagship_panel,43b85949f89c4ced866cc8222329c0d5,3,D,D,D,True,True,D,True,D,True,D,True,True,0
lever_flagship_panel_supergpqa_seed123.jsonl,SuperGPQA-hard,flagship_panel,53185f05190546179a849bb17515c3b5,3,D,D,D,True,True,D,True,D,True,D,True,True,0
lever_flagship_panel_supergpqa_seed123.jsonl,SuperGPQA-hard,flagship_panel,27a902f1fd954aef804640412578914b,3,D,D,D,True,True,D,True,D,True,D,True,True,0
lever_flagship_panel_supergpqa_seed123.jsonl,SuperGPQA-hard,flagship_panel,937e75090a8a4e4f8dd14f6330f14ed4,3,A,A,A,True,True,A,True,A,True,A,True,True,0
lever_flagship_panel_supergpqa_seed123.jsonl,SuperGPQA-hard,flagship_panel,4a0b44d076df4b458538e29e594ab4a8,3,C,C,C,True,True,C,True,C,True,C,True,True,0
lever_flagship_panel_supergpqa_seed123.jsonl,SuperGPQA-hard,flagship_panel,345786092a354c1e90c6b2004b9d5719,3,B,B,B,True,True,B,True,B,True,B,True,True,0
lever_flagship_panel_supergpqa_seed123.jsonl,SuperGPQA-hard,flagship_panel,b389bd8fda16458da390b0aeefa9328c,3,A,A,A,True,True,A,True,A,True,A,True,True,0
lever_flagship_panel_supergpqa_seed123.jsonl,SuperGPQA-hard,flagship_panel,e7ed8b4f392140368530a851521d82e0,3,C,D,D,False,True,D,False,D,False,D,False,False,0
lever_flagship_panel_supergpqa_seed123.jsonl,SuperGPQA-hard,flagship_panel,0798fd9db4e14572a71233e3b6e3acbd,3,B,B,B,True,True,B,True,B,True,B,True,True,0
lever_flagship_panel_supergpqa_seed123.jsonl,SuperGPQA-hard,flagship_panel,7a9df24be1fa4c2ebb1d80d46daf7203,3,B,B,B,True,True,B,True,D,False,B,True,True,0
lever_flagship_panel_supergpqa_seed123.jsonl,SuperGPQA-hard,flagship_panel,b3743d924802472a989b477f6b0345af,3,D,D,D,True,True,D,True,D,True,D,True,True,0
lever_flagship_panel_supergpqa_seed123.jsonl,SuperGPQA-hard,flagship_panel,287b698ee9404cd9bca05074a5f2e382,3,D,D,D,True,True,D,True,D,True,D,True,True,0
lever_flagship_panel_supergpqa_seed123.jsonl,SuperGPQA-hard,flagship_panel,2dc1e5336b3c4da59b7bdd773371ed9b,3,A,A,A,True,True,A,True,A,True,A,True,True,0
lever_flagship_panel_supergpqa_seed123.jsonl,SuperGPQA-hard,flagship_panel,45337265a83048bc99fd9c20a79a4937,3,A,A,A,True,True,A,True,A,True,A,True,True,0
lever_flagship_panel_supergpqa_seed123.jsonl,SuperGPQA-hard,flagship_panel,0c5b12065dff42d386db06e43ed8b632,3,D,D,D,True,True,D,True,D,True,D,True,True,0
lever_flagship_panel_supergpqa_seed123.jsonl,SuperGPQA-hard,flagship_panel,2e1738795281443cbc6067913cc2162b,3,A,A,A,True,True,A,True,A,True,A,True,True,0
lever_flagship_panel_supergpqa_seed123.jsonl,SuperGPQA-hard,flagship_panel,f36a5f7ac1104f8f976b65b4bb352cc6,3,B,B,B,True,True,B,True,B,True,B,True,True,0
lever_flagship_panel_supergpqa_seed123.jsonl,SuperGPQA-hard,flagship_panel,f0cb01ea21ce4febb636008055080398,3,B,B,B,True,True,B,True,B,True,B,True,True,0
lever_flagship_panel_supergpqa_seed123.jsonl,SuperGPQA-hard,flagship_panel,c7d8cdb8547648f0aebb0de1e9d33105,3,A,A,A,True,True,A,True,A,True,A,True,True,0
lever_flagship_panel_supergpqa_seed123.jsonl,SuperGPQA-hard,flagship_panel,01eb5d6dafa04f91b785e456c88d12d7,3,B,C,C,False,True,C,False,C,False,C,False,False,0
lever_flagship_panel_supergpqa_seed123.jsonl,SuperGPQA-hard,flagship_panel,7becb6c49d3d402686a0eafc9041a91f,3,D,D,D,True,True,D,True,D,True,D,True,True,0
lever_flagship_panel_supergpqa_seed123.jsonl,SuperGPQA-hard,flagship_panel,904a4aeefbb644f684bed204a8647109,3,A,A,A,True,True,A,True,A,True,A,True,True,0
lever_flagship_panel_supergpqa_seed123.jsonl,SuperGPQA-hard,flagship_panel,405821e0aa2f42c594b673d3e1273026,3,B,A,A,False,True,A,False,A,False,A,False,False,0
lever_flagship_panel_supergpqa_seed123.jsonl,SuperGPQA-hard,flagship_panel,0619ff74bac54d10a1912900ca5901d7,3,B,A,A,False,True,A,False,A,False,A,False,False,0
lever_flagship_panel_supergpqa_seed123.jsonl,SuperGPQA-hard,flagship_panel,60568684a6c7436cb002aaaae1224044,3,C,C,C,True,True,C,True,C,True,C,True,True,0
lever_flagship_panel_supergpqa_seed123.jsonl,SuperGPQA-hard,flagship_panel,5e95ac70fd304758a6bd82c6230f0ebc,3,C,C,C,True,True,C,True,C,True,C,True,True,0
lever_flagship_panel_supergpqa_seed123.jsonl,SuperGPQA-hard,flagship_panel,abcb96943b3241f5bda9f3b6765fe5a0,3,A,A,A,True,True,A,True,A,True,A,True,True,0
lever_flagship_panel_supergpqa_seed123.jsonl,SuperGPQA-hard,flagship_panel,5e20b93a9d8e4171836aa1e0e5320730,3,D,D,D,True,True,D,True,D,True,D,True,True,0
lever_flagship_panel_supergpqa_seed123.jsonl,SuperGPQA-hard,flagship_panel,48de38a79dd148da89ca4bf92c8bddd1,3,D,D,D,True,True,D,True,D,True,D,True,True,0
lever_flagship_panel_supergpqa_seed123.jsonl,SuperGPQA-hard,flagship_panel,67737a767408432796a707a8a10d859b,3,B,B,B,True,True,B,True,B,True,B,True,True,0
lever_flagship_panel_supergpqa_seed123.jsonl,SuperGPQA-hard,flagship_panel,a4c88f95e21f4fb4bcb82fb49377a5d5,3,B,B,B,True,True,B,True,B,True,B,True,True,0
lever_flagship_panel_supergpqa_seed123.jsonl,SuperGPQA-hard,flagship_panel,f4c026d1f3e945a5a3829d02351a7560,3,D,D,D,True,True,D,True,D,True,D,True,True,0
lever_flagship_panel_supergpqa_seed123.jsonl,SuperGPQA-hard,flagship_panel,b41fbe0149264bc98901fdcaa06e84d7,3,C,C,C,True,True,C,True,C,True,C,True,True,0
lever_flagship_panel_supergpqa_seed123.jsonl,SuperGPQA-hard,flagship_panel,d008e4e5fa3740599a6cdbb6afef7e06,3,B,B,B,True,True,B,True,B,True,B,True,True,0
lever_flagship_panel_supergpqa_seed123.jsonl,SuperGPQA-hard,flagship_panel,7cba4178aa2b47d8abd5c11113bcd92f,3,C,C,C,True,True,C,True,C,True,C,True,True,0
lever_flagship_panel_supergpqa_seed123.jsonl,SuperGPQA-hard,flagship_panel,4284e998fada4c82963c98155b243a6d,3,B,D,D,False,True,D,False,D,False,D,False,False,0
lever_flagship_panel_supergpqa_seed123.jsonl,SuperGPQA-hard,flagship_panel,a4d720c59e7844a792c74c8f11f39f32,3,A,A,A,True,True,A,True,A,True,A,True,True,0
lever_flagship_panel_supergpqa_seed123.jsonl,SuperGPQA-hard,flagship_panel,3c4c69c60cc840138881e84e7dfc53c2,3,B,C,C,False,True,C,False,C,False,C,False,False,0
lever_flagship_panel_supergpqa_seed123.jsonl,SuperGPQA-hard,flagship_panel,00f8026cfff64ca1b556ed8e3ee5084b,3,C,C,C,True,True,C,True,C,True,C,True,True,0
lever_flagship_panel_supergpqa_seed123.jsonl,SuperGPQA-hard,flagship_panel,7753d398f364454d84d42d1d81b3537b,3,C,C,C,True,True,C,True,C,True,C,True,True,0
lever_flagship_panel_supergpqa_seed123.jsonl,SuperGPQA-hard,flagship_panel,3f8989b3db06466787aa75da59bd29f5,3,C,A,A,False,True,A,False,A,False,A,False,False,0
lever_flagship_panel_supergpqa_seed123.jsonl,SuperGPQA-hard,flagship_panel,1bc58f1386a149d9978e41488ed96e44,3,A,A,A,True,True,A,True,A,True,A,True,True,0
lever_flagship_panel_supergpqa_seed123.jsonl,SuperGPQA-hard,flagship_panel,19216cc8085c4e9089ba5d9e765fc373,3,B,B,B,True,True,B,True,B,True,B,True,True,0
lever_flagship_panel_supergpqa_seed123.jsonl,SuperGPQA-hard,flagship_panel,c134c966d6d04da0b1d6b1a268a70744,3,B,B,B,True,True,B,True,B,True,B,True,True,0
lever_flagship_panel_supergpqa_seed123.jsonl,SuperGPQA-hard,flagship_panel,88525de50e7d4b47830c6eb98c9f17d2,3,B,B,B,True,True,B,True,B,True,B,True,True,0
lever_flagship_panel_supergpqa_seed123.jsonl,SuperGPQA-hard,flagship_panel,a1fe1674694645b8914102f518ba1dbd,3,C,C,C,True,True,C,True,C,True,C,True,True,0
lever_flagship_panel_supergpqa_seed123.jsonl,SuperGPQA-hard,flagship_panel,be49b5e8f608434db1b5147ca20fb19b,3,B,B,B,True,True,B,True,B,True,B,True,True,0
lever_flagship_panel_supergpqa_seed123.jsonl,SuperGPQA-hard,flagship_panel,e1fab0b4cf6d474bb0f67c5b31a8820a,3,C,C,C,True,True,C,True,C,True,C,True,True,0
lever_flagship_panel_supergpqa_seed123.jsonl,SuperGPQA-hard,flagship_panel,80ecabf1688e4be3bb3f9c0181947167,3,C,C,C,True,True,C,True,C,True,C,True,True,0
lever_flagship_panel_supergpqa_seed123.jsonl,SuperGPQA-hard,flagship_panel,b3d0389dfc294bc2a3a305710907635c,3,C,C,C,True,True,C,True,C,True,C,True,True,0
lever_flagship_panel_supergpqa_seed123.jsonl,SuperGPQA-hard,flagship_panel,e26b923888d1415f9c76de764ba146b0,3,A,C,C,False,True,C,False,C,False,C,False,False,0
lever_flagship_panel_supergpqa_seed123.jsonl,SuperGPQA-hard,flagship_panel,c417a559e8b44c698489454d49cfc72f,3,A,A,A,True,True,A,True,A,True,A,True,True,0
lever_flagship_panel_supergpqa_seed123.jsonl,SuperGPQA-hard,flagship_panel,ebe13c146960463e8ea8c439076c0f1f,3,D,D,D,True,True,D,True,D,True,D,True,True,0
lever_flagship_panel_supergpqa_seed123.jsonl,SuperGPQA-hard,flagship_panel,9f8ccb34f3cf4eb1b8459927abbbca9c,3,B,B,B,True,True,B,True,B,True,B,True,True,0
lever_flagship_panel_supergpqa_seed123.jsonl,SuperGPQA-hard,flagship_panel,98273697cfe64c44b258fcf337adbd0e,3,B,B,B,True,True,B,True,B,True,B,True,True,0
lever_flagship_panel_supergpqa_seed123.jsonl,SuperGPQA-hard,flagship_panel,64a904ae6727433ea41ef31690ba0711,3,A,A,A,True,True,A,True,A,True,A,True,True,0
lever_flagship_panel_supergpqa_seed123.jsonl,SuperGPQA-hard,flagship_panel,24e2c4692bdf48ea9323dc867b09f891,3,C,C,C,True,True,C,True,C,True,C,True,True,0
lever_flagship_panel_supergpqa_seed123.jsonl,SuperGPQA-hard,flagship_panel,3fe28bc716c245ed80ddac64604a5d82,3,D,D,D,True,True,D,True,D,True,D,True,True,0
lever_flagship_panel_supergpqa_seed123.jsonl,SuperGPQA-hard,flagship_panel,bf42bdb404084228996458cc4ff2e9dd,3,D,D,D,True,True,D,True,D,True,D,True,True,0
lever_flagship_panel_supergpqa_seed123.jsonl,SuperGPQA-hard,flagship_panel,2810b2b7944c4905b3dcb543060e32c4,3,D,D,D,True,True,D,True,D,True,D,True,True,0
lever_flagship_panel_supergpqa_seed123.jsonl,SuperGPQA-hard,flagship_panel,e086530f5eee4ec3b687fb2ef2bf1e18,3,B,D,D,False,True,D,False,D,False,D,False,False,0
lever_flagship_panel_supergpqa_seed123.jsonl,SuperGPQA-hard,flagship_panel,095e4a649d634eef99b6be4b39625b09,3,D,D,D,True,True,D,True,D,True,D,True,True,0
lever_flagship_panel_supergpqa_seed123.jsonl,SuperGPQA-hard,flagship_panel,ca835c9753b3495881d157093a494969,3,D,D,D,True,True,D,True,D,True,D,True,True,0
lever_flagship_panel_supergpqa_seed123.jsonl,SuperGPQA-hard,flagship_panel,1f3d33e572a44b1681f2a328042e2218,3,C,C,C,True,True,C,True,C,True,C,True,True,0
lever_flagship_panel_supergpqa_seed123.jsonl,SuperGPQA-hard,flagship_panel,afe0ed4d48c54836b7c7290a88c48c6a,3,A,A,A,True,True,A,True,A,True,A,True,True,0
lever_flagship_panel_supergpqa_seed123.jsonl,SuperGPQA-hard,flagship_panel,90295a93faf14a3fb0a9a42dc7a54ee0,3,C,C,C,True,True,C,True,C,True,C,True,True,0
lever_flagship_panel_supergpqa_seed42.jsonl,SuperGPQA-hard,flagship_panel,5b3ba5d082c74528ab9c60a12e0e3614,3,B,B,B,True,True,B,True,B,True,B,True,True,0
lever_flagship_panel_supergpqa_seed42.jsonl,SuperGPQA-hard,flagship_panel,454028b0c0884f4192d16081e358d436,3,D,D,D,True,True,D,True,D,True,D,True,True,0
lever_flagship_panel_supergpqa_seed42.jsonl,SuperGPQA-hard,flagship_panel,e313bac23c0a44a09b34da5cda7a7a5a,3,C,C,C,True,True,C,True,C,True,C,True,True,0
lever_flagship_panel_supergpqa_seed42.jsonl,SuperGPQA-hard,flagship_panel,f3dbbb1c935242e287d05399a283167a,3,A,C,C,False,True,C,False,C,False,C,False,False,0
lever_flagship_panel_supergpqa_seed42.jsonl,SuperGPQA-hard,flagship_panel,917d14354e104597ab763b7c98ec5098,3,A,A,A,True,True,A,True,A,True,A,True,True,0
lever_flagship_panel_supergpqa_seed42.jsonl,SuperGPQA-hard,flagship_panel,bf79c60db17b4207957d40a5ada06a76,3,A,A,A,True,True,A,True,A,True,A,True,True,0
lever_flagship_panel_supergpqa_seed42.jsonl,SuperGPQA-hard,flagship_panel,21de236f15e846ecaac90b5464aa6751,3,B,B,B,True,True,B,True,B,True,B,True,True,0
lever_flagship_panel_supergpqa_seed42.jsonl,SuperGPQA-hard,flagship_panel,28b8e9105db04b8b9d3a7e2f6aedff5c,3,B,B,B,True,True,B,True,B,True,B,True,True,0
lever_flagship_panel_supergpqa_seed42.jsonl,SuperGPQA-hard,flagship_panel,ef085846d5e74e358456de0a96fc049b,3,D,D,D,True,True,D,True,D,True,D,True,True,0
lever_flagship_panel_supergpqa_seed42.jsonl,SuperGPQA-hard,flagship_panel,4e711f17db254dd4953606570f0cc7a7,3,A,D,D,False,True,D,False,D,False,C,False,False,0
lever_flagship_panel_supergpqa_seed42.jsonl,SuperGPQA-hard,flagship_panel,10306739cc6f4b94afa3336c48376be7,3,A,A,A,True,True,A,True,A,True,A,True,True,0
lever_flagship_panel_supergpqa_seed42.jsonl,SuperGPQA-hard,flagship_panel,e78c81f946704e8ab0fb15182b6f8f68,3,C,C,C,True,True,C,True,C,True,C,True,True,0
lever_flagship_panel_supergpqa_seed42.jsonl,SuperGPQA-hard,flagship_panel,3aa8040fa0174d9ebee38e9a1f196d26,3,C,C,C,True,True,C,True,C,True,C,True,True,0
lever_flagship_panel_supergpqa_seed42.jsonl,SuperGPQA-hard,flagship_panel,f99d0c2438e347088abece7d58f4e3cc,3,C,C,C,True,True,C,True,C,True,C,True,True,0
lever_flagship_panel_supergpqa_seed42.jsonl,SuperGPQA-hard,flagship_panel,21c8296790dc44c3b47308fe139b1378,3,C,C,C,True,True,C,True,C,True,C,True,True,0
lever_flagship_panel_supergpqa_seed42.jsonl,SuperGPQA-hard,flagship_panel,c0aff61a5b0243628fe8d3684305f4cb,3,B,B,B,True,True,B,True,B,True,B,True,True,0
lever_flagship_panel_supergpqa_seed42.jsonl,SuperGPQA-hard,flagship_panel,fc86b86189fa4145bfc49c741a7d8387,3,D,D,D,True,True,D,True,D,True,D,True,True,0
lever_flagship_panel_supergpqa_seed42.jsonl,SuperGPQA-hard,flagship_panel,d3c2c6065bd540298bc50e5c2786cfd7,3,D,D,D,True,True,D,True,D,True,D,True,True,0
lever_flagship_panel_supergpqa_seed42.jsonl,SuperGPQA-hard,flagship_panel,8920a6411ede4a54af86c8ec5be736bd,3,C,C,C,True,True,C,True,C,True,C,True,True,0
lever_flagship_panel_supergpqa_seed42.jsonl,SuperGPQA-hard,flagship_panel,cd59e82f9198404fad3b5e494c032544,3,B,B,B,True,True,B,True,B,True,B,True,True,0
lever_flagship_panel_supergpqa_seed42.jsonl,SuperGPQA-hard,flagship_panel,2613e2e31a7f45d9bd02d6c09fdc898c,3,B,B,B,True,True,B,True,B,True,B,True,True,0
lever_flagship_panel_supergpqa_seed42.jsonl,SuperGPQA-hard,flagship_panel,f4e38f53765c4c249769703d0ba24b3d,3,B,C,C,False,True,C,False,C,False,C,False,False,0
lever_flagship_panel_supergpqa_seed42.jsonl,SuperGPQA-hard,flagship_panel,20fff2a5feb746d5a6614e360c9bec7d,3,D,D,D,True,True,D,True,D,True,D,True,True,0
lever_flagship_panel_supergpqa_seed42.jsonl,SuperGPQA-hard,flagship_panel,469ab0b1358b48019d3a8f218edbf379,3,D,C,C,False,True,C,False,C,False,C,False,False,0
lever_flagship_panel_supergpqa_seed42.jsonl,SuperGPQA-hard,flagship_panel,1e6267aed56a4fba91a50215560a698b,3,B,B,B,True,True,B,True,B,True,B,True,True,0
lever_flagship_panel_supergpqa_seed42.jsonl,SuperGPQA-hard,flagship_panel,a7a3dc6d5b5b4d37a32c2839833a4d6c,3,D,D,D,True,True,D,True,D,True,A,False,True,0
lever_flagship_panel_supergpqa_seed42.jsonl,SuperGPQA-hard,flagship_panel,1948e331b8ba410b9717275eff8958ed,3,A,A,A,True,True,A,True,A,True,B,False,True,0
lever_flagship_panel_supergpqa_seed42.jsonl,SuperGPQA-hard,flagship_panel,54feae1e9cf54ae985fc5b07a79d864d,3,A,A,A,True,True,A,True,A,True,A,True,True,0
lever_flagship_panel_supergpqa_seed42.jsonl,SuperGPQA-hard,flagship_panel,8cb1a3d68036488689cc6279ff47fd5a,3,D,C,C,False,True,C,False,C,False,C,False,False,0
lever_flagship_panel_supergpqa_seed42.jsonl,SuperGPQA-hard,flagship_panel,396c4ac5d5784036865383281513d239,3,B,A,A,False,True,A,False,A,False,B,True,True,0
lever_flagship_panel_supergpqa_seed42.jsonl,SuperGPQA-hard,flagship_panel,562abaf94b0e4999a6a2b27104ef8297,3,D,D,D,True,True,D,True,D,True,D,True,True,0
lever_flagship_panel_supergpqa_seed42.jsonl,SuperGPQA-hard,flagship_panel,a90f5627afb840dcb32c78b91d72bb9d,3,A,A,A,True,True,A,True,A,True,A,True,True,0
lever_flagship_panel_supergpqa_seed42.jsonl,SuperGPQA-hard,flagship_panel,a782760c647f4ed8b56277449bbec5fa,3,C,C,C,True,True,C,True,C,True,C,True,True,0
lever_flagship_panel_supergpqa_seed42.jsonl,SuperGPQA-hard,flagship_panel,468c654c940f438dafebc19b7ab77b1a,3,D,D,D,True,True,D,True,D,True,D,True,True,0
lever_flagship_panel_supergpqa_seed42.jsonl,SuperGPQA-hard,flagship_panel,8c05de6e528f4219a5ca0f2c4d0ad747,3,B,B,B,True,True,B,True,B,True,B,True,True,0
lever_flagship_panel_supergpqa_seed42.jsonl,SuperGPQA-hard,flagship_panel,bba0149a0e4e4fb2b289442bc74883ee,3,C,C,C,True,True,C,True,C,True,C,True,True,0
lever_flagship_panel_supergpqa_seed42.jsonl,SuperGPQA-hard,flagship_panel,624ccf3cf3e144ccbe8f18ec921d686a,3,D,D,D,True,True,D,True,D,True,D,True,True,0
lever_flagship_panel_supergpqa_seed42.jsonl,SuperGPQA-hard,flagship_panel,09f8f51f6b3b41d6b53b58f8232dfc20,3,C,B,B,False,True,B,False,B,False,B,False,False,0
lever_flagship_panel_supergpqa_seed42.jsonl,SuperGPQA-hard,flagship_panel,b0c962e65001442ea12ea33cf2ab3c25,3,A,A,A,True,True,A,True,A,True,A,True,True,0
lever_flagship_panel_supergpqa_seed42.jsonl,SuperGPQA-hard,flagship_panel,42432d79d0af4c2fa1612e6ca53f2882,3,B,B,B,True,True,B,True,B,True,B,True,True,0
lever_flagship_panel_supergpqa_seed42.jsonl,SuperGPQA-hard,flagship_panel,f94991ad92ec4a2793686b5fc3b6f5d1,3,D,D,D,True,True,D,True,D,True,D,True,True,0
lever_flagship_panel_supergpqa_seed42.jsonl,SuperGPQA-hard,flagship_panel,4da750a1226341988c648c97d601821e,3,C,C,C,True,True,C,True,C,True,C,True,True,0
lever_flagship_panel_supergpqa_seed42.jsonl,SuperGPQA-hard,flagship_panel,e015103613d84a6489a1867aa85f4f65,3,D,D,D,True,True,D,True,D,True,D,True,True,0
lever_flagship_panel_supergpqa_seed42.jsonl,SuperGPQA-hard,flagship_panel,8015afe9ebfa45388f4c8ec8d990e431,3,A,A,A,True,True,A,True,A,True,A,True,True,0
lever_flagship_panel_supergpqa_seed42.jsonl,SuperGPQA-hard,flagship_panel,bb5212d584224509ab73a3304e906859,3,A,A,A,True,True,A,True,A,True,A,True,True,0
lever_flagship_panel_supergpqa_seed42.jsonl,SuperGPQA-hard,flagship_panel,9be741c434a348ef9eed758bb0b69347,3,A,A,A,True,True,A,True,A,True,B,False,True,0
lever_flagship_panel_supergpqa_seed42.jsonl,SuperGPQA-hard,flagship_panel,f7a2f5fbb748428baff111afe4464ab5,3,B,B,B,True,True,B,True,B,True,B,True,True,0
lever_flagship_panel_supergpqa_seed42.jsonl,SuperGPQA-hard,flagship_panel,20ef016bd2514deeb9fc7667952dfb58,3,C,C,C,True,True,C,True,C,True,C,True,True,0
lever_flagship_panel_supergpqa_seed42.jsonl,SuperGPQA-hard,flagship_panel,9149453edaf0461db9a37d0816015e3a,3,C,C,C,True,True,C,True,C,True,C,True,True,0
lever_flagship_panel_supergpqa_seed42.jsonl,SuperGPQA-hard,flagship_panel,e4650932081741f68c95ce460a1cb60b,3,C,C,C,True,True,C,True,C,True,C,True,True,0
lever_flagship_panel_supergpqa_seed42.jsonl,SuperGPQA-hard,flagship_panel,73a3ff299dc040ad8e5ac743c66a1050,3,B,B,B,True,True,B,True,B,True,B,True,True,0
lever_flagship_panel_supergpqa_seed42.jsonl,SuperGPQA-hard,flagship_panel,64a792c9306c4d659f4796d4abed795a,3,C,C,C,True,True,C,True,C,True,C,True,True,0
lever_flagship_panel_supergpqa_seed42.jsonl,SuperGPQA-hard,flagship_panel,06eb007eee9f4e29a75bb5537d94bfba,3,C,C,C,True,True,C,True,C,True,C,True,True,0
lever_flagship_panel_supergpqa_seed42.jsonl,SuperGPQA-hard,flagship_panel,983cda51b83847a8bf05440abd38e194,3,C,C,C,True,True,C,True,C,True,C,True,True,0
lever_flagship_panel_supergpqa_seed42.jsonl,SuperGPQA-hard,flagship_panel,438f43de355a46e982a21abda8d4f152,3,A,C,C,False,True,C,False,C,False,C,False,False,0
lever_flagship_panel_supergpqa_seed42.jsonl,SuperGPQA-hard,flagship_panel,ca2b68f8198e4c41befc4a3ceee1a9bc,3,C,C,C,True,True,C,True,C,True,C,True,True,0
lever_flagship_panel_supergpqa_seed42.jsonl,SuperGPQA-hard,flagship_panel,e8f3f3605af14100a15b8c0a8c2f89fa,3,A,A,A,True,True,A,True,A,True,A,True,True,0
lever_flagship_panel_supergpqa_seed42.jsonl,SuperGPQA-hard,flagship_panel,fb9042d1b91d4037b436629fccc2e322,3,C,C,C,True,True,C,True,C,True,C,True,True,0
lever_flagship_panel_supergpqa_seed42.jsonl,SuperGPQA-hard,flagship_panel,446a334636724901bdafdaa3501bbb49,3,B,B,B,True,True,B,True,B,True,B,True,True,0
lever_flagship_panel_supergpqa_seed42.jsonl,SuperGPQA-hard,flagship_panel,5cf02070572d4b8da047af4b587897e1,3,D,D,D,True,True,D,True,D,True,D,True,True,0
lever_flagship_panel_supergpqa_seed42.jsonl,SuperGPQA-hard,flagship_panel,a596b66d08484915a5c1996add9b104d,3,A,D,D,False,True,D,False,D,False,D,False,False,0
lever_flagship_panel_supergpqa_seed42.jsonl,SuperGPQA-hard,flagship_panel,9706c4ed64d346bdb4326a3951d46dbf,3,B,B,B,True,True,B,True,B,True,B,True,True,0
lever_flagship_panel_supergpqa_seed42.jsonl,SuperGPQA-hard,flagship_panel,325534796b254b3499202862368c0f5c,3,B,B,B,True,True,B,True,B,True,B,True,True,0
lever_flagship_panel_supergpqa_seed42.jsonl,SuperGPQA-hard,flagship_panel,d8f80bece1864043a27ed1179ff8fe9f,3,C,C,C,True,True,C,True,C,True,C,True,True,0
lever_flagship_panel_supergpqa_seed42.jsonl,SuperGPQA-hard,flagship_panel,23ad44902ff945798a7ff404a3bb98d3,3,B,D,D,False,True,D,False,D,False,D,False,False,0
lever_flagship_panel_supergpqa_seed42.jsonl,SuperGPQA-hard,flagship_panel,b4824b77747748cf8486b9e948899ef8,3,D,D,D,True,True,D,True,D,True,D,True,True,0
lever_flagship_panel_supergpqa_seed42.jsonl,SuperGPQA-hard,flagship_panel,e1b314d091334b5dbc93a0053e1313d5,3,D,D,D,True,True,D,True,D,True,D,True,True,0
lever_flagship_panel_supergpqa_seed42.jsonl,SuperGPQA-hard,flagship_panel,c83eb03cf4be49dcb0b470fb5da66009,3,B,B,B,True,True,B,True,B,True,B,True,True,0
lever_flagship_panel_supergpqa_seed42.jsonl,SuperGPQA-hard,flagship_panel,02606f10da9b4a91a734948a2f8f8cab,3,C,C,C,True,True,C,True,C,True,C,True,True,0
lever_flagship_panel_supergpqa_seed42.jsonl,SuperGPQA-hard,flagship_panel,fed1780eaf1f42a09ea63e89e1d18a41,3,D,A,A,False,True,A,False,A,False,A,False,False,0
lever_flagship_panel_supergpqa_seed42.jsonl,SuperGPQA-hard,flagship_panel,b278c269529d444e97014e86de71b135,3,C,C,C,True,True,C,True,C,True,C,True,True,0
lever_flagship_panel_supergpqa_seed42.jsonl,SuperGPQA-hard,flagship_panel,30ca59713f1b4dc8a6f9e2be9261e168,3,C,C,C,True,True,C,True,C,True,C,True,True,0
lever_flagship_panel_supergpqa_seed42.jsonl,SuperGPQA-hard,flagship_panel,16b1ffdff66c4c48ac0b5d2209a5af64,3,D,D,D,True,True,D,True,D,True,D,True,True,0
lever_flagship_panel_supergpqa_seed42.jsonl,SuperGPQA-hard,flagship_panel,2ee372f987304fe882e13238d4c6925e,3,C,A,A,False,True,A,False,A,False,A,False,False,0
lever_flagship_panel_supergpqa_seed42.jsonl,SuperGPQA-hard,flagship_panel,3a1dc503ec92489c8b0dcbcf77e5b7ea,3,A,A,A,True,True,A,True,A,True,A,True,True,0
lever_flagship_panel_supergpqa_seed42.jsonl,SuperGPQA-hard,flagship_panel,a909c0719f3e43b1a44afdbedc66cf68,3,C,C,C,True,True,C,True,C,True,C,True,True,0
lever_flagship_panel_supergpqa_seed42.jsonl,SuperGPQA-hard,flagship_panel,68a4b9f37a0a432886fe2c90c0c90466,3,D,D,D,True,True,D,True,D,True,D,True,True,0
lever_flagship_panel_supergpqa_seed42.jsonl,SuperGPQA-hard,flagship_panel,4817837b472e4795aa76b5e9b2dc1cc2,3,C,C,C,True,True,C,True,A,False,A,False,True,0
lever_flagship_panel_supergpqa_seed42.jsonl,SuperGPQA-hard,flagship_panel,8de4e96a88f546c78038f13b06b2a747,3,A,A,A,True,True,A,True,A,True,A,True,True,0
lever_flagship_panel_supergpqa_seed7.jsonl,SuperGPQA-hard,flagship_panel,811c704287184f8fa520358dc0ea2493,3,D,B,B,False,True,B,False,B,False,B,False,False,0
lever_flagship_panel_supergpqa_seed7.jsonl,SuperGPQA-hard,flagship_panel,8a331a10506a4ff6b543fc5b2ac2502f,3,B,B,B,True,True,B,True,B,True,B,True,True,0
lever_flagship_panel_supergpqa_seed7.jsonl,SuperGPQA-hard,flagship_panel,b389bd8fda16458da390b0aeefa9328c,3,C,C,C,True,True,C,True,C,True,C,True,True,0
lever_flagship_panel_supergpqa_seed7.jsonl,SuperGPQA-hard,flagship_panel,b278c269529d444e97014e86de71b135,3,A,A,A,True,True,A,True,A,True,A,True,True,0
lever_flagship_panel_supergpqa_seed7.jsonl,SuperGPQA-hard,flagship_panel,a14c016f261f4b46a1f62c1a4096bd86,3,C,C,C,True,True,C,True,C,True,C,True,True,0
lever_flagship_panel_supergpqa_seed7.jsonl,SuperGPQA-hard,flagship_panel,a63462f4ff9e44289d3c9e4a91314250,3,B,B,B,True,True,B,True,B,True,B,True,True,0
lever_flagship_panel_supergpqa_seed7.jsonl,SuperGPQA-hard,flagship_panel,c9aaec36dd7d48d0b90c34c9955bdf1b,3,B,B,B,True,True,B,True,B,True,B,True,True,0
lever_flagship_panel_supergpqa_seed7.jsonl,SuperGPQA-hard,flagship_panel,b68e89ad898246c4bc116ff4d353e4b9,3,C,A,A,False,True,A,False,A,False,A,False,True,0
lever_flagship_panel_supergpqa_seed7.jsonl,SuperGPQA-hard,flagship_panel,4068f6cb89214b0a86c16c2497caeb6e,3,B,B,B,True,True,B,True,B,True,B,True,True,0
lever_flagship_panel_supergpqa_seed7.jsonl,SuperGPQA-hard,flagship_panel,843e623807884c63a38376e9bd6d6f14,3,D,A,A,False,True,A,False,A,False,A,False,False,0
lever_flagship_panel_supergpqa_seed7.jsonl,SuperGPQA-hard,flagship_panel,cb1f3d75e5a9402a9bb7755b6f6a029c,3,B,B,B,True,True,B,True,B,True,B,True,True,0
lever_flagship_panel_supergpqa_seed7.jsonl,SuperGPQA-hard,flagship_panel,2ee8b1af76f04527a574124df6476a8d,3,B,B,B,True,True,B,True,B,True,B,True,True,0
lever_flagship_panel_supergpqa_seed7.jsonl,SuperGPQA-hard,flagship_panel,ff414ca699a74f7484650a3595512055,3,B,B,B,True,True,B,True,B,True,B,True,True,0
lever_flagship_panel_supergpqa_seed7.jsonl,SuperGPQA-hard,flagship_panel,5d4e9507100c48c89db59015820c6059,3,C,C,C,True,True,C,True,C,True,C,True,True,0
lever_flagship_panel_supergpqa_seed7.jsonl,SuperGPQA-hard,flagship_panel,7c20fd3e214f4e438614b091fccce433,3,B,B,B,True,True,B,True,B,True,B,True,True,0
lever_flagship_panel_supergpqa_seed7.jsonl,SuperGPQA-hard,flagship_panel,2cf2296143904690a6c6f376236839d2,3,B,B,B,True,True,B,True,B,True,B,True,True,0
lever_flagship_panel_supergpqa_seed7.jsonl,SuperGPQA-hard,flagship_panel,711025f0562b41118c0c383afdc77215,3,D,D,D,True,True,D,True,D,True,D,True,True,0
lever_flagship_panel_supergpqa_seed7.jsonl,SuperGPQA-hard,flagship_panel,2499f7cec22b4bda8f96d061a1fae7af,3,B,B,B,True,True,B,True,B,True,B,True,True,0
lever_flagship_panel_supergpqa_seed7.jsonl,SuperGPQA-hard,flagship_panel,32d56386e78f4e16bfe38d9ea73fd02a,3,C,C,C,True,True,C,True,C,True,C,True,True,0
lever_flagship_panel_supergpqa_seed7.jsonl,SuperGPQA-hard,flagship_panel,077aea7da31e4b94886be9713580db0d,3,C,C,C,True,True,C,True,C,True,C,True,True,0
lever_flagship_panel_supergpqa_seed7.jsonl,SuperGPQA-hard,flagship_panel,d0fe7c1a74314662ac5ed5f2538e7b13,3,B,B,B,True,True,B,True,C,False,B,True,True,0
lever_flagship_panel_supergpqa_seed7.jsonl,SuperGPQA-hard,flagship_panel,8fb8ca1cd7114cd8b8dcad3953f68a44,3,D,D,D,True,True,D,True,D,True,D,True,True,0
lever_flagship_panel_supergpqa_seed7.jsonl,SuperGPQA-hard,flagship_panel,24b548b324684a8490d46d476bde792c,3,B,B,B,True,True,B,True,B,True,B,True,True,0
lever_flagship_panel_supergpqa_seed7.jsonl,SuperGPQA-hard,flagship_panel,413f8d70916547989ed51d1116a4551a,3,A,A,A,True,True,A,True,A,True,A,True,True,0
lever_flagship_panel_supergpqa_seed7.jsonl,SuperGPQA-hard,flagship_panel,facd6dd1e2074073adcfcac48eab3afb,3,B,B,B,True,True,B,True,B,True,B,True,True,0
lever_flagship_panel_supergpqa_seed7.jsonl,SuperGPQA-hard,flagship_panel,5f0bde5deeae40a88762eea520849455,3,A,A,A,True,True,A,True,A,True,A,True,True,0
lever_flagship_panel_supergpqa_seed7.jsonl,SuperGPQA-hard,flagship_panel,10f542902dfa44d795fba244e7f1a69c,3,D,D,D,True,True,D,True,D,True,D,True,True,0
lever_flagship_panel_supergpqa_seed7.jsonl,SuperGPQA-hard,flagship_panel,920d5a4aae764dc8962d36ff4d95710a,3,A,A,A,True,True,A,True,A,True,A,True,True,0
lever_flagship_panel_supergpqa_seed7.jsonl,SuperGPQA-hard,flagship_panel,d9f3da47d50840a79c51096169d25583,3,A,C,C,False,True,C,False,A,True,C,False,True,0
lever_flagship_panel_supergpqa_seed7.jsonl,SuperGPQA-hard,flagship_panel,fc9a01ab2a2344cabfe9c2bd94be487f,3,C,C,C,True,True,C,True,C,True,C,True,True,0
lever_flagship_panel_supergpqa_seed7.jsonl,SuperGPQA-hard,flagship_panel,de43b1c48f7b410695b2a4daf5fe3f31,3,A,A,A,True,True,A,True,A,True,A,True,True,0
lever_flagship_panel_supergpqa_seed7.jsonl,SuperGPQA-hard,flagship_panel,8f9ae9b94a0a4e66ab56225f7a356fd1,3,D,D,D,True,True,D,True,D,True,D,True,True,0
lever_flagship_panel_supergpqa_seed7.jsonl,SuperGPQA-hard,flagship_panel,5cbfbf1108434eca91c070d1ed1c0bc6,3,B,B,B,True,True,B,True,B,True,B,True,True,0
lever_flagship_panel_supergpqa_seed7.jsonl,SuperGPQA-hard,flagship_panel,f8e740921e964dfc9922e08b7f5e815b,3,D,D,D,True,True,D,True,D,True,D,True,True,0
lever_flagship_panel_supergpqa_seed7.jsonl,SuperGPQA-hard,flagship_panel,5fe6a509598c4dd5aec2c8f7abc0d259,3,C,C,C,True,True,C,True,C,True,C,True,True,0
lever_flagship_panel_supergpqa_seed7.jsonl,SuperGPQA-hard,flagship_panel,ccbff2992c7f49c48a8fe254e1fff783,3,A,A,A,True,True,A,True,A,True,A,True,True,0
lever_flagship_panel_supergpqa_seed7.jsonl,SuperGPQA-hard,flagship_panel,05edf34d21464999ad82c54bad66a005,3,B,B,B,True,True,B,True,B,True,C,False,True,0
lever_flagship_panel_supergpqa_seed7.jsonl,SuperGPQA-hard,flagship_panel,fa49b578c45543d8847bac91a1e14045,3,C,C,C,True,True,C,True,C,True,C,True,True,0
lever_flagship_panel_supergpqa_seed7.jsonl,SuperGPQA-hard,flagship_panel,ea9364829af04d188546f8d369483d46,3,D,D,D,True,True,D,True,D,True,D,True,True,0
lever_flagship_panel_supergpqa_seed7.jsonl,SuperGPQA-hard,flagship_panel,b81111afa517415f8f5b91a17ac991ce,3,D,D,D,True,True,D,True,D,True,D,True,True,0
lever_flagship_panel_supergpqa_seed7.jsonl,SuperGPQA-hard,flagship_panel,c8be6f10c6b04b879a5fe393fb1b38f8,3,B,B,B,True,True,B,True,B,True,B,True,True,0
lever_flagship_panel_supergpqa_seed7.jsonl,SuperGPQA-hard,flagship_panel,bfba15ab92174bf5b537cadc675dafdb,3,B,B,B,True,True,B,True,B,True,B,True,True,0
lever_flagship_panel_supergpqa_seed7.jsonl,SuperGPQA-hard,flagship_panel,1d1666032573496f84efe333d572f1e2,3,B,B,B,True,True,B,True,B,True,B,True,True,0
lever_flagship_panel_supergpqa_seed7.jsonl,SuperGPQA-hard,flagship_panel,2789bb6861f94992954c4df00ec8e656,3,D,B,B,False,True,B,False,B,False,B,False,False,0
lever_flagship_panel_supergpqa_seed7.jsonl,SuperGPQA-hard,flagship_panel,0a3895b8a5cc4239a2a6e96c1289011d,3,A,A,A,True,True,A,True,A,True,A,True,True,0
lever_flagship_panel_supergpqa_seed7.jsonl,SuperGPQA-hard,flagship_panel,93218c202d734e8cacaa4dff4cd9a761,3,A,A,A,True,True,A,True,A,True,A,True,True,0
lever_flagship_panel_supergpqa_seed7.jsonl,SuperGPQA-hard,flagship_panel,2e1d297065d247068eaa68f6585f9764,3,D,C,C,False,True,C,False,C,False,C,False,False,0
lever_flagship_panel_supergpqa_seed7.jsonl,SuperGPQA-hard,flagship_panel,4cd0be5521844b3781d88e8a29433b39,3,B,B,B,True,True,B,True,B,True,B,True,True,0
lever_flagship_panel_supergpqa_seed7.jsonl,SuperGPQA-hard,flagship_panel,fe7c522a688a4b3c952b4ae95a5d1ae8,3,D,C,C,False,True,C,False,C,False,C,False,False,0
lever_flagship_panel_supergpqa_seed7.jsonl,SuperGPQA-hard,flagship_panel,e020184788314d25a2ea1828d568538a,3,A,A,A,True,True,A,True,A,True,A,True,True,0
lever_flagship_panel_supergpqa_seed7.jsonl,SuperGPQA-hard,flagship_panel,12a6d09d1179401498c2cae7d2d886a8,3,A,A,A,True,True,A,True,A,True,A,True,True,0
lever_flagship_panel_supergpqa_seed7.jsonl,SuperGPQA-hard,flagship_panel,492ac21c1ff94ba49de684cfb6527930,3,C,C,C,True,True,C,True,C,True,C,True,True,0
lever_flagship_panel_supergpqa_seed7.jsonl,SuperGPQA-hard,flagship_panel,18aa367ae47744199ba63308b5c581bf,3,B,B,B,True,True,B,True,B,True,B,True,True,0
lever_flagship_panel_supergpqa_seed7.jsonl,SuperGPQA-hard,flagship_panel,54bfc8311916428a8f2a43c17ca17c7a,3,A,A,A,True,True,A,True,A,True,A,True,True,0
lever_flagship_panel_supergpqa_seed7.jsonl,SuperGPQA-hard,flagship_panel,01ac3e46a5f04c48b3ad3d21e7a8eacd,3,A,D,D,False,True,D,False,D,False,D,False,False,0
lever_flagship_panel_supergpqa_seed7.jsonl,SuperGPQA-hard,flagship_panel,515b67c43f064c15bb0154d546f88277,3,D,D,D,True,True,D,True,D,True,D,True,True,0
lever_flagship_panel_supergpqa_seed7.jsonl,SuperGPQA-hard,flagship_panel,a9ab2cd572f04f88b629deb59e486adf,3,C,C,C,True,True,C,True,C,True,C,True,True,0
lever_flagship_panel_supergpqa_seed7.jsonl,SuperGPQA-hard,flagship_panel,e8e40ae579384b51b006d7d50d8d039d,3,B,B,B,True,True,B,True,B,True,B,True,True,0
lever_flagship_panel_supergpqa_seed7.jsonl,SuperGPQA-hard,flagship_panel,d7f9b5a785a94530a9e737656ec0dcaa,3,A,A,A,True,True,A,True,A,True,A,True,True,0
lever_flagship_panel_supergpqa_seed7.jsonl,SuperGPQA-hard,flagship_panel,8aca8b27a1674720bcb8271a46213d95,3,B,A,A,False,True,A,False,A,False,A,False,False,0
lever_flagship_panel_supergpqa_seed7.jsonl,SuperGPQA-hard,flagship_panel,933f999d89984b4ea9c59bffad3405ef,3,C,C,C,True,True,C,True,C,True,C,True,True,0
lever_flagship_panel_supergpqa_seed7.jsonl,SuperGPQA-hard,flagship_panel,9da468facb58464982465242468c9a13,3,A,A,A,True,True,A,True,A,True,A,True,True,0
lever_flagship_panel_supergpqa_seed7.jsonl,SuperGPQA-hard,flagship_panel,6b347be4d8ba43e2b425fd504ad16f4c,3,C,C,C,True,True,C,True,C,True,C,True,True,0
lever_flagship_panel_supergpqa_seed7.jsonl,SuperGPQA-hard,flagship_panel,9ae52f5b63d9459a833c6e10c0539a4d,3,C,A,A,False,True,A,False,A,False,C,True,True,0
lever_flagship_panel_supergpqa_seed7.jsonl,SuperGPQA-hard,flagship_panel,5272de2f504946d1beff3dbb51bea3f3,3,C,C,C,True,True,C,True,C,True,C,True,True,0
lever_flagship_panel_supergpqa_seed7.jsonl,SuperGPQA-hard,flagship_panel,c4f6b8482b184c0b98b6d72d00204932,3,A,A,A,True,True,A,True,A,True,A,True,True,0
lever_flagship_panel_supergpqa_seed7.jsonl,SuperGPQA-hard,flagship_panel,4f85b84235914d259dbdd8931be5d3a9,3,D,D,D,True,True,D,True,D,True,D,True,True,0
lever_flagship_panel_supergpqa_seed7.jsonl,SuperGPQA-hard,flagship_panel,f1c5fbceb2124a8bb11963f76c8771b3,3,D,D,D,True,True,D,True,D,True,D,True,True,0
lever_flagship_panel_supergpqa_seed7.jsonl,SuperGPQA-hard,flagship_panel,776b536a60e241f2b75b94accc6dff2c,3,B,B,B,True,True,B,True,B,True,B,True,True,0
lever_flagship_panel_supergpqa_seed7.jsonl,SuperGPQA-hard,flagship_panel,b06afc3997974662986e009c41226c9c,3,C,C,C,True,True,C,True,C,True,C,True,True,0
lever_flagship_panel_supergpqa_seed7.jsonl,SuperGPQA-hard,flagship_panel,3f48e266da744ae6b9e99e762b67954f,3,D,D,D,True,True,D,True,D,True,D,True,True,0
lever_flagship_panel_supergpqa_seed7.jsonl,SuperGPQA-hard,flagship_panel,e286dac07362459cb41b0c9adca02747,3,A,A,A,True,True,A,True,A,True,A,True,True,0
lever_flagship_panel_supergpqa_seed7.jsonl,SuperGPQA-hard,flagship_panel,a9f34192579d4f448b378d733eb8d3bf,3,D,A,A,False,True,A,False,A,False,A,False,False,0
lever_flagship_panel_supergpqa_seed7.jsonl,SuperGPQA-hard,flagship_panel,2811febd3e9a4348a352c0c2b33ee464,3,A,B,B,False,True,B,False,B,False,B,False,False,0
lever_flagship_panel_supergpqa_seed7.jsonl,SuperGPQA-hard,flagship_panel,0e4c4ac2694d4b88b43bf6bbd6f4c356,3,D,D,D,True,True,D,True,D,True,D,True,True,0
lever_flagship_panel_supergpqa_seed7.jsonl,SuperGPQA-hard,flagship_panel,080a910849bd4aae8dbdeb3d7a6e835b,3,D,A,A,False,True,C,False,C,False,A,False,False,0
lever_flagship_panel_supergpqa_seed7.jsonl,SuperGPQA-hard,flagship_panel,9b67dac06fc448afa19a33728a469cec,3,D,D,D,True,True,D,True,D,True,D,True,True,0
lever_flagship_panel_supergpqa_seed7.jsonl,SuperGPQA-hard,flagship_panel,8c293442d9444277866f493968187325,3,C,C,C,True,True,C,True,C,True,C,True,True,0
lever_flagship_panel_supergpqa_seed7.jsonl,SuperGPQA-hard,flagship_panel,ec301d7b596f4f45afef08dc4448910c,3,D,D,D,True,True,D,True,D,True,D,True,True,0
lever_flagship_panel_supergpqa_seed7.jsonl,SuperGPQA-hard,flagship_panel,1b003811eaf443e492e6717fa934b15b,3,C,C,C,True,True,C,True,C,True,C,True,True,0
lever_flagship_panel_supergpqa_seed7.jsonl,SuperGPQA-hard,flagship_panel,15e29ed7c9d1459484348074abe10661,3,D,D,D,True,True,D,True,D,True,D,True,True,0
lever_flagship_panel_supergpqa_seed7.jsonl,SuperGPQA-hard,flagship_panel,620f491d9a9542fca57a62d2799d97a6,3,C,C,C,True,True,C,True,C,True,A,False,True,0
lever_flagship_panel_supergpqa_seed7.jsonl,SuperGPQA-hard,flagship_panel,f9d8f390f4c348838f3d42e5c15fbb24,3,B,C,C,False,True,C,False,C,False,C,False,False,0
lever_qwen38_judge_gpqa_seed42.jsonl,GPQA-Diamond,qwen38_judge,recypVp2NmPlBKVTp,3,A,A,A,True,True,A,True,A,True,A,True,True,0
lever_qwen38_judge_gpqa_seed42.jsonl,GPQA-Diamond,qwen38_judge,rec0wZvZgiz320KRs,3,B,B,B,True,True,B,True,B,True,D,False,True,0
lever_qwen38_judge_gpqa_seed42.jsonl,GPQA-Diamond,qwen38_judge,rec4r4KWNLrT7g2kR,3,D,D,D,True,True,D,True,D,True,D,True,True,0
lever_qwen38_judge_gpqa_seed42.jsonl,GPQA-Diamond,qwen38_judge,rechKl68Uc6H7vU0N,3,A,A,A,True,True,A,True,A,True,A,True,True,0
lever_qwen38_judge_gpqa_seed42.jsonl,GPQA-Diamond,qwen38_judge,recVvpD8miVjmmyfe,3,D,D,D,True,True,D,True,B,False,B,False,True,0
lever_qwen38_judge_gpqa_seed42.jsonl,GPQA-Diamond,qwen38_judge,recnawZPumSCLMVgp,3,A,B,B,False,True,B,False,C,False,B,False,False,0
lever_qwen38_judge_gpqa_seed42.jsonl,GPQA-Diamond,qwen38_judge,recnTTKdBzfuoZ7w7,3,D,A,A,False,True,A,False,A,False,A,False,False,0
lever_qwen38_judge_gpqa_seed42.jsonl,GPQA-Diamond,qwen38_judge,rec0yTRmO1o1xCA6H,3,C,D,D,False,True,D,False,D,False,D,False,False,0
lever_qwen38_judge_gpqa_seed42.jsonl,GPQA-Diamond,qwen38_judge,recQiWOxhkXRz9NVE,3,C,C,C,True,True,C,True,C,True,C,True,True,0
lever_qwen38_judge_gpqa_seed42.jsonl,GPQA-Diamond,qwen38_judge,rec6sE2CRtD4drtHg,3,C,C,C,True,True,C,True,C,True,C,True,True,0
lever_qwen38_judge_gpqa_seed42.jsonl,GPQA-Diamond,qwen38_judge,recDj2Y2BbtV02Wv5,3,B,D,D,False,True,D,False,D,False,D,False,False,0
lever_qwen38_judge_gpqa_seed42.jsonl,GPQA-Diamond,qwen38_judge,recE2ihVfqEK4R9d0,3,C,C,C,True,True,C,True,C,True,C,True,True,0
lever_qwen38_judge_gpqa_seed42.jsonl,GPQA-Diamond,qwen38_judge,rec5rjeLsEq5Fg7Oj,3,D,D,D,True,True,D,True,D,True,D,True,True,0
lever_qwen38_judge_gpqa_seed42.jsonl,GPQA-Diamond,qwen38_judge,reczjcMtrB1YGS2fO,3,A,C,C,False,True,C,False,C,False,C,False,True,0
lever_qwen38_judge_gpqa_seed42.jsonl,GPQA-Diamond,qwen38_judge,recpki12iG9RUGrz9,3,D,D,D,True,True,D,True,D,True,D,True,True,0
lever_qwen38_judge_gpqa_seed42.jsonl,GPQA-Diamond,qwen38_judge,recIj8lR4tuDgrHou,3,C,C,C,True,True,C,True,C,True,C,True,True,0
lever_qwen38_judge_gpqa_seed42.jsonl,GPQA-Diamond,qwen38_judge,rec260hNUCEj109Dj,3,C,C,C,True,True,C,True,C,True,C,True,True,0
lever_qwen38_judge_gpqa_seed42.jsonl,GPQA-Diamond,qwen38_judge,recLAgwx9vbgB5EHk,3,B,B,B,True,True,B,True,B,True,B,True,True,0
lever_qwen38_judge_gpqa_seed42.jsonl,GPQA-Diamond,qwen38_judge,recXvQ6gWAmyakrpD,3,B,B,B,True,True,B,True,B,True,B,True,True,0
lever_qwen38_judge_gpqa_seed42.jsonl,GPQA-Diamond,qwen38_judge,rec527dNeEtWJrYNl,3,B,B,B,True,True,B,True,B,True,B,True,True,0
lever_qwen38_judge_gpqa_seed42.jsonl,GPQA-Diamond,qwen38_judge,recGFNRVl1qBZGwyU,3,B,A,A,False,True,A,False,D,False,A,False,False,0
lever_qwen38_judge_gpqa_seed42.jsonl,GPQA-Diamond,qwen38_judge,recSBcGLPatKb3Ygu,3,D,D,D,True,True,D,True,D,True,D,True,True,0
lever_qwen38_judge_gpqa_seed42.jsonl,GPQA-Diamond,qwen38_judge,recmI7EiLv72PxmYK,3,B,D,D,False,True,D,False,B,True,D,False,True,0
lever_qwen38_judge_gpqa_seed42.jsonl,GPQA-Diamond,qwen38_judge,recPSTGXK3P39yNYT,3,C,C,C,True,True,C,True,C,True,C,True,True,0
lever_qwen38_judge_gpqa_seed42.jsonl,GPQA-Diamond,qwen38_judge,recIlghoOw5VbY4Zh,3,C,C,C,True,True,C,True,C,True,C,True,True,0
lever_qwen38_judge_gpqa_seed42.jsonl,GPQA-Diamond,qwen38_judge,recatj4YXzbOaq3Ar,3,C,C,C,True,True,C,True,C,True,C,True,True,0
lever_qwen38_judge_gpqa_seed42.jsonl,GPQA-Diamond,qwen38_judge,recEmTBhx2hgw6tPQ,3,B,A,A,False,True,A,False,A,False,A,False,False,0
lever_qwen38_judge_gpqa_seed42.jsonl,GPQA-Diamond,qwen38_judge,recL9MFV5zmdlle5T,3,D,D,D,True,True,D,True,D,True,D,True,True,0
lever_qwen38_judge_gpqa_seed42.jsonl,GPQA-Diamond,qwen38_judge,recMicVBcqy1xM1jq,3,B,D,D,False,True,D,False,D,False,D,False,False,0
lever_qwen38_judge_gpqa_seed42.jsonl,GPQA-Diamond,qwen38_judge,recwW1A85nfyQpReG,3,C,B,B,False,True,B,False,B,False,B,False,True,0
lever_qwen38_judge_gpqa_seed42.jsonl,GPQA-Diamond,qwen38_judge,recNuT2oSnO86bxOx,3,D,D,D,True,True,D,True,D,True,D,True,True,0
lever_qwen38_judge_gpqa_seed42.jsonl,GPQA-Diamond,qwen38_judge,recVEXvhYxAhELVqB,3,A,A,A,True,True,A,True,A,True,A,True,True,1
lever_qwen38_judge_gpqa_seed42.jsonl,GPQA-Diamond,qwen38_judge,reczzzihL7btBH7RO,3,A,C,C,False,True,C,False,A,True,A,True,True,0
lever_qwen38_judge_gpqa_seed42.jsonl,GPQA-Diamond,qwen38_judge,recooG6bivTUJpDBz,3,A,D,D,False,True,D,False,D,False,D,False,False,0
lever_qwen38_judge_gpqa_seed42.jsonl,GPQA-Diamond,qwen38_judge,recdya6FuYraBU5Rh,3,B,B,B,True,True,B,True,B,True,C,False,True,0
lever_qwen38_judge_gpqa_seed42.jsonl,GPQA-Diamond,qwen38_judge,rec4L69T0Y1AS4AFS,3,B,B,B,True,True,B,True,C,False,B,True,True,0
lever_qwen38_judge_gpqa_seed42.jsonl,GPQA-Diamond,qwen38_judge,recwlwlcPvXVNPmvl,3,D,D,D,True,True,D,True,D,True,D,True,True,0
lever_qwen38_judge_gpqa_seed42.jsonl,GPQA-Diamond,qwen38_judge,rectXfsCM1dj4Kv2c,3,C,C,C,True,True,C,True,C,True,C,True,True,0
lever_qwen38_judge_gpqa_seed42.jsonl,GPQA-Diamond,qwen38_judge,reccOKzFNmyqeJ6ry,3,D,D,D,True,True,D,True,D,True,D,True,True,0
lever_qwen38_judge_gpqa_seed42.jsonl,GPQA-Diamond,qwen38_judge,recs3PLPUEMiqg4P8,3,C,D,D,False,True,D,False,D,False,D,False,False,0
lever_qwen38_judge_gpqa_seed42.jsonl,GPQA-Diamond,qwen38_judge,recO3hvCWRGiG0odN,3,B,B,B,True,True,B,True,B,True,B,True,True,0
lever_qwen38_judge_gpqa_seed42.jsonl,GPQA-Diamond,qwen38_judge,rec06pnAkLOr2t2mp,3,B,B,B,True,True,B,True,B,True,B,True,True,0
lever_qwen38_judge_gpqa_seed42.jsonl,GPQA-Diamond,qwen38_judge,rec7C06XOB2h298ue,3,D,D,D,True,True,D,True,D,True,D,True,True,0
lever_qwen38_judge_gpqa_seed42.jsonl,GPQA-Diamond,qwen38_judge,recaXdGn3FAIkxLGM,3,D,C,C,False,True,D,True,D,True,C,False,True,0
lever_qwen38_judge_gpqa_seed42.jsonl,GPQA-Diamond,qwen38_judge,reckEnrOPFT9Ru7tW,3,B,B,B,True,True,B,True,B,True,D,False,True,0
lever_qwen38_judge_gpqa_seed42.jsonl,GPQA-Diamond,qwen38_judge,recoiTJPGUmzAkief,3,D,D,D,True,True,D,True,D,True,D,True,True,0
lever_qwen38_judge_gpqa_seed42.jsonl,GPQA-Diamond,qwen38_judge,rechgQucGlrnt8KRV,3,B,B,B,True,True,B,True,B,True,B,True,True,0
lever_qwen38_judge_gpqa_seed42.jsonl,GPQA-Diamond,qwen38_judge,recI1ls9OXdxatHQn,3,A,A,A,True,True,A,True,A,True,A,True,True,0
lever_qwen38_judge_gpqa_seed42.jsonl,GPQA-Diamond,qwen38_judge,recmkvk6EFAmqyMxR,3,B,B,B,True,True,B,True,B,True,B,True,True,0
lever_qwen38_judge_gpqa_seed42.jsonl,GPQA-Diamond,qwen38_judge,recIOlKBsOeEcgkA1,3,D,D,D,True,True,D,True,D,True,D,True,True,0
lever_qwen38_judge_gpqa_seed42.jsonl,GPQA-Diamond,qwen38_judge,reczUoM8JsxU6pYxr,3,D,D,D,True,True,D,True,D,True,D,True,True,1
lever_qwen38_judge_gpqa_seed42.jsonl,GPQA-Diamond,qwen38_judge,rechtUKxC6G67H7Pr,3,C,C,C,True,True,C,True,C,True,C,True,True,1
lever_qwen38_judge_gpqa_seed42.jsonl,GPQA-Diamond,qwen38_judge,rec8y3ZrBOcLgNEkE,3,B,B,B,True,True,B,True,B,True,B,True,True,1
lever_qwen38_judge_gpqa_seed42.jsonl,GPQA-Diamond,qwen38_judge,rec5eA17Qr1ucNLUf,3,C,A,A,False,True,A,False,C,True,A,False,True,0
lever_qwen38_judge_gpqa_seed42.jsonl,GPQA-Diamond,qwen38_judge,recINGR1z01Fh1Z3A,3,C,C,C,True,True,C,True,C,True,C,True,True,0
lever_qwen38_judge_gpqa_seed42.jsonl,GPQA-Diamond,qwen38_judge,recRZjaElf8ft7xTq,3,C,B,B,False,True,A,False,A,False,B,False,True,0
lever_qwen38_judge_gpqa_seed42.jsonl,GPQA-Diamond,qwen38_judge,reczkBiPPNrNN49Hp,3,B,B,B,True,True,B,True,B,True,B,True,True,0
lever_qwen38_judge_gpqa_seed42.jsonl,GPQA-Diamond,qwen38_judge,recPL4ZPpVYxgMu57,3,A,C,C,False,True,C,False,C,False,C,False,True,1
lever_qwen38_judge_gpqa_seed42.jsonl,GPQA-Diamond,qwen38_judge,recJJcOHhFeSaRpl4,3,C,C,C,True,True,C,True,C,True,C,True,True,0
lever_qwen38_judge_gpqa_seed42.jsonl,GPQA-Diamond,qwen38_judge,recPIzpnuYpB4yvmp,3,D,D,D,True,True,D,True,D,True,C,False,True,0
lever_qwen38_judge_gpqa_seed42.jsonl,GPQA-Diamond,qwen38_judge,recUOePh79cp4T2Bg,3,B,C,C,False,True,C,False,C,False,C,False,False,0
lever_qwen38_judge_gpqa_seed42.jsonl,GPQA-Diamond,qwen38_judge,recLSzwBUS3olCjhl,3,C,C,C,True,True,C,True,C,True,C,True,True,0
lever_qwen38_judge_gpqa_seed42.jsonl,GPQA-Diamond,qwen38_judge,recv7GsQg3f0fvB1f,3,A,A,A,True,True,A,True,A,True,A,True,True,0
lever_qwen38_judge_gpqa_seed42.jsonl,GPQA-Diamond,qwen38_judge,receo3UUzRvWCqyfA,3,C,C,C,True,True,C,True,C,True,B,False,True,0
lever_qwen38_judge_gpqa_seed42.jsonl,GPQA-Diamond,qwen38_judge,recuYEkVjdVUwA3c0,3,C,C,C,True,True,C,True,C,True,C,True,True,0
lever_qwen38_judge_gpqa_seed42.jsonl,GPQA-Diamond,qwen38_judge,recf6ayQmL1SxKbvW,3,D,A,A,False,True,A,False,A,False,A,False,False,0
lever_qwen38_judge_gpqa_seed42.jsonl,GPQA-Diamond,qwen38_judge,recihePFulRgNKsIn,3,A,C,C,False,True,C,False,C,False,C,False,False,1
lever_qwen38_judge_gpqa_seed42.jsonl,GPQA-Diamond,qwen38_judge,receYQxnUBvxPcvbQ,3,B,B,B,True,True,B,True,B,True,D,False,True,0
lever_qwen38_judge_gpqa_seed42.jsonl,GPQA-Diamond,qwen38_judge,recn3NhOhqAPLda16,3,D,D,D,True,True,D,True,D,True,C,False,True,0
lever_qwen38_judge_gpqa_seed42.jsonl,GPQA-Diamond,qwen38_judge,rec8nshandHARTkrg,3,B,A,A,False,True,A,False,A,False,A,False,False,0
lever_qwen38_judge_gpqa_seed42.jsonl,GPQA-Diamond,qwen38_judge,reckl6PkaEMWM50yZ,3,C,A,A,False,True,A,False,A,False,A,False,False,0
lever_qwen38_judge_gpqa_seed42.jsonl,GPQA-Diamond,qwen38_judge,recrNbtgTNoabJJi6,3,D,D,D,True,True,D,True,D,True,D,True,True,0
lever_qwen38_judge_gpqa_seed42.jsonl,GPQA-Diamond,qwen38_judge,recOkA2zsy4GSMD9R,3,B,D,D,False,True,D,False,D,False,D,False,False,0
lever_qwen38_judge_gpqa_seed42.jsonl,GPQA-Diamond,qwen38_judge,recXsuOHRBLcyenF2,3,A,A,A,True,True,A,True,A,True,A,True,True,0
lever_qwen38_judge_gpqa_seed42.jsonl,GPQA-Diamond,qwen38_judge,recBhnXrUyTJ6WHIR,3,D,B,B,False,True,B,False,B,False,B,False,False,0
lever_qwen38_judge_gpqa_seed42.jsonl,GPQA-Diamond,qwen38_judge,recfTlTMjZBuOducT,3,D,D,D,True,True,D,True,A,False,A,False,True,0
lever_qwen38_panel_supergpqa_seed42.jsonl,SuperGPQA-hard,qwen38_panel,5b3ba5d082c74528ab9c60a12e0e3614,3,B,B,B,True,True,B,True,B,True,B,True,True,0
lever_qwen38_panel_supergpqa_seed42.jsonl,SuperGPQA-hard,qwen38_panel,1d55d70bc081494da80f9c9735015376,3,C,C,C,True,True,C,True,C,True,C,True,True,0
lever_qwen38_panel_supergpqa_seed42.jsonl,SuperGPQA-hard,qwen38_panel,454028b0c0884f4192d16081e358d436,3,D,D,D,True,True,D,True,D,True,D,True,True,0
lever_qwen38_panel_supergpqa_seed42.jsonl,SuperGPQA-hard,qwen38_panel,917d14354e104597ab763b7c98ec5098,3,A,A,A,True,True,A,True,A,True,A,True,True,0
lever_qwen38_panel_supergpqa_seed42.jsonl,SuperGPQA-hard,qwen38_panel,bf79c60db17b4207957d40a5ada06a76,3,A,A,A,True,True,A,True,A,True,A,True,True,0
lever_qwen38_panel_supergpqa_seed42.jsonl,SuperGPQA-hard,qwen38_panel,4e8a3894e41f4ca291c7b9d40a6bbe41,3,A,D,D,False,True,D,False,D,False,D,False,False,0
lever_qwen38_panel_supergpqa_seed42.jsonl,SuperGPQA-hard,qwen38_panel,21de236f15e846ecaac90b5464aa6751,3,B,B,B,True,True,B,True,B,True,B,True,True,0
lever_qwen38_panel_supergpqa_seed42.jsonl,SuperGPQA-hard,qwen38_panel,28b8e9105db04b8b9d3a7e2f6aedff5c,3,B,B,B,True,True,B,True,B,True,B,True,True,0
lever_qwen38_panel_supergpqa_seed42.jsonl,SuperGPQA-hard,qwen38_panel,ef085846d5e74e358456de0a96fc049b,3,D,D,D,True,True,D,True,D,True,D,True,True,0
lever_qwen38_panel_supergpqa_seed42.jsonl,SuperGPQA-hard,qwen38_panel,3aa8040fa0174d9ebee38e9a1f196d26,3,C,C,C,True,True,C,True,C,True,C,True,True,0
lever_qwen38_panel_supergpqa_seed42.jsonl,SuperGPQA-hard,qwen38_panel,e78c81f946704e8ab0fb15182b6f8f68,3,C,C,C,True,True,C,True,C,True,C,True,True,0
lever_qwen38_panel_supergpqa_seed42.jsonl,SuperGPQA-hard,qwen38_panel,21c8296790dc44c3b47308fe139b1378,3,C,B,B,False,True,B,False,B,False,B,False,False,0
lever_qwen38_panel_supergpqa_seed42.jsonl,SuperGPQA-hard,qwen38_panel,f99d0c2438e347088abece7d58f4e3cc,3,C,C,C,True,True,C,True,C,True,C,True,True,0
lever_qwen38_panel_supergpqa_seed42.jsonl,SuperGPQA-hard,qwen38_panel,fc86b86189fa4145bfc49c741a7d8387,3,D,D,D,True,True,D,True,D,True,D,True,True,0
lever_qwen38_panel_supergpqa_seed42.jsonl,SuperGPQA-hard,qwen38_panel,c0aff61a5b0243628fe8d3684305f4cb,3,B,B,B,True,True,B,True,B,True,B,True,True,0
lever_qwen38_panel_supergpqa_seed42.jsonl,SuperGPQA-hard,qwen38_panel,d3c2c6065bd540298bc50e5c2786cfd7,3,D,D,D,True,True,D,True,D,True,D,True,True,0
lever_qwen38_panel_supergpqa_seed42.jsonl,SuperGPQA-hard,qwen38_panel,cd59e82f9198404fad3b5e494c032544,3,B,B,B,True,True,B,True,B,True,B,True,True,0
lever_qwen38_panel_supergpqa_seed42.jsonl,SuperGPQA-hard,qwen38_panel,2613e2e31a7f45d9bd02d6c09fdc898c,3,B,B,B,True,True,B,True,B,True,B,True,True,0
lever_qwen38_panel_supergpqa_seed42.jsonl,SuperGPQA-hard,qwen38_panel,469ab0b1358b48019d3a8f218edbf379,3,D,C,C,False,True,C,False,C,False,C,False,False,0
lever_qwen38_panel_supergpqa_seed42.jsonl,SuperGPQA-hard,qwen38_panel,20fff2a5feb746d5a6614e360c9bec7d,3,D,D,D,True,True,D,True,D,True,D,True,True,0
lever_qwen38_panel_supergpqa_seed42.jsonl,SuperGPQA-hard,qwen38_panel,1948e331b8ba410b9717275eff8958ed,3,A,A,A,True,True,A,True,A,True,A,True,True,0
lever_qwen38_panel_supergpqa_seed42.jsonl,SuperGPQA-hard,qwen38_panel,54feae1e9cf54ae985fc5b07a79d864d,3,A,A,A,True,True,A,True,A,True,A,True,True,0
lever_qwen38_panel_supergpqa_seed42.jsonl,SuperGPQA-hard,qwen38_panel,562abaf94b0e4999a6a2b27104ef8297,3,D,D,D,True,True,D,True,D,True,D,True,True,0
lever_qwen38_panel_supergpqa_seed42.jsonl,SuperGPQA-hard,qwen38_panel,a90f5627afb840dcb32c78b91d72bb9d,3,A,A,A,True,True,A,True,A,True,A,True,True,0
lever_qwen38_panel_supergpqa_seed42.jsonl,SuperGPQA-hard,qwen38_panel,468c654c940f438dafebc19b7ab77b1a,3,D,D,D,True,True,D,True,D,True,D,True,True,0
lever_qwen38_panel_supergpqa_seed42.jsonl,SuperGPQA-hard,qwen38_panel,a782760c647f4ed8b56277449bbec5fa,3,C,C,C,True,True,C,True,C,True,C,True,True,0
lever_qwen38_panel_supergpqa_seed42.jsonl,SuperGPQA-hard,qwen38_panel,8c05de6e528f4219a5ca0f2c4d0ad747,3,B,B,B,True,True,B,True,B,True,B,True,True,0
lever_qwen38_panel_supergpqa_seed42.jsonl,SuperGPQA-hard,qwen38_panel,624ccf3cf3e144ccbe8f18ec921d686a,3,D,D,D,True,True,D,True,D,True,D,True,True,0
lever_qwen38_panel_supergpqa_seed42.jsonl,SuperGPQA-hard,qwen38_panel,bba0149a0e4e4fb2b289442bc74883ee,3,C,C,C,True,True,C,True,C,True,C,True,True,0
lever_qwen38_panel_supergpqa_seed42.jsonl,SuperGPQA-hard,qwen38_panel,09f8f51f6b3b41d6b53b58f8232dfc20,3,C,B,B,False,True,B,False,B,False,B,False,False,0
lever_qwen38_panel_supergpqa_seed42.jsonl,SuperGPQA-hard,qwen38_panel,f94991ad92ec4a2793686b5fc3b6f5d1,3,D,D,D,True,True,D,True,D,True,D,True,True,0
lever_qwen38_panel_supergpqa_seed42.jsonl,SuperGPQA-hard,qwen38_panel,42432d79d0af4c2fa1612e6ca53f2882,3,B,B,B,True,True,B,True,B,True,B,True,True,0
lever_qwen38_panel_supergpqa_seed42.jsonl,SuperGPQA-hard,qwen38_panel,e015103613d84a6489a1867aa85f4f65,3,D,D,D,True,True,D,True,D,True,D,True,True,0
lever_qwen38_panel_supergpqa_seed42.jsonl,SuperGPQA-hard,qwen38_panel,bb5212d584224509ab73a3304e906859,3,A,A,A,True,True,A,True,A,True,A,True,True,0
lever_qwen38_panel_supergpqa_seed42.jsonl,SuperGPQA-hard,qwen38_panel,9149453edaf0461db9a37d0816015e3a,3,C,C,C,True,True,C,True,C,True,C,True,True,0
lever_qwen38_panel_supergpqa_seed42.jsonl,SuperGPQA-hard,qwen38_panel,f7a2f5fbb748428baff111afe4464ab5,3,B,B,B,True,True,B,True,B,True,B,True,True,0
lever_qwen38_panel_supergpqa_seed42.jsonl,SuperGPQA-hard,qwen38_panel,e4650932081741f68c95ce460a1cb60b,3,C,C,C,True,True,C,True,C,True,C,True,True,0
lever_qwen38_panel_supergpqa_seed42.jsonl,SuperGPQA-hard,qwen38_panel,73a3ff299dc040ad8e5ac743c66a1050,3,B,B,B,True,True,B,True,B,True,B,True,True,0
lever_qwen38_panel_supergpqa_seed42.jsonl,SuperGPQA-hard,qwen38_panel,64a792c9306c4d659f4796d4abed795a,3,C,C,C,True,True,C,True,C,True,C,True,True,0
lever_qwen38_panel_supergpqa_seed42.jsonl,SuperGPQA-hard,qwen38_panel,983cda51b83847a8bf05440abd38e194,3,C,C,C,True,True,C,True,C,True,C,True,True,0
lever_qwen38_panel_supergpqa_seed42.jsonl,SuperGPQA-hard,qwen38_panel,438f43de355a46e982a21abda8d4f152,3,A,C,C,False,True,C,False,C,False,C,False,False,0
lever_qwen38_panel_supergpqa_seed42.jsonl,SuperGPQA-hard,qwen38_panel,e8f3f3605af14100a15b8c0a8c2f89fa,3,A,A,A,True,True,A,True,A,True,A,True,True,0
lever_qwen38_panel_supergpqa_seed42.jsonl,SuperGPQA-hard,qwen38_panel,fb9042d1b91d4037b436629fccc2e322,3,C,C,C,True,True,C,True,C,True,C,True,True,0
lever_qwen38_panel_supergpqa_seed42.jsonl,SuperGPQA-hard,qwen38_panel,5cf02070572d4b8da047af4b587897e1,3,D,D,D,True,True,D,True,D,True,D,True,True,0
lever_qwen38_panel_supergpqa_seed42.jsonl,SuperGPQA-hard,qwen38_panel,446a334636724901bdafdaa3501bbb49,3,B,B,B,True,True,B,True,B,True,B,True,True,0
lever_qwen38_panel_supergpqa_seed42.jsonl,SuperGPQA-hard,qwen38_panel,a596b66d08484915a5c1996add9b104d,3,A,D,D,False,True,D,False,D,False,D,False,False,0
lever_qwen38_panel_supergpqa_seed42.jsonl,SuperGPQA-hard,qwen38_panel,9706c4ed64d346bdb4326a3951d46dbf,3,B,B,B,True,True,B,True,B,True,B,True,True,0
lever_qwen38_panel_supergpqa_seed42.jsonl,SuperGPQA-hard,qwen38_panel,325534796b254b3499202862368c0f5c,3,B,B,B,True,True,B,True,B,True,B,True,True,0
lever_qwen38_panel_supergpqa_seed42.jsonl,SuperGPQA-hard,qwen38_panel,d8f80bece1864043a27ed1179ff8fe9f,3,C,C,C,True,True,C,True,C,True,C,True,True,0
lever_qwen38_panel_supergpqa_seed42.jsonl,SuperGPQA-hard,qwen38_panel,b4824b77747748cf8486b9e948899ef8,3,D,D,D,True,True,D,True,D,True,D,True,True,0
lever_qwen38_panel_supergpqa_seed42.jsonl,SuperGPQA-hard,qwen38_panel,e1b314d091334b5dbc93a0053e1313d5,3,D,D,D,True,True,D,True,D,True,D,True,True,0
lever_qwen38_panel_supergpqa_seed42.jsonl,SuperGPQA-hard,qwen38_panel,c83eb03cf4be49dcb0b470fb5da66009,3,B,B,B,True,True,B,True,B,True,B,True,True,0
lever_qwen38_panel_supergpqa_seed42.jsonl,SuperGPQA-hard,qwen38_panel,b278c269529d444e97014e86de71b135,3,C,C,C,True,True,C,True,C,True,C,True,True,0
lever_qwen38_panel_supergpqa_seed42.jsonl,SuperGPQA-hard,qwen38_panel,02606f10da9b4a91a734948a2f8f8cab,3,C,C,C,True,True,C,True,C,True,C,True,True,0
lever_qwen38_panel_supergpqa_seed42.jsonl,SuperGPQA-hard,qwen38_panel,fed1780eaf1f42a09ea63e89e1d18a41,3,D,A,A,False,True,A,False,A,False,A,False,False,0
lever_qwen38_panel_supergpqa_seed42.jsonl,SuperGPQA-hard,qwen38_panel,1bd477364f034265bdfe60d0b00b219a,3,B,B,B,True,True,B,True,B,True,B,True,True,0
lever_qwen38_panel_supergpqa_seed42.jsonl,SuperGPQA-hard,qwen38_panel,30ca59713f1b4dc8a6f9e2be9261e168,3,C,C,C,True,True,C,True,C,True,C,True,True,0
lever_qwen38_panel_supergpqa_seed42.jsonl,SuperGPQA-hard,qwen38_panel,f67699a734ca477eb153ad6d4f7f30e0,3,A,A,A,True,True,A,True,A,True,A,True,True,0
lever_qwen38_panel_supergpqa_seed42.jsonl,SuperGPQA-hard,qwen38_panel,16b1ffdff66c4c48ac0b5d2209a5af64,3,D,D,D,True,True,D,True,D,True,D,True,True,0
lever_qwen38_panel_supergpqa_seed42.jsonl,SuperGPQA-hard,qwen38_panel,2ee372f987304fe882e13238d4c6925e,3,C,A,A,False,True,A,False,A,False,A,False,False,0
lever_qwen38_panel_supergpqa_seed42.jsonl,SuperGPQA-hard,qwen38_panel,3a1dc503ec92489c8b0dcbcf77e5b7ea,3,A,A,A,True,True,A,True,A,True,A,True,True,0
lever_qwen38_panel_supergpqa_seed42.jsonl,SuperGPQA-hard,qwen38_panel,a909c0719f3e43b1a44afdbedc66cf68,3,C,C,C,True,True,C,True,C,True,C,True,True,0
lever_qwen38_panel_supergpqa_seed42.jsonl,SuperGPQA-hard,qwen38_panel,68a4b9f37a0a432886fe2c90c0c90466,3,D,D,D,True,True,D,True,D,True,D,True,True,0
lever_rag_presolve_gpqa_seed42.jsonl,GPQA-Diamond,rag_presolve,recypVp2NmPlBKVTp,3,A,A,A,True,True,A,True,A,True,A,True,True,0
lever_rag_presolve_gpqa_seed42.jsonl,GPQA-Diamond,rag_presolve,rec0wZvZgiz320KRs,3,B,B,B,True,True,B,True,B,True,B,True,True,0
lever_rag_presolve_gpqa_seed42.jsonl,GPQA-Diamond,rag_presolve,rechKl68Uc6H7vU0N,3,A,C,C,False,True,C,False,C,False,C,False,False,0
lever_rag_presolve_gpqa_seed42.jsonl,GPQA-Diamond,rag_presolve,recnawZPumSCLMVgp,3,A,C,C,False,True,C,False,C,False,C,False,False,0
lever_rag_presolve_gpqa_seed42.jsonl,GPQA-Diamond,rag_presolve,rec527dNeEtWJrYNl,3,B,B,B,True,True,B,True,B,True,B,True,True,0
lever_rag_presolve_gpqa_seed42.jsonl,GPQA-Diamond,rag_presolve,recINSFEYLCyyd08m,3,A,C,C,False,True,C,False,C,False,C,False,False,0
lever_rag_presolve_gpqa_seed42.jsonl,GPQA-Diamond,rag_presolve,recVvpD8miVjmmyfe,3,D,A,A,False,True,A,False,A,False,A,False,True,0
lever_rag_presolve_gpqa_seed42.jsonl,GPQA-Diamond,rag_presolve,rec0yTRmO1o1xCA6H,3,C,D,D,False,True,D,False,D,False,D,False,False,0
lever_rag_presolve_gpqa_seed42.jsonl,GPQA-Diamond,rag_presolve,rec4r4KWNLrT7g2kR,3,D,D,D,True,True,D,True,D,True,A,False,True,0
lever_rag_presolve_gpqa_seed42.jsonl,GPQA-Diamond,rag_presolve,recDj2Y2BbtV02Wv5,3,B,D,D,False,True,D,False,D,False,D,False,False,1
lever_rag_presolve_gpqa_seed42.jsonl,GPQA-Diamond,rag_presolve,rec6sE2CRtD4drtHg,3,C,C,C,True,True,C,True,C,True,C,True,True,0
lever_rag_presolve_gpqa_seed42.jsonl,GPQA-Diamond,rag_presolve,recE2ihVfqEK4R9d0,3,C,C,C,True,True,C,True,C,True,C,True,True,0
lever_rag_presolve_gpqa_seed42.jsonl,GPQA-Diamond,rag_presolve,recnTTKdBzfuoZ7w7,3,D,A,A,False,True,A,False,A,False,A,False,False,0
lever_rag_presolve_gpqa_seed42.jsonl,GPQA-Diamond,rag_presolve,rec5rjeLsEq5Fg7Oj,3,D,D,D,True,True,D,True,D,True,D,True,True,0
lever_rag_presolve_gpqa_seed42.jsonl,GPQA-Diamond,rag_presolve,recQiWOxhkXRz9NVE,3,C,C,C,True,True,C,True,D,False,C,True,True,0
lever_rag_presolve_gpqa_seed42.jsonl,GPQA-Diamond,rag_presolve,reczjcMtrB1YGS2fO,3,A,C,C,False,True,C,False,C,False,C,False,False,0
lever_rag_presolve_gpqa_seed42.jsonl,GPQA-Diamond,rag_presolve,recpki12iG9RUGrz9,3,D,D,D,True,True,D,True,D,True,D,True,True,0
lever_rag_presolve_gpqa_seed42.jsonl,GPQA-Diamond,rag_presolve,rec260hNUCEj109Dj,3,C,C,C,True,True,C,True,C,True,C,True,True,0
lever_rag_presolve_gpqa_seed42.jsonl,GPQA-Diamond,rag_presolve,recIj8lR4tuDgrHou,3,C,C,C,True,True,C,True,C,True,C,True,True,0
lever_rag_presolve_gpqa_seed42.jsonl,GPQA-Diamond,rag_presolve,recGFNRVl1qBZGwyU,3,B,D,D,False,True,D,False,D,False,D,False,False,0
lever_rag_presolve_gpqa_seed42.jsonl,GPQA-Diamond,rag_presolve,recb80OwMgNnceA9t,3,A,A,A,True,True,A,True,A,True,A,True,True,1
lever_rag_presolve_gpqa_seed42.jsonl,GPQA-Diamond,rag_presolve,recSBcGLPatKb3Ygu,3,D,D,D,True,True,D,True,D,True,D,True,True,0
lever_rag_presolve_gpqa_seed42.jsonl,GPQA-Diamond,rag_presolve,recLAgwx9vbgB5EHk,3,B,A,A,False,True,A,False,A,False,A,False,True,0
lever_rag_presolve_gpqa_seed42.jsonl,GPQA-Diamond,rag_presolve,recWPMm91mGDLXONm,3,D,A,A,False,True,A,False,A,False,A,False,True,0
lever_rag_presolve_gpqa_seed42.jsonl,GPQA-Diamond,rag_presolve,recnGEpF1srQpaqWq,3,B,B,B,True,True,B,True,B,True,B,True,True,0
lever_rag_presolve_gpqa_seed42.jsonl,GPQA-Diamond,rag_presolve,recmI7EiLv72PxmYK,3,B,B,B,True,True,B,True,B,True,B,True,True,0
lever_rag_presolve_gpqa_seed42.jsonl,GPQA-Diamond,rag_presolve,recVEXvhYxAhELVqB,3,A,A,A,True,True,A,True,A,True,A,True,True,0
lever_rag_presolve_gpqa_seed42.jsonl,GPQA-Diamond,rag_presolve,recHVUd2DkoKfedJZ,3,A,C,C,False,True,C,False,A,True,C,False,True,0
lever_rag_presolve_gpqa_seed42.jsonl,GPQA-Diamond,rag_presolve,recPSTGXK3P39yNYT,3,C,C,C,True,True,C,True,C,True,C,True,True,0
lever_rag_presolve_gpqa_seed42.jsonl,GPQA-Diamond,rag_presolve,recIlghoOw5VbY4Zh,3,C,C,C,True,True,C,True,C,True,C,True,True,0
lever_rag_presolve_gpqa_seed42.jsonl,GPQA-Diamond,rag_presolve,recatj4YXzbOaq3Ar,3,C,C,C,True,True,C,True,C,True,C,True,True,0
lever_rag_presolve_gpqa_seed42.jsonl,GPQA-Diamond,rag_presolve,recOvqPKUtyy9ISA1,3,D,D,D,True,True,D,True,D,True,D,True,True,0
lever_rag_presolve_gpqa_seed42.jsonl,GPQA-Diamond,rag_presolve,recL9MFV5zmdlle5T,3,D,D,D,True,True,D,True,D,True,D,True,True,0
lever_rag_presolve_gpqa_seed42.jsonl,GPQA-Diamond,rag_presolve,recwW1A85nfyQpReG,3,C,C,C,True,True,C,True,C,True,C,True,True,0
lever_rag_presolve_gpqa_seed42.jsonl,GPQA-Diamond,rag_presolve,recEmTBhx2hgw6tPQ,3,B,B,B,True,True,B,True,D,False,B,True,True,0
lever_rag_presolve_gpqa_seed42.jsonl,GPQA-Diamond,rag_presolve,rec4L69T0Y1AS4AFS,3,B,B,B,True,True,B,True,B,True,B,True,True,0
lever_rag_presolve_gpqa_seed42.jsonl,GPQA-Diamond,rag_presolve,recMicVBcqy1xM1jq,3,B,D,D,False,True,D,False,D,False,D,False,False,0
lever_rag_presolve_gpqa_seed42.jsonl,GPQA-Diamond,rag_presolve,reczzzihL7btBH7RO,3,A,C,C,False,True,C,False,C,False,A,True,True,0
lever_rag_presolve_gpqa_seed42.jsonl,GPQA-Diamond,rag_presolve,recNuT2oSnO86bxOx,3,D,D,D,True,True,D,True,D,True,D,True,True,0
lever_rag_presolve_gpqa_seed42.jsonl,GPQA-Diamond,rag_presolve,recGee5m84dg5FZkc,3,C,B,B,False,True,B,False,B,False,B,False,False,0
lever_rag_presolve_gpqa_seed42.jsonl,GPQA-Diamond,rag_presolve,recdya6FuYraBU5Rh,3,B,B,B,True,True,B,True,B,True,B,True,True,0
lever_rag_presolve_gpqa_seed42.jsonl,GPQA-Diamond,rag_presolve,recwlwlcPvXVNPmvl,3,D,D,D,True,True,D,True,D,True,D,True,True,0
lever_rag_presolve_gpqa_seed42.jsonl,GPQA-Diamond,rag_presolve,recooG6bivTUJpDBz,3,A,D,D,False,True,D,False,D,False,D,False,False,0
lever_rag_presolve_gpqa_seed42.jsonl,GPQA-Diamond,rag_presolve,reccOKzFNmyqeJ6ry,3,D,D,D,True,True,D,True,D,True,D,True,True,0
lever_rag_presolve_gpqa_seed42.jsonl,GPQA-Diamond,rag_presolve,recJZ3QEfRKjYw9a7,3,A,D,D,False,True,A,True,A,True,D,False,True,0
lever_rag_presolve_gpqa_seed42.jsonl,GPQA-Diamond,rag_presolve,recaXdGn3FAIkxLGM,3,D,D,D,True,True,D,True,D,True,D,True,True,0
lever_rag_presolve_gpqa_seed42.jsonl,GPQA-Diamond,rag_presolve,recO3hvCWRGiG0odN,3,B,B,B,True,True,B,True,B,True,B,True,True,0
lever_rag_presolve_gpqa_seed42.jsonl,GPQA-Diamond,rag_presolve,rec06pnAkLOr2t2mp,3,B,B,B,True,True,B,True,B,True,B,True,True,0
lever_rag_presolve_gpqa_seed42.jsonl,GPQA-Diamond,rag_presolve,rectXfsCM1dj4Kv2c,3,C,C,C,True,True,C,True,A,False,C,True,True,0
lever_rag_presolve_gpqa_seed42.jsonl,GPQA-Diamond,rag_presolve,recs3PLPUEMiqg4P8,3,C,D,D,False,True,D,False,D,False,D,False,False,0
lever_rag_presolve_gpqa_seed42.jsonl,GPQA-Diamond,rag_presolve,rec7C06XOB2h298ue,3,D,D,D,True,True,D,True,D,True,D,True,True,0
lever_rag_presolve_gpqa_seed42.jsonl,GPQA-Diamond,rag_presolve,reckEnrOPFT9Ru7tW,3,B,B,B,True,True,B,True,A,False,A,False,True,0
lever_rag_presolve_gpqa_seed42.jsonl,GPQA-Diamond,rag_presolve,reck4G4xxv3YnpbtQ,3,B,A,A,False,True,A,False,A,False,D,False,False,0
lever_rag_presolve_gpqa_seed42.jsonl,GPQA-Diamond,rag_presolve,recoiTJPGUmzAkief,3,D,D,D,True,True,D,True,D,True,D,True,True,0
lever_rag_presolve_gpqa_seed42.jsonl,GPQA-Diamond,rag_presolve,recRZjaElf8ft7xTq,3,C,A,A,False,True,A,False,A,False,A,False,False,0
lever_rag_presolve_gpqa_seed42.jsonl,GPQA-Diamond,rag_presolve,recI1ls9OXdxatHQn,3,A,A,A,True,True,A,True,A,True,A,True,True,0
lever_rag_presolve_gpqa_seed42.jsonl,GPQA-Diamond,rag_presolve,rechgQucGlrnt8KRV,3,B,B,B,True,True,B,True,B,True,D,False,True,0
lever_rag_presolve_gpqa_seed42.jsonl,GPQA-Diamond,rag_presolve,recIOlKBsOeEcgkA1,3,D,D,D,True,True,D,True,D,True,D,True,True,0
lever_rag_presolve_gpqa_seed42.jsonl,GPQA-Diamond,rag_presolve,recmkvk6EFAmqyMxR,3,B,B,B,True,True,B,True,B,True,B,True,True,0
lever_rag_presolve_gpqa_seed42.jsonl,GPQA-Diamond,rag_presolve,reccVFW11Elovnf8T,3,C,C,C,True,True,C,True,C,True,B,False,True,0
lever_rag_presolve_gpqa_seed42.jsonl,GPQA-Diamond,rag_presolve,reczUoM8JsxU6pYxr,3,D,D,D,True,True,D,True,D,True,D,True,True,0
lever_rag_presolve_gpqa_seed42.jsonl,GPQA-Diamond,rag_presolve,rec8y3ZrBOcLgNEkE,3,B,B,B,True,True,B,True,B,True,B,True,True,0
lever_rag_presolve_gpqa_seed42.jsonl,GPQA-Diamond,rag_presolve,rechtUKxC6G67H7Pr,3,C,C,C,True,True,C,True,C,True,C,True,True,0
lever_rag_presolve_gpqa_seed42.jsonl,GPQA-Diamond,rag_presolve,recclFbsjbaiVVnnV,3,C,A,A,False,True,A,False,A,False,A,False,False,0
lever_rag_presolve_gpqa_seed42.jsonl,GPQA-Diamond,rag_presolve,rec5eA17Qr1ucNLUf,3,C,C,C,True,True,C,True,C,True,C,True,True,0
lever_rag_presolve_gpqa_seed42.jsonl,GPQA-Diamond,rag_presolve,recINGR1z01Fh1Z3A,3,C,C,C,True,True,C,True,C,True,C,True,True,0
lever_rag_presolve_gpqa_seed42.jsonl,GPQA-Diamond,rag_presolve,receYQxnUBvxPcvbQ,3,B,B,B,True,True,B,True,B,True,B,True,True,0
lever_rag_presolve_gpqa_seed42.jsonl,GPQA-Diamond,rag_presolve,recPIzpnuYpB4yvmp,3,D,D,D,True,True,D,True,D,True,D,True,True,0
lever_rag_presolve_gpqa_seed42.jsonl,GPQA-Diamond,rag_presolve,recPL4ZPpVYxgMu57,3,A,A,A,True,True,A,True,A,True,A,True,True,0
lever_rag_presolve_gpqa_seed42.jsonl,GPQA-Diamond,rag_presolve,reczkBiPPNrNN49Hp,3,B,B,B,True,True,B,True,B,True,B,True,True,0
lever_rag_presolve_gpqa_seed42.jsonl,GPQA-Diamond,rag_presolve,recJJcOHhFeSaRpl4,3,C,C,C,True,True,C,True,C,True,C,True,True,0
lever_rag_presolve_gpqa_seed42.jsonl,GPQA-Diamond,rag_presolve,receo3UUzRvWCqyfA,3,C,C,C,True,True,C,True,C,True,C,True,True,0
lever_rag_presolve_gpqa_seed42.jsonl,GPQA-Diamond,rag_presolve,recLSzwBUS3olCjhl,3,C,C,C,True,True,C,True,C,True,C,True,True,0
lever_rag_presolve_gpqa_seed42.jsonl,GPQA-Diamond,rag_presolve,recUOePh79cp4T2Bg,3,B,C,C,False,True,C,False,C,False,C,False,False,0
lever_rag_presolve_gpqa_seed42.jsonl,GPQA-Diamond,rag_presolve,recuYEkVjdVUwA3c0,3,C,C,C,True,True,C,True,C,True,D,False,True,0
lever_rag_presolve_gpqa_seed42.jsonl,GPQA-Diamond,rag_presolve,recf6ayQmL1SxKbvW,3,D,A,A,False,True,A,False,A,False,A,False,False,0
lever_rag_presolve_gpqa_seed42.jsonl,GPQA-Diamond,rag_presolve,recihePFulRgNKsIn,3,A,C,C,False,True,C,False,C,False,C,False,False,1
lever_rag_presolve_gpqa_seed42.jsonl,GPQA-Diamond,rag_presolve,recrNbtgTNoabJJi6,3,D,A,A,False,True,A,False,A,False,A,False,False,0
lever_rag_presolve_gpqa_seed42.jsonl,GPQA-Diamond,rag_presolve,recr3VHM4zYf6dMFY,3,B,B,B,True,True,B,True,B,True,B,True,True,1
lever_rag_presolve_gpqa_seed42.jsonl,GPQA-Diamond,rag_presolve,recjJ54TXc04enRkZ,3,A,B,B,False,True,B,False,D,False,B,False,False,0
lever_rag_presolve_gpqa_seed42.jsonl,GPQA-Diamond,rag_presolve,recFaL6j8UMhutXrc,3,A,A,A,True,True,A,True,D,False,D,False,True,0
lever_rag_presolve_gpqa_seed42.jsonl,GPQA-Diamond,rag_presolve,recfTlTMjZBuOducT,3,D,D,D,True,True,D,True,D,True,D,True,True,0
lever_rag_presolve_gpqa_seed42.jsonl,GPQA-Diamond,rag_presolve,rec8nshandHARTkrg,3,B,A,A,False,True,A,False,A,False,A,False,False,0
lever_rag_presolve_gpqa_seed42.jsonl,GPQA-Diamond,rag_presolve,recXsuOHRBLcyenF2,3,A,A,A,True,True,A,True,A,True,A,True,True,0
lever_rag_presolve_gpqa_seed42.jsonl,GPQA-Diamond,rag_presolve,recOkA2zsy4GSMD9R,3,B,D,D,False,True,D,False,D,False,D,False,False,0
lever_rag_presolve_gpqa_seed42.jsonl,GPQA-Diamond,rag_presolve,recBhnXrUyTJ6WHIR,3,D,A,A,False,True,A,False,B,False,A,False,False,0
lever_rag_presolve_supergpqa_seed123.jsonl,SuperGPQA-hard,rag_presolve,325534796b254b3499202862368c0f5c,3,D,B,B,False,True,B,False,B,False,B,False,False,0
lever_rag_presolve_supergpqa_seed123.jsonl,SuperGPQA-hard,rag_presolve,28940f5e66204d6d8da272c94357c949,3,B,A,A,False,True,A,False,A,False,A,False,False,0
lever_rag_presolve_supergpqa_seed123.jsonl,SuperGPQA-hard,rag_presolve,f3dbbb1c935242e287d05399a283167a,3,A,B,B,False,True,B,False,B,False,B,False,False,0
lever_rag_presolve_supergpqa_seed123.jsonl,SuperGPQA-hard,rag_presolve,ea4794c5a4774d66b38264b39f2fe72d,3,A,C,C,False,True,C,False,C,False,C,False,False,0
lever_rag_presolve_supergpqa_seed123.jsonl,SuperGPQA-hard,rag_presolve,e459d523e32a40e483fa37877ae37dd7,3,A,A,A,True,True,A,True,A,True,A,True,True,0
lever_rag_presolve_supergpqa_seed123.jsonl,SuperGPQA-hard,rag_presolve,c4f6b8482b184c0b98b6d72d00204932,3,D,C,C,False,True,D,True,D,True,C,False,True,0
lever_rag_presolve_supergpqa_seed123.jsonl,SuperGPQA-hard,rag_presolve,3379eb264f7a44fcbb8967c1257d8ef1,3,D,D,D,True,True,D,True,C,False,C,False,True,0
lever_rag_presolve_supergpqa_seed123.jsonl,SuperGPQA-hard,rag_presolve,cef6e3a767534afab6be3925eee3908f,3,C,C,C,True,True,C,True,C,True,C,True,True,0
lever_rag_presolve_supergpqa_seed123.jsonl,SuperGPQA-hard,rag_presolve,10e238c23efe47cf85d9718dfea21752,3,B,D,D,False,True,D,False,D,False,B,True,True,0
lever_rag_presolve_supergpqa_seed123.jsonl,SuperGPQA-hard,rag_presolve,8e138fad2c6a4a5d94d6c17aa87bd47e,3,D,D,D,True,True,D,True,D,True,D,True,True,0
lever_rag_presolve_supergpqa_seed123.jsonl,SuperGPQA-hard,rag_presolve,a171bbfccbe24401a400031c59b4af26,3,A,D,D,False,True,D,False,D,False,D,False,True,0
lever_rag_presolve_supergpqa_seed123.jsonl,SuperGPQA-hard,rag_presolve,93fb85fa16e54fffb106e0e8b6ea0a41,3,A,B,B,False,True,B,False,B,False,B,False,False,0
lever_rag_presolve_supergpqa_seed123.jsonl,SuperGPQA-hard,rag_presolve,9bffaf0a268949899e234cf7a4299f16,3,B,D,D,False,True,D,False,D,False,D,False,False,0
lever_rag_presolve_supergpqa_seed123.jsonl,SuperGPQA-hard,rag_presolve,23e717d973b547e1839a1e41467174ad,3,A,A,A,True,True,A,True,A,True,A,True,True,0
lever_rag_presolve_supergpqa_seed123.jsonl,SuperGPQA-hard,rag_presolve,b586d22adc1340dcb0af3966063009ee,3,B,C,C,False,True,C,False,C,False,C,False,False,0
lever_rag_presolve_supergpqa_seed123.jsonl,SuperGPQA-hard,rag_presolve,a6d224d814c74b14b05cbc915f94c318,3,D,D,D,True,True,D,True,D,True,D,True,True,0
lever_rag_presolve_supergpqa_seed123.jsonl,SuperGPQA-hard,rag_presolve,e7ed8b4f392140368530a851521d82e0,3,C,D,D,False,True,D,False,D,False,D,False,False,0
lever_rag_presolve_supergpqa_seed123.jsonl,SuperGPQA-hard,rag_presolve,43b85949f89c4ced866cc8222329c0d5,3,D,D,D,True,True,D,True,D,True,D,True,True,0
lever_rag_presolve_supergpqa_seed123.jsonl,SuperGPQA-hard,rag_presolve,10189f626a71458193ceb74c22288670,3,B,A,A,False,True,C,False,C,False,C,False,False,0
lever_rag_presolve_supergpqa_seed123.jsonl,SuperGPQA-hard,rag_presolve,937e75090a8a4e4f8dd14f6330f14ed4,3,A,A,A,True,True,A,True,A,True,A,True,True,0
lever_rag_presolve_supergpqa_seed123.jsonl,SuperGPQA-hard,rag_presolve,03ccb89aa12341928fc94ffc1721820d,3,C,A,A,False,True,A,False,A,False,A,False,True,0
lever_rag_presolve_supergpqa_seed123.jsonl,SuperGPQA-hard,rag_presolve,27a902f1fd954aef804640412578914b,3,D,D,D,True,True,D,True,D,True,D,True,True,0
lever_rag_presolve_supergpqa_seed123.jsonl,SuperGPQA-hard,rag_presolve,345786092a354c1e90c6b2004b9d5719,3,B,B,B,True,True,B,True,B,True,B,True,True,0
lever_rag_presolve_supergpqa_seed123.jsonl,SuperGPQA-hard,rag_presolve,4a0b44d076df4b458538e29e594ab4a8,3,C,C,C,True,True,C,True,C,True,C,True,True,0
lever_rag_presolve_supergpqa_seed123.jsonl,SuperGPQA-hard,rag_presolve,53185f05190546179a849bb17515c3b5,3,D,A,A,False,True,A,False,D,True,D,True,True,0
lever_rag_presolve_supergpqa_seed123.jsonl,SuperGPQA-hard,rag_presolve,0798fd9db4e14572a71233e3b6e3acbd,3,B,C,C,False,True,B,True,B,True,C,False,True,0
lever_rag_presolve_supergpqa_seed123.jsonl,SuperGPQA-hard,rag_presolve,dff99ba339964cb9b6ab381b618355b5,3,B,B,B,True,True,B,True,B,True,B,True,True,0
lever_rag_presolve_supergpqa_seed123.jsonl,SuperGPQA-hard,rag_presolve,2e1738795281443cbc6067913cc2162b,3,A,D,D,False,True,D,False,D,False,D,False,False,0
lever_rag_presolve_supergpqa_seed123.jsonl,SuperGPQA-hard,rag_presolve,b389bd8fda16458da390b0aeefa9328c,3,A,D,D,False,True,D,False,C,False,D,False,False,0
lever_rag_presolve_supergpqa_seed123.jsonl,SuperGPQA-hard,rag_presolve,7a9df24be1fa4c2ebb1d80d46daf7203,3,B,D,D,False,True,D,False,B,True,B,True,True,0
lever_rag_presolve_supergpqa_seed123.jsonl,SuperGPQA-hard,rag_presolve,2dc1e5336b3c4da59b7bdd773371ed9b,3,A,A,A,True,True,A,True,A,True,C,False,True,0
lever_rag_presolve_supergpqa_seed123.jsonl,SuperGPQA-hard,rag_presolve,0c5b12065dff42d386db06e43ed8b632,3,D,D,D,True,True,D,True,D,True,D,True,True,0
lever_rag_presolve_supergpqa_seed123.jsonl,SuperGPQA-hard,rag_presolve,287b698ee9404cd9bca05074a5f2e382,3,D,D,D,True,True,D,True,D,True,D,True,True,0
lever_rag_presolve_supergpqa_seed123.jsonl,SuperGPQA-hard,rag_presolve,f36a5f7ac1104f8f976b65b4bb352cc6,3,B,B,B,True,True,B,True,B,True,B,True,True,0
lever_rag_presolve_supergpqa_seed123.jsonl,SuperGPQA-hard,rag_presolve,5e95ac70fd304758a6bd82c6230f0ebc,3,C,A,A,False,True,A,False,A,False,A,False,False,0
lever_rag_presolve_supergpqa_seed123.jsonl,SuperGPQA-hard,rag_presolve,45337265a83048bc99fd9c20a79a4937,3,A,D,D,False,True,D,False,A,True,D,False,True,0
lever_rag_presolve_supergpqa_seed123.jsonl,SuperGPQA-hard,rag_presolve,01eb5d6dafa04f91b785e456c88d12d7,3,B,C,C,False,True,C,False,C,False,C,False,False,0
lever_rag_presolve_supergpqa_seed123.jsonl,SuperGPQA-hard,rag_presolve,7becb6c49d3d402686a0eafc9041a91f,3,D,D,D,True,True,D,True,D,True,D,True,True,0
lever_rag_presolve_supergpqa_seed123.jsonl,SuperGPQA-hard,rag_presolve,f0cb01ea21ce4febb636008055080398,3,B,B,B,True,True,B,True,B,True,D,False,True,0
lever_rag_presolve_supergpqa_seed123.jsonl,SuperGPQA-hard,rag_presolve,c7d8cdb8547648f0aebb0de1e9d33105,3,A,C,C,False,True,C,False,C,False,C,False,False,0
lever_rag_presolve_supergpqa_seed123.jsonl,SuperGPQA-hard,rag_presolve,904a4aeefbb644f684bed204a8647109,3,A,A,A,True,True,A,True,A,True,D,False,True,0
lever_rag_presolve_supergpqa_seed123.jsonl,SuperGPQA-hard,rag_presolve,f5746a6b252a42cdb64cd25fe623a7b6,3,A,A,A,True,True,A,True,A,True,A,True,True,0
lever_rag_presolve_supergpqa_seed123.jsonl,SuperGPQA-hard,rag_presolve,0619ff74bac54d10a1912900ca5901d7,3,B,B,B,True,True,B,True,A,False,A,False,True,0
lever_rag_presolve_supergpqa_seed123.jsonl,SuperGPQA-hard,rag_presolve,405821e0aa2f42c594b673d3e1273026,3,B,A,A,False,True,A,False,A,False,D,False,False,0
lever_rag_presolve_supergpqa_seed123.jsonl,SuperGPQA-hard,rag_presolve,60568684a6c7436cb002aaaae1224044,3,C,C,C,True,True,C,True,C,True,A,False,True,0
lever_rag_presolve_supergpqa_seed123.jsonl,SuperGPQA-hard,rag_presolve,abcb96943b3241f5bda9f3b6765fe5a0,3,A,A,A,True,True,A,True,A,True,B,False,True,0
lever_rag_presolve_supergpqa_seed123.jsonl,SuperGPQA-hard,rag_presolve,67737a767408432796a707a8a10d859b,3,B,B,B,True,True,B,True,B,True,B,True,True,0
lever_rag_presolve_supergpqa_seed123.jsonl,SuperGPQA-hard,rag_presolve,a4c88f95e21f4fb4bcb82fb49377a5d5,3,B,D,D,False,True,D,False,D,False,D,False,False,0
lever_rag_presolve_supergpqa_seed123.jsonl,SuperGPQA-hard,rag_presolve,48de38a79dd148da89ca4bf92c8bddd1,3,D,C,C,False,True,C,False,C,False,C,False,True,0
lever_rag_presolve_supergpqa_seed123.jsonl,SuperGPQA-hard,rag_presolve,5e20b93a9d8e4171836aa1e0e5320730,3,D,D,D,True,True,D,True,D,True,D,True,True,0
lever_rag_presolve_supergpqa_seed123.jsonl,SuperGPQA-hard,rag_presolve,f4c026d1f3e945a5a3829d02351a7560,3,D,D,D,True,True,D,True,D,True,D,True,True,0
lever_rag_presolve_supergpqa_seed123.jsonl,SuperGPQA-hard,rag_presolve,210b3664e51b43bbab0d4b1bfa4668d0,3,A,A,A,True,True,A,True,A,True,A,True,True,0
lever_rag_presolve_supergpqa_seed123.jsonl,SuperGPQA-hard,rag_presolve,d008e4e5fa3740599a6cdbb6afef7e06,3,B,A,A,False,True,B,True,B,True,A,False,True,0
lever_rag_presolve_supergpqa_seed123.jsonl,SuperGPQA-hard,rag_presolve,b41fbe0149264bc98901fdcaa06e84d7,3,C,B,B,False,True,B,False,C,True,B,False,True,0
lever_rag_presolve_supergpqa_seed123.jsonl,SuperGPQA-hard,rag_presolve,505cf024c3d34a8cad5631b7c487733c,3,B,B,B,True,True,B,True,B,True,D,False,True,0
lever_rag_presolve_supergpqa_seed123.jsonl,SuperGPQA-hard,rag_presolve,7cba4178aa2b47d8abd5c11113bcd92f,3,C,D,D,False,True,D,False,C,True,D,False,True,0
lever_rag_presolve_supergpqa_seed123.jsonl,SuperGPQA-hard,rag_presolve,00f8026cfff64ca1b556ed8e3ee5084b,3,C,C,C,True,True,C,True,C,True,C,True,True,0
lever_rag_presolve_supergpqa_seed123.jsonl,SuperGPQA-hard,rag_presolve,3f8989b3db06466787aa75da59bd29f5,3,C,A,A,False,True,D,False,D,False,D,False,False,0
lever_rag_presolve_supergpqa_seed123.jsonl,SuperGPQA-hard,rag_presolve,a4d720c59e7844a792c74c8f11f39f32,3,A,D,D,False,True,D,False,A,True,D,False,True,0
lever_rag_presolve_supergpqa_seed123.jsonl,SuperGPQA-hard,rag_presolve,1bc58f1386a149d9978e41488ed96e44,3,A,A,A,True,True,A,True,A,True,A,True,True,0
lever_rag_presolve_supergpqa_seed123.jsonl,SuperGPQA-hard,rag_presolve,4284e998fada4c82963c98155b243a6d,3,B,C,C,False,True,C,False,B,True,C,False,True,0
lever_rag_presolve_supergpqa_seed123.jsonl,SuperGPQA-hard,rag_presolve,19216cc8085c4e9089ba5d9e765fc373,3,B,B,B,True,True,B,True,B,True,B,True,True,0
lever_rag_presolve_supergpqa_seed123.jsonl,SuperGPQA-hard,rag_presolve,3c4c69c60cc840138881e84e7dfc53c2,3,B,C,C,False,True,C,False,D,False,D,False,False,0
lever_rag_presolve_supergpqa_seed123.jsonl,SuperGPQA-hard,rag_presolve,88525de50e7d4b47830c6eb98c9f17d2,3,B,B,B,True,True,B,True,B,True,B,True,True,0
lever_rag_presolve_supergpqa_seed123.jsonl,SuperGPQA-hard,rag_presolve,c134c966d6d04da0b1d6b1a268a70744,3,B,C,C,False,True,C,False,C,False,C,False,False,0
lever_rag_presolve_supergpqa_seed123.jsonl,SuperGPQA-hard,rag_presolve,a1fe1674694645b8914102f518ba1dbd,3,C,C,C,True,True,C,True,C,True,C,True,True,0
lever_rag_presolve_supergpqa_seed123.jsonl,SuperGPQA-hard,rag_presolve,b3d0389dfc294bc2a3a305710907635c,3,C,C,C,True,True,C,True,C,True,C,True,True,0
lever_rag_presolve_supergpqa_seed123.jsonl,SuperGPQA-hard,rag_presolve,e1fab0b4cf6d474bb0f67c5b31a8820a,3,C,C,C,True,True,C,True,C,True,C,True,True,0
lever_rag_presolve_supergpqa_seed123.jsonl,SuperGPQA-hard,rag_presolve,7753d398f364454d84d42d1d81b3537b,3,C,C,C,True,True,C,True,C,True,D,False,True,0
lever_rag_presolve_supergpqa_seed123.jsonl,SuperGPQA-hard,rag_presolve,e26b923888d1415f9c76de764ba146b0,3,A,C,C,False,True,C,False,C,False,C,False,False,0
lever_rag_presolve_supergpqa_seed123.jsonl,SuperGPQA-hard,rag_presolve,d99bd9be83bd49ea8a9da3bf863bbd5f,3,C,A,A,False,True,A,False,A,False,A,False,True,0
lever_rag_presolve_supergpqa_seed123.jsonl,SuperGPQA-hard,rag_presolve,c417a559e8b44c698489454d49cfc72f,3,A,A,A,True,True,A,True,A,True,A,True,True,0
lever_rag_presolve_supergpqa_seed123.jsonl,SuperGPQA-hard,rag_presolve,3fe28bc716c245ed80ddac64604a5d82,3,D,D,D,True,True,D,True,D,True,D,True,True,0
lever_rag_presolve_supergpqa_seed123.jsonl,SuperGPQA-hard,rag_presolve,be49b5e8f608434db1b5147ca20fb19b,3,B,B,B,True,True,B,True,B,True,B,True,True,0
lever_rag_presolve_supergpqa_seed123.jsonl,SuperGPQA-hard,rag_presolve,ebe13c146960463e8ea8c439076c0f1f,3,D,D,D,True,True,D,True,D,True,D,True,True,0
lever_rag_presolve_supergpqa_seed123.jsonl,SuperGPQA-hard,rag_presolve,64a904ae6727433ea41ef31690ba0711,3,A,A,A,True,True,A,True,A,True,A,True,True,0
lever_rag_presolve_supergpqa_seed123.jsonl,SuperGPQA-hard,rag_presolve,98273697cfe64c44b258fcf337adbd0e,3,B,B,B,True,True,B,True,B,True,C,False,True,0
lever_rag_presolve_supergpqa_seed123.jsonl,SuperGPQA-hard,rag_presolve,80ecabf1688e4be3bb3f9c0181947167,3,C,C,C,True,True,C,True,C,True,C,True,True,0
lever_rag_presolve_supergpqa_seed123.jsonl,SuperGPQA-hard,rag_presolve,bf42bdb404084228996458cc4ff2e9dd,3,D,D,D,True,True,D,True,D,True,D,True,True,0
lever_rag_presolve_supergpqa_seed123.jsonl,SuperGPQA-hard,rag_presolve,24e2c4692bdf48ea9323dc867b09f891,3,C,C,C,True,True,C,True,C,True,B,False,True,0
lever_rag_presolve_supergpqa_seed123.jsonl,SuperGPQA-hard,rag_presolve,2810b2b7944c4905b3dcb543060e32c4,3,D,C,C,False,True,C,False,C,False,C,False,False,0
lever_rag_presolve_supergpqa_seed123.jsonl,SuperGPQA-hard,rag_presolve,90295a93faf14a3fb0a9a42dc7a54ee0,3,C,A,A,False,True,A,False,A,False,A,False,False,0
lever_rag_presolve_supergpqa_seed123.jsonl,SuperGPQA-hard,rag_presolve,e086530f5eee4ec3b687fb2ef2bf1e18,3,B,D,D,False,True,D,False,D,False,D,False,False,0
lever_rag_presolve_supergpqa_seed123.jsonl,SuperGPQA-hard,rag_presolve,9f8ccb34f3cf4eb1b8459927abbbca9c,3,B,B,B,True,True,B,True,B,True,B,True,True,0
lever_rag_presolve_supergpqa_seed123.jsonl,SuperGPQA-hard,rag_presolve,1f3d33e572a44b1681f2a328042e2218,3,C,C,C,True,True,C,True,C,True,C,True,True,0
lever_rag_presolve_supergpqa_seed123.jsonl,SuperGPQA-hard,rag_presolve,ca835c9753b3495881d157093a494969,3,D,D,D,True,True,D,True,D,True,D,True,True,0
lever_rag_presolve_supergpqa_seed123.jsonl,SuperGPQA-hard,rag_presolve,095e4a649d634eef99b6be4b39625b09,3,D,A,A,False,True,D,True,D,True,C,False,True,0
lever_rag_presolve_supergpqa_seed123.jsonl,SuperGPQA-hard,rag_presolve,afe0ed4d48c54836b7c7290a88c48c6a,3,A,A,A,True,True,A,True,A,True,D,False,True,0
lever_rag_presolve_supergpqa_seed123.jsonl,SuperGPQA-hard,rag_presolve,1d20f67dc3f848e791ee5d1ea58acba2,3,B,A,A,False,True,A,False,B,True,A,False,True,0
lever_rag_presolve_supergpqa_seed271.jsonl,SuperGPQA-hard,rag_presolve,d735b8507f654bb19440357d19395199,3,B,A,A,False,True,A,False,A,False,A,False,False,0
lever_rag_presolve_supergpqa_seed271.jsonl,SuperGPQA-hard,rag_presolve,8df1ce32bc37459a8e09994c1a69be1b,3,D,D,D,True,True,D,True,D,True,D,True,True,0
lever_rag_presolve_supergpqa_seed271.jsonl,SuperGPQA-hard,rag_presolve,6b1823e9cf1a408394028492a2543d2f,3,B,B,B,True,True,B,True,B,True,B,True,True,0
lever_rag_presolve_supergpqa_seed271.jsonl,SuperGPQA-hard,rag_presolve,667bfe0ed4b9420cab5fdfd122909d26,3,B,C,C,False,True,C,False,C,False,C,False,False,0
lever_rag_presolve_supergpqa_seed271.jsonl,SuperGPQA-hard,rag_presolve,81bb88e7883d4fc7aae41299e7522a01,3,A,C,C,False,True,C,False,C,False,C,False,False,0
lever_rag_presolve_supergpqa_seed271.jsonl,SuperGPQA-hard,rag_presolve,62f9e0bfbb3e4ca7ac35c6968bbc1a96,3,C,C,C,True,True,C,True,C,True,C,True,True,0
lever_rag_presolve_supergpqa_seed271.jsonl,SuperGPQA-hard,rag_presolve,700b8287d2af47898340c7c01fb3a354,3,C,C,C,True,True,C,True,C,True,C,True,True,0
lever_rag_presolve_supergpqa_seed271.jsonl,SuperGPQA-hard,rag_presolve,c69b37c168c0442d8535be75e705658e,3,B,C,C,False,True,C,False,C,False,C,False,False,0
lever_rag_presolve_supergpqa_seed271.jsonl,SuperGPQA-hard,rag_presolve,d637308b16d4406f8d467e25c2b9ed4b,3,C,C,C,True,True,C,True,C,True,C,True,True,0
lever_rag_presolve_supergpqa_seed271.jsonl,SuperGPQA-hard,rag_presolve,950df3915a04434eab77d8f4f0322b84,3,A,A,A,True,True,A,True,A,True,A,True,True,0
lever_rag_presolve_supergpqa_seed271.jsonl,SuperGPQA-hard,rag_presolve,5fcfe657cd5748408e39a90ef94ad757,3,B,B,B,True,True,B,True,B,True,B,True,True,0
lever_rag_presolve_supergpqa_seed271.jsonl,SuperGPQA-hard,rag_presolve,644f2d1d1e644326a8da88e2010deeff,3,A,B,B,False,True,B,False,B,False,B,False,False,0
lever_rag_presolve_supergpqa_seed271.jsonl,SuperGPQA-hard,rag_presolve,423099d02b5642939e9550ce9eca1f31,3,A,A,A,True,True,A,True,A,True,A,True,True,0
lever_rag_presolve_supergpqa_seed271.jsonl,SuperGPQA-hard,rag_presolve,ae3cc3ad3166484cbe83f9cd3b604761,3,A,A,A,True,True,A,True,A,True,B,False,True,0
lever_rag_presolve_supergpqa_seed271.jsonl,SuperGPQA-hard,rag_presolve,9a21e0b2e2a94a3787d79b8b68b2fe5a,3,A,A,A,True,True,A,True,A,True,A,True,True,0
lever_rag_presolve_supergpqa_seed271.jsonl,SuperGPQA-hard,rag_presolve,f9a33d8f93a746ec8c6431a2b6bce193,3,C,C,C,True,True,C,True,C,True,C,True,True,0
lever_rag_presolve_supergpqa_seed271.jsonl,SuperGPQA-hard,rag_presolve,ba968b5d723c4e148fd8dd326314f7ad,3,B,C,C,False,True,C,False,B,True,C,False,True,0
lever_rag_presolve_supergpqa_seed271.jsonl,SuperGPQA-hard,rag_presolve,08a4102166144f5d922ce24ee38463d4,3,B,C,C,False,True,C,False,C,False,C,False,False,0
lever_rag_presolve_supergpqa_seed271.jsonl,SuperGPQA-hard,rag_presolve,0256b93a2457448cb7ca2c06fd7b66cd,3,D,C,C,False,True,C,False,C,False,C,False,False,0
lever_rag_presolve_supergpqa_seed271.jsonl,SuperGPQA-hard,rag_presolve,8592bcd761ff42b0a42cfa99fb3e497c,3,C,C,C,True,True,C,True,C,True,C,True,True,0
lever_rag_presolve_supergpqa_seed271.jsonl,SuperGPQA-hard,rag_presolve,be091c3945a54db99326f44605f5aadf,3,D,A,A,False,True,A,False,A,False,A,False,False,0
lever_rag_presolve_supergpqa_seed271.jsonl,SuperGPQA-hard,rag_presolve,f303c96caa884a1d83af52b6df8f2ae9,3,B,D,D,False,True,D,False,D,False,D,False,False,0
lever_rag_presolve_supergpqa_seed271.jsonl,SuperGPQA-hard,rag_presolve,8e40cd53b45a4b15ac686b1de9f0c732,3,B,A,A,False,True,A,False,A,False,C,False,True,0
lever_rag_presolve_supergpqa_seed271.jsonl,SuperGPQA-hard,rag_presolve,0a6a29e816074835b6ac6886e3575da6,3,C,C,C,True,True,C,True,C,True,C,True,True,0
lever_rag_presolve_supergpqa_seed271.jsonl,SuperGPQA-hard,rag_presolve,dfe791a34609485cad4160cb7b7a9921,3,B,B,B,True,True,B,True,B,True,D,False,True,0
lever_rag_presolve_supergpqa_seed271.jsonl,SuperGPQA-hard,rag_presolve,3bb9bdcf2aae48e5a62161a1578a5df5,3,D,A,A,False,True,A,False,A,False,A,False,False,0
lever_rag_presolve_supergpqa_seed271.jsonl,SuperGPQA-hard,rag_presolve,e13b5563e1eb450d94962f013c3ae36a,3,A,C,C,False,True,C,False,C,False,C,False,False,0
lever_rag_presolve_supergpqa_seed271.jsonl,SuperGPQA-hard,rag_presolve,937463eca06f4d778540791c4e2da3b7,3,D,B,B,False,True,B,False,B,False,B,False,True,0
lever_rag_presolve_supergpqa_seed271.jsonl,SuperGPQA-hard,rag_presolve,0e971ef965cc4f0582b90c5b7b15e048,3,C,C,C,True,True,C,True,C,True,C,True,True,0
lever_rag_presolve_supergpqa_seed271.jsonl,SuperGPQA-hard,rag_presolve,8152cb30d5e44cf5824639f5c1f87b68,3,C,C,C,True,True,C,True,C,True,C,True,True,0
lever_rag_presolve_supergpqa_seed271.jsonl,SuperGPQA-hard,rag_presolve,2c80ad52c2324c3ab0b78cbad3437367,3,C,C,C,True,True,C,True,C,True,C,True,True,0
lever_rag_presolve_supergpqa_seed271.jsonl,SuperGPQA-hard,rag_presolve,42c21a0221b74afebe151a545114e59f,3,B,B,B,True,True,B,True,B,True,B,True,True,0
lever_rag_presolve_supergpqa_seed271.jsonl,SuperGPQA-hard,rag_presolve,9cfa56aef69d4ca9b5801d28f2cd1e00,3,A,A,A,True,True,A,True,A,True,A,True,True,0
lever_rag_presolve_supergpqa_seed271.jsonl,SuperGPQA-hard,rag_presolve,437cfa50474b432ca76856889904d972,3,C,C,C,True,True,C,True,C,True,C,True,True,0
lever_rag_presolve_supergpqa_seed271.jsonl,SuperGPQA-hard,rag_presolve,664f513b52d340afbc7d6ecce20671f3,3,B,B,B,True,True,B,True,B,True,B,True,True,0
lever_rag_presolve_supergpqa_seed271.jsonl,SuperGPQA-hard,rag_presolve,86ad4780d9e843f7b8a98e208abf3a52,3,B,C,C,False,True,C,False,C,False,C,False,False,0
lever_rag_presolve_supergpqa_seed271.jsonl,SuperGPQA-hard,rag_presolve,a914371a88744c8e9433972f5624fca4,3,C,C,C,True,True,C,True,C,True,C,True,True,0
lever_rag_presolve_supergpqa_seed271.jsonl,SuperGPQA-hard,rag_presolve,c5bc0452236e47068ed4e570875ea4d2,3,B,A,A,False,True,A,False,B,True,B,True,True,0
lever_rag_presolve_supergpqa_seed271.jsonl,SuperGPQA-hard,rag_presolve,cc07381e5bd4405fa179ca1b4f716345,3,A,A,A,True,True,A,True,A,True,D,False,True,0
lever_rag_presolve_supergpqa_seed271.jsonl,SuperGPQA-hard,rag_presolve,6394e81994e74f66baadec99cfaf103e,3,C,A,A,False,True,A,False,A,False,A,False,False,0
lever_rag_presolve_supergpqa_seed271.jsonl,SuperGPQA-hard,rag_presolve,37cb2e257bb449cf951354ed79d9faed,3,D,D,D,True,True,D,True,D,True,D,True,True,0
lever_rag_presolve_supergpqa_seed271.jsonl,SuperGPQA-hard,rag_presolve,f82319d73b044735be5dfe1187da76f8,3,B,B,B,True,True,B,True,B,True,A,False,True,0
lever_rag_presolve_supergpqa_seed271.jsonl,SuperGPQA-hard,rag_presolve,0cec965e083d473b91baf8419e499266,3,A,D,D,False,True,D,False,D,False,D,False,False,0
lever_rag_presolve_supergpqa_seed271.jsonl,SuperGPQA-hard,rag_presolve,16cef3414b88465496646fb53ecb3357,3,A,A,A,True,True,A,True,A,True,A,True,True,0
lever_rag_presolve_supergpqa_seed271.jsonl,SuperGPQA-hard,rag_presolve,8ed91874efe844458592ce5db5ba6aec,3,D,A,A,False,True,A,False,A,False,A,False,True,0
lever_rag_presolve_supergpqa_seed271.jsonl,SuperGPQA-hard,rag_presolve,db63f2730520468e86d5071599d6cffd,3,C,C,C,True,True,C,True,A,False,C,True,True,0
lever_rag_presolve_supergpqa_seed271.jsonl,SuperGPQA-hard,rag_presolve,a05ccae7bcc14d9791e97e9f628ca88e,3,C,A,A,False,True,A,False,A,False,A,False,False,0
lever_rag_presolve_supergpqa_seed271.jsonl,SuperGPQA-hard,rag_presolve,f4a869b1b9484dbf8c0540064d101ea1,3,A,C,C,False,True,C,False,C,False,C,False,False,0
lever_rag_presolve_supergpqa_seed271.jsonl,SuperGPQA-hard,rag_presolve,2a6cd8ccbd7d42ad9cf12e178c94b946,3,D,C,C,False,True,C,False,C,False,C,False,False,0
lever_rag_presolve_supergpqa_seed271.jsonl,SuperGPQA-hard,rag_presolve,001ea608b585461abf01ae38e9cd380c,3,C,D,D,False,True,D,False,D,False,D,False,False,0
lever_rag_presolve_supergpqa_seed271.jsonl,SuperGPQA-hard,rag_presolve,d5aeeab54d66402884025a6038acd942,3,C,C,C,True,True,C,True,C,True,C,True,True,0
lever_rag_presolve_supergpqa_seed271.jsonl,SuperGPQA-hard,rag_presolve,2fbb335d9144491da36f525024d4fa4a,3,B,B,B,True,True,B,True,B,True,B,True,True,0
lever_rag_presolve_supergpqa_seed271.jsonl,SuperGPQA-hard,rag_presolve,8220134735164021974f2c9cb3fe485e,3,C,B,B,False,True,B,False,B,False,B,False,False,0
lever_rag_presolve_supergpqa_seed271.jsonl,SuperGPQA-hard,rag_presolve,5b52a5d2e16147c48ba126e8d7b14f27,3,A,A,A,True,True,A,True,A,True,D,False,True,0
lever_rag_presolve_supergpqa_seed271.jsonl,SuperGPQA-hard,rag_presolve,9a5556075b3047a18d44f2024d367249,3,C,C,C,True,True,C,True,C,True,B,False,True,0
lever_rag_presolve_supergpqa_seed271.jsonl,SuperGPQA-hard,rag_presolve,0a17de3f76d141a4abf081610dee0248,3,A,A,A,True,True,A,True,A,True,A,True,True,0
lever_rag_presolve_supergpqa_seed271.jsonl,SuperGPQA-hard,rag_presolve,74c0789f36bc46b08cdc2fbdfa488b2c,3,A,C,C,False,True,C,False,C,False,C,False,False,0
lever_rag_presolve_supergpqa_seed271.jsonl,SuperGPQA-hard,rag_presolve,617b2dd1258d4613af5936776fd69d09,3,C,C,C,True,True,C,True,C,True,C,True,True,0
lever_rag_presolve_supergpqa_seed271.jsonl,SuperGPQA-hard,rag_presolve,a3f592957d154bafb00025aa580c1f59,3,B,C,C,False,True,C,False,C,False,C,False,False,0
lever_rag_presolve_supergpqa_seed271.jsonl,SuperGPQA-hard,rag_presolve,7b90a6c0ad344c569ca3c1a8b85fc37e,3,B,C,C,False,True,C,False,C,False,C,False,False,0
lever_rag_presolve_supergpqa_seed271.jsonl,SuperGPQA-hard,rag_presolve,075a3d9c2ade4393b154cb4cb885d232,3,D,D,D,True,True,D,True,D,True,D,True,True,0
lever_rag_presolve_supergpqa_seed271.jsonl,SuperGPQA-hard,rag_presolve,d0fc74cd11664ab2a3dbee8d055afb5d,3,D,C,C,False,True,C,False,C,False,A,False,False,0
lever_rag_presolve_supergpqa_seed271.jsonl,SuperGPQA-hard,rag_presolve,c02bdc589b28470f9e8c9ebaf715cfd0,3,D,C,C,False,True,C,False,C,False,C,False,False,0
lever_rag_presolve_supergpqa_seed271.jsonl,SuperGPQA-hard,rag_presolve,dae4002886484ca9b3f2e329a73e69f9,3,C,A,A,False,True,A,False,A,False,A,False,False,0
lever_rag_presolve_supergpqa_seed271.jsonl,SuperGPQA-hard,rag_presolve,c9a90d77920e426592a8016b8282d0b4,3,D,D,D,True,True,D,True,D,True,D,True,True,0
lever_rag_presolve_supergpqa_seed271.jsonl,SuperGPQA-hard,rag_presolve,984102446bb9410db4813f0135c7b86b,3,B,B,B,True,True,B,True,B,True,B,True,True,0
lever_rag_presolve_supergpqa_seed271.jsonl,SuperGPQA-hard,rag_presolve,f63cf000cb004ff989417e027221c056,3,B,D,D,False,True,D,False,D,False,D,False,False,0
lever_rag_presolve_supergpqa_seed271.jsonl,SuperGPQA-hard,rag_presolve,2b7c420445b941ee9c6c30974c8910f6,3,D,D,D,True,True,D,True,D,True,D,True,True,0
lever_rag_presolve_supergpqa_seed271.jsonl,SuperGPQA-hard,rag_presolve,ecbdd9947fd94b588f3873caed11ffeb,3,C,A,A,False,True,A,False,A,False,A,False,False,0
lever_rag_presolve_supergpqa_seed271.jsonl,SuperGPQA-hard,rag_presolve,dbb0051f0dc54c399a92967f5f8d3adf,3,A,A,A,True,True,A,True,A,True,A,True,True,0
lever_rag_presolve_supergpqa_seed271.jsonl,SuperGPQA-hard,rag_presolve,ef0b43160d8241c6bbaf4a579a6370f7,3,A,A,A,True,True,A,True,A,True,A,True,True,0
lever_rag_presolve_supergpqa_seed271.jsonl,SuperGPQA-hard,rag_presolve,5311909efaca4ab580654676d1850946,3,D,D,D,True,True,D,True,D,True,D,True,True,0
lever_rag_presolve_supergpqa_seed271.jsonl,SuperGPQA-hard,rag_presolve,9ab1011859954a9da4ebea4ceaa3f4bc,3,B,C,C,False,True,C,False,C,False,A,False,False,0
lever_rag_presolve_supergpqa_seed271.jsonl,SuperGPQA-hard,rag_presolve,0fa712ebccaa4d23849cc1f4904445f4,3,C,C,C,True,True,C,True,C,True,C,True,True,0
lever_rag_presolve_supergpqa_seed271.jsonl,SuperGPQA-hard,rag_presolve,8663d52325714e76ad7e012721316c23,3,C,B,B,False,True,B,False,B,False,B,False,False,0
lever_rag_presolve_supergpqa_seed271.jsonl,SuperGPQA-hard,rag_presolve,937e75090a8a4e4f8dd14f6330f14ed4,3,A,A,A,True,True,A,True,A,True,C,False,True,0
lever_rag_presolve_supergpqa_seed271.jsonl,SuperGPQA-hard,rag_presolve,82a54ba5be6e4550b70b18e7dc13d5c9,3,B,B,B,True,True,B,True,B,True,B,True,True,0
lever_rag_presolve_supergpqa_seed271.jsonl,SuperGPQA-hard,rag_presolve,706e5c2922d54efdb65739a97378b9aa,3,D,D,D,True,True,D,True,D,True,A,False,True,0
lever_rag_presolve_supergpqa_seed271.jsonl,SuperGPQA-hard,rag_presolve,787c2342e0ef4aaa85f1bd2fcedd9fe0,3,C,B,B,False,True,B,False,B,False,B,False,False,0
lever_rag_presolve_supergpqa_seed271.jsonl,SuperGPQA-hard,rag_presolve,3f99cdb3a05942cfa51b0862814020fc,3,A,A,A,True,True,A,True,A,True,A,True,True,0
lever_rag_presolve_supergpqa_seed271.jsonl,SuperGPQA-hard,rag_presolve,e09f849537f34441a37dff017aaa193a,3,C,C,C,True,True,C,True,C,True,C,True,True,0
lever_rag_presolve_supergpqa_seed271.jsonl,SuperGPQA-hard,rag_presolve,42fc314addcb4e3580e011b12cde0406,3,A,A,A,True,True,A,True,A,True,A,True,True,0
lever_rag_presolve_supergpqa_seed271.jsonl,SuperGPQA-hard,rag_presolve,8c908849bd1640a1a991bf8de055826c,3,C,C,C,True,True,C,True,C,True,C,True,True,0
lever_rag_presolve_supergpqa_seed271.jsonl,SuperGPQA-hard,rag_presolve,0f992c29ab324c379406fabdcf277a68,3,B,D,D,False,True,D,False,D,False,D,False,True,0
lever_rag_presolve_supergpqa_seed271.jsonl,SuperGPQA-hard,rag_presolve,379a1dab01cd43f4b1af48063a968333,3,A,A,A,True,True,A,True,A,True,D,False,True,0
lever_rag_presolve_supergpqa_seed271.jsonl,SuperGPQA-hard,rag_presolve,15be8f8e252644028475951da8318593,3,C,B,B,False,True,B,False,B,False,B,False,False,0
lever_rag_presolve_supergpqa_seed271.jsonl,SuperGPQA-hard,rag_presolve,ac0c51aebdc54ae4a2ab973206aa6a63,3,B,C,C,False,True,C,False,C,False,B,True,True,0
lever_rag_presolve_supergpqa_seed271.jsonl,SuperGPQA-hard,rag_presolve,9456f7bba7b64d7ab4621174d5200968,3,B,A,A,False,True,A,False,A,False,A,False,False,0
lever_rag_presolve_supergpqa_seed271.jsonl,SuperGPQA-hard,rag_presolve,ff672b02fbba48ccb76f12b73b438d37,3,B,A,A,False,True,A,False,A,False,C,False,False,0
lever_rag_presolve_supergpqa_seed271.jsonl,SuperGPQA-hard,rag_presolve,628b15eb4d254e64b066dc67ca5899c7,3,B,B,B,True,True,D,False,D,False,D,False,True,0
lever_rag_presolve_supergpqa_seed42.jsonl,SuperGPQA-hard,rag_presolve,e313bac23c0a44a09b34da5cda7a7a5a,3,C,A,A,False,True,A,False,A,False,A,False,False,0
lever_rag_presolve_supergpqa_seed42.jsonl,SuperGPQA-hard,rag_presolve,4e711f17db254dd4953606570f0cc7a7,3,A,D,D,False,True,D,False,D,False,D,False,False,0
lever_rag_presolve_supergpqa_seed42.jsonl,SuperGPQA-hard,rag_presolve,454028b0c0884f4192d16081e358d436,3,D,D,D,True,True,D,True,D,True,D,True,True,0
lever_rag_presolve_supergpqa_seed42.jsonl,SuperGPQA-hard,rag_presolve,5b3ba5d082c74528ab9c60a12e0e3614,3,B,B,B,True,True,B,True,B,True,A,False,True,0
lever_rag_presolve_supergpqa_seed42.jsonl,SuperGPQA-hard,rag_presolve,f3dbbb1c935242e287d05399a283167a,3,A,C,C,False,True,C,False,C,False,C,False,False,0
lever_rag_presolve_supergpqa_seed42.jsonl,SuperGPQA-hard,rag_presolve,917d14354e104597ab763b7c98ec5098,3,A,A,A,True,True,A,True,A,True,A,True,True,0
lever_rag_presolve_supergpqa_seed42.jsonl,SuperGPQA-hard,rag_presolve,bf79c60db17b4207957d40a5ada06a76,3,A,A,A,True,True,A,True,A,True,A,True,True,0
lever_rag_presolve_supergpqa_seed42.jsonl,SuperGPQA-hard,rag_presolve,4e8a3894e41f4ca291c7b9d40a6bbe41,3,A,C,C,False,True,C,False,C,False,C,False,False,0
lever_rag_presolve_supergpqa_seed42.jsonl,SuperGPQA-hard,rag_presolve,21de236f15e846ecaac90b5464aa6751,3,B,B,B,True,True,B,True,B,True,B,True,True,0
lever_rag_presolve_supergpqa_seed42.jsonl,SuperGPQA-hard,rag_presolve,ef085846d5e74e358456de0a96fc049b,3,D,D,D,True,True,D,True,D,True,D,True,True,0
lever_rag_presolve_supergpqa_seed42.jsonl,SuperGPQA-hard,rag_presolve,1d55d70bc081494da80f9c9735015376,3,C,D,D,False,True,D,False,D,False,D,False,True,0
lever_rag_presolve_supergpqa_seed42.jsonl,SuperGPQA-hard,rag_presolve,10306739cc6f4b94afa3336c48376be7,3,A,D,D,False,True,D,False,D,False,D,False,False,0
lever_rag_presolve_supergpqa_seed42.jsonl,SuperGPQA-hard,rag_presolve,28b8e9105db04b8b9d3a7e2f6aedff5c,3,B,B,B,True,True,B,True,B,True,B,True,True,0
lever_rag_presolve_supergpqa_seed42.jsonl,SuperGPQA-hard,rag_presolve,f99d0c2438e347088abece7d58f4e3cc,3,C,C,C,True,True,C,True,C,True,C,True,True,0
lever_rag_presolve_supergpqa_seed42.jsonl,SuperGPQA-hard,rag_presolve,3aa8040fa0174d9ebee38e9a1f196d26,3,C,D,D,False,True,D,False,D,False,D,False,False,0
lever_rag_presolve_supergpqa_seed42.jsonl,SuperGPQA-hard,rag_presolve,e78c81f946704e8ab0fb15182b6f8f68,3,C,C,C,True,True,C,True,C,True,C,True,True,0
lever_rag_presolve_supergpqa_seed42.jsonl,SuperGPQA-hard,rag_presolve,21c8296790dc44c3b47308fe139b1378,3,C,D,D,False,True,D,False,D,False,D,False,True,0
lever_rag_presolve_supergpqa_seed42.jsonl,SuperGPQA-hard,rag_presolve,c0aff61a5b0243628fe8d3684305f4cb,3,B,B,B,True,True,B,True,B,True,B,True,True,0
lever_rag_presolve_supergpqa_seed42.jsonl,SuperGPQA-hard,rag_presolve,fc86b86189fa4145bfc49c741a7d8387,3,D,D,D,True,True,D,True,D,True,D,True,True,0
lever_rag_presolve_supergpqa_seed42.jsonl,SuperGPQA-hard,rag_presolve,a7a3dc6d5b5b4d37a32c2839833a4d6c,3,D,D,D,True,True,D,True,D,True,D,True,True,0
lever_rag_presolve_supergpqa_seed42.jsonl,SuperGPQA-hard,rag_presolve,cd59e82f9198404fad3b5e494c032544,3,B,D,D,False,True,D,False,D,False,D,False,True,0
lever_rag_presolve_supergpqa_seed42.jsonl,SuperGPQA-hard,rag_presolve,d3c2c6065bd540298bc50e5c2786cfd7,3,D,C,C,False,True,C,False,D,True,C,False,True,0
lever_rag_presolve_supergpqa_seed42.jsonl,SuperGPQA-hard,rag_presolve,644c9b34ba504b098e1f27a5343df847,3,C,B,B,False,True,B,False,B,False,B,False,False,0
lever_rag_presolve_supergpqa_seed42.jsonl,SuperGPQA-hard,rag_presolve,301e624803b94d4dad6828fb2310bdca,3,B,C,C,False,True,C,False,C,False,C,False,False,0
lever_rag_presolve_supergpqa_seed42.jsonl,SuperGPQA-hard,rag_presolve,f4e38f53765c4c249769703d0ba24b3d,3,B,C,C,False,True,C,False,C,False,C,False,True,0
lever_rag_presolve_supergpqa_seed42.jsonl,SuperGPQA-hard,rag_presolve,8920a6411ede4a54af86c8ec5be736bd,3,C,A,A,False,True,A,False,A,False,A,False,False,0
lever_rag_presolve_supergpqa_seed42.jsonl,SuperGPQA-hard,rag_presolve,469ab0b1358b48019d3a8f218edbf379,3,D,C,C,False,True,C,False,C,False,C,False,False,0
lever_rag_presolve_supergpqa_seed42.jsonl,SuperGPQA-hard,rag_presolve,2613e2e31a7f45d9bd02d6c09fdc898c,3,B,D,D,False,True,D,False,A,False,D,False,False,0
lever_rag_presolve_supergpqa_seed42.jsonl,SuperGPQA-hard,rag_presolve,1948e331b8ba410b9717275eff8958ed,3,A,B,B,False,True,B,False,B,False,B,False,False,0
lever_rag_presolve_supergpqa_seed42.jsonl,SuperGPQA-hard,rag_presolve,20fff2a5feb746d5a6614e360c9bec7d,3,D,D,D,True,True,D,True,D,True,D,True,True,0
lever_rag_presolve_supergpqa_seed42.jsonl,SuperGPQA-hard,rag_presolve,54feae1e9cf54ae985fc5b07a79d864d,3,A,A,A,True,True,A,True,A,True,B,False,True,0
lever_rag_presolve_supergpqa_seed42.jsonl,SuperGPQA-hard,rag_presolve,562abaf94b0e4999a6a2b27104ef8297,3,D,D,D,True,True,D,True,D,True,D,True,True,0
lever_rag_presolve_supergpqa_seed42.jsonl,SuperGPQA-hard,rag_presolve,8cb1a3d68036488689cc6279ff47fd5a,3,D,C,C,False,True,C,False,C,False,C,False,False,0
lever_rag_presolve_supergpqa_seed42.jsonl,SuperGPQA-hard,rag_presolve,1b5146ef461741a1a68490564550fce3,3,D,D,D,True,True,D,True,D,True,D,True,True,0
lever_rag_presolve_supergpqa_seed42.jsonl,SuperGPQA-hard,rag_presolve,1e6267aed56a4fba91a50215560a698b,3,B,C,C,False,True,C,False,C,False,C,False,False,0
lever_rag_presolve_supergpqa_seed42.jsonl,SuperGPQA-hard,rag_presolve,468c654c940f438dafebc19b7ab77b1a,3,D,D,D,True,True,D,True,D,True,D,True,True,0
lever_rag_presolve_supergpqa_seed42.jsonl,SuperGPQA-hard,rag_presolve,a90f5627afb840dcb32c78b91d72bb9d,3,A,C,C,False,True,C,False,A,True,C,False,True,0
lever_rag_presolve_supergpqa_seed42.jsonl,SuperGPQA-hard,rag_presolve,396c4ac5d5784036865383281513d239,3,B,D,D,False,True,D,False,B,True,D,False,True,0
lever_rag_presolve_supergpqa_seed42.jsonl,SuperGPQA-hard,rag_presolve,a782760c647f4ed8b56277449bbec5fa,3,C,C,C,True,True,C,True,C,True,B,False,True,0
lever_rag_presolve_supergpqa_seed42.jsonl,SuperGPQA-hard,rag_presolve,bba0149a0e4e4fb2b289442bc74883ee,3,C,C,C,True,True,C,True,C,True,C,True,True,0
lever_rag_presolve_supergpqa_seed42.jsonl,SuperGPQA-hard,rag_presolve,8c05de6e528f4219a5ca0f2c4d0ad747,3,B,B,B,True,True,B,True,B,True,B,True,True,0
lever_rag_presolve_supergpqa_seed42.jsonl,SuperGPQA-hard,rag_presolve,624ccf3cf3e144ccbe8f18ec921d686a,3,D,C,C,False,True,C,False,C,False,C,False,False,0
lever_rag_presolve_supergpqa_seed42.jsonl,SuperGPQA-hard,rag_presolve,b0c962e65001442ea12ea33cf2ab3c25,3,A,A,A,True,True,A,True,A,True,A,True,True,0
lever_rag_presolve_supergpqa_seed42.jsonl,SuperGPQA-hard,rag_presolve,f94991ad92ec4a2793686b5fc3b6f5d1,3,D,D,D,True,True,D,True,D,True,D,True,True,0
lever_rag_presolve_supergpqa_seed42.jsonl,SuperGPQA-hard,rag_presolve,09f8f51f6b3b41d6b53b58f8232dfc20,3,C,B,B,False,True,B,False,B,False,C,True,True,0
lever_rag_presolve_supergpqa_seed42.jsonl,SuperGPQA-hard,rag_presolve,9be741c434a348ef9eed758bb0b69347,3,A,D,D,False,True,D,False,D,False,D,False,True,0
lever_rag_presolve_supergpqa_seed42.jsonl,SuperGPQA-hard,rag_presolve,42432d79d0af4c2fa1612e6ca53f2882,3,B,B,B,True,True,B,True,B,True,B,True,True,0
lever_rag_presolve_supergpqa_seed42.jsonl,SuperGPQA-hard,rag_presolve,8015afe9ebfa45388f4c8ec8d990e431,3,A,A,A,True,True,A,True,A,True,A,True,True,0
lever_rag_presolve_supergpqa_seed42.jsonl,SuperGPQA-hard,rag_presolve,e015103613d84a6489a1867aa85f4f65,3,D,D,D,True,True,D,True,D,True,D,True,True,0
lever_rag_presolve_supergpqa_seed42.jsonl,SuperGPQA-hard,rag_presolve,bb5212d584224509ab73a3304e906859,3,A,A,A,True,True,A,True,A,True,A,True,True,0
lever_rag_presolve_supergpqa_seed42.jsonl,SuperGPQA-hard,rag_presolve,4da750a1226341988c648c97d601821e,3,C,A,A,False,True,A,False,A,False,A,False,True,0
lever_rag_presolve_supergpqa_seed42.jsonl,SuperGPQA-hard,rag_presolve,f7a2f5fbb748428baff111afe4464ab5,3,B,B,B,True,True,B,True,B,True,B,True,True,0
lever_rag_presolve_supergpqa_seed42.jsonl,SuperGPQA-hard,rag_presolve,20ef016bd2514deeb9fc7667952dfb58,3,C,C,C,True,True,C,True,C,True,C,True,True,1
lever_rag_presolve_supergpqa_seed42.jsonl,SuperGPQA-hard,rag_presolve,73a3ff299dc040ad8e5ac743c66a1050,3,B,B,B,True,True,B,True,B,True,B,True,True,0
lever_rag_presolve_supergpqa_seed42.jsonl,SuperGPQA-hard,rag_presolve,64a792c9306c4d659f4796d4abed795a,3,C,B,B,False,True,B,False,B,False,B,False,False,0
lever_rag_presolve_supergpqa_seed42.jsonl,SuperGPQA-hard,rag_presolve,ca2b68f8198e4c41befc4a3ceee1a9bc,3,C,D,D,False,True,D,False,D,False,D,False,False,0
lever_rag_presolve_supergpqa_seed42.jsonl,SuperGPQA-hard,rag_presolve,9149453edaf0461db9a37d0816015e3a,3,C,C,C,True,True,C,True,C,True,A,False,True,0
lever_rag_presolve_supergpqa_seed42.jsonl,SuperGPQA-hard,rag_presolve,e4650932081741f68c95ce460a1cb60b,3,C,C,C,True,True,C,True,C,True,B,False,True,0
lever_rag_presolve_supergpqa_seed42.jsonl,SuperGPQA-hard,rag_presolve,983cda51b83847a8bf05440abd38e194,3,C,C,C,True,True,C,True,C,True,B,False,True,0
lever_rag_presolve_supergpqa_seed42.jsonl,SuperGPQA-hard,rag_presolve,e8f3f3605af14100a15b8c0a8c2f89fa,3,A,A,A,True,True,A,True,A,True,A,True,True,0
lever_rag_presolve_supergpqa_seed42.jsonl,SuperGPQA-hard,rag_presolve,06eb007eee9f4e29a75bb5537d94bfba,3,C,C,C,True,True,C,True,C,True,C,True,True,0
lever_rag_presolve_supergpqa_seed42.jsonl,SuperGPQA-hard,rag_presolve,438f43de355a46e982a21abda8d4f152,3,A,C,C,False,True,C,False,C,False,C,False,False,0
lever_rag_presolve_supergpqa_seed42.jsonl,SuperGPQA-hard,rag_presolve,fb9042d1b91d4037b436629fccc2e322,3,C,C,C,True,True,C,True,C,True,C,True,True,0
lever_rag_presolve_supergpqa_seed42.jsonl,SuperGPQA-hard,rag_presolve,5cf02070572d4b8da047af4b587897e1,3,D,D,D,True,True,D,True,D,True,C,False,True,0
lever_rag_presolve_supergpqa_seed42.jsonl,SuperGPQA-hard,rag_presolve,23ad44902ff945798a7ff404a3bb98d3,3,B,D,D,False,True,D,False,D,False,D,False,False,0
lever_rag_presolve_supergpqa_seed42.jsonl,SuperGPQA-hard,rag_presolve,446a334636724901bdafdaa3501bbb49,3,B,B,B,True,True,B,True,B,True,B,True,True,0
lever_rag_presolve_supergpqa_seed42.jsonl,SuperGPQA-hard,rag_presolve,9706c4ed64d346bdb4326a3951d46dbf,3,B,B,B,True,True,B,True,B,True,B,True,True,0
lever_rag_presolve_supergpqa_seed42.jsonl,SuperGPQA-hard,rag_presolve,325534796b254b3499202862368c0f5c,3,B,B,B,True,True,B,True,B,True,B,True,True,0
lever_rag_presolve_supergpqa_seed42.jsonl,SuperGPQA-hard,rag_presolve,a596b66d08484915a5c1996add9b104d,3,A,C,C,False,True,C,False,D,False,C,False,False,0
lever_rag_presolve_supergpqa_seed42.jsonl,SuperGPQA-hard,rag_presolve,14e7a5802c464cfc9e28aafee9fdfd42,3,A,D,D,False,True,D,False,D,False,D,False,False,1
lever_rag_presolve_supergpqa_seed42.jsonl,SuperGPQA-hard,rag_presolve,b4824b77747748cf8486b9e948899ef8,3,D,D,D,True,True,D,True,D,True,D,True,True,0
lever_rag_presolve_supergpqa_seed42.jsonl,SuperGPQA-hard,rag_presolve,d8f80bece1864043a27ed1179ff8fe9f,3,C,B,B,False,True,B,False,B,False,B,False,True,0
lever_rag_presolve_supergpqa_seed42.jsonl,SuperGPQA-hard,rag_presolve,89c81fa5104e4d2580f05c3dc32fa11d,3,C,C,C,True,True,D,False,D,False,A,False,True,0
lever_rag_presolve_supergpqa_seed42.jsonl,SuperGPQA-hard,rag_presolve,980ca009cc1f4003b4647f0a9bb0289c,3,C,C,C,True,True,C,True,C,True,D,False,True,1
lever_rag_presolve_supergpqa_seed42.jsonl,SuperGPQA-hard,rag_presolve,c83eb03cf4be49dcb0b470fb5da66009,3,B,B,B,True,True,B,True,B,True,B,True,True,0
lever_rag_presolve_supergpqa_seed42.jsonl,SuperGPQA-hard,rag_presolve,b278c269529d444e97014e86de71b135,3,C,C,C,True,True,C,True,C,True,C,True,True,0
lever_rag_presolve_supergpqa_seed42.jsonl,SuperGPQA-hard,rag_presolve,e1b314d091334b5dbc93a0053e1313d5,3,D,D,D,True,True,D,True,D,True,C,False,True,0
lever_rag_presolve_supergpqa_seed42.jsonl,SuperGPQA-hard,rag_presolve,02606f10da9b4a91a734948a2f8f8cab,3,C,C,C,True,True,C,True,C,True,C,True,True,0
lever_rag_presolve_supergpqa_seed42.jsonl,SuperGPQA-hard,rag_presolve,095ff35b087e416f9a2797a86611b4c2,3,A,B,B,False,True,B,False,B,False,C,False,False,0
lever_rag_presolve_supergpqa_seed42.jsonl,SuperGPQA-hard,rag_presolve,fed1780eaf1f42a09ea63e89e1d18a41,3,D,B,B,False,True,B,False,B,False,B,False,False,0
lever_rag_presolve_supergpqa_seed42.jsonl,SuperGPQA-hard,rag_presolve,1bd477364f034265bdfe60d0b00b219a,3,B,B,B,True,True,B,True,B,True,D,False,True,0
lever_rag_presolve_supergpqa_seed42.jsonl,SuperGPQA-hard,rag_presolve,30ca59713f1b4dc8a6f9e2be9261e168,3,C,A,A,False,True,A,False,C,True,A,False,True,0
lever_rag_presolve_supergpqa_seed42.jsonl,SuperGPQA-hard,rag_presolve,f67699a734ca477eb153ad6d4f7f30e0,3,A,C,C,False,True,D,False,D,False,B,False,False,0
lever_rag_presolve_supergpqa_seed42.jsonl,SuperGPQA-hard,rag_presolve,2ee372f987304fe882e13238d4c6925e,3,C,A,A,False,True,A,False,A,False,A,False,False,0
lever_rag_presolve_supergpqa_seed42.jsonl,SuperGPQA-hard,rag_presolve,a909c0719f3e43b1a44afdbedc66cf68,3,C,C,C,True,True,C,True,C,True,C,True,True,0
lever_rag_presolve_supergpqa_seed42.jsonl,SuperGPQA-hard,rag_presolve,3a1dc503ec92489c8b0dcbcf77e5b7ea,3,A,A,A,True,True,A,True,A,True,A,True,True,0
lever_rag_presolve_supergpqa_seed42.jsonl,SuperGPQA-hard,rag_presolve,16b1ffdff66c4c48ac0b5d2209a5af64,3,D,D,D,True,True,D,True,D,True,B,False,True,0
lever_rag_presolve_supergpqa_seed42.jsonl,SuperGPQA-hard,rag_presolve,68a4b9f37a0a432886fe2c90c0c90466,3,D,D,D,True,True,D,True,D,True,D,True,True,0
lever_rag_presolve_supergpqa_seed42.jsonl,SuperGPQA-hard,rag_presolve,4817837b472e4795aa76b5e9b2dc1cc2,3,C,C,C,True,True,C,True,C,True,C,True,True,0
lever_rag_presolve_supergpqa_seed42.jsonl,SuperGPQA-hard,rag_presolve,8de4e96a88f546c78038f13b06b2a747,3,A,B,B,False,True,A,True,A,True,B,False,True,0
lever_rag_presolve_supergpqa_seed606.jsonl,SuperGPQA-hard,rag_presolve,3b37ffa7eb2b455283a129a4ada95546,3,A,A,A,True,True,A,True,A,True,A,True,True,0
lever_rag_presolve_supergpqa_seed606.jsonl,SuperGPQA-hard,rag_presolve,5a29ea2e0dde4ca89fc25d873f0783f0,3,D,C,C,False,True,C,False,C,False,C,False,False,0
lever_rag_presolve_supergpqa_seed606.jsonl,SuperGPQA-hard,rag_presolve,674fd9508773498499d78bf6e2194315,3,A,A,A,True,True,A,True,A,True,A,True,True,0
lever_rag_presolve_supergpqa_seed606.jsonl,SuperGPQA-hard,rag_presolve,6012508b88a9421180551fdef0e17a13,3,C,A,A,False,True,A,False,A,False,A,False,False,0
lever_rag_presolve_supergpqa_seed606.jsonl,SuperGPQA-hard,rag_presolve,10189f626a71458193ceb74c22288670,3,A,A,A,True,True,A,True,A,True,D,False,True,0
lever_rag_presolve_supergpqa_seed606.jsonl,SuperGPQA-hard,rag_presolve,07178da056dd43c39d7f7aee51bdbff8,3,A,C,C,False,True,C,False,C,False,C,False,False,0
lever_rag_presolve_supergpqa_seed606.jsonl,SuperGPQA-hard,rag_presolve,c5632825dac84046af5fb820a66ff3ea,3,A,A,A,True,True,A,True,A,True,D,False,True,0
lever_rag_presolve_supergpqa_seed606.jsonl,SuperGPQA-hard,rag_presolve,94fa8b6b6a6f497f8d566ff083384f1e,3,A,A,A,True,True,A,True,A,True,A,True,True,0
lever_rag_presolve_supergpqa_seed606.jsonl,SuperGPQA-hard,rag_presolve,a9ef86d999d6451da0be649f98619cf8,3,A,A,A,True,True,A,True,A,True,B,False,True,0
lever_rag_presolve_supergpqa_seed606.jsonl,SuperGPQA-hard,rag_presolve,d871b9b07c184d6fbcf59c459d99036a,3,B,C,C,False,True,C,False,A,False,C,False,False,0
lever_rag_presolve_supergpqa_seed606.jsonl,SuperGPQA-hard,rag_presolve,4e86797184da47a2b73f1e72ea451f8d,3,D,D,D,True,True,D,True,D,True,B,False,True,0
lever_rag_presolve_supergpqa_seed606.jsonl,SuperGPQA-hard,rag_presolve,4b23599f709e402a85d20e0693fcbec7,3,C,B,B,False,True,B,False,C,True,C,True,True,0
lever_rag_presolve_supergpqa_seed606.jsonl,SuperGPQA-hard,rag_presolve,7ba19feea53345f1b264cd94e8d2538f,3,A,A,A,True,True,A,True,A,True,A,True,True,0
lever_rag_presolve_supergpqa_seed606.jsonl,SuperGPQA-hard,rag_presolve,c8bf16ae628348ee96bd7127f5ae6bef,3,A,A,A,True,True,A,True,A,True,A,True,True,0
lever_rag_presolve_supergpqa_seed606.jsonl,SuperGPQA-hard,rag_presolve,a24daf6e481d48fd9f272c1e3a1bfc3d,3,A,A,A,True,True,A,True,A,True,A,True,True,0
lever_rag_presolve_supergpqa_seed606.jsonl,SuperGPQA-hard,rag_presolve,bba7bc7236a341fabf5661c3056e362f,3,C,C,C,True,True,C,True,C,True,C,True,True,0
lever_rag_presolve_supergpqa_seed606.jsonl,SuperGPQA-hard,rag_presolve,925edd1a51234c619cdd2f02bd90e0a3,3,B,C,C,False,True,C,False,C,False,C,False,False,0
lever_rag_presolve_supergpqa_seed606.jsonl,SuperGPQA-hard,rag_presolve,99a57a8ecb994d2398eeb11d5a4f4287,3,C,A,A,False,True,A,False,A,False,A,False,True,0
lever_rag_presolve_supergpqa_seed606.jsonl,SuperGPQA-hard,rag_presolve,05e77d690c294b10ad74c766460dc052,3,C,C,C,True,True,C,True,B,False,C,True,True,0
lever_rag_presolve_supergpqa_seed606.jsonl,SuperGPQA-hard,rag_presolve,f8a631c172f042bbb5db6b725743d199,3,D,D,D,True,True,D,True,D,True,A,False,True,0
lever_rag_presolve_supergpqa_seed606.jsonl,SuperGPQA-hard,rag_presolve,6409dc9dba8d4f28a06fd6807e3c7cf9,3,D,C,C,False,True,C,False,C,False,C,False,False,0
lever_rag_presolve_supergpqa_seed606.jsonl,SuperGPQA-hard,rag_presolve,61fcd7e73e194e2ebea202afec24e266,3,B,D,D,False,True,D,False,D,False,D,False,False,0
lever_rag_presolve_supergpqa_seed606.jsonl,SuperGPQA-hard,rag_presolve,3564dcf444ca495aa0ac15b8c53ce046,3,A,D,D,False,True,D,False,D,False,D,False,False,0
lever_rag_presolve_supergpqa_seed606.jsonl,SuperGPQA-hard,rag_presolve,8e6adf9e81774ae98a454a1736907ba1,3,A,A,A,True,True,A,True,A,True,A,True,True,0
lever_rag_presolve_supergpqa_seed606.jsonl,SuperGPQA-hard,rag_presolve,b7b66af0bf0940ffbb69c04dd5f1b995,3,B,B,B,True,True,B,True,B,True,B,True,True,0
lever_rag_presolve_supergpqa_seed606.jsonl,SuperGPQA-hard,rag_presolve,ce27ed54573241aeb3a7923baf3bd2b9,3,A,A,A,True,True,A,True,A,True,A,True,True,0
lever_rag_presolve_supergpqa_seed606.jsonl,SuperGPQA-hard,rag_presolve,25d2d85093d3401b9883e0142407d0ee,3,A,D,D,False,True,D,False,D,False,D,False,False,0
lever_rag_presolve_supergpqa_seed606.jsonl,SuperGPQA-hard,rag_presolve,7788cdba3e464b49b9516f45fa00381a,3,D,D,D,True,True,D,True,D,True,D,True,True,0
lever_rag_presolve_supergpqa_seed606.jsonl,SuperGPQA-hard,rag_presolve,b6905cbac56e46ac93c398b5910034f1,3,C,D,D,False,True,D,False,D,False,D,False,True,0
lever_rag_presolve_supergpqa_seed606.jsonl,SuperGPQA-hard,rag_presolve,7f9f7b71691f4b9abd8f4d8ce5321a82,3,A,A,A,True,True,A,True,A,True,A,True,True,0
lever_rag_presolve_supergpqa_seed606.jsonl,SuperGPQA-hard,rag_presolve,b48e738748e24c309530026051f00c50,3,B,B,B,True,True,B,True,B,True,B,True,True,0
lever_rag_presolve_supergpqa_seed606.jsonl,SuperGPQA-hard,rag_presolve,a66b114a5e13440eb33f817f4a443ffb,3,D,D,D,True,True,D,True,B,False,B,False,True,0
lever_rag_presolve_supergpqa_seed606.jsonl,SuperGPQA-hard,rag_presolve,8663d52325714e76ad7e012721316c23,3,C,D,D,False,True,D,False,D,False,D,False,True,0
lever_rag_presolve_supergpqa_seed606.jsonl,SuperGPQA-hard,rag_presolve,05ff75c957d445298164337f6fb16dce,3,D,C,C,False,True,C,False,C,False,C,False,False,0
lever_rag_presolve_supergpqa_seed606.jsonl,SuperGPQA-hard,rag_presolve,3ebe31c1ad0044b3a4ba989121a9652a,3,A,A,A,True,True,A,True,A,True,A,True,True,0
lever_rag_presolve_supergpqa_seed606.jsonl,SuperGPQA-hard,rag_presolve,1a2b570b90b940d9a7e60ec37a91c438,3,D,A,A,False,True,A,False,D,True,A,False,True,0
lever_rag_presolve_supergpqa_seed606.jsonl,SuperGPQA-hard,rag_presolve,16cef3414b88465496646fb53ecb3357,3,B,B,B,True,True,B,True,B,True,B,True,True,0
lever_rag_presolve_supergpqa_seed606.jsonl,SuperGPQA-hard,rag_presolve,fb32edc392d24dc3815f58909cecdba4,3,A,D,D,False,True,D,False,D,False,D,False,True,0
lever_rag_presolve_supergpqa_seed606.jsonl,SuperGPQA-hard,rag_presolve,ea96b2f056914d9e853e946a1d96987c,3,D,C,C,False,True,C,False,A,False,A,False,False,0
lever_rag_presolve_supergpqa_seed606.jsonl,SuperGPQA-hard,rag_presolve,ddb18eed65624eb8857f493d3575fef0,3,A,A,A,True,True,A,True,A,True,A,True,True,0
lever_rag_presolve_supergpqa_seed606.jsonl,SuperGPQA-hard,rag_presolve,fda86567101842ffbb3faff3164f528b,3,B,B,B,True,True,B,True,B,True,B,True,True,0
lever_rag_presolve_supergpqa_seed606.jsonl,SuperGPQA-hard,rag_presolve,4090034d344442a39f6ac38ffe2cc550,3,C,C,C,True,True,C,True,B,False,C,True,True,0
lever_rag_presolve_supergpqa_seed606.jsonl,SuperGPQA-hard,rag_presolve,672ca23b604743f0ac2330c05ed10499,3,D,D,D,True,True,D,True,D,True,D,True,True,0
lever_rag_presolve_supergpqa_seed606.jsonl,SuperGPQA-hard,rag_presolve,68be2b3c64f340e1ab95a722390c67b6,3,C,D,D,False,True,D,False,C,True,D,False,True,0
lever_rag_presolve_supergpqa_seed606.jsonl,SuperGPQA-hard,rag_presolve,feb181573d6d4f398db27ee6a26962ad,3,A,D,D,False,True,D,False,A,True,D,False,True,0
lever_rag_presolve_supergpqa_seed606.jsonl,SuperGPQA-hard,rag_presolve,7f8c9e5f1e554ad396060dbe085be0bc,3,A,B,B,False,True,B,False,B,False,B,False,False,0
lever_rag_presolve_supergpqa_seed606.jsonl,SuperGPQA-hard,rag_presolve,d38fbb868d8a44db9095fa175c8b5669,3,C,C,C,True,True,C,True,C,True,C,True,True,0
lever_rag_presolve_supergpqa_seed606.jsonl,SuperGPQA-hard,rag_presolve,8c466141d2b744ee9303d466b28b2e52,3,D,D,D,True,True,D,True,A,False,D,True,True,0
lever_rag_presolve_supergpqa_seed606.jsonl,SuperGPQA-hard,rag_presolve,4bbb616f70fa470ead5f650821ff158f,3,C,C,C,True,True,C,True,C,True,C,True,True,0
lever_rag_presolve_supergpqa_seed606.jsonl,SuperGPQA-hard,rag_presolve,e407e20ef9774016a7466c88610322ef,3,C,B,B,False,True,B,False,B,False,B,False,False,0
lever_rag_presolve_supergpqa_seed606.jsonl,SuperGPQA-hard,rag_presolve,d14d338a85264ca7ac2ad2fb159e78cd,3,A,A,A,True,True,A,True,A,True,A,True,True,0
lever_rag_presolve_supergpqa_seed606.jsonl,SuperGPQA-hard,rag_presolve,7ec0b78739564a38912533cf4bb90a1a,3,A,A,A,True,True,A,True,A,True,A,True,True,0
lever_rag_presolve_supergpqa_seed606.jsonl,SuperGPQA-hard,rag_presolve,278b1bc0ff8040b5beb619203318ea17,3,B,B,B,True,True,D,False,D,False,D,False,True,0
lever_rag_presolve_supergpqa_seed606.jsonl,SuperGPQA-hard,rag_presolve,3e3aef19b7bf40668f24d9a67f396473,3,B,B,B,True,True,B,True,B,True,B,True,True,0
lever_rag_presolve_supergpqa_seed606.jsonl,SuperGPQA-hard,rag_presolve,d2b8029fab3a458b9d1be6cf6a68091a,3,D,D,D,True,True,D,True,D,True,D,True,True,0
lever_rag_presolve_supergpqa_seed606.jsonl,SuperGPQA-hard,rag_presolve,9f62bcf50de74401a603615456213baf,3,D,D,D,True,True,D,True,D,True,D,True,True,0
lever_rag_presolve_supergpqa_seed606.jsonl,SuperGPQA-hard,rag_presolve,ba3e6704deaf4503afd6d5cd103203c9,3,D,C,C,False,True,C,False,C,False,C,False,False,0
lever_rag_presolve_supergpqa_seed606.jsonl,SuperGPQA-hard,rag_presolve,f258bb1065be48218e7d3a3f5baa4821,3,A,A,A,True,True,A,True,A,True,A,True,True,0
lever_rag_presolve_supergpqa_seed606.jsonl,SuperGPQA-hard,rag_presolve,05e650ec825f4ae5a54deb872af466d2,3,A,C,C,False,True,C,False,C,False,C,False,True,0
lever_rag_presolve_supergpqa_seed606.jsonl,SuperGPQA-hard,rag_presolve,ba5929c89bf34872beb2bda81c3f7ac0,3,B,B,B,True,True,B,True,B,True,B,True,True,0
lever_rag_presolve_supergpqa_seed606.jsonl,SuperGPQA-hard,rag_presolve,f3657e5a406947ddb8ad447219321aef,3,C,B,B,False,True,B,False,B,False,B,False,False,0
lever_rag_presolve_supergpqa_seed606.jsonl,SuperGPQA-hard,rag_presolve,9658dc48503c49cb840ccc27f9e10eb9,3,C,B,B,False,True,B,False,B,False,A,False,False,0
lever_rag_presolve_supergpqa_seed606.jsonl,SuperGPQA-hard,rag_presolve,0d55abc62c6541119ac010bd0bd11cb4,3,B,B,B,True,True,B,True,B,True,B,True,True,0
lever_rag_presolve_supergpqa_seed606.jsonl,SuperGPQA-hard,rag_presolve,6514ced034134b80bfee523ab31dd6be,3,B,B,B,True,True,B,True,B,True,B,True,True,0
lever_rag_presolve_supergpqa_seed606.jsonl,SuperGPQA-hard,rag_presolve,84fba45a65da41fb8ea056a8cd072fff,3,A,A,A,True,True,A,True,A,True,A,True,True,0
lever_rag_presolve_supergpqa_seed606.jsonl,SuperGPQA-hard,rag_presolve,1ec0b6b8d6b74d6f81c900d22aa3f9b3,3,D,D,D,True,True,D,True,D,True,D,True,True,0
lever_rag_presolve_supergpqa_seed606.jsonl,SuperGPQA-hard,rag_presolve,bcd2baac739146eebec003eb6adda5ae,3,A,A,A,True,True,A,True,A,True,A,True,True,1
lever_rag_presolve_supergpqa_seed606.jsonl,SuperGPQA-hard,rag_presolve,7d0d30aa83704e04bd9330d2c8e90f78,3,B,B,B,True,True,B,True,B,True,B,True,True,0
lever_rag_presolve_supergpqa_seed606.jsonl,SuperGPQA-hard,rag_presolve,1b003811eaf443e492e6717fa934b15b,3,B,B,B,True,True,B,True,B,True,B,True,True,0
lever_rag_presolve_supergpqa_seed606.jsonl,SuperGPQA-hard,rag_presolve,ebea0f7c051d4247be3d6bee67e0da89,3,B,D,D,False,True,D,False,D,False,B,True,True,0
lever_rag_presolve_supergpqa_seed606.jsonl,SuperGPQA-hard,rag_presolve,6f448d668c2743988aaf055cd5d0b1d5,3,C,C,C,True,True,C,True,C,True,C,True,True,0
lever_rag_presolve_supergpqa_seed606.jsonl,SuperGPQA-hard,rag_presolve,1bb8a86a4ca34595bf2cc53e8c70d488,3,C,D,D,False,True,D,False,D,False,D,False,False,0
lever_rag_presolve_supergpqa_seed606.jsonl,SuperGPQA-hard,rag_presolve,25ff3053d5cd4fe1b53e4bfce27dc709,3,D,C,C,False,True,C,False,D,True,C,False,True,0
lever_rag_presolve_supergpqa_seed606.jsonl,SuperGPQA-hard,rag_presolve,89c0dd54ad6d4419a29148159a71a478,3,B,B,B,True,True,B,True,B,True,B,True,True,0
lever_rag_presolve_supergpqa_seed606.jsonl,SuperGPQA-hard,rag_presolve,db63f2730520468e86d5071599d6cffd,3,D,D,D,True,True,D,True,D,True,D,True,True,0
lever_rag_presolve_supergpqa_seed606.jsonl,SuperGPQA-hard,rag_presolve,ab99e4e6e4f548f9bf22a0c4afba770a,3,A,A,A,True,True,A,True,A,True,A,True,True,0
lever_rag_presolve_supergpqa_seed606.jsonl,SuperGPQA-hard,rag_presolve,46d9995281cc4c4eb53ae5077ea91144,3,A,A,A,True,True,A,True,A,True,A,True,True,0
lever_rag_presolve_supergpqa_seed606.jsonl,SuperGPQA-hard,rag_presolve,d16499eb98a643b0a414050a50467596,3,C,D,D,False,True,D,False,D,False,D,False,False,0
lever_rag_presolve_supergpqa_seed606.jsonl,SuperGPQA-hard,rag_presolve,8feeeb6daae74c819f01a0d2bddb62a5,3,C,C,C,True,True,C,True,C,True,C,True,True,0
lever_rag_presolve_supergpqa_seed606.jsonl,SuperGPQA-hard,rag_presolve,017d54709f0b48a3980238ac4f0dd851,3,C,D,D,False,True,C,True,C,True,A,False,True,0
lever_rag_presolve_supergpqa_seed606.jsonl,SuperGPQA-hard,rag_presolve,d16188425b8d459799e3a25590ce3a1f,3,A,A,A,True,True,A,True,A,True,A,True,True,0
lever_rag_presolve_supergpqa_seed606.jsonl,SuperGPQA-hard,rag_presolve,5559142f9bfb407b835f455534274613,3,A,A,A,True,True,A,True,A,True,A,True,True,0
lever_rag_presolve_supergpqa_seed606.jsonl,SuperGPQA-hard,rag_presolve,81265918776f42ecb936b1ff7149f893,3,C,B,B,False,True,B,False,C,True,B,False,True,0
lever_rag_presolve_supergpqa_seed606.jsonl,SuperGPQA-hard,rag_presolve,18dd61f8f537498aab430ca99da93ddf,3,B,C,C,False,True,C,False,C,False,B,True,True,0
lever_rag_presolve_supergpqa_seed606.jsonl,SuperGPQA-hard,rag_presolve,2a0199802fa34912899bc4db2e48e324,3,C,B,B,False,True,B,False,B,False,B,False,True,0
lever_rag_presolve_supergpqa_seed606.jsonl,SuperGPQA-hard,rag_presolve,c719d6d9548f43779f3eab22fafa99bc,3,A,D,D,False,True,D,False,B,False,D,False,False,0
lever_rag_presolve_supergpqa_seed606.jsonl,SuperGPQA-hard,rag_presolve,d0004a6586604fb097d29b2a9e2fafba,3,A,C,C,False,True,C,False,A,True,C,False,True,0
lever_rag_presolve_supergpqa_seed606.jsonl,SuperGPQA-hard,rag_presolve,d6762f8d80e24ca78b14ac20eb6d7ddb,3,D,D,D,True,True,D,True,D,True,B,False,True,0
lever_rag_presolve_supergpqa_seed606.jsonl,SuperGPQA-hard,rag_presolve,420ba9fd6958410188aa97873da40f86,3,D,C,C,False,True,C,False,C,False,D,True,True,0
lever_rag_presolve_supergpqa_seed606.jsonl,SuperGPQA-hard,rag_presolve,83540adee86445058338548a07e2eacd,3,A,D,D,False,True,D,False,D,False,B,False,False,0
lever_rag_presolve_supergpqa_seed7.jsonl,SuperGPQA-hard,rag_presolve,b278c269529d444e97014e86de71b135,3,A,C,C,False,True,C,False,C,False,C,False,False,0
lever_rag_presolve_supergpqa_seed7.jsonl,SuperGPQA-hard,rag_presolve,8a331a10506a4ff6b543fc5b2ac2502f,3,B,B,B,True,True,B,True,B,True,D,False,True,0
lever_rag_presolve_supergpqa_seed7.jsonl,SuperGPQA-hard,rag_presolve,749c18edf45840fca90d356bbed0fe5b,3,B,D,D,False,True,D,False,D,False,D,False,False,0
lever_rag_presolve_supergpqa_seed7.jsonl,SuperGPQA-hard,rag_presolve,b389bd8fda16458da390b0aeefa9328c,3,C,D,D,False,True,D,False,D,False,D,False,True,0
lever_rag_presolve_supergpqa_seed7.jsonl,SuperGPQA-hard,rag_presolve,811c704287184f8fa520358dc0ea2493,3,D,B,B,False,True,B,False,B,False,B,False,True,0
lever_rag_presolve_supergpqa_seed7.jsonl,SuperGPQA-hard,rag_presolve,a63462f4ff9e44289d3c9e4a91314250,3,B,B,B,True,True,B,True,B,True,B,True,True,0
lever_rag_presolve_supergpqa_seed7.jsonl,SuperGPQA-hard,rag_presolve,a14c016f261f4b46a1f62c1a4096bd86,3,C,C,C,True,True,C,True,C,True,B,False,True,0
lever_rag_presolve_supergpqa_seed7.jsonl,SuperGPQA-hard,rag_presolve,c9aaec36dd7d48d0b90c34c9955bdf1b,3,B,B,B,True,True,B,True,B,True,B,True,True,0
lever_rag_presolve_supergpqa_seed7.jsonl,SuperGPQA-hard,rag_presolve,843e623807884c63a38376e9bd6d6f14,3,D,D,D,True,True,D,True,D,True,D,True,True,0
lever_rag_presolve_supergpqa_seed7.jsonl,SuperGPQA-hard,rag_presolve,b68e89ad898246c4bc116ff4d353e4b9,3,C,C,C,True,True,C,True,C,True,C,True,True,0
lever_rag_presolve_supergpqa_seed7.jsonl,SuperGPQA-hard,rag_presolve,4068f6cb89214b0a86c16c2497caeb6e,3,B,B,B,True,True,B,True,B,True,B,True,True,0
lever_rag_presolve_supergpqa_seed7.jsonl,SuperGPQA-hard,rag_presolve,cb1f3d75e5a9402a9bb7755b6f6a029c,3,B,B,B,True,True,B,True,B,True,B,True,True,0
lever_rag_presolve_supergpqa_seed7.jsonl,SuperGPQA-hard,rag_presolve,ff414ca699a74f7484650a3595512055,3,B,B,B,True,True,B,True,B,True,B,True,True,0
lever_rag_presolve_supergpqa_seed7.jsonl,SuperGPQA-hard,rag_presolve,5d4e9507100c48c89db59015820c6059,3,C,C,C,True,True,C,True,C,True,C,True,True,0
lever_rag_presolve_supergpqa_seed7.jsonl,SuperGPQA-hard,rag_presolve,7c20fd3e214f4e438614b091fccce433,3,B,B,B,True,True,B,True,B,True,B,True,True,0
lever_rag_presolve_supergpqa_seed7.jsonl,SuperGPQA-hard,rag_presolve,2ee8b1af76f04527a574124df6476a8d,3,B,D,D,False,True,D,False,D,False,D,False,True,0
lever_rag_presolve_supergpqa_seed7.jsonl,SuperGPQA-hard,rag_presolve,32d56386e78f4e16bfe38d9ea73fd02a,3,C,C,C,True,True,C,True,C,True,C,True,True,0
lever_rag_presolve_supergpqa_seed7.jsonl,SuperGPQA-hard,rag_presolve,24b548b324684a8490d46d476bde792c,3,B,B,B,True,True,B,True,B,True,B,True,True,0
lever_rag_presolve_supergpqa_seed7.jsonl,SuperGPQA-hard,rag_presolve,2cf2296143904690a6c6f376236839d2,3,B,B,B,True,True,B,True,B,True,C,False,True,0
lever_rag_presolve_supergpqa_seed7.jsonl,SuperGPQA-hard,rag_presolve,d0fe7c1a74314662ac5ed5f2538e7b13,3,B,C,C,False,True,C,False,C,False,C,False,False,0
lever_rag_presolve_supergpqa_seed7.jsonl,SuperGPQA-hard,rag_presolve,711025f0562b41118c0c383afdc77215,3,D,D,D,True,True,D,True,D,True,C,False,True,0
lever_rag_presolve_supergpqa_seed7.jsonl,SuperGPQA-hard,rag_presolve,8fb8ca1cd7114cd8b8dcad3953f68a44,3,D,D,D,True,True,D,True,D,True,D,True,True,0
lever_rag_presolve_supergpqa_seed7.jsonl,SuperGPQA-hard,rag_presolve,077aea7da31e4b94886be9713580db0d,3,C,C,C,True,True,C,True,C,True,D,False,True,0
lever_rag_presolve_supergpqa_seed7.jsonl,SuperGPQA-hard,rag_presolve,413f8d70916547989ed51d1116a4551a,3,A,A,A,True,True,A,True,A,True,C,False,True,0
lever_rag_presolve_supergpqa_seed7.jsonl,SuperGPQA-hard,rag_presolve,d9f3da47d50840a79c51096169d25583,3,A,C,C,False,True,C,False,C,False,C,False,False,0
lever_rag_presolve_supergpqa_seed7.jsonl,SuperGPQA-hard,rag_presolve,facd6dd1e2074073adcfcac48eab3afb,3,B,B,B,True,True,B,True,B,True,B,True,True,0
lever_rag_presolve_supergpqa_seed7.jsonl,SuperGPQA-hard,rag_presolve,5f0bde5deeae40a88762eea520849455,3,A,D,D,False,True,D,False,D,False,D,False,True,0
lever_rag_presolve_supergpqa_seed7.jsonl,SuperGPQA-hard,rag_presolve,10f542902dfa44d795fba244e7f1a69c,3,D,B,B,False,True,B,False,B,False,B,False,False,0
lever_rag_presolve_supergpqa_seed7.jsonl,SuperGPQA-hard,rag_presolve,de43b1c48f7b410695b2a4daf5fe3f31,3,A,A,A,True,True,A,True,A,True,A,True,True,0
lever_rag_presolve_supergpqa_seed7.jsonl,SuperGPQA-hard,rag_presolve,8f9ae9b94a0a4e66ab56225f7a356fd1,3,D,D,D,True,True,D,True,D,True,D,True,True,0
lever_rag_presolve_supergpqa_seed7.jsonl,SuperGPQA-hard,rag_presolve,920d5a4aae764dc8962d36ff4d95710a,3,A,D,D,False,True,D,False,D,False,B,False,False,0
lever_rag_presolve_supergpqa_seed7.jsonl,SuperGPQA-hard,rag_presolve,05edf34d21464999ad82c54bad66a005,3,B,B,B,True,True,B,True,B,True,B,True,True,0
lever_rag_presolve_supergpqa_seed7.jsonl,SuperGPQA-hard,rag_presolve,f8e740921e964dfc9922e08b7f5e815b,3,D,D,D,True,True,D,True,D,True,D,True,True,0
lever_rag_presolve_supergpqa_seed7.jsonl,SuperGPQA-hard,rag_presolve,fc9a01ab2a2344cabfe9c2bd94be487f,3,C,B,B,False,True,B,False,C,True,B,False,True,0
lever_rag_presolve_supergpqa_seed7.jsonl,SuperGPQA-hard,rag_presolve,5fe6a509598c4dd5aec2c8f7abc0d259,3,C,C,C,True,True,C,True,C,True,C,True,True,0
lever_rag_presolve_supergpqa_seed7.jsonl,SuperGPQA-hard,rag_presolve,ea9364829af04d188546f8d369483d46,3,D,D,D,True,True,D,True,D,True,D,True,True,0
lever_rag_presolve_supergpqa_seed7.jsonl,SuperGPQA-hard,rag_presolve,5cbfbf1108434eca91c070d1ed1c0bc6,3,B,D,D,False,True,A,False,A,False,D,False,False,0
lever_rag_presolve_supergpqa_seed7.jsonl,SuperGPQA-hard,rag_presolve,ccbff2992c7f49c48a8fe254e1fff783,3,A,A,A,True,True,C,False,C,False,C,False,True,0
lever_rag_presolve_supergpqa_seed7.jsonl,SuperGPQA-hard,rag_presolve,fa49b578c45543d8847bac91a1e14045,3,C,D,D,False,True,D,False,D,False,D,False,True,0
lever_rag_presolve_supergpqa_seed7.jsonl,SuperGPQA-hard,rag_presolve,b81111afa517415f8f5b91a17ac991ce,3,D,D,D,True,True,D,True,D,True,D,True,True,0
lever_rag_presolve_supergpqa_seed7.jsonl,SuperGPQA-hard,rag_presolve,c8be6f10c6b04b879a5fe393fb1b38f8,3,B,B,B,True,True,B,True,B,True,C,False,True,0
lever_rag_presolve_supergpqa_seed7.jsonl,SuperGPQA-hard,rag_presolve,1d1666032573496f84efe333d572f1e2,3,B,A,A,False,True,A,False,A,False,A,False,True,0
lever_rag_presolve_supergpqa_seed7.jsonl,SuperGPQA-hard,rag_presolve,0a3895b8a5cc4239a2a6e96c1289011d,3,A,A,A,True,True,A,True,C,False,A,True,True,0
lever_rag_presolve_supergpqa_seed7.jsonl,SuperGPQA-hard,rag_presolve,2789bb6861f94992954c4df00ec8e656,3,D,C,C,False,True,C,False,C,False,C,False,False,0
lever_rag_presolve_supergpqa_seed7.jsonl,SuperGPQA-hard,rag_presolve,fe7c522a688a4b3c952b4ae95a5d1ae8,3,D,A,A,False,True,A,False,A,False,A,False,False,0
lever_rag_presolve_supergpqa_seed7.jsonl,SuperGPQA-hard,rag_presolve,bfba15ab92174bf5b537cadc675dafdb,3,B,A,A,False,True,A,False,A,False,B,True,True,0
lever_rag_presolve_supergpqa_seed7.jsonl,SuperGPQA-hard,rag_presolve,e301bd85789b4c4fa02b60e3dba62e5c,3,C,D,D,False,True,D,False,D,False,D,False,False,0
lever_rag_presolve_supergpqa_seed7.jsonl,SuperGPQA-hard,rag_presolve,2e1d297065d247068eaa68f6585f9764,3,D,C,C,False,True,C,False,C,False,C,False,False,0
lever_rag_presolve_supergpqa_seed7.jsonl,SuperGPQA-hard,rag_presolve,e020184788314d25a2ea1828d568538a,3,A,A,A,True,True,A,True,A,True,A,True,True,0
lever_rag_presolve_supergpqa_seed7.jsonl,SuperGPQA-hard,rag_presolve,12a6d09d1179401498c2cae7d2d886a8,3,A,A,A,True,True,A,True,A,True,A,True,True,0
lever_rag_presolve_supergpqa_seed7.jsonl,SuperGPQA-hard,rag_presolve,93218c202d734e8cacaa4dff4cd9a761,3,A,B,B,False,True,B,False,A,True,A,True,True,0
lever_rag_presolve_supergpqa_seed7.jsonl,SuperGPQA-hard,rag_presolve,18aa367ae47744199ba63308b5c581bf,3,B,A,A,False,True,A,False,A,False,A,False,False,0
lever_rag_presolve_supergpqa_seed7.jsonl,SuperGPQA-hard,rag_presolve,492ac21c1ff94ba49de684cfb6527930,3,C,B,B,False,True,B,False,C,True,B,False,True,0
lever_rag_presolve_supergpqa_seed7.jsonl,SuperGPQA-hard,rag_presolve,01ac3e46a5f04c48b3ad3d21e7a8eacd,3,A,D,D,False,True,D,False,D,False,D,False,False,0
lever_rag_presolve_supergpqa_seed7.jsonl,SuperGPQA-hard,rag_presolve,54bfc8311916428a8f2a43c17ca17c7a,3,A,A,A,True,True,A,True,A,True,D,False,True,0
lever_rag_presolve_supergpqa_seed7.jsonl,SuperGPQA-hard,rag_presolve,abf7231db16a4ccfa58e0973e98e91c1,3,B,B,B,True,True,B,True,B,True,B,True,True,0
lever_rag_presolve_supergpqa_seed7.jsonl,SuperGPQA-hard,rag_presolve,a9ab2cd572f04f88b629deb59e486adf,3,C,D,D,False,True,D,False,C,True,D,False,True,0
lever_rag_presolve_supergpqa_seed7.jsonl,SuperGPQA-hard,rag_presolve,515b67c43f064c15bb0154d546f88277,3,D,D,D,True,True,D,True,D,True,D,True,True,0
lever_rag_presolve_supergpqa_seed7.jsonl,SuperGPQA-hard,rag_presolve,e8e40ae579384b51b006d7d50d8d039d,3,B,B,B,True,True,B,True,B,True,B,True,True,0
lever_rag_presolve_supergpqa_seed7.jsonl,SuperGPQA-hard,rag_presolve,8aca8b27a1674720bcb8271a46213d95,3,B,A,A,False,True,A,False,A,False,A,False,False,0
lever_rag_presolve_supergpqa_seed7.jsonl,SuperGPQA-hard,rag_presolve,9ae52f5b63d9459a833c6e10c0539a4d,3,C,C,C,True,True,C,True,C,True,C,True,True,0
lever_rag_presolve_supergpqa_seed7.jsonl,SuperGPQA-hard,rag_presolve,05ac97570c2a40ab94f83a5cf3aa09df,3,D,D,D,True,True,D,True,B,False,D,True,True,0
lever_rag_presolve_supergpqa_seed7.jsonl,SuperGPQA-hard,rag_presolve,d7f9b5a785a94530a9e737656ec0dcaa,3,A,C,C,False,True,C,False,C,False,C,False,True,0
lever_rag_presolve_supergpqa_seed7.jsonl,SuperGPQA-hard,rag_presolve,933f999d89984b4ea9c59bffad3405ef,3,C,C,C,True,True,C,True,C,True,C,True,True,0
lever_rag_presolve_supergpqa_seed7.jsonl,SuperGPQA-hard,rag_presolve,6b347be4d8ba43e2b425fd504ad16f4c,3,C,C,C,True,True,C,True,C,True,C,True,True,0
lever_rag_presolve_supergpqa_seed7.jsonl,SuperGPQA-hard,rag_presolve,c4f6b8482b184c0b98b6d72d00204932,3,A,D,D,False,True,A,True,A,True,B,False,True,0
lever_rag_presolve_supergpqa_seed7.jsonl,SuperGPQA-hard,rag_presolve,9da468facb58464982465242468c9a13,3,A,A,A,True,True,A,True,D,False,D,False,True,0
lever_rag_presolve_supergpqa_seed7.jsonl,SuperGPQA-hard,rag_presolve,5272de2f504946d1beff3dbb51bea3f3,3,C,C,C,True,True,C,True,C,True,A,False,True,0
lever_rag_presolve_supergpqa_seed7.jsonl,SuperGPQA-hard,rag_presolve,776b536a60e241f2b75b94accc6dff2c,3,B,B,B,True,True,B,True,B,True,B,True,True,0
lever_rag_presolve_supergpqa_seed7.jsonl,SuperGPQA-hard,rag_presolve,4f85b84235914d259dbdd8931be5d3a9,3,D,D,D,True,True,D,True,D,True,D,True,True,0
lever_rag_presolve_supergpqa_seed7.jsonl,SuperGPQA-hard,rag_presolve,b06afc3997974662986e009c41226c9c,3,C,C,C,True,True,C,True,C,True,C,True,True,0
lever_rag_presolve_supergpqa_seed7.jsonl,SuperGPQA-hard,rag_presolve,a462a6fe458b4b6e8b609cf0ef896b52,3,C,D,D,False,True,D,False,D,False,D,False,False,0
lever_rag_presolve_supergpqa_seed7.jsonl,SuperGPQA-hard,rag_presolve,e286dac07362459cb41b0c9adca02747,3,A,A,A,True,True,A,True,A,True,A,True,True,0
lever_rag_presolve_supergpqa_seed7.jsonl,SuperGPQA-hard,rag_presolve,080a910849bd4aae8dbdeb3d7a6e835b,3,D,A,A,False,True,A,False,C,False,C,False,False,0
lever_rag_presolve_supergpqa_seed7.jsonl,SuperGPQA-hard,rag_presolve,a9f34192579d4f448b378d733eb8d3bf,3,D,A,A,False,True,A,False,A,False,A,False,False,0
lever_rag_presolve_supergpqa_seed7.jsonl,SuperGPQA-hard,rag_presolve,2811febd3e9a4348a352c0c2b33ee464,3,A,B,B,False,True,B,False,B,False,B,False,False,0
lever_rag_presolve_supergpqa_seed7.jsonl,SuperGPQA-hard,rag_presolve,f1c5fbceb2124a8bb11963f76c8771b3,3,D,D,D,True,True,D,True,D,True,D,True,True,0
lever_rag_presolve_supergpqa_seed7.jsonl,SuperGPQA-hard,rag_presolve,3f48e266da744ae6b9e99e762b67954f,3,D,A,A,False,True,A,False,A,False,D,True,True,0
lever_rag_presolve_supergpqa_seed7.jsonl,SuperGPQA-hard,rag_presolve,9b67dac06fc448afa19a33728a469cec,3,D,D,D,True,True,D,True,D,True,D,True,True,0
lever_rag_presolve_supergpqa_seed7.jsonl,SuperGPQA-hard,rag_presolve,0e4c4ac2694d4b88b43bf6bbd6f4c356,3,D,A,A,False,True,A,False,A,False,A,False,False,0
lever_rag_presolve_supergpqa_seed7.jsonl,SuperGPQA-hard,rag_presolve,8c293442d9444277866f493968187325,3,C,A,A,False,True,A,False,A,False,A,False,False,0
lever_rag_presolve_supergpqa_seed7.jsonl,SuperGPQA-hard,rag_presolve,15e29ed7c9d1459484348074abe10661,3,D,D,D,True,True,D,True,A,False,D,True,True,0
lever_rag_presolve_supergpqa_seed7.jsonl,SuperGPQA-hard,rag_presolve,2761d3d5298f4a4a8b52db20fc0343cb,3,D,D,D,True,True,D,True,D,True,D,True,True,0
lever_rag_presolve_supergpqa_seed7.jsonl,SuperGPQA-hard,rag_presolve,ec301d7b596f4f45afef08dc4448910c,3,D,B,B,False,True,B,False,D,True,B,False,True,0
lever_rag_presolve_supergpqa_seed7.jsonl,SuperGPQA-hard,rag_presolve,1b003811eaf443e492e6717fa934b15b,3,C,B,B,False,True,B,False,B,False,C,True,True,0
lever_rag_presolve_supergpqa_seed7.jsonl,SuperGPQA-hard,rag_presolve,f9d8f390f4c348838f3d42e5c15fbb24,3,B,D,D,False,True,D,False,D,False,D,False,False,0
lever_rag_presolve_supergpqa_seed7.jsonl,SuperGPQA-hard,rag_presolve,620f491d9a9542fca57a62d2799d97a6,3,C,C,C,True,True,C,True,C,True,C,True,True,0
lever_rag_recursive_lexam_seed42.jsonl,LEXam,rag_recursive,09a2eebe-6c96-4f10-bc76-689eec854b43,3,A,A,A,True,True,A,True,A,True,A,True,True,1
lever_rag_recursive_lexam_seed42.jsonl,LEXam,rag_recursive,b9785176-6859-42c9-829d-0312609916ae,3,D,D,D,True,True,D,True,D,True,D,True,True,0
lever_rag_recursive_lexam_seed42.jsonl,LEXam,rag_recursive,53bbecbc-ef12-4b60-9645-04015eeaa4ae,3,A,A,A,True,True,A,True,A,True,A,True,True,0
lever_rag_recursive_lexam_seed42.jsonl,LEXam,rag_recursive,736a05d4-da8a-4177-8bd9-03d4257ff68f,3,D,C,C,False,True,C,False,C,False,C,False,True,0
lever_rag_recursive_lexam_seed42.jsonl,LEXam,rag_recursive,38783200-42e6-465a-98b8-410a27eb4f56,3,C,D,D,False,True,D,False,D,False,D,False,False,0
lever_rag_recursive_lexam_seed42.jsonl,LEXam,rag_recursive,866f89e9-c8fd-4bef-bf85-e92a7b992cf7,3,A,A,A,True,True,A,True,A,True,A,True,True,1
lever_rag_recursive_lexam_seed42.jsonl,LEXam,rag_recursive,f1bdfe14-a0bc-496c-b9ea-49ed1d6d03df,3,C,B,B,False,True,B,False,B,False,B,False,False,3
lever_rag_recursive_lexam_seed42.jsonl,LEXam,rag_recursive,8afbc6d1-fa2b-4e02-a0f3-af802c5320c3,3,B,B,B,True,True,B,True,B,True,B,True,True,0
lever_rag_recursive_lexam_seed42.jsonl,LEXam,rag_recursive,8f4ae013-cbd7-4563-9d97-26686b88ea14,3,B,C,C,False,True,C,False,C,False,C,False,False,0
lever_rag_recursive_lexam_seed42.jsonl,LEXam,rag_recursive,26263099-799d-4319-baac-3acf978c7c0a,3,C,C,C,True,True,C,True,C,True,C,True,True,0
lever_rag_recursive_lexam_seed42.jsonl,LEXam,rag_recursive,e7273a6a-d416-452a-9b8c-6998c58fced2,3,D,D,D,True,True,D,True,D,True,D,True,True,0
lever_rag_recursive_lexam_seed42.jsonl,LEXam,rag_recursive,d60d8887-e23a-4219-be7a-f1f29c281c53,3,A,D,D,False,True,D,False,D,False,D,False,False,0
lever_rag_recursive_lexam_seed42.jsonl,LEXam,rag_recursive,842abce3-39e3-43a5-8730-a4318fd1c3f1,3,B,B,B,True,True,B,True,B,True,B,True,True,0
lever_rag_recursive_lexam_seed42.jsonl,LEXam,rag_recursive,0ad0edf4-dc5f-40a3-9ec3-ae70daaa271e,3,A,A,A,True,True,A,True,A,True,A,True,True,0
lever_rag_recursive_lexam_seed42.jsonl,LEXam,rag_recursive,102d2e11-f391-44a7-b978-a3f83d882f74,3,A,B,B,False,True,B,False,B,False,B,False,False,1
lever_rag_recursive_lexam_seed42.jsonl,LEXam,rag_recursive,ee9c501e-8d41-49d3-85bc-a4a1e8f6a57c,3,A,A,A,True,True,A,True,A,True,A,True,True,0
lever_rag_recursive_lexam_seed42.jsonl,LEXam,rag_recursive,1ac7dcee-1599-464e-949e-8464745c0177,3,D,C,C,False,True,C,False,C,False,C,False,False,1
lever_rag_recursive_lexam_seed42.jsonl,LEXam,rag_recursive,6500b177-e1e0-47f7-b550-8224fba100cf,3,C,C,C,True,True,C,True,C,True,C,True,True,0
lever_rag_recursive_lexam_seed42.jsonl,LEXam,rag_recursive,2cdd4813-3450-4626-8aca-773dfea1f607,3,B,C,C,False,True,C,False,C,False,D,False,False,0
lever_rag_recursive_lexam_seed42.jsonl,LEXam,rag_recursive,b218966a-d22d-412b-b3d1-cffa3755872d,3,B,B,B,True,True,B,True,B,True,B,True,True,0
lever_rag_recursive_lexam_seed42.jsonl,LEXam,rag_recursive,2f078222-29e9-47ce-b441-66921b51b3e7,3,B,D,D,False,True,D,False,D,False,D,False,False,0
lever_rag_recursive_lexam_seed42.jsonl,LEXam,rag_recursive,a32c143b-f4e0-4c32-9f06-cf4cbf9579b6,3,A,A,A,True,True,A,True,A,True,A,True,True,0
lever_rag_recursive_lexam_seed42.jsonl,LEXam,rag_recursive,5515aed1-568b-4a32-ac6d-8a41c70f878e,3,D,D,D,True,True,D,True,D,True,D,True,True,0
lever_rag_recursive_lexam_seed42.jsonl,LEXam,rag_recursive,7d1ed894-dea7-4d33-88b9-efccb20333a4,3,B,D,D,False,True,D,False,D,False,D,False,True,0
lever_rag_recursive_lexam_seed42.jsonl,LEXam,rag_recursive,99c5edda-c827-4430-8f45-5d0cb7412e4c,3,B,B,B,True,True,B,True,B,True,B,True,True,0
lever_rag_recursive_lexam_seed42.jsonl,LEXam,rag_recursive,b9948b7c-c704-456f-bd02-c1bdf8cc17ba,3,C,C,C,True,True,C,True,D,False,D,False,True,1
lever_rag_recursive_lexam_seed42.jsonl,LEXam,rag_recursive,e2d75efc-b65e-40d1-9fa7-e47d05b2653d,3,A,A,A,True,True,A,True,A,True,A,True,True,0
lever_rag_recursive_lexam_seed42.jsonl,LEXam,rag_recursive,7d9a3bb7-c8cf-4a4f-a502-b0c8ea44eef6,3,C,C,C,True,True,C,True,C,True,C,True,True,0
lever_rag_recursive_lexam_seed42.jsonl,LEXam,rag_recursive,a58581c7-2ffe-412b-819c-9938459733b1,3,D,D,D,True,True,D,True,D,True,D,True,True,0
lever_rag_recursive_lexam_seed42.jsonl,LEXam,rag_recursive,ca114601-0baa-4ada-8b10-26d0ece00f7e,3,A,A,A,True,True,A,True,A,True,B,False,True,1
lever_rag_recursive_lexam_seed42.jsonl,LEXam,rag_recursive,8449146d-90ee-4ee9-abe4-94e1beaa0ac2,3,A,C,C,False,True,C,False,C,False,C,False,False,0
lever_rag_recursive_lexam_seed42.jsonl,LEXam,rag_recursive,e4f77fd4-cd04-4b47-821c-9c969dfc1f80,3,B,B,B,True,True,B,True,B,True,B,True,True,0
lever_rag_recursive_lexam_seed42.jsonl,LEXam,rag_recursive,045fd390-346e-4d5a-a82c-5c620a53d207,3,A,A,A,True,True,A,True,A,True,A,True,True,0
lever_rag_recursive_lexam_seed42.jsonl,LEXam,rag_recursive,e1440aa0-1770-4750-8c8e-69cb5dae0df7,3,D,C,C,False,True,C,False,D,True,D,True,True,0
lever_rag_recursive_lexam_seed42.jsonl,LEXam,rag_recursive,430dc3d6-009b-4da6-8eba-a01f1c58589c,3,A,A,A,True,True,A,True,A,True,A,True,True,0
lever_rag_recursive_lexam_seed42.jsonl,LEXam,rag_recursive,1aa2d158-1f58-4671-ba73-78b7f64d04d3,3,C,B,B,False,True,B,False,B,False,B,False,False,0
lever_rag_recursive_lexam_seed42.jsonl,LEXam,rag_recursive,568814d7-2e54-41ab-ac2c-c14f7e17f054,3,A,A,A,True,True,A,True,A,True,A,True,True,1
lever_rag_recursive_lexam_seed42.jsonl,LEXam,rag_recursive,bffa4b3e-2917-424e-a915-9b277f58f54e,3,D,A,A,False,True,A,False,A,False,A,False,False,0
lever_rag_recursive_lexam_seed42.jsonl,LEXam,rag_recursive,c72132c6-8bcb-4d4c-9d5b-2acbd0cd42e8,3,C,C,C,True,True,C,True,C,True,C,True,True,1
lever_rag_recursive_lexam_seed42.jsonl,LEXam,rag_recursive,e7ce2112-cb65-469b-a6ae-fe9b49ebc8f9,3,C,C,C,True,True,C,True,B,False,B,False,True,0
lever_rag_recursive_lexam_seed42.jsonl,LEXam,rag_recursive,4eadfed1-062d-441f-b86f-a3407bc282e7,3,C,C,C,True,True,C,True,C,True,C,True,True,0
lever_rag_recursive_lexam_seed42.jsonl,LEXam,rag_recursive,b766bab3-7116-42ee-853e-2eb3f01c0c15,3,C,B,B,False,True,B,False,B,False,B,False,False,1
lever_rag_recursive_lexam_seed42.jsonl,LEXam,rag_recursive,79b8e5fe-3c1c-434e-8ab4-3f7c6ea87e32,3,C,C,C,True,True,C,True,C,True,C,True,True,0
lever_rag_recursive_lexam_seed42.jsonl,LEXam,rag_recursive,02d7f932-337e-4f51-b72b-a3054d726c48,3,C,C,C,True,True,C,True,C,True,C,True,True,0
lever_rag_recursive_lexam_seed42.jsonl,LEXam,rag_recursive,53e67d91-df72-4136-b78c-4be1b900eaae,3,B,C,C,False,True,C,False,C,False,C,False,False,0
lever_rag_recursive_lexam_seed42.jsonl,LEXam,rag_recursive,658ad4b8-1fb2-4ddf-be33-75064c459692,3,B,B,B,True,True,B,True,B,True,B,True,True,0
lever_rag_recursive_lexam_seed42.jsonl,LEXam,rag_recursive,0e6fe784-81bc-454f-9d8c-f3c339fc5205,3,B,A,A,False,True,A,False,A,False,A,False,True,1
lever_rag_recursive_lexam_seed42.jsonl,LEXam,rag_recursive,9abc219b-82f3-4c7c-91d7-653ae4960d02,3,A,A,A,True,True,A,True,A,True,A,True,True,0
lever_rag_recursive_lexam_seed42.jsonl,LEXam,rag_recursive,70d58c55-71d9-400a-938a-d79bfa9856e0,3,C,C,C,True,True,C,True,C,True,C,True,True,0
lever_rag_recursive_lexam_seed42.jsonl,LEXam,rag_recursive,f14962d2-fa9c-436a-b283-daf4b770e9cf,3,C,C,C,True,True,C,True,C,True,C,True,True,0
lever_rag_recursive_lexam_seed42.jsonl,LEXam,rag_recursive,b21b13ee-ceae-4883-949a-ca9b4f6c20e1,3,B,B,B,True,True,B,True,B,True,B,True,True,0
lever_rag_recursive_lexam_seed42.jsonl,LEXam,rag_recursive,b4ead004-85e3-466a-b962-2aae328bcdb4,3,C,A,A,False,True,A,False,A,False,A,False,False,0
lever_rag_recursive_lexam_seed42.jsonl,LEXam,rag_recursive,087bd6d4-e66b-4e93-b4b0-eabd3000221a,3,B,B,B,True,True,B,True,B,True,B,True,True,1
lever_rag_recursive_lexam_seed42.jsonl,LEXam,rag_recursive,5a6dba84-0a81-48a5-ab34-74049fde90df,3,A,D,D,False,True,D,False,B,False,D,False,False,0
lever_rag_recursive_lexam_seed42.jsonl,LEXam,rag_recursive,c26390d0-3935-4006-a24e-6dfaf39cef80,3,D,D,D,True,True,D,True,D,True,D,True,True,0
lever_rag_recursive_lexam_seed42.jsonl,LEXam,rag_recursive,4d0236c9-d3f2-4c60-8257-7225cddc1be6,3,A,A,A,True,True,A,True,A,True,A,True,True,0
lever_rag_recursive_lexam_seed42.jsonl,LEXam,rag_recursive,fec50c1a-a039-4132-a084-c36540d87d9b,3,A,A,A,True,True,A,True,A,True,B,False,True,0
lever_rag_recursive_lexam_seed42.jsonl,LEXam,rag_recursive,85eef1a1-ec5c-4708-b96f-1c231cf70de6,3,A,A,A,True,True,A,True,A,True,A,True,True,0
lever_rag_recursive_lexam_seed42.jsonl,LEXam,rag_recursive,9975be1d-0c23-4dba-850f-b6e4319c3b4d,3,D,D,D,True,True,D,True,D,True,D,True,True,0
lever_rag_recursive_lexam_seed42.jsonl,LEXam,rag_recursive,976c31fb-9a6c-4048-b82c-1103ca9359ae,3,B,B,B,True,True,B,True,B,True,B,True,True,1
lever_rag_recursive_lexam_seed42.jsonl,LEXam,rag_recursive,35e36767-b938-46f1-83db-ea9ad2a3ddc8,3,B,B,B,True,True,B,True,B,True,B,True,True,0
lever_rag_recursive_lexam_seed42.jsonl,LEXam,rag_recursive,ba413a41-1ebb-4c03-94e7-17e0445511d5,3,A,A,A,True,True,A,True,A,True,A,True,True,0
lever_rag_recursive_lexam_seed42.jsonl,LEXam,rag_recursive,1f971333-c7a9-4e08-b7d5-ba53f5d2ab96,3,B,A,A,False,True,A,False,A,False,A,False,False,1
lever_rag_recursive_lexam_seed42.jsonl,LEXam,rag_recursive,8b9b4ae4-41fd-42d1-99e5-556b8e900d0d,3,C,C,C,True,True,C,True,C,True,C,True,True,0
lever_rag_recursive_lexam_seed42.jsonl,LEXam,rag_recursive,f56522b5-2e36-4188-ad2e-66e5c429cd9a,3,C,C,C,True,True,C,True,C,True,C,True,True,0
lever_rag_recursive_lexam_seed42.jsonl,LEXam,rag_recursive,de1c1c2a-bd46-4d81-b319-0fb93481797d,3,C,C,C,True,True,C,True,C,True,A,False,True,1
lever_rag_recursive_lexam_seed42.jsonl,LEXam,rag_recursive,7fe55c7a-82d0-4cca-8b51-455539312689,3,D,C,C,False,True,C,False,C,False,C,False,False,1
lever_rag_recursive_lexam_seed42.jsonl,LEXam,rag_recursive,3745876e-f1aa-45d4-95e7-515fd94bb067,3,C,C,C,True,True,C,True,C,True,C,True,True,0
lever_rag_recursive_lexam_seed42.jsonl,LEXam,rag_recursive,5c5b901c-f9f1-4c80-965b-1f9e0b39d3f6,3,B,B,B,True,True,B,True,B,True,D,False,True,0
lever_rag_recursive_lexam_seed42.jsonl,LEXam,rag_recursive,c1b40f1a-b273-4ba1-9ec2-3f0e3665096b,3,C,C,C,True,True,C,True,C,True,C,True,True,0
lever_rag_recursive_lexam_seed42.jsonl,LEXam,rag_recursive,321d143a-8bc8-4403-a4a7-f7507c124281,3,A,A,A,True,True,A,True,A,True,A,True,True,0
lever_rag_recursive_lexam_seed42.jsonl,LEXam,rag_recursive,72d45659-9250-4a9f-9818-3dc1132eb878,3,B,B,B,True,True,B,True,D,False,B,True,True,0
lever_rag_recursive_lexam_seed42.jsonl,LEXam,rag_recursive,1ed14de1-4b52-423e-98d0-bb9027a17240,3,D,C,C,False,True,C,False,D,True,C,False,True,0
lever_rag_recursive_lexam_seed42.jsonl,LEXam,rag_recursive,00694d7e-6eb2-4f13-af22-1dc87d8194a5,3,D,D,D,True,True,D,True,A,False,D,True,True,0
lever_rag_recursive_lexam_seed42.jsonl,LEXam,rag_recursive,5dc69e0f-1ad8-4f6c-bc29-4c03eef68fbd,3,D,D,D,True,True,D,True,D,True,D,True,True,0
lever_rag_recursive_lexam_seed42.jsonl,LEXam,rag_recursive,f8ec52b4-b134-48ae-9018-59c104a29796,3,D,C,C,False,True,C,False,C,False,A,False,False,0
lever_rag_recursive_lexam_seed42.jsonl,LEXam,rag_recursive,85f1cc1d-6881-4ce7-8706-1de83450e79a,3,B,B,B,True,True,B,True,B,True,B,True,True,1
lever_rag_recursive_lexam_seed42.jsonl,LEXam,rag_recursive,398441e4-df09-4b8d-8d12-7a7bbfc317ef,3,A,A,A,True,True,A,True,A,True,C,False,True,0
lever_rag_recursive_lexam_seed42.jsonl,LEXam,rag_recursive,fcdfb402-3cd2-4483-922d-4b1a82d5ff55,3,C,D,D,False,True,D,False,D,False,D,False,False,0
lever_rag_recursive_lexam_seed42.jsonl,LEXam,rag_recursive,1701d694-bddc-4f42-9bb1-b376a7317ce9,3,B,B,B,True,True,B,True,B,True,B,True,True,0
lever_rag_recursive_lexam_seed42.jsonl,LEXam,rag_recursive,3c051a4b-8387-4378-9c2c-b97e8113918e,3,D,D,D,True,True,D,True,D,True,D,True,True,1
lever_rag_recursive_lexam_seed42.jsonl,LEXam,rag_recursive,ed64e65a-1ddc-4b6e-ba99-59018a14383f,3,A,C,C,False,True,C,False,C,False,B,False,False,0
lever_rag_recursive_lexam_seed42.jsonl,LEXam,rag_recursive,7020eae4-7abf-48e7-9074-d064e34d30c3,3,C,C,C,True,True,C,True,C,True,C,True,True,0
lever_rag_recursive_lexam_seed42.jsonl,LEXam,rag_recursive,9526a1f2-7704-4cb5-9d5f-bac3a623a495,3,A,A,A,True,True,A,True,A,True,A,True,True,0
lever_rag_recursive_lexam_seed42.jsonl,LEXam,rag_recursive,3c169f97-dc08-40a7-b647-79705eca9fe0,3,A,A,A,True,True,A,True,A,True,A,True,True,0
lever_rag_recursive_lexam_seed42.jsonl,LEXam,rag_recursive,2fd8b61d-1c5b-4a09-818c-2780c6d50921,3,C,C,C,True,True,C,True,C,True,C,True,True,0
lever_rag_recursive_lexam_seed42.jsonl,LEXam,rag_recursive,e49934e7-16cc-455f-b5e7-efef5a34c270,3,C,A,A,False,True,A,False,A,False,A,False,False,0
lever_rag_recursive_lexam_seed42.jsonl,LEXam,rag_recursive,362a46c3-5a62-4fa8-815e-3212b38d5826,3,D,D,D,True,True,D,True,D,True,D,True,True,0
lever_rag_recursive_lexam_seed42.jsonl,LEXam,rag_recursive,7f1e923a-ba29-47c6-b42f-497cf1ae387d,3,A,A,A,True,True,A,True,C,False,C,False,True,0
lever_rag_recursive_lexam_seed42.jsonl,LEXam,rag_recursive,7f312059-c871-4aae-9f44-9eb4fc8625a1,3,B,C,C,False,True,C,False,C,False,C,False,False,0
lever_rag_recursive_supergpqa_seed42.jsonl,SuperGPQA-hard,rag_recursive,5b3ba5d082c74528ab9c60a12e0e3614,3,B,B,B,True,True,B,True,B,True,B,True,True,0
lever_rag_recursive_supergpqa_seed42.jsonl,SuperGPQA-hard,rag_recursive,4e711f17db254dd4953606570f0cc7a7,3,A,D,D,False,True,D,False,D,False,D,False,False,0
lever_rag_recursive_supergpqa_seed42.jsonl,SuperGPQA-hard,rag_recursive,e313bac23c0a44a09b34da5cda7a7a5a,3,C,A,A,False,True,A,False,A,False,A,False,False,0
lever_rag_recursive_supergpqa_seed42.jsonl,SuperGPQA-hard,rag_recursive,917d14354e104597ab763b7c98ec5098,3,A,A,A,True,True,A,True,A,True,A,True,True,0
lever_rag_recursive_supergpqa_seed42.jsonl,SuperGPQA-hard,rag_recursive,f3dbbb1c935242e287d05399a283167a,3,A,C,C,False,True,C,False,C,False,C,False,False,0
lever_rag_recursive_supergpqa_seed42.jsonl,SuperGPQA-hard,rag_recursive,1d55d70bc081494da80f9c9735015376,3,C,B,B,False,True,B,False,B,False,B,False,True,0
lever_rag_recursive_supergpqa_seed42.jsonl,SuperGPQA-hard,rag_recursive,bf79c60db17b4207957d40a5ada06a76,3,A,A,A,True,True,A,True,A,True,A,True,True,0
lever_rag_recursive_supergpqa_seed42.jsonl,SuperGPQA-hard,rag_recursive,454028b0c0884f4192d16081e358d436,3,D,A,A,False,True,A,False,D,True,A,False,True,0
lever_rag_recursive_supergpqa_seed42.jsonl,SuperGPQA-hard,rag_recursive,21de236f15e846ecaac90b5464aa6751,3,B,B,B,True,True,B,True,B,True,B,True,True,0
lever_rag_recursive_supergpqa_seed42.jsonl,SuperGPQA-hard,rag_recursive,ef085846d5e74e358456de0a96fc049b,3,D,D,D,True,True,D,True,D,True,A,False,True,0
lever_rag_recursive_supergpqa_seed42.jsonl,SuperGPQA-hard,rag_recursive,28b8e9105db04b8b9d3a7e2f6aedff5c,3,B,B,B,True,True,B,True,B,True,D,False,True,0
lever_rag_recursive_supergpqa_seed42.jsonl,SuperGPQA-hard,rag_recursive,4e8a3894e41f4ca291c7b9d40a6bbe41,3,A,C,C,False,True,C,False,C,False,A,True,True,0
lever_rag_recursive_supergpqa_seed42.jsonl,SuperGPQA-hard,rag_recursive,3aa8040fa0174d9ebee38e9a1f196d26,3,C,D,D,False,True,D,False,D,False,D,False,False,0
lever_rag_recursive_supergpqa_seed42.jsonl,SuperGPQA-hard,rag_recursive,10306739cc6f4b94afa3336c48376be7,3,A,D,D,False,True,D,False,D,False,A,True,True,0
lever_rag_recursive_supergpqa_seed42.jsonl,SuperGPQA-hard,rag_recursive,21c8296790dc44c3b47308fe139b1378,3,C,D,D,False,True,D,False,D,False,D,False,False,0
lever_rag_recursive_supergpqa_seed42.jsonl,SuperGPQA-hard,rag_recursive,f99d0c2438e347088abece7d58f4e3cc,3,C,C,C,True,True,C,True,C,True,C,True,True,0
lever_rag_recursive_supergpqa_seed42.jsonl,SuperGPQA-hard,rag_recursive,8920a6411ede4a54af86c8ec5be736bd,3,C,A,A,False,True,A,False,A,False,A,False,False,0
lever_rag_recursive_supergpqa_seed42.jsonl,SuperGPQA-hard,rag_recursive,c0aff61a5b0243628fe8d3684305f4cb,3,B,B,B,True,True,B,True,B,True,B,True,True,0
lever_rag_recursive_supergpqa_seed42.jsonl,SuperGPQA-hard,rag_recursive,e78c81f946704e8ab0fb15182b6f8f68,3,C,C,C,True,True,C,True,C,True,D,False,True,0
lever_rag_recursive_supergpqa_seed42.jsonl,SuperGPQA-hard,rag_recursive,fc86b86189fa4145bfc49c741a7d8387,3,D,D,D,True,True,D,True,D,True,D,True,True,0
lever_rag_recursive_supergpqa_seed42.jsonl,SuperGPQA-hard,rag_recursive,cd59e82f9198404fad3b5e494c032544,3,B,D,D,False,True,D,False,D,False,D,False,False,0
lever_rag_recursive_supergpqa_seed42.jsonl,SuperGPQA-hard,rag_recursive,a7a3dc6d5b5b4d37a32c2839833a4d6c,3,D,D,D,True,True,D,True,D,True,D,True,True,0
lever_rag_recursive_supergpqa_seed42.jsonl,SuperGPQA-hard,rag_recursive,d3c2c6065bd540298bc50e5c2786cfd7,3,D,C,C,False,True,C,False,D,True,C,False,True,0
lever_rag_recursive_supergpqa_seed42.jsonl,SuperGPQA-hard,rag_recursive,301e624803b94d4dad6828fb2310bdca,3,B,C,C,False,True,C,False,C,False,C,False,False,0
lever_rag_recursive_supergpqa_seed42.jsonl,SuperGPQA-hard,rag_recursive,20fff2a5feb746d5a6614e360c9bec7d,3,D,D,D,True,True,D,True,D,True,A,False,True,0
lever_rag_recursive_supergpqa_seed42.jsonl,SuperGPQA-hard,rag_recursive,2613e2e31a7f45d9bd02d6c09fdc898c,3,B,A,A,False,True,A,False,A,False,A,False,False,0
lever_rag_recursive_supergpqa_seed42.jsonl,SuperGPQA-hard,rag_recursive,1e6267aed56a4fba91a50215560a698b,3,B,C,C,False,True,C,False,C,False,C,False,False,0
lever_rag_recursive_supergpqa_seed42.jsonl,SuperGPQA-hard,rag_recursive,469ab0b1358b48019d3a8f218edbf379,3,D,C,C,False,True,C,False,C,False,B,False,False,0
lever_rag_recursive_supergpqa_seed42.jsonl,SuperGPQA-hard,rag_recursive,f4e38f53765c4c249769703d0ba24b3d,3,B,B,B,True,True,B,True,B,True,B,True,True,0
lever_rag_recursive_supergpqa_seed42.jsonl,SuperGPQA-hard,rag_recursive,1948e331b8ba410b9717275eff8958ed,3,A,B,B,False,True,B,False,B,False,B,False,False,0
lever_rag_recursive_supergpqa_seed42.jsonl,SuperGPQA-hard,rag_recursive,1b5146ef461741a1a68490564550fce3,3,D,D,D,True,True,D,True,D,True,D,True,True,0
lever_rag_recursive_supergpqa_seed42.jsonl,SuperGPQA-hard,rag_recursive,396c4ac5d5784036865383281513d239,3,B,B,B,True,True,B,True,B,True,B,True,True,0
lever_rag_recursive_supergpqa_seed42.jsonl,SuperGPQA-hard,rag_recursive,8cb1a3d68036488689cc6279ff47fd5a,3,D,C,C,False,True,C,False,C,False,C,False,False,0
lever_rag_recursive_supergpqa_seed42.jsonl,SuperGPQA-hard,rag_recursive,562abaf94b0e4999a6a2b27104ef8297,3,D,D,D,True,True,D,True,D,True,D,True,True,0
lever_rag_recursive_supergpqa_seed42.jsonl,SuperGPQA-hard,rag_recursive,54feae1e9cf54ae985fc5b07a79d864d,3,A,A,A,True,True,A,True,A,True,B,False,True,0
lever_rag_recursive_supergpqa_seed42.jsonl,SuperGPQA-hard,rag_recursive,468c654c940f438dafebc19b7ab77b1a,3,D,D,D,True,True,D,True,D,True,D,True,True,0
lever_rag_recursive_supergpqa_seed42.jsonl,SuperGPQA-hard,rag_recursive,a90f5627afb840dcb32c78b91d72bb9d,3,A,A,A,True,True,A,True,A,True,C,False,True,0
lever_rag_recursive_supergpqa_seed42.jsonl,SuperGPQA-hard,rag_recursive,a782760c647f4ed8b56277449bbec5fa,3,C,B,B,False,True,B,False,C,True,B,False,True,0
lever_rag_recursive_supergpqa_seed42.jsonl,SuperGPQA-hard,rag_recursive,bba0149a0e4e4fb2b289442bc74883ee,3,C,C,C,True,True,C,True,C,True,C,True,True,0
lever_rag_recursive_supergpqa_seed42.jsonl,SuperGPQA-hard,rag_recursive,8c05de6e528f4219a5ca0f2c4d0ad747,3,B,A,A,False,True,A,False,B,True,A,False,True,0
lever_rag_recursive_supergpqa_seed42.jsonl,SuperGPQA-hard,rag_recursive,9be741c434a348ef9eed758bb0b69347,3,A,D,D,False,True,D,False,D,False,C,False,False,0
lever_rag_recursive_supergpqa_seed42.jsonl,SuperGPQA-hard,rag_recursive,624ccf3cf3e144ccbe8f18ec921d686a,3,D,C,C,False,True,C,False,C,False,C,False,True,0
lever_rag_recursive_supergpqa_seed42.jsonl,SuperGPQA-hard,rag_recursive,f94991ad92ec4a2793686b5fc3b6f5d1,3,D,D,D,True,True,D,True,D,True,D,True,True,0
lever_rag_recursive_supergpqa_seed42.jsonl,SuperGPQA-hard,rag_recursive,b0c962e65001442ea12ea33cf2ab3c25,3,A,B,B,False,True,B,False,B,False,A,True,True,0
lever_rag_recursive_supergpqa_seed42.jsonl,SuperGPQA-hard,rag_recursive,42432d79d0af4c2fa1612e6ca53f2882,3,B,B,B,True,True,B,True,B,True,B,True,True,0
lever_rag_recursive_supergpqa_seed42.jsonl,SuperGPQA-hard,rag_recursive,09f8f51f6b3b41d6b53b58f8232dfc20,3,C,C,C,True,True,C,True,C,True,C,True,True,0
lever_rag_recursive_supergpqa_seed42.jsonl,SuperGPQA-hard,rag_recursive,4da750a1226341988c648c97d601821e,3,C,A,A,False,True,A,False,A,False,A,False,False,0
lever_rag_recursive_supergpqa_seed42.jsonl,SuperGPQA-hard,rag_recursive,e015103613d84a6489a1867aa85f4f65,3,D,D,D,True,True,D,True,D,True,D,True,True,0
lever_rag_recursive_supergpqa_seed42.jsonl,SuperGPQA-hard,rag_recursive,bb5212d584224509ab73a3304e906859,3,A,A,A,True,True,A,True,A,True,A,True,True,0
lever_rag_recursive_supergpqa_seed42.jsonl,SuperGPQA-hard,rag_recursive,9149453edaf0461db9a37d0816015e3a,3,C,C,C,True,True,C,True,C,True,C,True,True,0
lever_rag_recursive_supergpqa_seed42.jsonl,SuperGPQA-hard,rag_recursive,20ef016bd2514deeb9fc7667952dfb58,3,C,C,C,True,True,C,True,C,True,C,True,True,1
lever_rag_recursive_supergpqa_seed42.jsonl,SuperGPQA-hard,rag_recursive,f7a2f5fbb748428baff111afe4464ab5,3,B,B,B,True,True,B,True,B,True,B,True,True,0
lever_rag_recursive_supergpqa_seed42.jsonl,SuperGPQA-hard,rag_recursive,73a3ff299dc040ad8e5ac743c66a1050,3,B,B,B,True,True,B,True,B,True,B,True,True,0
lever_rag_recursive_supergpqa_seed42.jsonl,SuperGPQA-hard,rag_recursive,8015afe9ebfa45388f4c8ec8d990e431,3,A,C,C,False,True,C,False,A,True,C,False,True,0
lever_rag_recursive_supergpqa_seed42.jsonl,SuperGPQA-hard,rag_recursive,e4650932081741f68c95ce460a1cb60b,3,C,C,C,True,True,C,True,C,True,C,True,True,0
lever_rag_recursive_supergpqa_seed42.jsonl,SuperGPQA-hard,rag_recursive,06eb007eee9f4e29a75bb5537d94bfba,3,C,C,C,True,True,C,True,C,True,C,True,True,0
lever_rag_recursive_supergpqa_seed42.jsonl,SuperGPQA-hard,rag_recursive,438f43de355a46e982a21abda8d4f152,3,A,C,C,False,True,C,False,C,False,C,False,False,0
lever_rag_recursive_supergpqa_seed42.jsonl,SuperGPQA-hard,rag_recursive,64a792c9306c4d659f4796d4abed795a,3,C,D,D,False,True,D,False,D,False,D,False,True,0
lever_rag_recursive_supergpqa_seed42.jsonl,SuperGPQA-hard,rag_recursive,983cda51b83847a8bf05440abd38e194,3,C,B,B,False,True,B,False,B,False,B,False,True,0
lever_rag_recursive_supergpqa_seed42.jsonl,SuperGPQA-hard,rag_recursive,5cf02070572d4b8da047af4b587897e1,3,D,D,D,True,True,D,True,D,True,D,True,True,0
lever_rag_recursive_supergpqa_seed42.jsonl,SuperGPQA-hard,rag_recursive,fb9042d1b91d4037b436629fccc2e322,3,C,C,C,True,True,C,True,C,True,C,True,True,0
lever_rag_recursive_supergpqa_seed42.jsonl,SuperGPQA-hard,rag_recursive,23ad44902ff945798a7ff404a3bb98d3,3,B,D,D,False,True,D,False,D,False,D,False,False,0
lever_rag_recursive_supergpqa_seed42.jsonl,SuperGPQA-hard,rag_recursive,ca2b68f8198e4c41befc4a3ceee1a9bc,3,C,B,B,False,True,B,False,D,False,D,False,False,0
lever_rag_recursive_supergpqa_seed42.jsonl,SuperGPQA-hard,rag_recursive,446a334636724901bdafdaa3501bbb49,3,B,B,B,True,True,B,True,B,True,B,True,True,0
lever_rag_recursive_supergpqa_seed42.jsonl,SuperGPQA-hard,rag_recursive,e8f3f3605af14100a15b8c0a8c2f89fa,3,A,A,A,True,True,A,True,A,True,B,False,True,0
lever_rag_recursive_supergpqa_seed42.jsonl,SuperGPQA-hard,rag_recursive,9706c4ed64d346bdb4326a3951d46dbf,3,B,B,B,True,True,B,True,B,True,B,True,True,0
lever_rag_recursive_supergpqa_seed42.jsonl,SuperGPQA-hard,rag_recursive,325534796b254b3499202862368c0f5c,3,B,B,B,True,True,B,True,B,True,B,True,True,0
lever_rag_recursive_supergpqa_seed42.jsonl,SuperGPQA-hard,rag_recursive,980ca009cc1f4003b4647f0a9bb0289c,3,C,C,C,True,True,C,True,C,True,C,True,True,0
lever_rag_recursive_supergpqa_seed42.jsonl,SuperGPQA-hard,rag_recursive,89c81fa5104e4d2580f05c3dc32fa11d,3,C,A,A,False,True,A,False,A,False,A,False,True,0
lever_rag_recursive_supergpqa_seed42.jsonl,SuperGPQA-hard,rag_recursive,a596b66d08484915a5c1996add9b104d,3,A,D,D,False,True,D,False,C,False,D,False,False,0
lever_rag_recursive_supergpqa_seed42.jsonl,SuperGPQA-hard,rag_recursive,b4824b77747748cf8486b9e948899ef8,3,D,D,D,True,True,D,True,D,True,D,True,True,0
lever_rag_recursive_supergpqa_seed42.jsonl,SuperGPQA-hard,rag_recursive,d8f80bece1864043a27ed1179ff8fe9f,3,C,C,C,True,True,C,True,C,True,B,False,True,0
lever_rag_recursive_supergpqa_seed42.jsonl,SuperGPQA-hard,rag_recursive,c83eb03cf4be49dcb0b470fb5da66009,3,B,B,B,True,True,B,True,B,True,B,True,True,0
lever_rag_recursive_supergpqa_seed42.jsonl,SuperGPQA-hard,rag_recursive,e1b314d091334b5dbc93a0053e1313d5,3,D,D,D,True,True,D,True,D,True,D,True,True,0
lever_rag_recursive_supergpqa_seed42.jsonl,SuperGPQA-hard,rag_recursive,b278c269529d444e97014e86de71b135,3,C,C,C,True,True,C,True,C,True,C,True,True,0
lever_rag_recursive_supergpqa_seed42.jsonl,SuperGPQA-hard,rag_recursive,14e7a5802c464cfc9e28aafee9fdfd42,3,A,D,D,False,True,D,False,C,False,D,False,False,1
lever_rag_recursive_supergpqa_seed42.jsonl,SuperGPQA-hard,rag_recursive,02606f10da9b4a91a734948a2f8f8cab,3,C,C,C,True,True,C,True,C,True,C,True,True,0
lever_rag_recursive_supergpqa_seed42.jsonl,SuperGPQA-hard,rag_recursive,095ff35b087e416f9a2797a86611b4c2,3,A,D,D,False,True,D,False,D,False,B,False,False,0
lever_rag_recursive_supergpqa_seed42.jsonl,SuperGPQA-hard,rag_recursive,30ca59713f1b4dc8a6f9e2be9261e168,3,C,A,A,False,True,A,False,A,False,A,False,False,0
lever_rag_recursive_supergpqa_seed42.jsonl,SuperGPQA-hard,rag_recursive,1bd477364f034265bdfe60d0b00b219a,3,B,B,B,True,True,B,True,B,True,B,True,True,0
lever_rag_recursive_supergpqa_seed42.jsonl,SuperGPQA-hard,rag_recursive,16b1ffdff66c4c48ac0b5d2209a5af64,3,D,D,D,True,True,D,True,D,True,D,True,True,0
lever_rag_recursive_supergpqa_seed42.jsonl,SuperGPQA-hard,rag_recursive,2ee372f987304fe882e13238d4c6925e,3,C,A,A,False,True,A,False,A,False,A,False,False,0
lever_rag_recursive_supergpqa_seed42.jsonl,SuperGPQA-hard,rag_recursive,fed1780eaf1f42a09ea63e89e1d18a41,3,D,B,B,False,True,B,False,A,False,A,False,False,0
lever_rag_recursive_supergpqa_seed42.jsonl,SuperGPQA-hard,rag_recursive,f67699a734ca477eb153ad6d4f7f30e0,3,A,C,C,False,True,C,False,C,False,B,False,False,0
lever_rag_recursive_supergpqa_seed42.jsonl,SuperGPQA-hard,rag_recursive,a909c0719f3e43b1a44afdbedc66cf68,3,C,C,C,True,True,C,True,C,True,C,True,True,0
lever_rag_recursive_supergpqa_seed42.jsonl,SuperGPQA-hard,rag_recursive,3a1dc503ec92489c8b0dcbcf77e5b7ea,3,A,A,A,True,True,A,True,A,True,C,False,True,0
lever_rag_recursive_supergpqa_seed42.jsonl,SuperGPQA-hard,rag_recursive,4817837b472e4795aa76b5e9b2dc1cc2,3,C,C,C,True,True,C,True,C,True,C,True,True,0
lever_rag_recursive_supergpqa_seed42.jsonl,SuperGPQA-hard,rag_recursive,68a4b9f37a0a432886fe2c90c0c90466,3,D,D,D,True,True,D,True,D,True,D,True,True,0
lever_rag_recursive_supergpqa_seed42.jsonl,SuperGPQA-hard,rag_recursive,8de4e96a88f546c78038f13b06b2a747,3,A,B,B,False,True,B,False,B,False,A,True,True,0
lever_rag_thinking_gate_supergpqa_seed271.jsonl,SuperGPQA-hard,rag_thinking_gate,62f9e0bfbb3e4ca7ac35c6968bbc1a96,3,C,C,C,True,True,C,True,C,True,A,False,True,0
lever_rag_thinking_gate_supergpqa_seed271.jsonl,SuperGPQA-hard,rag_thinking_gate,d735b8507f654bb19440357d19395199,3,B,A,A,False,True,A,False,B,True,A,False,True,0
lever_rag_thinking_gate_supergpqa_seed271.jsonl,SuperGPQA-hard,rag_thinking_gate,ae3cc3ad3166484cbe83f9cd3b604761,3,A,A,A,True,True,A,True,A,True,B,False,True,0
lever_rag_thinking_gate_supergpqa_seed271.jsonl,SuperGPQA-hard,rag_thinking_gate,8df1ce32bc37459a8e09994c1a69be1b,3,D,D,D,True,True,D,True,D,True,D,True,True,0
lever_rag_thinking_gate_supergpqa_seed271.jsonl,SuperGPQA-hard,rag_thinking_gate,c69b37c168c0442d8535be75e705658e,3,B,C,C,False,True,C,False,B,True,C,False,True,0
lever_rag_thinking_gate_supergpqa_seed271.jsonl,SuperGPQA-hard,rag_thinking_gate,6b1823e9cf1a408394028492a2543d2f,3,B,B,B,True,True,B,True,B,True,B,True,True,0
lever_rag_thinking_gate_supergpqa_seed271.jsonl,SuperGPQA-hard,rag_thinking_gate,700b8287d2af47898340c7c01fb3a354,3,C,C,C,True,True,C,True,C,True,C,True,True,0
lever_rag_thinking_gate_supergpqa_seed271.jsonl,SuperGPQA-hard,rag_thinking_gate,950df3915a04434eab77d8f4f0322b84,3,A,A,A,True,True,A,True,A,True,A,True,True,0
lever_rag_thinking_gate_supergpqa_seed271.jsonl,SuperGPQA-hard,rag_thinking_gate,d637308b16d4406f8d467e25c2b9ed4b,3,C,C,C,True,True,C,True,C,True,C,True,True,0
lever_rag_thinking_gate_supergpqa_seed271.jsonl,SuperGPQA-hard,rag_thinking_gate,667bfe0ed4b9420cab5fdfd122909d26,3,B,C,C,False,True,C,False,B,True,C,False,True,0
lever_rag_thinking_gate_supergpqa_seed271.jsonl,SuperGPQA-hard,rag_thinking_gate,5fcfe657cd5748408e39a90ef94ad757,3,B,B,B,True,True,B,True,B,True,B,True,True,0
lever_rag_thinking_gate_supergpqa_seed271.jsonl,SuperGPQA-hard,rag_thinking_gate,be091c3945a54db99326f44605f5aadf,3,D,A,A,False,True,A,False,A,False,A,False,False,0
lever_rag_thinking_gate_supergpqa_seed271.jsonl,SuperGPQA-hard,rag_thinking_gate,423099d02b5642939e9550ce9eca1f31,3,A,A,A,True,True,A,True,A,True,A,True,True,0
lever_rag_thinking_gate_supergpqa_seed271.jsonl,SuperGPQA-hard,rag_thinking_gate,81bb88e7883d4fc7aae41299e7522a01,3,A,C,C,False,True,C,False,C,False,C,False,False,0
lever_rag_thinking_gate_supergpqa_seed271.jsonl,SuperGPQA-hard,rag_thinking_gate,ba968b5d723c4e148fd8dd326314f7ad,3,B,B,B,True,True,B,True,B,True,B,True,True,0
lever_rag_thinking_gate_supergpqa_seed271.jsonl,SuperGPQA-hard,rag_thinking_gate,f9a33d8f93a746ec8c6431a2b6bce193,3,C,C,C,True,True,C,True,C,True,C,True,True,0
lever_rag_thinking_gate_supergpqa_seed271.jsonl,SuperGPQA-hard,rag_thinking_gate,644f2d1d1e644326a8da88e2010deeff,3,A,B,B,False,True,B,False,B,False,B,False,False,0
lever_rag_thinking_gate_supergpqa_seed271.jsonl,SuperGPQA-hard,rag_thinking_gate,0e971ef965cc4f0582b90c5b7b15e048,3,C,D,D,False,True,C,True,C,True,C,True,True,0
lever_rag_thinking_gate_supergpqa_seed271.jsonl,SuperGPQA-hard,rag_thinking_gate,08a4102166144f5d922ce24ee38463d4,3,B,C,C,False,True,C,False,C,False,A,False,False,0
lever_rag_thinking_gate_supergpqa_seed271.jsonl,SuperGPQA-hard,rag_thinking_gate,8592bcd761ff42b0a42cfa99fb3e497c,3,C,C,C,True,True,C,True,C,True,C,True,True,0
lever_rag_thinking_gate_supergpqa_seed271.jsonl,SuperGPQA-hard,rag_thinking_gate,9a21e0b2e2a94a3787d79b8b68b2fe5a,3,A,A,A,True,True,A,True,A,True,A,True,True,0
lever_rag_thinking_gate_supergpqa_seed271.jsonl,SuperGPQA-hard,rag_thinking_gate,dfe791a34609485cad4160cb7b7a9921,3,B,B,B,True,True,B,True,B,True,B,True,True,0
lever_rag_thinking_gate_supergpqa_seed271.jsonl,SuperGPQA-hard,rag_thinking_gate,0256b93a2457448cb7ca2c06fd7b66cd,3,D,D,D,True,True,D,True,D,True,D,True,True,0
lever_rag_thinking_gate_supergpqa_seed271.jsonl,SuperGPQA-hard,rag_thinking_gate,8e40cd53b45a4b15ac686b1de9f0c732,3,B,A,A,False,True,A,False,A,False,A,False,True,0
lever_rag_thinking_gate_supergpqa_seed271.jsonl,SuperGPQA-hard,rag_thinking_gate,f303c96caa884a1d83af52b6df8f2ae9,3,B,D,D,False,True,D,False,D,False,D,False,False,0
lever_rag_thinking_gate_supergpqa_seed271.jsonl,SuperGPQA-hard,rag_thinking_gate,937463eca06f4d778540791c4e2da3b7,3,D,B,B,False,True,B,False,B,False,B,False,False,0
lever_rag_thinking_gate_supergpqa_seed271.jsonl,SuperGPQA-hard,rag_thinking_gate,0a6a29e816074835b6ac6886e3575da6,3,C,D,D,False,True,D,False,D,False,C,True,True,0
lever_rag_thinking_gate_supergpqa_seed271.jsonl,SuperGPQA-hard,rag_thinking_gate,3bb9bdcf2aae48e5a62161a1578a5df5,3,D,A,A,False,True,A,False,A,False,A,False,False,0
lever_rag_thinking_gate_supergpqa_seed271.jsonl,SuperGPQA-hard,rag_thinking_gate,e13b5563e1eb450d94962f013c3ae36a,3,A,C,C,False,True,C,False,C,False,A,True,True,0
lever_rag_thinking_gate_supergpqa_seed271.jsonl,SuperGPQA-hard,rag_thinking_gate,8152cb30d5e44cf5824639f5c1f87b68,3,C,A,A,False,True,B,False,B,False,B,False,True,0
lever_rag_thinking_gate_supergpqa_seed271.jsonl,SuperGPQA-hard,rag_thinking_gate,2c80ad52c2324c3ab0b78cbad3437367,3,C,B,B,False,True,B,False,C,True,B,False,True,0
lever_rag_thinking_gate_supergpqa_seed271.jsonl,SuperGPQA-hard,rag_thinking_gate,42c21a0221b74afebe151a545114e59f,3,B,B,B,True,True,B,True,B,True,B,True,True,0
lever_rag_thinking_gate_supergpqa_seed271.jsonl,SuperGPQA-hard,rag_thinking_gate,9cfa56aef69d4ca9b5801d28f2cd1e00,3,A,A,A,True,True,A,True,A,True,A,True,True,0
lever_rag_thinking_gate_supergpqa_seed271.jsonl,SuperGPQA-hard,rag_thinking_gate,664f513b52d340afbc7d6ecce20671f3,3,B,B,B,True,True,B,True,B,True,B,True,True,0
lever_rag_thinking_gate_supergpqa_seed271.jsonl,SuperGPQA-hard,rag_thinking_gate,cc07381e5bd4405fa179ca1b4f716345,3,A,D,D,False,True,D,False,A,True,D,False,True,0
lever_rag_thinking_gate_supergpqa_seed271.jsonl,SuperGPQA-hard,rag_thinking_gate,a914371a88744c8e9433972f5624fca4,3,C,D,D,False,True,D,False,C,True,C,True,True,0
lever_rag_thinking_gate_supergpqa_seed271.jsonl,SuperGPQA-hard,rag_thinking_gate,86ad4780d9e843f7b8a98e208abf3a52,3,B,C,C,False,True,C,False,C,False,C,False,False,0
lever_rag_thinking_gate_supergpqa_seed271.jsonl,SuperGPQA-hard,rag_thinking_gate,c5bc0452236e47068ed4e570875ea4d2,3,B,B,B,True,True,B,True,B,True,B,True,True,0
lever_rag_thinking_gate_supergpqa_seed271.jsonl,SuperGPQA-hard,rag_thinking_gate,db63f2730520468e86d5071599d6cffd,3,C,C,C,True,True,C,True,C,True,C,True,True,0
lever_rag_thinking_gate_supergpqa_seed271.jsonl,SuperGPQA-hard,rag_thinking_gate,8ed91874efe844458592ce5db5ba6aec,3,D,A,A,False,True,A,False,A,False,A,False,False,0
lever_rag_thinking_gate_supergpqa_seed271.jsonl,SuperGPQA-hard,rag_thinking_gate,37cb2e257bb449cf951354ed79d9faed,3,D,D,D,True,True,D,True,D,True,D,True,True,0
lever_rag_thinking_gate_supergpqa_seed271.jsonl,SuperGPQA-hard,rag_thinking_gate,437cfa50474b432ca76856889904d972,3,C,C,C,True,True,C,True,C,True,C,True,True,0
lever_rag_thinking_gate_supergpqa_seed271.jsonl,SuperGPQA-hard,rag_thinking_gate,0cec965e083d473b91baf8419e499266,3,A,D,D,False,True,D,False,D,False,D,False,False,0
lever_rag_thinking_gate_supergpqa_seed271.jsonl,SuperGPQA-hard,rag_thinking_gate,16cef3414b88465496646fb53ecb3357,3,A,A,A,True,True,A,True,A,True,A,True,True,0
lever_rag_thinking_gate_supergpqa_seed271.jsonl,SuperGPQA-hard,rag_thinking_gate,a05ccae7bcc14d9791e97e9f628ca88e,3,C,A,A,False,True,A,False,A,False,A,False,False,0
lever_rag_thinking_gate_supergpqa_seed271.jsonl,SuperGPQA-hard,rag_thinking_gate,f82319d73b044735be5dfe1187da76f8,3,B,B,B,True,True,B,True,B,True,B,True,True,0
lever_rag_thinking_gate_supergpqa_seed271.jsonl,SuperGPQA-hard,rag_thinking_gate,f4a869b1b9484dbf8c0540064d101ea1,3,A,C,C,False,True,C,False,C,False,C,False,False,0
lever_rag_thinking_gate_supergpqa_seed271.jsonl,SuperGPQA-hard,rag_thinking_gate,2a6cd8ccbd7d42ad9cf12e178c94b946,3,D,C,C,False,True,C,False,C,False,C,False,False,0
lever_rag_thinking_gate_supergpqa_seed271.jsonl,SuperGPQA-hard,rag_thinking_gate,5b52a5d2e16147c48ba126e8d7b14f27,3,A,A,A,True,True,A,True,A,True,D,False,True,0
lever_rag_thinking_gate_supergpqa_seed271.jsonl,SuperGPQA-hard,rag_thinking_gate,d5aeeab54d66402884025a6038acd942,3,C,C,C,True,True,C,True,C,True,C,True,True,0
lever_rag_thinking_gate_supergpqa_seed271.jsonl,SuperGPQA-hard,rag_thinking_gate,617b2dd1258d4613af5936776fd69d09,3,C,C,C,True,True,C,True,B,False,C,True,True,0
lever_rag_thinking_gate_supergpqa_seed271.jsonl,SuperGPQA-hard,rag_thinking_gate,2fbb335d9144491da36f525024d4fa4a,3,B,B,B,True,True,B,True,B,True,B,True,True,0
lever_rag_thinking_gate_supergpqa_seed271.jsonl,SuperGPQA-hard,rag_thinking_gate,6394e81994e74f66baadec99cfaf103e,3,C,A,A,False,True,A,False,C,True,A,False,True,0
lever_rag_thinking_gate_supergpqa_seed271.jsonl,SuperGPQA-hard,rag_thinking_gate,8220134735164021974f2c9cb3fe485e,3,C,B,B,False,True,B,False,B,False,B,False,False,0
lever_rag_thinking_gate_supergpqa_seed271.jsonl,SuperGPQA-hard,rag_thinking_gate,001ea608b585461abf01ae38e9cd380c,3,C,C,C,True,True,C,True,C,True,D,False,True,0
lever_rag_thinking_gate_supergpqa_seed271.jsonl,SuperGPQA-hard,rag_thinking_gate,74c0789f36bc46b08cdc2fbdfa488b2c,3,A,C,C,False,True,C,False,C,False,C,False,True,0
lever_rag_thinking_gate_supergpqa_seed271.jsonl,SuperGPQA-hard,rag_thinking_gate,9a5556075b3047a18d44f2024d367249,3,C,C,C,True,True,C,True,B,False,C,True,True,0
lever_rag_thinking_gate_supergpqa_seed271.jsonl,SuperGPQA-hard,rag_thinking_gate,0a17de3f76d141a4abf081610dee0248,3,A,B,B,False,True,B,False,B,False,B,False,False,0
lever_rag_thinking_gate_supergpqa_seed271.jsonl,SuperGPQA-hard,rag_thinking_gate,d0fc74cd11664ab2a3dbee8d055afb5d,3,D,A,A,False,True,A,False,A,False,A,False,False,0
lever_rag_thinking_gate_supergpqa_seed271.jsonl,SuperGPQA-hard,rag_thinking_gate,075a3d9c2ade4393b154cb4cb885d232,3,D,D,D,True,True,D,True,D,True,D,True,True,0
lever_rag_thinking_gate_supergpqa_seed271.jsonl,SuperGPQA-hard,rag_thinking_gate,2b7c420445b941ee9c6c30974c8910f6,3,D,C,C,False,True,C,False,C,False,C,False,False,0
lever_rag_thinking_gate_supergpqa_seed271.jsonl,SuperGPQA-hard,rag_thinking_gate,c02bdc589b28470f9e8c9ebaf715cfd0,3,D,C,C,False,True,C,False,D,True,C,False,True,0
lever_rag_thinking_gate_supergpqa_seed271.jsonl,SuperGPQA-hard,rag_thinking_gate,9ab1011859954a9da4ebea4ceaa3f4bc,3,B,C,C,False,True,C,False,B,True,C,False,True,0
lever_rag_thinking_gate_supergpqa_seed271.jsonl,SuperGPQA-hard,rag_thinking_gate,c9a90d77920e426592a8016b8282d0b4,3,D,D,D,True,True,D,True,D,True,D,True,True,0
lever_rag_thinking_gate_supergpqa_seed271.jsonl,SuperGPQA-hard,rag_thinking_gate,984102446bb9410db4813f0135c7b86b,3,B,B,B,True,True,B,True,B,True,B,True,True,0
lever_rag_thinking_gate_supergpqa_seed271.jsonl,SuperGPQA-hard,rag_thinking_gate,ecbdd9947fd94b588f3873caed11ffeb,3,C,A,A,False,True,A,False,A,False,A,False,False,0
lever_rag_thinking_gate_supergpqa_seed271.jsonl,SuperGPQA-hard,rag_thinking_gate,f63cf000cb004ff989417e027221c056,3,B,D,D,False,True,D,False,D,False,D,False,False,0
lever_rag_thinking_gate_supergpqa_seed271.jsonl,SuperGPQA-hard,rag_thinking_gate,dae4002886484ca9b3f2e329a73e69f9,3,C,A,A,False,True,A,False,A,False,A,False,False,0
lever_rag_thinking_gate_supergpqa_seed271.jsonl,SuperGPQA-hard,rag_thinking_gate,a3f592957d154bafb00025aa580c1f59,3,B,C,C,False,True,C,False,C,False,C,False,True,0
lever_rag_thinking_gate_supergpqa_seed271.jsonl,SuperGPQA-hard,rag_thinking_gate,dbb0051f0dc54c399a92967f5f8d3adf,3,A,A,A,True,True,A,True,A,True,D,False,True,0
lever_rag_thinking_gate_supergpqa_seed271.jsonl,SuperGPQA-hard,rag_thinking_gate,5311909efaca4ab580654676d1850946,3,D,D,D,True,True,D,True,D,True,B,False,True,0
lever_rag_thinking_gate_supergpqa_seed271.jsonl,SuperGPQA-hard,rag_thinking_gate,937e75090a8a4e4f8dd14f6330f14ed4,3,A,A,A,True,True,A,True,A,True,C,False,True,0
lever_rag_thinking_gate_supergpqa_seed271.jsonl,SuperGPQA-hard,rag_thinking_gate,ef0b43160d8241c6bbaf4a579a6370f7,3,A,D,D,False,True,D,False,A,True,A,True,True,0
lever_rag_thinking_gate_supergpqa_seed271.jsonl,SuperGPQA-hard,rag_thinking_gate,706e5c2922d54efdb65739a97378b9aa,3,D,D,D,True,True,D,True,D,True,D,True,True,0
lever_rag_thinking_gate_supergpqa_seed271.jsonl,SuperGPQA-hard,rag_thinking_gate,ac0c51aebdc54ae4a2ab973206aa6a63,3,B,B,B,True,True,B,True,B,True,B,True,True,0
lever_rag_thinking_gate_supergpqa_seed271.jsonl,SuperGPQA-hard,rag_thinking_gate,82a54ba5be6e4550b70b18e7dc13d5c9,3,B,B,B,True,True,B,True,B,True,B,True,True,0
lever_rag_thinking_gate_supergpqa_seed271.jsonl,SuperGPQA-hard,rag_thinking_gate,0fa712ebccaa4d23849cc1f4904445f4,3,C,C,C,True,True,C,True,C,True,C,True,True,0
lever_rag_thinking_gate_supergpqa_seed271.jsonl,SuperGPQA-hard,rag_thinking_gate,3f99cdb3a05942cfa51b0862814020fc,3,A,A,A,True,True,A,True,A,True,D,False,True,0
lever_rag_thinking_gate_supergpqa_seed271.jsonl,SuperGPQA-hard,rag_thinking_gate,8663d52325714e76ad7e012721316c23,3,C,B,B,False,True,C,True,C,True,C,True,True,0
lever_rag_thinking_gate_supergpqa_seed271.jsonl,SuperGPQA-hard,rag_thinking_gate,e09f849537f34441a37dff017aaa193a,3,C,C,C,True,True,C,True,C,True,C,True,True,0
lever_rag_thinking_gate_supergpqa_seed271.jsonl,SuperGPQA-hard,rag_thinking_gate,0f992c29ab324c379406fabdcf277a68,3,B,B,B,True,True,B,True,B,True,B,True,True,0
lever_rag_thinking_gate_supergpqa_seed271.jsonl,SuperGPQA-hard,rag_thinking_gate,8c908849bd1640a1a991bf8de055826c,3,C,C,C,True,True,C,True,C,True,C,True,True,0
lever_rag_thinking_gate_supergpqa_seed271.jsonl,SuperGPQA-hard,rag_thinking_gate,42fc314addcb4e3580e011b12cde0406,3,A,A,A,True,True,A,True,A,True,A,True,True,0
lever_rag_thinking_gate_supergpqa_seed271.jsonl,SuperGPQA-hard,rag_thinking_gate,787c2342e0ef4aaa85f1bd2fcedd9fe0,3,C,B,B,False,True,C,True,C,True,C,True,True,0
lever_rag_thinking_gate_supergpqa_seed271.jsonl,SuperGPQA-hard,rag_thinking_gate,379a1dab01cd43f4b1af48063a968333,3,A,A,A,True,True,A,True,A,True,D,False,True,0
lever_rag_thinking_gate_supergpqa_seed271.jsonl,SuperGPQA-hard,rag_thinking_gate,15be8f8e252644028475951da8318593,3,C,A,A,False,True,A,False,A,False,A,False,False,0
lever_rag_thinking_gate_supergpqa_seed271.jsonl,SuperGPQA-hard,rag_thinking_gate,ff672b02fbba48ccb76f12b73b438d37,3,B,B,B,True,True,A,False,A,False,B,True,True,0
lever_rag_thinking_gate_supergpqa_seed271.jsonl,SuperGPQA-hard,rag_thinking_gate,9456f7bba7b64d7ab4621174d5200968,3,B,D,D,False,True,D,False,B,True,D,False,True,0
lever_rag_thinking_gate_supergpqa_seed271.jsonl,SuperGPQA-hard,rag_thinking_gate,628b15eb4d254e64b066dc67ca5899c7,3,B,D,D,False,True,D,False,D,False,D,False,True,0
lever_rag_thinking_gate_supergpqa_seed606.jsonl,SuperGPQA-hard,rag_thinking_gate,3b37ffa7eb2b455283a129a4ada95546,3,A,A,A,True,True,A,True,A,True,A,True,True,0
lever_rag_thinking_gate_supergpqa_seed606.jsonl,SuperGPQA-hard,rag_thinking_gate,674fd9508773498499d78bf6e2194315,3,A,A,A,True,True,A,True,A,True,D,False,True,0
lever_rag_thinking_gate_supergpqa_seed606.jsonl,SuperGPQA-hard,rag_thinking_gate,5a29ea2e0dde4ca89fc25d873f0783f0,3,D,C,C,False,True,C,False,C,False,C,False,True,0
lever_rag_thinking_gate_supergpqa_seed606.jsonl,SuperGPQA-hard,rag_thinking_gate,c5632825dac84046af5fb820a66ff3ea,3,A,D,D,False,True,B,False,B,False,D,False,True,0
lever_rag_thinking_gate_supergpqa_seed606.jsonl,SuperGPQA-hard,rag_thinking_gate,10189f626a71458193ceb74c22288670,3,A,B,B,False,True,A,True,A,True,B,False,True,0
lever_rag_thinking_gate_supergpqa_seed606.jsonl,SuperGPQA-hard,rag_thinking_gate,6012508b88a9421180551fdef0e17a13,3,C,D,D,False,True,D,False,D,False,D,False,False,0
lever_rag_thinking_gate_supergpqa_seed606.jsonl,SuperGPQA-hard,rag_thinking_gate,07178da056dd43c39d7f7aee51bdbff8,3,A,C,C,False,True,C,False,C,False,C,False,False,0
lever_rag_thinking_gate_supergpqa_seed606.jsonl,SuperGPQA-hard,rag_thinking_gate,c8bf16ae628348ee96bd7127f5ae6bef,3,A,B,B,False,True,B,False,B,False,C,False,False,0
lever_rag_thinking_gate_supergpqa_seed606.jsonl,SuperGPQA-hard,rag_thinking_gate,d871b9b07c184d6fbcf59c459d99036a,3,B,C,C,False,True,C,False,B,True,C,False,True,0
lever_rag_thinking_gate_supergpqa_seed606.jsonl,SuperGPQA-hard,rag_thinking_gate,94fa8b6b6a6f497f8d566ff083384f1e,3,A,B,B,False,True,A,True,A,True,A,True,True,0
lever_rag_thinking_gate_supergpqa_seed606.jsonl,SuperGPQA-hard,rag_thinking_gate,a9ef86d999d6451da0be649f98619cf8,3,A,A,A,True,True,A,True,A,True,A,True,True,0
lever_rag_thinking_gate_supergpqa_seed606.jsonl,SuperGPQA-hard,rag_thinking_gate,7ba19feea53345f1b264cd94e8d2538f,3,A,A,A,True,True,A,True,A,True,A,True,True,0
lever_rag_thinking_gate_supergpqa_seed606.jsonl,SuperGPQA-hard,rag_thinking_gate,4e86797184da47a2b73f1e72ea451f8d,3,D,D,D,True,True,D,True,D,True,A,False,True,0
lever_rag_thinking_gate_supergpqa_seed606.jsonl,SuperGPQA-hard,rag_thinking_gate,4b23599f709e402a85d20e0693fcbec7,3,C,C,C,True,True,C,True,C,True,C,True,True,0
lever_rag_thinking_gate_supergpqa_seed606.jsonl,SuperGPQA-hard,rag_thinking_gate,bba7bc7236a341fabf5661c3056e362f,3,C,C,C,True,True,C,True,C,True,D,False,True,0
lever_rag_thinking_gate_supergpqa_seed606.jsonl,SuperGPQA-hard,rag_thinking_gate,925edd1a51234c619cdd2f02bd90e0a3,3,B,C,C,False,True,C,False,C,False,C,False,False,0
lever_rag_thinking_gate_supergpqa_seed606.jsonl,SuperGPQA-hard,rag_thinking_gate,a24daf6e481d48fd9f272c1e3a1bfc3d,3,A,A,A,True,True,A,True,C,False,A,True,True,0
lever_rag_thinking_gate_supergpqa_seed606.jsonl,SuperGPQA-hard,rag_thinking_gate,f8a631c172f042bbb5db6b725743d199,3,D,D,D,True,True,D,True,D,True,B,False,True,0
lever_rag_thinking_gate_supergpqa_seed606.jsonl,SuperGPQA-hard,rag_thinking_gate,99a57a8ecb994d2398eeb11d5a4f4287,3,C,D,D,False,True,D,False,D,False,A,False,False,0
lever_rag_thinking_gate_supergpqa_seed606.jsonl,SuperGPQA-hard,rag_thinking_gate,6409dc9dba8d4f28a06fd6807e3c7cf9,3,D,C,C,False,True,C,False,D,True,D,True,True,0
lever_rag_thinking_gate_supergpqa_seed606.jsonl,SuperGPQA-hard,rag_thinking_gate,61fcd7e73e194e2ebea202afec24e266,3,B,D,D,False,True,D,False,D,False,B,True,True,0
lever_rag_thinking_gate_supergpqa_seed606.jsonl,SuperGPQA-hard,rag_thinking_gate,8e6adf9e81774ae98a454a1736907ba1,3,A,A,A,True,True,A,True,A,True,A,True,True,0
lever_rag_thinking_gate_supergpqa_seed606.jsonl,SuperGPQA-hard,rag_thinking_gate,b7b66af0bf0940ffbb69c04dd5f1b995,3,B,B,B,True,True,B,True,B,True,B,True,True,0
lever_rag_thinking_gate_supergpqa_seed606.jsonl,SuperGPQA-hard,rag_thinking_gate,3564dcf444ca495aa0ac15b8c53ce046,3,A,D,D,False,True,D,False,D,False,A,True,True,0
lever_rag_thinking_gate_supergpqa_seed606.jsonl,SuperGPQA-hard,rag_thinking_gate,ce27ed54573241aeb3a7923baf3bd2b9,3,A,A,A,True,True,A,True,A,True,D,False,True,0
lever_rag_thinking_gate_supergpqa_seed606.jsonl,SuperGPQA-hard,rag_thinking_gate,8663d52325714e76ad7e012721316c23,3,C,D,D,False,True,D,False,D,False,C,True,True,0
lever_rag_thinking_gate_supergpqa_seed606.jsonl,SuperGPQA-hard,rag_thinking_gate,7788cdba3e464b49b9516f45fa00381a,3,D,D,D,True,True,D,True,D,True,D,True,True,0
lever_rag_thinking_gate_supergpqa_seed606.jsonl,SuperGPQA-hard,rag_thinking_gate,a66b114a5e13440eb33f817f4a443ffb,3,D,D,D,True,True,D,True,D,True,D,True,True,0
lever_rag_thinking_gate_supergpqa_seed606.jsonl,SuperGPQA-hard,rag_thinking_gate,b48e738748e24c309530026051f00c50,3,B,B,B,True,True,B,True,B,True,B,True,True,0
lever_rag_thinking_gate_supergpqa_seed606.jsonl,SuperGPQA-hard,rag_thinking_gate,25d2d85093d3401b9883e0142407d0ee,3,A,D,D,False,True,D,False,D,False,D,False,False,0
lever_rag_thinking_gate_supergpqa_seed606.jsonl,SuperGPQA-hard,rag_thinking_gate,b6905cbac56e46ac93c398b5910034f1,3,C,C,C,True,True,C,True,D,False,C,True,True,0
lever_rag_thinking_gate_supergpqa_seed606.jsonl,SuperGPQA-hard,rag_thinking_gate,7f9f7b71691f4b9abd8f4d8ce5321a82,3,A,A,A,True,True,A,True,A,True,D,False,True,0
lever_rag_thinking_gate_supergpqa_seed606.jsonl,SuperGPQA-hard,rag_thinking_gate,1a2b570b90b940d9a7e60ec37a91c438,3,D,D,D,True,True,D,True,D,True,D,True,True,0
lever_rag_thinking_gate_supergpqa_seed606.jsonl,SuperGPQA-hard,rag_thinking_gate,05ff75c957d445298164337f6fb16dce,3,D,C,C,False,True,C,False,C,False,C,False,False,0
lever_rag_thinking_gate_supergpqa_seed606.jsonl,SuperGPQA-hard,rag_thinking_gate,ea96b2f056914d9e853e946a1d96987c,3,D,C,C,False,True,C,False,C,False,C,False,False,0
lever_rag_thinking_gate_supergpqa_seed606.jsonl,SuperGPQA-hard,rag_thinking_gate,16cef3414b88465496646fb53ecb3357,3,B,B,B,True,True,B,True,B,True,B,True,True,0
lever_rag_thinking_gate_supergpqa_seed606.jsonl,SuperGPQA-hard,rag_thinking_gate,fda86567101842ffbb3faff3164f528b,3,B,B,B,True,True,B,True,B,True,B,True,True,0
lever_rag_thinking_gate_supergpqa_seed606.jsonl,SuperGPQA-hard,rag_thinking_gate,fb32edc392d24dc3815f58909cecdba4,3,A,D,D,False,True,D,False,D,False,D,False,True,0
lever_rag_thinking_gate_supergpqa_seed606.jsonl,SuperGPQA-hard,rag_thinking_gate,4090034d344442a39f6ac38ffe2cc550,3,C,B,B,False,True,B,False,B,False,B,False,False,0
lever_rag_thinking_gate_supergpqa_seed606.jsonl,SuperGPQA-hard,rag_thinking_gate,ddb18eed65624eb8857f493d3575fef0,3,A,A,A,True,True,A,True,A,True,A,True,True,0
lever_rag_thinking_gate_supergpqa_seed606.jsonl,SuperGPQA-hard,rag_thinking_gate,8c466141d2b744ee9303d466b28b2e52,3,D,D,D,True,True,D,True,D,True,D,True,True,0
lever_rag_thinking_gate_supergpqa_seed606.jsonl,SuperGPQA-hard,rag_thinking_gate,672ca23b604743f0ac2330c05ed10499,3,D,D,D,True,True,D,True,D,True,D,True,True,0
lever_rag_thinking_gate_supergpqa_seed606.jsonl,SuperGPQA-hard,rag_thinking_gate,7f8c9e5f1e554ad396060dbe085be0bc,3,A,B,B,False,True,B,False,B,False,B,False,False,0
lever_rag_thinking_gate_supergpqa_seed606.jsonl,SuperGPQA-hard,rag_thinking_gate,68be2b3c64f340e1ab95a722390c67b6,3,C,C,C,True,True,C,True,C,True,D,False,True,0
lever_rag_thinking_gate_supergpqa_seed606.jsonl,SuperGPQA-hard,rag_thinking_gate,feb181573d6d4f398db27ee6a26962ad,3,A,D,D,False,True,C,False,C,False,C,False,True,0
lever_rag_thinking_gate_supergpqa_seed606.jsonl,SuperGPQA-hard,rag_thinking_gate,4bbb616f70fa470ead5f650821ff158f,3,C,C,C,True,True,C,True,C,True,C,True,True,0
lever_rag_thinking_gate_supergpqa_seed606.jsonl,SuperGPQA-hard,rag_thinking_gate,d38fbb868d8a44db9095fa175c8b5669,3,C,C,C,True,True,C,True,C,True,D,False,True,0
lever_rag_thinking_gate_supergpqa_seed606.jsonl,SuperGPQA-hard,rag_thinking_gate,278b1bc0ff8040b5beb619203318ea17,3,B,D,D,False,True,D,False,A,False,D,False,False,0
lever_rag_thinking_gate_supergpqa_seed606.jsonl,SuperGPQA-hard,rag_thinking_gate,d14d338a85264ca7ac2ad2fb159e78cd,3,A,A,A,True,True,A,True,A,True,A,True,True,0
lever_rag_thinking_gate_supergpqa_seed606.jsonl,SuperGPQA-hard,rag_thinking_gate,e407e20ef9774016a7466c88610322ef,3,C,B,B,False,True,B,False,B,False,B,False,False,0
lever_rag_thinking_gate_supergpqa_seed606.jsonl,SuperGPQA-hard,rag_thinking_gate,bcd2baac739146eebec003eb6adda5ae,3,A,A,A,True,True,A,True,A,True,A,True,True,0
lever_rag_thinking_gate_supergpqa_seed606.jsonl,SuperGPQA-hard,rag_thinking_gate,7ec0b78739564a38912533cf4bb90a1a,3,A,A,A,True,True,A,True,B,False,A,True,True,0
lever_rag_thinking_gate_supergpqa_seed606.jsonl,SuperGPQA-hard,rag_thinking_gate,3e3aef19b7bf40668f24d9a67f396473,3,B,B,B,True,True,B,True,B,True,B,True,True,0
lever_rag_thinking_gate_supergpqa_seed606.jsonl,SuperGPQA-hard,rag_thinking_gate,d2b8029fab3a458b9d1be6cf6a68091a,3,D,D,D,True,True,D,True,D,True,D,True,True,0
lever_rag_thinking_gate_supergpqa_seed606.jsonl,SuperGPQA-hard,rag_thinking_gate,ba3e6704deaf4503afd6d5cd103203c9,3,D,C,C,False,True,C,False,C,False,C,False,False,0
lever_rag_thinking_gate_supergpqa_seed606.jsonl,SuperGPQA-hard,rag_thinking_gate,9f62bcf50de74401a603615456213baf,3,D,D,D,True,True,D,True,D,True,D,True,True,0
lever_rag_thinking_gate_supergpqa_seed606.jsonl,SuperGPQA-hard,rag_thinking_gate,f258bb1065be48218e7d3a3f5baa4821,3,A,A,A,True,True,A,True,A,True,A,True,True,0
lever_rag_thinking_gate_supergpqa_seed606.jsonl,SuperGPQA-hard,rag_thinking_gate,9658dc48503c49cb840ccc27f9e10eb9,3,C,B,B,False,True,B,False,B,False,B,False,False,0
lever_rag_thinking_gate_supergpqa_seed606.jsonl,SuperGPQA-hard,rag_thinking_gate,05e650ec825f4ae5a54deb872af466d2,3,A,C,C,False,True,C,False,A,True,C,False,True,0
lever_rag_thinking_gate_supergpqa_seed606.jsonl,SuperGPQA-hard,rag_thinking_gate,0d55abc62c6541119ac010bd0bd11cb4,3,B,B,B,True,True,B,True,B,True,B,True,True,0
lever_rag_thinking_gate_supergpqa_seed606.jsonl,SuperGPQA-hard,rag_thinking_gate,ba5929c89bf34872beb2bda81c3f7ac0,3,B,B,B,True,True,B,True,B,True,B,True,True,0
lever_rag_thinking_gate_supergpqa_seed606.jsonl,SuperGPQA-hard,rag_thinking_gate,6514ced034134b80bfee523ab31dd6be,3,B,B,B,True,True,B,True,B,True,B,True,True,0
lever_rag_thinking_gate_supergpqa_seed606.jsonl,SuperGPQA-hard,rag_thinking_gate,ebea0f7c051d4247be3d6bee67e0da89,3,B,D,D,False,True,D,False,D,False,B,True,True,0
lever_rag_thinking_gate_supergpqa_seed606.jsonl,SuperGPQA-hard,rag_thinking_gate,1ec0b6b8d6b74d6f81c900d22aa3f9b3,3,D,D,D,True,True,D,True,D,True,D,True,True,0
lever_rag_thinking_gate_supergpqa_seed606.jsonl,SuperGPQA-hard,rag_thinking_gate,7d0d30aa83704e04bd9330d2c8e90f78,3,B,B,B,True,True,B,True,B,True,B,True,True,0
lever_rag_thinking_gate_supergpqa_seed606.jsonl,SuperGPQA-hard,rag_thinking_gate,84fba45a65da41fb8ea056a8cd072fff,3,A,A,A,True,True,A,True,A,True,A,True,True,0
lever_rag_thinking_gate_supergpqa_seed606.jsonl,SuperGPQA-hard,rag_thinking_gate,25ff3053d5cd4fe1b53e4bfce27dc709,3,D,D,D,True,True,D,True,D,True,D,True,True,0
lever_rag_thinking_gate_supergpqa_seed606.jsonl,SuperGPQA-hard,rag_thinking_gate,1b003811eaf443e492e6717fa934b15b,3,B,B,B,True,True,B,True,B,True,B,True,True,0
lever_rag_thinking_gate_supergpqa_seed606.jsonl,SuperGPQA-hard,rag_thinking_gate,6f448d668c2743988aaf055cd5d0b1d5,3,C,C,C,True,True,C,True,C,True,C,True,True,0
lever_rag_thinking_gate_supergpqa_seed606.jsonl,SuperGPQA-hard,rag_thinking_gate,db63f2730520468e86d5071599d6cffd,3,D,D,D,True,True,D,True,D,True,D,True,True,0
lever_rag_thinking_gate_supergpqa_seed606.jsonl,SuperGPQA-hard,rag_thinking_gate,89c0dd54ad6d4419a29148159a71a478,3,B,B,B,True,True,B,True,B,True,B,True,True,0
lever_rag_thinking_gate_supergpqa_seed606.jsonl,SuperGPQA-hard,rag_thinking_gate,f3657e5a406947ddb8ad447219321aef,3,C,B,B,False,True,B,False,B,False,B,False,False,0
lever_rag_thinking_gate_supergpqa_seed606.jsonl,SuperGPQA-hard,rag_thinking_gate,1bb8a86a4ca34595bf2cc53e8c70d488,3,C,D,D,False,True,D,False,D,False,D,False,False,0
lever_rag_thinking_gate_supergpqa_seed606.jsonl,SuperGPQA-hard,rag_thinking_gate,18dd61f8f537498aab430ca99da93ddf,3,B,B,B,True,True,B,True,B,True,B,True,True,0
lever_rag_thinking_gate_supergpqa_seed606.jsonl,SuperGPQA-hard,rag_thinking_gate,ab99e4e6e4f548f9bf22a0c4afba770a,3,A,A,A,True,True,A,True,A,True,C,False,True,0
lever_rag_thinking_gate_supergpqa_seed606.jsonl,SuperGPQA-hard,rag_thinking_gate,017d54709f0b48a3980238ac4f0dd851,3,C,C,C,True,True,C,True,C,True,D,False,True,0
lever_rag_thinking_gate_supergpqa_seed606.jsonl,SuperGPQA-hard,rag_thinking_gate,46d9995281cc4c4eb53ae5077ea91144,3,A,A,A,True,True,A,True,A,True,C,False,True,0
lever_rag_thinking_gate_supergpqa_seed606.jsonl,SuperGPQA-hard,rag_thinking_gate,8feeeb6daae74c819f01a0d2bddb62a5,3,C,C,C,True,True,C,True,B,False,B,False,True,0
lever_rag_thinking_gate_supergpqa_seed606.jsonl,SuperGPQA-hard,rag_thinking_gate,d16188425b8d459799e3a25590ce3a1f,3,A,A,A,True,True,A,True,A,True,A,True,True,0
lever_rag_thinking_gate_supergpqa_seed606.jsonl,SuperGPQA-hard,rag_thinking_gate,5559142f9bfb407b835f455534274613,3,A,B,B,False,True,B,False,B,False,B,False,False,0
lever_rag_thinking_gate_supergpqa_seed606.jsonl,SuperGPQA-hard,rag_thinking_gate,c719d6d9548f43779f3eab22fafa99bc,3,A,B,B,False,True,B,False,B,False,B,False,False,0
lever_rag_thinking_gate_supergpqa_seed606.jsonl,SuperGPQA-hard,rag_thinking_gate,81265918776f42ecb936b1ff7149f893,3,C,B,B,False,True,B,False,C,True,B,False,True,0
lever_rag_thinking_gate_supergpqa_seed606.jsonl,SuperGPQA-hard,rag_thinking_gate,2a0199802fa34912899bc4db2e48e324,3,C,B,B,False,True,B,False,B,False,B,False,False,0
lever_rag_thinking_gate_supergpqa_seed606.jsonl,SuperGPQA-hard,rag_thinking_gate,d6762f8d80e24ca78b14ac20eb6d7ddb,3,D,D,D,True,True,D,True,D,True,D,True,True,0
lever_rag_thinking_gate_supergpqa_seed606.jsonl,SuperGPQA-hard,rag_thinking_gate,420ba9fd6958410188aa97873da40f86,3,D,D,D,True,True,D,True,D,True,D,True,True,0
lever_rag_thinking_gate_supergpqa_seed606.jsonl,SuperGPQA-hard,rag_thinking_gate,d0004a6586604fb097d29b2a9e2fafba,3,A,C,C,False,True,C,False,C,False,D,False,False,0
lever_rag_thinking_gate_supergpqa_seed606.jsonl,SuperGPQA-hard,rag_thinking_gate,83540adee86445058338548a07e2eacd,3,A,D,D,False,True,D,False,B,False,D,False,False,0
lever_rag_thinking_gate_supergpqa_seed838.jsonl,SuperGPQA-hard,rag_thinking_gate,65e18d5ebc6d481f92372a02f7346d7e,3,D,D,D,True,True,D,True,D,True,D,True,True,0
lever_rag_thinking_gate_supergpqa_seed838.jsonl,SuperGPQA-hard,rag_thinking_gate,8212116814624ac3ab3c645bb720a0de,3,A,A,A,True,True,A,True,A,True,A,True,True,0
lever_rag_thinking_gate_supergpqa_seed838.jsonl,SuperGPQA-hard,rag_thinking_gate,b1292883447c4964834d2f93d9ad6866,3,C,C,C,True,True,C,True,C,True,C,True,True,0
lever_rag_thinking_gate_supergpqa_seed838.jsonl,SuperGPQA-hard,rag_thinking_gate,662dee3f92714e84a08098c31a9dfede,3,A,A,A,True,True,A,True,A,True,A,True,True,0
lever_rag_thinking_gate_supergpqa_seed838.jsonl,SuperGPQA-hard,rag_thinking_gate,784bc160afa34cc184a98687b152411a,3,D,A,A,False,True,A,False,A,False,A,False,False,0
lever_rag_thinking_gate_supergpqa_seed838.jsonl,SuperGPQA-hard,rag_thinking_gate,2901fd9282834a269854bd1c929c2d27,3,D,D,D,True,True,D,True,D,True,A,False,True,0
lever_rag_thinking_gate_supergpqa_seed838.jsonl,SuperGPQA-hard,rag_thinking_gate,ad9b69d4627741a1a953880f089b14f0,3,D,D,D,True,True,D,True,D,True,D,True,True,0
lever_rag_thinking_gate_supergpqa_seed838.jsonl,SuperGPQA-hard,rag_thinking_gate,6c14595204824c9fb7a2ad000c332e37,3,B,D,D,False,True,D,False,D,False,A,False,True,0
lever_rag_thinking_gate_supergpqa_seed838.jsonl,SuperGPQA-hard,rag_thinking_gate,42ff314467d2496490c62c7064c0d6cc,3,C,C,C,True,True,C,True,C,True,C,True,True,0
lever_rag_thinking_gate_supergpqa_seed838.jsonl,SuperGPQA-hard,rag_thinking_gate,c5836da9034249b4b27508d97f2fef48,3,D,D,D,True,True,D,True,D,True,D,True,True,0
lever_rag_thinking_gate_supergpqa_seed838.jsonl,SuperGPQA-hard,rag_thinking_gate,2f6042eca8834ba78cec6a229e21e89b,3,C,C,C,True,True,C,True,C,True,C,True,True,0
lever_rag_thinking_gate_supergpqa_seed838.jsonl,SuperGPQA-hard,rag_thinking_gate,47f09ff7d66a4742ba76601ea67539d8,3,D,D,D,True,True,D,True,D,True,D,True,True,0
lever_rag_thinking_gate_supergpqa_seed838.jsonl,SuperGPQA-hard,rag_thinking_gate,b370dd1899e24b37b27c4eec64ca2de9,3,A,A,A,True,True,A,True,A,True,A,True,True,0
lever_rag_thinking_gate_supergpqa_seed838.jsonl,SuperGPQA-hard,rag_thinking_gate,6afbc30d68f940abbb7fe92128c3cf86,3,C,B,B,False,True,B,False,B,False,B,False,False,0
lever_rag_thinking_gate_supergpqa_seed838.jsonl,SuperGPQA-hard,rag_thinking_gate,495126540259474fb0700bf7fe2a837f,3,B,B,B,True,True,B,True,B,True,B,True,True,0
lever_rag_thinking_gate_supergpqa_seed838.jsonl,SuperGPQA-hard,rag_thinking_gate,9d29c330b74a4c878301338bfaa022f7,3,D,D,D,True,True,D,True,D,True,D,True,True,0
lever_rag_thinking_gate_supergpqa_seed838.jsonl,SuperGPQA-hard,rag_thinking_gate,27b0cc6c758649ecb4fb058ecdad4757,3,A,D,D,False,True,D,False,A,True,D,False,True,0
lever_rag_thinking_gate_supergpqa_seed838.jsonl,SuperGPQA-hard,rag_thinking_gate,c247b75bef6843a6bddb467b4f6530c7,3,A,C,C,False,True,C,False,C,False,C,False,False,0
lever_rag_thinking_gate_supergpqa_seed838.jsonl,SuperGPQA-hard,rag_thinking_gate,7642c7abd7554d85a9ad74550cc95428,3,D,D,D,True,True,D,True,D,True,D,True,True,0
lever_rag_thinking_gate_supergpqa_seed838.jsonl,SuperGPQA-hard,rag_thinking_gate,e9850e7c1b5744b19cdf700c4bbac0ab,3,A,A,A,True,True,A,True,A,True,A,True,True,0
lever_rag_thinking_gate_supergpqa_seed838.jsonl,SuperGPQA-hard,rag_thinking_gate,5f1d14b7898843078179131808d8b102,3,D,D,D,True,True,D,True,D,True,A,False,True,0
lever_rag_thinking_gate_supergpqa_seed838.jsonl,SuperGPQA-hard,rag_thinking_gate,5d0d7b5d79d448c7b2ffdee0247a0296,3,A,D,D,False,True,D,False,D,False,D,False,False,0
lever_rag_thinking_gate_supergpqa_seed838.jsonl,SuperGPQA-hard,rag_thinking_gate,1f7eebad0c1b4d7bada8526fc5eca57a,3,B,B,B,True,True,B,True,B,True,B,True,True,0
lever_rag_thinking_gate_supergpqa_seed838.jsonl,SuperGPQA-hard,rag_thinking_gate,37bee659d0f24b6bbb7cf0019b18266b,3,B,D,D,False,True,D,False,C,False,D,False,False,0
lever_rag_thinking_gate_supergpqa_seed838.jsonl,SuperGPQA-hard,rag_thinking_gate,45ead910eb784c63aff46227f35006c1,3,A,B,B,False,True,B,False,B,False,D,False,False,0
lever_rag_thinking_gate_supergpqa_seed838.jsonl,SuperGPQA-hard,rag_thinking_gate,5dc0a21f75b44980b701d62896d3edcb,3,D,B,B,False,True,B,False,B,False,B,False,False,0
lever_rag_thinking_gate_supergpqa_seed838.jsonl,SuperGPQA-hard,rag_thinking_gate,8e58552045574cd082ae3ea220ee55d9,3,C,C,C,True,True,C,True,D,False,D,False,True,0
lever_rag_thinking_gate_supergpqa_seed838.jsonl,SuperGPQA-hard,rag_thinking_gate,b232c347b66641feb655e8089ad3236c,3,D,D,D,True,True,D,True,D,True,A,False,True,0
lever_rag_thinking_gate_supergpqa_seed838.jsonl,SuperGPQA-hard,rag_thinking_gate,029f7e87aa534e76b95b143ca61b8051,3,B,B,B,True,True,B,True,B,True,B,True,True,0
lever_rag_thinking_gate_supergpqa_seed838.jsonl,SuperGPQA-hard,rag_thinking_gate,76baec1d98e94e2aaa91e9e07bafc4ee,3,C,C,C,True,True,C,True,C,True,C,True,True,0
lever_rag_thinking_gate_supergpqa_seed838.jsonl,SuperGPQA-hard,rag_thinking_gate,f89ec3f159cd40c385b7f26813b62486,3,D,D,D,True,True,D,True,D,True,D,True,True,0
lever_rag_thinking_gate_supergpqa_seed838.jsonl,SuperGPQA-hard,rag_thinking_gate,92158717e4684fbc960d84d858017ff8,3,D,D,D,True,True,D,True,D,True,D,True,True,0
lever_rag_thinking_gate_supergpqa_seed838.jsonl,SuperGPQA-hard,rag_thinking_gate,8286c21c723f421cae07723ee28f793c,3,A,C,C,False,True,C,False,C,False,C,False,True,0
lever_rag_thinking_gate_supergpqa_seed838.jsonl,SuperGPQA-hard,rag_thinking_gate,aa75f2e217f34054905f326269e5565f,3,D,D,D,True,True,A,False,A,False,A,False,True,0
lever_rag_thinking_gate_supergpqa_seed838.jsonl,SuperGPQA-hard,rag_thinking_gate,4706d9d11ac74f13bb26c4e243a9fedd,3,D,D,D,True,True,D,True,D,True,D,True,True,0
lever_rag_thinking_gate_supergpqa_seed838.jsonl,SuperGPQA-hard,rag_thinking_gate,be529e4267c8488f8df3970620cef40e,3,C,D,D,False,True,C,True,C,True,D,False,True,0
lever_rag_thinking_gate_supergpqa_seed838.jsonl,SuperGPQA-hard,rag_thinking_gate,52d60b890b534b4090eb911da9632d13,3,D,D,D,True,True,D,True,D,True,D,True,True,1
lever_rag_thinking_gate_supergpqa_seed838.jsonl,SuperGPQA-hard,rag_thinking_gate,450173d7e21e4b66a618097c366a3755,3,C,C,C,True,True,C,True,C,True,C,True,True,0
lever_rag_thinking_gate_supergpqa_seed838.jsonl,SuperGPQA-hard,rag_thinking_gate,f0ad3ea70b04422fbf89443a247fd4c6,3,D,B,B,False,True,B,False,B,False,B,False,True,0
lever_rag_thinking_gate_supergpqa_seed838.jsonl,SuperGPQA-hard,rag_thinking_gate,b6bb5716a3e04e67b34e8675a3eddde3,3,D,D,D,True,True,D,True,D,True,D,True,True,0
lever_rag_thinking_gate_supergpqa_seed838.jsonl,SuperGPQA-hard,rag_thinking_gate,6be198f958ef4516852dc9c0b0f93766,3,C,A,A,False,True,A,False,C,True,C,True,True,0
lever_rag_thinking_gate_supergpqa_seed838.jsonl,SuperGPQA-hard,rag_thinking_gate,d651ee6a2c05458abcfa6fc4f2701660,3,C,C,C,True,True,C,True,C,True,C,True,True,0
lever_rag_thinking_gate_supergpqa_seed838.jsonl,SuperGPQA-hard,rag_thinking_gate,8bec621e6eae43f59459dacaebd4cc42,3,A,A,A,True,True,A,True,C,False,A,True,True,0
lever_rag_thinking_gate_supergpqa_seed838.jsonl,SuperGPQA-hard,rag_thinking_gate,25139c83331f4efead0a39063294e6d1,3,C,C,C,True,True,C,True,C,True,C,True,True,0
lever_rag_thinking_gate_supergpqa_seed838.jsonl,SuperGPQA-hard,rag_thinking_gate,c9820d674f5e49148ebf9a5211482572,3,B,D,D,False,True,D,False,B,True,D,False,True,0
lever_rag_thinking_gate_supergpqa_seed838.jsonl,SuperGPQA-hard,rag_thinking_gate,2e0a1bdc84054c3886f8f6dcad5d123d,3,C,C,C,True,True,C,True,C,True,C,True,True,0
lever_rag_thinking_gate_supergpqa_seed838.jsonl,SuperGPQA-hard,rag_thinking_gate,f7b30d755ce94690aee11d8246a70df3,3,C,C,C,True,True,C,True,C,True,A,False,True,0
lever_rag_thinking_gate_supergpqa_seed838.jsonl,SuperGPQA-hard,rag_thinking_gate,6debc81571924be3a4b1fb060efa5d28,3,B,B,B,True,True,B,True,B,True,B,True,True,0
lever_rag_thinking_gate_supergpqa_seed838.jsonl,SuperGPQA-hard,rag_thinking_gate,e13b5563e1eb450d94962f013c3ae36a,3,C,B,B,False,True,C,True,C,True,B,False,True,0
lever_rag_thinking_gate_supergpqa_seed838.jsonl,SuperGPQA-hard,rag_thinking_gate,3f48e266da744ae6b9e99e762b67954f,3,D,D,D,True,True,D,True,D,True,D,True,True,0
lever_rag_thinking_gate_supergpqa_seed838.jsonl,SuperGPQA-hard,rag_thinking_gate,e4e11a5fc2714133b1c7af4a68f24b7c,3,D,C,C,False,True,C,False,C,False,C,False,False,0
lever_rag_thinking_gate_supergpqa_seed838.jsonl,SuperGPQA-hard,rag_thinking_gate,7fe42cc3bf84464993ffb660dac2653f,3,B,B,B,True,True,B,True,B,True,B,True,True,0
lever_rag_thinking_gate_supergpqa_seed838.jsonl,SuperGPQA-hard,rag_thinking_gate,4da6b094f021432e9f07bcff16c36b4e,3,A,D,D,False,True,D,False,D,False,D,False,False,0
lever_rag_thinking_gate_supergpqa_seed838.jsonl,SuperGPQA-hard,rag_thinking_gate,774540d412ae4311b7aa433bf2f64b10,3,D,A,A,False,True,A,False,D,True,A,False,True,0
lever_rag_thinking_gate_supergpqa_seed838.jsonl,SuperGPQA-hard,rag_thinking_gate,71af5cfedc1849cd9c99e9d4904c1d97,3,C,C,C,True,True,C,True,C,True,D,False,True,0
lever_rag_thinking_gate_supergpqa_seed838.jsonl,SuperGPQA-hard,rag_thinking_gate,4317af96cdb445fe8d23e95bbf487c6d,3,A,A,A,True,True,A,True,A,True,A,True,True,0
lever_rag_thinking_gate_supergpqa_seed838.jsonl,SuperGPQA-hard,rag_thinking_gate,f7cfee802ef34c3688d63c879ffd007b,3,D,D,D,True,True,D,True,D,True,D,True,True,0
lever_rag_thinking_gate_supergpqa_seed838.jsonl,SuperGPQA-hard,rag_thinking_gate,1b003811eaf443e492e6717fa934b15b,3,B,B,B,True,True,B,True,B,True,B,True,True,0
lever_rag_thinking_gate_supergpqa_seed838.jsonl,SuperGPQA-hard,rag_thinking_gate,4c53840b44904a97b04bf942e34ce522,3,C,B,B,False,True,B,False,B,False,B,False,False,0
lever_rag_thinking_gate_supergpqa_seed838.jsonl,SuperGPQA-hard,rag_thinking_gate,4ae91bc0704c4d16891bceda9518416c,3,C,A,A,False,True,A,False,A,False,B,False,False,0
lever_rag_thinking_gate_supergpqa_seed838.jsonl,SuperGPQA-hard,rag_thinking_gate,7adc0c3199974e778dbb75b22c3406d4,3,C,B,B,False,True,B,False,B,False,B,False,True,0
lever_rag_thinking_gate_supergpqa_seed838.jsonl,SuperGPQA-hard,rag_thinking_gate,7038ebb226d241c69e0370492f042a10,3,A,A,A,True,True,A,True,A,True,A,True,True,0
lever_rag_thinking_gate_supergpqa_seed838.jsonl,SuperGPQA-hard,rag_thinking_gate,6f48814bd0a14a67bb76a67dfff57723,3,B,B,B,True,True,B,True,B,True,B,True,True,0
lever_rag_thinking_gate_supergpqa_seed838.jsonl,SuperGPQA-hard,rag_thinking_gate,29e041d1e6384f738d9582ca5d67d584,3,A,A,A,True,True,A,True,A,True,A,True,True,0
lever_rag_thinking_gate_supergpqa_seed838.jsonl,SuperGPQA-hard,rag_thinking_gate,fab25aad3a89427aaf6cdffc0295360e,3,C,C,C,True,True,C,True,C,True,C,True,True,0
lever_rag_thinking_gate_supergpqa_seed838.jsonl,SuperGPQA-hard,rag_thinking_gate,e286dac07362459cb41b0c9adca02747,3,D,D,D,True,True,D,True,D,True,D,True,True,0
lever_rag_thinking_gate_supergpqa_seed838.jsonl,SuperGPQA-hard,rag_thinking_gate,b9f43cc8a6ff4438ab18497fc9bf7cf0,3,B,A,A,False,True,A,False,B,True,B,True,True,0
lever_rag_thinking_gate_supergpqa_seed838.jsonl,SuperGPQA-hard,rag_thinking_gate,8aa00695f3ed4b3a9d445fec8513b65b,3,C,C,C,True,True,C,True,C,True,C,True,True,0
lever_rag_thinking_gate_supergpqa_seed838.jsonl,SuperGPQA-hard,rag_thinking_gate,5df707865b404a0697d8fd1791bb9b0b,3,B,D,D,False,True,D,False,C,False,C,False,False,0
lever_rag_thinking_gate_supergpqa_seed838.jsonl,SuperGPQA-hard,rag_thinking_gate,a33d9512c6ab4a3eb4e172e2e2255293,3,A,A,A,True,True,A,True,A,True,A,True,True,0
lever_rag_thinking_gate_supergpqa_seed838.jsonl,SuperGPQA-hard,rag_thinking_gate,b8de1171b4a44ba4bf85615dca222549,3,A,D,D,False,True,D,False,D,False,D,False,False,0
lever_rag_thinking_gate_supergpqa_seed838.jsonl,SuperGPQA-hard,rag_thinking_gate,cf53bf592b244cb1ad02b684eda29e3b,3,C,C,C,True,True,C,True,C,True,C,True,True,0
lever_rag_thinking_gate_supergpqa_seed838.jsonl,SuperGPQA-hard,rag_thinking_gate,e639f6eaf9a542f4a26c1358c0ef3f2c,3,A,B,B,False,True,B,False,B,False,B,False,False,0
lever_rag_thinking_gate_supergpqa_seed838.jsonl,SuperGPQA-hard,rag_thinking_gate,1667a63ffa874e25950f004d0bfe0199,3,D,D,D,True,True,D,True,D,True,D,True,True,0
lever_rag_thinking_gate_supergpqa_seed838.jsonl,SuperGPQA-hard,rag_thinking_gate,e9e1fba9d67a424abefb846d7aa58857,3,C,D,D,False,True,D,False,B,False,D,False,False,0
lever_rag_thinking_gate_supergpqa_seed838.jsonl,SuperGPQA-hard,rag_thinking_gate,6bff44235adb4f219d4c041c565f5faf,3,C,C,C,True,True,C,True,C,True,C,True,True,0
lever_rag_thinking_gate_supergpqa_seed838.jsonl,SuperGPQA-hard,rag_thinking_gate,e8716931ede04137a3dfa8794d456d57,3,C,C,C,True,True,C,True,C,True,C,True,True,0
lever_rag_thinking_gate_supergpqa_seed838.jsonl,SuperGPQA-hard,rag_thinking_gate,f63cf000cb004ff989417e027221c056,3,D,D,D,True,True,D,True,D,True,D,True,True,0
lever_rag_thinking_gate_supergpqa_seed838.jsonl,SuperGPQA-hard,rag_thinking_gate,85fd7a86245d412e865fda1920b02b2a,3,D,D,D,True,True,D,True,D,True,D,True,True,0
lever_rag_thinking_gate_supergpqa_seed838.jsonl,SuperGPQA-hard,rag_thinking_gate,388a3c0ff6bb403b89f8fa9441989e29,3,B,B,B,True,True,B,True,B,True,B,True,True,0
lever_rag_thinking_gate_supergpqa_seed838.jsonl,SuperGPQA-hard,rag_thinking_gate,6d9c551019b94cf6bf31b3e5189c4607,3,B,B,B,True,True,B,True,B,True,D,False,True,0
lever_rag_thinking_gate_supergpqa_seed838.jsonl,SuperGPQA-hard,rag_thinking_gate,791dcce8a03d4e438922d47882148a8c,3,B,B,B,True,True,B,True,B,True,B,True,True,0
lever_rag_thinking_gate_supergpqa_seed838.jsonl,SuperGPQA-hard,rag_thinking_gate,59964f9268c240609796de021ca97aff,3,C,B,B,False,True,B,False,C,True,B,False,True,0
lever_rag_thinking_gate_supergpqa_seed838.jsonl,SuperGPQA-hard,rag_thinking_gate,a42ce4ef47314d43bdcb8f6e33bae8be,3,C,C,C,True,True,C,True,C,True,C,True,True,0
lever_rag_thinking_gate_supergpqa_seed838.jsonl,SuperGPQA-hard,rag_thinking_gate,75137178e29747f9975dc7624cca3109,3,C,C,C,True,True,C,True,C,True,C,True,True,0
lever_rag_thinking_gate_supergpqa_seed838.jsonl,SuperGPQA-hard,rag_thinking_gate,84644f66158b4fdaaddb6fc86aa19a3b,3,B,B,B,True,True,B,True,B,True,B,True,True,0
lever_rag_thinking_gate_supergpqa_seed838.jsonl,SuperGPQA-hard,rag_thinking_gate,cb587d9fecd8447b9a8c98f3c1b1ff3e,3,C,,,False,True,C,True,C,True,A,False,True,1
lever_rag_thinking_gate_supergpqa_seed838.jsonl,SuperGPQA-hard,rag_thinking_gate,a38723e1b2ea48b9b8d6a723fc64d90d,3,A,B,B,False,True,B,False,B,False,B,False,False,0
lever_rag_thinking_gate_supergpqa_seed838.jsonl,SuperGPQA-hard,rag_thinking_gate,4ec7fd279abe4399b72a91acb406fa9e,3,C,D,D,False,True,D,False,D,False,D,False,False,0
lever_smart_gate_seed123.jsonl,GPQA-Diamond,smart_gate,recNAiPUKOulQbKVP,3,A,D,D,False,True,D,False,D,False,D,False,True,0
lever_smart_gate_seed123.jsonl,GPQA-Diamond,smart_gate,recwW1A85nfyQpReG,3,D,A,A,False,True,A,False,A,False,A,False,True,0
lever_smart_gate_seed123.jsonl,GPQA-Diamond,smart_gate,recjgMJaMxz4ESDF2,3,D,D,D,True,True,D,True,D,True,D,True,True,0
lever_smart_gate_seed123.jsonl,GPQA-Diamond,smart_gate,recRhwQwHijW0gCLo,3,D,D,D,True,True,D,True,D,True,A,False,True,0
lever_smart_gate_seed123.jsonl,GPQA-Diamond,smart_gate,recnjViFrqlZNL3fY,3,C,C,C,True,True,C,True,C,True,C,True,True,1
lever_smart_gate_seed123.jsonl,GPQA-Diamond,smart_gate,recJZ3QEfRKjYw9a7,3,C,D,D,False,True,D,False,C,True,D,False,True,0
lever_smart_gate_seed123.jsonl,GPQA-Diamond,smart_gate,recIDiDKKrN61Auyr,3,D,D,D,True,True,D,True,D,True,D,True,True,0
lever_smart_gate_seed123.jsonl,GPQA-Diamond,smart_gate,recXsuOHRBLcyenF2,3,B,B,B,True,True,B,True,B,True,B,True,True,0
lever_smart_gate_seed123.jsonl,GPQA-Diamond,smart_gate,rec2UlKqC6RFHdcro,3,D,D,D,True,True,D,True,D,True,D,True,True,0
lever_smart_gate_seed123.jsonl,GPQA-Diamond,smart_gate,recb2M22zaD3tL6Qc,3,A,D,D,False,True,D,False,D,False,D,False,False,0
lever_smart_gate_seed123.jsonl,GPQA-Diamond,smart_gate,recBXlqrZUCR897It,3,C,B,B,False,True,B,False,C,True,B,False,True,0
lever_smart_gate_seed123.jsonl,GPQA-Diamond,smart_gate,recDytVnNYZe2HuUU,3,A,B,B,False,True,B,False,B,False,B,False,True,0
lever_smart_gate_seed123.jsonl,GPQA-Diamond,smart_gate,recw4rROcnHKNZhtK,3,B,B,B,True,True,B,True,B,True,B,True,True,1
lever_smart_gate_seed123.jsonl,GPQA-Diamond,smart_gate,recKm6LNWykGapmCr,3,A,B,B,False,True,B,False,B,False,B,False,True,0
lever_smart_gate_seed123.jsonl,GPQA-Diamond,smart_gate,rec5eA17Qr1ucNLUf,3,A,A,A,True,True,A,True,A,True,A,True,True,0
lever_smart_gate_seed123.jsonl,GPQA-Diamond,smart_gate,recdya6FuYraBU5Rh,3,B,B,B,True,True,B,True,B,True,A,False,True,0
lever_smart_gate_seed123.jsonl,GPQA-Diamond,smart_gate,recLSzwBUS3olCjhl,3,D,D,D,True,True,D,True,D,True,D,True,True,0
lever_smart_gate_seed123.jsonl,GPQA-Diamond,smart_gate,recNuT2oSnO86bxOx,3,B,B,B,True,True,B,True,B,True,B,True,True,0
lever_smart_gate_seed123.jsonl,GPQA-Diamond,smart_gate,recD8oX1KevFbl7bL,3,B,B,B,True,True,B,True,B,True,B,True,True,0
lever_smart_gate_seed123.jsonl,GPQA-Diamond,smart_gate,recV1nqYQvpII94oC,3,D,D,D,True,True,D,True,D,True,D,True,True,0
lever_smart_gate_seed123.jsonl,GPQA-Diamond,smart_gate,recyPffUDqC2k7ZZO,3,A,A,A,True,True,A,True,A,True,C,False,True,0
lever_smart_gate_seed123.jsonl,GPQA-Diamond,smart_gate,recIj8lR4tuDgrHou,3,A,A,A,True,True,A,True,A,True,A,True,True,0
lever_smart_gate_seed123.jsonl,GPQA-Diamond,smart_gate,rec9GugrngvsQR99A,3,A,A,A,True,True,A,True,A,True,A,True,True,0
lever_smart_gate_seed123.jsonl,GPQA-Diamond,smart_gate,rec7C06XOB2h298ue,3,B,B,B,True,True,B,True,B,True,B,True,True,0
lever_smart_gate_seed123.jsonl,GPQA-Diamond,smart_gate,recrNbtgTNoabJJi6,3,C,C,C,True,True,C,True,C,True,D,False,True,0
lever_smart_gate_seed123.jsonl,GPQA-Diamond,smart_gate,recPSTGXK3P39yNYT,3,C,C,C,True,True,C,True,C,True,C,True,True,0
lever_smart_gate_seed123.jsonl,GPQA-Diamond,smart_gate,recRgabRzMaEoBRcM,3,B,B,B,True,True,B,True,B,True,B,True,True,0
lever_smart_gate_seed123.jsonl,GPQA-Diamond,smart_gate,recxsX66ktJ1Lwt4f,3,A,A,A,True,True,A,True,A,True,A,True,True,0
lever_smart_gate_seed123.jsonl,GPQA-Diamond,smart_gate,recI1ls9OXdxatHQn,3,B,B,B,True,True,B,True,B,True,B,True,True,0
lever_smart_gate_seed123.jsonl,GPQA-Diamond,smart_gate,recnTTKdBzfuoZ7w7,3,D,A,A,False,True,A,False,A,False,A,False,False,0
lever_smart_gate_seed123.jsonl,GPQA-Diamond,smart_gate,recHVUd2DkoKfedJZ,3,A,A,A,True,True,A,True,A,True,A,True,True,0
lever_smart_gate_seed123.jsonl,GPQA-Diamond,smart_gate,rec4r4KWNLrT7g2kR,3,B,C,C,False,True,C,False,C,False,C,False,True,0
lever_smart_gate_seed123.jsonl,GPQA-Diamond,smart_gate,recyrk6XBVwugG5u8,3,B,B,B,True,True,B,True,B,True,B,True,True,0
lever_smart_gate_seed123.jsonl,GPQA-Diamond,smart_gate,recgM7o1tcc7tP778,3,A,C,C,False,True,C,False,C,False,C,False,False,0
lever_smart_gate_seed123.jsonl,GPQA-Diamond,smart_gate,reca44yABeO2fx7UB,3,B,C,C,False,True,C,False,C,False,C,False,False,0
lever_smart_gate_seed123.jsonl,GPQA-Diamond,smart_gate,recBhnXrUyTJ6WHIR,3,D,C,C,False,True,C,False,B,False,C,False,False,0
lever_smart_gate_seed123.jsonl,GPQA-Diamond,smart_gate,recvlnu8BuLmXZhSX,3,C,C,C,True,True,C,True,C,True,C,True,True,0
lever_smart_gate_seed123.jsonl,GPQA-Diamond,smart_gate,recZWeueB7lSPR6wN,3,B,B,B,True,True,B,True,B,True,B,True,True,0
lever_smart_gate_seed123.jsonl,GPQA-Diamond,smart_gate,recUOePh79cp4T2Bg,3,B,D,D,False,True,D,False,C,False,C,False,False,0
lever_smart_gate_seed123.jsonl,GPQA-Diamond,smart_gate,reck4G4xxv3YnpbtQ,3,B,B,B,True,True,B,True,B,True,B,True,True,0
lever_smart_gate_seed123.jsonl,GPQA-Diamond,smart_gate,rec5rjeLsEq5Fg7Oj,3,A,D,D,False,True,D,False,D,False,D,False,True,0
lever_smart_gate_seed123.jsonl,GPQA-Diamond,smart_gate,rec6sE2CRtD4drtHg,3,D,D,D,True,True,D,True,D,True,D,True,True,0
lever_smart_gate_seed123.jsonl,GPQA-Diamond,smart_gate,recclFbsjbaiVVnnV,3,D,B,B,False,True,B,False,B,False,D,True,True,0
lever_smart_gate_seed123.jsonl,GPQA-Diamond,smart_gate,rec0VuKUjt1SZ7NYv,3,D,D,D,True,True,D,True,D,True,D,True,True,0
lever_smart_gate_seed123.jsonl,GPQA-Diamond,smart_gate,recs3PLPUEMiqg4P8,3,A,B,B,False,True,B,False,B,False,B,False,False,1
lever_smart_gate_seed123.jsonl,GPQA-Diamond,smart_gate,rec1zl5LvaatzGhFt,3,A,A,A,True,True,A,True,A,True,A,True,True,0
lever_smart_gate_seed123.jsonl,GPQA-Diamond,smart_gate,recS48OsU6kVadBPW,3,C,C,C,True,True,C,True,C,True,C,True,True,0
lever_smart_gate_seed123.jsonl,GPQA-Diamond,smart_gate,recINSFEYLCyyd08m,3,B,A,A,False,True,A,False,A,False,A,False,True,0
lever_smart_gate_seed123.jsonl,GPQA-Diamond,smart_gate,recatj4YXzbOaq3Ar,3,D,D,D,True,True,D,True,D,True,D,True,True,0
lever_smart_gate_seed123.jsonl,GPQA-Diamond,smart_gate,recoy9ZLBsc7HIRBy,3,B,B,B,True,True,B,True,A,False,B,True,True,0
lever_smart_gate_seed123.jsonl,GPQA-Diamond,smart_gate,reczUoM8JsxU6pYxr,3,B,B,B,True,True,B,True,B,True,A,False,True,1
lever_smart_gate_seed123.jsonl,GPQA-Diamond,smart_gate,recAYkd96NNuNl1Ei,3,A,B,B,False,True,B,False,B,False,B,False,False,0
lever_smart_gate_seed123.jsonl,GPQA-Diamond,smart_gate,recRTiyaRymerDJ4y,3,D,B,B,False,True,D,True,D,True,B,False,True,0
lever_smart_gate_seed123.jsonl,GPQA-Diamond,smart_gate,recZSGUkn56v9kEp1,3,B,C,C,False,True,C,False,C,False,C,False,True,0
lever_smart_gate_seed123.jsonl,GPQA-Diamond,smart_gate,recl1UtgTVKishAq4,3,A,B,B,False,True,B,False,A,True,B,False,True,0
lever_smart_gate_seed123.jsonl,GPQA-Diamond,smart_gate,recXvQ6gWAmyakrpD,3,C,C,C,True,True,C,True,C,True,C,True,True,0
lever_smart_gate_seed123.jsonl,GPQA-Diamond,smart_gate,recr3VHM4zYf6dMFY,3,D,A,A,False,True,A,False,D,True,A,False,True,0
lever_smart_gate_seed123.jsonl,GPQA-Diamond,smart_gate,recJpyGtGIsxulevT,3,B,B,B,True,True,B,True,B,True,B,True,True,2
lever_smart_gate_seed123.jsonl,GPQA-Diamond,smart_gate,recDj2Y2BbtV02Wv5,3,B,D,D,False,True,D,False,D,False,D,False,False,1
lever_smart_gate_seed123.jsonl,GPQA-Diamond,smart_gate,recReg13iV2HwJTaA,3,D,D,D,True,True,D,True,D,True,D,True,True,0
lever_smart_gate_seed123.jsonl,GPQA-Diamond,smart_gate,recGFKDUd8qgz81Zl,3,A,A,A,True,True,A,True,A,True,D,False,True,0
lever_smart_gate_seed123.jsonl,GPQA-Diamond,smart_gate,recVvpD8miVjmmyfe,3,D,C,C,False,True,C,False,C,False,C,False,True,0
lever_smart_gate_seed123.jsonl,GPQA-Diamond,smart_gate,recvZlMbpPz0yLDle,3,B,B,B,True,True,B,True,B,True,D,False,True,0
lever_smart_gate_seed123.jsonl,GPQA-Diamond,smart_gate,reczjcMtrB1YGS2fO,3,B,C,C,False,True,A,False,A,False,B,True,True,0
lever_smart_gate_seed123.jsonl,GPQA-Diamond,smart_gate,reczzzihL7btBH7RO,3,C,D,D,False,True,D,False,C,True,D,False,True,0
lever_smart_gate_seed123.jsonl,GPQA-Diamond,smart_gate,recZt4x514UQNnsgy,3,B,D,D,False,True,D,False,D,False,D,False,False,0
lever_smart_gate_seed123.jsonl,GPQA-Diamond,smart_gate,recZbxrocrxh9YENH,3,A,B,B,False,True,B,False,B,False,B,False,False,0
lever_smart_gate_seed123.jsonl,GPQA-Diamond,smart_gate,rec4L69T0Y1AS4AFS,3,D,D,D,True,True,D,True,D,True,D,True,True,0
lever_smart_gate_seed123.jsonl,GPQA-Diamond,smart_gate,recFaL6j8UMhutXrc,3,C,C,C,True,True,C,True,C,True,C,True,True,0
lever_smart_gate_seed123.jsonl,GPQA-Diamond,smart_gate,recWzUUYBN0NuXO2k,3,B,B,B,True,True,B,True,B,True,B,True,True,0
lever_smart_gate_seed123.jsonl,GPQA-Diamond,smart_gate,recnawZPumSCLMVgp,3,D,C,C,False,True,C,False,D,True,D,True,True,0
lever_smart_gate_seed123.jsonl,GPQA-Diamond,smart_gate,recPL4ZPpVYxgMu57,3,D,D,D,True,True,D,True,B,False,B,False,True,0
lever_smart_gate_seed123.jsonl,GPQA-Diamond,smart_gate,recyl3usDqb7ruXJx,3,B,B,B,True,True,B,True,B,True,B,True,True,0
lever_smart_gate_seed123.jsonl,GPQA-Diamond,smart_gate,reck1zKeCssmN82Ga,3,C,C,C,True,True,C,True,C,True,C,True,True,0
lever_smart_gate_seed123.jsonl,GPQA-Diamond,smart_gate,rectlyG9pCAAuWhoB,3,B,A,A,False,True,A,False,A,False,C,False,False,0
lever_smart_gate_seed123.jsonl,GPQA-Diamond,smart_gate,recLrRirj7iXoB0rU,3,D,D,D,True,True,D,True,D,True,D,True,True,0
lever_smart_gate_seed123.jsonl,GPQA-Diamond,smart_gate,rechtUKxC6G67H7Pr,3,B,B,B,True,True,B,True,B,True,B,True,True,0
lever_smart_gate_seed123.jsonl,GPQA-Diamond,smart_gate,recRZjaElf8ft7xTq,3,C,B,B,False,True,B,False,B,False,B,False,True,0
lever_smart_gate_seed123.jsonl,GPQA-Diamond,smart_gate,recypVp2NmPlBKVTp,3,B,B,B,True,True,B,True,B,True,B,True,True,0
lever_smart_gate_seed123.jsonl,GPQA-Diamond,smart_gate,recLAgwx9vbgB5EHk,3,D,D,D,True,True,D,True,D,True,D,True,True,0
lever_smart_gate_seed123.jsonl,GPQA-Diamond,smart_gate,rec32C1ZEapBnCC0E,3,C,D,D,False,True,D,False,C,True,D,False,True,0
lever_smart_gate_seed123.jsonl,GPQA-Diamond,smart_gate,reckYqR92oJkqJXkE,3,D,B,B,False,True,B,False,B,False,B,False,True,0
lever_smart_gate_seed123.jsonl,GPQA-Diamond,smart_gate,recINGR1z01Fh1Z3A,3,C,C,C,True,True,C,True,C,True,C,True,True,0
lever_smart_gate_seed123.jsonl,GPQA-Diamond,smart_gate,recYCMJWH7IpcdqwE,3,B,B,B,True,True,B,True,B,True,B,True,True,0
lever_smart_gate_seed123.jsonl,GPQA-Diamond,smart_gate,recihePFulRgNKsIn,3,D,C,C,False,True,C,False,C,False,C,False,False,0
lever_smart_gate_seed123.jsonl,GPQA-Diamond,smart_gate,recn3NhOhqAPLda16,3,A,A,A,True,True,A,True,A,True,D,False,True,1
lever_smart_gate_seed123.jsonl,GPQA-Diamond,smart_gate,recZ13cwgDQf9jRd9,3,C,C,C,True,True,C,True,A,False,C,True,True,0
lever_smart_gate_seed123.jsonl,GPQA-Diamond,smart_gate,rec1oj2DveQWl9Rpw,3,D,B,B,False,True,B,False,B,False,D,True,True,0
lever_smart_gate_seed123.jsonl,GPQA-Diamond,smart_gate,recb80OwMgNnceA9t,3,C,C,C,True,True,C,True,A,False,A,False,True,0
lever_subject_seed7.jsonl,GPQA-Diamond,subject,recoiTJPGUmzAkief,3,A,A,A,True,True,A,True,A,True,A,True,True,0
lever_subject_seed7.jsonl,GPQA-Diamond,subject,recz3MfYHPRhsEQkW,3,D,D,D,True,True,D,True,D,True,D,True,True,0
lever_subject_seed7.jsonl,GPQA-Diamond,subject,recrHBEJJoDTV05JR,3,A,D,D,False,True,D,False,D,False,D,False,True,0
lever_subject_seed7.jsonl,GPQA-Diamond,subject,rec527dNeEtWJrYNl,3,A,A,A,True,True,A,True,A,True,A,True,True,0
lever_subject_seed7.jsonl,GPQA-Diamond,subject,recooG6bivTUJpDBz,3,D,A,A,False,True,A,False,A,False,A,False,False,0
lever_subject_seed7.jsonl,GPQA-Diamond,subject,recYt8xx80OTyDsL0,3,C,C,C,True,True,C,True,C,True,C,True,True,0
lever_subject_seed7.jsonl,GPQA-Diamond,subject,rec0yTRmO1o1xCA6H,3,B,D,D,False,True,D,False,D,False,D,False,False,0
lever_subject_seed7.jsonl,GPQA-Diamond,subject,recmwwQJnx7ll7bqL,3,D,D,D,True,True,D,True,D,True,D,True,True,0
lever_subject_seed7.jsonl,GPQA-Diamond,subject,rec2UlKqC6RFHdcro,3,B,B,B,True,True,B,True,B,True,B,True,True,0
lever_subject_seed7.jsonl,GPQA-Diamond,subject,recD8oX1KevFbl7bL,3,B,B,B,True,True,B,True,B,True,B,True,True,0
lever_subject_seed7.jsonl,GPQA-Diamond,subject,reczUoM8JsxU6pYxr,3,A,A,A,True,True,A,True,A,True,A,True,True,1
lever_subject_seed7.jsonl,GPQA-Diamond,subject,recFaL6j8UMhutXrc,3,B,A,A,False,True,A,False,A,False,A,False,False,0
lever_subject_seed7.jsonl,GPQA-Diamond,subject,recOvqPKUtyy9ISA1,3,D,C,C,False,True,C,False,C,False,C,False,False,0
lever_subject_seed7.jsonl,GPQA-Diamond,subject,recYOzCsevNz61Lyn,3,C,C,C,True,True,C,True,C,True,C,True,True,0
lever_subject_seed7.jsonl,GPQA-Diamond,subject,recEmTBhx2hgw6tPQ,3,B,B,B,True,True,B,True,B,True,B,True,True,1
lever_subject_seed7.jsonl,GPQA-Diamond,subject,recBXlqrZUCR897It,3,B,A,A,False,True,A,False,D,False,A,False,False,0
lever_subject_seed7.jsonl,GPQA-Diamond,subject,rec47oNPXudlTIk4y,3,B,D,D,False,True,D,False,A,False,D,False,False,0
lever_subject_seed7.jsonl,GPQA-Diamond,subject,recVvpD8miVjmmyfe,3,C,C,C,True,True,C,True,C,True,C,True,True,0
lever_subject_seed7.jsonl,GPQA-Diamond,subject,recIMcQfaQNa6vzsT,3,C,C,C,True,True,C,True,C,True,C,True,True,0
lever_subject_seed7.jsonl,GPQA-Diamond,subject,recDDxpS9s8cwkqfq,3,C,D,D,False,True,D,False,D,False,D,False,False,0
lever_subject_seed7.jsonl,GPQA-Diamond,subject,reccVBrYdwsB84fGy,3,D,D,D,True,True,D,True,D,True,D,True,True,0
lever_subject_seed7.jsonl,GPQA-Diamond,subject,rec0Arme2jcXQZnAW,3,A,B,B,False,True,B,False,B,False,B,False,True,0
lever_subject_seed7.jsonl,GPQA-Diamond,subject,recS48OsU6kVadBPW,3,B,B,B,True,True,B,True,B,True,B,True,True,0
lever_subject_seed7.jsonl,GPQA-Diamond,subject,recPzW1WqRnPs57D6,3,A,A,A,True,True,A,True,A,True,A,True,True,0
lever_subject_seed7.jsonl,GPQA-Diamond,subject,rec1zl5LvaatzGhFt,3,D,D,D,True,True,D,True,D,True,D,True,True,0
lever_subject_seed7.jsonl,GPQA-Diamond,subject,recPSTGXK3P39yNYT,3,B,B,B,True,True,B,True,B,True,B,True,True,0
lever_subject_seed7.jsonl,GPQA-Diamond,subject,reck4G4xxv3YnpbtQ,3,C,B,B,False,True,B,False,B,False,B,False,False,0
lever_subject_seed7.jsonl,GPQA-Diamond,subject,recpki12iG9RUGrz9,3,C,C,C,True,True,C,True,C,True,D,False,True,0
lever_subject_seed7.jsonl,GPQA-Diamond,subject,recyl3usDqb7ruXJx,3,B,B,B,True,True,B,True,B,True,B,True,True,0
lever_subject_seed7.jsonl,GPQA-Diamond,subject,recihePFulRgNKsIn,3,C,D,D,False,True,D,False,D,False,D,False,False,1
lever_subject_seed7.jsonl,GPQA-Diamond,subject,recRhwQwHijW0gCLo,3,B,B,B,True,True,B,True,B,True,C,False,True,0
lever_subject_seed7.jsonl,GPQA-Diamond,subject,recWxGU8Q4YReJ1tb,3,D,A,A,False,True,A,False,A,False,D,True,True,0
lever_subject_seed7.jsonl,GPQA-Diamond,subject,recdya6FuYraBU5Rh,3,A,D,D,False,True,A,True,A,True,D,False,True,0
lever_subject_seed7.jsonl,GPQA-Diamond,subject,recf6ayQmL1SxKbvW,3,D,B,B,False,True,B,False,B,False,B,False,False,0
lever_subject_seed7.jsonl,GPQA-Diamond,subject,recwW1A85nfyQpReG,3,C,D,D,False,True,D,False,D,False,D,False,True,0
lever_subject_seed7.jsonl,GPQA-Diamond,subject,recXsYa3i2UhGF5fe,3,B,B,B,True,True,B,True,D,False,B,True,True,1
lever_subject_seed7.jsonl,GPQA-Diamond,subject,recRTiyaRymerDJ4y,3,B,B,B,True,True,B,True,B,True,C,False,True,0
lever_subject_seed7.jsonl,GPQA-Diamond,subject,rec06pnAkLOr2t2mp,3,A,A,A,True,True,A,True,A,True,A,True,True,0
lever_subject_seed7.jsonl,GPQA-Diamond,subject,recQ8oxSY2aCwFRS8,3,C,C,C,True,True,C,True,C,True,C,True,True,0
lever_subject_seed7.jsonl,GPQA-Diamond,subject,recb80OwMgNnceA9t,3,D,D,D,True,True,D,True,D,True,D,True,True,0
lever_subject_seed7.jsonl,GPQA-Diamond,subject,recHVUd2DkoKfedJZ,3,C,C,C,True,True,C,True,C,True,C,True,True,0
lever_subject_seed7.jsonl,GPQA-Diamond,subject,recAYkd96NNuNl1Ei,3,B,D,D,False,True,D,False,D,False,D,False,False,0
lever_subject_seed7.jsonl,GPQA-Diamond,subject,recINSFEYLCyyd08m,3,A,A,A,True,True,A,True,A,True,A,True,True,0
lever_subject_seed7.jsonl,GPQA-Diamond,subject,recJZ3QEfRKjYw9a7,3,D,C,C,False,True,C,False,C,False,A,False,False,0
lever_subject_seed7.jsonl,GPQA-Diamond,subject,reca44yABeO2fx7UB,3,D,D,D,True,True,D,True,D,True,B,False,True,0
lever_subject_seed7.jsonl,GPQA-Diamond,subject,rechKl68Uc6H7vU0N,3,B,A,A,False,True,A,False,A,False,A,False,True,0
lever_subject_seed7.jsonl,GPQA-Diamond,subject,recRZjaElf8ft7xTq,3,D,D,D,True,True,D,True,D,True,D,True,True,0
lever_subject_seed7.jsonl,GPQA-Diamond,subject,recb4cGsC6BJUCU3V,3,D,C,C,False,True,C,False,C,False,C,False,False,0
lever_subject_seed7.jsonl,GPQA-Diamond,subject,recclFbsjbaiVVnnV,3,D,B,B,False,True,B,False,B,False,B,False,True,0
lever_subject_seed7.jsonl,GPQA-Diamond,subject,recvlnu8BuLmXZhSX,3,B,B,B,True,True,B,True,B,True,D,False,True,0
lever_subject_seed7.jsonl,GPQA-Diamond,subject,recYCMJWH7IpcdqwE,3,D,D,D,True,True,D,True,D,True,D,True,True,0
lever_subject_seed7.jsonl,GPQA-Diamond,subject,recxsX66ktJ1Lwt4f,3,A,A,A,True,True,A,True,A,True,A,True,True,0
lever_subject_seed7.jsonl,GPQA-Diamond,subject,recMicVBcqy1xM1jq,3,B,D,D,False,True,D,False,D,False,D,False,False,0
lever_subject_seed7.jsonl,GPQA-Diamond,subject,recUc29lMDBEvurYo,3,A,D,D,False,True,B,False,B,False,D,False,True,0
lever_subject_seed7.jsonl,GPQA-Diamond,subject,recLrRirj7iXoB0rU,3,C,C,C,True,True,C,True,C,True,C,True,True,0
lever_subject_seed7.jsonl,GPQA-Diamond,subject,recReg13iV2HwJTaA,3,B,B,B,True,True,B,True,B,True,B,True,True,0
lever_subject_seed7.jsonl,GPQA-Diamond,subject,rectlyG9pCAAuWhoB,3,C,A,A,False,True,A,False,A,False,A,False,False,0
lever_subject_seed7.jsonl,GPQA-Diamond,subject,rec32C1ZEapBnCC0E,3,D,D,D,True,True,D,True,D,True,C,False,True,0
lever_subject_seed7.jsonl,GPQA-Diamond,subject,recVE8cUNHpHZIAvL,3,B,B,B,True,True,B,True,B,True,B,True,True,0
lever_subject_seed7.jsonl,GPQA-Diamond,subject,recZWeueB7lSPR6wN,3,B,B,B,True,True,B,True,B,True,B,True,True,0
lever_subject_seed7.jsonl,GPQA-Diamond,subject,recKv4hFyNpViUXnL,3,B,B,B,True,True,B,True,B,True,B,True,True,0
lever_subject_seed7.jsonl,GPQA-Diamond,subject,recZbxrocrxh9YENH,3,A,B,B,False,True,B,False,B,False,B,False,False,0
lever_subject_seed7.jsonl,GPQA-Diamond,subject,recXvQ6gWAmyakrpD,3,C,C,C,True,True,C,True,C,True,C,True,True,0
lever_subject_seed7.jsonl,GPQA-Diamond,subject,recGFKDUd8qgz81Zl,3,C,C,C,True,True,C,True,C,True,B,False,True,0
lever_subject_seed7.jsonl,GPQA-Diamond,subject,rec4L69T0Y1AS4AFS,3,A,A,A,True,True,A,True,A,True,A,True,True,0
lever_subject_seed7.jsonl,GPQA-Diamond,subject,recjJ54TXc04enRkZ,3,C,C,C,True,True,C,True,C,True,A,False,True,1
lever_subject_seed7.jsonl,GPQA-Diamond,subject,recKm6LNWykGapmCr,3,B,A,A,False,True,A,False,A,False,A,False,False,0
lever_subject_seed7.jsonl,GPQA-Diamond,subject,recLB0EkQ54bYVhnd,3,A,B,B,False,True,B,False,B,False,B,False,False,0
lever_subject_seed7.jsonl,GPQA-Diamond,subject,recUBgVlkKzcRPDdK,3,D,B,B,False,True,B,False,B,False,B,False,False,0
lever_subject_seed7.jsonl,GPQA-Diamond,subject,recXsuOHRBLcyenF2,3,D,D,D,True,True,D,True,D,True,D,True,True,0
lever_subject_seed7.jsonl,GPQA-Diamond,subject,recQiWOxhkXRz9NVE,3,D,D,D,True,True,D,True,D,True,D,True,True,0
lever_subject_seed7.jsonl,GPQA-Diamond,subject,recCJJOeBGERaHYax,3,C,C,C,True,True,C,True,C,True,D,False,True,0
lever_subject_seed7.jsonl,GPQA-Diamond,subject,recl1UtgTVKishAq4,3,A,B,B,False,True,B,False,A,True,B,False,True,0
lever_subject_seed7.jsonl,GPQA-Diamond,subject,recb2M22zaD3tL6Qc,3,B,C,C,False,True,C,False,C,False,C,False,False,0
lever_subject_seed7.jsonl,GPQA-Diamond,subject,recxTy0x7M6T9ikc0,3,D,D,D,True,True,D,True,D,True,D,True,True,0
lever_subject_seed7.jsonl,GPQA-Diamond,subject,recqFDvYKKRmbnoUb,3,D,D,D,True,True,D,True,D,True,D,True,True,0
lever_subject_seed7.jsonl,GPQA-Diamond,subject,receYQxnUBvxPcvbQ,3,C,C,C,True,True,C,True,C,True,B,False,True,0
lever_subject_seed7.jsonl,GPQA-Diamond,subject,rec0wZvZgiz320KRs,3,C,C,C,True,True,C,True,C,True,C,True,True,0
lever_subject_seed7.jsonl,GPQA-Diamond,subject,recNu3MXkvWUzHZr9,3,C,D,D,False,True,D,False,D,False,D,False,False,0
lever_subject_seed7.jsonl,GPQA-Diamond,subject,recKcjTwONILZqHAX,3,C,C,C,True,True,C,True,C,True,C,True,True,0
lever_subject_seed7.jsonl,GPQA-Diamond,subject,reccOKzFNmyqeJ6ry,3,D,D,D,True,True,D,True,D,True,D,True,True,0
lever_subject_seed7.jsonl,GPQA-Diamond,subject,recmkvk6EFAmqyMxR,3,D,B,B,False,True,B,False,B,False,B,False,False,0
lever_subject_seed7.jsonl,GPQA-Diamond,subject,recfTlTMjZBuOducT,3,A,A,A,True,True,A,True,A,True,B,False,True,0
lever_subject_seed7.jsonl,GPQA-Diamond,subject,reczkBiPPNrNN49Hp,3,D,D,D,True,True,D,True,D,True,D,True,True,0
lever_subject_seed7.jsonl,GPQA-Diamond,subject,recmI7EiLv72PxmYK,3,B,B,B,True,True,B,True,B,True,D,False,True,0
lever_subject_seed7.jsonl,GPQA-Diamond,subject,recIDiDKKrN61Auyr,3,A,A,A,True,True,A,True,A,True,A,True,True,0
lever_subject_seed7.jsonl,GPQA-Diamond,subject,rec2ZTsqazBZ3LTWZ,3,A,A,A,True,True,A,True,A,True,A,True,True,0
lever_subject_seed7.jsonl,GPQA-Diamond,subject,recIlghoOw5VbY4Zh,3,B,B,B,True,True,B,True,B,True,C,False,True,0
lever_subject_seed7.jsonl,GPQA-Diamond,subject,receo3UUzRvWCqyfA,3,D,D,D,True,True,D,True,D,True,D,True,True,0
lever_thinking_all_seed42.jsonl,GPQA-Diamond,thinking_all,rec0wZvZgiz320KRs,3,B,B,B,True,True,B,True,B,True,B,True,True,0
lever_thinking_all_seed42.jsonl,GPQA-Diamond,thinking_all,recINSFEYLCyyd08m,3,A,A,A,True,True,A,True,A,True,A,True,True,0
lever_thinking_all_seed42.jsonl,GPQA-Diamond,thinking_all,recypVp2NmPlBKVTp,3,A,A,A,True,True,A,True,A,True,A,True,True,0
lever_thinking_all_seed42.jsonl,GPQA-Diamond,thinking_all,rechKl68Uc6H7vU0N,3,A,A,A,True,True,A,True,A,True,A,True,True,0
lever_thinking_all_seed42.jsonl,GPQA-Diamond,thinking_all,recnawZPumSCLMVgp,3,A,A,A,True,True,A,True,A,True,A,True,True,0
lever_thinking_all_seed42.jsonl,GPQA-Diamond,thinking_all,rec527dNeEtWJrYNl,3,B,B,B,True,True,B,True,B,True,B,True,True,0
lever_thinking_all_seed42.jsonl,GPQA-Diamond,thinking_all,rec4r4KWNLrT7g2kR,3,D,A,A,False,True,A,False,A,False,D,True,True,0
lever_thinking_all_seed42.jsonl,GPQA-Diamond,thinking_all,recnTTKdBzfuoZ7w7,3,D,B,B,False,True,B,False,B,False,B,False,False,0
lever_thinking_all_seed42.jsonl,GPQA-Diamond,thinking_all,rec0yTRmO1o1xCA6H,3,C,C,C,True,True,C,True,C,True,C,True,True,0
lever_thinking_all_seed42.jsonl,GPQA-Diamond,thinking_all,recb80OwMgNnceA9t,3,A,A,A,True,True,A,True,A,True,A,True,True,0
lever_thinking_all_seed42.jsonl,GPQA-Diamond,thinking_all,recDj2Y2BbtV02Wv5,3,B,D,D,False,True,D,False,D,False,D,False,False,0
lever_thinking_all_seed42.jsonl,GPQA-Diamond,thinking_all,rec6sE2CRtD4drtHg,3,C,C,C,True,True,C,True,C,True,C,True,True,0
lever_thinking_all_seed42.jsonl,GPQA-Diamond,thinking_all,recE2ihVfqEK4R9d0,3,C,C,C,True,True,C,True,C,True,C,True,True,0
lever_thinking_all_seed42.jsonl,GPQA-Diamond,thinking_all,rec5rjeLsEq5Fg7Oj,3,D,D,D,True,True,D,True,C,False,C,False,True,0
lever_thinking_all_seed42.jsonl,GPQA-Diamond,thinking_all,reczjcMtrB1YGS2fO,3,A,A,A,True,True,A,True,A,True,A,True,True,0
lever_thinking_all_seed42.jsonl,GPQA-Diamond,thinking_all,recQiWOxhkXRz9NVE,3,C,B,B,False,True,B,False,A,False,A,False,False,0
lever_thinking_all_seed42.jsonl,GPQA-Diamond,thinking_all,recpki12iG9RUGrz9,3,D,D,D,True,True,D,True,D,True,D,True,True,0
lever_thinking_all_seed42.jsonl,GPQA-Diamond,thinking_all,recVvpD8miVjmmyfe,3,D,C,C,False,True,C,False,C,False,D,True,True,0
lever_thinking_all_seed42.jsonl,GPQA-Diamond,thinking_all,recIj8lR4tuDgrHou,3,C,C,C,True,True,C,True,C,True,C,True,True,0
lever_thinking_all_seed42.jsonl,GPQA-Diamond,thinking_all,recGFNRVl1qBZGwyU,3,B,B,B,True,True,B,True,B,True,B,True,True,0
lever_thinking_all_seed42.jsonl,GPQA-Diamond,thinking_all,rec260hNUCEj109Dj,3,C,C,C,True,True,C,True,C,True,C,True,True,0
lever_thinking_all_seed42.jsonl,GPQA-Diamond,thinking_all,recXvQ6gWAmyakrpD,3,B,B,B,True,True,B,True,B,True,B,True,True,0
lever_thinking_all_seed42.jsonl,GPQA-Diamond,thinking_all,recWPMm91mGDLXONm,3,D,D,D,True,True,D,True,D,True,D,True,True,0
lever_thinking_all_seed42.jsonl,GPQA-Diamond,thinking_all,recSBcGLPatKb3Ygu,3,D,D,D,True,True,D,True,D,True,D,True,True,0
lever_thinking_all_seed42.jsonl,GPQA-Diamond,thinking_all,recLAgwx9vbgB5EHk,3,B,B,B,True,True,B,True,B,True,B,True,True,0
lever_thinking_all_seed42.jsonl,GPQA-Diamond,thinking_all,recHVUd2DkoKfedJZ,3,A,A,A,True,True,A,True,A,True,A,True,True,0
lever_thinking_all_seed42.jsonl,GPQA-Diamond,thinking_all,recmI7EiLv72PxmYK,3,B,B,B,True,True,B,True,B,True,B,True,True,0
lever_thinking_all_seed42.jsonl,GPQA-Diamond,thinking_all,recOvqPKUtyy9ISA1,3,D,D,D,True,True,D,True,D,True,D,True,True,0
lever_thinking_all_seed42.jsonl,GPQA-Diamond,thinking_all,recVEXvhYxAhELVqB,3,A,A,A,True,True,A,True,A,True,A,True,True,0
lever_thinking_all_seed42.jsonl,GPQA-Diamond,thinking_all,recnGEpF1srQpaqWq,3,B,B,B,True,True,B,True,B,True,B,True,True,0
lever_thinking_all_seed42.jsonl,GPQA-Diamond,thinking_all,reczzzihL7btBH7RO,3,A,C,C,False,True,C,False,C,False,C,False,False,0
lever_thinking_all_seed42.jsonl,GPQA-Diamond,thinking_all,recPSTGXK3P39yNYT,3,C,C,C,True,True,C,True,C,True,C,True,True,0
lever_thinking_all_seed42.jsonl,GPQA-Diamond,thinking_all,recatj4YXzbOaq3Ar,3,C,C,C,True,True,C,True,C,True,C,True,True,0
lever_thinking_all_seed42.jsonl,GPQA-Diamond,thinking_all,recIlghoOw5VbY4Zh,3,C,C,C,True,True,C,True,C,True,C,True,True,0
lever_thinking_all_seed42.jsonl,GPQA-Diamond,thinking_all,recEmTBhx2hgw6tPQ,3,B,B,B,True,True,B,True,B,True,B,True,True,0
lever_thinking_all_seed42.jsonl,GPQA-Diamond,thinking_all,recwW1A85nfyQpReG,3,C,C,C,True,True,C,True,C,True,C,True,True,0
lever_thinking_all_seed42.jsonl,GPQA-Diamond,thinking_all,rec4L69T0Y1AS4AFS,3,B,B,B,True,True,B,True,B,True,B,True,True,0
lever_thinking_all_seed42.jsonl,GPQA-Diamond,thinking_all,recMicVBcqy1xM1jq,3,B,D,D,False,True,D,False,D,False,D,False,False,0
lever_thinking_all_seed42.jsonl,GPQA-Diamond,thinking_all,recNuT2oSnO86bxOx,3,D,D,D,True,True,D,True,D,True,D,True,True,0
lever_thinking_all_seed42.jsonl,GPQA-Diamond,thinking_all,recL9MFV5zmdlle5T,3,D,D,D,True,True,D,True,D,True,D,True,True,0
lever_thinking_all_seed42.jsonl,GPQA-Diamond,thinking_all,recJZ3QEfRKjYw9a7,3,A,A,A,True,True,A,True,A,True,A,True,True,0
lever_thinking_all_seed42.jsonl,GPQA-Diamond,thinking_all,recooG6bivTUJpDBz,3,A,A,A,True,True,A,True,A,True,A,True,True,0
lever_thinking_all_seed42.jsonl,GPQA-Diamond,thinking_all,recdya6FuYraBU5Rh,3,B,B,B,True,True,B,True,B,True,B,True,True,0
lever_thinking_all_seed42.jsonl,GPQA-Diamond,thinking_all,recwlwlcPvXVNPmvl,3,D,D,D,True,True,D,True,D,True,D,True,True,0
lever_thinking_all_seed42.jsonl,GPQA-Diamond,thinking_all,recGee5m84dg5FZkc,3,C,B,B,False,True,B,False,B,False,B,False,True,0
lever_thinking_all_seed42.jsonl,GPQA-Diamond,thinking_all,recaXdGn3FAIkxLGM,3,D,D,D,True,True,D,True,D,True,D,True,True,0
lever_thinking_all_seed42.jsonl,GPQA-Diamond,thinking_all,rectXfsCM1dj4Kv2c,3,C,C,C,True,True,C,True,C,True,C,True,True,0
lever_thinking_all_seed42.jsonl,GPQA-Diamond,thinking_all,reccOKzFNmyqeJ6ry,3,D,D,D,True,True,D,True,D,True,D,True,True,0
lever_thinking_all_seed42.jsonl,GPQA-Diamond,thinking_all,rec06pnAkLOr2t2mp,3,B,B,B,True,True,B,True,B,True,B,True,True,0
lever_thinking_all_seed42.jsonl,GPQA-Diamond,thinking_all,reckEnrOPFT9Ru7tW,3,B,B,B,True,True,B,True,B,True,B,True,True,0
lever_thinking_all_seed42.jsonl,GPQA-Diamond,thinking_all,rec7C06XOB2h298ue,3,D,D,D,True,True,D,True,D,True,D,True,True,0
lever_thinking_all_seed42.jsonl,GPQA-Diamond,thinking_all,recO3hvCWRGiG0odN,3,B,B,B,True,True,B,True,B,True,B,True,True,0
lever_thinking_all_seed42.jsonl,GPQA-Diamond,thinking_all,recs3PLPUEMiqg4P8,3,C,D,D,False,True,D,False,D,False,D,False,True,0
lever_thinking_all_seed42.jsonl,GPQA-Diamond,thinking_all,rechgQucGlrnt8KRV,3,B,B,B,True,True,B,True,B,True,B,True,True,0
lever_thinking_all_seed42.jsonl,GPQA-Diamond,thinking_all,recoiTJPGUmzAkief,3,D,D,D,True,True,D,True,D,True,D,True,True,0
lever_thinking_all_seed42.jsonl,GPQA-Diamond,thinking_all,reccVFW11Elovnf8T,3,C,B,B,False,True,B,False,B,False,B,False,False,0
lever_thinking_all_seed42.jsonl,GPQA-Diamond,thinking_all,reck4G4xxv3YnpbtQ,3,B,A,A,False,True,D,False,D,False,C,False,False,0
lever_thinking_all_seed42.jsonl,GPQA-Diamond,thinking_all,recRZjaElf8ft7xTq,3,C,C,C,True,True,C,True,C,True,C,True,True,0
lever_thinking_all_seed42.jsonl,GPQA-Diamond,thinking_all,recI1ls9OXdxatHQn,3,A,A,A,True,True,A,True,A,True,A,True,True,0
lever_thinking_all_seed42.jsonl,GPQA-Diamond,thinking_all,recmkvk6EFAmqyMxR,3,B,B,B,True,True,B,True,B,True,B,True,True,0
lever_thinking_all_seed42.jsonl,GPQA-Diamond,thinking_all,recIOlKBsOeEcgkA1,3,D,D,D,True,True,D,True,D,True,D,True,True,0
lever_thinking_all_seed42.jsonl,GPQA-Diamond,thinking_all,rechtUKxC6G67H7Pr,3,C,C,C,True,True,C,True,C,True,C,True,True,0
lever_thinking_all_seed42.jsonl,GPQA-Diamond,thinking_all,rec8y3ZrBOcLgNEkE,3,B,B,B,True,True,B,True,B,True,B,True,True,0
lever_thinking_all_seed42.jsonl,GPQA-Diamond,thinking_all,rec5eA17Qr1ucNLUf,3,C,C,C,True,True,C,True,C,True,C,True,True,0
lever_thinking_all_seed42.jsonl,GPQA-Diamond,thinking_all,reczUoM8JsxU6pYxr,3,D,D,D,True,True,D,True,D,True,D,True,True,0
lever_thinking_all_seed42.jsonl,GPQA-Diamond,thinking_all,recPIzpnuYpB4yvmp,3,D,D,D,True,True,D,True,D,True,D,True,True,0
lever_thinking_all_seed42.jsonl,GPQA-Diamond,thinking_all,recINGR1z01Fh1Z3A,3,C,C,C,True,True,C,True,C,True,C,True,True,0
lever_thinking_all_seed42.jsonl,GPQA-Diamond,thinking_all,recPL4ZPpVYxgMu57,3,A,A,A,True,True,A,True,A,True,A,True,True,0
lever_thinking_all_seed42.jsonl,GPQA-Diamond,thinking_all,receYQxnUBvxPcvbQ,3,B,B,B,True,True,B,True,B,True,B,True,True,0
lever_thinking_all_seed42.jsonl,GPQA-Diamond,thinking_all,recclFbsjbaiVVnnV,3,C,A,A,False,True,A,False,A,False,C,True,True,0
lever_thinking_all_seed42.jsonl,GPQA-Diamond,thinking_all,reczkBiPPNrNN49Hp,3,B,B,B,True,True,B,True,B,True,B,True,True,0
lever_thinking_all_seed42.jsonl,GPQA-Diamond,thinking_all,receo3UUzRvWCqyfA,3,C,C,C,True,True,C,True,C,True,C,True,True,0
lever_thinking_all_seed42.jsonl,GPQA-Diamond,thinking_all,recJJcOHhFeSaRpl4,3,C,C,C,True,True,C,True,C,True,C,True,True,0
lever_thinking_all_seed42.jsonl,GPQA-Diamond,thinking_all,recuYEkVjdVUwA3c0,3,C,C,C,True,True,C,True,C,True,C,True,True,0
lever_thinking_all_seed42.jsonl,GPQA-Diamond,thinking_all,recv7GsQg3f0fvB1f,3,A,A,A,True,True,A,True,A,True,A,True,True,0
lever_thinking_all_seed42.jsonl,GPQA-Diamond,thinking_all,recUOePh79cp4T2Bg,3,B,C,C,False,True,C,False,C,False,C,False,False,0
lever_thinking_all_seed42.jsonl,GPQA-Diamond,thinking_all,recLSzwBUS3olCjhl,3,C,C,C,True,True,C,True,C,True,C,True,True,0
lever_thinking_all_seed42.jsonl,GPQA-Diamond,thinking_all,recn3NhOhqAPLda16,3,D,D,D,True,True,D,True,D,True,D,True,True,0
lever_thinking_all_seed42.jsonl,GPQA-Diamond,thinking_all,recf6ayQmL1SxKbvW,3,D,A,A,False,True,A,False,A,False,A,False,False,0
lever_thinking_all_seed42.jsonl,GPQA-Diamond,thinking_all,recrNbtgTNoabJJi6,3,D,D,D,True,True,D,True,D,True,D,True,True,0
lever_thinking_all_seed42.jsonl,GPQA-Diamond,thinking_all,recihePFulRgNKsIn,3,A,C,C,False,True,C,False,C,False,C,False,False,0
lever_thinking_all_seed42.jsonl,GPQA-Diamond,thinking_all,recFaL6j8UMhutXrc,3,A,A,A,True,True,A,True,A,True,A,True,True,0
lever_thinking_all_seed42.jsonl,GPQA-Diamond,thinking_all,recr3VHM4zYf6dMFY,3,B,D,D,False,True,D,False,A,False,D,False,False,0
lever_thinking_all_seed42.jsonl,GPQA-Diamond,thinking_all,rec8nshandHARTkrg,3,B,B,B,True,True,B,True,B,True,B,True,True,0
lever_thinking_all_seed42.jsonl,GPQA-Diamond,thinking_all,recjJ54TXc04enRkZ,3,A,A,A,True,True,A,True,A,True,A,True,True,0
lever_thinking_all_seed42.jsonl,GPQA-Diamond,thinking_all,recfTlTMjZBuOducT,3,D,D,D,True,True,D,True,D,True,D,True,True,0
lever_thinking_all_seed42.jsonl,GPQA-Diamond,thinking_all,recXsuOHRBLcyenF2,3,A,A,A,True,True,A,True,A,True,A,True,True,0
lever_thinking_all_seed42.jsonl,GPQA-Diamond,thinking_all,recOkA2zsy4GSMD9R,3,B,B,B,True,True,B,True,B,True,B,True,True,0
lever_thinking_all_seed42.jsonl,GPQA-Diamond,thinking_all,reckl6PkaEMWM50yZ,3,C,C,C,True,True,C,True,C,True,C,True,True,0
lever_thinking_all_seed42.jsonl,GPQA-Diamond,thinking_all,recBhnXrUyTJ6WHIR,3,D,D,D,True,True,D,True,D,True,B,False,True,0
lever_thinking_all_seed7.jsonl,GPQA-Diamond,thinking_all,recz3MfYHPRhsEQkW,3,D,D,D,True,True,D,True,D,True,D,True,True,0
lever_thinking_all_seed7.jsonl,GPQA-Diamond,thinking_all,recoiTJPGUmzAkief,3,A,A,A,True,True,A,True,A,True,A,True,True,0
lever_thinking_all_seed7.jsonl,GPQA-Diamond,thinking_all,recOvqPKUtyy9ISA1,3,D,D,D,True,True,D,True,D,True,D,True,True,0
lever_thinking_all_seed7.jsonl,GPQA-Diamond,thinking_all,recrHBEJJoDTV05JR,3,A,A,A,True,True,A,True,A,True,A,True,True,0
lever_thinking_all_seed7.jsonl,GPQA-Diamond,thinking_all,rec527dNeEtWJrYNl,3,A,A,A,True,True,A,True,A,True,A,True,True,0
lever_thinking_all_seed7.jsonl,GPQA-Diamond,thinking_all,recFaL6j8UMhutXrc,3,B,B,B,True,True,B,True,B,True,B,True,True,0
lever_thinking_all_seed7.jsonl,GPQA-Diamond,thinking_all,recooG6bivTUJpDBz,3,D,D,D,True,True,D,True,D,True,A,False,True,0
lever_thinking_all_seed7.jsonl,GPQA-Diamond,thinking_all,recYt8xx80OTyDsL0,3,C,C,C,True,True,C,True,C,True,C,True,True,0
lever_thinking_all_seed7.jsonl,GPQA-Diamond,thinking_all,recmwwQJnx7ll7bqL,3,D,D,D,True,True,D,True,D,True,D,True,True,0
lever_thinking_all_seed7.jsonl,GPQA-Diamond,thinking_all,rec0yTRmO1o1xCA6H,3,B,B,B,True,True,B,True,B,True,B,True,True,0
lever_thinking_all_seed7.jsonl,GPQA-Diamond,thinking_all,rec2UlKqC6RFHdcro,3,B,B,B,True,True,B,True,B,True,B,True,True,0
lever_thinking_all_seed7.jsonl,GPQA-Diamond,thinking_all,recD8oX1KevFbl7bL,3,B,B,B,True,True,B,True,B,True,B,True,True,0
lever_thinking_all_seed7.jsonl,GPQA-Diamond,thinking_all,reczUoM8JsxU6pYxr,3,A,A,A,True,True,A,True,A,True,A,True,True,0
lever_thinking_all_seed7.jsonl,GPQA-Diamond,thinking_all,recBXlqrZUCR897It,3,B,B,B,True,True,B,True,B,True,B,True,True,0
lever_thinking_all_seed7.jsonl,GPQA-Diamond,thinking_all,recVvpD8miVjmmyfe,3,C,B,B,False,True,B,False,B,False,B,False,True,0
lever_thinking_all_seed7.jsonl,GPQA-Diamond,thinking_all,recYOzCsevNz61Lyn,3,C,C,C,True,True,C,True,C,True,C,True,True,0
lever_thinking_all_seed7.jsonl,GPQA-Diamond,thinking_all,recDDxpS9s8cwkqfq,3,C,C,C,True,True,C,True,C,True,A,False,True,0
lever_thinking_all_seed7.jsonl,GPQA-Diamond,thinking_all,rec47oNPXudlTIk4y,3,B,C,C,False,True,C,False,C,False,C,False,False,0
lever_thinking_all_seed7.jsonl,GPQA-Diamond,thinking_all,recEmTBhx2hgw6tPQ,3,B,C,C,False,True,C,False,C,False,C,False,True,0
lever_thinking_all_seed7.jsonl,GPQA-Diamond,thinking_all,recIMcQfaQNa6vzsT,3,C,C,C,True,True,C,True,C,True,C,True,True,0
lever_thinking_all_seed7.jsonl,GPQA-Diamond,thinking_all,reck4G4xxv3YnpbtQ,3,C,A,A,False,True,A,False,B,False,A,False,False,0
lever_thinking_all_seed7.jsonl,GPQA-Diamond,thinking_all,reccVBrYdwsB84fGy,3,D,D,D,True,True,D,True,D,True,D,True,True,0
lever_thinking_all_seed7.jsonl,GPQA-Diamond,thinking_all,recb80OwMgNnceA9t,3,D,A,A,False,True,A,False,A,False,A,False,True,0
lever_thinking_all_seed7.jsonl,GPQA-Diamond,thinking_all,recyl3usDqb7ruXJx,3,B,B,B,True,True,B,True,B,True,B,True,True,0
lever_thinking_all_seed7.jsonl,GPQA-Diamond,thinking_all,recS48OsU6kVadBPW,3,B,B,B,True,True,B,True,B,True,B,True,True,0
lever_thinking_all_seed7.jsonl,GPQA-Diamond,thinking_all,recPzW1WqRnPs57D6,3,A,A,A,True,True,A,True,A,True,A,True,True,0
lever_thinking_all_seed7.jsonl,GPQA-Diamond,thinking_all,recPSTGXK3P39yNYT,3,B,B,B,True,True,B,True,B,True,B,True,True,0
lever_thinking_all_seed7.jsonl,GPQA-Diamond,thinking_all,rec1zl5LvaatzGhFt,3,D,D,D,True,True,D,True,D,True,D,True,True,0
lever_thinking_all_seed7.jsonl,GPQA-Diamond,thinking_all,recihePFulRgNKsIn,3,C,D,D,False,True,D,False,D,False,D,False,False,0
lever_thinking_all_seed7.jsonl,GPQA-Diamond,thinking_all,recpki12iG9RUGrz9,3,C,C,C,True,True,C,True,C,True,C,True,True,0
lever_thinking_all_seed7.jsonl,GPQA-Diamond,thinking_all,recRhwQwHijW0gCLo,3,B,B,B,True,True,B,True,B,True,B,True,True,0
lever_thinking_all_seed7.jsonl,GPQA-Diamond,thinking_all,recWxGU8Q4YReJ1tb,3,D,A,A,False,True,A,False,A,False,A,False,False,0
lever_thinking_all_seed7.jsonl,GPQA-Diamond,thinking_all,recdya6FuYraBU5Rh,3,A,A,A,True,True,A,True,A,True,A,True,True,0
lever_thinking_all_seed7.jsonl,GPQA-Diamond,thinking_all,recwW1A85nfyQpReG,3,C,C,C,True,True,C,True,C,True,C,True,True,0
lever_thinking_all_seed7.jsonl,GPQA-Diamond,thinking_all,recjJ54TXc04enRkZ,3,C,A,A,False,True,A,False,A,False,A,False,False,0
lever_thinking_all_seed7.jsonl,GPQA-Diamond,thinking_all,recf6ayQmL1SxKbvW,3,D,B,B,False,True,B,False,B,False,B,False,False,0
lever_thinking_all_seed7.jsonl,GPQA-Diamond,thinking_all,recXsYa3i2UhGF5fe,3,B,B,B,True,True,B,True,B,True,B,True,True,0
lever_thinking_all_seed7.jsonl,GPQA-Diamond,thinking_all,recHVUd2DkoKfedJZ,3,C,C,C,True,True,C,True,C,True,C,True,True,0
lever_thinking_all_seed7.jsonl,GPQA-Diamond,thinking_all,recRTiyaRymerDJ4y,3,B,B,B,True,True,B,True,B,True,B,True,True,0
lever_thinking_all_seed7.jsonl,GPQA-Diamond,thinking_all,rec06pnAkLOr2t2mp,3,A,A,A,True,True,A,True,A,True,A,True,True,0
lever_thinking_all_seed7.jsonl,GPQA-Diamond,thinking_all,recQ8oxSY2aCwFRS8,3,C,C,C,True,True,C,True,C,True,C,True,True,0
lever_thinking_all_seed7.jsonl,GPQA-Diamond,thinking_all,rec0Arme2jcXQZnAW,3,A,A,A,True,True,A,True,A,True,A,True,True,0
lever_thinking_all_seed7.jsonl,GPQA-Diamond,thinking_all,recAYkd96NNuNl1Ei,3,B,A,A,False,True,A,False,A,False,A,False,False,0
lever_thinking_all_seed7.jsonl,GPQA-Diamond,thinking_all,recINSFEYLCyyd08m,3,A,A,A,True,True,A,True,A,True,A,True,True,0
lever_thinking_all_seed7.jsonl,GPQA-Diamond,thinking_all,recJZ3QEfRKjYw9a7,3,D,D,D,True,True,D,True,D,True,D,True,True,0
lever_thinking_all_seed7.jsonl,GPQA-Diamond,thinking_all,rechKl68Uc6H7vU0N,3,B,B,B,True,True,B,True,A,False,A,False,True,0
lever_thinking_all_seed7.jsonl,GPQA-Diamond,thinking_all,recRZjaElf8ft7xTq,3,D,D,D,True,True,D,True,D,True,D,True,True,0
lever_thinking_all_seed7.jsonl,GPQA-Diamond,thinking_all,recb4cGsC6BJUCU3V,3,D,D,D,True,True,D,True,D,True,D,True,True,0
lever_thinking_all_seed7.jsonl,GPQA-Diamond,thinking_all,recclFbsjbaiVVnnV,3,D,B,B,False,True,B,False,B,False,C,False,False,0
lever_thinking_all_seed7.jsonl,GPQA-Diamond,thinking_all,rectlyG9pCAAuWhoB,3,C,A,A,False,True,A,False,A,False,B,False,False,0
lever_thinking_all_seed7.jsonl,GPQA-Diamond,thinking_all,recvlnu8BuLmXZhSX,3,B,B,B,True,True,B,True,B,True,B,True,True,0
lever_thinking_all_seed7.jsonl,GPQA-Diamond,thinking_all,recYCMJWH7IpcdqwE,3,D,D,D,True,True,D,True,D,True,D,True,True,0
lever_thinking_all_seed7.jsonl,GPQA-Diamond,thinking_all,recxsX66ktJ1Lwt4f,3,A,A,A,True,True,A,True,A,True,A,True,True,0
lever_thinking_all_seed7.jsonl,GPQA-Diamond,thinking_all,recMicVBcqy1xM1jq,3,B,D,D,False,True,D,False,D,False,D,False,False,0
lever_thinking_all_seed7.jsonl,GPQA-Diamond,thinking_all,recLrRirj7iXoB0rU,3,C,C,C,True,True,C,True,C,True,C,True,True,0
lever_thinking_all_seed7.jsonl,GPQA-Diamond,thinking_all,recUc29lMDBEvurYo,3,A,A,A,True,True,A,True,A,True,A,True,True,0
lever_thinking_all_seed7.jsonl,GPQA-Diamond,thinking_all,recReg13iV2HwJTaA,3,B,B,B,True,True,B,True,B,True,B,True,True,0
lever_thinking_all_seed7.jsonl,GPQA-Diamond,thinking_all,reca44yABeO2fx7UB,3,D,B,B,False,True,B,False,B,False,B,False,True,0
lever_thinking_all_seed7.jsonl,GPQA-Diamond,thinking_all,recZbxrocrxh9YENH,3,A,A,A,True,True,A,True,A,True,A,True,True,0
lever_thinking_all_seed7.jsonl,GPQA-Diamond,thinking_all,rec32C1ZEapBnCC0E,3,D,D,D,True,True,D,True,D,True,D,True,True,0
lever_thinking_all_seed7.jsonl,GPQA-Diamond,thinking_all,recVE8cUNHpHZIAvL,3,B,B,B,True,True,B,True,B,True,B,True,True,0
lever_thinking_all_seed7.jsonl,GPQA-Diamond,thinking_all,recGFKDUd8qgz81Zl,3,C,C,C,True,True,C,True,C,True,C,True,True,0
lever_thinking_all_seed7.jsonl,GPQA-Diamond,thinking_all,recKv4hFyNpViUXnL,3,B,B,B,True,True,B,True,B,True,B,True,True,0
lever_thinking_all_seed7.jsonl,GPQA-Diamond,thinking_all,recXvQ6gWAmyakrpD,3,C,C,C,True,True,C,True,C,True,C,True,True,0
lever_thinking_all_seed7.jsonl,GPQA-Diamond,thinking_all,recZWeueB7lSPR6wN,3,B,D,D,False,True,D,False,D,False,D,False,True,0
lever_thinking_all_seed7.jsonl,GPQA-Diamond,thinking_all,rec4L69T0Y1AS4AFS,3,A,B,B,False,True,B,False,A,True,A,True,True,0
lever_thinking_all_seed7.jsonl,GPQA-Diamond,thinking_all,recUBgVlkKzcRPDdK,3,D,C,C,False,True,C,False,C,False,C,False,False,0
lever_thinking_all_seed7.jsonl,GPQA-Diamond,thinking_all,recl1UtgTVKishAq4,3,A,A,A,True,True,A,True,A,True,D,False,True,0
lever_thinking_all_seed7.jsonl,GPQA-Diamond,thinking_all,recKm6LNWykGapmCr,3,B,B,B,True,True,B,True,B,True,B,True,True,0
lever_thinking_all_seed7.jsonl,GPQA-Diamond,thinking_all,recLB0EkQ54bYVhnd,3,A,A,A,True,True,A,True,A,True,A,True,True,0
lever_thinking_all_seed7.jsonl,GPQA-Diamond,thinking_all,recXsuOHRBLcyenF2,3,D,D,D,True,True,D,True,D,True,D,True,True,0
lever_thinking_all_seed7.jsonl,GPQA-Diamond,thinking_all,recxTy0x7M6T9ikc0,3,D,D,D,True,True,D,True,D,True,D,True,True,0
lever_thinking_all_seed7.jsonl,GPQA-Diamond,thinking_all,recCJJOeBGERaHYax,3,C,C,C,True,True,C,True,C,True,C,True,True,0
lever_thinking_all_seed7.jsonl,GPQA-Diamond,thinking_all,receYQxnUBvxPcvbQ,3,C,C,C,True,True,C,True,C,True,C,True,True,0
lever_thinking_all_seed7.jsonl,GPQA-Diamond,thinking_all,recb2M22zaD3tL6Qc,3,B,B,B,True,True,B,True,B,True,B,True,True,0
lever_thinking_all_seed7.jsonl,GPQA-Diamond,thinking_all,recqFDvYKKRmbnoUb,3,D,D,D,True,True,D,True,D,True,D,True,True,0
lever_thinking_all_seed7.jsonl,GPQA-Diamond,thinking_all,recfTlTMjZBuOducT,3,A,A,A,True,True,A,True,A,True,A,True,True,0
lever_thinking_all_seed7.jsonl,GPQA-Diamond,thinking_all,recQiWOxhkXRz9NVE,3,D,D,D,True,True,D,True,D,True,D,True,True,0
lever_thinking_all_seed7.jsonl,GPQA-Diamond,thinking_all,rec0wZvZgiz320KRs,3,C,C,C,True,True,C,True,C,True,C,True,True,0
lever_thinking_all_seed7.jsonl,GPQA-Diamond,thinking_all,reccOKzFNmyqeJ6ry,3,D,D,D,True,True,D,True,D,True,D,True,True,0
lever_thinking_all_seed7.jsonl,GPQA-Diamond,thinking_all,recKcjTwONILZqHAX,3,C,C,C,True,True,C,True,C,True,C,True,True,0
lever_thinking_all_seed7.jsonl,GPQA-Diamond,thinking_all,recIlghoOw5VbY4Zh,3,B,B,B,True,True,B,True,B,True,B,True,True,0
lever_thinking_all_seed7.jsonl,GPQA-Diamond,thinking_all,recmkvk6EFAmqyMxR,3,D,D,D,True,True,D,True,D,True,D,True,True,0
lever_thinking_all_seed7.jsonl,GPQA-Diamond,thinking_all,recmI7EiLv72PxmYK,3,B,B,B,True,True,B,True,B,True,B,True,True,0
lever_thinking_all_seed7.jsonl,GPQA-Diamond,thinking_all,receo3UUzRvWCqyfA,3,D,D,D,True,True,D,True,D,True,D,True,True,0
lever_thinking_all_seed7.jsonl,GPQA-Diamond,thinking_all,recNu3MXkvWUzHZr9,3,C,A,A,False,True,C,True,C,True,A,False,True,0
lever_thinking_all_seed7.jsonl,GPQA-Diamond,thinking_all,recIDiDKKrN61Auyr,3,A,A,A,True,True,A,True,A,True,A,True,True,0
lever_thinking_all_seed7.jsonl,GPQA-Diamond,thinking_all,reczkBiPPNrNN49Hp,3,D,D,D,True,True,D,True,D,True,D,True,True,0
lever_thinking_all_seed7.jsonl,GPQA-Diamond,thinking_all,rec2ZTsqazBZ3LTWZ,3,A,A,A,True,True,A,True,A,True,A,True,True,0
lever_thinking_all_seed7.jsonl,GPQA-Diamond,thinking_all,recyrk6XBVwugG5u8,3,A,A,A,True,True,A,True,A,True,A,True,True,0
lever_thinking_gate_lexam_seed42.jsonl,LEXam,thinking_gate,09a2eebe-6c96-4f10-bc76-689eec854b43,3,A,A,A,True,True,A,True,A,True,A,True,True,2
lever_thinking_gate_lexam_seed42.jsonl,LEXam,thinking_gate,b9785176-6859-42c9-829d-0312609916ae,3,D,D,D,True,True,D,True,D,True,D,True,True,0
lever_thinking_gate_lexam_seed42.jsonl,LEXam,thinking_gate,736a05d4-da8a-4177-8bd9-03d4257ff68f,3,D,C,C,False,True,C,False,C,False,C,False,False,1
lever_thinking_gate_lexam_seed42.jsonl,LEXam,thinking_gate,53bbecbc-ef12-4b60-9645-04015eeaa4ae,3,A,A,A,True,True,A,True,A,True,A,True,True,0
lever_thinking_gate_lexam_seed42.jsonl,LEXam,thinking_gate,866f89e9-c8fd-4bef-bf85-e92a7b992cf7,3,A,A,A,True,True,A,True,A,True,A,True,True,1
lever_thinking_gate_lexam_seed42.jsonl,LEXam,thinking_gate,f1bdfe14-a0bc-496c-b9ea-49ed1d6d03df,3,C,B,B,False,True,B,False,B,False,B,False,False,0
lever_thinking_gate_lexam_seed42.jsonl,LEXam,thinking_gate,8afbc6d1-fa2b-4e02-a0f3-af802c5320c3,3,B,B,B,True,True,B,True,B,True,B,True,True,0
lever_thinking_gate_lexam_seed42.jsonl,LEXam,thinking_gate,26263099-799d-4319-baac-3acf978c7c0a,3,C,C,C,True,True,C,True,D,False,C,True,True,1
lever_thinking_gate_lexam_seed42.jsonl,LEXam,thinking_gate,102d2e11-f391-44a7-b978-a3f83d882f74,3,A,A,A,True,True,D,False,D,False,B,False,True,0
lever_thinking_gate_lexam_seed42.jsonl,LEXam,thinking_gate,8f4ae013-cbd7-4563-9d97-26686b88ea14,3,B,B,B,True,True,B,True,B,True,B,True,True,1
lever_thinking_gate_lexam_seed42.jsonl,LEXam,thinking_gate,38783200-42e6-465a-98b8-410a27eb4f56,3,C,D,D,False,True,D,False,B,False,D,False,False,0
lever_thinking_gate_lexam_seed42.jsonl,LEXam,thinking_gate,e7273a6a-d416-452a-9b8c-6998c58fced2,3,D,D,D,True,True,D,True,D,True,A,False,True,0
lever_thinking_gate_lexam_seed42.jsonl,LEXam,thinking_gate,842abce3-39e3-43a5-8730-a4318fd1c3f1,3,B,B,B,True,True,B,True,B,True,B,True,True,0
lever_thinking_gate_lexam_seed42.jsonl,LEXam,thinking_gate,0ad0edf4-dc5f-40a3-9ec3-ae70daaa271e,3,A,A,A,True,True,A,True,A,True,A,True,True,0
lever_thinking_gate_lexam_seed42.jsonl,LEXam,thinking_gate,ee9c501e-8d41-49d3-85bc-a4a1e8f6a57c,3,A,A,A,True,True,A,True,A,True,A,True,True,0
lever_thinking_gate_lexam_seed42.jsonl,LEXam,thinking_gate,2f078222-29e9-47ce-b441-66921b51b3e7,3,B,A,A,False,True,A,False,A,False,A,False,False,1
lever_thinking_gate_lexam_seed42.jsonl,LEXam,thinking_gate,2cdd4813-3450-4626-8aca-773dfea1f607,3,B,C,C,False,True,C,False,C,False,B,True,True,2
lever_thinking_gate_lexam_seed42.jsonl,LEXam,thinking_gate,6500b177-e1e0-47f7-b550-8224fba100cf,3,C,C,C,True,True,C,True,C,True,C,True,True,0
lever_thinking_gate_lexam_seed42.jsonl,LEXam,thinking_gate,b218966a-d22d-412b-b3d1-cffa3755872d,3,B,B,B,True,True,B,True,B,True,B,True,True,0
lever_thinking_gate_lexam_seed42.jsonl,LEXam,thinking_gate,7d1ed894-dea7-4d33-88b9-efccb20333a4,3,B,B,B,True,True,B,True,B,True,B,True,True,0
lever_thinking_gate_lexam_seed42.jsonl,LEXam,thinking_gate,d60d8887-e23a-4219-be7a-f1f29c281c53,3,A,D,D,False,True,D,False,D,False,D,False,False,0
lever_thinking_gate_lexam_seed42.jsonl,LEXam,thinking_gate,5515aed1-568b-4a32-ac6d-8a41c70f878e,3,D,D,D,True,True,D,True,D,True,D,True,True,1
lever_thinking_gate_lexam_seed42.jsonl,LEXam,thinking_gate,1ac7dcee-1599-464e-949e-8464745c0177,3,D,C,C,False,True,C,False,C,False,C,False,False,0
lever_thinking_gate_lexam_seed42.jsonl,LEXam,thinking_gate,99c5edda-c827-4430-8f45-5d0cb7412e4c,3,B,B,B,True,True,B,True,B,True,B,True,True,1
lever_thinking_gate_lexam_seed42.jsonl,LEXam,thinking_gate,b9948b7c-c704-456f-bd02-c1bdf8cc17ba,3,C,C,C,True,True,C,True,C,True,C,True,True,1
lever_thinking_gate_lexam_seed42.jsonl,LEXam,thinking_gate,a32c143b-f4e0-4c32-9f06-cf4cbf9579b6,3,A,A,A,True,True,A,True,C,False,C,False,True,0
lever_thinking_gate_lexam_seed42.jsonl,LEXam,thinking_gate,e2d75efc-b65e-40d1-9fa7-e47d05b2653d,3,A,A,A,True,True,A,True,A,True,A,True,True,0
lever_thinking_gate_lexam_seed42.jsonl,LEXam,thinking_gate,ca114601-0baa-4ada-8b10-26d0ece00f7e,3,A,A,A,True,True,A,True,A,True,A,True,True,0
lever_thinking_gate_lexam_seed42.jsonl,LEXam,thinking_gate,a58581c7-2ffe-412b-819c-9938459733b1,3,D,D,D,True,True,D,True,D,True,D,True,True,1
lever_thinking_gate_lexam_seed42.jsonl,LEXam,thinking_gate,7d9a3bb7-c8cf-4a4f-a502-b0c8ea44eef6,3,C,C,C,True,True,C,True,C,True,C,True,True,0
lever_thinking_gate_lexam_seed42.jsonl,LEXam,thinking_gate,045fd390-346e-4d5a-a82c-5c620a53d207,3,A,A,A,True,True,A,True,A,True,A,True,True,0
lever_thinking_gate_lexam_seed42.jsonl,LEXam,thinking_gate,e4f77fd4-cd04-4b47-821c-9c969dfc1f80,3,B,B,B,True,True,B,True,B,True,B,True,True,0
lever_thinking_gate_lexam_seed42.jsonl,LEXam,thinking_gate,e1440aa0-1770-4750-8c8e-69cb5dae0df7,3,D,D,D,True,True,D,True,D,True,D,True,True,0
lever_thinking_gate_lexam_seed42.jsonl,LEXam,thinking_gate,430dc3d6-009b-4da6-8eba-a01f1c58589c,3,A,A,A,True,True,A,True,A,True,A,True,True,0
lever_thinking_gate_lexam_seed42.jsonl,LEXam,thinking_gate,1aa2d158-1f58-4671-ba73-78b7f64d04d3,3,C,B,B,False,True,B,False,B,False,B,False,False,1
lever_thinking_gate_lexam_seed42.jsonl,LEXam,thinking_gate,568814d7-2e54-41ab-ac2c-c14f7e17f054,3,A,A,A,True,True,A,True,A,True,A,True,True,0
lever_thinking_gate_lexam_seed42.jsonl,LEXam,thinking_gate,8449146d-90ee-4ee9-abe4-94e1beaa0ac2,3,A,C,C,False,True,C,False,C,False,B,False,False,0
lever_thinking_gate_lexam_seed42.jsonl,LEXam,thinking_gate,c72132c6-8bcb-4d4c-9d5b-2acbd0cd42e8,3,C,C,C,True,True,C,True,C,True,C,True,True,0
lever_thinking_gate_lexam_seed42.jsonl,LEXam,thinking_gate,4eadfed1-062d-441f-b86f-a3407bc282e7,3,C,C,C,True,True,C,True,C,True,C,True,True,0
lever_thinking_gate_lexam_seed42.jsonl,LEXam,thinking_gate,e7ce2112-cb65-469b-a6ae-fe9b49ebc8f9,3,C,C,C,True,True,C,True,C,True,C,True,True,1
lever_thinking_gate_lexam_seed42.jsonl,LEXam,thinking_gate,b766bab3-7116-42ee-853e-2eb3f01c0c15,3,C,B,B,False,True,B,False,B,False,B,False,False,0
lever_thinking_gate_lexam_seed42.jsonl,LEXam,thinking_gate,79b8e5fe-3c1c-434e-8ab4-3f7c6ea87e32,3,C,C,C,True,True,C,True,C,True,C,True,True,0
lever_thinking_gate_lexam_seed42.jsonl,LEXam,thinking_gate,53e67d91-df72-4136-b78c-4be1b900eaae,3,B,C,C,False,True,C,False,C,False,C,False,False,0
lever_thinking_gate_lexam_seed42.jsonl,LEXam,thinking_gate,02d7f932-337e-4f51-b72b-a3054d726c48,3,C,C,C,True,True,C,True,C,True,C,True,True,0
lever_thinking_gate_lexam_seed42.jsonl,LEXam,thinking_gate,bffa4b3e-2917-424e-a915-9b277f58f54e,3,D,A,A,False,True,A,False,A,False,D,True,True,0
lever_thinking_gate_lexam_seed42.jsonl,LEXam,thinking_gate,70d58c55-71d9-400a-938a-d79bfa9856e0,3,C,B,B,False,True,B,False,B,False,B,False,False,0
lever_thinking_gate_lexam_seed42.jsonl,LEXam,thinking_gate,658ad4b8-1fb2-4ddf-be33-75064c459692,3,B,B,B,True,True,B,True,B,True,B,True,True,0
lever_thinking_gate_lexam_seed42.jsonl,LEXam,thinking_gate,9abc219b-82f3-4c7c-91d7-653ae4960d02,3,A,A,A,True,True,A,True,A,True,A,True,True,0
lever_thinking_gate_lexam_seed42.jsonl,LEXam,thinking_gate,0e6fe784-81bc-454f-9d8c-f3c339fc5205,3,B,A,A,False,True,A,False,A,False,A,False,True,1
lever_thinking_gate_lexam_seed42.jsonl,LEXam,thinking_gate,f14962d2-fa9c-436a-b283-daf4b770e9cf,3,C,C,C,True,True,C,True,C,True,C,True,True,1
lever_thinking_gate_mmlu_pro_seed42.jsonl,MMLU-Pro,thinking_gate,7070,3,D,D,D,True,True,D,True,D,True,D,True,True,0
lever_thinking_gate_mmlu_pro_seed42.jsonl,MMLU-Pro,thinking_gate,5088,3,D,D,D,True,True,D,True,D,True,D,True,True,0
lever_thinking_gate_mmlu_pro_seed42.jsonl,MMLU-Pro,thinking_gate,556,3,A,A,A,True,True,A,True,A,True,A,True,True,0
lever_thinking_gate_mmlu_pro_seed42.jsonl,MMLU-Pro,thinking_gate,3320,3,B,B,B,True,True,B,True,B,True,B,True,True,0
lever_thinking_gate_mmlu_pro_seed42.jsonl,MMLU-Pro,thinking_gate,6570,3,B,B,B,True,True,B,True,B,True,B,True,True,0
lever_thinking_gate_mmlu_pro_seed42.jsonl,MMLU-Pro,thinking_gate,7562,3,A,A,A,True,True,A,True,A,True,A,True,True,0
lever_thinking_gate_mmlu_pro_seed42.jsonl,MMLU-Pro,thinking_gate,1496,3,D,B,B,False,True,B,False,D,True,D,True,True,0
lever_thinking_gate_mmlu_pro_seed42.jsonl,MMLU-Pro,thinking_gate,473,3,D,D,D,True,True,D,True,D,True,D,True,True,0
lever_thinking_gate_mmlu_pro_seed42.jsonl,MMLU-Pro,thinking_gate,10024,3,D,D,D,True,True,D,True,C,False,C,False,True,0
lever_thinking_gate_mmlu_pro_seed42.jsonl,MMLU-Pro,thinking_gate,2854,3,A,A,A,True,True,A,True,A,True,A,True,True,0
lever_thinking_gate_mmlu_pro_seed42.jsonl,MMLU-Pro,thinking_gate,8486,3,D,D,D,True,True,D,True,D,True,D,True,True,0
lever_thinking_gate_mmlu_pro_seed42.jsonl,MMLU-Pro,thinking_gate,2503,3,A,A,A,True,True,A,True,A,True,A,True,True,0
lever_thinking_gate_mmlu_pro_seed42.jsonl,MMLU-Pro,thinking_gate,8930,3,A,A,A,True,True,A,True,A,True,A,True,True,0
lever_thinking_gate_mmlu_pro_seed42.jsonl,MMLU-Pro,thinking_gate,3079,3,B,B,B,True,True,B,True,B,True,B,True,True,0
lever_thinking_gate_mmlu_pro_seed42.jsonl,MMLU-Pro,thinking_gate,688,3,C,D,D,False,True,D,False,D,False,D,False,False,0
lever_thinking_gate_mmlu_pro_seed42.jsonl,MMLU-Pro,thinking_gate,11489,3,A,A,A,True,True,A,True,A,True,C,False,True,0
lever_thinking_gate_mmlu_pro_seed42.jsonl,MMLU-Pro,thinking_gate,8802,3,D,D,D,True,True,D,True,D,True,D,True,True,0
lever_thinking_gate_mmlu_pro_seed42.jsonl,MMLU-Pro,thinking_gate,5136,3,A,D,D,False,True,D,False,D,False,D,False,False,0
lever_thinking_gate_mmlu_pro_seed42.jsonl,MMLU-Pro,thinking_gate,5874,3,C,C,C,True,True,C,True,C,True,C,True,True,0
lever_thinking_gate_mmlu_pro_seed42.jsonl,MMLU-Pro,thinking_gate,10343,3,D,D,D,True,True,D,True,D,True,D,True,True,0
lever_thinking_gate_mmlu_pro_seed42.jsonl,MMLU-Pro,thinking_gate,7511,3,D,D,D,True,True,D,True,D,True,D,True,True,0
lever_thinking_gate_mmlu_pro_seed42.jsonl,MMLU-Pro,thinking_gate,11562,3,B,B,B,True,True,B,True,B,True,B,True,True,0
lever_thinking_gate_mmlu_pro_seed42.jsonl,MMLU-Pro,thinking_gate,783,3,C,C,C,True,True,C,True,C,True,C,True,True,0
lever_thinking_gate_mmlu_pro_seed42.jsonl,MMLU-Pro,thinking_gate,7847,3,D,D,D,True,True,D,True,D,True,D,True,True,0
lever_thinking_gate_mmlu_pro_seed42.jsonl,MMLU-Pro,thinking_gate,9795,3,B,B,B,True,True,B,True,B,True,B,True,True,0
lever_thinking_gate_mmlu_pro_seed42.jsonl,MMLU-Pro,thinking_gate,3917,3,D,A,A,False,True,A,False,A,False,A,False,True,0
lever_thinking_gate_mmlu_pro_seed42.jsonl,MMLU-Pro,thinking_gate,2457,3,D,D,D,True,True,D,True,D,True,D,True,True,0
lever_thinking_gate_mmlu_pro_seed42.jsonl,MMLU-Pro,thinking_gate,4906,3,B,C,C,False,True,C,False,C,False,C,False,False,0
lever_thinking_gate_mmlu_pro_seed42.jsonl,MMLU-Pro,thinking_gate,3739,3,A,A,A,True,True,A,True,A,True,B,False,True,0
lever_thinking_gate_mmlu_pro_seed42.jsonl,MMLU-Pro,thinking_gate,5396,3,D,D,D,True,True,D,True,D,True,D,True,True,0
lever_thinking_gate_mmlu_pro_seed42.jsonl,MMLU-Pro,thinking_gate,12113,3,B,B,B,True,True,B,True,B,True,B,True,True,0
lever_thinking_gate_mmlu_pro_seed42.jsonl,MMLU-Pro,thinking_gate,10452,3,A,A,A,True,True,A,True,A,True,A,True,True,0
lever_thinking_gate_mmlu_pro_seed42.jsonl,MMLU-Pro,thinking_gate,1290,3,A,A,A,True,True,A,True,A,True,A,True,True,0
lever_thinking_gate_mmlu_pro_seed42.jsonl,MMLU-Pro,thinking_gate,8147,3,C,C,C,True,True,C,True,C,True,C,True,True,0
lever_thinking_gate_mmlu_pro_seed42.jsonl,MMLU-Pro,thinking_gate,11886,3,D,D,D,True,True,D,True,D,True,D,True,True,0
lever_thinking_gate_mmlu_pro_seed42.jsonl,MMLU-Pro,thinking_gate,11847,3,D,D,D,True,True,D,True,D,True,D,True,True,0
lever_thinking_gate_mmlu_pro_seed42.jsonl,MMLU-Pro,thinking_gate,8676,3,D,D,D,True,True,D,True,D,True,D,True,True,0
lever_thinking_gate_mmlu_pro_seed42.jsonl,MMLU-Pro,thinking_gate,12104,3,D,D,D,True,True,D,True,D,True,D,True,True,0
lever_thinking_gate_mmlu_pro_seed42.jsonl,MMLU-Pro,thinking_gate,7497,3,B,B,B,True,True,B,True,B,True,B,True,True,0
lever_thinking_gate_mmlu_pro_seed42.jsonl,MMLU-Pro,thinking_gate,11733,3,D,A,A,False,True,A,False,A,False,A,False,False,0
lever_thinking_gate_mmlu_pro_seed42.jsonl,MMLU-Pro,thinking_gate,7490,3,C,C,C,True,True,C,True,C,True,C,True,True,0
lever_thinking_gate_mmlu_pro_seed42.jsonl,MMLU-Pro,thinking_gate,6035,3,D,D,D,True,True,D,True,D,True,D,True,True,0
lever_thinking_gate_mmlu_pro_seed42.jsonl,MMLU-Pro,thinking_gate,1540,3,D,B,B,False,True,B,False,D,True,B,False,True,0
lever_thinking_gate_mmlu_pro_seed42.jsonl,MMLU-Pro,thinking_gate,281,3,D,D,D,True,True,D,True,D,True,D,True,True,0
lever_thinking_gate_mmlu_pro_seed42.jsonl,MMLU-Pro,thinking_gate,7807,3,A,A,A,True,True,A,True,A,True,A,True,True,0
lever_thinking_gate_mmlu_pro_seed42.jsonl,MMLU-Pro,thinking_gate,3763,3,D,D,D,True,True,D,True,A,False,A,False,True,0
lever_thinking_gate_mmlu_pro_seed42.jsonl,MMLU-Pro,thinking_gate,4090,3,D,B,B,False,True,B,False,D,True,B,False,True,0
lever_thinking_gate_mmlu_pro_seed42.jsonl,MMLU-Pro,thinking_gate,10306,3,D,D,D,True,True,D,True,D,True,D,True,True,0
lever_thinking_gate_mmlu_pro_seed42.jsonl,MMLU-Pro,thinking_gate,9030,3,B,A,A,False,True,B,True,B,True,C,False,True,0
lever_thinking_gate_mmlu_pro_seed42.jsonl,MMLU-Pro,thinking_gate,10852,3,A,A,A,True,True,A,True,A,True,A,True,True,0
lever_thinking_gate_seed123.jsonl,GPQA-Diamond,thinking_gate,recRhwQwHijW0gCLo,3,D,D,D,True,True,D,True,D,True,D,True,True,0
lever_thinking_gate_seed123.jsonl,GPQA-Diamond,thinking_gate,recnjViFrqlZNL3fY,3,C,C,C,True,True,C,True,C,True,C,True,True,0
lever_thinking_gate_seed123.jsonl,GPQA-Diamond,thinking_gate,recwW1A85nfyQpReG,3,D,A,A,False,True,A,False,A,False,A,False,True,0
lever_thinking_gate_seed123.jsonl,GPQA-Diamond,thinking_gate,recjgMJaMxz4ESDF2,3,D,D,D,True,True,D,True,D,True,D,True,True,0
lever_thinking_gate_seed123.jsonl,GPQA-Diamond,thinking_gate,recNAiPUKOulQbKVP,3,A,A,A,True,True,A,True,D,False,D,False,True,0
lever_thinking_gate_seed123.jsonl,GPQA-Diamond,thinking_gate,recBXlqrZUCR897It,3,C,C,C,True,True,C,True,C,True,C,True,True,0
lever_thinking_gate_seed123.jsonl,GPQA-Diamond,thinking_gate,recJZ3QEfRKjYw9a7,3,C,D,D,False,True,D,False,C,True,D,False,True,0
lever_thinking_gate_seed123.jsonl,GPQA-Diamond,thinking_gate,recIDiDKKrN61Auyr,3,D,D,D,True,True,D,True,D,True,D,True,True,0
lever_thinking_gate_seed123.jsonl,GPQA-Diamond,thinking_gate,recXsuOHRBLcyenF2,3,B,B,B,True,True,B,True,B,True,B,True,True,0
lever_thinking_gate_seed123.jsonl,GPQA-Diamond,thinking_gate,recNuT2oSnO86bxOx,3,B,B,B,True,True,B,True,B,True,B,True,True,0
lever_thinking_gate_seed123.jsonl,GPQA-Diamond,thinking_gate,rec2UlKqC6RFHdcro,3,D,D,D,True,True,D,True,D,True,D,True,True,0
lever_thinking_gate_seed123.jsonl,GPQA-Diamond,thinking_gate,recb2M22zaD3tL6Qc,3,A,D,D,False,True,D,False,A,True,A,True,True,0
lever_thinking_gate_seed123.jsonl,GPQA-Diamond,thinking_gate,recD8oX1KevFbl7bL,3,B,B,B,True,True,B,True,B,True,B,True,True,0
lever_thinking_gate_seed123.jsonl,GPQA-Diamond,thinking_gate,recw4rROcnHKNZhtK,3,B,B,B,True,True,B,True,B,True,B,True,True,0
lever_thinking_gate_seed123.jsonl,GPQA-Diamond,thinking_gate,recyPffUDqC2k7ZZO,3,A,A,A,True,True,A,True,A,True,A,True,True,0
lever_thinking_gate_seed123.jsonl,GPQA-Diamond,thinking_gate,recKm6LNWykGapmCr,3,A,B,B,False,True,B,False,A,True,B,False,True,0
lever_thinking_gate_seed123.jsonl,GPQA-Diamond,thinking_gate,recDytVnNYZe2HuUU,3,A,A,A,True,True,A,True,A,True,B,False,True,0
lever_thinking_gate_seed123.jsonl,GPQA-Diamond,thinking_gate,rec5eA17Qr1ucNLUf,3,A,A,A,True,True,A,True,A,True,A,True,True,0
lever_thinking_gate_seed123.jsonl,GPQA-Diamond,thinking_gate,recV1nqYQvpII94oC,3,D,D,D,True,True,D,True,D,True,D,True,True,0
lever_thinking_gate_seed123.jsonl,GPQA-Diamond,thinking_gate,recLSzwBUS3olCjhl,3,D,D,D,True,True,D,True,D,True,D,True,True,0
lever_thinking_gate_seed123.jsonl,GPQA-Diamond,thinking_gate,recRgabRzMaEoBRcM,3,B,B,B,True,True,B,True,B,True,B,True,True,0
lever_thinking_gate_seed123.jsonl,GPQA-Diamond,thinking_gate,recdya6FuYraBU5Rh,3,B,B,B,True,True,B,True,B,True,A,False,True,0
lever_thinking_gate_seed123.jsonl,GPQA-Diamond,thinking_gate,recHVUd2DkoKfedJZ,3,A,A,A,True,True,A,True,A,True,A,True,True,0
lever_thinking_gate_seed123.jsonl,GPQA-Diamond,thinking_gate,rec9GugrngvsQR99A,3,A,A,A,True,True,A,True,A,True,A,True,True,0
lever_thinking_gate_seed123.jsonl,GPQA-Diamond,thinking_gate,recIj8lR4tuDgrHou,3,A,A,A,True,True,A,True,A,True,A,True,True,0
lever_thinking_gate_seed123.jsonl,GPQA-Diamond,thinking_gate,rec7C06XOB2h298ue,3,B,B,B,True,True,B,True,B,True,B,True,True,0
lever_thinking_gate_seed123.jsonl,GPQA-Diamond,thinking_gate,recrNbtgTNoabJJi6,3,C,C,C,True,True,C,True,C,True,C,True,True,0
lever_thinking_gate_seed123.jsonl,GPQA-Diamond,thinking_gate,recxsX66ktJ1Lwt4f,3,A,A,A,True,True,A,True,A,True,A,True,True,0
lever_thinking_gate_seed123.jsonl,GPQA-Diamond,thinking_gate,recPSTGXK3P39yNYT,3,C,C,C,True,True,C,True,C,True,C,True,True,0
lever_thinking_gate_seed123.jsonl,GPQA-Diamond,thinking_gate,recI1ls9OXdxatHQn,3,B,B,B,True,True,B,True,B,True,B,True,True,0
lever_thinking_gate_seed123.jsonl,GPQA-Diamond,thinking_gate,recZWeueB7lSPR6wN,3,B,B,B,True,True,B,True,B,True,B,True,True,0
lever_thinking_gate_seed123.jsonl,GPQA-Diamond,thinking_gate,recgM7o1tcc7tP778,3,A,A,A,True,True,A,True,C,False,A,True,True,0
lever_thinking_gate_seed123.jsonl,GPQA-Diamond,thinking_gate,rec4r4KWNLrT7g2kR,3,B,B,B,True,True,B,True,C,False,C,False,True,0
lever_thinking_gate_seed123.jsonl,GPQA-Diamond,thinking_gate,recyrk6XBVwugG5u8,3,B,B,B,True,True,B,True,B,True,B,True,True,0
lever_thinking_gate_seed123.jsonl,GPQA-Diamond,thinking_gate,reca44yABeO2fx7UB,3,B,C,C,False,True,C,False,B,True,C,False,True,0
lever_thinking_gate_seed123.jsonl,GPQA-Diamond,thinking_gate,recBhnXrUyTJ6WHIR,3,D,C,C,False,True,C,False,C,False,C,False,False,0
lever_thinking_gate_seed123.jsonl,GPQA-Diamond,thinking_gate,recvlnu8BuLmXZhSX,3,C,C,C,True,True,C,True,C,True,C,True,True,0
lever_thinking_gate_seed123.jsonl,GPQA-Diamond,thinking_gate,recUOePh79cp4T2Bg,3,B,D,D,False,True,D,False,D,False,D,False,False,0
lever_thinking_gate_seed123.jsonl,GPQA-Diamond,thinking_gate,recs3PLPUEMiqg4P8,3,A,B,B,False,True,B,False,A,True,B,False,True,0
lever_thinking_gate_seed123.jsonl,GPQA-Diamond,thinking_gate,recclFbsjbaiVVnnV,3,D,B,B,False,True,B,False,B,False,B,False,False,0
lever_thinking_gate_seed123.jsonl,GPQA-Diamond,thinking_gate,rec6sE2CRtD4drtHg,3,D,D,D,True,True,D,True,D,True,D,True,True,0
lever_thinking_gate_seed123.jsonl,GPQA-Diamond,thinking_gate,rec5rjeLsEq5Fg7Oj,3,A,A,A,True,True,A,True,A,True,A,True,True,0
lever_thinking_gate_seed123.jsonl,GPQA-Diamond,thinking_gate,reck4G4xxv3YnpbtQ,3,B,D,D,False,True,D,False,D,False,B,True,True,0
lever_thinking_gate_seed123.jsonl,GPQA-Diamond,thinking_gate,recINSFEYLCyyd08m,3,B,B,B,True,True,B,True,B,True,B,True,True,0
lever_thinking_gate_seed123.jsonl,GPQA-Diamond,thinking_gate,rec0VuKUjt1SZ7NYv,3,D,D,D,True,True,D,True,D,True,D,True,True,0
lever_thinking_gate_seed123.jsonl,GPQA-Diamond,thinking_gate,recnTTKdBzfuoZ7w7,3,D,A,A,False,True,A,False,C,False,C,False,False,0
lever_thinking_gate_seed123.jsonl,GPQA-Diamond,thinking_gate,rec1zl5LvaatzGhFt,3,A,A,A,True,True,A,True,A,True,A,True,True,0
lever_thinking_gate_seed123.jsonl,GPQA-Diamond,thinking_gate,recS48OsU6kVadBPW,3,C,C,C,True,True,C,True,C,True,C,True,True,0
lever_thinking_gate_seed123.jsonl,GPQA-Diamond,thinking_gate,reczUoM8JsxU6pYxr,3,B,B,B,True,True,B,True,B,True,B,True,True,2
lever_thinking_gate_seed123.jsonl,GPQA-Diamond,thinking_gate,recatj4YXzbOaq3Ar,3,D,D,D,True,True,D,True,D,True,D,True,True,0
lever_thinking_gate_seed123.jsonl,GPQA-Diamond,thinking_gate,recRTiyaRymerDJ4y,3,D,B,B,False,True,B,False,D,True,B,False,True,0
lever_thinking_gate_seed123.jsonl,GPQA-Diamond,thinking_gate,recAYkd96NNuNl1Ei,3,A,B,B,False,True,B,False,B,False,B,False,False,0
lever_thinking_gate_seed123.jsonl,GPQA-Diamond,thinking_gate,recoy9ZLBsc7HIRBy,3,B,B,B,True,True,B,True,B,True,A,False,True,0
lever_thinking_gate_seed123.jsonl,GPQA-Diamond,thinking_gate,recr3VHM4zYf6dMFY,3,D,C,C,False,True,D,True,D,True,A,False,True,0
lever_thinking_gate_seed123.jsonl,GPQA-Diamond,thinking_gate,recl1UtgTVKishAq4,3,A,B,B,False,True,C,False,C,False,A,True,True,0
lever_thinking_gate_seed123.jsonl,GPQA-Diamond,thinking_gate,recGFKDUd8qgz81Zl,3,A,A,A,True,True,A,True,A,True,A,True,True,0
lever_thinking_gate_seed123.jsonl,GPQA-Diamond,thinking_gate,recVvpD8miVjmmyfe,3,D,C,C,False,True,C,False,C,False,D,True,True,0
lever_thinking_gate_seed123.jsonl,GPQA-Diamond,thinking_gate,recZSGUkn56v9kEp1,3,B,B,B,True,True,B,True,B,True,B,True,True,0
lever_thinking_gate_seed123.jsonl,GPQA-Diamond,thinking_gate,recXvQ6gWAmyakrpD,3,C,C,C,True,True,C,True,C,True,C,True,True,0
lever_thinking_gate_seed123.jsonl,GPQA-Diamond,thinking_gate,recJpyGtGIsxulevT,3,B,B,B,True,True,B,True,B,True,B,True,True,0
lever_thinking_gate_seed123.jsonl,GPQA-Diamond,thinking_gate,recReg13iV2HwJTaA,3,D,D,D,True,True,D,True,D,True,D,True,True,0
lever_thinking_gate_seed123.jsonl,GPQA-Diamond,thinking_gate,recDj2Y2BbtV02Wv5,3,B,D,D,False,True,D,False,D,False,A,False,False,0
lever_thinking_gate_seed123.jsonl,GPQA-Diamond,thinking_gate,recvZlMbpPz0yLDle,3,B,B,B,True,True,B,True,B,True,B,True,True,0
lever_thinking_gate_seed123.jsonl,GPQA-Diamond,thinking_gate,reczjcMtrB1YGS2fO,3,B,D,D,False,True,D,False,B,True,D,False,True,0
lever_thinking_gate_seed123.jsonl,GPQA-Diamond,thinking_gate,reczzzihL7btBH7RO,3,C,D,D,False,True,D,False,D,False,D,False,False,0
lever_thinking_gate_seed123.jsonl,GPQA-Diamond,thinking_gate,recFaL6j8UMhutXrc,3,C,A,A,False,True,A,False,C,True,A,False,True,0
lever_thinking_gate_seed123.jsonl,GPQA-Diamond,thinking_gate,recZbxrocrxh9YENH,3,A,B,B,False,True,B,False,A,True,B,False,True,0
lever_thinking_gate_seed123.jsonl,GPQA-Diamond,thinking_gate,rec4L69T0Y1AS4AFS,3,D,D,D,True,True,D,True,D,True,D,True,True,0
lever_thinking_gate_seed123.jsonl,GPQA-Diamond,thinking_gate,recyl3usDqb7ruXJx,3,B,B,B,True,True,B,True,B,True,B,True,True,0
lever_thinking_gate_seed123.jsonl,GPQA-Diamond,thinking_gate,recnawZPumSCLMVgp,3,D,B,B,False,True,B,False,D,True,B,False,True,0
lever_thinking_gate_seed123.jsonl,GPQA-Diamond,thinking_gate,recPL4ZPpVYxgMu57,3,D,D,D,True,True,D,True,D,True,D,True,True,0
lever_thinking_gate_seed123.jsonl,GPQA-Diamond,thinking_gate,recWzUUYBN0NuXO2k,3,B,B,B,True,True,B,True,B,True,B,True,True,0
lever_thinking_gate_seed123.jsonl,GPQA-Diamond,thinking_gate,reck1zKeCssmN82Ga,3,C,C,C,True,True,C,True,C,True,B,False,True,0
lever_thinking_gate_seed123.jsonl,GPQA-Diamond,thinking_gate,rectlyG9pCAAuWhoB,3,B,C,C,False,True,C,False,C,False,C,False,False,0
lever_thinking_gate_seed123.jsonl,GPQA-Diamond,thinking_gate,recLAgwx9vbgB5EHk,3,D,D,D,True,True,D,True,D,True,D,True,True,0
lever_thinking_gate_seed123.jsonl,GPQA-Diamond,thinking_gate,recqGD3fxPCI59vPQ,3,C,C,C,True,True,C,True,A,False,C,True,True,0
lever_thinking_gate_seed123.jsonl,GPQA-Diamond,thinking_gate,recLrRirj7iXoB0rU,3,D,D,D,True,True,D,True,D,True,D,True,True,0
lever_thinking_gate_seed123.jsonl,GPQA-Diamond,thinking_gate,recRZjaElf8ft7xTq,3,C,C,C,True,True,C,True,B,False,C,True,True,0
lever_thinking_gate_seed123.jsonl,GPQA-Diamond,thinking_gate,recZ13cwgDQf9jRd9,3,C,C,C,True,True,C,True,A,False,A,False,True,0
lever_thinking_gate_seed123.jsonl,GPQA-Diamond,thinking_gate,rec32C1ZEapBnCC0E,3,C,C,C,True,True,C,True,C,True,C,True,True,0
lever_thinking_gate_seed123.jsonl,GPQA-Diamond,thinking_gate,recZt4x514UQNnsgy,3,B,D,D,False,True,D,False,D,False,D,False,False,0
lever_thinking_gate_seed123.jsonl,GPQA-Diamond,thinking_gate,rechtUKxC6G67H7Pr,3,B,B,B,True,True,B,True,B,True,B,True,True,0
lever_thinking_gate_seed123.jsonl,GPQA-Diamond,thinking_gate,recypVp2NmPlBKVTp,3,B,B,B,True,True,B,True,B,True,B,True,True,0
lever_thinking_gate_seed123.jsonl,GPQA-Diamond,thinking_gate,recYCMJWH7IpcdqwE,3,B,B,B,True,True,B,True,B,True,B,True,True,0
lever_thinking_gate_seed123.jsonl,GPQA-Diamond,thinking_gate,reckYqR92oJkqJXkE,3,D,D,D,True,True,D,True,D,True,D,True,True,0
lever_thinking_gate_seed123.jsonl,GPQA-Diamond,thinking_gate,recINGR1z01Fh1Z3A,3,C,C,C,True,True,C,True,C,True,C,True,True,0
lever_thinking_gate_seed123.jsonl,GPQA-Diamond,thinking_gate,recihePFulRgNKsIn,3,D,C,C,False,True,C,False,C,False,C,False,False,0
lever_thinking_gate_seed123.jsonl,GPQA-Diamond,thinking_gate,rec1oj2DveQWl9Rpw,3,D,B,B,False,True,B,False,B,False,B,False,False,0
lever_thinking_gate_seed123.jsonl,GPQA-Diamond,thinking_gate,recn3NhOhqAPLda16,3,A,A,A,True,True,A,True,A,True,D,False,True,0
lever_thinking_gate_seed123.jsonl,GPQA-Diamond,thinking_gate,recb80OwMgNnceA9t,3,C,C,C,True,True,C,True,A,False,A,False,True,0
lever_thinking_gate_seed42.jsonl,GPQA-Diamond,thinking_gate,rec0wZvZgiz320KRs,3,B,B,B,True,True,B,True,B,True,D,False,True,0
lever_thinking_gate_seed42.jsonl,GPQA-Diamond,thinking_gate,recypVp2NmPlBKVTp,3,A,A,A,True,True,A,True,A,True,A,True,True,0
lever_thinking_gate_seed42.jsonl,GPQA-Diamond,thinking_gate,recINSFEYLCyyd08m,3,A,A,A,True,True,A,True,A,True,C,False,True,0
lever_thinking_gate_seed42.jsonl,GPQA-Diamond,thinking_gate,rechKl68Uc6H7vU0N,3,A,A,A,True,True,A,True,A,True,C,False,True,0
lever_thinking_gate_seed42.jsonl,GPQA-Diamond,thinking_gate,recnawZPumSCLMVgp,3,A,B,B,False,True,B,False,A,True,B,False,True,0
lever_thinking_gate_seed42.jsonl,GPQA-Diamond,thinking_gate,rec527dNeEtWJrYNl,3,B,B,B,True,True,B,True,B,True,B,True,True,2
lever_thinking_gate_seed42.jsonl,GPQA-Diamond,thinking_gate,rec4r4KWNLrT7g2kR,3,D,D,D,True,True,D,True,D,True,D,True,True,0
lever_thinking_gate_seed42.jsonl,GPQA-Diamond,thinking_gate,recVvpD8miVjmmyfe,3,D,B,B,False,True,B,False,D,True,D,True,True,0
lever_thinking_gate_seed42.jsonl,GPQA-Diamond,thinking_gate,rec0yTRmO1o1xCA6H,3,C,D,D,False,True,D,False,D,False,D,False,True,0
lever_thinking_gate_seed42.jsonl,GPQA-Diamond,thinking_gate,recQiWOxhkXRz9NVE,3,C,C,C,True,True,C,True,C,True,C,True,True,0
lever_thinking_gate_seed42.jsonl,GPQA-Diamond,thinking_gate,recnTTKdBzfuoZ7w7,3,D,A,A,False,True,A,False,A,False,A,False,False,0
lever_thinking_gate_seed42.jsonl,GPQA-Diamond,thinking_gate,recb80OwMgNnceA9t,3,A,A,A,True,True,A,True,A,True,A,True,True,1
lever_thinking_gate_seed42.jsonl,GPQA-Diamond,thinking_gate,recE2ihVfqEK4R9d0,3,C,C,C,True,True,C,True,C,True,C,True,True,0
lever_thinking_gate_seed42.jsonl,GPQA-Diamond,thinking_gate,rec6sE2CRtD4drtHg,3,C,C,C,True,True,C,True,C,True,C,True,True,0
lever_thinking_gate_seed42.jsonl,GPQA-Diamond,thinking_gate,reczjcMtrB1YGS2fO,3,A,C,C,False,True,B,False,B,False,C,False,True,0
lever_thinking_gate_seed42.jsonl,GPQA-Diamond,thinking_gate,recDj2Y2BbtV02Wv5,3,B,D,D,False,True,D,False,D,False,B,True,True,1
lever_thinking_gate_seed42.jsonl,GPQA-Diamond,thinking_gate,recpki12iG9RUGrz9,3,D,D,D,True,True,D,True,D,True,D,True,True,0
lever_thinking_gate_seed42.jsonl,GPQA-Diamond,thinking_gate,recIj8lR4tuDgrHou,3,C,C,C,True,True,C,True,C,True,D,False,True,0
lever_thinking_gate_seed42.jsonl,GPQA-Diamond,thinking_gate,recGFNRVl1qBZGwyU,3,B,D,D,False,True,C,False,C,False,D,False,False,0
lever_thinking_gate_seed42.jsonl,GPQA-Diamond,thinking_gate,rec260hNUCEj109Dj,3,C,C,C,True,True,C,True,C,True,C,True,True,0
lever_thinking_gate_seed42.jsonl,GPQA-Diamond,thinking_gate,rec5rjeLsEq5Fg7Oj,3,D,C,C,False,True,C,False,C,False,C,False,True,0
lever_thinking_gate_seed42.jsonl,GPQA-Diamond,thinking_gate,recLAgwx9vbgB5EHk,3,B,B,B,True,True,B,True,B,True,B,True,True,0
lever_thinking_gate_seed42.jsonl,GPQA-Diamond,thinking_gate,recXvQ6gWAmyakrpD,3,B,B,B,True,True,B,True,B,True,B,True,True,0
lever_thinking_gate_seed42.jsonl,GPQA-Diamond,thinking_gate,recWPMm91mGDLXONm,3,D,D,D,True,True,D,True,D,True,D,True,True,0
lever_thinking_gate_seed42.jsonl,GPQA-Diamond,thinking_gate,recSBcGLPatKb3Ygu,3,D,D,D,True,True,D,True,D,True,D,True,True,0
lever_thinking_gate_seed42.jsonl,GPQA-Diamond,thinking_gate,recHVUd2DkoKfedJZ,3,A,A,A,True,True,A,True,A,True,A,True,True,0
lever_thinking_gate_seed42.jsonl,GPQA-Diamond,thinking_gate,recOvqPKUtyy9ISA1,3,D,D,D,True,True,D,True,C,False,C,False,True,0
lever_thinking_gate_seed42.jsonl,GPQA-Diamond,thinking_gate,recVEXvhYxAhELVqB,3,A,A,A,True,True,A,True,A,True,A,True,True,0
lever_thinking_gate_seed42.jsonl,GPQA-Diamond,thinking_gate,reczzzihL7btBH7RO,3,A,C,C,False,True,C,False,C,False,C,False,False,0
lever_thinking_gate_seed42.jsonl,GPQA-Diamond,thinking_gate,recmI7EiLv72PxmYK,3,B,B,B,True,True,B,True,B,True,D,False,True,0
lever_thinking_gate_seed42.jsonl,GPQA-Diamond,thinking_gate,recPSTGXK3P39yNYT,3,C,C,C,True,True,C,True,C,True,C,True,True,0
lever_thinking_gate_seed42.jsonl,GPQA-Diamond,thinking_gate,recatj4YXzbOaq3Ar,3,C,C,C,True,True,C,True,C,True,C,True,True,0
lever_thinking_gate_seed42.jsonl,GPQA-Diamond,thinking_gate,recIlghoOw5VbY4Zh,3,C,C,C,True,True,C,True,C,True,C,True,True,0
lever_thinking_gate_seed42.jsonl,GPQA-Diamond,thinking_gate,recL9MFV5zmdlle5T,3,D,D,D,True,True,D,True,D,True,D,True,True,0
lever_thinking_gate_seed42.jsonl,GPQA-Diamond,thinking_gate,recnGEpF1srQpaqWq,3,B,B,B,True,True,B,True,B,True,B,True,True,1
lever_thinking_gate_seed42.jsonl,GPQA-Diamond,thinking_gate,recEmTBhx2hgw6tPQ,3,B,B,B,True,True,B,True,B,True,A,False,True,0
lever_thinking_gate_seed42.jsonl,GPQA-Diamond,thinking_gate,recwW1A85nfyQpReG,3,C,B,B,False,True,B,False,B,False,B,False,True,0
lever_thinking_gate_seed42.jsonl,GPQA-Diamond,thinking_gate,rec4L69T0Y1AS4AFS,3,B,B,B,True,True,B,True,B,True,B,True,True,0
lever_thinking_gate_seed42.jsonl,GPQA-Diamond,thinking_gate,recMicVBcqy1xM1jq,3,B,D,D,False,True,D,False,D,False,D,False,False,0
lever_thinking_gate_seed42.jsonl,GPQA-Diamond,thinking_gate,recNuT2oSnO86bxOx,3,D,D,D,True,True,D,True,D,True,D,True,True,0
lever_thinking_gate_seed42.jsonl,GPQA-Diamond,thinking_gate,recGee5m84dg5FZkc,3,C,B,B,False,True,B,False,C,True,C,True,True,0
lever_thinking_gate_seed42.jsonl,GPQA-Diamond,thinking_gate,recdya6FuYraBU5Rh,3,B,B,B,True,True,B,True,B,True,B,True,True,0
lever_thinking_gate_seed42.jsonl,GPQA-Diamond,thinking_gate,recwlwlcPvXVNPmvl,3,D,D,D,True,True,D,True,D,True,D,True,True,0
lever_thinking_gate_seed42.jsonl,GPQA-Diamond,thinking_gate,recJZ3QEfRKjYw9a7,3,A,D,D,False,True,D,False,D,False,D,False,True,0
lever_thinking_gate_seed42.jsonl,GPQA-Diamond,thinking_gate,rectXfsCM1dj4Kv2c,3,C,C,C,True,True,C,True,C,True,C,True,True,0
lever_thinking_gate_seed42.jsonl,GPQA-Diamond,thinking_gate,recooG6bivTUJpDBz,3,A,D,D,False,True,D,False,A,True,D,False,True,0
lever_thinking_gate_seed42.jsonl,GPQA-Diamond,thinking_gate,recaXdGn3FAIkxLGM,3,D,C,C,False,True,D,True,D,True,C,False,True,0
lever_thinking_gate_seed42.jsonl,GPQA-Diamond,thinking_gate,recO3hvCWRGiG0odN,3,B,B,B,True,True,B,True,B,True,B,True,True,0
lever_thinking_gate_seed42.jsonl,GPQA-Diamond,thinking_gate,reccOKzFNmyqeJ6ry,3,D,D,D,True,True,D,True,D,True,B,False,True,0
lever_thinking_gate_seed42.jsonl,GPQA-Diamond,thinking_gate,rec06pnAkLOr2t2mp,3,B,B,B,True,True,B,True,B,True,B,True,True,0
lever_thinking_gate_seed42.jsonl,GPQA-Diamond,thinking_gate,rec7C06XOB2h298ue,3,D,D,D,True,True,D,True,D,True,D,True,True,0
lever_thinking_gate_seed42.jsonl,GPQA-Diamond,thinking_gate,recs3PLPUEMiqg4P8,3,C,D,D,False,True,D,False,D,False,D,False,False,0
lever_thinking_gate_seed42.jsonl,GPQA-Diamond,thinking_gate,reckEnrOPFT9Ru7tW,3,B,B,B,True,True,B,True,B,True,B,True,True,0
lever_thinking_gate_seed42.jsonl,GPQA-Diamond,thinking_gate,rechgQucGlrnt8KRV,3,B,B,B,True,True,B,True,B,True,B,True,True,0
lever_thinking_gate_seed42.jsonl,GPQA-Diamond,thinking_gate,recoiTJPGUmzAkief,3,D,D,D,True,True,D,True,D,True,D,True,True,0
lever_thinking_gate_seed42.jsonl,GPQA-Diamond,thinking_gate,reck4G4xxv3YnpbtQ,3,B,A,A,False,True,A,False,C,False,C,False,False,0
lever_thinking_gate_seed42.jsonl,GPQA-Diamond,thinking_gate,reccVFW11Elovnf8T,3,C,D,D,False,True,B,False,B,False,B,False,True,0
lever_thinking_gate_seed42.jsonl,GPQA-Diamond,thinking_gate,recI1ls9OXdxatHQn,3,A,A,A,True,True,A,True,A,True,A,True,True,0
lever_thinking_gate_seed42.jsonl,GPQA-Diamond,thinking_gate,recRZjaElf8ft7xTq,3,C,B,B,False,True,A,False,A,False,B,False,True,0
lever_thinking_gate_seed42.jsonl,GPQA-Diamond,thinking_gate,recIOlKBsOeEcgkA1,3,D,D,D,True,True,D,True,D,True,D,True,True,0
lever_thinking_gate_seed42.jsonl,GPQA-Diamond,thinking_gate,recmkvk6EFAmqyMxR,3,B,B,B,True,True,B,True,B,True,B,True,True,0
lever_thinking_gate_seed42.jsonl,GPQA-Diamond,thinking_gate,rechtUKxC6G67H7Pr,3,C,C,C,True,True,C,True,C,True,C,True,True,1
lever_thinking_gate_seed42.jsonl,GPQA-Diamond,thinking_gate,reczUoM8JsxU6pYxr,3,D,D,D,True,True,D,True,D,True,D,True,True,2
lever_thinking_gate_seed42.jsonl,GPQA-Diamond,thinking_gate,rec8y3ZrBOcLgNEkE,3,B,B,B,True,True,B,True,B,True,B,True,True,0
lever_thinking_gate_seed42.jsonl,GPQA-Diamond,thinking_gate,recclFbsjbaiVVnnV,3,C,A,A,False,True,A,False,A,False,B,False,False,0
lever_thinking_gate_seed42.jsonl,GPQA-Diamond,thinking_gate,rec5eA17Qr1ucNLUf,3,C,C,C,True,True,C,True,C,True,A,False,True,0
lever_thinking_gate_seed42.jsonl,GPQA-Diamond,thinking_gate,recPIzpnuYpB4yvmp,3,D,D,D,True,True,D,True,D,True,C,False,True,0
lever_thinking_gate_seed42.jsonl,GPQA-Diamond,thinking_gate,recINGR1z01Fh1Z3A,3,C,C,C,True,True,C,True,C,True,C,True,True,0
lever_thinking_gate_seed42.jsonl,GPQA-Diamond,thinking_gate,recPL4ZPpVYxgMu57,3,A,A,A,True,True,A,True,A,True,A,True,True,2
lever_thinking_gate_seed42.jsonl,GPQA-Diamond,thinking_gate,reczkBiPPNrNN49Hp,3,B,B,B,True,True,B,True,B,True,B,True,True,0
lever_thinking_gate_seed42.jsonl,GPQA-Diamond,thinking_gate,receo3UUzRvWCqyfA,3,C,C,C,True,True,C,True,C,True,C,True,True,0
lever_thinking_gate_seed42.jsonl,GPQA-Diamond,thinking_gate,recJJcOHhFeSaRpl4,3,C,C,C,True,True,C,True,C,True,C,True,True,0
lever_thinking_gate_seed42.jsonl,GPQA-Diamond,thinking_gate,recUOePh79cp4T2Bg,3,B,C,C,False,True,C,False,C,False,C,False,False,0
lever_thinking_gate_seed42.jsonl,GPQA-Diamond,thinking_gate,recLSzwBUS3olCjhl,3,C,C,C,True,True,C,True,C,True,C,True,True,0
lever_thinking_gate_seed42.jsonl,GPQA-Diamond,thinking_gate,recuYEkVjdVUwA3c0,3,C,C,C,True,True,C,True,C,True,A,False,True,0
lever_thinking_gate_seed42.jsonl,GPQA-Diamond,thinking_gate,recv7GsQg3f0fvB1f,3,A,A,A,True,True,A,True,A,True,A,True,True,0
lever_thinking_gate_seed42.jsonl,GPQA-Diamond,thinking_gate,receYQxnUBvxPcvbQ,3,B,B,B,True,True,B,True,B,True,D,False,True,0
lever_thinking_gate_seed42.jsonl,GPQA-Diamond,thinking_gate,recn3NhOhqAPLda16,3,D,C,C,False,True,C,False,D,True,C,False,True,0
lever_thinking_gate_seed42.jsonl,GPQA-Diamond,thinking_gate,recihePFulRgNKsIn,3,A,C,C,False,True,C,False,C,False,C,False,False,0
lever_thinking_gate_seed42.jsonl,GPQA-Diamond,thinking_gate,recf6ayQmL1SxKbvW,3,D,A,A,False,True,A,False,A,False,A,False,False,0
lever_thinking_gate_seed42.jsonl,GPQA-Diamond,thinking_gate,recrNbtgTNoabJJi6,3,D,A,A,False,True,A,False,A,False,D,True,True,0
lever_thinking_gate_seed42.jsonl,GPQA-Diamond,thinking_gate,recjJ54TXc04enRkZ,3,A,B,B,False,True,D,False,D,False,D,False,True,0
lever_thinking_gate_seed42.jsonl,GPQA-Diamond,thinking_gate,recFaL6j8UMhutXrc,3,A,A,A,True,True,A,True,A,True,A,True,True,0
lever_thinking_gate_seed42.jsonl,GPQA-Diamond,thinking_gate,rec8nshandHARTkrg,3,B,A,A,False,True,A,False,D,False,A,False,False,0
lever_thinking_gate_seed42.jsonl,GPQA-Diamond,thinking_gate,recr3VHM4zYf6dMFY,3,B,A,A,False,True,A,False,A,False,A,False,True,0
lever_thinking_gate_seed42.jsonl,GPQA-Diamond,thinking_gate,recfTlTMjZBuOducT,3,D,D,D,True,True,D,True,D,True,D,True,True,0
lever_thinking_gate_seed42.jsonl,GPQA-Diamond,thinking_gate,recXsuOHRBLcyenF2,3,A,A,A,True,True,A,True,A,True,A,True,True,0
lever_thinking_gate_seed42.jsonl,GPQA-Diamond,thinking_gate,recOkA2zsy4GSMD9R,3,B,D,D,False,True,D,False,B,True,D,False,True,0
lever_thinking_gate_seed42.jsonl,GPQA-Diamond,thinking_gate,recBhnXrUyTJ6WHIR,3,D,B,B,False,True,B,False,D,True,B,False,True,0
lever_thinking_gate_seed42.jsonl,GPQA-Diamond,thinking_gate,reckl6PkaEMWM50yZ,3,C,A,A,False,True,A,False,C,True,C,True,True,0
lever_thinking_gate_seed7.jsonl,GPQA-Diamond,thinking_gate,recz3MfYHPRhsEQkW,3,D,D,D,True,True,D,True,D,True,D,True,True,0
lever_thinking_gate_seed7.jsonl,GPQA-Diamond,thinking_gate,recoiTJPGUmzAkief,3,A,A,A,True,True,A,True,A,True,A,True,True,0
lever_thinking_gate_seed7.jsonl,GPQA-Diamond,thinking_gate,recooG6bivTUJpDBz,3,D,A,A,False,True,A,False,A,False,A,False,True,0
lever_thinking_gate_seed7.jsonl,GPQA-Diamond,thinking_gate,recrHBEJJoDTV05JR,3,A,A,A,True,True,A,True,A,True,A,True,True,0
lever_thinking_gate_seed7.jsonl,GPQA-Diamond,thinking_gate,rec527dNeEtWJrYNl,3,A,A,A,True,True,A,True,A,True,A,True,True,0
lever_thinking_gate_seed7.jsonl,GPQA-Diamond,thinking_gate,recOvqPKUtyy9ISA1,3,D,D,D,True,True,D,True,D,True,D,True,True,0
lever_thinking_gate_seed7.jsonl,GPQA-Diamond,thinking_gate,recYt8xx80OTyDsL0,3,C,C,C,True,True,C,True,C,True,C,True,True,0
lever_thinking_gate_seed7.jsonl,GPQA-Diamond,thinking_gate,rec0yTRmO1o1xCA6H,3,B,D,D,False,True,D,False,D,False,D,False,False,0
lever_thinking_gate_seed7.jsonl,GPQA-Diamond,thinking_gate,recmwwQJnx7ll7bqL,3,D,D,D,True,True,D,True,D,True,D,True,True,0
lever_thinking_gate_seed7.jsonl,GPQA-Diamond,thinking_gate,recVvpD8miVjmmyfe,3,C,D,D,False,True,B,False,B,False,C,True,True,0
lever_thinking_gate_seed7.jsonl,GPQA-Diamond,thinking_gate,rec2UlKqC6RFHdcro,3,B,B,B,True,True,B,True,B,True,B,True,True,0
lever_thinking_gate_seed7.jsonl,GPQA-Diamond,thinking_gate,reczUoM8JsxU6pYxr,3,A,A,A,True,True,A,True,A,True,A,True,True,1
lever_thinking_gate_seed7.jsonl,GPQA-Diamond,thinking_gate,recFaL6j8UMhutXrc,3,B,B,B,True,True,B,True,B,True,B,True,True,0
lever_thinking_gate_seed7.jsonl,GPQA-Diamond,thinking_gate,recD8oX1KevFbl7bL,3,B,B,B,True,True,B,True,B,True,B,True,True,0
lever_thinking_gate_seed7.jsonl,GPQA-Diamond,thinking_gate,recYOzCsevNz61Lyn,3,C,C,C,True,True,C,True,C,True,C,True,True,0
lever_thinking_gate_seed7.jsonl,GPQA-Diamond,thinking_gate,recBXlqrZUCR897It,3,B,A,A,False,True,A,False,A,False,A,False,False,0
lever_thinking_gate_seed7.jsonl,GPQA-Diamond,thinking_gate,recEmTBhx2hgw6tPQ,3,B,B,B,True,True,B,True,C,False,B,True,True,0
lever_thinking_gate_seed7.jsonl,GPQA-Diamond,thinking_gate,recDDxpS9s8cwkqfq,3,C,C,C,True,True,C,True,C,True,C,True,True,0
lever_thinking_gate_seed7.jsonl,GPQA-Diamond,thinking_gate,recIMcQfaQNa6vzsT,3,C,C,C,True,True,C,True,C,True,B,False,True,0
lever_thinking_gate_seed7.jsonl,GPQA-Diamond,thinking_gate,rec47oNPXudlTIk4y,3,B,A,A,False,True,A,False,A,False,C,False,False,0
lever_thinking_gate_seed7.jsonl,GPQA-Diamond,thinking_gate,rec0Arme2jcXQZnAW,3,A,B,B,False,True,B,False,B,False,B,False,True,0
lever_thinking_gate_seed7.jsonl,GPQA-Diamond,thinking_gate,reck4G4xxv3YnpbtQ,3,C,B,B,False,True,B,False,B,False,B,False,False,0
lever_thinking_gate_seed7.jsonl,GPQA-Diamond,thinking_gate,recb80OwMgNnceA9t,3,D,D,D,True,True,D,True,B,False,D,True,True,0
lever_thinking_gate_seed7.jsonl,GPQA-Diamond,thinking_gate,recS48OsU6kVadBPW,3,B,B,B,True,True,B,True,B,True,B,True,True,0
lever_thinking_gate_seed7.jsonl,GPQA-Diamond,thinking_gate,reccVBrYdwsB84fGy,3,D,A,A,False,True,A,False,D,True,A,False,True,0
lever_thinking_gate_seed7.jsonl,GPQA-Diamond,thinking_gate,recyl3usDqb7ruXJx,3,B,B,B,True,True,B,True,B,True,B,True,True,0
lever_thinking_gate_seed7.jsonl,GPQA-Diamond,thinking_gate,recPzW1WqRnPs57D6,3,A,A,A,True,True,A,True,A,True,A,True,True,0
lever_thinking_gate_seed7.jsonl,GPQA-Diamond,thinking_gate,rec1zl5LvaatzGhFt,3,D,D,D,True,True,D,True,D,True,D,True,True,0
lever_thinking_gate_seed7.jsonl,GPQA-Diamond,thinking_gate,recPSTGXK3P39yNYT,3,B,B,B,True,True,B,True,B,True,B,True,True,0
lever_thinking_gate_seed7.jsonl,GPQA-Diamond,thinking_gate,recpki12iG9RUGrz9,3,C,C,C,True,True,C,True,C,True,C,True,True,0
lever_thinking_gate_seed7.jsonl,GPQA-Diamond,thinking_gate,recihePFulRgNKsIn,3,C,D,D,False,True,D,False,D,False,D,False,False,0
lever_thinking_gate_seed7.jsonl,GPQA-Diamond,thinking_gate,recRhwQwHijW0gCLo,3,B,B,B,True,True,B,True,A,False,B,True,True,0
lever_thinking_gate_seed7.jsonl,GPQA-Diamond,thinking_gate,recdya6FuYraBU5Rh,3,A,A,A,True,True,A,True,A,True,A,True,True,0
lever_thinking_gate_seed7.jsonl,GPQA-Diamond,thinking_gate,recwW1A85nfyQpReG,3,C,C,C,True,True,C,True,C,True,C,True,True,0
lever_thinking_gate_seed7.jsonl,GPQA-Diamond,thinking_gate,recf6ayQmL1SxKbvW,3,D,B,B,False,True,B,False,B,False,B,False,False,0
lever_thinking_gate_seed7.jsonl,GPQA-Diamond,thinking_gate,recXsYa3i2UhGF5fe,3,B,B,B,True,True,B,True,B,True,D,False,True,1
lever_thinking_gate_seed7.jsonl,GPQA-Diamond,thinking_gate,recWxGU8Q4YReJ1tb,3,D,A,A,False,True,A,False,A,False,D,True,True,0
lever_thinking_gate_seed7.jsonl,GPQA-Diamond,thinking_gate,recjJ54TXc04enRkZ,3,C,A,A,False,True,A,False,A,False,A,False,True,0
lever_thinking_gate_seed7.jsonl,GPQA-Diamond,thinking_gate,recHVUd2DkoKfedJZ,3,C,C,C,True,True,C,True,C,True,C,True,True,0
lever_thinking_gate_seed7.jsonl,GPQA-Diamond,thinking_gate,rec06pnAkLOr2t2mp,3,A,A,A,True,True,A,True,A,True,A,True,True,0
lever_thinking_gate_seed7.jsonl,GPQA-Diamond,thinking_gate,recRTiyaRymerDJ4y,3,B,C,C,False,True,C,False,B,True,C,False,True,0
lever_thinking_gate_seed7.jsonl,GPQA-Diamond,thinking_gate,recQ8oxSY2aCwFRS8,3,C,C,C,True,True,C,True,C,True,C,True,True,0
lever_thinking_gate_seed7.jsonl,GPQA-Diamond,thinking_gate,recAYkd96NNuNl1Ei,3,B,D,D,False,True,D,False,D,False,A,False,False,0
lever_thinking_gate_seed7.jsonl,GPQA-Diamond,thinking_gate,recINSFEYLCyyd08m,3,A,D,D,False,True,D,False,A,True,A,True,True,0
lever_thinking_gate_seed7.jsonl,GPQA-Diamond,thinking_gate,reca44yABeO2fx7UB,3,D,D,D,True,True,D,True,D,True,D,True,True,0
lever_thinking_gate_seed7.jsonl,GPQA-Diamond,thinking_gate,recJZ3QEfRKjYw9a7,3,D,D,D,True,True,D,True,D,True,C,False,True,0
lever_thinking_gate_seed7.jsonl,GPQA-Diamond,thinking_gate,rechKl68Uc6H7vU0N,3,B,A,A,False,True,A,False,B,True,B,True,True,0
lever_thinking_gate_seed7.jsonl,GPQA-Diamond,thinking_gate,recRZjaElf8ft7xTq,3,D,D,D,True,True,D,True,D,True,C,False,True,0
lever_thinking_gate_seed7.jsonl,GPQA-Diamond,thinking_gate,recb4cGsC6BJUCU3V,3,D,C,C,False,True,C,False,C,False,C,False,True,0
lever_thinking_gate_seed7.jsonl,GPQA-Diamond,thinking_gate,rectlyG9pCAAuWhoB,3,C,A,A,False,True,A,False,A,False,A,False,False,0
lever_thinking_gate_seed7.jsonl,GPQA-Diamond,thinking_gate,recvlnu8BuLmXZhSX,3,B,B,B,True,True,B,True,D,False,D,False,True,0
lever_thinking_gate_seed7.jsonl,GPQA-Diamond,thinking_gate,recxsX66ktJ1Lwt4f,3,A,A,A,True,True,A,True,A,True,A,True,True,0
lever_thinking_gate_seed7.jsonl,GPQA-Diamond,thinking_gate,recYCMJWH7IpcdqwE,3,D,D,D,True,True,D,True,D,True,D,True,True,0
lever_thinking_gate_seed7.jsonl,GPQA-Diamond,thinking_gate,recMicVBcqy1xM1jq,3,B,D,D,False,True,D,False,D,False,D,False,False,0
lever_thinking_gate_seed7.jsonl,GPQA-Diamond,thinking_gate,recLrRirj7iXoB0rU,3,C,C,C,True,True,C,True,C,True,C,True,True,0
lever_thinking_gate_seed7.jsonl,GPQA-Diamond,thinking_gate,recclFbsjbaiVVnnV,3,D,B,B,False,True,B,False,B,False,C,False,False,0
lever_thinking_gate_seed7.jsonl,GPQA-Diamond,thinking_gate,recReg13iV2HwJTaA,3,B,B,B,True,True,B,True,B,True,B,True,True,0
lever_thinking_gate_seed7.jsonl,GPQA-Diamond,thinking_gate,recUc29lMDBEvurYo,3,A,B,B,False,True,B,False,B,False,B,False,False,0
lever_thinking_gate_seed7.jsonl,GPQA-Diamond,thinking_gate,recZWeueB7lSPR6wN,3,B,B,B,True,True,B,True,D,False,B,True,True,0
lever_thinking_gate_seed7.jsonl,GPQA-Diamond,thinking_gate,rec32C1ZEapBnCC0E,3,D,D,D,True,True,D,True,D,True,D,True,True,0
lever_thinking_gate_seed7.jsonl,GPQA-Diamond,thinking_gate,recZbxrocrxh9YENH,3,A,D,D,False,True,A,True,A,True,D,False,True,0
lever_thinking_gate_seed7.jsonl,GPQA-Diamond,thinking_gate,recKv4hFyNpViUXnL,3,B,B,B,True,True,B,True,B,True,B,True,True,0
lever_thinking_gate_seed7.jsonl,GPQA-Diamond,thinking_gate,recVE8cUNHpHZIAvL,3,B,B,B,True,True,B,True,B,True,D,False,True,0
lever_thinking_gate_seed7.jsonl,GPQA-Diamond,thinking_gate,recGFKDUd8qgz81Zl,3,C,C,C,True,True,C,True,C,True,B,False,True,0
lever_thinking_gate_seed7.jsonl,GPQA-Diamond,thinking_gate,recXvQ6gWAmyakrpD,3,C,C,C,True,True,C,True,C,True,C,True,True,0
lever_thinking_gate_seed7.jsonl,GPQA-Diamond,thinking_gate,rec4L69T0Y1AS4AFS,3,A,A,A,True,True,A,True,A,True,A,True,True,0
lever_thinking_gate_seed7.jsonl,GPQA-Diamond,thinking_gate,recUBgVlkKzcRPDdK,3,D,B,B,False,True,B,False,B,False,B,False,False,0
lever_thinking_gate_seed7.jsonl,GPQA-Diamond,thinking_gate,recKm6LNWykGapmCr,3,B,A,A,False,True,A,False,B,True,A,False,True,0
lever_thinking_gate_seed7.jsonl,GPQA-Diamond,thinking_gate,recxTy0x7M6T9ikc0,3,D,D,D,True,True,D,True,D,True,D,True,True,0
lever_thinking_gate_seed7.jsonl,GPQA-Diamond,thinking_gate,recXsuOHRBLcyenF2,3,D,D,D,True,True,D,True,D,True,D,True,True,0
lever_thinking_gate_seed7.jsonl,GPQA-Diamond,thinking_gate,recQiWOxhkXRz9NVE,3,D,D,D,True,True,D,True,D,True,D,True,True,0
lever_thinking_gate_seed7.jsonl,GPQA-Diamond,thinking_gate,receYQxnUBvxPcvbQ,3,C,C,C,True,True,C,True,C,True,C,True,True,0
lever_thinking_gate_seed7.jsonl,GPQA-Diamond,thinking_gate,recLB0EkQ54bYVhnd,3,A,A,A,True,True,A,True,A,True,B,False,True,0
lever_thinking_gate_seed7.jsonl,GPQA-Diamond,thinking_gate,recCJJOeBGERaHYax,3,C,C,C,True,True,C,True,C,True,D,False,True,0
lever_thinking_gate_seed7.jsonl,GPQA-Diamond,thinking_gate,recqFDvYKKRmbnoUb,3,D,D,D,True,True,D,True,D,True,D,True,True,0
lever_thinking_gate_seed7.jsonl,GPQA-Diamond,thinking_gate,recfTlTMjZBuOducT,3,A,A,A,True,True,A,True,A,True,A,True,True,0
lever_thinking_gate_seed7.jsonl,GPQA-Diamond,thinking_gate,recNu3MXkvWUzHZr9,3,C,C,C,True,True,C,True,C,True,B,False,True,0
lever_thinking_gate_seed7.jsonl,GPQA-Diamond,thinking_gate,recIlghoOw5VbY4Zh,3,B,B,B,True,True,B,True,B,True,B,True,True,1
lever_thinking_gate_seed7.jsonl,GPQA-Diamond,thinking_gate,recb2M22zaD3tL6Qc,3,B,C,C,False,True,A,False,A,False,B,True,True,0
lever_thinking_gate_seed7.jsonl,GPQA-Diamond,thinking_gate,rec0wZvZgiz320KRs,3,C,C,C,True,True,C,True,C,True,B,False,True,0
lever_thinking_gate_seed7.jsonl,GPQA-Diamond,thinking_gate,reccOKzFNmyqeJ6ry,3,D,D,D,True,True,D,True,D,True,D,True,True,0
lever_thinking_gate_seed7.jsonl,GPQA-Diamond,thinking_gate,recKcjTwONILZqHAX,3,C,C,C,True,True,C,True,C,True,C,True,True,1
lever_thinking_gate_seed7.jsonl,GPQA-Diamond,thinking_gate,recmI7EiLv72PxmYK,3,B,B,B,True,True,B,True,B,True,B,True,True,0
lever_thinking_gate_seed7.jsonl,GPQA-Diamond,thinking_gate,reczkBiPPNrNN49Hp,3,D,D,D,True,True,D,True,D,True,D,True,True,0
lever_thinking_gate_seed7.jsonl,GPQA-Diamond,thinking_gate,recIDiDKKrN61Auyr,3,A,A,A,True,True,A,True,A,True,A,True,True,0
lever_thinking_gate_seed7.jsonl,GPQA-Diamond,thinking_gate,recmkvk6EFAmqyMxR,3,D,B,B,False,True,B,False,D,True,B,False,True,0
lever_thinking_gate_seed7.jsonl,GPQA-Diamond,thinking_gate,receo3UUzRvWCqyfA,3,D,D,D,True,True,D,True,D,True,D,True,True,1
lever_thinking_gate_seed7.jsonl,GPQA-Diamond,thinking_gate,rec2ZTsqazBZ3LTWZ,3,A,A,A,True,True,A,True,C,False,A,True,True,0
lever_thinking_gate_seed7.jsonl,GPQA-Diamond,thinking_gate,recyrk6XBVwugG5u8,3,A,B,B,False,True,B,False,A,True,A,True,True,0
lever_thinking_seed42.jsonl,GPQA-Diamond,thinking,recypVp2NmPlBKVTp,3,A,A,A,True,True,A,True,A,True,A,True,True,0
lever_thinking_seed42.jsonl,GPQA-Diamond,thinking,rec0wZvZgiz320KRs,3,B,B,B,True,True,B,True,B,True,D,False,True,0
lever_thinking_seed42.jsonl,GPQA-Diamond,thinking,recnawZPumSCLMVgp,3,A,B,B,False,True,B,False,A,True,B,False,True,0
lever_thinking_seed42.jsonl,GPQA-Diamond,thinking,recINSFEYLCyyd08m,3,A,C,C,False,True,C,False,C,False,B,False,False,0
lever_thinking_seed42.jsonl,GPQA-Diamond,thinking,rec527dNeEtWJrYNl,3,B,B,B,True,True,B,True,B,True,B,True,True,0
lever_thinking_seed42.jsonl,GPQA-Diamond,thinking,rechKl68Uc6H7vU0N,3,A,A,A,True,True,A,True,A,True,A,True,True,0
lever_thinking_seed42.jsonl,GPQA-Diamond,thinking,recQiWOxhkXRz9NVE,3,C,C,C,True,True,C,True,C,True,C,True,True,0
lever_thinking_seed42.jsonl,GPQA-Diamond,thinking,rec0yTRmO1o1xCA6H,3,C,D,D,False,True,D,False,D,False,D,False,True,0
lever_thinking_seed42.jsonl,GPQA-Diamond,thinking,recVvpD8miVjmmyfe,3,D,D,D,True,True,B,False,B,False,D,True,True,0
lever_thinking_seed42.jsonl,GPQA-Diamond,thinking,recDj2Y2BbtV02Wv5,3,B,D,D,False,True,D,False,D,False,D,False,False,0
lever_thinking_seed42.jsonl,GPQA-Diamond,thinking,rec6sE2CRtD4drtHg,3,C,C,C,True,True,C,True,C,True,C,True,True,0
lever_thinking_seed42.jsonl,GPQA-Diamond,thinking,rec4r4KWNLrT7g2kR,3,D,D,D,True,True,D,True,D,True,D,True,True,0
lever_thinking_seed42.jsonl,GPQA-Diamond,thinking,recE2ihVfqEK4R9d0,3,C,C,C,True,True,C,True,C,True,C,True,True,0
lever_thinking_seed42.jsonl,GPQA-Diamond,thinking,rec5rjeLsEq5Fg7Oj,3,D,D,D,True,True,D,True,D,True,B,False,True,0
lever_thinking_seed42.jsonl,GPQA-Diamond,thinking,reczjcMtrB1YGS2fO,3,A,C,C,False,True,C,False,C,False,C,False,True,0
lever_thinking_seed42.jsonl,GPQA-Diamond,thinking,recnTTKdBzfuoZ7w7,3,D,B,B,False,True,B,False,B,False,C,False,False,0
lever_thinking_seed42.jsonl,GPQA-Diamond,thinking,recpki12iG9RUGrz9,3,D,D,D,True,True,D,True,D,True,D,True,True,0
lever_thinking_seed42.jsonl,GPQA-Diamond,thinking,rec260hNUCEj109Dj,3,C,C,C,True,True,C,True,C,True,C,True,True,0
lever_thinking_seed42.jsonl,GPQA-Diamond,thinking,recIj8lR4tuDgrHou,3,C,C,C,True,True,C,True,C,True,D,False,True,0
lever_thinking_seed42.jsonl,GPQA-Diamond,thinking,recGFNRVl1qBZGwyU,3,B,A,A,False,True,A,False,B,True,B,True,True,0
lever_thinking_seed42.jsonl,GPQA-Diamond,thinking,recXvQ6gWAmyakrpD,3,B,B,B,True,True,B,True,B,True,B,True,True,0
lever_thinking_seed42.jsonl,GPQA-Diamond,thinking,recWPMm91mGDLXONm,3,D,D,D,True,True,D,True,D,True,D,True,True,0
lever_thinking_seed42.jsonl,GPQA-Diamond,thinking,recLAgwx9vbgB5EHk,3,B,B,B,True,True,B,True,B,True,B,True,True,0
lever_thinking_seed42.jsonl,GPQA-Diamond,thinking,recb80OwMgNnceA9t,3,A,A,A,True,True,A,True,C,False,A,True,True,0
lever_thinking_seed42.jsonl,GPQA-Diamond,thinking,recOvqPKUtyy9ISA1,3,D,D,D,True,True,D,True,D,True,D,True,True,0
lever_thinking_seed42.jsonl,GPQA-Diamond,thinking,recSBcGLPatKb3Ygu,3,D,D,D,True,True,D,True,D,True,B,False,True,0
lever_thinking_seed42.jsonl,GPQA-Diamond,thinking,recVEXvhYxAhELVqB,3,A,A,A,True,True,A,True,A,True,A,True,True,0
lever_thinking_seed42.jsonl,GPQA-Diamond,thinking,recmI7EiLv72PxmYK,3,B,B,B,True,True,B,True,D,False,D,False,True,0
lever_thinking_seed42.jsonl,GPQA-Diamond,thinking,recHVUd2DkoKfedJZ,3,A,A,A,True,True,A,True,C,False,C,False,True,0
lever_thinking_seed42.jsonl,GPQA-Diamond,thinking,recPSTGXK3P39yNYT,3,C,C,C,True,True,C,True,C,True,C,True,True,0
lever_thinking_seed42.jsonl,GPQA-Diamond,thinking,recatj4YXzbOaq3Ar,3,C,C,C,True,True,C,True,C,True,C,True,True,0
lever_thinking_seed42.jsonl,GPQA-Diamond,thinking,reczzzihL7btBH7RO,3,A,C,C,False,True,C,False,C,False,A,True,True,0
lever_thinking_seed42.jsonl,GPQA-Diamond,thinking,recIlghoOw5VbY4Zh,3,C,C,C,True,True,C,True,C,True,C,True,True,0
lever_thinking_seed42.jsonl,GPQA-Diamond,thinking,recL9MFV5zmdlle5T,3,D,D,D,True,True,D,True,D,True,D,True,True,0
lever_thinking_seed42.jsonl,GPQA-Diamond,thinking,recEmTBhx2hgw6tPQ,3,B,B,B,True,True,B,True,B,True,B,True,True,0
lever_thinking_seed42.jsonl,GPQA-Diamond,thinking,recMicVBcqy1xM1jq,3,B,D,D,False,True,D,False,D,False,D,False,False,0
lever_thinking_seed42.jsonl,GPQA-Diamond,thinking,rec4L69T0Y1AS4AFS,3,B,B,B,True,True,B,True,B,True,B,True,True,0
lever_thinking_seed42.jsonl,GPQA-Diamond,thinking,recwW1A85nfyQpReG,3,C,B,B,False,True,B,False,B,False,B,False,True,0
lever_thinking_seed42.jsonl,GPQA-Diamond,thinking,recNuT2oSnO86bxOx,3,D,D,D,True,True,D,True,D,True,D,True,True,0
lever_thinking_seed42.jsonl,GPQA-Diamond,thinking,recnGEpF1srQpaqWq,3,B,B,B,True,True,B,True,B,True,B,True,True,1
lever_thinking_seed42.jsonl,GPQA-Diamond,thinking,recdya6FuYraBU5Rh,3,B,B,B,True,True,B,True,B,True,B,True,True,0
lever_thinking_seed42.jsonl,GPQA-Diamond,thinking,recwlwlcPvXVNPmvl,3,D,D,D,True,True,D,True,D,True,D,True,True,0
lever_thinking_seed42.jsonl,GPQA-Diamond,thinking,recJZ3QEfRKjYw9a7,3,A,D,D,False,True,D,False,A,True,D,False,True,0
lever_thinking_seed42.jsonl,GPQA-Diamond,thinking,recooG6bivTUJpDBz,3,A,A,A,True,True,A,True,D,False,A,True,True,0
lever_thinking_seed42.jsonl,GPQA-Diamond,thinking,recaXdGn3FAIkxLGM,3,D,D,D,True,True,D,True,D,True,C,False,True,0
lever_thinking_seed42.jsonl,GPQA-Diamond,thinking,reccOKzFNmyqeJ6ry,3,D,D,D,True,True,D,True,D,True,D,True,True,0
lever_thinking_seed42.jsonl,GPQA-Diamond,thinking,recGee5m84dg5FZkc,3,C,C,C,True,True,C,True,C,True,C,True,True,0
lever_thinking_seed42.jsonl,GPQA-Diamond,thinking,rec06pnAkLOr2t2mp,3,B,B,B,True,True,B,True,B,True,B,True,True,1
lever_thinking_seed42.jsonl,GPQA-Diamond,thinking,recO3hvCWRGiG0odN,3,B,B,B,True,True,B,True,B,True,B,True,True,0
lever_thinking_seed42.jsonl,GPQA-Diamond,thinking,reckEnrOPFT9Ru7tW,3,B,B,B,True,True,B,True,B,True,B,True,True,0
lever_thinking_seed42.jsonl,GPQA-Diamond,thinking,rec7C06XOB2h298ue,3,D,D,D,True,True,D,True,D,True,D,True,True,0
lever_thinking_seed42.jsonl,GPQA-Diamond,thinking,reck4G4xxv3YnpbtQ,3,B,A,A,False,True,A,False,A,False,A,False,False,1
lever_thinking_seed42.jsonl,GPQA-Diamond,thinking,rectXfsCM1dj4Kv2c,3,C,C,C,True,True,C,True,D,False,C,True,True,0
lever_thinking_seed42.jsonl,GPQA-Diamond,thinking,recoiTJPGUmzAkief,3,D,D,D,True,True,D,True,D,True,D,True,True,0
lever_thinking_seed42.jsonl,GPQA-Diamond,thinking,reccVFW11Elovnf8T,3,C,B,B,False,True,B,False,B,False,B,False,True,0
lever_thinking_seed42.jsonl,GPQA-Diamond,thinking,rechgQucGlrnt8KRV,3,B,B,B,True,True,B,True,B,True,A,False,True,0
lever_thinking_seed42.jsonl,GPQA-Diamond,thinking,recRZjaElf8ft7xTq,3,C,C,C,True,True,C,True,C,True,C,True,True,0
lever_thinking_seed42.jsonl,GPQA-Diamond,thinking,recI1ls9OXdxatHQn,3,A,A,A,True,True,A,True,A,True,A,True,True,0
lever_thinking_seed42.jsonl,GPQA-Diamond,thinking,recmkvk6EFAmqyMxR,3,B,B,B,True,True,B,True,B,True,B,True,True,0
lever_thinking_seed42.jsonl,GPQA-Diamond,thinking,recIOlKBsOeEcgkA1,3,D,D,D,True,True,D,True,D,True,D,True,True,0
lever_thinking_seed42.jsonl,GPQA-Diamond,thinking,rechtUKxC6G67H7Pr,3,C,C,C,True,True,C,True,C,True,C,True,True,1
lever_thinking_seed42.jsonl,GPQA-Diamond,thinking,rec8y3ZrBOcLgNEkE,3,B,B,B,True,True,B,True,B,True,B,True,True,0
lever_thinking_seed42.jsonl,GPQA-Diamond,thinking,recs3PLPUEMiqg4P8,3,C,D,D,False,True,D,False,D,False,D,False,False,0
lever_thinking_seed42.jsonl,GPQA-Diamond,thinking,recclFbsjbaiVVnnV,3,C,B,B,False,True,A,False,A,False,B,False,True,0
lever_thinking_seed42.jsonl,GPQA-Diamond,thinking,reczUoM8JsxU6pYxr,3,D,D,D,True,True,D,True,C,False,C,False,True,0
lever_thinking_seed42.jsonl,GPQA-Diamond,thinking,rec5eA17Qr1ucNLUf,3,C,C,C,True,True,C,True,C,True,A,False,True,0
lever_thinking_seed42.jsonl,GPQA-Diamond,thinking,recINGR1z01Fh1Z3A,3,C,C,C,True,True,C,True,C,True,C,True,True,0
lever_thinking_seed42.jsonl,GPQA-Diamond,thinking,recPL4ZPpVYxgMu57,3,A,A,A,True,True,A,True,A,True,A,True,True,1
lever_thinking_seed42.jsonl,GPQA-Diamond,thinking,reczkBiPPNrNN49Hp,3,B,B,B,True,True,B,True,B,True,B,True,True,0
lever_thinking_seed42.jsonl,GPQA-Diamond,thinking,receo3UUzRvWCqyfA,3,C,C,C,True,True,C,True,C,True,C,True,True,0
lever_thinking_seed42.jsonl,GPQA-Diamond,thinking,recPIzpnuYpB4yvmp,3,D,D,D,True,True,D,True,D,True,C,False,True,0
lever_thinking_seed42.jsonl,GPQA-Diamond,thinking,recJJcOHhFeSaRpl4,3,C,C,C,True,True,C,True,C,True,C,True,True,0
lever_thinking_seed42.jsonl,GPQA-Diamond,thinking,recLSzwBUS3olCjhl,3,C,C,C,True,True,C,True,C,True,C,True,True,0
lever_thinking_seed42.jsonl,GPQA-Diamond,thinking,recuYEkVjdVUwA3c0,3,C,A,A,False,True,C,True,C,True,A,False,True,0
lever_thinking_seed42.jsonl,GPQA-Diamond,thinking,recUOePh79cp4T2Bg,3,B,C,C,False,True,C,False,C,False,C,False,False,0
lever_thinking_seed42.jsonl,GPQA-Diamond,thinking,receYQxnUBvxPcvbQ,3,B,B,B,True,True,B,True,B,True,B,True,True,0
lever_thinking_seed42.jsonl,GPQA-Diamond,thinking,recv7GsQg3f0fvB1f,3,A,A,A,True,True,A,True,A,True,A,True,True,1
lever_thinking_seed42.jsonl,GPQA-Diamond,thinking,recf6ayQmL1SxKbvW,3,D,A,A,False,True,A,False,A,False,A,False,False,0
lever_thinking_seed42.jsonl,GPQA-Diamond,thinking,recihePFulRgNKsIn,3,A,C,C,False,True,C,False,C,False,C,False,False,1
lever_thinking_seed42.jsonl,GPQA-Diamond,thinking,recn3NhOhqAPLda16,3,D,D,D,True,True,D,True,D,True,D,True,True,2
lever_thinking_seed42.jsonl,GPQA-Diamond,thinking,recrNbtgTNoabJJi6,3,D,D,D,True,True,D,True,D,True,D,True,True,0
lever_thinking_seed42.jsonl,GPQA-Diamond,thinking,recr3VHM4zYf6dMFY,3,B,B,B,True,True,B,True,B,True,B,True,True,1
lever_thinking_seed42.jsonl,GPQA-Diamond,thinking,recjJ54TXc04enRkZ,3,A,A,A,True,True,A,True,A,True,A,True,True,0
lever_thinking_seed42.jsonl,GPQA-Diamond,thinking,recfTlTMjZBuOducT,3,D,D,D,True,True,D,True,D,True,D,True,True,0
lever_thinking_seed42.jsonl,GPQA-Diamond,thinking,recFaL6j8UMhutXrc,3,A,A,A,True,True,A,True,A,True,A,True,True,0
lever_thinking_seed42.jsonl,GPQA-Diamond,thinking,recXsuOHRBLcyenF2,3,A,A,A,True,True,A,True,A,True,A,True,True,0
lever_thinking_seed42.jsonl,GPQA-Diamond,thinking,rec8nshandHARTkrg,3,B,D,D,False,True,B,True,B,True,B,True,True,0
lever_thinking_seed42.jsonl,GPQA-Diamond,thinking,recBhnXrUyTJ6WHIR,3,D,B,B,False,True,B,False,B,False,B,False,False,0
lever_thinking_seed42.jsonl,GPQA-Diamond,thinking,recOkA2zsy4GSMD9R,3,B,D,D,False,True,D,False,B,True,D,False,True,0
lever_thinking_seed42.jsonl,GPQA-Diamond,thinking,reckl6PkaEMWM50yZ,3,C,A,A,False,True,A,False,C,True,A,False,True,0
lever_thinking_seed7.jsonl,GPQA-Diamond,thinking,recoiTJPGUmzAkief,3,A,A,A,True,True,A,True,A,True,A,True,True,0
lever_thinking_seed7.jsonl,GPQA-Diamond,thinking,recz3MfYHPRhsEQkW,3,D,D,D,True,True,D,True,D,True,D,True,True,0
lever_thinking_seed7.jsonl,GPQA-Diamond,thinking,recooG6bivTUJpDBz,3,D,A,A,False,True,A,False,A,False,A,False,False,0
lever_thinking_seed7.jsonl,GPQA-Diamond,thinking,rec527dNeEtWJrYNl,3,A,A,A,True,True,A,True,A,True,A,True,True,0
lever_thinking_seed7.jsonl,GPQA-Diamond,thinking,recrHBEJJoDTV05JR,3,A,D,D,False,True,D,False,A,True,D,False,True,0
lever_thinking_seed7.jsonl,GPQA-Diamond,thinking,recYt8xx80OTyDsL0,3,C,C,C,True,True,C,True,C,True,C,True,True,0
lever_thinking_seed7.jsonl,GPQA-Diamond,thinking,rec0yTRmO1o1xCA6H,3,B,D,D,False,True,D,False,D,False,D,False,True,0
lever_thinking_seed7.jsonl,GPQA-Diamond,thinking,recmwwQJnx7ll7bqL,3,D,D,D,True,True,D,True,D,True,D,True,True,0
lever_thinking_seed7.jsonl,GPQA-Diamond,thinking,rec2UlKqC6RFHdcro,3,B,B,B,True,True,B,True,B,True,B,True,True,0
lever_thinking_seed7.jsonl,GPQA-Diamond,thinking,recOvqPKUtyy9ISA1,3,D,C,C,False,True,C,False,B,False,B,False,False,0
lever_thinking_seed7.jsonl,GPQA-Diamond,thinking,recFaL6j8UMhutXrc,3,B,A,A,False,True,A,False,B,True,A,False,True,0
lever_thinking_seed7.jsonl,GPQA-Diamond,thinking,reczUoM8JsxU6pYxr,3,A,A,A,True,True,A,True,B,False,B,False,True,1
lever_thinking_seed7.jsonl,GPQA-Diamond,thinking,recVvpD8miVjmmyfe,3,C,C,C,True,True,C,True,C,True,B,False,True,0
lever_thinking_seed7.jsonl,GPQA-Diamond,thinking,recD8oX1KevFbl7bL,3,B,B,B,True,True,B,True,B,True,B,True,True,0
lever_thinking_seed7.jsonl,GPQA-Diamond,thinking,recYOzCsevNz61Lyn,3,C,C,C,True,True,C,True,C,True,C,True,True,0
lever_thinking_seed7.jsonl,GPQA-Diamond,thinking,recBXlqrZUCR897It,3,B,B,B,True,True,B,True,B,True,A,False,True,0
lever_thinking_seed7.jsonl,GPQA-Diamond,thinking,rec47oNPXudlTIk4y,3,B,C,C,False,True,B,True,B,True,D,False,True,0
lever_thinking_seed7.jsonl,GPQA-Diamond,thinking,recDDxpS9s8cwkqfq,3,C,C,C,True,True,D,False,D,False,C,True,True,0
lever_thinking_seed7.jsonl,GPQA-Diamond,thinking,recIMcQfaQNa6vzsT,3,C,C,C,True,True,C,True,C,True,C,True,True,0
lever_thinking_seed7.jsonl,GPQA-Diamond,thinking,rec0Arme2jcXQZnAW,3,A,B,B,False,True,B,False,B,False,B,False,False,0
lever_thinking_seed7.jsonl,GPQA-Diamond,thinking,reck4G4xxv3YnpbtQ,3,C,A,A,False,True,A,False,C,True,A,False,True,0
lever_thinking_seed7.jsonl,GPQA-Diamond,thinking,recyl3usDqb7ruXJx,3,B,B,B,True,True,B,True,B,True,B,True,True,0
lever_thinking_seed7.jsonl,GPQA-Diamond,thinking,reccVBrYdwsB84fGy,3,D,A,A,False,True,A,False,A,False,D,True,True,0
lever_thinking_seed7.jsonl,GPQA-Diamond,thinking,recPzW1WqRnPs57D6,3,A,A,A,True,True,A,True,A,True,A,True,True,0
lever_thinking_seed7.jsonl,GPQA-Diamond,thinking,recS48OsU6kVadBPW,3,B,B,B,True,True,B,True,B,True,B,True,True,0
lever_thinking_seed7.jsonl,GPQA-Diamond,thinking,recPSTGXK3P39yNYT,3,B,B,B,True,True,B,True,B,True,B,True,True,0
lever_thinking_seed7.jsonl,GPQA-Diamond,thinking,rec1zl5LvaatzGhFt,3,D,D,D,True,True,D,True,D,True,D,True,True,0
lever_thinking_seed7.jsonl,GPQA-Diamond,thinking,recihePFulRgNKsIn,3,C,D,D,False,True,D,False,D,False,D,False,False,0
lever_thinking_seed7.jsonl,GPQA-Diamond,thinking,recb80OwMgNnceA9t,3,D,B,B,False,True,B,False,B,False,B,False,True,0
lever_thinking_seed7.jsonl,GPQA-Diamond,thinking,recEmTBhx2hgw6tPQ,3,B,B,B,True,True,B,True,B,True,C,False,True,0
lever_thinking_seed7.jsonl,GPQA-Diamond,thinking,recpki12iG9RUGrz9,3,C,C,C,True,True,C,True,C,True,D,False,True,0
lever_thinking_seed7.jsonl,GPQA-Diamond,thinking,recdya6FuYraBU5Rh,3,A,A,A,True,True,A,True,A,True,A,True,True,0
lever_thinking_seed7.jsonl,GPQA-Diamond,thinking,recRhwQwHijW0gCLo,3,B,A,A,False,True,B,True,B,True,C,False,True,0
lever_thinking_seed7.jsonl,GPQA-Diamond,thinking,recf6ayQmL1SxKbvW,3,D,B,B,False,True,B,False,B,False,B,False,False,0
lever_thinking_seed7.jsonl,GPQA-Diamond,thinking,recwW1A85nfyQpReG,3,C,D,D,False,True,D,False,D,False,D,False,True,0
lever_thinking_seed7.jsonl,GPQA-Diamond,thinking,recHVUd2DkoKfedJZ,3,C,C,C,True,True,C,True,C,True,C,True,True,0
lever_thinking_seed7.jsonl,GPQA-Diamond,thinking,recRTiyaRymerDJ4y,3,B,B,B,True,True,B,True,B,True,B,True,True,0
lever_thinking_seed7.jsonl,GPQA-Diamond,thinking,recXsYa3i2UhGF5fe,3,B,B,B,True,True,B,True,B,True,D,False,True,1
lever_thinking_seed7.jsonl,GPQA-Diamond,thinking,rec06pnAkLOr2t2mp,3,A,A,A,True,True,A,True,A,True,A,True,True,0
lever_thinking_seed7.jsonl,GPQA-Diamond,thinking,recWxGU8Q4YReJ1tb,3,D,A,A,False,True,A,False,A,False,A,False,True,0
lever_thinking_seed7.jsonl,GPQA-Diamond,thinking,recjJ54TXc04enRkZ,3,C,A,A,False,True,A,False,A,False,C,True,True,0
lever_thinking_seed7.jsonl,GPQA-Diamond,thinking,recAYkd96NNuNl1Ei,3,B,D,D,False,True,D,False,D,False,A,False,False,0
lever_thinking_seed7.jsonl,GPQA-Diamond,thinking,recQ8oxSY2aCwFRS8,3,C,C,C,True,True,C,True,C,True,D,False,True,0
lever_thinking_seed7.jsonl,GPQA-Diamond,thinking,recINSFEYLCyyd08m,3,A,A,A,True,True,A,True,A,True,A,True,True,0
lever_thinking_seed7.jsonl,GPQA-Diamond,thinking,recJZ3QEfRKjYw9a7,3,D,C,C,False,True,C,False,D,True,C,False,True,0
lever_thinking_seed7.jsonl,GPQA-Diamond,thinking,reca44yABeO2fx7UB,3,D,D,D,True,True,D,True,D,True,D,True,True,0
lever_thinking_seed7.jsonl,GPQA-Diamond,thinking,recRZjaElf8ft7xTq,3,D,D,D,True,True,D,True,C,False,D,True,True,0
lever_thinking_seed7.jsonl,GPQA-Diamond,thinking,rectlyG9pCAAuWhoB,3,C,A,A,False,True,A,False,A,False,A,False,False,0
lever_thinking_seed7.jsonl,GPQA-Diamond,thinking,rechKl68Uc6H7vU0N,3,B,A,A,False,True,A,False,B,True,B,True,True,0
lever_thinking_seed7.jsonl,GPQA-Diamond,thinking,recb4cGsC6BJUCU3V,3,D,C,C,False,True,C,False,C,False,C,False,True,0
lever_thinking_seed7.jsonl,GPQA-Diamond,thinking,recxsX66ktJ1Lwt4f,3,A,A,A,True,True,A,True,A,True,A,True,True,0
lever_thinking_seed7.jsonl,GPQA-Diamond,thinking,recYCMJWH7IpcdqwE,3,D,D,D,True,True,D,True,D,True,D,True,True,0
lever_thinking_seed7.jsonl,GPQA-Diamond,thinking,recvlnu8BuLmXZhSX,3,B,B,B,True,True,B,True,B,True,D,False,True,0
lever_thinking_seed7.jsonl,GPQA-Diamond,thinking,recLrRirj7iXoB0rU,3,C,C,C,True,True,C,True,C,True,C,True,True,1
lever_thinking_seed7.jsonl,GPQA-Diamond,thinking,recMicVBcqy1xM1jq,3,B,D,D,False,True,D,False,D,False,D,False,True,0
lever_thinking_seed7.jsonl,GPQA-Diamond,thinking,recReg13iV2HwJTaA,3,B,B,B,True,True,B,True,B,True,B,True,True,0
lever_thinking_seed7.jsonl,GPQA-Diamond,thinking,recclFbsjbaiVVnnV,3,D,B,B,False,True,B,False,C,False,B,False,False,0
lever_thinking_seed7.jsonl,GPQA-Diamond,thinking,recUc29lMDBEvurYo,3,A,A,A,True,True,A,True,A,True,A,True,True,0
lever_thinking_seed7.jsonl,GPQA-Diamond,thinking,recVE8cUNHpHZIAvL,3,B,B,B,True,True,B,True,B,True,B,True,True,0
lever_thinking_seed7.jsonl,GPQA-Diamond,thinking,rec32C1ZEapBnCC0E,3,D,D,D,True,True,D,True,D,True,D,True,True,0
lever_thinking_seed7.jsonl,GPQA-Diamond,thinking,recGFKDUd8qgz81Zl,3,C,C,C,True,True,C,True,C,True,C,True,True,0
lever_thinking_seed7.jsonl,GPQA-Diamond,thinking,recXvQ6gWAmyakrpD,3,C,C,C,True,True,C,True,C,True,C,True,True,0
lever_thinking_seed7.jsonl,GPQA-Diamond,thinking,recZbxrocrxh9YENH,3,A,D,D,False,True,A,True,A,True,D,False,True,0
lever_thinking_seed7.jsonl,GPQA-Diamond,thinking,rec4L69T0Y1AS4AFS,3,A,A,A,True,True,A,True,A,True,A,True,True,0
lever_thinking_seed7.jsonl,GPQA-Diamond,thinking,recl1UtgTVKishAq4,3,A,B,B,False,True,B,False,C,False,B,False,False,0
lever_thinking_seed7.jsonl,GPQA-Diamond,thinking,recKv4hFyNpViUXnL,3,B,B,B,True,True,B,True,B,True,B,True,True,0
lever_thinking_seed7.jsonl,GPQA-Diamond,thinking,recUBgVlkKzcRPDdK,3,D,B,B,False,True,B,False,B,False,B,False,False,0
lever_thinking_seed7.jsonl,GPQA-Diamond,thinking,recKm6LNWykGapmCr,3,B,A,A,False,True,A,False,B,True,A,False,True,0
lever_thinking_seed7.jsonl,GPQA-Diamond,thinking,recZWeueB7lSPR6wN,3,B,B,B,True,True,B,True,B,True,D,False,True,0
lever_thinking_seed7.jsonl,GPQA-Diamond,thinking,recXsuOHRBLcyenF2,3,D,D,D,True,True,D,True,D,True,D,True,True,0
lever_thinking_seed7.jsonl,GPQA-Diamond,thinking,recLB0EkQ54bYVhnd,3,A,A,A,True,True,A,True,A,True,B,False,True,0
lever_thinking_seed7.jsonl,GPQA-Diamond,thinking,receYQxnUBvxPcvbQ,3,C,C,C,True,True,C,True,C,True,C,True,True,0
lever_thinking_seed7.jsonl,GPQA-Diamond,thinking,recxTy0x7M6T9ikc0,3,D,D,D,True,True,D,True,D,True,D,True,True,0
lever_thinking_seed7.jsonl,GPQA-Diamond,thinking,recfTlTMjZBuOducT,3,A,A,A,True,True,A,True,A,True,A,True,True,0
lever_thinking_seed7.jsonl,GPQA-Diamond,thinking,recb2M22zaD3tL6Qc,3,B,C,C,False,True,C,False,C,False,C,False,False,0
lever_thinking_seed7.jsonl,GPQA-Diamond,thinking,recqFDvYKKRmbnoUb,3,D,D,D,True,True,D,True,D,True,D,True,True,0
lever_thinking_seed7.jsonl,GPQA-Diamond,thinking,recCJJOeBGERaHYax,3,C,C,C,True,True,C,True,C,True,C,True,True,0
lever_thinking_seed7.jsonl,GPQA-Diamond,thinking,recQiWOxhkXRz9NVE,3,D,D,D,True,True,D,True,D,True,D,True,True,0
lever_thinking_seed7.jsonl,GPQA-Diamond,thinking,recNu3MXkvWUzHZr9,3,C,B,B,False,True,B,False,B,False,B,False,True,0
lever_thinking_seed7.jsonl,GPQA-Diamond,thinking,reccOKzFNmyqeJ6ry,3,D,D,D,True,True,D,True,D,True,D,True,True,1
lever_thinking_seed7.jsonl,GPQA-Diamond,thinking,recKcjTwONILZqHAX,3,C,C,C,True,True,C,True,C,True,C,True,True,0
lever_thinking_seed7.jsonl,GPQA-Diamond,thinking,rec0wZvZgiz320KRs,3,C,C,C,True,True,C,True,C,True,B,False,True,0
lever_thinking_seed7.jsonl,GPQA-Diamond,thinking,receo3UUzRvWCqyfA,3,D,D,D,True,True,D,True,D,True,D,True,True,0
lever_thinking_seed7.jsonl,GPQA-Diamond,thinking,recmkvk6EFAmqyMxR,3,D,B,B,False,True,B,False,D,True,B,False,True,0
lever_thinking_seed7.jsonl,GPQA-Diamond,thinking,recIDiDKKrN61Auyr,3,A,A,A,True,True,A,True,A,True,A,True,True,0
lever_thinking_seed7.jsonl,GPQA-Diamond,thinking,recmI7EiLv72PxmYK,3,B,D,D,False,True,D,False,D,False,D,False,True,0
lever_thinking_seed7.jsonl,GPQA-Diamond,thinking,reczkBiPPNrNN49Hp,3,D,D,D,True,True,D,True,D,True,D,True,True,0
lever_thinking_seed7.jsonl,GPQA-Diamond,thinking,recyrk6XBVwugG5u8,3,A,A,A,True,True,A,True,A,True,A,True,True,0
lever_thinking_seed7.jsonl,GPQA-Diamond,thinking,recIlghoOw5VbY4Zh,3,B,B,B,True,True,B,True,B,True,B,True,True,1
lever_thinking_seed7.jsonl,GPQA-Diamond,thinking,rec2ZTsqazBZ3LTWZ,3,A,A,A,True,True,A,True,A,True,A,True,True,0
lexam_pilot_seed42.jsonl,LEXam,shipped_engine(pilot),09a2eebe-6c96-4f10-bc76-689eec854b43,3,A,A,A,True,True,A,True,A,True,A,True,True,2
lexam_pilot_seed42.jsonl,LEXam,shipped_engine(pilot),53bbecbc-ef12-4b60-9645-04015eeaa4ae,3,A,A,A,True,True,A,True,A,True,A,True,True,0
lexam_pilot_seed42.jsonl,LEXam,shipped_engine(pilot),b9785176-6859-42c9-829d-0312609916ae,3,D,D,D,True,True,D,True,D,True,D,True,True,0
lexam_pilot_seed42.jsonl,LEXam,shipped_engine(pilot),736a05d4-da8a-4177-8bd9-03d4257ff68f,3,D,C,C,False,True,C,False,C,False,D,True,True,1
lexam_pilot_seed42.jsonl,LEXam,shipped_engine(pilot),866f89e9-c8fd-4bef-bf85-e92a7b992cf7,3,A,A,A,True,True,A,True,A,True,A,True,True,2
lexam_pilot_seed42.jsonl,LEXam,shipped_engine(pilot),38783200-42e6-465a-98b8-410a27eb4f56,3,C,D,D,False,True,D,False,D,False,D,False,False,0
lexam_pilot_seed42.jsonl,LEXam,shipped_engine(pilot),26263099-799d-4319-baac-3acf978c7c0a,3,C,B,B,False,True,B,False,B,False,B,False,True,0
lexam_pilot_seed42.jsonl,LEXam,shipped_engine(pilot),8afbc6d1-fa2b-4e02-a0f3-af802c5320c3,3,B,B,B,True,True,B,True,B,True,B,True,True,0
lexam_pilot_seed42.jsonl,LEXam,shipped_engine(pilot),f1bdfe14-a0bc-496c-b9ea-49ed1d6d03df,3,C,D,D,False,True,D,False,B,False,D,False,False,1
lexam_pilot_seed42.jsonl,LEXam,shipped_engine(pilot),e7273a6a-d416-452a-9b8c-6998c58fced2,3,D,D,D,True,True,D,True,D,True,D,True,True,0
lexam_pilot_seed42.jsonl,LEXam,shipped_engine(pilot),d60d8887-e23a-4219-be7a-f1f29c281c53,3,A,D,D,False,True,D,False,D,False,D,False,False,0
lexam_pilot_seed42.jsonl,LEXam,shipped_engine(pilot),102d2e11-f391-44a7-b978-a3f83d882f74,3,A,D,D,False,True,D,False,D,False,D,False,False,2
lexam_pilot_seed42.jsonl,LEXam,shipped_engine(pilot),8f4ae013-cbd7-4563-9d97-26686b88ea14,3,B,B,B,True,True,B,True,B,True,B,True,True,0
lexam_pilot_seed42.jsonl,LEXam,shipped_engine(pilot),0ad0edf4-dc5f-40a3-9ec3-ae70daaa271e,3,A,A,A,True,True,A,True,A,True,A,True,True,0
lexam_pilot_seed42.jsonl,LEXam,shipped_engine(pilot),842abce3-39e3-43a5-8730-a4318fd1c3f1,3,B,B,B,True,True,B,True,B,True,B,True,True,0
lexam_pilot_seed42.jsonl,LEXam,shipped_engine(pilot),2cdd4813-3450-4626-8aca-773dfea1f607,3,B,C,C,False,True,C,False,C,False,C,False,False,0
lexam_pilot_seed42.jsonl,LEXam,shipped_engine(pilot),ee9c501e-8d41-49d3-85bc-a4a1e8f6a57c,3,A,A,A,True,True,A,True,A,True,A,True,True,0
lexam_pilot_seed42.jsonl,LEXam,shipped_engine(pilot),2f078222-29e9-47ce-b441-66921b51b3e7,3,B,A,A,False,True,A,False,A,False,A,False,False,3
lexam_pilot_seed42.jsonl,LEXam,shipped_engine(pilot),6500b177-e1e0-47f7-b550-8224fba100cf,3,C,C,C,True,True,C,True,C,True,C,True,True,0
lexam_pilot_seed42.jsonl,LEXam,shipped_engine(pilot),1ac7dcee-1599-464e-949e-8464745c0177,3,D,C,C,False,True,C,False,C,False,C,False,False,0
lexam_pilot_seed42.jsonl,LEXam,shipped_engine(pilot),b218966a-d22d-412b-b3d1-cffa3755872d,3,B,B,B,True,True,B,True,B,True,B,True,True,1
lexam_pilot_seed42.jsonl,LEXam,shipped_engine(pilot),a32c143b-f4e0-4c32-9f06-cf4cbf9579b6,3,A,A,A,True,True,A,True,A,True,A,True,True,0
lexam_pilot_seed42.jsonl,LEXam,shipped_engine(pilot),5515aed1-568b-4a32-ac6d-8a41c70f878e,3,D,D,D,True,True,D,True,D,True,D,True,True,1
lexam_pilot_seed42.jsonl,LEXam,shipped_engine(pilot),b9948b7c-c704-456f-bd02-c1bdf8cc17ba,3,C,D,D,False,True,D,False,D,False,C,True,True,0
lexam_pilot_seed42.jsonl,LEXam,shipped_engine(pilot),7d1ed894-dea7-4d33-88b9-efccb20333a4,3,B,B,B,True,True,B,True,B,True,B,True,True,0
lexam_pilot_seed42.jsonl,LEXam,shipped_engine(pilot),99c5edda-c827-4430-8f45-5d0cb7412e4c,3,B,B,B,True,True,B,True,B,True,B,True,True,0
lexam_pilot_seed42.jsonl,LEXam,shipped_engine(pilot),7d9a3bb7-c8cf-4a4f-a502-b0c8ea44eef6,3,C,C,C,True,True,C,True,C,True,C,True,True,0
lexam_pilot_seed42.jsonl,LEXam,shipped_engine(pilot),e2d75efc-b65e-40d1-9fa7-e47d05b2653d,3,A,A,A,True,True,A,True,A,True,A,True,True,0
lexam_pilot_seed42.jsonl,LEXam,shipped_engine(pilot),ca114601-0baa-4ada-8b10-26d0ece00f7e,3,A,A,A,True,True,A,True,A,True,A,True,True,0
lexam_pilot_seed42.jsonl,LEXam,shipped_engine(pilot),a58581c7-2ffe-412b-819c-9938459733b1,3,D,D,D,True,True,D,True,D,True,D,True,True,0
lexam_pilot_seed42.jsonl,LEXam,shipped_engine(pilot),e4f77fd4-cd04-4b47-821c-9c969dfc1f80,3,B,B,B,True,True,B,True,B,True,B,True,True,1
lexam_pilot_seed42.jsonl,LEXam,shipped_engine(pilot),8449146d-90ee-4ee9-abe4-94e1beaa0ac2,3,A,C,C,False,True,C,False,C,False,C,False,False,0
lexam_pilot_seed42.jsonl,LEXam,shipped_engine(pilot),e1440aa0-1770-4750-8c8e-69cb5dae0df7,3,D,D,D,True,True,D,True,D,True,D,True,True,1
lexam_pilot_seed42.jsonl,LEXam,shipped_engine(pilot),045fd390-346e-4d5a-a82c-5c620a53d207,3,A,A,A,True,True,A,True,A,True,A,True,True,0
lexam_pilot_seed42.jsonl,LEXam,shipped_engine(pilot),430dc3d6-009b-4da6-8eba-a01f1c58589c,3,A,A,A,True,True,A,True,A,True,A,True,True,0
lexam_pilot_seed42.jsonl,LEXam,shipped_engine(pilot),e7ce2112-cb65-469b-a6ae-fe9b49ebc8f9,3,C,C,C,True,True,C,True,C,True,C,True,True,0
lexam_pilot_seed42.jsonl,LEXam,shipped_engine(pilot),568814d7-2e54-41ab-ac2c-c14f7e17f054,3,A,A,A,True,True,A,True,A,True,A,True,True,1
lexam_pilot_seed42.jsonl,LEXam,shipped_engine(pilot),c72132c6-8bcb-4d4c-9d5b-2acbd0cd42e8,3,C,C,C,True,True,C,True,C,True,C,True,True,0
lexam_pilot_seed42.jsonl,LEXam,shipped_engine(pilot),1aa2d158-1f58-4671-ba73-78b7f64d04d3,3,C,B,B,False,True,B,False,B,False,B,False,False,3
lexam_pilot_seed42.jsonl,LEXam,shipped_engine(pilot),bffa4b3e-2917-424e-a915-9b277f58f54e,3,D,A,A,False,True,A,False,A,False,A,False,False,0
lexam_pilot_seed42.jsonl,LEXam,shipped_engine(pilot),b766bab3-7116-42ee-853e-2eb3f01c0c15,3,C,B,B,False,True,B,False,B,False,B,False,False,0
lexam_pilot_seed42.jsonl,LEXam,shipped_engine(pilot),79b8e5fe-3c1c-434e-8ab4-3f7c6ea87e32,3,C,C,C,True,True,C,True,C,True,C,True,True,0
lexam_pilot_seed42.jsonl,LEXam,shipped_engine(pilot),4eadfed1-062d-441f-b86f-a3407bc282e7,3,C,C,C,True,True,C,True,C,True,C,True,True,0
lexam_pilot_seed42.jsonl,LEXam,shipped_engine(pilot),02d7f932-337e-4f51-b72b-a3054d726c48,3,C,C,C,True,True,C,True,C,True,C,True,True,1
lexam_pilot_seed42.jsonl,LEXam,shipped_engine(pilot),53e67d91-df72-4136-b78c-4be1b900eaae,3,B,C,C,False,True,C,False,C,False,C,False,False,2
lexam_pilot_seed42.jsonl,LEXam,shipped_engine(pilot),70d58c55-71d9-400a-938a-d79bfa9856e0,3,C,B,B,False,True,B,False,B,False,B,False,False,0
lexam_pilot_seed42.jsonl,LEXam,shipped_engine(pilot),658ad4b8-1fb2-4ddf-be33-75064c459692,3,B,B,B,True,True,B,True,B,True,B,True,True,0
lexam_pilot_seed42.jsonl,LEXam,shipped_engine(pilot),9abc219b-82f3-4c7c-91d7-653ae4960d02,3,A,A,A,True,True,A,True,A,True,A,True,True,0
lexam_pilot_seed42.jsonl,LEXam,shipped_engine(pilot),f14962d2-fa9c-436a-b283-daf4b770e9cf,3,C,C,C,True,True,C,True,C,True,C,True,True,0
lexam_pilot_seed42.jsonl,LEXam,shipped_engine(pilot),0e6fe784-81bc-454f-9d8c-f3c339fc5205,3,B,A,A,False,True,A,False,A,False,B,True,True,1
math500_hard_pilot_seed42.jsonl,MATH-500-MC,shipped_engine(pilot),test/number_theory/1128.json,3,D,D,D,True,True,D,True,D,True,D,True,True,0
math500_hard_pilot_seed42.jsonl,MATH-500-MC,shipped_engine(pilot),test/algebra/2517.json,3,C,B,B,False,True,B,False,B,False,B,False,False,0
math500_hard_pilot_seed42.jsonl,MATH-500-MC,shipped_engine(pilot),test/number_theory/769.json,3,A,A,A,True,True,A,True,A,True,A,True,True,0
math500_hard_pilot_seed42.jsonl,MATH-500-MC,shipped_engine(pilot),test/prealgebra/1655.json,3,B,B,B,True,True,B,True,B,True,B,True,True,0
math500_hard_pilot_seed42.jsonl,MATH-500-MC,shipped_engine(pilot),test/geometry/1140.json,3,B,B,B,True,True,B,True,B,True,B,True,True,0
math500_hard_pilot_seed42.jsonl,MATH-500-MC,shipped_engine(pilot),test/counting_and_probability/894.json,3,A,A,A,True,True,A,True,A,True,A,True,True,0
math500_hard_pilot_seed42.jsonl,MATH-500-MC,shipped_engine(pilot),test/geometry/947.json,3,A,D,D,False,True,D,False,D,False,D,False,True,0
math500_hard_pilot_seed42.jsonl,MATH-500-MC,shipped_engine(pilot),test/prealgebra/1640.json,3,D,D,D,True,True,D,True,D,True,D,True,True,0
math500_hard_pilot_seed42.jsonl,MATH-500-MC,shipped_engine(pilot),test/precalculus/986.json,3,A,A,A,True,True,A,True,A,True,A,True,True,0
math500_hard_pilot_seed42.jsonl,MATH-500-MC,shipped_engine(pilot),test/number_theory/1055.json,3,D,D,D,True,True,D,True,D,True,D,True,True,0
math500_hard_pilot_seed42.jsonl,MATH-500-MC,shipped_engine(pilot),test/algebra/892.json,3,C,C,C,True,True,C,True,C,True,C,True,True,0
math500_hard_pilot_seed42.jsonl,MATH-500-MC,shipped_engine(pilot),test/prealgebra/1646.json,3,D,D,D,True,True,D,True,D,True,D,True,True,0
math500_hard_pilot_seed42.jsonl,MATH-500-MC,shipped_engine(pilot),test/counting_and_probability/525.json,3,A,A,A,True,True,A,True,A,True,A,True,True,0
math500_hard_pilot_seed42.jsonl,MATH-500-MC,shipped_engine(pilot),test/algebra/733.json,3,A,A,A,True,True,A,True,A,True,C,False,True,0
math500_hard_pilot_seed42.jsonl,MATH-500-MC,shipped_engine(pilot),test/intermediate_algebra/1791.json,3,A,A,A,True,True,A,True,A,True,A,True,True,0
math500_hard_pilot_seed42.jsonl,MATH-500-MC,shipped_engine(pilot),test/algebra/297.json,3,B,B,B,True,True,B,True,C,False,C,False,True,0
math500_hard_pilot_seed42.jsonl,MATH-500-MC,shipped_engine(pilot),test/prealgebra/1251.json,3,A,A,A,True,True,A,True,A,True,A,True,True,0
math500_hard_pilot_seed42.jsonl,MATH-500-MC,shipped_engine(pilot),test/counting_and_probability/870.json,3,A,A,A,True,True,A,True,A,True,D,False,True,0
math500_hard_pilot_seed42.jsonl,MATH-500-MC,shipped_engine(pilot),test/intermediate_algebra/1806.json,3,D,D,D,True,True,D,True,D,True,D,True,True,0
math500_hard_pilot_seed42.jsonl,MATH-500-MC,shipped_engine(pilot),test/intermediate_algebra/2152.json,3,B,B,B,True,True,B,True,B,True,B,True,True,0
math500_hard_pilot_seed42.jsonl,MATH-500-MC,shipped_engine(pilot),test/intermediate_algebra/1408.json,3,D,D,D,True,True,D,True,D,True,B,False,True,0
math500_hard_pilot_seed42.jsonl,MATH-500-MC,shipped_engine(pilot),test/number_theory/1000.json,3,B,B,B,True,True,B,True,B,True,B,True,True,0
math500_hard_pilot_seed42.jsonl,MATH-500-MC,shipped_engine(pilot),test/algebra/975.json,3,B,B,B,True,True,B,True,B,True,B,True,True,0
math500_hard_pilot_seed42.jsonl,MATH-500-MC,shipped_engine(pilot),test/intermediate_algebra/1462.json,3,C,D,D,False,True,D,False,C,True,D,False,True,0
math500_hard_pilot_seed42.jsonl,MATH-500-MC,shipped_engine(pilot),test/counting_and_probability/51.json,3,B,B,B,True,True,B,True,D,False,D,False,True,0
math500_hard_pilot_seed42.jsonl,MATH-500-MC,shipped_engine(pilot),test/algebra/2277.json,3,C,C,C,True,True,C,True,D,False,D,False,True,0
math500_hard_pilot_seed42.jsonl,MATH-500-MC,shipped_engine(pilot),test/precalculus/1172.json,3,C,C,C,True,True,C,True,C,True,C,True,True,0
math500_hard_pilot_seed42.jsonl,MATH-500-MC,shipped_engine(pilot),test/counting_and_probability/1009.json,3,A,A,A,True,True,A,True,A,True,A,True,True,0
math500_hard_pilot_seed42.jsonl,MATH-500-MC,shipped_engine(pilot),test/intermediate_algebra/960.json,3,B,B,B,True,True,B,True,B,True,B,True,True,0
math500_hard_pilot_seed42.jsonl,MATH-500-MC,shipped_engine(pilot),test/geometry/561.json,3,C,C,C,True,True,C,True,C,True,C,True,True,0
math500_hard_pilot_seed42.jsonl,MATH-500-MC,shipped_engine(pilot),test/intermediate_algebra/232.json,3,D,D,D,True,True,D,True,D,True,D,True,True,0
math500_hard_pilot_seed42.jsonl,MATH-500-MC,shipped_engine(pilot),test/algebra/2779.json,3,D,D,D,True,True,D,True,D,True,D,True,True,0
math500_hard_pilot_seed42.jsonl,MATH-500-MC,shipped_engine(pilot),test/prealgebra/2066.json,3,C,C,C,True,True,C,True,C,True,C,True,True,0
math500_hard_pilot_seed42.jsonl,MATH-500-MC,shipped_engine(pilot),test/algebra/1143.json,3,C,C,C,True,True,C,True,C,True,C,True,True,0
math500_hard_pilot_seed42.jsonl,MATH-500-MC,shipped_engine(pilot),test/prealgebra/1961.json,3,D,D,D,True,True,D,True,D,True,D,True,True,0
math500_hard_pilot_seed42.jsonl,MATH-500-MC,shipped_engine(pilot),test/intermediate_algebra/1197.json,3,C,C,C,True,True,C,True,C,True,C,True,True,0
math500_hard_pilot_seed42.jsonl,MATH-500-MC,shipped_engine(pilot),test/number_theory/13.json,3,B,B,B,True,True,B,True,B,True,B,True,True,0
math500_hard_pilot_seed42.jsonl,MATH-500-MC,shipped_engine(pilot),test/intermediate_algebra/955.json,3,D,D,D,True,True,D,True,D,True,D,True,True,0
math500_hard_pilot_seed42.jsonl,MATH-500-MC,shipped_engine(pilot),test/counting_and_probability/1003.json,3,C,C,C,True,True,C,True,C,True,C,True,True,0
math500_hard_pilot_seed42.jsonl,MATH-500-MC,shipped_engine(pilot),test/counting_and_probability/181.json,3,C,C,C,True,True,C,True,C,True,C,True,True,0
math500_hard_pilot_seed42.jsonl,MATH-500-MC,shipped_engine(pilot),test/precalculus/675.json,3,C,D,D,False,True,D,False,D,False,D,False,False,0
math500_hard_pilot_seed42.jsonl,MATH-500-MC,shipped_engine(pilot),test/intermediate_algebra/966.json,3,B,B,B,True,True,B,True,B,True,B,True,True,0
math500_hard_pilot_seed42.jsonl,MATH-500-MC,shipped_engine(pilot),test/precalculus/1202.json,3,A,A,A,True,True,A,True,A,True,A,True,True,0
math500_hard_pilot_seed42.jsonl,MATH-500-MC,shipped_engine(pilot),test/counting_and_probability/188.json,3,A,A,A,True,True,A,True,A,True,A,True,True,0
math500_hard_pilot_seed42.jsonl,MATH-500-MC,shipped_engine(pilot),test/prealgebra/1128.json,3,B,B,B,True,True,B,True,B,True,C,False,True,0
math500_hard_pilot_seed42.jsonl,MATH-500-MC,shipped_engine(pilot),test/algebra/686.json,3,A,B,B,False,True,B,False,B,False,B,False,False,0
math500_hard_pilot_seed42.jsonl,MATH-500-MC,shipped_engine(pilot),test/number_theory/1002.json,3,A,A,A,True,True,A,True,A,True,A,True,True,0
math500_hard_pilot_seed42.jsonl,MATH-500-MC,shipped_engine(pilot),test/number_theory/820.json,3,C,C,C,True,True,C,True,C,True,D,False,True,0
math500_hard_pilot_seed42.jsonl,MATH-500-MC,shipped_engine(pilot),test/geometry/817.json,3,C,C,C,True,True,C,True,C,True,C,True,True,0
medqa_pilot_seed42.jsonl,MedQA,shipped_engine(pilot),1258,3,A,A,A,True,True,A,True,A,True,A,True,True,0
medqa_pilot_seed42.jsonl,MedQA,shipped_engine(pilot),990,3,D,D,D,True,True,D,True,D,True,D,True,True,0
medqa_pilot_seed42.jsonl,MedQA,shipped_engine(pilot),277,3,A,A,A,True,True,A,True,A,True,A,True,True,0
medqa_pilot_seed42.jsonl,MedQA,shipped_engine(pilot),427,3,D,D,D,True,True,D,True,D,True,D,True,True,0
medqa_pilot_seed42.jsonl,MedQA,shipped_engine(pilot),1202,3,B,B,B,True,True,B,True,B,True,B,True,True,0
medqa_pilot_seed42.jsonl,MedQA,shipped_engine(pilot),15,3,C,C,C,True,True,C,True,C,True,C,True,True,3
medqa_pilot_seed42.jsonl,MedQA,shipped_engine(pilot),827,3,C,C,C,True,True,C,True,C,True,C,True,True,0
medqa_pilot_seed42.jsonl,MedQA,shipped_engine(pilot),202,3,B,D,D,False,True,D,False,D,False,D,False,False,0
medqa_pilot_seed42.jsonl,MedQA,shipped_engine(pilot),503,3,D,D,D,True,True,D,True,D,True,D,True,True,0
medqa_pilot_seed42.jsonl,MedQA,shipped_engine(pilot),325,3,C,C,C,True,True,C,True,C,True,C,True,True,0
medqa_pilot_seed42.jsonl,MedQA,shipped_engine(pilot),681,3,B,B,B,True,True,B,True,B,True,B,True,True,0
medqa_pilot_seed42.jsonl,MedQA,shipped_engine(pilot),387,3,B,B,B,True,True,B,True,B,True,B,True,True,0
medqa_pilot_seed42.jsonl,MedQA,shipped_engine(pilot),932,3,A,A,A,True,True,A,True,A,True,A,True,True,0
medqa_pilot_seed42.jsonl,MedQA,shipped_engine(pilot),1027,3,A,A,A,True,True,A,True,A,True,C,False,True,0
medqa_pilot_seed42.jsonl,MedQA,shipped_engine(pilot),66,3,A,A,A,True,True,A,True,A,True,A,True,True,0
medqa_pilot_seed42.jsonl,MedQA,shipped_engine(pilot),235,3,B,B,B,True,True,B,True,B,True,B,True,True,0
medqa_pilot_seed42.jsonl,MedQA,shipped_engine(pilot),347,3,C,C,C,True,True,C,True,C,True,C,True,True,0
medqa_pilot_seed42.jsonl,MedQA,shipped_engine(pilot),442,3,A,A,A,True,True,A,True,A,True,A,True,True,0
medqa_pilot_seed42.jsonl,MedQA,shipped_engine(pilot),332,3,C,C,C,True,True,C,True,C,True,C,True,True,0
medqa_pilot_seed42.jsonl,MedQA,shipped_engine(pilot),376,3,A,A,A,True,True,A,True,A,True,A,True,True,0
medqa_pilot_seed42.jsonl,MedQA,shipped_engine(pilot),35,3,D,D,D,True,True,D,True,D,True,D,True,True,0
medqa_pilot_seed42.jsonl,MedQA,shipped_engine(pilot),1121,3,B,B,B,True,True,B,True,B,True,B,True,True,0
medqa_pilot_seed42.jsonl,MedQA,shipped_engine(pilot),1145,3,D,D,D,True,True,D,True,D,True,D,True,True,0
medqa_pilot_seed42.jsonl,MedQA,shipped_engine(pilot),975,3,C,C,C,True,True,C,True,C,True,C,True,True,0
medqa_pilot_seed42.jsonl,MedQA,shipped_engine(pilot),950,3,D,D,D,True,True,D,True,D,True,D,True,True,0
medqa_pilot_seed42.jsonl,MedQA,shipped_engine(pilot),400,3,D,D,D,True,True,D,True,D,True,D,True,True,0
medqa_pilot_seed42.jsonl,MedQA,shipped_engine(pilot),845,3,C,C,C,True,True,C,True,C,True,C,True,True,0
medqa_pilot_seed42.jsonl,MedQA,shipped_engine(pilot),1030,3,B,B,B,True,True,B,True,B,True,B,True,True,0
medqa_pilot_seed42.jsonl,MedQA,shipped_engine(pilot),825,3,C,C,C,True,True,C,True,C,True,C,True,True,0
medqa_pilot_seed42.jsonl,MedQA,shipped_engine(pilot),650,3,D,D,D,True,True,D,True,D,True,D,True,True,0
medqa_pilot_seed42.jsonl,MedQA,shipped_engine(pilot),802,3,C,C,C,True,True,C,True,C,True,C,True,True,0
medqa_pilot_seed42.jsonl,MedQA,shipped_engine(pilot),540,3,C,C,C,True,True,C,True,C,True,C,True,True,0
medqa_pilot_seed42.jsonl,MedQA,shipped_engine(pilot),796,3,D,D,D,True,True,D,True,D,True,D,True,True,0
medqa_pilot_seed42.jsonl,MedQA,shipped_engine(pilot),2,3,D,D,D,True,True,D,True,D,True,D,True,True,0
medqa_pilot_seed42.jsonl,MedQA,shipped_engine(pilot),715,3,D,D,D,True,True,D,True,D,True,D,True,True,0
medqa_pilot_seed42.jsonl,MedQA,shipped_engine(pilot),464,3,D,D,D,True,True,D,True,D,True,D,True,True,0
medqa_pilot_seed42.jsonl,MedQA,shipped_engine(pilot),331,3,D,D,D,True,True,D,True,D,True,D,True,True,0
medqa_pilot_seed42.jsonl,MedQA,shipped_engine(pilot),959,3,B,B,B,True,True,B,True,B,True,B,True,True,0
medqa_pilot_seed42.jsonl,MedQA,shipped_engine(pilot),395,3,A,A,A,True,True,A,True,A,True,A,True,True,0
medqa_pilot_seed42.jsonl,MedQA,shipped_engine(pilot),761,3,D,D,D,True,True,D,True,D,True,D,True,True,0
medqa_pilot_seed42.jsonl,MedQA,shipped_engine(pilot),920,3,D,D,D,True,True,D,True,D,True,D,True,True,0
medqa_pilot_seed42.jsonl,MedQA,shipped_engine(pilot),107,3,A,A,A,True,True,A,True,A,True,A,True,True,0
medqa_pilot_seed42.jsonl,MedQA,shipped_engine(pilot),528,3,C,C,C,True,True,C,True,C,True,C,True,True,0
medqa_pilot_seed42.jsonl,MedQA,shipped_engine(pilot),1166,3,A,A,A,True,True,A,True,A,True,A,True,True,0
medqa_pilot_seed42.jsonl,MedQA,shipped_engine(pilot),187,3,A,A,A,True,True,A,True,A,True,A,True,True,0
medqa_pilot_seed42.jsonl,MedQA,shipped_engine(pilot),997,3,D,D,D,True,True,D,True,D,True,D,True,True,0
medqa_pilot_seed42.jsonl,MedQA,shipped_engine(pilot),371,3,A,A,A,True,True,A,True,A,True,A,True,True,0
medqa_pilot_seed42.jsonl,MedQA,shipped_engine(pilot),454,3,B,B,B,True,True,B,True,B,True,C,False,True,0
medqa_pilot_seed42.jsonl,MedQA,shipped_engine(pilot),823,3,A,A,A,True,True,A,True,A,True,D,False,True,0
medqa_pilot_seed42.jsonl,MedQA,shipped_engine(pilot),1142,3,A,D,D,False,True,D,False,D,False,D,False,False,0
mmlu_pro_pilot_seed42.jsonl,MMLU-Pro,shipped_engine(pilot),7070,3,D,D,D,True,True,D,True,D,True,D,True,True,0
mmlu_pro_pilot_seed42.jsonl,MMLU-Pro,shipped_engine(pilot),5088,3,D,D,D,True,True,D,True,D,True,D,True,True,0
mmlu_pro_pilot_seed42.jsonl,MMLU-Pro,shipped_engine(pilot),1496,3,D,B,B,False,True,B,False,B,False,B,False,False,0
mmlu_pro_pilot_seed42.jsonl,MMLU-Pro,shipped_engine(pilot),3320,3,B,B,B,True,True,B,True,B,True,B,True,True,0
mmlu_pro_pilot_seed42.jsonl,MMLU-Pro,shipped_engine(pilot),556,3,A,A,A,True,True,A,True,A,True,A,True,True,1
mmlu_pro_pilot_seed42.jsonl,MMLU-Pro,shipped_engine(pilot),10024,3,D,D,D,True,True,D,True,D,True,C,False,True,0
mmlu_pro_pilot_seed42.jsonl,MMLU-Pro,shipped_engine(pilot),6570,3,B,B,B,True,True,B,True,B,True,B,True,True,0
mmlu_pro_pilot_seed42.jsonl,MMLU-Pro,shipped_engine(pilot),7562,3,A,A,A,True,True,A,True,A,True,A,True,True,0
mmlu_pro_pilot_seed42.jsonl,MMLU-Pro,shipped_engine(pilot),2854,3,A,A,A,True,True,A,True,A,True,A,True,True,0
mmlu_pro_pilot_seed42.jsonl,MMLU-Pro,shipped_engine(pilot),8486,3,D,D,D,True,True,D,True,D,True,D,True,True,0
mmlu_pro_pilot_seed42.jsonl,MMLU-Pro,shipped_engine(pilot),2503,3,A,A,A,True,True,A,True,A,True,A,True,True,0
mmlu_pro_pilot_seed42.jsonl,MMLU-Pro,shipped_engine(pilot),11489,3,A,C,C,False,True,C,False,C,False,C,False,False,0
mmlu_pro_pilot_seed42.jsonl,MMLU-Pro,shipped_engine(pilot),688,3,C,D,D,False,True,D,False,D,False,D,False,False,1
mmlu_pro_pilot_seed42.jsonl,MMLU-Pro,shipped_engine(pilot),5136,3,A,D,D,False,True,D,False,D,False,D,False,False,0
mmlu_pro_pilot_seed42.jsonl,MMLU-Pro,shipped_engine(pilot),3079,3,B,B,B,True,True,B,True,B,True,B,True,True,0
mmlu_pro_pilot_seed42.jsonl,MMLU-Pro,shipped_engine(pilot),473,3,D,D,D,True,True,D,True,D,True,B,False,True,0
mmlu_pro_pilot_seed42.jsonl,MMLU-Pro,shipped_engine(pilot),10343,3,D,D,D,True,True,D,True,D,True,D,True,True,0
mmlu_pro_pilot_seed42.jsonl,MMLU-Pro,shipped_engine(pilot),8802,3,D,D,D,True,True,D,True,D,True,D,True,True,0
mmlu_pro_pilot_seed42.jsonl,MMLU-Pro,shipped_engine(pilot),8930,3,A,A,A,True,True,A,True,C,False,C,False,True,0
mmlu_pro_pilot_seed42.jsonl,MMLU-Pro,shipped_engine(pilot),5874,3,C,C,C,True,True,C,True,C,True,C,True,True,0
mmlu_pro_pilot_seed42.jsonl,MMLU-Pro,shipped_engine(pilot),7511,3,D,D,D,True,True,D,True,D,True,D,True,True,0
mmlu_pro_pilot_seed42.jsonl,MMLU-Pro,shipped_engine(pilot),3917,3,D,A,A,False,True,A,False,A,False,A,False,False,0
mmlu_pro_pilot_seed42.jsonl,MMLU-Pro,shipped_engine(pilot),11562,3,B,B,B,True,True,B,True,B,True,B,True,True,0
mmlu_pro_pilot_seed42.jsonl,MMLU-Pro,shipped_engine(pilot),783,3,C,C,C,True,True,C,True,C,True,C,True,True,0
mmlu_pro_pilot_seed42.jsonl,MMLU-Pro,shipped_engine(pilot),7847,3,D,D,D,True,True,D,True,D,True,D,True,True,0
mmlu_pro_pilot_seed42.jsonl,MMLU-Pro,shipped_engine(pilot),12113,3,B,B,B,True,True,B,True,C,False,B,True,True,0
mmlu_pro_pilot_seed42.jsonl,MMLU-Pro,shipped_engine(pilot),9795,3,B,B,B,True,True,B,True,B,True,B,True,True,0
mmlu_pro_pilot_seed42.jsonl,MMLU-Pro,shipped_engine(pilot),2457,3,D,D,D,True,True,D,True,D,True,D,True,True,0
mmlu_pro_pilot_seed42.jsonl,MMLU-Pro,shipped_engine(pilot),3739,3,A,A,A,True,True,A,True,A,True,B,False,True,0
mmlu_pro_pilot_seed42.jsonl,MMLU-Pro,shipped_engine(pilot),12104,3,D,D,D,True,True,D,True,D,True,D,True,True,0
mmlu_pro_pilot_seed42.jsonl,MMLU-Pro,shipped_engine(pilot),5396,3,D,D,D,True,True,D,True,D,True,D,True,True,0
mmlu_pro_pilot_seed42.jsonl,MMLU-Pro,shipped_engine(pilot),4906,3,B,C,C,False,True,C,False,C,False,C,False,False,0
mmlu_pro_pilot_seed42.jsonl,MMLU-Pro,shipped_engine(pilot),1290,3,A,A,A,True,True,A,True,A,True,A,True,True,0
mmlu_pro_pilot_seed42.jsonl,MMLU-Pro,shipped_engine(pilot),10452,3,A,A,A,True,True,A,True,A,True,A,True,True,0
mmlu_pro_pilot_seed42.jsonl,MMLU-Pro,shipped_engine(pilot),8147,3,C,C,C,True,True,C,True,C,True,C,True,True,0
mmlu_pro_pilot_seed42.jsonl,MMLU-Pro,shipped_engine(pilot),11886,3,D,C,C,False,True,C,False,C,False,C,False,False,0
mmlu_pro_pilot_seed42.jsonl,MMLU-Pro,shipped_engine(pilot),11847,3,D,D,D,True,True,D,True,D,True,D,True,True,0
mmlu_pro_pilot_seed42.jsonl,MMLU-Pro,shipped_engine(pilot),1540,3,D,B,B,False,True,B,False,B,False,B,False,False,0
mmlu_pro_pilot_seed42.jsonl,MMLU-Pro,shipped_engine(pilot),8676,3,D,D,D,True,True,D,True,D,True,D,True,True,0
mmlu_pro_pilot_seed42.jsonl,MMLU-Pro,shipped_engine(pilot),7497,3,B,B,B,True,True,B,True,B,True,B,True,True,0
mmlu_pro_pilot_seed42.jsonl,MMLU-Pro,shipped_engine(pilot),7490,3,C,C,C,True,True,C,True,C,True,C,True,True,0
mmlu_pro_pilot_seed42.jsonl,MMLU-Pro,shipped_engine(pilot),3763,3,D,A,A,False,True,A,False,A,False,A,False,True,0
mmlu_pro_pilot_seed42.jsonl,MMLU-Pro,shipped_engine(pilot),6035,3,D,D,D,True,True,D,True,D,True,D,True,True,0
mmlu_pro_pilot_seed42.jsonl,MMLU-Pro,shipped_engine(pilot),281,3,D,D,D,True,True,D,True,D,True,D,True,True,0
mmlu_pro_pilot_seed42.jsonl,MMLU-Pro,shipped_engine(pilot),4090,3,D,D,D,True,True,D,True,D,True,B,False,True,0
mmlu_pro_pilot_seed42.jsonl,MMLU-Pro,shipped_engine(pilot),10852,3,A,A,A,True,True,A,True,A,True,A,True,True,0
mmlu_pro_pilot_seed42.jsonl,MMLU-Pro,shipped_engine(pilot),7807,3,A,A,A,True,True,A,True,A,True,A,True,True,0
mmlu_pro_pilot_seed42.jsonl,MMLU-Pro,shipped_engine(pilot),10306,3,D,D,D,True,True,D,True,D,True,D,True,True,0
mmlu_pro_pilot_seed42.jsonl,MMLU-Pro,shipped_engine(pilot),11733,3,D,A,A,False,True,A,False,A,False,C,False,False,0
mmlu_pro_pilot_seed42.jsonl,MMLU-Pro,shipped_engine(pilot),9030,3,B,A,A,False,True,A,False,A,False,C,False,False,0
moo_m1_eval.jsonl,GPQA-Diamond,moo:standard-tribunal,gpqa_hard:rechKl68Uc6H7vU0N,3,A,A,A,True,True,A,True,A,True,A,True,True,1
moo_m1_eval.jsonl,GPQA-Diamond,moo:rag_presolve,gpqa_hard:rechKl68Uc6H7vU0N,3,A,C,C,False,True,C,False,C,False,C,False,False,0
moo_m1_eval.jsonl,GPQA-Diamond,moo:stem-max,gpqa_hard:rechKl68Uc6H7vU0N,3,A,A,A,True,True,A,True,A,True,A,True,True,0
moo_m1_eval.jsonl,GPQA-Diamond,moo:flagship_panel,gpqa_hard:rechKl68Uc6H7vU0N,3,A,A,A,True,True,A,True,A,True,A,True,True,0
moo_m1_eval.jsonl,GPQA-Diamond,moo:thinking_gate,gpqa_hard:rechKl68Uc6H7vU0N,3,A,A,A,True,True,A,True,A,True,A,True,True,0
moo_m1_eval.jsonl,GPQA-Diamond,moo:single-call,gpqa_hard:rechKl68Uc6H7vU0N,1,A,A,A,True,True,A,True,A,True,A,True,True,1
moo_m1_eval.jsonl,GPQA-Diamond,moo:rag_thinking_gate,gpqa_hard:rechKl68Uc6H7vU0N,3,A,A,A,True,True,A,True,A,True,C,False,True,0
moo_m1_eval.jsonl,GPQA-Diamond,moo:stem-max,gpqa_hard:recINSFEYLCyyd08m,3,A,A,A,True,True,A,True,A,True,A,True,True,0
moo_m1_eval.jsonl,GPQA-Diamond,moo:standard-tribunal,gpqa_hard:recINSFEYLCyyd08m,3,A,A,A,True,True,A,True,A,True,B,False,True,0
moo_m1_eval.jsonl,GPQA-Diamond,moo:flagship_panel,gpqa_hard:recINSFEYLCyyd08m,3,A,A,A,True,True,A,True,A,True,A,True,True,0
moo_m1_eval.jsonl,GPQA-Diamond,moo:thinking_gate,gpqa_hard:recINSFEYLCyyd08m,3,A,A,A,True,True,A,True,A,True,B,False,True,0
moo_m1_eval.jsonl,GPQA-Diamond,moo:single-call,gpqa_hard:recINSFEYLCyyd08m,1,A,A,A,True,True,A,True,A,True,A,True,True,1
moo_m1_eval.jsonl,GPQA-Diamond,moo:standard-tribunal,gpqa_hard:rec0wZvZgiz320KRs,3,B,D,D,False,True,D,False,D,False,D,False,True,0
moo_m1_eval.jsonl,GPQA-Diamond,moo:rag_thinking_gate,gpqa_hard:recINSFEYLCyyd08m,3,A,B,B,False,True,B,False,A,True,B,False,True,0
moo_m1_eval.jsonl,GPQA-Diamond,moo:rag_presolve,gpqa_hard:recINSFEYLCyyd08m,3,A,D,D,False,True,D,False,D,False,D,False,True,0
moo_m1_eval.jsonl,GPQA-Diamond,moo:rag_presolve,gpqa_hard:rec0wZvZgiz320KRs,3,B,B,B,True,True,B,True,B,True,B,True,True,0
moo_m1_eval.jsonl,GPQA-Diamond,moo:flagship_panel,gpqa_hard:rec0wZvZgiz320KRs,3,B,B,B,True,True,B,True,B,True,B,True,True,0
moo_m1_eval.jsonl,GPQA-Diamond,moo:thinking_gate,gpqa_hard:rec0wZvZgiz320KRs,3,B,B,B,True,True,B,True,B,True,D,False,True,0
moo_m1_eval.jsonl,GPQA-Diamond,moo:standard-tribunal,gpqa_hard:recypVp2NmPlBKVTp,3,A,A,A,True,True,A,True,A,True,A,True,True,0
moo_m1_eval.jsonl,GPQA-Diamond,moo:rag_thinking_gate,gpqa_hard:rec0wZvZgiz320KRs,3,B,B,B,True,True,B,True,B,True,B,True,True,0
moo_m1_eval.jsonl,GPQA-Diamond,moo:stem-max,gpqa_hard:rec0wZvZgiz320KRs,3,B,B,B,True,True,B,True,B,True,D,False,True,0
moo_m1_eval.jsonl,GPQA-Diamond,moo:thinking_gate,gpqa_hard:recypVp2NmPlBKVTp,3,A,A,A,True,True,A,True,A,True,A,True,True,0
moo_m1_eval.jsonl,GPQA-Diamond,moo:stem-max,gpqa_hard:recypVp2NmPlBKVTp,3,A,A,A,True,True,A,True,A,True,A,True,True,0
moo_m1_eval.jsonl,GPQA-Diamond,moo:rag_presolve,gpqa_hard:recypVp2NmPlBKVTp,3,A,A,A,True,True,A,True,A,True,A,True,True,0
moo_m1_eval.jsonl,GPQA-Diamond,moo:single-call,gpqa_hard:rec0wZvZgiz320KRs,1,B,B,B,True,True,B,True,B,True,B,True,True,1
moo_m1_eval.jsonl,GPQA-Diamond,moo:flagship_panel,gpqa_hard:recypVp2NmPlBKVTp,3,A,A,A,True,True,A,True,A,True,A,True,True,0
moo_m1_eval.jsonl,GPQA-Diamond,moo:single-call,gpqa_hard:recypVp2NmPlBKVTp,1,A,A,A,True,True,A,True,A,True,A,True,True,1
moo_m1_eval.jsonl,GPQA-Diamond,moo:standard-tribunal,gpqa_hard:recnawZPumSCLMVgp,3,A,B,B,False,True,B,False,B,False,B,False,False,0
moo_m1_eval.jsonl,GPQA-Diamond,moo:rag_thinking_gate,gpqa_hard:recypVp2NmPlBKVTp,3,A,A,A,True,True,A,True,A,True,A,True,True,0
moo_m1_eval.jsonl,GPQA-Diamond,moo:thinking_gate,gpqa_hard:recnawZPumSCLMVgp,3,A,B,B,False,True,B,False,A,True,B,False,True,0
moo_m1_eval.jsonl,GPQA-Diamond,moo:flagship_panel,gpqa_hard:recnawZPumSCLMVgp,3,A,A,A,True,True,A,True,A,True,A,True,True,0
moo_m1_eval.jsonl,GPQA-Diamond,moo:rag_presolve,gpqa_hard:recnawZPumSCLMVgp,3,A,C,C,False,True,C,False,B,False,C,False,False,0
moo_m1_eval.jsonl,GPQA-Diamond,moo:single-call,gpqa_hard:recnawZPumSCLMVgp,1,A,A,A,True,True,A,True,A,True,A,True,True,1
moo_m1_eval.jsonl,GPQA-Diamond,moo:rag_thinking_gate,gpqa_hard:recnawZPumSCLMVgp,3,A,C,C,False,True,C,False,A,True,A,True,True,0
moo_m1_eval.jsonl,GPQA-Diamond,moo:standard-tribunal,gpqa_hard:rec4r4KWNLrT7g2kR,3,D,D,D,True,True,D,True,A,False,D,True,True,0
moo_m1_eval.jsonl,GPQA-Diamond,moo:stem-max,gpqa_hard:recnawZPumSCLMVgp,3,A,A,A,True,True,A,True,A,True,A,True,True,0
moo_m1_eval.jsonl,GPQA-Diamond,moo:flagship_panel,gpqa_hard:rec4r4KWNLrT7g2kR,3,D,D,D,True,True,D,True,D,True,D,True,True,0
moo_m1_eval.jsonl,GPQA-Diamond,moo:thinking_gate,gpqa_hard:rec4r4KWNLrT7g2kR,3,D,D,D,True,True,D,True,D,True,D,True,True,0
moo_m1_eval.jsonl,GPQA-Diamond,moo:stem-max,gpqa_hard:rec4r4KWNLrT7g2kR,3,D,D,D,True,True,D,True,D,True,A,False,True,0
moo_m1_eval.jsonl,GPQA-Diamond,moo:rag_thinking_gate,gpqa_hard:rec4r4KWNLrT7g2kR,3,D,A,A,False,True,A,False,A,False,A,False,True,0
moo_m1_eval.jsonl,GPQA-Diamond,moo:rag_presolve,gpqa_hard:rec4r4KWNLrT7g2kR,3,D,A,A,False,True,A,False,D,True,A,False,True,0
moo_m1_eval.jsonl,GPQA-Diamond,moo:single-call,gpqa_hard:rec4r4KWNLrT7g2kR,1,D,D,D,True,True,D,True,D,True,D,True,True,1
moo_m1_eval.jsonl,GPQA-Diamond,moo:standard-tribunal,gpqa_hard:recVvpD8miVjmmyfe,3,D,D,D,True,True,D,True,B,False,D,True,True,0
moo_m1_eval.jsonl,GPQA-Diamond,moo:thinking_gate,gpqa_hard:recVvpD8miVjmmyfe,3,D,D,D,True,True,D,True,B,False,D,True,True,0
moo_m1_eval.jsonl,GPQA-Diamond,moo:rag_presolve,gpqa_hard:recVvpD8miVjmmyfe,3,D,B,B,False,True,B,False,B,False,B,False,True,0
moo_m1_eval.jsonl,GPQA-Diamond,moo:stem-max,gpqa_hard:recVvpD8miVjmmyfe,3,D,D,D,True,True,D,True,D,True,D,True,True,0
moo_m1_eval.jsonl,GPQA-Diamond,moo:standard-tribunal,gpqa_hard:rec527dNeEtWJrYNl,3,B,B,B,True,True,B,True,B,True,B,True,True,0
moo_m1_eval.jsonl,GPQA-Diamond,moo:thinking_gate,gpqa_hard:rec527dNeEtWJrYNl,3,B,B,B,True,True,B,True,B,True,B,True,True,0
moo_m1_eval.jsonl,GPQA-Diamond,moo:stem-max,gpqa_hard:rec527dNeEtWJrYNl,3,B,B,B,True,True,B,True,B,True,B,True,True,0
moo_m1_eval.jsonl,GPQA-Diamond,moo:rag_presolve,gpqa_hard:rec527dNeEtWJrYNl,3,B,B,B,True,True,B,True,B,True,B,True,True,0
moo_m1_eval.jsonl,GPQA-Diamond,moo:flagship_panel,gpqa_hard:rec527dNeEtWJrYNl,3,B,B,B,True,True,B,True,B,True,B,True,True,0
moo_m1_eval.jsonl,GPQA-Diamond,moo:rag_thinking_gate,gpqa_hard:rec527dNeEtWJrYNl,3,B,B,B,True,True,B,True,B,True,B,True,True,0
moo_m1_eval.jsonl,GPQA-Diamond,moo:single-call,gpqa_hard:rec527dNeEtWJrYNl,1,B,B,B,True,True,B,True,B,True,B,True,True,1
moo_m1_eval.jsonl,GPQA-Diamond,moo:rag_thinking_gate,gpqa_hard:recVvpD8miVjmmyfe,3,D,D,D,True,True,D,True,D,True,C,False,True,0
moo_m1_eval.jsonl,GPQA-Diamond,moo:standard-tribunal,gpqa_hard:recnTTKdBzfuoZ7w7,3,D,A,A,False,True,A,False,C,False,C,False,False,0
moo_m1_eval.jsonl,GPQA-Diamond,moo:stem-max,gpqa_hard:recnTTKdBzfuoZ7w7,3,D,A,A,False,True,A,False,A,False,A,False,False,0
moo_m1_eval.jsonl,GPQA-Diamond,moo:thinking_gate,gpqa_hard:recnTTKdBzfuoZ7w7,3,D,A,A,False,True,A,False,A,False,A,False,False,0
moo_m1_eval.jsonl,GPQA-Diamond,moo:single-call,gpqa_hard:recnTTKdBzfuoZ7w7,1,D,A,A,False,True,A,False,A,False,A,False,False,1
moo_m1_eval.jsonl,GPQA-Diamond,moo:standard-tribunal,gpqa_hard:recQiWOxhkXRz9NVE,3,C,C,C,True,True,C,True,C,True,C,True,True,0
moo_m1_eval.jsonl,GPQA-Diamond,moo:rag_presolve,gpqa_hard:recnTTKdBzfuoZ7w7,3,D,A,A,False,True,A,False,A,False,A,False,False,0
moo_m1_eval.jsonl,GPQA-Diamond,moo:flagship_panel,gpqa_hard:recQiWOxhkXRz9NVE,3,C,B,B,False,True,B,False,C,True,B,False,True,0
moo_m1_eval.jsonl,GPQA-Diamond,moo:rag_presolve,gpqa_hard:recQiWOxhkXRz9NVE,3,C,C,C,True,True,C,True,C,True,C,True,True,0
moo_m1_eval.jsonl,GPQA-Diamond,moo:thinking_gate,gpqa_hard:recQiWOxhkXRz9NVE,3,C,C,C,True,True,C,True,C,True,A,False,True,0
moo_m1_eval.jsonl,GPQA-Diamond,moo:standard-tribunal,gpqa_hard:rec0yTRmO1o1xCA6H,3,C,D,D,False,True,D,False,D,False,D,False,False,0
moo_m1_eval.jsonl,GPQA-Diamond,moo:thinking_gate,gpqa_hard:rec0yTRmO1o1xCA6H,3,C,D,D,False,True,D,False,D,False,D,False,True,0
moo_m1_eval.jsonl,GPQA-Diamond,moo:stem-max,gpqa_hard:rec0yTRmO1o1xCA6H,3,C,D,D,False,True,D,False,D,False,D,False,True,0
moo_m1_eval.jsonl,GPQA-Diamond,moo:rag_presolve,gpqa_hard:rec0yTRmO1o1xCA6H,3,C,D,D,False,True,D,False,D,False,D,False,False,0
moo_m1_eval.jsonl,GPQA-Diamond,moo:flagship_panel,gpqa_hard:rec0yTRmO1o1xCA6H,3,C,C,C,True,True,C,True,C,True,C,True,True,0
moo_m1_eval.jsonl,GPQA-Diamond,moo:rag_thinking_gate,gpqa_hard:recQiWOxhkXRz9NVE,3,C,C,C,True,True,C,True,C,True,C,True,True,0
moo_m1_eval.jsonl,GPQA-Diamond,moo:rag_thinking_gate,gpqa_hard:rec0yTRmO1o1xCA6H,3,C,D,D,False,True,D,False,C,True,D,False,True,0
moo_m1_eval.jsonl,GPQA-Diamond,moo:single-call,gpqa_hard:rec0yTRmO1o1xCA6H,1,C,C,C,True,True,C,True,C,True,C,True,True,1
moo_m1_eval.jsonl,GPQA-Diamond,moo:single-call,gpqa_hard:recQiWOxhkXRz9NVE,1,C,C,C,True,True,C,True,C,True,C,True,True,1
moo_m1_eval.jsonl,GPQA-Diamond,moo:thinking_gate,gpqa_hard:recb80OwMgNnceA9t,3,A,C,C,False,True,C,False,A,True,C,False,True,0
moo_m1_eval.jsonl,GPQA-Diamond,moo:standard-tribunal,gpqa_hard:recb80OwMgNnceA9t,3,A,C,C,False,True,A,True,A,True,A,True,True,0
moo_m1_eval.jsonl,GPQA-Diamond,moo:rag_presolve,gpqa_hard:recb80OwMgNnceA9t,3,A,B,B,False,True,B,False,B,False,A,True,True,0
moo_m1_eval.jsonl,GPQA-Diamond,moo:stem-max,gpqa_hard:recb80OwMgNnceA9t,3,A,A,A,True,True,A,True,A,True,A,True,True,0
moo_m1_eval.jsonl,GPQA-Diamond,moo:standard-tribunal,gpqa_hard:recDj2Y2BbtV02Wv5,3,B,D,D,False,True,D,False,D,False,D,False,False,0
moo_m1_eval.jsonl,GPQA-Diamond,moo:flagship_panel,gpqa_hard:recb80OwMgNnceA9t,3,A,A,A,True,True,A,True,A,True,A,True,True,0
moo_m1_eval.jsonl,GPQA-Diamond,moo:rag_thinking_gate,gpqa_hard:recb80OwMgNnceA9t,3,A,A,A,True,True,A,True,A,True,D,False,True,0
moo_m1_eval.jsonl,GPQA-Diamond,moo:thinking_gate,gpqa_hard:recDj2Y2BbtV02Wv5,3,B,D,D,False,True,D,False,D,False,D,False,True,1
moo_m1_eval.jsonl,GPQA-Diamond,moo:single-call,gpqa_hard:recb80OwMgNnceA9t,1,A,A,A,True,True,A,True,A,True,A,True,True,1
moo_m1_eval.jsonl,GPQA-Diamond,moo:stem-max,gpqa_hard:recDj2Y2BbtV02Wv5,3,B,D,D,False,True,D,False,D,False,D,False,True,0
moo_m1_eval.jsonl,GPQA-Diamond,moo:rag_presolve,gpqa_hard:recDj2Y2BbtV02Wv5,3,B,D,D,False,True,D,False,D,False,D,False,True,0
moo_m1_eval.jsonl,GPQA-Diamond,moo:standard-tribunal,gpqa_hard:rec6sE2CRtD4drtHg,3,C,C,C,True,True,C,True,C,True,C,True,True,0
moo_m1_eval.jsonl,GPQA-Diamond,moo:flagship_panel,gpqa_hard:recDj2Y2BbtV02Wv5,3,B,D,D,False,True,D,False,D,False,D,False,True,0
moo_m1_eval.jsonl,GPQA-Diamond,moo:thinking_gate,gpqa_hard:rec6sE2CRtD4drtHg,3,C,C,C,True,True,C,True,C,True,C,True,True,0
moo_m1_eval.jsonl,GPQA-Diamond,moo:stem-max,gpqa_hard:rec6sE2CRtD4drtHg,3,C,C,C,True,True,C,True,C,True,C,True,True,0
moo_m1_eval.jsonl,GPQA-Diamond,moo:rag_thinking_gate,gpqa_hard:recDj2Y2BbtV02Wv5,3,B,D,D,False,True,D,False,D,False,D,False,False,0
moo_m1_eval.jsonl,GPQA-Diamond,moo:rag_presolve,gpqa_hard:rec6sE2CRtD4drtHg,3,C,C,C,True,True,C,True,C,True,C,True,True,0
moo_m1_eval.jsonl,GPQA-Diamond,moo:flagship_panel,gpqa_hard:rec6sE2CRtD4drtHg,3,C,C,C,True,True,C,True,C,True,C,True,True,0
moo_m1_eval.jsonl,GPQA-Diamond,moo:single-call,gpqa_hard:recDj2Y2BbtV02Wv5,1,B,D,D,False,True,D,False,D,False,D,False,False,1
moo_m1_eval.jsonl,GPQA-Diamond,moo:thinking_gate,gpqa_hard:recE2ihVfqEK4R9d0,3,C,C,C,True,True,C,True,C,True,C,True,True,0
moo_m1_eval.jsonl,GPQA-Diamond,moo:single-call,gpqa_hard:rec6sE2CRtD4drtHg,1,C,C,C,True,True,C,True,C,True,C,True,True,1
moo_m1_eval.jsonl,GPQA-Diamond,moo:rag_thinking_gate,gpqa_hard:rec6sE2CRtD4drtHg,3,C,C,C,True,True,C,True,C,True,C,True,True,0
moo_m1_eval.jsonl,GPQA-Diamond,moo:stem-max,gpqa_hard:recE2ihVfqEK4R9d0,3,C,C,C,True,True,C,True,C,True,C,True,True,0
moo_m1_eval.jsonl,GPQA-Diamond,moo:rag_presolve,gpqa_hard:recE2ihVfqEK4R9d0,3,C,C,C,True,True,C,True,C,True,C,True,True,0
moo_m1_eval.jsonl,GPQA-Diamond,moo:standard-tribunal,gpqa_hard:recE2ihVfqEK4R9d0,3,C,C,C,True,True,C,True,C,True,C,True,True,0
moo_m1_eval.jsonl,GPQA-Diamond,moo:standard-tribunal,gpqa_hard:rec5rjeLsEq5Fg7Oj,3,D,D,D,True,True,D,True,D,True,D,True,True,0
moo_m1_eval.jsonl,GPQA-Diamond,moo:rag_thinking_gate,gpqa_hard:recE2ihVfqEK4R9d0,3,C,C,C,True,True,C,True,C,True,C,True,True,0
moo_m1_eval.jsonl,GPQA-Diamond,moo:flagship_panel,gpqa_hard:recE2ihVfqEK4R9d0,3,C,C,C,True,True,C,True,C,True,C,True,True,0
moo_m1_eval.jsonl,GPQA-Diamond,moo:single-call,gpqa_hard:recE2ihVfqEK4R9d0,1,C,C,C,True,True,C,True,C,True,C,True,True,1
moo_m1_eval.jsonl,GPQA-Diamond,moo:rag_presolve,gpqa_hard:rec5rjeLsEq5Fg7Oj,3,D,D,D,True,True,D,True,D,True,D,True,True,0
moo_m1_eval.jsonl,GPQA-Diamond,moo:thinking_gate,gpqa_hard:rec5rjeLsEq5Fg7Oj,3,D,D,D,True,True,D,True,D,True,D,True,True,0
moo_m1_eval.jsonl,GPQA-Diamond,moo:rag_thinking_gate,gpqa_hard:rec5rjeLsEq5Fg7Oj,3,D,D,D,True,True,D,True,D,True,D,True,True,0
moo_m1_eval.jsonl,GPQA-Diamond,moo:single-call,gpqa_hard:rec5rjeLsEq5Fg7Oj,1,D,B,B,False,True,B,False,B,False,B,False,False,1
moo_m1_eval.jsonl,GPQA-Diamond,moo:standard-tribunal,gpqa_hard:reczjcMtrB1YGS2fO,3,A,B,B,False,True,B,False,C,False,C,False,False,0
moo_m1_eval.jsonl,GPQA-Diamond,moo:flagship_panel,gpqa_hard:rec5rjeLsEq5Fg7Oj,3,D,B,B,False,True,B,False,B,False,B,False,False,0
moo_m1_eval.jsonl,GPQA-Diamond,moo:stem-max,gpqa_hard:reczjcMtrB1YGS2fO,3,A,C,C,False,True,B,False,B,False,C,False,True,0
moo_m1_eval.jsonl,GPQA-Diamond,moo:flagship_panel,gpqa_hard:reczjcMtrB1YGS2fO,3,A,A,A,True,True,A,True,A,True,A,True,True,0
moo_m1_eval.jsonl,GPQA-Diamond,moo:thinking_gate,gpqa_hard:reczjcMtrB1YGS2fO,3,A,C,C,False,True,B,False,B,False,C,False,True,0
moo_m1_eval.jsonl,GPQA-Diamond,moo:stem-max,gpqa_hard:rec5rjeLsEq5Fg7Oj,3,D,B,B,False,True,B,False,B,False,B,False,True,0
moo_m1_eval.jsonl,GPQA-Diamond,moo:rag_presolve,gpqa_hard:reczjcMtrB1YGS2fO,3,A,C,C,False,True,C,False,C,False,C,False,True,0
moo_m1_eval.jsonl,GPQA-Diamond,moo:rag_thinking_gate,gpqa_hard:reczjcMtrB1YGS2fO,3,A,B,B,False,True,B,False,B,False,A,True,True,0
moo_m1_eval.jsonl,GPQA-Diamond,moo:single-call,gpqa_hard:reczjcMtrB1YGS2fO,1,A,A,A,True,True,A,True,A,True,A,True,True,1
moo_m1_eval.jsonl,GPQA-Diamond,moo:standard-tribunal,gpqa_hard:recGFNRVl1qBZGwyU,3,B,A,A,False,True,A,False,A,False,A,False,False,0
moo_m1_eval.jsonl,GPQA-Diamond,moo:thinking_gate,gpqa_hard:recGFNRVl1qBZGwyU,3,B,A,A,False,True,B,True,B,True,D,False,True,0
moo_m1_eval.jsonl,GPQA-Diamond,moo:stem-max,gpqa_hard:recGFNRVl1qBZGwyU,3,B,B,B,True,True,B,True,B,True,B,True,True,0
moo_m1_eval.jsonl,GPQA-Diamond,moo:flagship_panel,gpqa_hard:recGFNRVl1qBZGwyU,3,B,B,B,True,True,B,True,B,True,B,True,True,0
moo_m1_eval.jsonl,GPQA-Diamond,moo:single-call,gpqa_hard:recGFNRVl1qBZGwyU,1,B,B,B,True,True,B,True,B,True,B,True,True,1
moo_m1_eval.jsonl,GPQA-Diamond,moo:rag_presolve,gpqa_hard:recGFNRVl1qBZGwyU,3,B,A,A,False,True,A,False,D,False,A,False,False,0
moo_m1_eval.jsonl,GPQA-Diamond,moo:standard-tribunal,gpqa_hard:recpki12iG9RUGrz9,3,D,D,D,True,True,D,True,D,True,D,True,True,0
moo_m1_eval.jsonl,GPQA-Diamond,moo:thinking_gate,gpqa_hard:recpki12iG9RUGrz9,3,D,D,D,True,True,D,True,D,True,D,True,True,0
moo_m1_eval.jsonl,GPQA-Diamond,moo:stem-max,gpqa_hard:recpki12iG9RUGrz9,3,D,D,D,True,True,D,True,D,True,D,True,True,0
moo_m1_eval.jsonl,GPQA-Diamond,moo:rag_thinking_gate,gpqa_hard:recGFNRVl1qBZGwyU,3,B,D,D,False,True,B,True,B,True,A,False,True,0
moo_m1_eval.jsonl,GPQA-Diamond,moo:rag_presolve,gpqa_hard:recpki12iG9RUGrz9,3,D,D,D,True,True,D,True,D,True,D,True,True,0
moo_m1_eval.jsonl,GPQA-Diamond,moo:standard-tribunal,gpqa_hard:recIj8lR4tuDgrHou,3,C,C,C,True,True,C,True,C,True,C,True,True,0
moo_m1_eval.jsonl,GPQA-Diamond,moo:single-call,gpqa_hard:recpki12iG9RUGrz9,1,D,D,D,True,True,D,True,D,True,D,True,True,1
moo_m1_eval.jsonl,GPQA-Diamond,moo:stem-max,gpqa_hard:recIj8lR4tuDgrHou,3,C,C,C,True,True,C,True,C,True,C,True,True,0
moo_m1_eval.jsonl,GPQA-Diamond,moo:flagship_panel,gpqa_hard:recpki12iG9RUGrz9,3,D,D,D,True,True,D,True,D,True,D,True,True,0
moo_m1_eval.jsonl,GPQA-Diamond,moo:rag_thinking_gate,gpqa_hard:recpki12iG9RUGrz9,3,D,D,D,True,True,D,True,D,True,D,True,True,0
moo_m1_eval.jsonl,GPQA-Diamond,moo:rag_presolve,gpqa_hard:recIj8lR4tuDgrHou,3,C,C,C,True,True,C,True,C,True,C,True,True,0
moo_m1_eval.jsonl,GPQA-Diamond,moo:thinking_gate,gpqa_hard:recIj8lR4tuDgrHou,3,C,C,C,True,True,C,True,C,True,D,False,True,0
moo_m1_eval.jsonl,GPQA-Diamond,moo:rag_thinking_gate,gpqa_hard:recIj8lR4tuDgrHou,3,C,C,C,True,True,C,True,C,True,C,True,True,0
moo_m1_eval.jsonl,GPQA-Diamond,moo:flagship_panel,gpqa_hard:recIj8lR4tuDgrHou,3,C,C,C,True,True,C,True,C,True,C,True,True,0
moo_m1_eval.jsonl,GPQA-Diamond,moo:standard-tribunal,gpqa_hard:rec260hNUCEj109Dj,3,C,C,C,True,True,C,True,C,True,C,True,True,0
moo_m1_eval.jsonl,GPQA-Diamond,moo:single-call,gpqa_hard:recIj8lR4tuDgrHou,1,C,C,C,True,True,C,True,C,True,C,True,True,1
moo_m1_eval.jsonl,GPQA-Diamond,moo:thinking_gate,gpqa_hard:rec260hNUCEj109Dj,3,C,C,C,True,True,C,True,C,True,C,True,True,0
moo_m1_eval.jsonl,GPQA-Diamond,moo:rag_presolve,gpqa_hard:rec260hNUCEj109Dj,3,C,C,C,True,True,C,True,C,True,C,True,True,0
moo_m1_eval.jsonl,GPQA-Diamond,moo:stem-max,gpqa_hard:rec260hNUCEj109Dj,3,C,C,C,True,True,C,True,C,True,C,True,True,0
moo_m1_eval.jsonl,GPQA-Diamond,moo:flagship_panel,gpqa_hard:rec260hNUCEj109Dj,3,C,C,C,True,True,C,True,C,True,C,True,True,0
moo_m1_eval.jsonl,GPQA-Diamond,moo:standard-tribunal,gpqa_hard:recLAgwx9vbgB5EHk,3,B,B,B,True,True,B,True,B,True,B,True,True,0
moo_m1_eval.jsonl,GPQA-Diamond,moo:rag_thinking_gate,gpqa_hard:rec260hNUCEj109Dj,3,C,C,C,True,True,C,True,C,True,C,True,True,0
moo_m1_eval.jsonl,GPQA-Diamond,moo:single-call,gpqa_hard:rec260hNUCEj109Dj,1,C,C,C,True,True,C,True,C,True,C,True,True,1
moo_m1_eval.jsonl,GPQA-Diamond,moo:stem-max,gpqa_hard:recLAgwx9vbgB5EHk,3,B,B,B,True,True,B,True,B,True,B,True,True,0
moo_m1_eval.jsonl,GPQA-Diamond,moo:flagship_panel,gpqa_hard:recLAgwx9vbgB5EHk,3,B,B,B,True,True,B,True,B,True,B,True,True,0
moo_m1_eval.jsonl,GPQA-Diamond,moo:rag_thinking_gate,gpqa_hard:recLAgwx9vbgB5EHk,3,B,B,B,True,True,B,True,B,True,B,True,True,0
moo_m1_eval.jsonl,GPQA-Diamond,moo:standard-tribunal,gpqa_hard:recXvQ6gWAmyakrpD,3,B,B,B,True,True,B,True,B,True,B,True,True,0
moo_m1_eval.jsonl,GPQA-Diamond,moo:thinking_gate,gpqa_hard:recXvQ6gWAmyakrpD,3,B,B,B,True,True,B,True,B,True,B,True,True,0
moo_m1_eval.jsonl,GPQA-Diamond,moo:single-call,gpqa_hard:recLAgwx9vbgB5EHk,1,B,B,B,True,True,B,True,B,True,B,True,True,1
moo_m1_eval.jsonl,GPQA-Diamond,moo:thinking_gate,gpqa_hard:recLAgwx9vbgB5EHk,3,B,B,B,True,True,B,True,B,True,B,True,True,0
moo_m1_eval.jsonl,GPQA-Diamond,moo:stem-max,gpqa_hard:recXvQ6gWAmyakrpD,3,B,B,B,True,True,B,True,B,True,B,True,True,0
moo_m1_eval.jsonl,GPQA-Diamond,moo:rag_presolve,gpqa_hard:recXvQ6gWAmyakrpD,3,B,B,B,True,True,B,True,B,True,B,True,True,0
moo_m1_eval.jsonl,GPQA-Diamond,moo:rag_presolve,gpqa_hard:recLAgwx9vbgB5EHk,3,B,B,B,True,True,B,True,B,True,A,False,True,0
moo_m1_eval.jsonl,GPQA-Diamond,moo:flagship_panel,gpqa_hard:recXvQ6gWAmyakrpD,3,B,B,B,True,True,B,True,B,True,B,True,True,0
moo_m1_eval.jsonl,GPQA-Diamond,moo:standard-tribunal,gpqa_hard:recWPMm91mGDLXONm,3,D,D,D,True,True,D,True,D,True,D,True,True,0
moo_m1_eval.jsonl,GPQA-Diamond,moo:rag_thinking_gate,gpqa_hard:recXvQ6gWAmyakrpD,3,B,B,B,True,True,B,True,B,True,B,True,True,0
moo_m1_eval.jsonl,GPQA-Diamond,moo:single-call,gpqa_hard:recXvQ6gWAmyakrpD,1,B,B,B,True,True,B,True,B,True,B,True,True,1
moo_m1_eval.jsonl,GPQA-Diamond,moo:stem-max,gpqa_hard:recWPMm91mGDLXONm,3,D,D,D,True,True,D,True,D,True,D,True,True,0
moo_m1_eval.jsonl,GPQA-Diamond,moo:flagship_panel,gpqa_hard:recWPMm91mGDLXONm,3,D,D,D,True,True,D,True,D,True,D,True,True,0
moo_m1_eval.jsonl,GPQA-Diamond,moo:thinking_gate,gpqa_hard:recWPMm91mGDLXONm,3,D,D,D,True,True,D,True,D,True,D,True,True,0
moo_m1_eval.jsonl,GPQA-Diamond,moo:standard-tribunal,gpqa_hard:recOvqPKUtyy9ISA1,3,D,D,D,True,True,D,True,D,True,D,True,True,0
moo_m1_eval.jsonl,GPQA-Diamond,moo:single-call,gpqa_hard:recWPMm91mGDLXONm,1,D,D,D,True,True,D,True,D,True,D,True,True,1
moo_m1_eval.jsonl,GPQA-Diamond,moo:rag_thinking_gate,gpqa_hard:recWPMm91mGDLXONm,3,D,D,D,True,True,D,True,D,True,D,True,True,0
moo_m1_eval.jsonl,GPQA-Diamond,moo:rag_presolve,gpqa_hard:recWPMm91mGDLXONm,3,D,D,D,True,True,D,True,D,True,A,False,True,0
moo_m1_eval.jsonl,GPQA-Diamond,moo:thinking_gate,gpqa_hard:recOvqPKUtyy9ISA1,3,D,D,D,True,True,D,True,D,True,D,True,True,0
moo_m1_eval.jsonl,GPQA-Diamond,moo:rag_presolve,gpqa_hard:recOvqPKUtyy9ISA1,3,D,D,D,True,True,D,True,D,True,D,True,True,0
moo_m1_eval.jsonl,GPQA-Diamond,moo:flagship_panel,gpqa_hard:recOvqPKUtyy9ISA1,3,D,D,D,True,True,D,True,D,True,D,True,True,0
moo_m1_eval.jsonl,GPQA-Diamond,moo:standard-tribunal,gpqa_hard:recSBcGLPatKb3Ygu,3,D,D,D,True,True,D,True,D,True,D,True,True,0
moo_m1_eval.jsonl,GPQA-Diamond,moo:thinking_gate,gpqa_hard:recSBcGLPatKb3Ygu,3,D,D,D,True,True,D,True,D,True,D,True,True,0
moo_m1_eval.jsonl,GPQA-Diamond,moo:rag_thinking_gate,gpqa_hard:recOvqPKUtyy9ISA1,3,D,D,D,True,True,D,True,D,True,D,True,True,0
moo_m1_eval.jsonl,GPQA-Diamond,moo:stem-max,gpqa_hard:recSBcGLPatKb3Ygu,3,D,D,D,True,True,D,True,D,True,D,True,True,0
moo_m1_eval.jsonl,GPQA-Diamond,moo:rag_presolve,gpqa_hard:recSBcGLPatKb3Ygu,3,D,D,D,True,True,D,True,D,True,D,True,True,0
moo_m1_eval.jsonl,GPQA-Diamond,moo:flagship_panel,gpqa_hard:recSBcGLPatKb3Ygu,3,D,D,D,True,True,D,True,D,True,D,True,True,0
moo_m1_eval.jsonl,GPQA-Diamond,moo:single-call,gpqa_hard:recSBcGLPatKb3Ygu,1,D,D,D,True,True,D,True,D,True,D,True,True,1
moo_m1_eval.jsonl,GPQA-Diamond,moo:rag_thinking_gate,gpqa_hard:recSBcGLPatKb3Ygu,3,D,D,D,True,True,D,True,D,True,D,True,True,0
moo_m1_eval.jsonl,GPQA-Diamond,moo:standard-tribunal,gpqa_hard:recHVUd2DkoKfedJZ,3,A,C,C,False,True,C,False,C,False,C,False,False,0
moo_m1_eval.jsonl,GPQA-Diamond,moo:single-call,gpqa_hard:recOvqPKUtyy9ISA1,1,D,B,B,False,True,B,False,B,False,B,False,False,1
moo_m1_eval.jsonl,GPQA-Diamond,moo:stem-max,gpqa_hard:recHVUd2DkoKfedJZ,3,A,A,A,True,True,A,True,A,True,A,True,True,0
moo_m1_eval.jsonl,GPQA-Diamond,moo:stem-max,gpqa_hard:recOvqPKUtyy9ISA1,3,D,D,D,True,True,D,True,B,False,D,True,True,0
moo_m1_eval.jsonl,GPQA-Diamond,moo:rag_presolve,gpqa_hard:recHVUd2DkoKfedJZ,3,A,A,A,True,True,A,True,A,True,A,True,True,0
moo_m1_eval.jsonl,GPQA-Diamond,moo:thinking_gate,gpqa_hard:recHVUd2DkoKfedJZ,3,A,A,A,True,True,A,True,C,False,A,True,True,0
moo_m1_eval.jsonl,GPQA-Diamond,moo:flagship_panel,gpqa_hard:recHVUd2DkoKfedJZ,3,A,A,A,True,True,A,True,A,True,A,True,True,0
moo_m1_eval.jsonl,GPQA-Diamond,moo:single-call,gpqa_hard:recHVUd2DkoKfedJZ,1,A,A,A,True,True,A,True,A,True,A,True,True,1
moo_m1_eval.jsonl,GPQA-Diamond,moo:stem-max,gpqa_hard:recnGEpF1srQpaqWq,3,B,B,B,True,True,B,True,B,True,B,True,True,0
moo_m1_eval.jsonl,GPQA-Diamond,moo:standard-tribunal,gpqa_hard:recnGEpF1srQpaqWq,3,B,,,False,True,,False,B,True,B,True,True,2
moo_m1_eval.jsonl,GPQA-Diamond,moo:rag_presolve,gpqa_hard:recnGEpF1srQpaqWq,3,B,B,B,True,True,B,True,B,True,B,True,True,0
moo_m1_eval.jsonl,GPQA-Diamond,moo:rag_thinking_gate,gpqa_hard:recHVUd2DkoKfedJZ,3,A,A,A,True,True,A,True,A,True,A,True,True,0
moo_m1_eval.jsonl,GPQA-Diamond,moo:thinking_gate,gpqa_hard:recnGEpF1srQpaqWq,3,B,B,B,True,True,B,True,B,True,B,True,True,1
moo_m1_eval.jsonl,GPQA-Diamond,moo:standard-tribunal,gpqa_hard:recmI7EiLv72PxmYK,3,B,B,B,True,True,B,True,D,False,D,False,True,0
moo_m1_eval.jsonl,GPQA-Diamond,moo:single-call,gpqa_hard:recnGEpF1srQpaqWq,1,B,B,B,True,True,B,True,B,True,B,True,True,1
moo_m1_eval.jsonl,GPQA-Diamond,moo:thinking_gate,gpqa_hard:recmI7EiLv72PxmYK,3,B,B,B,True,True,B,True,D,False,D,False,True,0
moo_m1_eval.jsonl,GPQA-Diamond,moo:stem-max,gpqa_hard:recmI7EiLv72PxmYK,3,B,B,B,True,True,B,True,D,False,D,False,True,0
moo_m1_eval.jsonl,GPQA-Diamond,moo:rag_presolve,gpqa_hard:recmI7EiLv72PxmYK,3,B,B,B,True,True,B,True,B,True,B,True,True,0
moo_m1_eval.jsonl,GPQA-Diamond,moo:rag_thinking_gate,gpqa_hard:recnGEpF1srQpaqWq,3,B,,,False,True,B,True,B,True,A,False,True,1
moo_m1_eval.jsonl,GPQA-Diamond,moo:flagship_panel,gpqa_hard:recmI7EiLv72PxmYK,3,B,B,B,True,True,B,True,B,True,B,True,True,0
moo_m1_eval.jsonl,GPQA-Diamond,moo:flagship_panel,gpqa_hard:recnGEpF1srQpaqWq,3,B,B,B,True,True,B,True,B,True,B,True,True,0
moo_m1_eval.jsonl,GPQA-Diamond,moo:standard-tribunal,gpqa_hard:recVEXvhYxAhELVqB,3,A,A,A,True,True,A,True,A,True,A,True,True,0
moo_m1_eval.jsonl,GPQA-Diamond,moo:single-call,gpqa_hard:recmI7EiLv72PxmYK,1,B,B,B,True,True,B,True,B,True,B,True,True,1
moo_m1_eval.jsonl,GPQA-Diamond,moo:rag_thinking_gate,gpqa_hard:recmI7EiLv72PxmYK,3,B,B,B,True,True,B,True,B,True,B,True,True,0
moo_m1_eval.jsonl,GPQA-Diamond,moo:thinking_gate,gpqa_hard:recVEXvhYxAhELVqB,3,A,A,A,True,True,A,True,A,True,A,True,True,0
moo_m1_eval.jsonl,GPQA-Diamond,moo:rag_presolve,gpqa_hard:recVEXvhYxAhELVqB,3,A,A,A,True,True,A,True,A,True,A,True,True,0
moo_m1_eval.jsonl,GPQA-Diamond,moo:stem-max,gpqa_hard:recVEXvhYxAhELVqB,3,A,A,A,True,True,A,True,A,True,A,True,True,0
moo_m1_eval.jsonl,GPQA-Diamond,moo:flagship_panel,gpqa_hard:recVEXvhYxAhELVqB,3,A,A,A,True,True,A,True,A,True,A,True,True,0
moo_m1_eval.jsonl,SuperGPQA-hard,moo:thinking_gate,supergpqa_hard:5b3ba5d082c74528ab9c60a12e0e3614,3,B,B,B,True,True,B,True,B,True,B,True,True,0
moo_m1_eval.jsonl,GPQA-Diamond,moo:single-call,gpqa_hard:recVEXvhYxAhELVqB,1,A,A,A,True,True,A,True,A,True,A,True,True,1
moo_m1_eval.jsonl,GPQA-Diamond,moo:rag_thinking_gate,gpqa_hard:recVEXvhYxAhELVqB,3,A,A,A,True,True,A,True,A,True,A,True,True,0
moo_m1_eval.jsonl,SuperGPQA-hard,moo:standard-tribunal,supergpqa_hard:5b3ba5d082c74528ab9c60a12e0e3614,3,B,B,B,True,True,B,True,A,False,B,True,True,0
moo_m1_eval.jsonl,SuperGPQA-hard,moo:flagship_panel,supergpqa_hard:5b3ba5d082c74528ab9c60a12e0e3614,3,B,B,B,True,True,B,True,B,True,B,True,True,0
moo_m1_eval.jsonl,SuperGPQA-hard,moo:rag_presolve,supergpqa_hard:5b3ba5d082c74528ab9c60a12e0e3614,3,B,B,B,True,True,B,True,B,True,B,True,True,0
moo_m1_eval.jsonl,SuperGPQA-hard,moo:rag_thinking_gate,supergpqa_hard:5b3ba5d082c74528ab9c60a12e0e3614,3,B,B,B,True,True,B,True,B,True,B,True,True,0
moo_m1_eval.jsonl,SuperGPQA-hard,moo:single-call,supergpqa_hard:5b3ba5d082c74528ab9c60a12e0e3614,1,B,B,B,True,True,B,True,B,True,B,True,True,1
moo_m1_eval.jsonl,SuperGPQA-hard,moo:stem-max,supergpqa_hard:5b3ba5d082c74528ab9c60a12e0e3614,3,B,B,B,True,True,B,True,B,True,A,False,True,0
moo_m1_eval.jsonl,SuperGPQA-hard,moo:standard-tribunal,supergpqa_hard:1d55d70bc081494da80f9c9735015376,3,C,B,B,False,True,B,False,C,True,B,False,True,0
moo_m1_eval.jsonl,SuperGPQA-hard,moo:thinking_gate,supergpqa_hard:1d55d70bc081494da80f9c9735015376,3,C,B,B,False,True,B,False,B,False,C,True,True,0
moo_m1_eval.jsonl,SuperGPQA-hard,moo:stem-max,supergpqa_hard:1d55d70bc081494da80f9c9735015376,3,C,C,C,True,True,C,True,C,True,C,True,True,0
moo_m1_eval.jsonl,SuperGPQA-hard,moo:rag_presolve,supergpqa_hard:1d55d70bc081494da80f9c9735015376,3,C,B,B,False,True,B,False,B,False,C,True,True,0
moo_m1_eval.jsonl,SuperGPQA-hard,moo:standard-tribunal,supergpqa_hard:4e711f17db254dd4953606570f0cc7a7,3,A,D,D,False,True,D,False,D,False,D,False,False,0
moo_m1_eval.jsonl,SuperGPQA-hard,moo:rag_thinking_gate,supergpqa_hard:1d55d70bc081494da80f9c9735015376,3,C,C,C,True,True,C,True,B,False,C,True,True,0
moo_m1_eval.jsonl,SuperGPQA-hard,moo:thinking_gate,supergpqa_hard:4e711f17db254dd4953606570f0cc7a7,3,A,D,D,False,True,D,False,C,False,D,False,False,0
moo_m1_eval.jsonl,SuperGPQA-hard,moo:rag_presolve,supergpqa_hard:4e711f17db254dd4953606570f0cc7a7,3,A,D,D,False,True,D,False,D,False,D,False,False,0
moo_m1_eval.jsonl,SuperGPQA-hard,moo:stem-max,supergpqa_hard:4e711f17db254dd4953606570f0cc7a7,3,A,D,D,False,True,D,False,D,False,D,False,False,0
moo_m1_eval.jsonl,SuperGPQA-hard,moo:rag_thinking_gate,supergpqa_hard:4e711f17db254dd4953606570f0cc7a7,3,A,D,D,False,True,D,False,D,False,D,False,False,0
moo_m1_eval.jsonl,SuperGPQA-hard,moo:standard-tribunal,supergpqa_hard:e313bac23c0a44a09b34da5cda7a7a5a,3,C,A,A,False,True,A,False,A,False,A,False,False,0
moo_m1_eval.jsonl,SuperGPQA-hard,moo:single-call,supergpqa_hard:4e711f17db254dd4953606570f0cc7a7,1,A,C,C,False,True,C,False,C,False,C,False,False,1
moo_m1_eval.jsonl,SuperGPQA-hard,moo:flagship_panel,supergpqa_hard:4e711f17db254dd4953606570f0cc7a7,3,A,D,D,False,True,D,False,C,False,C,False,False,0
moo_m1_eval.jsonl,SuperGPQA-hard,moo:rag_presolve,supergpqa_hard:e313bac23c0a44a09b34da5cda7a7a5a,3,C,A,A,False,True,A,False,A,False,A,False,False,0
moo_m1_eval.jsonl,SuperGPQA-hard,moo:thinking_gate,supergpqa_hard:e313bac23c0a44a09b34da5cda7a7a5a,3,C,A,A,False,True,C,True,C,True,C,True,True,0
moo_m1_eval.jsonl,SuperGPQA-hard,moo:stem-max,supergpqa_hard:e313bac23c0a44a09b34da5cda7a7a5a,3,C,C,C,True,True,C,True,A,False,A,False,True,0
moo_m1_eval.jsonl,SuperGPQA-hard,moo:standard-tribunal,supergpqa_hard:454028b0c0884f4192d16081e358d436,3,D,D,D,True,True,D,True,D,True,D,True,True,0
moo_m1_eval.jsonl,SuperGPQA-hard,moo:single-call,supergpqa_hard:e313bac23c0a44a09b34da5cda7a7a5a,1,C,C,C,True,True,C,True,C,True,C,True,True,1
moo_m1_eval.jsonl,SuperGPQA-hard,moo:thinking_gate,supergpqa_hard:454028b0c0884f4192d16081e358d436,3,D,D,D,True,True,D,True,D,True,D,True,True,0
moo_m1_eval.jsonl,SuperGPQA-hard,moo:stem-max,supergpqa_hard:454028b0c0884f4192d16081e358d436,3,D,D,D,True,True,D,True,D,True,D,True,True,0
moo_m1_eval.jsonl,SuperGPQA-hard,moo:rag_presolve,supergpqa_hard:454028b0c0884f4192d16081e358d436,3,D,D,D,True,True,D,True,D,True,D,True,True,0
moo_m1_eval.jsonl,SuperGPQA-hard,moo:flagship_panel,supergpqa_hard:454028b0c0884f4192d16081e358d436,3,D,D,D,True,True,D,True,D,True,D,True,True,0
moo_m1_eval.jsonl,SuperGPQA-hard,moo:flagship_panel,supergpqa_hard:e313bac23c0a44a09b34da5cda7a7a5a,3,C,C,C,True,True,C,True,C,True,C,True,True,0
moo_m1_eval.jsonl,SuperGPQA-hard,moo:standard-tribunal,supergpqa_hard:917d14354e104597ab763b7c98ec5098,3,A,A,A,True,True,A,True,A,True,A,True,True,0
moo_m1_eval.jsonl,SuperGPQA-hard,moo:rag_thinking_gate,supergpqa_hard:e313bac23c0a44a09b34da5cda7a7a5a,3,C,C,C,True,True,C,True,C,True,C,True,True,0
moo_m1_eval.jsonl,SuperGPQA-hard,moo:single-call,supergpqa_hard:454028b0c0884f4192d16081e358d436,1,D,D,D,True,True,D,True,D,True,D,True,True,1
moo_m1_eval.jsonl,SuperGPQA-hard,moo:flagship_panel,supergpqa_hard:917d14354e104597ab763b7c98ec5098,3,A,A,A,True,True,A,True,A,True,A,True,True,0
moo_m1_eval.jsonl,SuperGPQA-hard,moo:rag_presolve,supergpqa_hard:917d14354e104597ab763b7c98ec5098,3,A,A,A,True,True,A,True,A,True,A,True,True,0
moo_m1_eval.jsonl,SuperGPQA-hard,moo:stem-max,supergpqa_hard:917d14354e104597ab763b7c98ec5098,3,A,A,A,True,True,A,True,A,True,A,True,True,0
moo_m1_eval.jsonl,SuperGPQA-hard,moo:thinking_gate,supergpqa_hard:917d14354e104597ab763b7c98ec5098,3,A,A,A,True,True,A,True,A,True,B,False,True,0
moo_m1_eval.jsonl,SuperGPQA-hard,moo:standard-tribunal,supergpqa_hard:f3dbbb1c935242e287d05399a283167a,3,A,C,C,False,True,C,False,C,False,C,False,False,0
moo_m1_eval.jsonl,SuperGPQA-hard,moo:rag_thinking_gate,supergpqa_hard:917d14354e104597ab763b7c98ec5098,3,A,A,A,True,True,A,True,A,True,A,True,True,0
moo_m1_eval.jsonl,SuperGPQA-hard,moo:single-call,supergpqa_hard:917d14354e104597ab763b7c98ec5098,1,A,A,A,True,True,A,True,A,True,A,True,True,1
moo_m1_eval.jsonl,SuperGPQA-hard,moo:rag_thinking_gate,supergpqa_hard:454028b0c0884f4192d16081e358d436,3,D,D,D,True,True,D,True,D,True,A,False,True,0
moo_m1_eval.jsonl,SuperGPQA-hard,moo:rag_presolve,supergpqa_hard:f3dbbb1c935242e287d05399a283167a,3,A,C,C,False,True,C,False,C,False,C,False,False,0
moo_m1_eval.jsonl,SuperGPQA-hard,moo:flagship_panel,supergpqa_hard:f3dbbb1c935242e287d05399a283167a,3,A,C,C,False,True,C,False,C,False,C,False,False,0
moo_m1_eval.jsonl,SuperGPQA-hard,moo:single-call,supergpqa_hard:f3dbbb1c935242e287d05399a283167a,1,A,C,C,False,True,C,False,C,False,C,False,False,1
moo_m1_eval.jsonl,SuperGPQA-hard,moo:standard-tribunal,supergpqa_hard:bf79c60db17b4207957d40a5ada06a76,3,A,B,B,False,True,B,False,B,False,B,False,False,0
moo_m1_eval.jsonl,SuperGPQA-hard,moo:thinking_gate,supergpqa_hard:f3dbbb1c935242e287d05399a283167a,3,A,C,C,False,True,C,False,C,False,C,False,False,0
moo_m1_eval.jsonl,SuperGPQA-hard,moo:stem-max,supergpqa_hard:f3dbbb1c935242e287d05399a283167a,3,A,C,C,False,True,C,False,C,False,C,False,False,0
moo_m1_eval.jsonl,SuperGPQA-hard,moo:rag_thinking_gate,supergpqa_hard:f3dbbb1c935242e287d05399a283167a,3,A,C,C,False,True,C,False,C,False,C,False,False,0
moo_m1_eval.jsonl,SuperGPQA-hard,moo:rag_presolve,supergpqa_hard:bf79c60db17b4207957d40a5ada06a76,3,A,A,A,True,True,A,True,A,True,A,True,True,0
moo_m1_eval.jsonl,SuperGPQA-hard,moo:flagship_panel,supergpqa_hard:bf79c60db17b4207957d40a5ada06a76,3,A,A,A,True,True,A,True,A,True,A,True,True,0
moo_m1_eval.jsonl,SuperGPQA-hard,moo:rag_thinking_gate,supergpqa_hard:bf79c60db17b4207957d40a5ada06a76,3,A,A,A,True,True,A,True,A,True,A,True,True,0
moo_m1_eval.jsonl,SuperGPQA-hard,moo:thinking_gate,supergpqa_hard:bf79c60db17b4207957d40a5ada06a76,3,A,B,B,False,True,B,False,A,True,B,False,True,0
moo_m1_eval.jsonl,SuperGPQA-hard,moo:single-call,supergpqa_hard:bf79c60db17b4207957d40a5ada06a76,1,A,A,A,True,True,A,True,A,True,A,True,True,1
moo_m1_eval.jsonl,SuperGPQA-hard,moo:stem-max,supergpqa_hard:bf79c60db17b4207957d40a5ada06a76,3,A,B,B,False,True,B,False,A,True,B,False,True,0
moo_m1_eval.jsonl,SuperGPQA-hard,moo:standard-tribunal,supergpqa_hard:4e8a3894e41f4ca291c7b9d40a6bbe41,3,A,C,C,False,True,C,False,A,True,C,False,True,0
moo_m1_eval.jsonl,SuperGPQA-hard,moo:thinking_gate,supergpqa_hard:4e8a3894e41f4ca291c7b9d40a6bbe41,3,A,C,C,False,True,C,False,C,False,C,False,False,0
moo_m1_eval.jsonl,SuperGPQA-hard,moo:stem-max,supergpqa_hard:4e8a3894e41f4ca291c7b9d40a6bbe41,3,A,D,D,False,True,D,False,D,False,C,False,False,0
moo_m1_eval.jsonl,SuperGPQA-hard,moo:rag_presolve,supergpqa_hard:4e8a3894e41f4ca291c7b9d40a6bbe41,3,A,A,A,True,True,A,True,A,True,A,True,True,0
moo_m1_eval.jsonl,SuperGPQA-hard,moo:thinking_gate,supergpqa_hard:21de236f15e846ecaac90b5464aa6751,3,B,B,B,True,True,B,True,B,True,B,True,True,0
moo_m1_eval.jsonl,SuperGPQA-hard,moo:rag_thinking_gate,supergpqa_hard:4e8a3894e41f4ca291c7b9d40a6bbe41,3,A,C,C,False,True,A,True,A,True,D,False,True,0
moo_m1_eval.jsonl,SuperGPQA-hard,moo:standard-tribunal,supergpqa_hard:21de236f15e846ecaac90b5464aa6751,3,B,B,B,True,True,B,True,B,True,A,False,True,0
moo_m1_eval.jsonl,SuperGPQA-hard,moo:stem-max,supergpqa_hard:21de236f15e846ecaac90b5464aa6751,3,B,B,B,True,True,B,True,B,True,B,True,True,0
moo_m1_eval.jsonl,SuperGPQA-hard,moo:rag_presolve,supergpqa_hard:21de236f15e846ecaac90b5464aa6751,3,B,B,B,True,True,B,True,B,True,B,True,True,0
moo_m1_eval.jsonl,SuperGPQA-hard,moo:single-call,supergpqa_hard:4e8a3894e41f4ca291c7b9d40a6bbe41,1,A,D,D,False,True,D,False,D,False,D,False,False,1
moo_m1_eval.jsonl,SuperGPQA-hard,moo:flagship_panel,supergpqa_hard:21de236f15e846ecaac90b5464aa6751,3,B,B,B,True,True,B,True,B,True,B,True,True,0
moo_m1_eval.jsonl,SuperGPQA-hard,moo:thinking_gate,supergpqa_hard:28b8e9105db04b8b9d3a7e2f6aedff5c,3,B,B,B,True,True,B,True,B,True,B,True,True,0
moo_m1_eval.jsonl,SuperGPQA-hard,moo:single-call,supergpqa_hard:21de236f15e846ecaac90b5464aa6751,1,B,B,B,True,True,B,True,B,True,B,True,True,1
moo_m1_eval.jsonl,SuperGPQA-hard,moo:stem-max,supergpqa_hard:28b8e9105db04b8b9d3a7e2f6aedff5c,3,B,B,B,True,True,B,True,B,True,B,True,True,0
moo_m1_eval.jsonl,SuperGPQA-hard,moo:standard-tribunal,supergpqa_hard:28b8e9105db04b8b9d3a7e2f6aedff5c,3,B,B,B,True,True,B,True,B,True,B,True,True,0
moo_m1_eval.jsonl,SuperGPQA-hard,moo:flagship_panel,supergpqa_hard:28b8e9105db04b8b9d3a7e2f6aedff5c,3,B,B,B,True,True,B,True,B,True,B,True,True,0
moo_m1_eval.jsonl,SuperGPQA-hard,moo:rag_thinking_gate,supergpqa_hard:28b8e9105db04b8b9d3a7e2f6aedff5c,3,B,B,B,True,True,B,True,B,True,B,True,True,0
moo_m1_eval.jsonl,SuperGPQA-hard,moo:rag_thinking_gate,supergpqa_hard:21de236f15e846ecaac90b5464aa6751,3,B,B,B,True,True,B,True,B,True,B,True,True,0
moo_m1_eval.jsonl,SuperGPQA-hard,moo:rag_presolve,supergpqa_hard:28b8e9105db04b8b9d3a7e2f6aedff5c,3,B,B,B,True,True,B,True,B,True,B,True,True,0
moo_m1_eval.jsonl,SuperGPQA-hard,moo:single-call,supergpqa_hard:28b8e9105db04b8b9d3a7e2f6aedff5c,1,B,B,B,True,True,B,True,B,True,B,True,True,1
moo_m1_eval.jsonl,SuperGPQA-hard,moo:flagship_panel,supergpqa_hard:ef085846d5e74e358456de0a96fc049b,3,D,D,D,True,True,D,True,D,True,D,True,True,0
moo_m1_eval.jsonl,SuperGPQA-hard,moo:standard-tribunal,supergpqa_hard:ef085846d5e74e358456de0a96fc049b,3,D,A,A,False,True,A,False,A,False,A,False,True,0
moo_m1_eval.jsonl,SuperGPQA-hard,moo:thinking_gate,supergpqa_hard:ef085846d5e74e358456de0a96fc049b,3,D,A,A,False,True,A,False,D,True,A,False,True,0
moo_m1_eval.jsonl,SuperGPQA-hard,moo:rag_thinking_gate,supergpqa_hard:ef085846d5e74e358456de0a96fc049b,3,D,D,D,True,True,D,True,D,True,D,True,True,0
moo_m1_eval.jsonl,SuperGPQA-hard,moo:stem-max,supergpqa_hard:ef085846d5e74e358456de0a96fc049b,3,D,A,A,False,True,A,False,D,True,A,False,True,0
moo_m1_eval.jsonl,SuperGPQA-hard,moo:single-call,supergpqa_hard:ef085846d5e74e358456de0a96fc049b,1,D,D,D,True,True,D,True,D,True,D,True,True,1
moo_m1_eval.jsonl,SuperGPQA-hard,moo:rag_presolve,supergpqa_hard:ef085846d5e74e358456de0a96fc049b,3,D,D,D,True,True,D,True,D,True,A,False,True,0
moo_m1_eval.jsonl,SuperGPQA-hard,moo:standard-tribunal,supergpqa_hard:3aa8040fa0174d9ebee38e9a1f196d26,3,C,A,A,False,True,A,False,A,False,B,False,False,0
moo_m1_eval.jsonl,SuperGPQA-hard,moo:flagship_panel,supergpqa_hard:3aa8040fa0174d9ebee38e9a1f196d26,3,C,C,C,True,True,C,True,C,True,C,True,True,0
moo_m1_eval.jsonl,SuperGPQA-hard,moo:thinking_gate,supergpqa_hard:3aa8040fa0174d9ebee38e9a1f196d26,3,C,D,D,False,True,C,True,C,True,D,False,True,0
moo_m1_eval.jsonl,SuperGPQA-hard,moo:rag_presolve,supergpqa_hard:3aa8040fa0174d9ebee38e9a1f196d26,3,C,B,B,False,True,B,False,B,False,B,False,False,0
moo_m1_eval.jsonl,SuperGPQA-hard,moo:standard-tribunal,supergpqa_hard:10306739cc6f4b94afa3336c48376be7,3,A,D,D,False,True,D,False,D,False,D,False,False,0
moo_m1_eval.jsonl,SuperGPQA-hard,moo:stem-max,supergpqa_hard:3aa8040fa0174d9ebee38e9a1f196d26,3,C,A,A,False,True,A,False,C,True,C,True,True,0
moo_m1_eval.jsonl,SuperGPQA-hard,moo:stem-max,supergpqa_hard:10306739cc6f4b94afa3336c48376be7,3,A,D,D,False,True,D,False,D,False,D,False,False,0
moo_m1_eval.jsonl,SuperGPQA-hard,moo:rag_thinking_gate,supergpqa_hard:3aa8040fa0174d9ebee38e9a1f196d26,3,C,B,B,False,True,C,True,C,True,D,False,True,0
moo_m1_eval.jsonl,SuperGPQA-hard,moo:single-call,supergpqa_hard:3aa8040fa0174d9ebee38e9a1f196d26,1,C,C,C,True,True,C,True,C,True,C,True,True,1
moo_m1_eval.jsonl,SuperGPQA-hard,moo:flagship_panel,supergpqa_hard:10306739cc6f4b94afa3336c48376be7,3,A,A,A,True,True,A,True,A,True,A,True,True,0
moo_m1_eval.jsonl,SuperGPQA-hard,moo:thinking_gate,supergpqa_hard:10306739cc6f4b94afa3336c48376be7,3,A,D,D,False,True,D,False,D,False,D,False,True,0
moo_m1_eval.jsonl,SuperGPQA-hard,moo:standard-tribunal,supergpqa_hard:e78c81f946704e8ab0fb15182b6f8f68,3,C,D,D,False,True,D,False,D,False,D,False,False,0
moo_m1_eval.jsonl,SuperGPQA-hard,moo:single-call,supergpqa_hard:10306739cc6f4b94afa3336c48376be7,1,A,A,A,True,True,A,True,A,True,A,True,True,1
moo_m1_eval.jsonl,SuperGPQA-hard,moo:rag_presolve,supergpqa_hard:10306739cc6f4b94afa3336c48376be7,3,A,A,A,True,True,A,True,D,False,A,True,True,0
moo_m1_eval.jsonl,SuperGPQA-hard,moo:rag_thinking_gate,supergpqa_hard:10306739cc6f4b94afa3336c48376be7,3,A,D,D,False,True,D,False,D,False,A,True,True,0
moo_m1_eval.jsonl,SuperGPQA-hard,moo:thinking_gate,supergpqa_hard:e78c81f946704e8ab0fb15182b6f8f68,3,C,C,C,True,True,C,True,C,True,D,False,True,0
moo_m1_eval.jsonl,SuperGPQA-hard,moo:rag_presolve,supergpqa_hard:e78c81f946704e8ab0fb15182b6f8f68,3,C,C,C,True,True,C,True,C,True,C,True,True,0
moo_m1_eval.jsonl,SuperGPQA-hard,moo:flagship_panel,supergpqa_hard:e78c81f946704e8ab0fb15182b6f8f68,3,C,C,C,True,True,C,True,C,True,C,True,True,0
moo_m1_eval.jsonl,SuperGPQA-hard,moo:stem-max,supergpqa_hard:e78c81f946704e8ab0fb15182b6f8f68,3,C,C,C,True,True,C,True,C,True,D,False,True,0
moo_m1_eval.jsonl,SuperGPQA-hard,moo:single-call,supergpqa_hard:e78c81f946704e8ab0fb15182b6f8f68,1,C,C,C,True,True,C,True,C,True,C,True,True,1
moo_m1_eval.jsonl,SuperGPQA-hard,moo:standard-tribunal,supergpqa_hard:21c8296790dc44c3b47308fe139b1378,3,C,D,D,False,True,D,False,D,False,D,False,True,0
moo_m1_eval.jsonl,SuperGPQA-hard,moo:rag_thinking_gate,supergpqa_hard:e78c81f946704e8ab0fb15182b6f8f68,3,C,C,C,True,True,C,True,C,True,A,False,True,0
moo_m1_eval.jsonl,SuperGPQA-hard,moo:thinking_gate,supergpqa_hard:21c8296790dc44c3b47308fe139b1378,3,C,D,D,False,True,D,False,D,False,D,False,True,0
moo_m1_eval.jsonl,SuperGPQA-hard,moo:rag_presolve,supergpqa_hard:21c8296790dc44c3b47308fe139b1378,3,C,D,D,False,True,D,False,D,False,D,False,False,0
moo_m1_eval.jsonl,SuperGPQA-hard,moo:flagship_panel,supergpqa_hard:21c8296790dc44c3b47308fe139b1378,3,C,C,C,True,True,C,True,C,True,C,True,True,0
moo_m1_eval.jsonl,SuperGPQA-hard,moo:stem-max,supergpqa_hard:21c8296790dc44c3b47308fe139b1378,3,C,D,D,False,True,D,False,D,False,D,False,False,0
moo_m1_eval.jsonl,SuperGPQA-hard,moo:thinking_gate,supergpqa_hard:f99d0c2438e347088abece7d58f4e3cc,3,C,C,C,True,True,C,True,C,True,C,True,True,0
moo_m1_eval.jsonl,SuperGPQA-hard,moo:single-call,supergpqa_hard:21c8296790dc44c3b47308fe139b1378,1,C,C,C,True,True,C,True,C,True,C,True,True,1
moo_m1_eval.jsonl,SuperGPQA-hard,moo:standard-tribunal,supergpqa_hard:f99d0c2438e347088abece7d58f4e3cc,3,C,C,C,True,True,C,True,C,True,A,False,True,0
moo_m1_eval.jsonl,SuperGPQA-hard,moo:rag_presolve,supergpqa_hard:f99d0c2438e347088abece7d58f4e3cc,3,C,C,C,True,True,C,True,C,True,C,True,True,0
moo_m1_eval.jsonl,SuperGPQA-hard,moo:rag_thinking_gate,supergpqa_hard:21c8296790dc44c3b47308fe139b1378,3,C,D,D,False,True,D,False,D,False,C,True,True,0
moo_m1_eval.jsonl,SuperGPQA-hard,moo:flagship_panel,supergpqa_hard:f99d0c2438e347088abece7d58f4e3cc,3,C,C,C,True,True,C,True,C,True,C,True,True,0
moo_m1_eval.jsonl,SuperGPQA-hard,moo:rag_thinking_gate,supergpqa_hard:f99d0c2438e347088abece7d58f4e3cc,3,C,C,C,True,True,C,True,C,True,C,True,True,0
moo_m1_eval.jsonl,SuperGPQA-hard,moo:single-call,supergpqa_hard:f99d0c2438e347088abece7d58f4e3cc,1,C,C,C,True,True,C,True,C,True,C,True,True,1
moo_m1_eval.jsonl,SuperGPQA-hard,moo:stem-max,supergpqa_hard:f99d0c2438e347088abece7d58f4e3cc,3,C,C,C,True,True,C,True,C,True,A,False,True,0
moo_m1_eval.jsonl,SuperGPQA-hard,moo:standard-tribunal,supergpqa_hard:8920a6411ede4a54af86c8ec5be736bd,3,C,A,A,False,True,A,False,A,False,B,False,False,0
moo_m1_eval.jsonl,SuperGPQA-hard,moo:thinking_gate,supergpqa_hard:8920a6411ede4a54af86c8ec5be736bd,3,C,A,A,False,True,A,False,A,False,B,False,False,0
moo_m1_eval.jsonl,SuperGPQA-hard,moo:rag_presolve,supergpqa_hard:8920a6411ede4a54af86c8ec5be736bd,3,C,A,A,False,True,A,False,A,False,A,False,True,0
moo_m1_eval.jsonl,SuperGPQA-hard,moo:flagship_panel,supergpqa_hard:8920a6411ede4a54af86c8ec5be736bd,3,C,C,C,True,True,C,True,C,True,C,True,True,0
moo_m1_eval.jsonl,SuperGPQA-hard,moo:standard-tribunal,supergpqa_hard:fc86b86189fa4145bfc49c741a7d8387,3,D,D,D,True,True,D,True,D,True,D,True,True,0
moo_m1_eval.jsonl,SuperGPQA-hard,moo:thinking_gate,supergpqa_hard:fc86b86189fa4145bfc49c741a7d8387,3,D,D,D,True,True,D,True,D,True,D,True,True,0
moo_m1_eval.jsonl,SuperGPQA-hard,moo:rag_thinking_gate,supergpqa_hard:8920a6411ede4a54af86c8ec5be736bd,3,C,A,A,False,True,A,False,C,True,A,False,True,0
moo_m1_eval.jsonl,SuperGPQA-hard,moo:stem-max,supergpqa_hard:fc86b86189fa4145bfc49c741a7d8387,3,D,D,D,True,True,D,True,D,True,D,True,True,0
moo_m1_eval.jsonl,SuperGPQA-hard,moo:single-call,supergpqa_hard:8920a6411ede4a54af86c8ec5be736bd,1,C,C,C,True,True,C,True,C,True,C,True,True,1
moo_m1_eval.jsonl,SuperGPQA-hard,moo:rag_presolve,supergpqa_hard:fc86b86189fa4145bfc49c741a7d8387,3,D,D,D,True,True,D,True,D,True,D,True,True,0
moo_m1_eval.jsonl,SuperGPQA-hard,moo:standard-tribunal,supergpqa_hard:c0aff61a5b0243628fe8d3684305f4cb,3,B,B,B,True,True,B,True,B,True,B,True,True,0
moo_m1_eval.jsonl,SuperGPQA-hard,moo:thinking_gate,supergpqa_hard:c0aff61a5b0243628fe8d3684305f4cb,3,B,B,B,True,True,B,True,B,True,B,True,True,0
moo_m1_eval.jsonl,SuperGPQA-hard,moo:flagship_panel,supergpqa_hard:fc86b86189fa4145bfc49c741a7d8387,3,D,D,D,True,True,D,True,D,True,D,True,True,0
moo_m1_eval.jsonl,SuperGPQA-hard,moo:rag_thinking_gate,supergpqa_hard:fc86b86189fa4145bfc49c741a7d8387,3,D,D,D,True,True,D,True,D,True,D,True,True,0
moo_m1_eval.jsonl,SuperGPQA-hard,moo:stem-max,supergpqa_hard:c0aff61a5b0243628fe8d3684305f4cb,3,B,B,B,True,True,B,True,B,True,B,True,True,0
moo_m1_eval.jsonl,SuperGPQA-hard,moo:flagship_panel,supergpqa_hard:c0aff61a5b0243628fe8d3684305f4cb,3,B,B,B,True,True,B,True,B,True,B,True,True,0
moo_m1_eval.jsonl,SuperGPQA-hard,moo:rag_presolve,supergpqa_hard:c0aff61a5b0243628fe8d3684305f4cb,3,B,B,B,True,True,B,True,B,True,B,True,True,0
moo_m1_eval.jsonl,SuperGPQA-hard,moo:single-call,supergpqa_hard:fc86b86189fa4145bfc49c741a7d8387,1,D,D,D,True,True,D,True,D,True,D,True,True,1
moo_m1_eval.jsonl,SuperGPQA-hard,moo:single-call,supergpqa_hard:c0aff61a5b0243628fe8d3684305f4cb,1,B,B,B,True,True,B,True,B,True,B,True,True,1
moo_m1_eval.jsonl,SuperGPQA-hard,moo:rag_thinking_gate,supergpqa_hard:c0aff61a5b0243628fe8d3684305f4cb,3,B,B,B,True,True,B,True,B,True,B,True,True,0
moo_m1_eval.jsonl,SuperGPQA-hard,moo:flagship_panel,supergpqa_hard:d3c2c6065bd540298bc50e5c2786cfd7,3,D,D,D,True,True,D,True,D,True,D,True,True,0
moo_m1_eval.jsonl,SuperGPQA-hard,moo:thinking_gate,supergpqa_hard:d3c2c6065bd540298bc50e5c2786cfd7,3,D,B,B,False,True,D,True,D,True,C,False,True,0
moo_m1_eval.jsonl,SuperGPQA-hard,moo:stem-max,supergpqa_hard:d3c2c6065bd540298bc50e5c2786cfd7,3,D,C,C,False,True,C,False,A,False,C,False,False,0
moo_m1_eval.jsonl,SuperGPQA-hard,moo:standard-tribunal,supergpqa_hard:d3c2c6065bd540298bc50e5c2786cfd7,3,D,C,C,False,True,C,False,C,False,C,False,False,0
moo_m1_eval.jsonl,SuperGPQA-hard,moo:single-call,supergpqa_hard:d3c2c6065bd540298bc50e5c2786cfd7,1,D,D,D,True,True,D,True,D,True,D,True,True,1
moo_m1_eval.jsonl,SuperGPQA-hard,moo:rag_presolve,supergpqa_hard:d3c2c6065bd540298bc50e5c2786cfd7,3,D,D,D,True,True,D,True,C,False,D,True,True,0
moo_m1_eval.jsonl,SuperGPQA-hard,moo:standard-tribunal,supergpqa_hard:a7a3dc6d5b5b4d37a32c2839833a4d6c,3,D,D,D,True,True,D,True,D,True,D,True,True,0
moo_m1_eval.jsonl,SuperGPQA-hard,moo:thinking_gate,supergpqa_hard:a7a3dc6d5b5b4d37a32c2839833a4d6c,3,D,D,D,True,True,D,True,A,False,D,True,True,0
moo_m1_eval.jsonl,SuperGPQA-hard,moo:rag_thinking_gate,supergpqa_hard:d3c2c6065bd540298bc50e5c2786cfd7,3,D,C,C,False,True,C,False,C,False,C,False,False,0
moo_m1_eval.jsonl,SuperGPQA-hard,moo:stem-max,supergpqa_hard:a7a3dc6d5b5b4d37a32c2839833a4d6c,3,D,C,C,False,True,C,False,D,True,C,False,True,0
moo_m1_eval.jsonl,SuperGPQA-hard,moo:rag_thinking_gate,supergpqa_hard:a7a3dc6d5b5b4d37a32c2839833a4d6c,3,D,A,A,False,True,A,False,A,False,A,False,False,0
moo_m1_eval.jsonl,SuperGPQA-hard,moo:single-call,supergpqa_hard:a7a3dc6d5b5b4d37a32c2839833a4d6c,1,D,A,A,False,True,A,False,A,False,A,False,False,1
moo_m1_eval.jsonl,SuperGPQA-hard,moo:flagship_panel,supergpqa_hard:a7a3dc6d5b5b4d37a32c2839833a4d6c,3,D,D,D,True,True,D,True,D,True,D,True,True,0
moo_m1_eval.jsonl,SuperGPQA-hard,moo:rag_presolve,supergpqa_hard:a7a3dc6d5b5b4d37a32c2839833a4d6c,3,D,D,D,True,True,D,True,D,True,D,True,True,1
moo_m1_eval.jsonl,SuperGPQA-hard,moo:standard-tribunal,supergpqa_hard:644c9b34ba504b098e1f27a5343df847,3,C,C,C,True,True,C,True,C,True,C,True,True,0
moo_m1_eval.jsonl,SuperGPQA-hard,moo:thinking_gate,supergpqa_hard:644c9b34ba504b098e1f27a5343df847,3,C,A,A,False,True,A,False,A,False,A,False,False,0
moo_m1_eval.jsonl,SuperGPQA-hard,moo:rag_presolve,supergpqa_hard:644c9b34ba504b098e1f27a5343df847,3,C,C,C,True,True,C,True,C,True,C,True,True,0
moo_m1_eval.jsonl,SuperGPQA-hard,moo:stem-max,supergpqa_hard:644c9b34ba504b098e1f27a5343df847,3,C,A,A,False,True,B,False,B,False,C,True,True,1
moo_m1_eval.jsonl,SuperGPQA-hard,moo:standard-tribunal,supergpqa_hard:cd59e82f9198404fad3b5e494c032544,3,B,D,D,False,True,D,False,D,False,D,False,True,0
moo_m1_eval.jsonl,SuperGPQA-hard,moo:thinking_gate,supergpqa_hard:cd59e82f9198404fad3b5e494c032544,3,B,B,B,True,True,B,True,D,False,B,True,True,0
moo_m1_eval.jsonl,SuperGPQA-hard,moo:rag_thinking_gate,supergpqa_hard:644c9b34ba504b098e1f27a5343df847,3,C,B,B,False,True,B,False,B,False,B,False,False,1
moo_m1_eval.jsonl,SuperGPQA-hard,moo:stem-max,supergpqa_hard:cd59e82f9198404fad3b5e494c032544,3,B,B,B,True,True,B,True,B,True,B,True,True,0
moo_m1_eval.jsonl,SuperGPQA-hard,moo:rag_presolve,supergpqa_hard:cd59e82f9198404fad3b5e494c032544,3,B,D,D,False,True,D,False,D,False,D,False,False,0
moo_m1_eval.jsonl,SuperGPQA-hard,moo:single-call,supergpqa_hard:644c9b34ba504b098e1f27a5343df847,1,C,C,C,True,True,C,True,C,True,C,True,True,1
moo_m1_eval.jsonl,SuperGPQA-hard,moo:standard-tribunal,supergpqa_hard:2613e2e31a7f45d9bd02d6c09fdc898c,3,B,B,B,True,True,B,True,B,True,B,True,True,0
moo_m1_eval.jsonl,SuperGPQA-hard,moo:flagship_panel,supergpqa_hard:cd59e82f9198404fad3b5e494c032544,3,B,B,B,True,True,B,True,B,True,B,True,True,0
moo_m1_eval.jsonl,SuperGPQA-hard,moo:single-call,supergpqa_hard:cd59e82f9198404fad3b5e494c032544,1,B,B,B,True,True,B,True,B,True,B,True,True,1
moo_m1_eval.jsonl,SuperGPQA-hard,moo:thinking_gate,supergpqa_hard:2613e2e31a7f45d9bd02d6c09fdc898c,3,B,B,B,True,True,B,True,B,True,B,True,True,0
moo_m1_eval.jsonl,SuperGPQA-hard,moo:flagship_panel,supergpqa_hard:2613e2e31a7f45d9bd02d6c09fdc898c,3,B,B,B,True,True,B,True,B,True,B,True,True,0
moo_m1_eval.jsonl,SuperGPQA-hard,moo:stem-max,supergpqa_hard:2613e2e31a7f45d9bd02d6c09fdc898c,3,B,B,B,True,True,B,True,B,True,B,True,True,0
moo_m1_eval.jsonl,SuperGPQA-hard,moo:rag_thinking_gate,supergpqa_hard:2613e2e31a7f45d9bd02d6c09fdc898c,3,B,B,B,True,True,B,True,B,True,B,True,True,0
moo_m1_eval.jsonl,SuperGPQA-hard,moo:rag_thinking_gate,supergpqa_hard:cd59e82f9198404fad3b5e494c032544,3,B,D,D,False,True,D,False,D,False,D,False,False,0
moo_m1_eval.jsonl,SuperGPQA-hard,moo:single-call,supergpqa_hard:2613e2e31a7f45d9bd02d6c09fdc898c,1,B,B,B,True,True,B,True,B,True,B,True,True,1
moo_m1_eval.jsonl,SuperGPQA-hard,moo:rag_presolve,supergpqa_hard:2613e2e31a7f45d9bd02d6c09fdc898c,3,B,D,D,False,True,D,False,D,False,A,False,False,0
moo_m1_eval.jsonl,SuperGPQA-hard,moo:standard-tribunal,supergpqa_hard:f4e38f53765c4c249769703d0ba24b3d,3,B,B,B,True,True,B,True,B,True,C,False,True,0
moo_m1_eval.jsonl,SuperGPQA-hard,moo:rag_presolve,supergpqa_hard:f4e38f53765c4c249769703d0ba24b3d,3,B,C,C,False,True,C,False,C,False,C,False,False,0
moo_m1_eval.jsonl,SuperGPQA-hard,moo:flagship_panel,supergpqa_hard:f4e38f53765c4c249769703d0ba24b3d,3,B,C,C,False,True,C,False,C,False,C,False,False,0
moo_m1_eval.jsonl,SuperGPQA-hard,moo:stem-max,supergpqa_hard:f4e38f53765c4c249769703d0ba24b3d,3,B,C,C,False,True,C,False,C,False,C,False,True,0
moo_m1_eval.jsonl,SuperGPQA-hard,moo:standard-tribunal,supergpqa_hard:301e624803b94d4dad6828fb2310bdca,3,B,C,C,False,True,C,False,C,False,C,False,False,0
moo_m1_eval.jsonl,SuperGPQA-hard,moo:thinking_gate,supergpqa_hard:f4e38f53765c4c249769703d0ba24b3d,3,B,B,B,True,True,B,True,C,False,C,False,True,0
moo_m1_eval.jsonl,SuperGPQA-hard,moo:rag_thinking_gate,supergpqa_hard:f4e38f53765c4c249769703d0ba24b3d,3,B,C,C,False,True,C,False,B,True,C,False,True,0
moo_m1_eval.jsonl,SuperGPQA-hard,moo:single-call,supergpqa_hard:f4e38f53765c4c249769703d0ba24b3d,1,B,B,B,True,True,B,True,B,True,B,True,True,1
moo_m1_eval.jsonl,SuperGPQA-hard,moo:rag_presolve,supergpqa_hard:301e624803b94d4dad6828fb2310bdca,3,B,C,C,False,True,C,False,C,False,C,False,False,0
moo_m1_eval.jsonl,SuperGPQA-hard,moo:thinking_gate,supergpqa_hard:301e624803b94d4dad6828fb2310bdca,3,B,C,C,False,True,C,False,B,True,B,True,True,0
moo_m1_eval.jsonl,SuperGPQA-hard,moo:rag_thinking_gate,supergpqa_hard:301e624803b94d4dad6828fb2310bdca,3,B,C,C,False,True,C,False,C,False,C,False,False,0
moo_m1_eval.jsonl,SuperGPQA-hard,moo:single-call,supergpqa_hard:301e624803b94d4dad6828fb2310bdca,1,B,C,C,False,True,C,False,C,False,C,False,False,1
moo_m1_eval.jsonl,SuperGPQA-hard,moo:flagship_panel,supergpqa_hard:20fff2a5feb746d5a6614e360c9bec7d,3,D,D,D,True,True,D,True,D,True,D,True,True,0
moo_m1_eval.jsonl,SuperGPQA-hard,moo:thinking_gate,supergpqa_hard:20fff2a5feb746d5a6614e360c9bec7d,3,D,A,A,False,True,D,True,D,True,A,False,True,0
moo_m1_eval.jsonl,SuperGPQA-hard,moo:standard-tribunal,supergpqa_hard:20fff2a5feb746d5a6614e360c9bec7d,3,D,D,D,True,True,D,True,D,True,C,False,True,0
moo_m1_eval.jsonl,SuperGPQA-hard,moo:rag_thinking_gate,supergpqa_hard:20fff2a5feb746d5a6614e360c9bec7d,3,D,D,D,True,True,D,True,D,True,D,True,True,0
moo_m1_eval.jsonl,SuperGPQA-hard,moo:single-call,supergpqa_hard:20fff2a5feb746d5a6614e360c9bec7d,1,D,D,D,True,True,D,True,D,True,D,True,True,1
moo_m1_eval.jsonl,SuperGPQA-hard,moo:stem-max,supergpqa_hard:20fff2a5feb746d5a6614e360c9bec7d,3,D,D,D,True,True,D,True,D,True,D,True,True,0
moo_m1_eval.jsonl,SuperGPQA-hard,moo:rag_presolve,supergpqa_hard:20fff2a5feb746d5a6614e360c9bec7d,3,D,D,D,True,True,D,True,D,True,A,False,True,0
moo_m1_eval.jsonl,SuperGPQA-hard,moo:standard-tribunal,supergpqa_hard:469ab0b1358b48019d3a8f218edbf379,3,D,C,C,False,True,C,False,B,False,B,False,False,0
moo_m1_eval.jsonl,SuperGPQA-hard,moo:rag_presolve,supergpqa_hard:469ab0b1358b48019d3a8f218edbf379,3,D,C,C,False,True,C,False,C,False,C,False,False,0
moo_m1_eval.jsonl,SuperGPQA-hard,moo:flagship_panel,supergpqa_hard:469ab0b1358b48019d3a8f218edbf379,3,D,C,C,False,True,C,False,C,False,C,False,False,0
moo_m1_eval.jsonl,SuperGPQA-hard,moo:single-call,supergpqa_hard:469ab0b1358b48019d3a8f218edbf379,1,D,C,C,False,True,C,False,C,False,C,False,False,1
moo_m1_eval.jsonl,SuperGPQA-hard,moo:rag_thinking_gate,supergpqa_hard:469ab0b1358b48019d3a8f218edbf379,3,D,C,C,False,True,C,False,C,False,C,False,False,0
moo_m1_eval.jsonl,SuperGPQA-hard,moo:stem-max,supergpqa_hard:469ab0b1358b48019d3a8f218edbf379,3,D,C,C,False,True,C,False,C,False,C,False,False,0
moo_m1_eval.jsonl,SuperGPQA-hard,moo:thinking_gate,supergpqa_hard:469ab0b1358b48019d3a8f218edbf379,3,D,C,C,False,True,C,False,C,False,C,False,False,0
moo_m1_eval.jsonl,SuperGPQA-hard,moo:standard-tribunal,supergpqa_hard:1e6267aed56a4fba91a50215560a698b,3,B,C,C,False,True,C,False,C,False,C,False,True,0
moo_m1_eval.jsonl,SuperGPQA-hard,moo:flagship_panel,supergpqa_hard:1e6267aed56a4fba91a50215560a698b,3,B,B,B,True,True,B,True,B,True,B,True,True,0
moo_m1_eval.jsonl,SuperGPQA-hard,moo:thinking_gate,supergpqa_hard:1e6267aed56a4fba91a50215560a698b,3,B,C,C,False,True,C,False,B,True,C,False,True,0
moo_m1_eval.jsonl,SuperGPQA-hard,moo:stem-max,supergpqa_hard:1e6267aed56a4fba91a50215560a698b,3,B,C,C,False,True,C,False,C,False,C,False,True,0
moo_m1_eval.jsonl,MedQA,moo:standard-tribunal,medqa:990,3,D,D,D,True,True,D,True,D,True,D,True,True,0
moo_m1_eval.jsonl,MedQA,moo:thinking_gate,medqa:990,3,D,D,D,True,True,D,True,D,True,D,True,True,0
moo_m1_eval.jsonl,MedQA,moo:stem-max,medqa:990,3,D,D,D,True,True,D,True,D,True,D,True,True,0
moo_m1_eval.jsonl,MedQA,moo:flagship_panel,medqa:990,3,D,D,D,True,True,D,True,D,True,D,True,True,0
moo_m1_eval.jsonl,SuperGPQA-hard,moo:rag_presolve,supergpqa_hard:1e6267aed56a4fba91a50215560a698b,3,B,C,C,False,True,C,False,C,False,B,True,True,0
moo_m1_eval.jsonl,MedQA,moo:rag_presolve,medqa:990,3,D,D,D,True,True,D,True,D,True,D,True,True,0
moo_m1_eval.jsonl,MedQA,moo:single-call,medqa:990,1,D,D,D,True,True,D,True,D,True,D,True,True,1
moo_m1_eval.jsonl,MedQA,moo:standard-tribunal,medqa:202,3,B,D,D,False,True,D,False,D,False,D,False,False,0
moo_m1_eval.jsonl,SuperGPQA-hard,moo:single-call,supergpqa_hard:1e6267aed56a4fba91a50215560a698b,1,B,B,B,True,True,B,True,B,True,B,True,True,1
moo_m1_eval.jsonl,SuperGPQA-hard,moo:rag_thinking_gate,supergpqa_hard:1e6267aed56a4fba91a50215560a698b,3,B,C,C,False,True,C,False,C,False,B,True,True,0
moo_m1_eval.jsonl,MedQA,moo:thinking_gate,medqa:202,3,B,D,D,False,True,D,False,D,False,D,False,False,0
moo_m1_eval.jsonl,MedQA,moo:stem-max,medqa:202,3,B,D,D,False,True,D,False,D,False,D,False,False,0
moo_m1_eval.jsonl,MedQA,moo:rag_thinking_gate,medqa:990,3,D,D,D,True,True,D,True,D,True,D,True,True,0
moo_m1_eval.jsonl,MedQA,moo:rag_presolve,medqa:202,3,B,D,D,False,True,D,False,D,False,D,False,False,0
moo_m1_eval.jsonl,MedQA,moo:standard-tribunal,medqa:1258,3,A,A,A,True,True,A,True,A,True,A,True,True,0
moo_m1_eval.jsonl,MedQA,moo:rag_thinking_gate,medqa:202,3,B,D,D,False,True,D,False,D,False,D,False,False,0
moo_m1_eval.jsonl,MedQA,moo:thinking_gate,medqa:1258,3,A,A,A,True,True,A,True,A,True,A,True,True,0
moo_m1_eval.jsonl,MedQA,moo:stem-max,medqa:1258,3,A,A,A,True,True,A,True,A,True,A,True,True,0
moo_m1_eval.jsonl,MedQA,moo:single-call,medqa:202,1,B,D,D,False,True,D,False,D,False,D,False,False,1
moo_m1_eval.jsonl,MedQA,moo:flagship_panel,medqa:1258,3,A,A,A,True,True,A,True,A,True,A,True,True,0
moo_m1_eval.jsonl,MedQA,moo:flagship_panel,medqa:202,3,B,D,D,False,True,D,False,D,False,D,False,False,0
moo_m1_eval.jsonl,MedQA,moo:rag_presolve,medqa:1258,3,A,A,A,True,True,A,True,A,True,A,True,True,0
moo_m1_eval.jsonl,MedQA,moo:standard-tribunal,medqa:277,3,A,A,A,True,True,A,True,A,True,A,True,True,0
moo_m1_eval.jsonl,MedQA,moo:single-call,medqa:1258,1,A,A,A,True,True,A,True,A,True,A,True,True,1
moo_m1_eval.jsonl,MedQA,moo:thinking_gate,medqa:277,3,A,A,A,True,True,A,True,A,True,A,True,True,0
moo_m1_eval.jsonl,MedQA,moo:stem-max,medqa:277,3,A,A,A,True,True,A,True,A,True,A,True,True,0
moo_m1_eval.jsonl,MedQA,moo:rag_thinking_gate,medqa:1258,3,A,A,A,True,True,A,True,A,True,A,True,True,0
moo_m1_eval.jsonl,MedQA,moo:rag_presolve,medqa:277,3,A,A,A,True,True,A,True,A,True,A,True,True,0
moo_m1_eval.jsonl,MedQA,moo:standard-tribunal,medqa:427,3,D,D,D,True,True,D,True,D,True,D,True,True,0
moo_m1_eval.jsonl,MedQA,moo:flagship_panel,medqa:277,3,A,A,A,True,True,A,True,A,True,A,True,True,0
moo_m1_eval.jsonl,MedQA,moo:thinking_gate,medqa:427,3,D,D,D,True,True,D,True,D,True,D,True,True,0
moo_m1_eval.jsonl,MedQA,moo:stem-max,medqa:427,3,D,D,D,True,True,D,True,D,True,D,True,True,0
moo_m1_eval.jsonl,MedQA,moo:single-call,medqa:277,1,A,A,A,True,True,A,True,A,True,A,True,True,1
moo_m1_eval.jsonl,MedQA,moo:rag_thinking_gate,medqa:277,3,A,A,A,True,True,A,True,A,True,A,True,True,0
moo_m1_eval.jsonl,MedQA,moo:rag_presolve,medqa:427,3,D,D,D,True,True,D,True,D,True,D,True,True,0
moo_m1_eval.jsonl,MedQA,moo:flagship_panel,medqa:427,3,D,D,D,True,True,D,True,D,True,D,True,True,0
moo_m1_eval.jsonl,MedQA,moo:standard-tribunal,medqa:15,3,C,C,C,True,True,C,True,C,True,C,True,True,1
moo_m1_eval.jsonl,MedQA,moo:single-call,medqa:427,1,D,D,D,True,True,D,True,D,True,D,True,True,1
moo_m1_eval.jsonl,MedQA,moo:rag_thinking_gate,medqa:427,3,D,D,D,True,True,D,True,D,True,D,True,True,0
moo_m1_eval.jsonl,MedQA,moo:thinking_gate,medqa:15,3,C,C,C,True,True,C,True,C,True,C,True,True,1
moo_m1_eval.jsonl,MedQA,moo:stem-max,medqa:15,3,C,C,C,True,True,C,True,C,True,C,True,True,1
moo_m1_eval.jsonl,MedQA,moo:flagship_panel,medqa:15,3,C,C,C,True,True,C,True,C,True,C,True,True,0
moo_m1_eval.jsonl,MedQA,moo:standard-tribunal,medqa:1202,3,B,B,B,True,True,B,True,B,True,B,True,True,0
moo_m1_eval.jsonl,MedQA,moo:thinking_gate,medqa:1202,3,B,B,B,True,True,B,True,B,True,B,True,True,0
moo_m1_eval.jsonl,MedQA,moo:rag_presolve,medqa:15,3,C,C,C,True,True,C,True,C,True,C,True,True,0
moo_m1_eval.jsonl,MedQA,moo:single-call,medqa:15,1,C,C,C,True,True,C,True,C,True,C,True,True,1
moo_m1_eval.jsonl,MedQA,moo:flagship_panel,medqa:1202,3,B,B,B,True,True,B,True,B,True,B,True,True,0
moo_m1_eval.jsonl,MedQA,moo:stem-max,medqa:1202,3,B,B,B,True,True,B,True,B,True,B,True,True,0
moo_m1_eval.jsonl,MedQA,moo:rag_thinking_gate,medqa:15,3,C,C,C,True,True,C,True,C,True,C,True,True,0
moo_m1_eval.jsonl,MedQA,moo:single-call,medqa:1202,1,B,B,B,True,True,B,True,B,True,B,True,True,1
moo_m1_eval.jsonl,MedQA,moo:rag_presolve,medqa:1202,3,B,B,B,True,True,B,True,B,True,B,True,True,0
moo_m1_eval.jsonl,MedQA,moo:rag_thinking_gate,medqa:1202,3,B,B,B,True,True,B,True,B,True,B,True,True,0
moo_m1_eval.jsonl,MedQA,moo:standard-tribunal,medqa:1027,3,A,B,B,False,True,B,False,B,False,B,False,False,0
moo_m1_eval.jsonl,MedQA,moo:flagship_panel,medqa:1027,3,A,A,A,True,True,A,True,A,True,A,True,True,0
moo_m1_eval.jsonl,MedQA,moo:stem-max,medqa:1027,3,A,A,A,True,True,A,True,A,True,C,False,True,0
moo_m1_eval.jsonl,MedQA,moo:thinking_gate,medqa:1027,3,A,A,A,True,True,A,True,A,True,A,True,True,0
moo_m1_eval.jsonl,MedQA,moo:standard-tribunal,medqa:827,3,C,C,C,True,True,C,True,C,True,C,True,True,0
moo_m1_eval.jsonl,MedQA,moo:thinking_gate,medqa:827,3,C,C,C,True,True,C,True,C,True,C,True,True,0
moo_m1_eval.jsonl,MedQA,moo:rag_presolve,medqa:1027,3,A,C,C,False,True,C,False,A,True,C,False,True,0
moo_m1_eval.jsonl,MedQA,moo:single-call,medqa:1027,1,A,A,A,True,True,A,True,A,True,A,True,True,1
moo_m1_eval.jsonl,MedQA,moo:stem-max,medqa:827,3,C,C,C,True,True,C,True,C,True,C,True,True,0
moo_m1_eval.jsonl,MedQA,moo:rag_presolve,medqa:827,3,C,C,C,True,True,C,True,C,True,C,True,True,0
moo_m1_eval.jsonl,MedQA,moo:flagship_panel,medqa:827,3,C,C,C,True,True,C,True,C,True,C,True,True,0
moo_m1_eval.jsonl,MedQA,moo:standard-tribunal,medqa:503,3,D,D,D,True,True,D,True,D,True,D,True,True,0
moo_m1_eval.jsonl,MedQA,moo:rag_thinking_gate,medqa:1027,3,A,C,C,False,True,C,False,A,True,C,False,True,0
moo_m1_eval.jsonl,MedQA,moo:rag_thinking_gate,medqa:827,3,C,C,C,True,True,C,True,C,True,C,True,True,0
moo_m1_eval.jsonl,MedQA,moo:single-call,medqa:827,1,C,C,C,True,True,C,True,C,True,C,True,True,1
moo_m1_eval.jsonl,MedQA,moo:thinking_gate,medqa:503,3,D,D,D,True,True,D,True,D,True,D,True,True,0
moo_m1_eval.jsonl,MedQA,moo:rag_presolve,medqa:503,3,D,D,D,True,True,D,True,D,True,D,True,True,0
moo_m1_eval.jsonl,MedQA,moo:stem-max,medqa:503,3,D,D,D,True,True,D,True,D,True,D,True,True,0
moo_m1_eval.jsonl,MedQA,moo:standard-tribunal,medqa:325,3,C,C,C,True,True,C,True,C,True,C,True,True,0
moo_m1_eval.jsonl,MedQA,moo:flagship_panel,medqa:503,3,D,D,D,True,True,D,True,D,True,D,True,True,0
moo_m1_eval.jsonl,MedQA,moo:single-call,medqa:503,1,D,D,D,True,True,D,True,D,True,D,True,True,1
moo_m1_eval.jsonl,MedQA,moo:rag_thinking_gate,medqa:503,3,D,D,D,True,True,D,True,D,True,D,True,True,0
moo_m1_eval.jsonl,MedQA,moo:stem-max,medqa:325,3,C,C,C,True,True,C,True,C,True,C,True,True,0
moo_m1_eval.jsonl,MedQA,moo:thinking_gate,medqa:325,3,C,C,C,True,True,C,True,C,True,C,True,True,0
moo_m1_eval.jsonl,MedQA,moo:rag_presolve,medqa:325,3,C,C,C,True,True,C,True,C,True,C,True,True,0
moo_m1_eval.jsonl,MedQA,moo:flagship_panel,medqa:325,3,C,C,C,True,True,C,True,C,True,C,True,True,0
moo_m1_eval.jsonl,MedQA,moo:standard-tribunal,medqa:681,3,B,B,B,True,True,B,True,B,True,B,True,True,0
moo_m1_eval.jsonl,MedQA,moo:single-call,medqa:325,1,C,C,C,True,True,C,True,C,True,C,True,True,1
moo_m1_eval.jsonl,MedQA,moo:thinking_gate,medqa:681,3,B,B,B,True,True,B,True,B,True,B,True,True,0
moo_m1_eval.jsonl,MedQA,moo:rag_thinking_gate,medqa:325,3,C,C,C,True,True,C,True,C,True,C,True,True,0
moo_m1_eval.jsonl,MedQA,moo:stem-max,medqa:681,3,B,B,B,True,True,B,True,B,True,B,True,True,0
moo_m1_eval.jsonl,MedQA,moo:flagship_panel,medqa:681,3,B,B,B,True,True,B,True,B,True,B,True,True,0
moo_m1_eval.jsonl,MedQA,moo:standard-tribunal,medqa:932,3,A,A,A,True,True,A,True,A,True,A,True,True,0
moo_m1_eval.jsonl,MedQA,moo:rag_presolve,medqa:681,3,B,B,B,True,True,B,True,B,True,B,True,True,0
moo_m1_eval.jsonl,MedQA,moo:single-call,medqa:681,1,B,B,B,True,True,B,True,B,True,B,True,True,1
moo_m1_eval.jsonl,MedQA,moo:thinking_gate,medqa:932,3,A,A,A,True,True,A,True,A,True,A,True,True,0
moo_m1_eval.jsonl,MedQA,moo:rag_thinking_gate,medqa:681,3,B,B,B,True,True,B,True,B,True,B,True,True,0
moo_m1_eval.jsonl,MedQA,moo:stem-max,medqa:932,3,A,A,A,True,True,A,True,A,True,A,True,True,0
moo_m1_eval.jsonl,MedQA,moo:flagship_panel,medqa:932,3,A,A,A,True,True,A,True,A,True,A,True,True,0
moo_m1_eval.jsonl,MedQA,moo:rag_presolve,medqa:932,3,A,A,A,True,True,A,True,A,True,A,True,True,0
moo_m1_eval.jsonl,MedQA,moo:standard-tribunal,medqa:387,3,B,B,B,True,True,B,True,B,True,B,True,True,0
moo_m1_eval.jsonl,MedQA,moo:thinking_gate,medqa:387,3,B,B,B,True,True,B,True,B,True,B,True,True,0
moo_m1_eval.jsonl,MedQA,moo:single-call,medqa:932,1,A,A,A,True,True,A,True,A,True,A,True,True,1
moo_m1_eval.jsonl,MedQA,moo:stem-max,medqa:387,3,B,B,B,True,True,B,True,B,True,B,True,True,0
moo_m1_eval.jsonl,MedQA,moo:flagship_panel,medqa:387,3,B,B,B,True,True,B,True,B,True,B,True,True,0
moo_m1_eval.jsonl,MedQA,moo:rag_thinking_gate,medqa:932,3,A,A,A,True,True,A,True,A,True,A,True,True,0
moo_m1_eval.jsonl,MedQA,moo:standard-tribunal,medqa:235,3,B,B,B,True,True,B,True,B,True,B,True,True,0
moo_m1_eval.jsonl,MedQA,moo:rag_presolve,medqa:387,3,B,B,B,True,True,B,True,B,True,B,True,True,0
moo_m1_eval.jsonl,MedQA,moo:thinking_gate,medqa:235,3,B,B,B,True,True,B,True,B,True,B,True,True,0
moo_m1_eval.jsonl,MedQA,moo:single-call,medqa:387,1,B,B,B,True,True,B,True,B,True,B,True,True,1
moo_m1_eval.jsonl,MedQA,moo:rag_thinking_gate,medqa:387,3,B,B,B,True,True,B,True,B,True,B,True,True,0
moo_m1_eval.jsonl,MedQA,moo:stem-max,medqa:235,3,B,B,B,True,True,B,True,B,True,B,True,True,0
moo_m1_eval.jsonl,MedQA,moo:rag_presolve,medqa:235,3,B,B,B,True,True,B,True,B,True,B,True,True,0
moo_m1_eval.jsonl,MedQA,moo:standard-tribunal,medqa:66,3,A,A,A,True,True,A,True,A,True,A,True,True,0
moo_m1_eval.jsonl,MedQA,moo:flagship_panel,medqa:235,3,B,B,B,True,True,B,True,B,True,B,True,True,0
moo_m1_eval.jsonl,MedQA,moo:single-call,medqa:235,1,B,B,B,True,True,B,True,B,True,B,True,True,1
moo_m1_eval.jsonl,MedQA,moo:thinking_gate,medqa:66,3,A,A,A,True,True,A,True,A,True,A,True,True,0
moo_m1_eval.jsonl,MedQA,moo:rag_thinking_gate,medqa:235,3,B,B,B,True,True,B,True,B,True,B,True,True,0
moo_m1_eval.jsonl,MedQA,moo:stem-max,medqa:66,3,A,A,A,True,True,A,True,A,True,A,True,True,0
moo_m1_eval.jsonl,MedQA,moo:flagship_panel,medqa:66,3,A,A,A,True,True,A,True,A,True,A,True,True,0
moo_m1_eval.jsonl,MedQA,moo:single-call,medqa:66,1,A,A,A,True,True,A,True,A,True,A,True,True,1
moo_m1_eval.jsonl,MedQA,moo:standard-tribunal,medqa:347,3,C,C,C,True,True,C,True,C,True,C,True,True,0
moo_m1_eval.jsonl,MedQA,moo:rag_presolve,medqa:66,3,A,A,A,True,True,A,True,A,True,A,True,True,0
moo_m1_eval.jsonl,MedQA,moo:thinking_gate,medqa:347,3,C,C,C,True,True,C,True,C,True,C,True,True,0
moo_m1_eval.jsonl,MedQA,moo:stem-max,medqa:347,3,C,C,C,True,True,C,True,C,True,C,True,True,0
moo_m1_eval.jsonl,MedQA,moo:flagship_panel,medqa:347,3,C,C,C,True,True,C,True,C,True,C,True,True,0
moo_m1_eval.jsonl,MedQA,moo:rag_thinking_gate,medqa:66,3,A,A,A,True,True,A,True,A,True,A,True,True,0
moo_m1_eval.jsonl,MedQA,moo:standard-tribunal,medqa:442,3,A,A,A,True,True,A,True,A,True,A,True,True,0
moo_m1_eval.jsonl,MedQA,moo:single-call,medqa:347,1,C,C,C,True,True,C,True,C,True,C,True,True,1
moo_m1_eval.jsonl,MedQA,moo:rag_presolve,medqa:347,3,C,C,C,True,True,C,True,C,True,C,True,True,0
moo_m1_eval.jsonl,MedQA,moo:flagship_panel,medqa:442,3,A,A,A,True,True,A,True,A,True,A,True,True,0
moo_m1_eval.jsonl,MedQA,moo:thinking_gate,medqa:442,3,A,A,A,True,True,A,True,A,True,A,True,True,0
moo_m1_eval.jsonl,MedQA,moo:stem-max,medqa:442,3,A,A,A,True,True,A,True,A,True,A,True,True,0
moo_m1_eval.jsonl,MedQA,moo:rag_thinking_gate,medqa:347,3,C,C,C,True,True,C,True,C,True,C,True,True,0
moo_m1_eval.jsonl,MedQA,moo:standard-tribunal,medqa:1121,3,B,B,B,True,True,B,True,B,True,B,True,True,0
moo_m1_eval.jsonl,MedQA,moo:single-call,medqa:442,1,A,A,A,True,True,A,True,A,True,A,True,True,1
moo_m1_eval.jsonl,MedQA,moo:rag_presolve,medqa:442,3,A,A,A,True,True,A,True,A,True,A,True,True,0
moo_m1_eval.jsonl,MedQA,moo:stem-max,medqa:1121,3,B,B,B,True,True,B,True,B,True,B,True,True,0
moo_m1_eval.jsonl,MedQA,moo:thinking_gate,medqa:1121,3,B,B,B,True,True,B,True,B,True,B,True,True,0
moo_m1_eval.jsonl,MedQA,moo:flagship_panel,medqa:1121,3,B,B,B,True,True,B,True,B,True,B,True,True,0
moo_m1_eval.jsonl,MedQA,moo:rag_thinking_gate,medqa:442,3,A,A,A,True,True,A,True,A,True,A,True,True,0
moo_m1_eval.jsonl,MedQA,moo:standard-tribunal,medqa:376,3,A,A,A,True,True,A,True,A,True,A,True,True,0
moo_m1_eval.jsonl,MedQA,moo:rag_presolve,medqa:1121,3,B,B,B,True,True,B,True,B,True,B,True,True,0
moo_m1_eval.jsonl,MedQA,moo:single-call,medqa:1121,1,B,B,B,True,True,B,True,B,True,B,True,True,1
moo_m1_eval.jsonl,MedQA,moo:thinking_gate,medqa:376,3,A,A,A,True,True,A,True,A,True,A,True,True,0
moo_m1_eval.jsonl,MedQA,moo:stem-max,medqa:376,3,A,A,A,True,True,A,True,A,True,A,True,True,0
moo_m1_eval.jsonl,MedQA,moo:rag_thinking_gate,medqa:1121,3,B,B,B,True,True,B,True,B,True,B,True,True,0
moo_m1_eval.jsonl,MedQA,moo:flagship_panel,medqa:376,3,A,A,A,True,True,A,True,A,True,A,True,True,0
moo_m1_eval.jsonl,MedQA,moo:standard-tribunal,medqa:35,3,D,D,D,True,True,D,True,D,True,D,True,True,0
moo_m1_eval.jsonl,MedQA,moo:rag_presolve,medqa:376,3,A,A,A,True,True,A,True,A,True,A,True,True,0
moo_m1_eval.jsonl,MedQA,moo:stem-max,medqa:35,3,D,D,D,True,True,D,True,D,True,D,True,True,0
moo_m1_eval.jsonl,MedQA,moo:thinking_gate,medqa:35,3,D,D,D,True,True,D,True,D,True,D,True,True,0
moo_m1_eval.jsonl,MedQA,moo:single-call,medqa:376,1,A,A,A,True,True,A,True,A,True,A,True,True,1
moo_m1_eval.jsonl,MedQA,moo:rag_thinking_gate,medqa:376,3,A,A,A,True,True,A,True,A,True,A,True,True,0
moo_m1_eval.jsonl,MedQA,moo:rag_presolve,medqa:35,3,D,D,D,True,True,D,True,D,True,D,True,True,0
moo_m1_eval.jsonl,MedQA,moo:standard-tribunal,medqa:332,3,C,C,C,True,True,C,True,C,True,C,True,True,0
moo_m1_eval.jsonl,MedQA,moo:flagship_panel,medqa:35,3,D,D,D,True,True,D,True,D,True,D,True,True,0
moo_m1_eval.jsonl,MedQA,moo:thinking_gate,medqa:332,3,C,C,C,True,True,C,True,C,True,C,True,True,0
moo_m1_eval.jsonl,MedQA,moo:rag_thinking_gate,medqa:35,3,D,D,D,True,True,D,True,D,True,D,True,True,0
moo_m1_eval.jsonl,MedQA,moo:single-call,medqa:35,1,D,D,D,True,True,D,True,D,True,D,True,True,1
moo_m1_eval.jsonl,MedQA,moo:stem-max,medqa:332,3,C,C,C,True,True,C,True,C,True,C,True,True,0
moo_m1_eval.jsonl,MedQA,moo:flagship_panel,medqa:332,3,C,C,C,True,True,C,True,C,True,C,True,True,0
moo_m1_eval.jsonl,MedQA,moo:standard-tribunal,medqa:400,3,D,D,D,True,True,D,True,D,True,D,True,True,0
moo_m1_eval.jsonl,MedQA,moo:rag_presolve,medqa:332,3,C,C,C,True,True,C,True,C,True,C,True,True,0
moo_m1_eval.jsonl,MedQA,moo:single-call,medqa:332,1,C,C,C,True,True,C,True,C,True,C,True,True,1
moo_m1_eval.jsonl,MedQA,moo:thinking_gate,medqa:400,3,D,D,D,True,True,D,True,D,True,D,True,True,0
moo_m1_eval.jsonl,MedQA,moo:rag_thinking_gate,medqa:332,3,C,C,C,True,True,C,True,C,True,C,True,True,0
moo_m1_eval.jsonl,MedQA,moo:stem-max,medqa:400,3,D,D,D,True,True,D,True,D,True,D,True,True,0
moo_m1_eval.jsonl,MedQA,moo:flagship_panel,medqa:400,3,D,D,D,True,True,D,True,D,True,D,True,True,0
moo_m1_eval.jsonl,MedQA,moo:standard-tribunal,medqa:1145,3,D,D,D,True,True,D,True,D,True,D,True,True,0
moo_m1_eval.jsonl,MedQA,moo:rag_presolve,medqa:400,3,D,D,D,True,True,D,True,D,True,D,True,True,0
moo_m1_eval.jsonl,MedQA,moo:stem-max,medqa:1145,3,D,D,D,True,True,D,True,D,True,D,True,True,0
moo_m1_eval.jsonl,MedQA,moo:thinking_gate,medqa:1145,3,D,D,D,True,True,D,True,D,True,D,True,True,0
moo_m1_eval.jsonl,MedQA,moo:single-call,medqa:400,1,D,D,D,True,True,D,True,D,True,D,True,True,1
moo_m1_eval.jsonl,MedQA,moo:rag_presolve,medqa:1145,3,D,D,D,True,True,D,True,D,True,D,True,True,0
moo_m1_eval.jsonl,MedQA,moo:flagship_panel,medqa:1145,3,D,D,D,True,True,D,True,D,True,D,True,True,0
moo_m1_eval.jsonl,MedQA,moo:rag_thinking_gate,medqa:400,3,D,D,D,True,True,D,True,D,True,D,True,True,0
moo_m1_eval.jsonl,MedQA,moo:standard-tribunal,medqa:975,3,C,C,C,True,True,C,True,C,True,C,True,True,0
moo_m1_eval.jsonl,MedQA,moo:stem-max,medqa:975,3,C,C,C,True,True,C,True,C,True,C,True,True,0
moo_m1_eval.jsonl,MedQA,moo:single-call,medqa:1145,1,D,D,D,True,True,D,True,D,True,D,True,True,1
moo_m1_eval.jsonl,MedQA,moo:thinking_gate,medqa:975,3,C,C,C,True,True,C,True,C,True,C,True,True,0
moo_m1_eval.jsonl,MedQA,moo:rag_thinking_gate,medqa:1145,3,D,D,D,True,True,D,True,D,True,D,True,True,0
moo_m1_eval.jsonl,MedQA,moo:flagship_panel,medqa:975,3,C,C,C,True,True,C,True,C,True,C,True,True,0
moo_m1_eval.jsonl,MedQA,moo:single-call,medqa:975,1,C,C,C,True,True,C,True,C,True,C,True,True,1
moo_m1_eval.jsonl,MedQA,moo:rag_presolve,medqa:975,3,C,C,C,True,True,C,True,C,True,C,True,True,0
moo_m1_eval.jsonl,MedQA,moo:standard-tribunal,medqa:950,3,D,D,D,True,True,D,True,D,True,D,True,True,0
moo_m1_eval.jsonl,MedQA,moo:stem-max,medqa:950,3,D,D,D,True,True,D,True,D,True,D,True,True,0
moo_m1_eval.jsonl,MedQA,moo:thinking_gate,medqa:950,3,D,D,D,True,True,D,True,D,True,D,True,True,0
moo_m1_eval.jsonl,MedQA,moo:rag_thinking_gate,medqa:975,3,C,C,C,True,True,C,True,C,True,C,True,True,0
moo_m1_eval.jsonl,MedQA,moo:rag_presolve,medqa:950,3,D,D,D,True,True,D,True,D,True,D,True,True,0
moo_m1_eval.jsonl,MedQA,moo:flagship_panel,medqa:950,3,D,D,D,True,True,D,True,D,True,D,True,True,0
moo_m1_eval.jsonl,MedQA,moo:standard-tribunal,medqa:825,3,C,C,C,True,True,C,True,C,True,C,True,True,0
moo_m1_eval.jsonl,MedQA,moo:single-call,medqa:950,1,D,D,D,True,True,D,True,D,True,D,True,True,1
moo_m1_eval.jsonl,MedQA,moo:rag_thinking_gate,medqa:950,3,D,D,D,True,True,D,True,D,True,D,True,True,0
moo_m1_eval.jsonl,MedQA,moo:thinking_gate,medqa:825,3,C,C,C,True,True,C,True,C,True,C,True,True,0
moo_m1_eval.jsonl,MedQA,moo:stem-max,medqa:825,3,C,C,C,True,True,C,True,C,True,C,True,True,0
moo_m1_eval.jsonl,MedQA,moo:flagship_panel,medqa:825,3,C,C,C,True,True,C,True,C,True,C,True,True,0
moo_m1_eval.jsonl,MedQA,moo:rag_presolve,medqa:825,3,C,C,C,True,True,C,True,C,True,C,True,True,0
moo_m1_eval.jsonl,MedQA,moo:standard-tribunal,medqa:1030,3,B,B,B,True,True,B,True,B,True,B,True,True,0
moo_m1_eval.jsonl,MedQA,moo:stem-max,medqa:1030,3,B,B,B,True,True,B,True,B,True,B,True,True,0
moo_m1_eval.jsonl,MedQA,moo:rag_thinking_gate,medqa:825,3,C,C,C,True,True,C,True,C,True,C,True,True,0
moo_m1_eval.jsonl,MedQA,moo:single-call,medqa:825,1,C,C,C,True,True,C,True,C,True,C,True,True,1
moo_m1_eval.jsonl,MedQA,moo:thinking_gate,medqa:1030,3,B,B,B,True,True,B,True,B,True,B,True,True,0
moo_m1_eval.jsonl,MedQA,moo:flagship_panel,medqa:1030,3,B,B,B,True,True,B,True,B,True,B,True,True,0
moo_m1_eval.jsonl,MedQA,moo:standard-tribunal,medqa:845,3,C,C,C,True,True,C,True,C,True,C,True,True,0
moo_m1_eval.jsonl,MedQA,moo:single-call,medqa:1030,1,B,B,B,True,True,B,True,B,True,B,True,True,1
moo_m1_eval.jsonl,MedQA,moo:thinking_gate,medqa:845,3,C,C,C,True,True,C,True,C,True,C,True,True,0
moo_m1_eval.jsonl,MedQA,moo:stem-max,medqa:845,3,C,C,C,True,True,C,True,C,True,C,True,True,0
moo_m1_eval.jsonl,MedQA,moo:rag_thinking_gate,medqa:1030,3,B,B,B,True,True,B,True,B,True,B,True,True,0
moo_m1_eval.jsonl,MedQA,moo:flagship_panel,medqa:845,3,C,C,C,True,True,C,True,C,True,C,True,True,0
moo_m1_eval.jsonl,MedQA,moo:rag_presolve,medqa:1030,3,B,A,A,False,True,A,False,A,False,A,False,True,0
moo_m1_eval.jsonl,MedQA,moo:rag_presolve,medqa:845,3,C,C,C,True,True,C,True,C,True,C,True,True,0
moo_m1_eval.jsonl,MedQA,moo:standard-tribunal,medqa:802,3,C,C,C,True,True,C,True,C,True,C,True,True,1
moo_m1_eval.jsonl,MedQA,moo:single-call,medqa:845,1,C,C,C,True,True,C,True,C,True,C,True,True,1
moo_m1_eval.jsonl,MedQA,moo:rag_thinking_gate,medqa:845,3,C,C,C,True,True,C,True,C,True,C,True,True,0
moo_m1_eval.jsonl,MedQA,moo:flagship_panel,medqa:802,3,C,C,C,True,True,C,True,C,True,C,True,True,0
moo_m1_eval.jsonl,MedQA,moo:stem-max,medqa:802,3,C,C,C,True,True,C,True,C,True,B,False,True,0
moo_m1_eval.jsonl,MedQA,moo:thinking_gate,medqa:802,3,C,C,C,True,True,C,True,C,True,B,False,True,0
moo_m1_eval.jsonl,MedQA,moo:rag_presolve,medqa:802,3,C,B,B,False,True,B,False,B,False,B,False,True,0
moo_m1_eval.jsonl,MedQA,moo:single-call,medqa:802,1,C,C,C,True,True,C,True,C,True,C,True,True,1
moo_m1_eval.jsonl,MMLU-Pro,moo:standard-tribunal,saturated_easy_mmlu:10024,3,D,A,A,False,True,A,False,A,False,A,False,True,0
moo_m1_eval.jsonl,MMLU-Pro,moo:flagship_panel,saturated_easy_mmlu:10024,3,D,D,D,True,True,D,True,D,True,D,True,True,0
moo_m1_eval.jsonl,MMLU-Pro,moo:rag_presolve,saturated_easy_mmlu:10024,3,D,D,D,True,True,D,True,D,True,D,True,True,0
moo_m1_eval.jsonl,MedQA,moo:rag_thinking_gate,medqa:802,3,C,B,B,False,True,B,False,C,True,B,False,True,0
moo_m1_eval.jsonl,MMLU-Pro,moo:stem-max,saturated_easy_mmlu:10024,3,D,C,C,False,True,C,False,D,True,C,False,True,0
moo_m1_eval.jsonl,MMLU-Pro,moo:standard-tribunal,saturated_easy_mmlu:5088,3,D,D,D,True,True,D,True,D,True,D,True,True,0
moo_m1_eval.jsonl,MMLU-Pro,moo:single-call,saturated_easy_mmlu:10024,1,D,D,D,True,True,D,True,D,True,D,True,True,1
moo_m1_eval.jsonl,MMLU-Pro,moo:rag_thinking_gate,saturated_easy_mmlu:10024,3,D,D,D,True,True,D,True,D,True,D,True,True,0
moo_m1_eval.jsonl,MMLU-Pro,moo:thinking_gate,saturated_easy_mmlu:10024,3,D,D,D,True,True,D,True,A,False,A,False,True,0
moo_m1_eval.jsonl,MMLU-Pro,moo:rag_presolve,saturated_easy_mmlu:5088,3,D,D,D,True,True,D,True,D,True,D,True,True,0
moo_m1_eval.jsonl,MMLU-Pro,moo:stem-max,saturated_easy_mmlu:5088,3,D,D,D,True,True,D,True,D,True,D,True,True,0
moo_m1_eval.jsonl,MMLU-Pro,moo:flagship_panel,saturated_easy_mmlu:5088,3,D,A,A,False,True,A,False,A,False,A,False,False,0
moo_m1_eval.jsonl,MMLU-Pro,moo:thinking_gate,saturated_easy_mmlu:5088,3,D,D,D,True,True,D,True,D,True,D,True,True,0
moo_m1_eval.jsonl,MMLU-Pro,moo:standard-tribunal,saturated_easy_mmlu:7070,3,D,D,D,True,True,D,True,D,True,D,True,True,0
moo_m1_eval.jsonl,MMLU-Pro,moo:stem-max,saturated_easy_mmlu:7070,3,D,D,D,True,True,D,True,D,True,D,True,True,0
moo_m1_eval.jsonl,MMLU-Pro,moo:thinking_gate,saturated_easy_mmlu:7070,3,D,D,D,True,True,D,True,D,True,D,True,True,0
moo_m1_eval.jsonl,MMLU-Pro,moo:rag_thinking_gate,saturated_easy_mmlu:5088,3,D,D,D,True,True,D,True,D,True,D,True,True,0
moo_m1_eval.jsonl,MMLU-Pro,moo:rag_presolve,saturated_easy_mmlu:7070,3,D,D,D,True,True,D,True,D,True,D,True,True,0
moo_m1_eval.jsonl,MMLU-Pro,moo:single-call,saturated_easy_mmlu:5088,1,D,A,A,False,True,A,False,A,False,A,False,False,1
moo_m1_eval.jsonl,MMLU-Pro,moo:flagship_panel,saturated_easy_mmlu:7070,3,D,D,D,True,True,D,True,D,True,D,True,True,0
moo_m1_eval.jsonl,MMLU-Pro,moo:single-call,saturated_easy_mmlu:7070,1,D,D,D,True,True,D,True,D,True,D,True,True,1
moo_m1_eval.jsonl,MMLU-Pro,moo:rag_thinking_gate,saturated_easy_mmlu:7070,3,D,D,D,True,True,D,True,D,True,D,True,True,0
moo_m1_eval.jsonl,MMLU-Pro,moo:stem-max,saturated_easy_mmlu:556,3,A,A,A,True,True,A,True,A,True,A,True,True,0
moo_m1_eval.jsonl,MMLU-Pro,moo:rag_presolve,saturated_easy_mmlu:556,3,A,A,A,True,True,A,True,A,True,A,True,True,0
moo_m1_eval.jsonl,MMLU-Pro,moo:standard-tribunal,saturated_easy_mmlu:556,3,A,A,A,True,True,A,True,A,True,A,True,True,0
moo_m1_eval.jsonl,MMLU-Pro,moo:thinking_gate,saturated_easy_mmlu:556,3,A,A,A,True,True,A,True,A,True,A,True,True,0
moo_m1_eval.jsonl,MMLU-Pro,moo:rag_thinking_gate,saturated_easy_mmlu:556,3,A,A,A,True,True,A,True,A,True,A,True,True,0
moo_m1_eval.jsonl,MMLU-Pro,moo:standard-tribunal,saturated_easy_mmlu:3320,3,B,B,B,True,True,B,True,B,True,B,True,True,0
moo_m1_eval.jsonl,MMLU-Pro,moo:stem-max,saturated_easy_mmlu:3320,3,B,B,B,True,True,B,True,B,True,B,True,True,0
moo_m1_eval.jsonl,MMLU-Pro,moo:thinking_gate,saturated_easy_mmlu:3320,3,B,B,B,True,True,B,True,B,True,B,True,True,0
moo_m1_eval.jsonl,MMLU-Pro,moo:rag_presolve,saturated_easy_mmlu:3320,3,B,B,B,True,True,B,True,B,True,B,True,True,0
moo_m1_eval.jsonl,MMLU-Pro,moo:flagship_panel,saturated_easy_mmlu:3320,3,B,B,B,True,True,B,True,B,True,B,True,True,0
moo_m1_eval.jsonl,MMLU-Pro,moo:single-call,saturated_easy_mmlu:556,1,A,A,A,True,True,A,True,A,True,A,True,True,1
moo_m1_eval.jsonl,MMLU-Pro,moo:single-call,saturated_easy_mmlu:3320,1,B,B,B,True,True,B,True,B,True,B,True,True,1
moo_m1_eval.jsonl,MMLU-Pro,moo:rag_thinking_gate,saturated_easy_mmlu:3320,3,B,B,B,True,True,B,True,B,True,B,True,True,0
moo_m1_eval.jsonl,MMLU-Pro,moo:standard-tribunal,saturated_easy_mmlu:473,3,D,D,D,True,True,D,True,D,True,D,True,True,0
moo_m1_eval.jsonl,MMLU-Pro,moo:thinking_gate,saturated_easy_mmlu:473,3,D,D,D,True,True,D,True,B,False,B,False,True,0
moo_m1_eval.jsonl,MMLU-Pro,moo:stem-max,saturated_easy_mmlu:473,3,D,D,D,True,True,D,True,D,True,D,True,True,0
moo_m1_eval.jsonl,MMLU-Pro,moo:rag_presolve,saturated_easy_mmlu:473,3,D,D,D,True,True,D,True,D,True,D,True,True,0
moo_m1_eval.jsonl,MMLU-Pro,moo:flagship_panel,saturated_easy_mmlu:473,3,D,D,D,True,True,D,True,D,True,D,True,True,0
moo_m1_eval.jsonl,MMLU-Pro,moo:rag_thinking_gate,saturated_easy_mmlu:473,3,D,D,D,True,True,D,True,D,True,D,True,True,0
moo_m1_eval.jsonl,MMLU-Pro,moo:single-call,saturated_easy_mmlu:473,1,D,D,D,True,True,D,True,D,True,D,True,True,1
moo_m1_eval.jsonl,MMLU-Pro,moo:standard-tribunal,saturated_easy_mmlu:6570,3,B,B,B,True,True,B,True,B,True,B,True,True,0
moo_m1_eval.jsonl,MMLU-Pro,moo:stem-max,saturated_easy_mmlu:6570,3,B,B,B,True,True,B,True,B,True,B,True,True,0
moo_m1_eval.jsonl,MMLU-Pro,moo:rag_presolve,saturated_easy_mmlu:6570,3,B,B,B,True,True,B,True,B,True,B,True,True,0
moo_m1_eval.jsonl,MMLU-Pro,moo:thinking_gate,saturated_easy_mmlu:6570,3,B,B,B,True,True,B,True,B,True,B,True,True,0
moo_m1_eval.jsonl,MMLU-Pro,moo:flagship_panel,saturated_easy_mmlu:6570,3,B,B,B,True,True,B,True,B,True,B,True,True,0
moo_m1_eval.jsonl,MMLU-Pro,moo:standard-tribunal,saturated_easy_mmlu:7562,3,A,A,A,True,True,A,True,A,True,A,True,True,0
moo_m1_eval.jsonl,MMLU-Pro,moo:single-call,saturated_easy_mmlu:6570,1,B,B,B,True,True,B,True,B,True,B,True,True,1
moo_m1_eval.jsonl,MMLU-Pro,moo:rag_thinking_gate,saturated_easy_mmlu:6570,3,B,B,B,True,True,B,True,B,True,B,True,True,0
moo_m1_eval.jsonl,MMLU-Pro,moo:thinking_gate,saturated_easy_mmlu:7562,3,A,A,A,True,True,A,True,A,True,A,True,True,0
moo_m1_eval.jsonl,MMLU-Pro,moo:rag_presolve,saturated_easy_mmlu:7562,3,A,A,A,True,True,A,True,A,True,A,True,True,0
moo_m1_eval.jsonl,MMLU-Pro,moo:stem-max,saturated_easy_mmlu:7562,3,A,A,A,True,True,A,True,A,True,A,True,True,0
moo_m1_eval.jsonl,MMLU-Pro,moo:rag_thinking_gate,saturated_easy_mmlu:7562,3,A,A,A,True,True,A,True,A,True,A,True,True,0
moo_m1_eval.jsonl,MMLU-Pro,moo:standard-tribunal,saturated_easy_mmlu:2854,3,A,A,A,True,True,A,True,A,True,A,True,True,0
moo_m1_eval.jsonl,MMLU-Pro,moo:single-call,saturated_easy_mmlu:7562,1,A,A,A,True,True,A,True,A,True,A,True,True,1
moo_m1_eval.jsonl,MMLU-Pro,moo:thinking_gate,saturated_easy_mmlu:2854,3,A,A,A,True,True,A,True,A,True,A,True,True,0
moo_m1_eval.jsonl,MMLU-Pro,moo:flagship_panel,saturated_easy_mmlu:7562,3,A,A,A,True,True,A,True,A,True,A,True,True,0
moo_m1_eval.jsonl,MMLU-Pro,moo:stem-max,saturated_easy_mmlu:2854,3,A,A,A,True,True,A,True,A,True,A,True,True,0
moo_m1_eval.jsonl,MMLU-Pro,moo:rag_presolve,saturated_easy_mmlu:2854,3,A,A,A,True,True,A,True,A,True,A,True,True,0
moo_m1_eval.jsonl,MMLU-Pro,moo:flagship_panel,saturated_easy_mmlu:2854,3,A,A,A,True,True,A,True,A,True,A,True,True,0
moo_m1_eval.jsonl,MMLU-Pro,moo:single-call,saturated_easy_mmlu:2854,1,A,A,A,True,True,A,True,A,True,A,True,True,1
moo_m1_eval.jsonl,MMLU-Pro,moo:standard-tribunal,saturated_easy_mmlu:8486,3,D,D,D,True,True,D,True,D,True,D,True,True,0
moo_m1_eval.jsonl,MMLU-Pro,moo:stem-max,saturated_easy_mmlu:8486,3,D,D,D,True,True,D,True,D,True,D,True,True,0
moo_m1_eval.jsonl,MMLU-Pro,moo:rag_thinking_gate,saturated_easy_mmlu:2854,3,A,A,A,True,True,A,True,A,True,A,True,True,0
moo_m1_eval.jsonl,MMLU-Pro,moo:thinking_gate,saturated_easy_mmlu:8486,3,D,D,D,True,True,D,True,D,True,D,True,True,0
moo_m1_eval.jsonl,MMLU-Pro,moo:rag_presolve,saturated_easy_mmlu:8486,3,D,D,D,True,True,D,True,D,True,D,True,True,0
moo_m1_eval.jsonl,MMLU-Pro,moo:flagship_panel,saturated_easy_mmlu:8486,3,D,D,D,True,True,D,True,D,True,D,True,True,0
moo_m1_eval.jsonl,MMLU-Pro,moo:standard-tribunal,saturated_easy_mmlu:2503,3,A,A,A,True,True,A,True,A,True,A,True,True,0
moo_m1_eval.jsonl,MMLU-Pro,moo:single-call,saturated_easy_mmlu:8486,1,D,D,D,True,True,D,True,D,True,D,True,True,1
moo_m1_eval.jsonl,MMLU-Pro,moo:rag_thinking_gate,saturated_easy_mmlu:8486,3,D,D,D,True,True,D,True,D,True,D,True,True,0
moo_m1_eval.jsonl,MMLU-Pro,moo:stem-max,saturated_easy_mmlu:2503,3,A,A,A,True,True,A,True,A,True,A,True,True,0
moo_m1_eval.jsonl,MMLU-Pro,moo:thinking_gate,saturated_easy_mmlu:2503,3,A,A,A,True,True,A,True,A,True,A,True,True,0
moo_m1_eval.jsonl,MMLU-Pro,moo:flagship_panel,saturated_easy_mmlu:2503,3,A,A,A,True,True,A,True,A,True,A,True,True,0
moo_m1_eval.jsonl,MMLU-Pro,moo:rag_presolve,saturated_easy_mmlu:2503,3,A,A,A,True,True,A,True,A,True,A,True,True,0
moo_m1_eval.jsonl,MMLU-Pro,moo:single-call,saturated_easy_mmlu:2503,1,A,A,A,True,True,A,True,A,True,A,True,True,1
moo_m1_eval.jsonl,MMLU-Pro,moo:rag_thinking_gate,saturated_easy_mmlu:2503,3,A,A,A,True,True,A,True,A,True,A,True,True,0
moo_m1_eval.jsonl,MMLU-Pro,moo:standard-tribunal,saturated_easy_mmlu:688,3,C,D,D,False,True,D,False,D,False,B,False,False,0
moo_m1_eval.jsonl,MMLU-Pro,moo:flagship_panel,saturated_easy_mmlu:688,3,C,C,C,True,True,C,True,C,True,C,True,True,0
moo_m1_eval.jsonl,MMLU-Pro,moo:stem-max,saturated_easy_mmlu:688,3,C,D,D,False,True,D,False,D,False,D,False,False,0
moo_m1_eval.jsonl,MMLU-Pro,moo:thinking_gate,saturated_easy_mmlu:688,3,C,D,D,False,True,C,True,C,True,D,False,True,0
moo_m1_eval.jsonl,MMLU-Pro,moo:rag_presolve,saturated_easy_mmlu:688,3,C,D,D,False,True,D,False,D,False,D,False,False,0
moo_m1_eval.jsonl,MMLU-Pro,moo:single-call,saturated_easy_mmlu:688,1,C,C,C,True,True,C,True,C,True,C,True,True,1
moo_m1_eval.jsonl,MMLU-Pro,moo:standard-tribunal,saturated_easy_mmlu:5136,3,A,D,D,False,True,D,False,D,False,B,False,False,0
moo_m1_eval.jsonl,MMLU-Pro,moo:rag_thinking_gate,saturated_easy_mmlu:688,3,C,B,B,False,True,B,False,D,False,D,False,False,0
moo_m1_eval.jsonl,MMLU-Pro,moo:stem-max,saturated_easy_mmlu:5136,3,A,D,D,False,True,D,False,D,False,D,False,False,0
moo_m1_eval.jsonl,MMLU-Pro,moo:thinking_gate,saturated_easy_mmlu:5136,3,A,B,B,False,True,B,False,D,False,D,False,False,0
moo_m1_eval.jsonl,MMLU-Pro,moo:flagship_panel,saturated_easy_mmlu:5136,3,A,A,A,True,True,A,True,A,True,A,True,True,0
moo_m1_eval.jsonl,MMLU-Pro,moo:single-call,saturated_easy_mmlu:5136,1,A,A,A,True,True,A,True,A,True,A,True,True,1
moo_m1_eval.jsonl,MMLU-Pro,moo:rag_presolve,saturated_easy_mmlu:5136,3,A,D,D,False,True,D,False,B,False,D,False,False,2
moo_m1_eval.jsonl,MMLU-Pro,moo:rag_thinking_gate,saturated_easy_mmlu:5136,3,A,B,B,False,True,B,False,D,False,D,False,False,2
moo_m1_eval.jsonl,MMLU-Pro,moo:stem-max,saturated_easy_mmlu:8930,3,A,A,A,True,True,A,True,A,True,A,True,True,0
moo_m1_eval.jsonl,MMLU-Pro,moo:rag_presolve,saturated_easy_mmlu:8930,3,A,A,A,True,True,A,True,A,True,A,True,True,0
moo_m1_eval.jsonl,MMLU-Pro,moo:standard-tribunal,saturated_easy_mmlu:8930,3,A,A,A,True,True,A,True,C,False,C,False,True,0
moo_m1_eval.jsonl,MMLU-Pro,moo:rag_thinking_gate,saturated_easy_mmlu:8930,3,A,A,A,True,True,A,True,A,True,A,True,True,0
moo_m1_eval.jsonl,MMLU-Pro,moo:standard-tribunal,saturated_easy_mmlu:3079,3,B,B,B,True,True,B,True,B,True,B,True,True,0
moo_m1_eval.jsonl,MMLU-Pro,moo:flagship_panel,saturated_easy_mmlu:8930,3,A,A,A,True,True,A,True,A,True,A,True,True,0
moo_m1_eval.jsonl,MMLU-Pro,moo:thinking_gate,saturated_easy_mmlu:3079,3,B,B,B,True,True,B,True,B,True,B,True,True,0
moo_m1_eval.jsonl,MMLU-Pro,moo:single-call,saturated_easy_mmlu:8930,1,A,A,A,True,True,A,True,A,True,A,True,True,1
moo_m1_eval.jsonl,MMLU-Pro,moo:rag_presolve,saturated_easy_mmlu:3079,3,B,B,B,True,True,B,True,B,True,B,True,True,0
moo_m1_eval.jsonl,MMLU-Pro,moo:stem-max,saturated_easy_mmlu:3079,3,B,B,B,True,True,B,True,B,True,B,True,True,0
moo_m1_eval.jsonl,MMLU-Pro,moo:thinking_gate,saturated_easy_mmlu:8930,3,A,A,A,True,True,A,True,A,True,C,False,True,0
moo_m1_eval.jsonl,MMLU-Pro,moo:flagship_panel,saturated_easy_mmlu:3079,3,B,B,B,True,True,B,True,B,True,B,True,True,0
moo_m1_eval.jsonl,MMLU-Pro,moo:single-call,saturated_easy_mmlu:3079,1,B,B,B,True,True,B,True,B,True,B,True,True,1
moo_m1_eval.jsonl,MMLU-Pro,moo:rag_thinking_gate,saturated_easy_mmlu:3079,3,B,B,B,True,True,B,True,B,True,B,True,True,0
moo_m1_eval.jsonl,MMLU-Pro,moo:standard-tribunal,saturated_easy_mmlu:10343,3,D,D,D,True,True,D,True,D,True,D,True,True,0
moo_m1_eval.jsonl,MMLU-Pro,moo:rag_presolve,saturated_easy_mmlu:10343,3,D,D,D,True,True,D,True,D,True,D,True,True,0
moo_m1_eval.jsonl,MMLU-Pro,moo:thinking_gate,saturated_easy_mmlu:10343,3,D,D,D,True,True,D,True,D,True,D,True,True,0
moo_m1_eval.jsonl,MMLU-Pro,moo:stem-max,saturated_easy_mmlu:10343,3,D,D,D,True,True,D,True,D,True,D,True,True,0
moo_m1_eval.jsonl,MMLU-Pro,moo:standard-tribunal,saturated_easy_mmlu:8802,3,D,D,D,True,True,D,True,D,True,D,True,True,0
moo_m1_eval.jsonl,MMLU-Pro,moo:flagship_panel,saturated_easy_mmlu:10343,3,D,D,D,True,True,D,True,D,True,D,True,True,0
moo_m1_eval.jsonl,MMLU-Pro,moo:thinking_gate,saturated_easy_mmlu:8802,3,D,D,D,True,True,D,True,D,True,D,True,True,0
moo_m1_eval.jsonl,MMLU-Pro,moo:stem-max,saturated_easy_mmlu:8802,3,D,D,D,True,True,D,True,D,True,D,True,True,0
moo_m1_eval.jsonl,MMLU-Pro,moo:single-call,saturated_easy_mmlu:10343,1,D,D,D,True,True,D,True,D,True,D,True,True,1
moo_m1_eval.jsonl,MMLU-Pro,moo:rag_presolve,saturated_easy_mmlu:8802,3,D,D,D,True,True,D,True,D,True,D,True,True,0
moo_m1_eval.jsonl,MMLU-Pro,moo:rag_thinking_gate,saturated_easy_mmlu:10343,3,D,D,D,True,True,D,True,D,True,D,True,True,0
moo_m1_eval.jsonl,MMLU-Pro,moo:flagship_panel,saturated_easy_mmlu:8802,3,D,D,D,True,True,D,True,D,True,D,True,True,0
moo_m1_eval.jsonl,MMLU-Pro,moo:rag_thinking_gate,saturated_easy_mmlu:8802,3,D,D,D,True,True,D,True,D,True,D,True,True,0
moo_m1_eval.jsonl,MMLU-Pro,moo:single-call,saturated_easy_mmlu:8802,1,D,D,D,True,True,D,True,D,True,D,True,True,1
moo_m1_eval.jsonl,MMLU-Pro,moo:flagship_panel,saturated_easy_mmlu:783,3,C,C,C,True,True,C,True,C,True,C,True,True,0
moo_m1_eval.jsonl,MMLU-Pro,moo:rag_presolve,saturated_easy_mmlu:783,3,C,C,C,True,True,C,True,C,True,C,True,True,0
moo_m1_eval.jsonl,MMLU-Pro,moo:standard-tribunal,saturated_easy_mmlu:783,3,C,C,C,True,True,C,True,B,False,B,False,True,0
moo_m1_eval.jsonl,MMLU-Pro,moo:stem-max,saturated_easy_mmlu:783,3,C,B,B,False,True,B,False,B,False,C,True,True,0
moo_m1_eval.jsonl,MMLU-Pro,moo:standard-tribunal,saturated_easy_mmlu:5874,3,C,C,C,True,True,C,True,C,True,C,True,True,0
moo_m1_eval.jsonl,MMLU-Pro,moo:thinking_gate,saturated_easy_mmlu:783,3,C,C,C,True,True,C,True,B,False,C,True,True,0
moo_m1_eval.jsonl,MMLU-Pro,moo:stem-max,saturated_easy_mmlu:5874,3,C,C,C,True,True,C,True,C,True,C,True,True,0
moo_m1_eval.jsonl,MMLU-Pro,moo:thinking_gate,saturated_easy_mmlu:5874,3,C,C,C,True,True,C,True,C,True,C,True,True,0
moo_m1_eval.jsonl,MMLU-Pro,moo:rag_presolve,saturated_easy_mmlu:5874,3,C,C,C,True,True,C,True,C,True,C,True,True,0
moo_m1_eval.jsonl,MMLU-Pro,moo:flagship_panel,saturated_easy_mmlu:5874,3,C,C,C,True,True,C,True,C,True,C,True,True,0
moo_m1_eval.jsonl,MMLU-Pro,moo:rag_thinking_gate,saturated_easy_mmlu:5874,3,C,C,C,True,True,C,True,C,True,C,True,True,0
moo_m1_eval.jsonl,MMLU-Pro,moo:single-call,saturated_easy_mmlu:783,1,C,C,C,True,True,C,True,C,True,C,True,True,1
moo_m1_eval.jsonl,MMLU-Pro,moo:standard-tribunal,saturated_easy_mmlu:7511,3,D,D,D,True,True,D,True,D,True,D,True,True,0
moo_m1_eval.jsonl,MMLU-Pro,moo:single-call,saturated_easy_mmlu:5874,1,C,C,C,True,True,C,True,C,True,C,True,True,1
moo_m1_eval.jsonl,MMLU-Pro,moo:flagship_panel,saturated_easy_mmlu:7511,3,D,D,D,True,True,D,True,D,True,D,True,True,0
moo_m1_eval.jsonl,MMLU-Pro,moo:rag_presolve,saturated_easy_mmlu:7511,3,D,D,D,True,True,D,True,D,True,D,True,True,0
moo_m1_eval.jsonl,MMLU-Pro,moo:stem-max,saturated_easy_mmlu:7511,3,D,D,D,True,True,D,True,D,True,D,True,True,0
moo_m1_eval.jsonl,MMLU-Pro,moo:thinking_gate,saturated_easy_mmlu:7511,3,D,D,D,True,True,D,True,D,True,D,True,True,0
moo_m1_eval.jsonl,MMLU-Pro,moo:standard-tribunal,saturated_easy_mmlu:7847,3,D,D,D,True,True,D,True,D,True,D,True,True,0
moo_m1_eval.jsonl,MMLU-Pro,moo:rag_thinking_gate,saturated_easy_mmlu:783,3,C,B,B,False,True,B,False,B,False,B,False,False,0
moo_m1_eval.jsonl,MMLU-Pro,moo:thinking_gate,saturated_easy_mmlu:7847,3,D,D,D,True,True,D,True,D,True,D,True,True,0
moo_m1_eval.jsonl,MMLU-Pro,moo:stem-max,saturated_easy_mmlu:7847,3,D,D,D,True,True,D,True,D,True,D,True,True,0
moo_m1_eval.jsonl,MMLU-Pro,moo:single-call,saturated_easy_mmlu:7511,1,D,D,D,True,True,D,True,D,True,D,True,True,1
moo_m1_eval.jsonl,MMLU-Pro,moo:rag_presolve,saturated_easy_mmlu:7847,3,D,D,D,True,True,D,True,D,True,D,True,True,0
moo_m1_eval.jsonl,MMLU-Pro,moo:flagship_panel,saturated_easy_mmlu:7847,3,D,D,D,True,True,D,True,D,True,D,True,True,0
moo_m1_eval.jsonl,MMLU-Pro,moo:standard-tribunal,saturated_easy_mmlu:9795,3,B,B,B,True,True,B,True,B,True,B,True,True,0
moo_m1_eval.jsonl,MMLU-Pro,moo:rag_thinking_gate,saturated_easy_mmlu:7511,3,D,D,D,True,True,D,True,D,True,D,True,True,0
moo_m1_eval.jsonl,MMLU-Pro,moo:rag_thinking_gate,saturated_easy_mmlu:7847,3,D,D,D,True,True,D,True,D,True,D,True,True,0
moo_m1_eval.jsonl,MMLU-Pro,moo:thinking_gate,saturated_easy_mmlu:9795,3,B,B,B,True,True,B,True,B,True,B,True,True,0
moo_m1_eval.jsonl,MMLU-Pro,moo:single-call,saturated_easy_mmlu:7847,1,D,D,D,True,True,D,True,D,True,D,True,True,1
moo_m1_eval.jsonl,MMLU-Pro,moo:rag_presolve,saturated_easy_mmlu:9795,3,B,B,B,True,True,B,True,B,True,B,True,True,0
moo_m1_eval.jsonl,MMLU-Pro,moo:flagship_panel,saturated_easy_mmlu:9795,3,B,B,B,True,True,B,True,B,True,B,True,True,0
moo_m1_eval.jsonl,MMLU-Pro,moo:rag_thinking_gate,saturated_easy_mmlu:9795,3,B,B,B,True,True,B,True,B,True,B,True,True,0
moo_m1_eval.jsonl,MMLU-Pro,moo:standard-tribunal,saturated_easy_mmlu:2457,3,D,D,D,True,True,D,True,D,True,D,True,True,0
moo_m1_eval.jsonl,MMLU-Pro,moo:single-call,saturated_easy_mmlu:9795,1,B,B,B,True,True,B,True,B,True,B,True,True,1
moo_m1_eval.jsonl,MMLU-Pro,moo:thinking_gate,saturated_easy_mmlu:2457,3,D,D,D,True,True,D,True,D,True,D,True,True,0
moo_m1_eval.jsonl,MMLU-Pro,moo:stem-max,saturated_easy_mmlu:2457,3,D,D,D,True,True,D,True,D,True,D,True,True,0
moo_m1_eval.jsonl,MMLU-Pro,moo:flagship_panel,saturated_easy_mmlu:2457,3,D,D,D,True,True,D,True,D,True,D,True,True,0
moo_m1_eval.jsonl,MMLU-Pro,moo:rag_presolve,saturated_easy_mmlu:2457,3,D,D,D,True,True,D,True,D,True,D,True,True,0
moo_m1_eval.jsonl,MMLU-Pro,moo:stem-max,saturated_easy_mmlu:9795,3,B,B,B,True,True,B,True,B,True,C,False,True,0
moo_m1_eval.jsonl,MMLU-Pro,moo:standard-tribunal,saturated_easy_mmlu:4906,3,B,C,C,False,True,C,False,C,False,C,False,False,0
moo_m1_eval.jsonl,MMLU-Pro,moo:rag_thinking_gate,saturated_easy_mmlu:2457,3,D,D,D,True,True,D,True,D,True,D,True,True,0
moo_m1_eval.jsonl,MMLU-Pro,moo:stem-max,saturated_easy_mmlu:4906,3,B,C,C,False,True,C,False,C,False,C,False,False,0
moo_m1_eval.jsonl,MMLU-Pro,moo:single-call,saturated_easy_mmlu:2457,1,D,D,D,True,True,D,True,D,True,D,True,True,1
moo_m1_eval.jsonl,MMLU-Pro,moo:thinking_gate,saturated_easy_mmlu:4906,3,B,C,C,False,True,C,False,C,False,C,False,False,0
moo_m1_eval.jsonl,MMLU-Pro,moo:rag_presolve,saturated_easy_mmlu:4906,3,B,C,C,False,True,C,False,C,False,C,False,False,0
moo_m1_eval.jsonl,MMLU-Pro,moo:standard-tribunal,saturated_easy_mmlu:5396,3,D,D,D,True,True,D,True,D,True,D,True,True,0
moo_m1_eval.jsonl,MMLU-Pro,moo:thinking_gate,saturated_easy_mmlu:5396,3,D,D,D,True,True,D,True,D,True,D,True,True,0
moo_m1_eval.jsonl,MMLU-Pro,moo:rag_thinking_gate,saturated_easy_mmlu:4906,3,B,C,C,False,True,C,False,C,False,C,False,False,0
moo_m1_eval.jsonl,MMLU-Pro,moo:stem-max,saturated_easy_mmlu:5396,3,D,D,D,True,True,D,True,D,True,D,True,True,0
moo_m1_eval.jsonl,MMLU-Pro,moo:rag_presolve,saturated_easy_mmlu:5396,3,D,D,D,True,True,D,True,D,True,D,True,True,0
moo_m1_eval.jsonl,MMLU-Pro,moo:flagship_panel,saturated_easy_mmlu:5396,3,D,D,D,True,True,D,True,D,True,D,True,True,0
moo_m1_eval.jsonl,MMLU-Pro,moo:single-call,saturated_easy_mmlu:5396,1,D,D,D,True,True,D,True,D,True,D,True,True,1
moo_m1_eval.jsonl,MMLU-Pro,moo:rag_thinking_gate,saturated_easy_mmlu:5396,3,D,D,D,True,True,D,True,D,True,D,True,True,0
moo_m1_eval.jsonl,MMLU-Pro,moo:standard-tribunal,saturated_easy_mmlu:10452,3,A,A,A,True,True,A,True,A,True,A,True,True,0
moo_m1_eval.jsonl,MMLU-Pro,moo:single-call,saturated_easy_mmlu:4906,1,B,B,B,True,True,B,True,B,True,B,True,True,1
moo_m1_eval.jsonl,MMLU-Pro,moo:stem-max,saturated_easy_mmlu:10452,3,A,A,A,True,True,A,True,A,True,A,True,True,0
moo_m1_eval.jsonl,MMLU-Pro,moo:thinking_gate,saturated_easy_mmlu:10452,3,A,A,A,True,True,A,True,A,True,A,True,True,0
moo_m1_eval.jsonl,MMLU-Pro,moo:rag_presolve,saturated_easy_mmlu:10452,3,A,A,A,True,True,A,True,A,True,A,True,True,0
moo_m1_eval.jsonl,MMLU-Pro,moo:flagship_panel,saturated_easy_mmlu:10452,3,A,A,A,True,True,A,True,A,True,A,True,True,0
moo_m1_eval.jsonl,MMLU-Pro,moo:standard-tribunal,saturated_easy_mmlu:8147,3,C,C,C,True,True,C,True,C,True,C,True,True,0
moo_m1_eval.jsonl,MMLU-Pro,moo:rag_thinking_gate,saturated_easy_mmlu:10452,3,A,A,A,True,True,A,True,A,True,A,True,True,0
moo_m1_eval.jsonl,MMLU-Pro,moo:single-call,saturated_easy_mmlu:10452,1,A,A,A,True,True,A,True,A,True,A,True,True,1
moo_m1_eval.jsonl,MMLU-Pro,moo:thinking_gate,saturated_easy_mmlu:8147,3,C,C,C,True,True,C,True,C,True,C,True,True,0
moo_m1_eval.jsonl,MMLU-Pro,moo:rag_presolve,saturated_easy_mmlu:8147,3,C,C,C,True,True,C,True,C,True,C,True,True,0
moo_m1_eval.jsonl,MMLU-Pro,moo:stem-max,saturated_easy_mmlu:8147,3,C,C,C,True,True,C,True,C,True,C,True,True,0
moo_m1_eval.jsonl,MMLU-Pro,moo:flagship_panel,saturated_easy_mmlu:8147,3,C,C,C,True,True,C,True,C,True,C,True,True,0
moo_m1_eval.jsonl,MMLU-Pro,moo:standard-tribunal,saturated_easy_mmlu:8676,3,D,D,D,True,True,D,True,D,True,D,True,True,0
moo_m1_eval.jsonl,MMLU-Pro,moo:thinking_gate,saturated_easy_mmlu:8676,3,D,D,D,True,True,D,True,D,True,D,True,True,0
moo_m1_eval.jsonl,MMLU-Pro,moo:single-call,saturated_easy_mmlu:8147,1,C,C,C,True,True,C,True,C,True,C,True,True,1
moo_m1_eval.jsonl,MMLU-Pro,moo:rag_thinking_gate,saturated_easy_mmlu:8147,3,C,C,C,True,True,C,True,C,True,C,True,True,0
moo_m1_eval.jsonl,MMLU-Pro,moo:stem-max,saturated_easy_mmlu:8676,3,D,D,D,True,True,D,True,D,True,D,True,True,0
moo_m1_eval.jsonl,MMLU-Pro,moo:flagship_panel,saturated_easy_mmlu:8676,3,D,D,D,True,True,D,True,D,True,D,True,True,0
moo_m1_eval.jsonl,MMLU-Pro,moo:rag_presolve,saturated_easy_mmlu:8676,3,D,D,D,True,True,D,True,D,True,D,True,True,0
moo_m1_eval.jsonl,MMLU-Pro,moo:rag_thinking_gate,saturated_easy_mmlu:8676,3,D,D,D,True,True,D,True,D,True,D,True,True,0
moo_m1_eval.jsonl,MMLU-Pro,moo:standard-tribunal,saturated_easy_mmlu:7497,3,B,B,B,True,True,B,True,B,True,B,True,True,0
moo_m1_eval.jsonl,MMLU-Pro,moo:single-call,saturated_easy_mmlu:8676,1,D,D,D,True,True,D,True,D,True,D,True,True,1
moo_m1_eval.jsonl,MMLU-Pro,moo:flagship_panel,saturated_easy_mmlu:4906,3,B,C,C,False,True,C,False,C,False,B,True,True,0
moo_m1_eval.jsonl,MMLU-Pro,moo:stem-max,saturated_easy_mmlu:7497,3,B,B,B,True,True,B,True,B,True,B,True,True,0
moo_m1_eval.jsonl,MMLU-Pro,moo:rag_presolve,saturated_easy_mmlu:7497,3,B,B,B,True,True,B,True,B,True,B,True,True,0
moo_m1_eval.jsonl,MMLU-Pro,moo:thinking_gate,saturated_easy_mmlu:7497,3,B,B,B,True,True,B,True,B,True,B,True,True,0
moo_m1_eval.jsonl,MMLU-Pro,moo:standard-tribunal,saturated_easy_mmlu:7490,3,C,C,C,True,True,C,True,C,True,C,True,True,0
moo_m1_eval.jsonl,MMLU-Pro,moo:flagship_panel,saturated_easy_mmlu:7497,3,B,B,B,True,True,B,True,B,True,B,True,True,0
moo_m1_eval.jsonl,MMLU-Pro,moo:single-call,saturated_easy_mmlu:7497,1,B,B,B,True,True,B,True,B,True,B,True,True,1
moo_m1_eval.jsonl,MMLU-Pro,moo:rag_thinking_gate,saturated_easy_mmlu:7497,3,B,B,B,True,True,B,True,B,True,B,True,True,0
moo_m1_eval.jsonl,MMLU-Pro,moo:rag_presolve,saturated_easy_mmlu:7490,3,C,C,C,True,True,C,True,C,True,C,True,True,1
moo_m1_eval.jsonl,MMLU-Pro,moo:stem-max,saturated_easy_mmlu:7490,3,C,C,C,True,True,C,True,C,True,C,True,True,0
moo_m1_eval.jsonl,MMLU-Pro,moo:thinking_gate,saturated_easy_mmlu:7490,3,C,C,C,True,True,C,True,C,True,C,True,True,0
moo_m1_eval.jsonl,MMLU-Pro,moo:flagship_panel,saturated_easy_mmlu:7490,3,C,C,C,True,True,C,True,C,True,C,True,True,0
moo_m1_eval.jsonl,MMLU-Pro,moo:rag_thinking_gate,saturated_easy_mmlu:7490,3,C,C,C,True,True,C,True,C,True,C,True,True,0
moo_m1_eval.jsonl,MMLU-Pro,moo:single-call,saturated_easy_mmlu:7490,1,C,C,C,True,True,C,True,C,True,C,True,True,1
smoke.jsonl,GPQA-Diamond,shipped_engine(pilot),recINSFEYLCyyd08m,3,A,A,A,True,True,A,True,A,True,A,True,True,0
smoke.jsonl,GPQA-Diamond,shipped_engine(pilot),rechKl68Uc6H7vU0N,3,A,A,A,True,True,A,True,A,True,A,True,True,0
smoke2.jsonl,GPQA-Diamond,shipped_engine(pilot),recypVp2NmPlBKVTp,3,A,A,A,True,True,A,True,A,True,A,True,True,0
smoke2.jsonl,GPQA-Diamond,shipped_engine(pilot),rechKl68Uc6H7vU0N,3,A,C,C,False,True,C,False,C,False,C,False,False,0
smoke3.jsonl,GPQA-Diamond,shipped_engine(pilot),recypVp2NmPlBKVTp,3,A,A,A,True,True,A,True,A,True,A,True,True,0
smoke3.jsonl,GPQA-Diamond,shipped_engine(pilot),rec0wZvZgiz320KRs,3,B,B,B,True,True,B,True,B,True,B,True,True,0
smoke3.jsonl,GPQA-Diamond,shipped_engine(pilot),recINSFEYLCyyd08m,3,A,A,A,True,True,A,True,A,True,C,False,True,0
smoke3.jsonl,GPQA-Diamond,shipped_engine(pilot),rechKl68Uc6H7vU0N,3,A,A,A,True,True,A,True,A,True,A,True,True,1
smoke3.jsonl,GPQA-Diamond,shipped_engine(pilot),recnawZPumSCLMVgp,3,A,B,B,False,True,B,False,A,True,B,False,True,0
smoke3.jsonl,GPQA-Diamond,shipped_engine(pilot),rec4r4KWNLrT7g2kR,3,D,D,D,True,True,D,True,D,True,D,True,True,0
supergpqa_hard_pilot_seed42.jsonl,SuperGPQA-hard,shipped_engine(pilot),5b3ba5d082c74528ab9c60a12e0e3614,3,B,B,B,True,True,B,True,B,True,B,True,True,0
supergpqa_hard_pilot_seed42.jsonl,SuperGPQA-hard,shipped_engine(pilot),454028b0c0884f4192d16081e358d436,3,D,D,D,True,True,D,True,A,False,A,False,True,0
supergpqa_hard_pilot_seed42.jsonl,SuperGPQA-hard,shipped_engine(pilot),4e711f17db254dd4953606570f0cc7a7,3,A,D,D,False,True,D,False,C,False,D,False,False,0
supergpqa_hard_pilot_seed42.jsonl,SuperGPQA-hard,shipped_engine(pilot),917d14354e104597ab763b7c98ec5098,3,A,A,A,True,True,A,True,A,True,A,True,True,0
supergpqa_hard_pilot_seed42.jsonl,SuperGPQA-hard,shipped_engine(pilot),bf79c60db17b4207957d40a5ada06a76,3,A,B,B,False,True,B,False,B,False,B,False,False,0
supergpqa_hard_pilot_seed42.jsonl,SuperGPQA-hard,shipped_engine(pilot),f3dbbb1c935242e287d05399a283167a,3,A,C,C,False,True,C,False,C,False,C,False,False,0
supergpqa_hard_pilot_seed42.jsonl,SuperGPQA-hard,shipped_engine(pilot),e313bac23c0a44a09b34da5cda7a7a5a,3,C,A,A,False,True,A,False,A,False,D,False,False,0
supergpqa_hard_pilot_seed42.jsonl,SuperGPQA-hard,shipped_engine(pilot),28b8e9105db04b8b9d3a7e2f6aedff5c,3,B,B,B,True,True,B,True,B,True,B,True,True,0
supergpqa_hard_pilot_seed42.jsonl,SuperGPQA-hard,shipped_engine(pilot),21de236f15e846ecaac90b5464aa6751,3,B,B,B,True,True,B,True,B,True,B,True,True,0
supergpqa_hard_pilot_seed42.jsonl,SuperGPQA-hard,shipped_engine(pilot),ef085846d5e74e358456de0a96fc049b,3,D,A,A,False,True,A,False,A,False,A,False,True,0
supergpqa_hard_pilot_seed42.jsonl,SuperGPQA-hard,shipped_engine(pilot),10306739cc6f4b94afa3336c48376be7,3,A,D,D,False,True,D,False,D,False,D,False,False,0
supergpqa_hard_pilot_seed42.jsonl,SuperGPQA-hard,shipped_engine(pilot),e78c81f946704e8ab0fb15182b6f8f68,3,C,D,D,False,True,D,False,D,False,D,False,False,0
supergpqa_hard_pilot_seed42.jsonl,SuperGPQA-hard,shipped_engine(pilot),3aa8040fa0174d9ebee38e9a1f196d26,3,C,B,B,False,True,B,False,B,False,B,False,False,0
supergpqa_hard_pilot_seed42.jsonl,SuperGPQA-hard,shipped_engine(pilot),f99d0c2438e347088abece7d58f4e3cc,3,C,C,C,True,True,C,True,C,True,C,True,True,0
supergpqa_hard_pilot_seed42.jsonl,SuperGPQA-hard,shipped_engine(pilot),21c8296790dc44c3b47308fe139b1378,3,C,D,D,False,True,D,False,D,False,D,False,False,0
supergpqa_hard_pilot_seed42.jsonl,SuperGPQA-hard,shipped_engine(pilot),fc86b86189fa4145bfc49c741a7d8387,3,D,D,D,True,True,D,True,D,True,D,True,True,0
supergpqa_hard_pilot_seed42.jsonl,SuperGPQA-hard,shipped_engine(pilot),c0aff61a5b0243628fe8d3684305f4cb,3,B,B,B,True,True,B,True,B,True,B,True,True,0
supergpqa_hard_pilot_seed42.jsonl,SuperGPQA-hard,shipped_engine(pilot),8920a6411ede4a54af86c8ec5be736bd,3,C,B,B,False,True,B,False,D,False,D,False,False,0
supergpqa_hard_pilot_seed42.jsonl,SuperGPQA-hard,shipped_engine(pilot),d3c2c6065bd540298bc50e5c2786cfd7,3,D,D,D,True,True,D,True,D,True,B,False,True,0
supergpqa_hard_pilot_seed42.jsonl,SuperGPQA-hard,shipped_engine(pilot),cd59e82f9198404fad3b5e494c032544,3,B,D,D,False,True,D,False,D,False,D,False,False,0
supergpqa_hard_pilot_seed42.jsonl,SuperGPQA-hard,shipped_engine(pilot),a7a3dc6d5b5b4d37a32c2839833a4d6c,3,D,C,C,False,True,C,False,C,False,C,False,True,0
supergpqa_hard_pilot_seed42.jsonl,SuperGPQA-hard,shipped_engine(pilot),2613e2e31a7f45d9bd02d6c09fdc898c,3,B,B,B,True,True,B,True,B,True,B,True,True,0
supergpqa_hard_pilot_seed42.jsonl,SuperGPQA-hard,shipped_engine(pilot),20fff2a5feb746d5a6614e360c9bec7d,3,D,D,D,True,True,D,True,D,True,C,False,True,0
supergpqa_hard_pilot_seed42.jsonl,SuperGPQA-hard,shipped_engine(pilot),469ab0b1358b48019d3a8f218edbf379,3,D,B,B,False,True,B,False,B,False,B,False,False,0
supergpqa_hard_pilot_seed42.jsonl,SuperGPQA-hard,shipped_engine(pilot),1e6267aed56a4fba91a50215560a698b,3,B,C,C,False,True,C,False,C,False,C,False,False,0
supergpqa_hard_pilot_seed42.jsonl,SuperGPQA-hard,shipped_engine(pilot),644c9b34ba504b098e1f27a5343df847,3,C,B,B,False,True,B,False,C,True,B,False,True,0
supergpqa_hard_pilot_seed42.jsonl,SuperGPQA-hard,shipped_engine(pilot),f4e38f53765c4c249769703d0ba24b3d,3,B,C,C,False,True,C,False,C,False,C,False,True,0
supergpqa_hard_pilot_seed42.jsonl,SuperGPQA-hard,shipped_engine(pilot),301e624803b94d4dad6828fb2310bdca,3,B,C,C,False,True,C,False,C,False,B,True,True,0
supergpqa_hard_pilot_seed42.jsonl,SuperGPQA-hard,shipped_engine(pilot),1948e331b8ba410b9717275eff8958ed,3,A,B,B,False,True,B,False,C,False,B,False,False,0
supergpqa_hard_pilot_seed42.jsonl,SuperGPQA-hard,shipped_engine(pilot),562abaf94b0e4999a6a2b27104ef8297,3,D,B,B,False,True,B,False,B,False,B,False,False,0
supergpqa_hard_pilot_seed42.jsonl,SuperGPQA-hard,shipped_engine(pilot),396c4ac5d5784036865383281513d239,3,B,D,D,False,True,D,False,D,False,D,False,False,0
supergpqa_hard_pilot_seed42.jsonl,SuperGPQA-hard,shipped_engine(pilot),54feae1e9cf54ae985fc5b07a79d864d,3,A,B,B,False,True,B,False,B,False,B,False,False,0
supergpqa_hard_pilot_seed42.jsonl,SuperGPQA-hard,shipped_engine(pilot),8cb1a3d68036488689cc6279ff47fd5a,3,D,C,C,False,True,C,False,C,False,C,False,False,0
supergpqa_hard_pilot_seed42.jsonl,SuperGPQA-hard,shipped_engine(pilot),468c654c940f438dafebc19b7ab77b1a,3,D,D,D,True,True,D,True,D,True,D,True,True,0
supergpqa_hard_pilot_seed42.jsonl,SuperGPQA-hard,shipped_engine(pilot),a782760c647f4ed8b56277449bbec5fa,3,C,D,D,False,True,D,False,D,False,D,False,False,0
supergpqa_hard_pilot_seed42.jsonl,SuperGPQA-hard,shipped_engine(pilot),a90f5627afb840dcb32c78b91d72bb9d,3,A,C,C,False,True,C,False,C,False,C,False,False,1
supergpqa_hard_pilot_seed42.jsonl,SuperGPQA-hard,shipped_engine(pilot),624ccf3cf3e144ccbe8f18ec921d686a,3,D,C,C,False,True,C,False,C,False,C,False,False,0
supergpqa_hard_pilot_seed42.jsonl,SuperGPQA-hard,shipped_engine(pilot),8c05de6e528f4219a5ca0f2c4d0ad747,3,B,D,D,False,True,D,False,A,False,D,False,False,0
supergpqa_hard_pilot_seed42.jsonl,SuperGPQA-hard,shipped_engine(pilot),bba0149a0e4e4fb2b289442bc74883ee,3,C,C,C,True,True,C,True,C,True,C,True,True,0
supergpqa_hard_pilot_seed42.jsonl,SuperGPQA-hard,shipped_engine(pilot),09f8f51f6b3b41d6b53b58f8232dfc20,3,C,C,C,True,True,C,True,C,True,C,True,True,0
supergpqa_hard_pilot_seed42.jsonl,SuperGPQA-hard,shipped_engine(pilot),9be741c434a348ef9eed758bb0b69347,3,A,D,D,False,True,D,False,D,False,D,False,True,0
supergpqa_hard_pilot_seed42.jsonl,SuperGPQA-hard,shipped_engine(pilot),b0c962e65001442ea12ea33cf2ab3c25,3,A,B,B,False,True,B,False,B,False,B,False,True,0
supergpqa_hard_pilot_seed42.jsonl,SuperGPQA-hard,shipped_engine(pilot),4da750a1226341988c648c97d601821e,3,C,A,A,False,True,A,False,A,False,A,False,False,0
supergpqa_hard_pilot_seed42.jsonl,SuperGPQA-hard,shipped_engine(pilot),42432d79d0af4c2fa1612e6ca53f2882,3,B,B,B,True,True,B,True,B,True,B,True,True,0
supergpqa_hard_pilot_seed42.jsonl,SuperGPQA-hard,shipped_engine(pilot),f94991ad92ec4a2793686b5fc3b6f5d1,3,D,D,D,True,True,D,True,D,True,D,True,True,0
supergpqa_hard_pilot_seed42.jsonl,SuperGPQA-hard,shipped_engine(pilot),8015afe9ebfa45388f4c8ec8d990e431,3,A,A,A,True,True,A,True,A,True,A,True,True,0
supergpqa_hard_pilot_seed42.jsonl,SuperGPQA-hard,shipped_engine(pilot),e015103613d84a6489a1867aa85f4f65,3,D,D,D,True,True,D,True,D,True,D,True,True,0
supergpqa_hard_pilot_seed42.jsonl,SuperGPQA-hard,shipped_engine(pilot),bb5212d584224509ab73a3304e906859,3,A,A,A,True,True,A,True,A,True,A,True,True,0
supergpqa_hard_pilot_seed42.jsonl,SuperGPQA-hard,shipped_engine(pilot),20ef016bd2514deeb9fc7667952dfb58,3,C,C,C,True,True,C,True,A,False,C,True,True,0
supergpqa_hard_pilot_seed42.jsonl,SuperGPQA-hard,shipped_engine(pilot),e4650932081741f68c95ce460a1cb60b,3,C,A,A,False,True,C,True,C,True,B,False,True,0
supergpqa_hard_pilot_seed42.jsonl,SuperGPQA-hard,shipped_engine(pilot),9149453edaf0461db9a37d0816015e3a,3,C,,,False,True,C,True,C,True,D,False,True,1
supergpqa_hard_pilot_seed42.jsonl,SuperGPQA-hard,shipped_engine(pilot),f7a2f5fbb748428baff111afe4464ab5,3,B,B,B,True,True,B,True,B,True,B,True,True,0
supergpqa_hard_pilot_seed42.jsonl,SuperGPQA-hard,shipped_engine(pilot),06eb007eee9f4e29a75bb5537d94bfba,3,C,C,C,True,True,C,True,C,True,C,True,True,0
supergpqa_hard_pilot_seed42.jsonl,SuperGPQA-hard,shipped_engine(pilot),73a3ff299dc040ad8e5ac743c66a1050,3,B,D,D,False,True,D,False,B,True,D,False,True,0
supergpqa_hard_pilot_seed42.jsonl,SuperGPQA-hard,shipped_engine(pilot),ca2b68f8198e4c41befc4a3ceee1a9bc,3,C,D,D,False,True,D,False,D,False,D,False,False,0
supergpqa_hard_pilot_seed42.jsonl,SuperGPQA-hard,shipped_engine(pilot),64a792c9306c4d659f4796d4abed795a,3,C,D,D,False,True,D,False,C,True,D,False,True,0
supergpqa_hard_pilot_seed42.jsonl,SuperGPQA-hard,shipped_engine(pilot),438f43de355a46e982a21abda8d4f152,3,A,C,C,False,True,C,False,C,False,C,False,False,0
supergpqa_hard_pilot_seed42.jsonl,SuperGPQA-hard,shipped_engine(pilot),983cda51b83847a8bf05440abd38e194,3,C,B,B,False,True,B,False,B,False,B,False,True,0
supergpqa_hard_pilot_seed42.jsonl,SuperGPQA-hard,shipped_engine(pilot),fb9042d1b91d4037b436629fccc2e322,3,C,C,C,True,True,C,True,C,True,C,True,True,0
supergpqa_hard_pilot_seed42.jsonl,SuperGPQA-hard,shipped_engine(pilot),e8f3f3605af14100a15b8c0a8c2f89fa,3,A,B,B,False,True,B,False,A,True,B,False,True,0
supergpqa_hard_pilot_seed42.jsonl,SuperGPQA-hard,shipped_engine(pilot),89c81fa5104e4d2580f05c3dc32fa11d,3,C,D,D,False,True,D,False,D,False,D,False,False,0
supergpqa_hard_pilot_seed42.jsonl,SuperGPQA-hard,shipped_engine(pilot),446a334636724901bdafdaa3501bbb49,3,B,B,B,True,True,B,True,B,True,B,True,True,0
supergpqa_hard_pilot_seed42.jsonl,SuperGPQA-hard,shipped_engine(pilot),23ad44902ff945798a7ff404a3bb98d3,3,B,D,D,False,True,D,False,D,False,D,False,False,0
supergpqa_hard_pilot_seed42.jsonl,SuperGPQA-hard,shipped_engine(pilot),9706c4ed64d346bdb4326a3951d46dbf,3,B,B,B,True,True,B,True,B,True,B,True,True,0
supergpqa_hard_pilot_seed42.jsonl,SuperGPQA-hard,shipped_engine(pilot),a596b66d08484915a5c1996add9b104d,3,A,D,D,False,True,D,False,D,False,C,False,False,0
supergpqa_hard_pilot_seed42.jsonl,SuperGPQA-hard,shipped_engine(pilot),325534796b254b3499202862368c0f5c,3,B,B,B,True,True,B,True,B,True,C,False,True,0
supergpqa_hard_pilot_seed42.jsonl,SuperGPQA-hard,shipped_engine(pilot),5cf02070572d4b8da047af4b587897e1,3,D,D,D,True,True,D,True,B,False,D,True,True,0
supergpqa_hard_pilot_seed42.jsonl,SuperGPQA-hard,shipped_engine(pilot),d8f80bece1864043a27ed1179ff8fe9f,3,C,B,B,False,True,B,False,C,True,B,False,True,0
supergpqa_hard_pilot_seed42.jsonl,SuperGPQA-hard,shipped_engine(pilot),14e7a5802c464cfc9e28aafee9fdfd42,3,A,A,A,True,True,A,True,A,True,D,False,True,0
supergpqa_hard_pilot_seed42.jsonl,SuperGPQA-hard,shipped_engine(pilot),980ca009cc1f4003b4647f0a9bb0289c,3,C,C,C,True,True,C,True,C,True,C,True,True,1
supergpqa_hard_pilot_seed42.jsonl,SuperGPQA-hard,shipped_engine(pilot),b4824b77747748cf8486b9e948899ef8,3,D,D,D,True,True,D,True,D,True,C,False,True,0
supergpqa_hard_pilot_seed42.jsonl,SuperGPQA-hard,shipped_engine(pilot),095ff35b087e416f9a2797a86611b4c2,3,A,B,B,False,True,B,False,B,False,B,False,False,0
supergpqa_hard_pilot_seed42.jsonl,SuperGPQA-hard,shipped_engine(pilot),c83eb03cf4be49dcb0b470fb5da66009,3,B,B,B,True,True,B,True,B,True,B,True,True,0
supergpqa_hard_pilot_seed42.jsonl,SuperGPQA-hard,shipped_engine(pilot),02606f10da9b4a91a734948a2f8f8cab,3,C,C,C,True,True,C,True,C,True,C,True,True,0
supergpqa_hard_pilot_seed42.jsonl,SuperGPQA-hard,shipped_engine(pilot),b278c269529d444e97014e86de71b135,3,C,C,C,True,True,C,True,C,True,C,True,True,0
supergpqa_hard_pilot_seed42.jsonl,SuperGPQA-hard,shipped_engine(pilot),fed1780eaf1f42a09ea63e89e1d18a41,3,D,B,B,False,True,B,False,B,False,B,False,False,0
supergpqa_hard_pilot_seed42.jsonl,SuperGPQA-hard,shipped_engine(pilot),e1b314d091334b5dbc93a0053e1313d5,3,D,C,C,False,True,C,False,C,False,C,False,True,0
supergpqa_hard_pilot_seed42.jsonl,SuperGPQA-hard,shipped_engine(pilot),30ca59713f1b4dc8a6f9e2be9261e168,3,C,A,A,False,True,A,False,A,False,A,False,False,0
supergpqa_hard_pilot_seed42.jsonl,SuperGPQA-hard,shipped_engine(pilot),8de4e96a88f546c78038f13b06b2a747,3,A,D,D,False,True,D,False,D,False,D,False,False,0
supergpqa_hard_pilot_seed42.jsonl,SuperGPQA-hard,shipped_engine(pilot),2ee372f987304fe882e13238d4c6925e,3,C,A,A,False,True,A,False,A,False,B,False,False,0
supergpqa_hard_pilot_seed42.jsonl,SuperGPQA-hard,shipped_engine(pilot),1bd477364f034265bdfe60d0b00b219a,3,B,B,B,True,True,B,True,B,True,D,False,True,0
supergpqa_hard_pilot_seed42.jsonl,SuperGPQA-hard,shipped_engine(pilot),f67699a734ca477eb153ad6d4f7f30e0,3,A,C,C,False,True,C,False,C,False,C,False,False,0
supergpqa_hard_pilot_seed42.jsonl,SuperGPQA-hard,shipped_engine(pilot),a909c0719f3e43b1a44afdbedc66cf68,3,C,A,A,False,True,A,False,A,False,D,False,True,0
supergpqa_hard_pilot_seed42.jsonl,SuperGPQA-hard,shipped_engine(pilot),3a1dc503ec92489c8b0dcbcf77e5b7ea,3,A,C,C,False,True,C,False,C,False,C,False,True,0
supergpqa_hard_pilot_seed42.jsonl,SuperGPQA-hard,shipped_engine(pilot),4817837b472e4795aa76b5e9b2dc1cc2,3,C,C,C,True,True,C,True,C,True,C,True,True,0
supergpqa_hard_pilot_seed42.jsonl,SuperGPQA-hard,shipped_engine(pilot),68a4b9f37a0a432886fe2c90c0c90466,3,D,D,D,True,True,D,True,D,True,A,False,True,0
