benchmark,question_id,k,r_correct,w_wrong,n_distinct_wrong_texts,stable,majority_wrong,configs
GPQA-Diamond,recyPffUDqC2k7ZZO,15,15,0,0,True,False,adhoc_check.jsonl:baseline_3.7max;adhoc_check.jsonl:shipped_engine(pilot);adhoc_check.jsonl:self_consistency_5x;lever_baseline_gpqa_seed217.jsonl:baseline_3.7max;lever_baseline_gpqa_seed314.jsonl:baseline_3.7max;lever_baseline_seed123.jsonl:baseline_3.7max;lever_chem_flagship_gate_gpqa_seed777.jsonl:chem_flagship_gate;lever_chem_flagship_gate_gpqa_seed888.jsonl:chem_flagship_gate;lever_chem_flagship_gate_seed555.jsonl:chem_flagship_gate;lever_chem_thinking_gate_gpqa_seed217.jsonl:chem_thinking_gate;lever_chem_thinking_gate_gpqa_seed314.jsonl:chem_thinking_gate;lever_smart_gate_seed123.jsonl:smart_gate;lever_thinking_gate_seed123.jsonl:thinking_gate;lever_universal_gate_gpqa_seed3407.jsonl:universal_gate;TB1_flagship1x_gpqa_seed3407.jsonl:baseline_3.7max
GPQA-Diamond,recmI7EiLv72PxmYK,38,36,2,2,False,False,adhoc_check.jsonl:baseline_3.7max;adhoc_check.jsonl:shipped_engine(pilot);adhoc_check.jsonl:self_consistency_5x;full_run2.jsonl:baseline_3.7max;full_run2.jsonl:shipped_engine(pilot);full_run2.jsonl:self_consistency_5x;lever_baseline_gpqa_seed314.jsonl:baseline_3.7max;lever_baseline_seed7.jsonl:baseline_3.7max;lever_chem_flagship_gate_gpqa_seed888.jsonl:chem_flagship_gate;lever_chem_thinking_gate_gpqa_seed314.jsonl:chem_thinking_gate;lever_combined_seed42.jsonl:combined;lever_combined_seed7.jsonl:combined;lever_control_seed7.jsonl:control;lever_control_seed7_replicate.jsonl:control;lever_five_seed42.jsonl:five;lever_flagship_panel_seed42.jsonl:flagship_panel;lever_flagship_panel_seed42_replicate.jsonl:flagship_panel;lever_flagship_panel_seed7.jsonl:flagship_panel;lever_qwen38_judge_gpqa_seed42.jsonl:qwen38_judge;lever_rag_presolve_gpqa_seed42.jsonl:rag_presolve;lever_subject_seed7.jsonl:subject;lever_thinking_all_seed42.jsonl:thinking_all;lever_thinking_all_seed7.jsonl:thinking_all;lever_thinking_gate_seed42.jsonl:thinking_gate;lever_thinking_gate_seed7.jsonl:thinking_gate;lever_thinking_seed42.jsonl:thinking;lever_thinking_seed7.jsonl:thinking;lever_universal_gate_gpqa_seed1001.jsonl:universal_gate;lever_universal_gate_gpqa_seed3407.jsonl:universal_gate;moo_m1_eval.jsonl:moo:standard-tribunal;moo_m1_eval.jsonl:moo:thinking_gate;moo_m1_eval.jsonl:moo:stem-max;moo_m1_eval.jsonl:moo:rag_presolve;moo_m1_eval.jsonl:moo:flagship_panel;moo_m1_eval.jsonl:moo:single-call;moo_m1_eval.jsonl:moo:rag_thinking_gate;TB1_flagship1x_gpqa_seed1001.jsonl:baseline_3.7max;TB1_flagship1x_gpqa_seed3407.jsonl:baseline_3.7max
GPQA-Diamond,recO3hvCWRGiG0odN,28,27,1,1,False,False,adhoc_check.jsonl:baseline_3.7max;adhoc_check.jsonl:shipped_engine(pilot);adhoc_check.jsonl:self_consistency_5x;full_run.jsonl:baseline_3.7max;full_run.jsonl:shipped_engine(pilot);full_run.jsonl:self_consistency_5x;full_run2.jsonl:baseline_3.7max;full_run2.jsonl:shipped_engine(pilot);full_run2.jsonl:self_consistency_5x;lever_baseline_gpqa_seed217.jsonl:baseline_3.7max;lever_baseline_gpqa_seed314.jsonl:baseline_3.7max;lever_chem_flagship_gate_gpqa_seed777.jsonl:chem_flagship_gate;lever_chem_flagship_gate_seed555.jsonl:chem_flagship_gate;lever_chem_thinking_gate_gpqa_seed217.jsonl:chem_thinking_gate;lever_chem_thinking_gate_gpqa_seed314.jsonl:chem_thinking_gate;lever_combined_seed42.jsonl:combined;lever_five_seed42.jsonl:five;lever_flagship_panel_seed42.jsonl:flagship_panel;lever_flagship_panel_seed42_replicate.jsonl:flagship_panel;lever_qwen38_judge_gpqa_seed42.jsonl:qwen38_judge;lever_rag_presolve_gpqa_seed42.jsonl:rag_presolve;lever_thinking_all_seed42.jsonl:thinking_all;lever_thinking_gate_seed42.jsonl:thinking_gate;lever_thinking_seed42.jsonl:thinking;lever_universal_gate_gpqa_seed1001.jsonl:universal_gate;lever_universal_gate_gpqa_seed3407.jsonl:universal_gate;TB1_flagship1x_gpqa_seed1001.jsonl:baseline_3.7max;TB1_flagship1x_gpqa_seed3407.jsonl:baseline_3.7max
GPQA-Diamond,recvZlMbpPz0yLDle,12,10,2,1,False,False,adhoc_check.jsonl:baseline_3.7max;adhoc_check.jsonl:shipped_engine(pilot);adhoc_check.jsonl:self_consistency_5x;lever_baseline_gpqa_seed314.jsonl:baseline_3.7max;lever_baseline_seed123.jsonl:baseline_3.7max;lever_chem_thinking_gate_gpqa_seed314.jsonl:chem_thinking_gate;lever_smart_gate_seed123.jsonl:smart_gate;lever_thinking_gate_seed123.jsonl:thinking_gate;lever_universal_gate_gpqa_seed1001.jsonl:universal_gate;lever_universal_gate_gpqa_seed3407.jsonl:universal_gate;TB1_flagship1x_gpqa_seed1001.jsonl:baseline_3.7max;TB1_flagship1x_gpqa_seed3407.jsonl:baseline_3.7max
GPQA-Diamond,recNuT2oSnO86bxOx,25,25,0,0,True,False,adhoc_check.jsonl:baseline_3.7max;adhoc_check.jsonl:shipped_engine(pilot);adhoc_check.jsonl:self_consistency_5x;full_run.jsonl:baseline_3.7max;full_run.jsonl:shipped_engine(pilot);full_run.jsonl:self_consistency_5x;full_run2.jsonl:baseline_3.7max;full_run2.jsonl:shipped_engine(pilot);full_run2.jsonl:self_consistency_5x;KI1BC_compute_matched_n9_gpqa_seed2311.jsonl:diversified_panel;lever_baseline_seed123.jsonl:baseline_3.7max;lever_chem_flagship_gate_seed555.jsonl:chem_flagship_gate;lever_combined_seed42.jsonl:combined;lever_five_seed42.jsonl:five;lever_flagship_panel_seed42.jsonl:flagship_panel;lever_flagship_panel_seed42_replicate.jsonl:flagship_panel;lever_qwen38_judge_gpqa_seed42.jsonl:qwen38_judge;lever_rag_presolve_gpqa_seed42.jsonl:rag_presolve;lever_smart_gate_seed123.jsonl:smart_gate;lever_thinking_all_seed42.jsonl:thinking_all;lever_thinking_gate_seed123.jsonl:thinking_gate;lever_thinking_gate_seed42.jsonl:thinking_gate;lever_thinking_seed42.jsonl:thinking;lever_universal_gate_gpqa_seed2311.jsonl:universal_gate;TB1_flagship1x_gpqa_seed2311.jsonl:baseline_3.7max
GPQA-Diamond,recDDxpS9s8cwkqfq,15,13,2,1,False,False,adhoc_check.jsonl:baseline_3.7max;adhoc_check.jsonl:shipped_engine(pilot);adhoc_check.jsonl:self_consistency_5x;lever_baseline_gpqa_seed471.jsonl:baseline_3.7max;lever_baseline_seed7.jsonl:baseline_3.7max;lever_chem_flagship_gate_gpqa_seed888.jsonl:chem_flagship_gate;lever_chem_thinking_gate_gpqa_seed471.jsonl:chem_thinking_gate;lever_combined_seed7.jsonl:combined;lever_control_seed7.jsonl:control;lever_control_seed7_replicate.jsonl:control;lever_flagship_panel_seed7.jsonl:flagship_panel;lever_subject_seed7.jsonl:subject;lever_thinking_all_seed7.jsonl:thinking_all;lever_thinking_gate_seed7.jsonl:thinking_gate;lever_thinking_seed7.jsonl:thinking
GPQA-Diamond,reccOKzFNmyqeJ6ry,32,31,1,1,False,False,adhoc_check.jsonl:baseline_3.7max;adhoc_check.jsonl:shipped_engine(pilot);adhoc_check.jsonl:self_consistency_5x;full_run.jsonl:baseline_3.7max;full_run.jsonl:shipped_engine(pilot);full_run.jsonl:self_consistency_5x;full_run2.jsonl:baseline_3.7max;full_run2.jsonl:shipped_engine(pilot);full_run2.jsonl:self_consistency_5x;lever_baseline_gpqa_seed471.jsonl:baseline_3.7max;lever_baseline_seed7.jsonl:baseline_3.7max;lever_chem_flagship_gate_seed555.jsonl:chem_flagship_gate;lever_chem_thinking_gate_gpqa_seed471.jsonl:chem_thinking_gate;lever_combined_seed42.jsonl:combined;lever_combined_seed7.jsonl:combined;lever_control_seed7.jsonl:control;lever_control_seed7_replicate.jsonl:control;lever_five_seed42.jsonl:five;lever_flagship_panel_seed42.jsonl:flagship_panel;lever_flagship_panel_seed42_replicate.jsonl:flagship_panel;lever_flagship_panel_seed7.jsonl:flagship_panel;lever_qwen38_judge_gpqa_seed42.jsonl:qwen38_judge;lever_rag_presolve_gpqa_seed42.jsonl:rag_presolve;lever_subject_seed7.jsonl:subject;lever_thinking_all_seed42.jsonl:thinking_all;lever_thinking_all_seed7.jsonl:thinking_all;lever_thinking_gate_seed42.jsonl:thinking_gate;lever_thinking_gate_seed7.jsonl:thinking_gate;lever_thinking_seed42.jsonl:thinking;lever_thinking_seed7.jsonl:thinking;lever_universal_gate_gpqa_seed3407.jsonl:universal_gate;TB1_flagship1x_gpqa_seed3407.jsonl:baseline_3.7max
GPQA-Diamond,recN4DY9Q5V03glmQ,5,4,1,1,False,False,adhoc_check.jsonl:baseline_3.7max;adhoc_check.jsonl:shipped_engine(pilot);adhoc_check.jsonl:self_consistency_5x;lever_universal_gate_gpqa_seed1001.jsonl:universal_gate;TB1_flagship1x_gpqa_seed1001.jsonl:baseline_3.7max
GPQA-Diamond,recnGEpF1srQpaqWq,28,25,3,1,False,False,adhoc_check.jsonl:baseline_3.7max;adhoc_check.jsonl:shipped_engine(pilot);adhoc_check.jsonl:self_consistency_5x;full_run.jsonl:baseline_3.7max;full_run.jsonl:shipped_engine(pilot);full_run.jsonl:self_consistency_5x;full_run2.jsonl:baseline_3.7max;full_run2.jsonl:shipped_engine(pilot);full_run2.jsonl:self_consistency_5x;lever_baseline_gpqa_seed217.jsonl:baseline_3.7max;lever_baseline_gpqa_seed314.jsonl:baseline_3.7max;lever_chem_thinking_gate_gpqa_seed217.jsonl:chem_thinking_gate;lever_chem_thinking_gate_gpqa_seed314.jsonl:chem_thinking_gate;lever_combined_seed42.jsonl:combined;lever_five_seed42.jsonl:five;lever_flagship_panel_seed42.jsonl:flagship_panel;lever_flagship_panel_seed42_replicate.jsonl:flagship_panel;lever_rag_presolve_gpqa_seed42.jsonl:rag_presolve;lever_thinking_all_seed42.jsonl:thinking_all;lever_thinking_gate_seed42.jsonl:thinking_gate;lever_thinking_seed42.jsonl:thinking;moo_m1_eval.jsonl:moo:stem-max;moo_m1_eval.jsonl:moo:standard-tribunal;moo_m1_eval.jsonl:moo:rag_presolve;moo_m1_eval.jsonl:moo:thinking_gate;moo_m1_eval.jsonl:moo:single-call;moo_m1_eval.jsonl:moo:rag_thinking_gate;moo_m1_eval.jsonl:moo:flagship_panel
SuperGPQA-hard,325534796b254b3499202862368c0f5c,12,11,1,1,False,False,compute_matched_control_supergpqa_seed123.jsonl:baseline_3.7max;compute_matched_control_supergpqa_seed42.jsonl:baseline_3.7max;lever_baseline_supergpqa_seed123.jsonl:baseline_3.7max;lever_baseline_supergpqa_seed42.jsonl:baseline_3.7max;lever_flagship_panel_supergpqa_seed123.jsonl:flagship_panel;lever_flagship_panel_supergpqa_seed42.jsonl:flagship_panel;lever_qwen38_panel_supergpqa_seed42.jsonl:qwen38_panel;lever_rag_presolve_supergpqa_seed123.jsonl:rag_presolve;lever_rag_presolve_supergpqa_seed42.jsonl:rag_presolve;lever_rag_recursive_supergpqa_seed42.jsonl:rag_recursive;supergpqa_hard_pilot_seed42.jsonl:baseline_3.7max;supergpqa_hard_pilot_seed42.jsonl:shipped_engine(pilot)
SuperGPQA-hard,28940f5e66204d6d8da272c94357c949,5,0,5,1,True,True,compute_matched_control_supergpqa_seed123.jsonl:baseline_3.7max;lever_baseline_supergpqa_seed123.jsonl:baseline_3.7max;lever_control_supergpqa_seed123.jsonl:control;lever_flagship_panel_supergpqa_seed123.jsonl:flagship_panel;lever_rag_presolve_supergpqa_seed123.jsonl:rag_presolve
SuperGPQA-hard,ea4794c5a4774d66b38264b39f2fe72d,5,4,1,1,False,False,compute_matched_control_supergpqa_seed123.jsonl:baseline_3.7max;lever_baseline_supergpqa_seed123.jsonl:baseline_3.7max;lever_control_supergpqa_seed123.jsonl:control;lever_flagship_panel_supergpqa_seed123.jsonl:flagship_panel;lever_rag_presolve_supergpqa_seed123.jsonl:rag_presolve
SuperGPQA-hard,f3dbbb1c935242e287d05399a283167a,19,0,19,3,False,True,compute_matched_control_supergpqa_seed123.jsonl:baseline_3.7max;compute_matched_control_supergpqa_seed42.jsonl:baseline_3.7max;lever_baseline_supergpqa_seed123.jsonl:baseline_3.7max;lever_baseline_supergpqa_seed42.jsonl:baseline_3.7max;lever_control_supergpqa_seed123.jsonl:control;lever_flagship_panel_supergpqa_seed123.jsonl:flagship_panel;lever_flagship_panel_supergpqa_seed42.jsonl:flagship_panel;lever_rag_presolve_supergpqa_seed123.jsonl:rag_presolve;lever_rag_presolve_supergpqa_seed42.jsonl:rag_presolve;lever_rag_recursive_supergpqa_seed42.jsonl:rag_recursive;moo_m1_eval.jsonl:moo:standard-tribunal;moo_m1_eval.jsonl:moo:rag_presolve;moo_m1_eval.jsonl:moo:flagship_panel;moo_m1_eval.jsonl:moo:single-call;moo_m1_eval.jsonl:moo:thinking_gate;moo_m1_eval.jsonl:moo:stem-max;moo_m1_eval.jsonl:moo:rag_thinking_gate;supergpqa_hard_pilot_seed42.jsonl:baseline_3.7max;supergpqa_hard_pilot_seed42.jsonl:shipped_engine(pilot)
SuperGPQA-hard,c4f6b8482b184c0b98b6d72d00204932,11,10,1,1,False,False,compute_matched_control_supergpqa_seed123.jsonl:baseline_3.7max;compute_matched_control_supergpqa_seed7.jsonl:baseline_3.7max;lever_baseline_supergpqa_seed123.jsonl:baseline_3.7max;lever_baseline_supergpqa_seed7.jsonl:baseline_3.7max;lever_control_supergpqa_seed123.jsonl:control;lever_control_supergpqa_seed7.jsonl:control;lever_flagship_panel_supergpqa_seed123.jsonl:flagship_panel;lever_flagship_panel_supergpqa_seed7.jsonl:flagship_panel;lever_rag_presolve_supergpqa_seed123.jsonl:rag_presolve;lever_rag_presolve_supergpqa_seed7.jsonl:rag_presolve;TB1B_universal_gate_supergpqa_seed7.jsonl:universal_gate
SuperGPQA-hard,e459d523e32a40e483fa37877ae37dd7,5,5,0,0,True,False,compute_matched_control_supergpqa_seed123.jsonl:baseline_3.7max;lever_baseline_supergpqa_seed123.jsonl:baseline_3.7max;lever_control_supergpqa_seed123.jsonl:control;lever_flagship_panel_supergpqa_seed123.jsonl:flagship_panel;lever_rag_presolve_supergpqa_seed123.jsonl:rag_presolve
SuperGPQA-hard,3379eb264f7a44fcbb8967c1257d8ef1,5,4,1,1,False,False,compute_matched_control_supergpqa_seed123.jsonl:baseline_3.7max;lever_baseline_supergpqa_seed123.jsonl:baseline_3.7max;lever_control_supergpqa_seed123.jsonl:control;lever_flagship_panel_supergpqa_seed123.jsonl:flagship_panel;lever_rag_presolve_supergpqa_seed123.jsonl:rag_presolve
SuperGPQA-hard,a171bbfccbe24401a400031c59b4af26,5,5,0,0,True,False,compute_matched_control_supergpqa_seed123.jsonl:baseline_3.7max;lever_baseline_supergpqa_seed123.jsonl:baseline_3.7max;lever_control_supergpqa_seed123.jsonl:control;lever_flagship_panel_supergpqa_seed123.jsonl:flagship_panel;lever_rag_presolve_supergpqa_seed123.jsonl:rag_presolve
SuperGPQA-hard,cef6e3a767534afab6be3925eee3908f,5,5,0,0,True,False,compute_matched_control_supergpqa_seed123.jsonl:baseline_3.7max;lever_baseline_supergpqa_seed123.jsonl:baseline_3.7max;lever_control_supergpqa_seed123.jsonl:control;lever_flagship_panel_supergpqa_seed123.jsonl:flagship_panel;lever_rag_presolve_supergpqa_seed123.jsonl:rag_presolve
SuperGPQA-hard,8e138fad2c6a4a5d94d6c17aa87bd47e,5,1,4,1,False,True,compute_matched_control_supergpqa_seed123.jsonl:baseline_3.7max;lever_baseline_supergpqa_seed123.jsonl:baseline_3.7max;lever_control_supergpqa_seed123.jsonl:control;lever_flagship_panel_supergpqa_seed123.jsonl:flagship_panel;lever_rag_presolve_supergpqa_seed123.jsonl:rag_presolve
SuperGPQA-hard,93fb85fa16e54fffb106e0e8b6ea0a41,5,3,2,1,False,False,compute_matched_control_supergpqa_seed123.jsonl:baseline_3.7max;lever_baseline_supergpqa_seed123.jsonl:baseline_3.7max;lever_control_supergpqa_seed123.jsonl:control;lever_flagship_panel_supergpqa_seed123.jsonl:flagship_panel;lever_rag_presolve_supergpqa_seed123.jsonl:rag_presolve
SuperGPQA-hard,9bffaf0a268949899e234cf7a4299f16,5,0,5,2,False,True,compute_matched_control_supergpqa_seed123.jsonl:baseline_3.7max;lever_baseline_supergpqa_seed123.jsonl:baseline_3.7max;lever_control_supergpqa_seed123.jsonl:control;lever_flagship_panel_supergpqa_seed123.jsonl:flagship_panel;lever_rag_presolve_supergpqa_seed123.jsonl:rag_presolve
SuperGPQA-hard,03ccb89aa12341928fc94ffc1721820d,5,4,1,1,False,False,compute_matched_control_supergpqa_seed123.jsonl:baseline_3.7max;lever_baseline_supergpqa_seed123.jsonl:baseline_3.7max;lever_control_supergpqa_seed123.jsonl:control;lever_flagship_panel_supergpqa_seed123.jsonl:flagship_panel;lever_rag_presolve_supergpqa_seed123.jsonl:rag_presolve
SuperGPQA-hard,b586d22adc1340dcb0af3966063009ee,5,3,2,1,False,False,compute_matched_control_supergpqa_seed123.jsonl:baseline_3.7max;lever_baseline_supergpqa_seed123.jsonl:baseline_3.7max;lever_control_supergpqa_seed123.jsonl:control;lever_flagship_panel_supergpqa_seed123.jsonl:flagship_panel;lever_rag_presolve_supergpqa_seed123.jsonl:rag_presolve
SuperGPQA-hard,e7ed8b4f392140368530a851521d82e0,5,0,5,2,False,True,compute_matched_control_supergpqa_seed123.jsonl:baseline_3.7max;lever_baseline_supergpqa_seed123.jsonl:baseline_3.7max;lever_control_supergpqa_seed123.jsonl:control;lever_flagship_panel_supergpqa_seed123.jsonl:flagship_panel;lever_rag_presolve_supergpqa_seed123.jsonl:rag_presolve
SuperGPQA-hard,10e238c23efe47cf85d9718dfea21752,5,0,5,2,False,True,compute_matched_control_supergpqa_seed123.jsonl:baseline_3.7max;lever_baseline_supergpqa_seed123.jsonl:baseline_3.7max;lever_control_supergpqa_seed123.jsonl:control;lever_flagship_panel_supergpqa_seed123.jsonl:flagship_panel;lever_rag_presolve_supergpqa_seed123.jsonl:rag_presolve
SuperGPQA-hard,23e717d973b547e1839a1e41467174ad,4,1,3,2,False,True,compute_matched_control_supergpqa_seed123.jsonl:baseline_3.7max;lever_baseline_supergpqa_seed123.jsonl:baseline_3.7max;lever_control_supergpqa_seed123.jsonl:control;lever_rag_presolve_supergpqa_seed123.jsonl:rag_presolve
SuperGPQA-hard,43b85949f89c4ced866cc8222329c0d5,5,5,0,0,True,False,compute_matched_control_supergpqa_seed123.jsonl:baseline_3.7max;lever_baseline_supergpqa_seed123.jsonl:baseline_3.7max;lever_control_supergpqa_seed123.jsonl:control;lever_flagship_panel_supergpqa_seed123.jsonl:flagship_panel;lever_rag_presolve_supergpqa_seed123.jsonl:rag_presolve
SuperGPQA-hard,937e75090a8a4e4f8dd14f6330f14ed4,8,8,0,0,True,False,compute_matched_control_supergpqa_seed123.jsonl:baseline_3.7max;lever_baseline_supergpqa_seed123.jsonl:baseline_3.7max;lever_control_supergpqa_seed123.jsonl:control;lever_control_supergpqa_seed271.jsonl:control;lever_flagship_panel_supergpqa_seed123.jsonl:flagship_panel;lever_rag_presolve_supergpqa_seed123.jsonl:rag_presolve;lever_rag_presolve_supergpqa_seed271.jsonl:rag_presolve;lever_rag_thinking_gate_supergpqa_seed271.jsonl:rag_thinking_gate
SuperGPQA-hard,27a902f1fd954aef804640412578914b,5,5,0,0,True,False,compute_matched_control_supergpqa_seed123.jsonl:baseline_3.7max;lever_baseline_supergpqa_seed123.jsonl:baseline_3.7max;lever_control_supergpqa_seed123.jsonl:control;lever_flagship_panel_supergpqa_seed123.jsonl:flagship_panel;lever_rag_presolve_supergpqa_seed123.jsonl:rag_presolve
SuperGPQA-hard,53185f05190546179a849bb17515c3b5,5,5,0,0,True,False,compute_matched_control_supergpqa_seed123.jsonl:baseline_3.7max;lever_baseline_supergpqa_seed123.jsonl:baseline_3.7max;lever_control_supergpqa_seed123.jsonl:control;lever_flagship_panel_supergpqa_seed123.jsonl:flagship_panel;lever_rag_presolve_supergpqa_seed123.jsonl:rag_presolve
SuperGPQA-hard,4a0b44d076df4b458538e29e594ab4a8,5,5,0,0,True,False,compute_matched_control_supergpqa_seed123.jsonl:baseline_3.7max;lever_baseline_supergpqa_seed123.jsonl:baseline_3.7max;lever_control_supergpqa_seed123.jsonl:control;lever_flagship_panel_supergpqa_seed123.jsonl:flagship_panel;lever_rag_presolve_supergpqa_seed123.jsonl:rag_presolve
SuperGPQA-hard,345786092a354c1e90c6b2004b9d5719,5,4,1,1,False,False,compute_matched_control_supergpqa_seed123.jsonl:baseline_3.7max;lever_baseline_supergpqa_seed123.jsonl:baseline_3.7max;lever_control_supergpqa_seed123.jsonl:control;lever_flagship_panel_supergpqa_seed123.jsonl:flagship_panel;lever_rag_presolve_supergpqa_seed123.jsonl:rag_presolve
SuperGPQA-hard,0798fd9db4e14572a71233e3b6e3acbd,5,4,1,1,False,False,compute_matched_control_supergpqa_seed123.jsonl:baseline_3.7max;lever_baseline_supergpqa_seed123.jsonl:baseline_3.7max;lever_control_supergpqa_seed123.jsonl:control;lever_flagship_panel_supergpqa_seed123.jsonl:flagship_panel;lever_rag_presolve_supergpqa_seed123.jsonl:rag_presolve
SuperGPQA-hard,b389bd8fda16458da390b0aeefa9328c,11,11,0,0,True,False,compute_matched_control_supergpqa_seed123.jsonl:baseline_3.7max;compute_matched_control_supergpqa_seed7.jsonl:baseline_3.7max;lever_baseline_supergpqa_seed123.jsonl:baseline_3.7max;lever_baseline_supergpqa_seed7.jsonl:baseline_3.7max;lever_control_supergpqa_seed123.jsonl:control;lever_control_supergpqa_seed7.jsonl:control;lever_flagship_panel_supergpqa_seed123.jsonl:flagship_panel;lever_flagship_panel_supergpqa_seed7.jsonl:flagship_panel;lever_rag_presolve_supergpqa_seed123.jsonl:rag_presolve;lever_rag_presolve_supergpqa_seed7.jsonl:rag_presolve;TB1B_universal_gate_supergpqa_seed7.jsonl:universal_gate
SuperGPQA-hard,b3743d924802472a989b477f6b0345af,4,4,0,0,True,False,compute_matched_control_supergpqa_seed123.jsonl:baseline_3.7max;lever_baseline_supergpqa_seed123.jsonl:baseline_3.7max;lever_control_supergpqa_seed123.jsonl:control;lever_flagship_panel_supergpqa_seed123.jsonl:flagship_panel
SuperGPQA-hard,287b698ee9404cd9bca05074a5f2e382,5,5,0,0,True,False,compute_matched_control_supergpqa_seed123.jsonl:baseline_3.7max;lever_baseline_supergpqa_seed123.jsonl:baseline_3.7max;lever_control_supergpqa_seed123.jsonl:control;lever_flagship_panel_supergpqa_seed123.jsonl:flagship_panel;lever_rag_presolve_supergpqa_seed123.jsonl:rag_presolve
SuperGPQA-hard,7a9df24be1fa4c2ebb1d80d46daf7203,5,4,1,1,False,False,compute_matched_control_supergpqa_seed123.jsonl:baseline_3.7max;lever_baseline_supergpqa_seed123.jsonl:baseline_3.7max;lever_control_supergpqa_seed123.jsonl:control;lever_flagship_panel_supergpqa_seed123.jsonl:flagship_panel;lever_rag_presolve_supergpqa_seed123.jsonl:rag_presolve
SuperGPQA-hard,2e1738795281443cbc6067913cc2162b,5,3,2,1,False,False,compute_matched_control_supergpqa_seed123.jsonl:baseline_3.7max;lever_baseline_supergpqa_seed123.jsonl:baseline_3.7max;lever_control_supergpqa_seed123.jsonl:control;lever_flagship_panel_supergpqa_seed123.jsonl:flagship_panel;lever_rag_presolve_supergpqa_seed123.jsonl:rag_presolve
SuperGPQA-hard,2dc1e5336b3c4da59b7bdd773371ed9b,5,5,0,0,True,False,compute_matched_control_supergpqa_seed123.jsonl:baseline_3.7max;lever_baseline_supergpqa_seed123.jsonl:baseline_3.7max;lever_control_supergpqa_seed123.jsonl:control;lever_flagship_panel_supergpqa_seed123.jsonl:flagship_panel;lever_rag_presolve_supergpqa_seed123.jsonl:rag_presolve
SuperGPQA-hard,45337265a83048bc99fd9c20a79a4937,5,4,1,1,False,False,compute_matched_control_supergpqa_seed123.jsonl:baseline_3.7max;lever_baseline_supergpqa_seed123.jsonl:baseline_3.7max;lever_control_supergpqa_seed123.jsonl:control;lever_flagship_panel_supergpqa_seed123.jsonl:flagship_panel;lever_rag_presolve_supergpqa_seed123.jsonl:rag_presolve
SuperGPQA-hard,0c5b12065dff42d386db06e43ed8b632,5,4,1,1,False,False,compute_matched_control_supergpqa_seed123.jsonl:baseline_3.7max;lever_baseline_supergpqa_seed123.jsonl:baseline_3.7max;lever_control_supergpqa_seed123.jsonl:control;lever_flagship_panel_supergpqa_seed123.jsonl:flagship_panel;lever_rag_presolve_supergpqa_seed123.jsonl:rag_presolve
SuperGPQA-hard,f36a5f7ac1104f8f976b65b4bb352cc6,5,5,0,0,True,False,compute_matched_control_supergpqa_seed123.jsonl:baseline_3.7max;lever_baseline_supergpqa_seed123.jsonl:baseline_3.7max;lever_control_supergpqa_seed123.jsonl:control;lever_flagship_panel_supergpqa_seed123.jsonl:flagship_panel;lever_rag_presolve_supergpqa_seed123.jsonl:rag_presolve
SuperGPQA-hard,5e95ac70fd304758a6bd82c6230f0ebc,5,4,1,1,False,False,compute_matched_control_supergpqa_seed123.jsonl:baseline_3.7max;lever_baseline_supergpqa_seed123.jsonl:baseline_3.7max;lever_control_supergpqa_seed123.jsonl:control;lever_flagship_panel_supergpqa_seed123.jsonl:flagship_panel;lever_rag_presolve_supergpqa_seed123.jsonl:rag_presolve
SuperGPQA-hard,f0cb01ea21ce4febb636008055080398,5,5,0,0,True,False,compute_matched_control_supergpqa_seed123.jsonl:baseline_3.7max;lever_baseline_supergpqa_seed123.jsonl:baseline_3.7max;lever_control_supergpqa_seed123.jsonl:control;lever_flagship_panel_supergpqa_seed123.jsonl:flagship_panel;lever_rag_presolve_supergpqa_seed123.jsonl:rag_presolve
SuperGPQA-hard,f5746a6b252a42cdb64cd25fe623a7b6,3,3,0,0,True,False,compute_matched_control_supergpqa_seed123.jsonl:baseline_3.7max;lever_baseline_supergpqa_seed123.jsonl:baseline_3.7max;lever_rag_presolve_supergpqa_seed123.jsonl:rag_presolve
SuperGPQA-hard,01eb5d6dafa04f91b785e456c88d12d7,5,0,5,1,True,True,compute_matched_control_supergpqa_seed123.jsonl:baseline_3.7max;lever_baseline_supergpqa_seed123.jsonl:baseline_3.7max;lever_control_supergpqa_seed123.jsonl:control;lever_flagship_panel_supergpqa_seed123.jsonl:flagship_panel;lever_rag_presolve_supergpqa_seed123.jsonl:rag_presolve
SuperGPQA-hard,7becb6c49d3d402686a0eafc9041a91f,5,5,0,0,True,False,compute_matched_control_supergpqa_seed123.jsonl:baseline_3.7max;lever_baseline_supergpqa_seed123.jsonl:baseline_3.7max;lever_control_supergpqa_seed123.jsonl:control;lever_flagship_panel_supergpqa_seed123.jsonl:flagship_panel;lever_rag_presolve_supergpqa_seed123.jsonl:rag_presolve
SuperGPQA-hard,c7d8cdb8547648f0aebb0de1e9d33105,5,5,0,0,True,False,compute_matched_control_supergpqa_seed123.jsonl:baseline_3.7max;lever_baseline_supergpqa_seed123.jsonl:baseline_3.7max;lever_control_supergpqa_seed123.jsonl:control;lever_flagship_panel_supergpqa_seed123.jsonl:flagship_panel;lever_rag_presolve_supergpqa_seed123.jsonl:rag_presolve
SuperGPQA-hard,904a4aeefbb644f684bed204a8647109,5,5,0,0,True,False,compute_matched_control_supergpqa_seed123.jsonl:baseline_3.7max;lever_baseline_supergpqa_seed123.jsonl:baseline_3.7max;lever_control_supergpqa_seed123.jsonl:control;lever_flagship_panel_supergpqa_seed123.jsonl:flagship_panel;lever_rag_presolve_supergpqa_seed123.jsonl:rag_presolve
SuperGPQA-hard,0619ff74bac54d10a1912900ca5901d7,5,0,5,1,True,True,compute_matched_control_supergpqa_seed123.jsonl:baseline_3.7max;lever_baseline_supergpqa_seed123.jsonl:baseline_3.7max;lever_control_supergpqa_seed123.jsonl:control;lever_flagship_panel_supergpqa_seed123.jsonl:flagship_panel;lever_rag_presolve_supergpqa_seed123.jsonl:rag_presolve
SuperGPQA-hard,405821e0aa2f42c594b673d3e1273026,5,0,5,1,True,True,compute_matched_control_supergpqa_seed123.jsonl:baseline_3.7max;lever_baseline_supergpqa_seed123.jsonl:baseline_3.7max;lever_control_supergpqa_seed123.jsonl:control;lever_flagship_panel_supergpqa_seed123.jsonl:flagship_panel;lever_rag_presolve_supergpqa_seed123.jsonl:rag_presolve
SuperGPQA-hard,abcb96943b3241f5bda9f3b6765fe5a0,5,5,0,0,True,False,compute_matched_control_supergpqa_seed123.jsonl:baseline_3.7max;lever_baseline_supergpqa_seed123.jsonl:baseline_3.7max;lever_control_supergpqa_seed123.jsonl:control;lever_flagship_panel_supergpqa_seed123.jsonl:flagship_panel;lever_rag_presolve_supergpqa_seed123.jsonl:rag_presolve
SuperGPQA-hard,60568684a6c7436cb002aaaae1224044,5,5,0,0,True,False,compute_matched_control_supergpqa_seed123.jsonl:baseline_3.7max;lever_baseline_supergpqa_seed123.jsonl:baseline_3.7max;lever_control_supergpqa_seed123.jsonl:control;lever_flagship_panel_supergpqa_seed123.jsonl:flagship_panel;lever_rag_presolve_supergpqa_seed123.jsonl:rag_presolve
SuperGPQA-hard,5e20b93a9d8e4171836aa1e0e5320730,5,4,1,1,False,False,compute_matched_control_supergpqa_seed123.jsonl:baseline_3.7max;lever_baseline_supergpqa_seed123.jsonl:baseline_3.7max;lever_control_supergpqa_seed123.jsonl:control;lever_flagship_panel_supergpqa_seed123.jsonl:flagship_panel;lever_rag_presolve_supergpqa_seed123.jsonl:rag_presolve
SuperGPQA-hard,48de38a79dd148da89ca4bf92c8bddd1,5,4,1,1,False,False,compute_matched_control_supergpqa_seed123.jsonl:baseline_3.7max;lever_baseline_supergpqa_seed123.jsonl:baseline_3.7max;lever_control_supergpqa_seed123.jsonl:control;lever_flagship_panel_supergpqa_seed123.jsonl:flagship_panel;lever_rag_presolve_supergpqa_seed123.jsonl:rag_presolve
SuperGPQA-hard,67737a767408432796a707a8a10d859b,5,5,0,0,True,False,compute_matched_control_supergpqa_seed123.jsonl:baseline_3.7max;lever_baseline_supergpqa_seed123.jsonl:baseline_3.7max;lever_control_supergpqa_seed123.jsonl:control;lever_flagship_panel_supergpqa_seed123.jsonl:flagship_panel;lever_rag_presolve_supergpqa_seed123.jsonl:rag_presolve
SuperGPQA-hard,a4c88f95e21f4fb4bcb82fb49377a5d5,5,3,2,1,False,False,compute_matched_control_supergpqa_seed123.jsonl:baseline_3.7max;lever_baseline_supergpqa_seed123.jsonl:baseline_3.7max;lever_control_supergpqa_seed123.jsonl:control;lever_flagship_panel_supergpqa_seed123.jsonl:flagship_panel;lever_rag_presolve_supergpqa_seed123.jsonl:rag_presolve
SuperGPQA-hard,f4c026d1f3e945a5a3829d02351a7560,5,5,0,0,True,False,compute_matched_control_supergpqa_seed123.jsonl:baseline_3.7max;lever_baseline_supergpqa_seed123.jsonl:baseline_3.7max;lever_control_supergpqa_seed123.jsonl:control;lever_flagship_panel_supergpqa_seed123.jsonl:flagship_panel;lever_rag_presolve_supergpqa_seed123.jsonl:rag_presolve
SuperGPQA-hard,505cf024c3d34a8cad5631b7c487733c,4,4,0,0,True,False,compute_matched_control_supergpqa_seed123.jsonl:baseline_3.7max;lever_baseline_supergpqa_seed123.jsonl:baseline_3.7max;lever_control_supergpqa_seed123.jsonl:control;lever_rag_presolve_supergpqa_seed123.jsonl:rag_presolve
SuperGPQA-hard,b41fbe0149264bc98901fdcaa06e84d7,5,5,0,0,True,False,compute_matched_control_supergpqa_seed123.jsonl:baseline_3.7max;lever_baseline_supergpqa_seed123.jsonl:baseline_3.7max;lever_control_supergpqa_seed123.jsonl:control;lever_flagship_panel_supergpqa_seed123.jsonl:flagship_panel;lever_rag_presolve_supergpqa_seed123.jsonl:rag_presolve
SuperGPQA-hard,d008e4e5fa3740599a6cdbb6afef7e06,5,5,0,0,True,False,compute_matched_control_supergpqa_seed123.jsonl:baseline_3.7max;lever_baseline_supergpqa_seed123.jsonl:baseline_3.7max;lever_control_supergpqa_seed123.jsonl:control;lever_flagship_panel_supergpqa_seed123.jsonl:flagship_panel;lever_rag_presolve_supergpqa_seed123.jsonl:rag_presolve
SuperGPQA-hard,7cba4178aa2b47d8abd5c11113bcd92f,5,4,1,1,False,False,compute_matched_control_supergpqa_seed123.jsonl:baseline_3.7max;lever_baseline_supergpqa_seed123.jsonl:baseline_3.7max;lever_control_supergpqa_seed123.jsonl:control;lever_flagship_panel_supergpqa_seed123.jsonl:flagship_panel;lever_rag_presolve_supergpqa_seed123.jsonl:rag_presolve
SuperGPQA-hard,3f8989b3db06466787aa75da59bd29f5,5,0,5,2,False,True,compute_matched_control_supergpqa_seed123.jsonl:baseline_3.7max;lever_baseline_supergpqa_seed123.jsonl:baseline_3.7max;lever_control_supergpqa_seed123.jsonl:control;lever_flagship_panel_supergpqa_seed123.jsonl:flagship_panel;lever_rag_presolve_supergpqa_seed123.jsonl:rag_presolve
SuperGPQA-hard,4284e998fada4c82963c98155b243a6d,5,0,5,2,False,True,compute_matched_control_supergpqa_seed123.jsonl:baseline_3.7max;lever_baseline_supergpqa_seed123.jsonl:baseline_3.7max;lever_control_supergpqa_seed123.jsonl:control;lever_flagship_panel_supergpqa_seed123.jsonl:flagship_panel;lever_rag_presolve_supergpqa_seed123.jsonl:rag_presolve
SuperGPQA-hard,00f8026cfff64ca1b556ed8e3ee5084b,5,5,0,0,True,False,compute_matched_control_supergpqa_seed123.jsonl:baseline_3.7max;lever_baseline_supergpqa_seed123.jsonl:baseline_3.7max;lever_control_supergpqa_seed123.jsonl:control;lever_flagship_panel_supergpqa_seed123.jsonl:flagship_panel;lever_rag_presolve_supergpqa_seed123.jsonl:rag_presolve
SuperGPQA-hard,a4d720c59e7844a792c74c8f11f39f32,5,4,1,1,False,False,compute_matched_control_supergpqa_seed123.jsonl:baseline_3.7max;lever_baseline_supergpqa_seed123.jsonl:baseline_3.7max;lever_control_supergpqa_seed123.jsonl:control;lever_flagship_panel_supergpqa_seed123.jsonl:flagship_panel;lever_rag_presolve_supergpqa_seed123.jsonl:rag_presolve
SuperGPQA-hard,3c4c69c60cc840138881e84e7dfc53c2,5,0,5,1,True,True,compute_matched_control_supergpqa_seed123.jsonl:baseline_3.7max;lever_baseline_supergpqa_seed123.jsonl:baseline_3.7max;lever_control_supergpqa_seed123.jsonl:control;lever_flagship_panel_supergpqa_seed123.jsonl:flagship_panel;lever_rag_presolve_supergpqa_seed123.jsonl:rag_presolve
SuperGPQA-hard,1bc58f1386a149d9978e41488ed96e44,5,5,0,0,True,False,compute_matched_control_supergpqa_seed123.jsonl:baseline_3.7max;lever_baseline_supergpqa_seed123.jsonl:baseline_3.7max;lever_control_supergpqa_seed123.jsonl:control;lever_flagship_panel_supergpqa_seed123.jsonl:flagship_panel;lever_rag_presolve_supergpqa_seed123.jsonl:rag_presolve
SuperGPQA-hard,7753d398f364454d84d42d1d81b3537b,5,5,0,0,True,False,compute_matched_control_supergpqa_seed123.jsonl:baseline_3.7max;lever_baseline_supergpqa_seed123.jsonl:baseline_3.7max;lever_control_supergpqa_seed123.jsonl:control;lever_flagship_panel_supergpqa_seed123.jsonl:flagship_panel;lever_rag_presolve_supergpqa_seed123.jsonl:rag_presolve
SuperGPQA-hard,19216cc8085c4e9089ba5d9e765fc373,5,5,0,0,True,False,compute_matched_control_supergpqa_seed123.jsonl:baseline_3.7max;lever_baseline_supergpqa_seed123.jsonl:baseline_3.7max;lever_control_supergpqa_seed123.jsonl:control;lever_flagship_panel_supergpqa_seed123.jsonl:flagship_panel;lever_rag_presolve_supergpqa_seed123.jsonl:rag_presolve
SuperGPQA-hard,88525de50e7d4b47830c6eb98c9f17d2,5,5,0,0,True,False,compute_matched_control_supergpqa_seed123.jsonl:baseline_3.7max;lever_baseline_supergpqa_seed123.jsonl:baseline_3.7max;lever_control_supergpqa_seed123.jsonl:control;lever_flagship_panel_supergpqa_seed123.jsonl:flagship_panel;lever_rag_presolve_supergpqa_seed123.jsonl:rag_presolve
SuperGPQA-hard,d99bd9be83bd49ea8a9da3bf863bbd5f,4,3,1,1,False,False,compute_matched_control_supergpqa_seed123.jsonl:baseline_3.7max;lever_baseline_supergpqa_seed123.jsonl:baseline_3.7max;lever_control_supergpqa_seed123.jsonl:control;lever_rag_presolve_supergpqa_seed123.jsonl:rag_presolve
SuperGPQA-hard,c134c966d6d04da0b1d6b1a268a70744,5,3,2,1,False,False,compute_matched_control_supergpqa_seed123.jsonl:baseline_3.7max;lever_baseline_supergpqa_seed123.jsonl:baseline_3.7max;lever_control_supergpqa_seed123.jsonl:control;lever_flagship_panel_supergpqa_seed123.jsonl:flagship_panel;lever_rag_presolve_supergpqa_seed123.jsonl:rag_presolve
SuperGPQA-hard,a1fe1674694645b8914102f518ba1dbd,5,5,0,0,True,False,compute_matched_control_supergpqa_seed123.jsonl:baseline_3.7max;lever_baseline_supergpqa_seed123.jsonl:baseline_3.7max;lever_control_supergpqa_seed123.jsonl:control;lever_flagship_panel_supergpqa_seed123.jsonl:flagship_panel;lever_rag_presolve_supergpqa_seed123.jsonl:rag_presolve
SuperGPQA-hard,be49b5e8f608434db1b5147ca20fb19b,5,5,0,0,True,False,compute_matched_control_supergpqa_seed123.jsonl:baseline_3.7max;lever_baseline_supergpqa_seed123.jsonl:baseline_3.7max;lever_control_supergpqa_seed123.jsonl:control;lever_flagship_panel_supergpqa_seed123.jsonl:flagship_panel;lever_rag_presolve_supergpqa_seed123.jsonl:rag_presolve
SuperGPQA-hard,b3d0389dfc294bc2a3a305710907635c,5,5,0,0,True,False,compute_matched_control_supergpqa_seed123.jsonl:baseline_3.7max;lever_baseline_supergpqa_seed123.jsonl:baseline_3.7max;lever_control_supergpqa_seed123.jsonl:control;lever_flagship_panel_supergpqa_seed123.jsonl:flagship_panel;lever_rag_presolve_supergpqa_seed123.jsonl:rag_presolve
SuperGPQA-hard,e1fab0b4cf6d474bb0f67c5b31a8820a,5,4,1,1,False,False,compute_matched_control_supergpqa_seed123.jsonl:baseline_3.7max;lever_baseline_supergpqa_seed123.jsonl:baseline_3.7max;lever_control_supergpqa_seed123.jsonl:control;lever_flagship_panel_supergpqa_seed123.jsonl:flagship_panel;lever_rag_presolve_supergpqa_seed123.jsonl:rag_presolve
SuperGPQA-hard,80ecabf1688e4be3bb3f9c0181947167,5,4,1,1,False,False,compute_matched_control_supergpqa_seed123.jsonl:baseline_3.7max;lever_baseline_supergpqa_seed123.jsonl:baseline_3.7max;lever_control_supergpqa_seed123.jsonl:control;lever_flagship_panel_supergpqa_seed123.jsonl:flagship_panel;lever_rag_presolve_supergpqa_seed123.jsonl:rag_presolve
SuperGPQA-hard,e26b923888d1415f9c76de764ba146b0,5,0,5,1,True,True,compute_matched_control_supergpqa_seed123.jsonl:baseline_3.7max;lever_baseline_supergpqa_seed123.jsonl:baseline_3.7max;lever_control_supergpqa_seed123.jsonl:control;lever_flagship_panel_supergpqa_seed123.jsonl:flagship_panel;lever_rag_presolve_supergpqa_seed123.jsonl:rag_presolve
SuperGPQA-hard,c417a559e8b44c698489454d49cfc72f,5,5,0,0,True,False,compute_matched_control_supergpqa_seed123.jsonl:baseline_3.7max;lever_baseline_supergpqa_seed123.jsonl:baseline_3.7max;lever_control_supergpqa_seed123.jsonl:control;lever_flagship_panel_supergpqa_seed123.jsonl:flagship_panel;lever_rag_presolve_supergpqa_seed123.jsonl:rag_presolve
SuperGPQA-hard,3fe28bc716c245ed80ddac64604a5d82,5,5,0,0,True,False,compute_matched_control_supergpqa_seed123.jsonl:baseline_3.7max;lever_baseline_supergpqa_seed123.jsonl:baseline_3.7max;lever_control_supergpqa_seed123.jsonl:control;lever_flagship_panel_supergpqa_seed123.jsonl:flagship_panel;lever_rag_presolve_supergpqa_seed123.jsonl:rag_presolve
SuperGPQA-hard,9f8ccb34f3cf4eb1b8459927abbbca9c,5,3,2,1,False,False,compute_matched_control_supergpqa_seed123.jsonl:baseline_3.7max;lever_baseline_supergpqa_seed123.jsonl:baseline_3.7max;lever_control_supergpqa_seed123.jsonl:control;lever_flagship_panel_supergpqa_seed123.jsonl:flagship_panel;lever_rag_presolve_supergpqa_seed123.jsonl:rag_presolve
SuperGPQA-hard,ebe13c146960463e8ea8c439076c0f1f,5,5,0,0,True,False,compute_matched_control_supergpqa_seed123.jsonl:baseline_3.7max;lever_baseline_supergpqa_seed123.jsonl:baseline_3.7max;lever_control_supergpqa_seed123.jsonl:control;lever_flagship_panel_supergpqa_seed123.jsonl:flagship_panel;lever_rag_presolve_supergpqa_seed123.jsonl:rag_presolve
SuperGPQA-hard,98273697cfe64c44b258fcf337adbd0e,5,5,0,0,True,False,compute_matched_control_supergpqa_seed123.jsonl:baseline_3.7max;lever_baseline_supergpqa_seed123.jsonl:baseline_3.7max;lever_control_supergpqa_seed123.jsonl:control;lever_flagship_panel_supergpqa_seed123.jsonl:flagship_panel;lever_rag_presolve_supergpqa_seed123.jsonl:rag_presolve
SuperGPQA-hard,64a904ae6727433ea41ef31690ba0711,5,5,0,0,True,False,compute_matched_control_supergpqa_seed123.jsonl:baseline_3.7max;lever_baseline_supergpqa_seed123.jsonl:baseline_3.7max;lever_control_supergpqa_seed123.jsonl:control;lever_flagship_panel_supergpqa_seed123.jsonl:flagship_panel;lever_rag_presolve_supergpqa_seed123.jsonl:rag_presolve
SuperGPQA-hard,24e2c4692bdf48ea9323dc867b09f891,5,5,0,0,True,False,compute_matched_control_supergpqa_seed123.jsonl:baseline_3.7max;lever_baseline_supergpqa_seed123.jsonl:baseline_3.7max;lever_control_supergpqa_seed123.jsonl:control;lever_flagship_panel_supergpqa_seed123.jsonl:flagship_panel;lever_rag_presolve_supergpqa_seed123.jsonl:rag_presolve
SuperGPQA-hard,bf42bdb404084228996458cc4ff2e9dd,5,5,0,0,True,False,compute_matched_control_supergpqa_seed123.jsonl:baseline_3.7max;lever_baseline_supergpqa_seed123.jsonl:baseline_3.7max;lever_control_supergpqa_seed123.jsonl:control;lever_flagship_panel_supergpqa_seed123.jsonl:flagship_panel;lever_rag_presolve_supergpqa_seed123.jsonl:rag_presolve
SuperGPQA-hard,095e4a649d634eef99b6be4b39625b09,5,5,0,0,True,False,compute_matched_control_supergpqa_seed123.jsonl:baseline_3.7max;lever_baseline_supergpqa_seed123.jsonl:baseline_3.7max;lever_control_supergpqa_seed123.jsonl:control;lever_flagship_panel_supergpqa_seed123.jsonl:flagship_panel;lever_rag_presolve_supergpqa_seed123.jsonl:rag_presolve
SuperGPQA-hard,2810b2b7944c4905b3dcb543060e32c4,5,3,2,1,False,False,compute_matched_control_supergpqa_seed123.jsonl:baseline_3.7max;lever_baseline_supergpqa_seed123.jsonl:baseline_3.7max;lever_control_supergpqa_seed123.jsonl:control;lever_flagship_panel_supergpqa_seed123.jsonl:flagship_panel;lever_rag_presolve_supergpqa_seed123.jsonl:rag_presolve
SuperGPQA-hard,e086530f5eee4ec3b687fb2ef2bf1e18,5,0,5,1,True,True,compute_matched_control_supergpqa_seed123.jsonl:baseline_3.7max;lever_baseline_supergpqa_seed123.jsonl:baseline_3.7max;lever_control_supergpqa_seed123.jsonl:control;lever_flagship_panel_supergpqa_seed123.jsonl:flagship_panel;lever_rag_presolve_supergpqa_seed123.jsonl:rag_presolve
SuperGPQA-hard,90295a93faf14a3fb0a9a42dc7a54ee0,5,4,1,1,False,False,compute_matched_control_supergpqa_seed123.jsonl:baseline_3.7max;lever_baseline_supergpqa_seed123.jsonl:baseline_3.7max;lever_control_supergpqa_seed123.jsonl:control;lever_flagship_panel_supergpqa_seed123.jsonl:flagship_panel;lever_rag_presolve_supergpqa_seed123.jsonl:rag_presolve
SuperGPQA-hard,1f3d33e572a44b1681f2a328042e2218,5,5,0,0,True,False,compute_matched_control_supergpqa_seed123.jsonl:baseline_3.7max;lever_baseline_supergpqa_seed123.jsonl:baseline_3.7max;lever_control_supergpqa_seed123.jsonl:control;lever_flagship_panel_supergpqa_seed123.jsonl:flagship_panel;lever_rag_presolve_supergpqa_seed123.jsonl:rag_presolve
SuperGPQA-hard,ca835c9753b3495881d157093a494969,5,5,0,0,True,False,compute_matched_control_supergpqa_seed123.jsonl:baseline_3.7max;lever_baseline_supergpqa_seed123.jsonl:baseline_3.7max;lever_control_supergpqa_seed123.jsonl:control;lever_flagship_panel_supergpqa_seed123.jsonl:flagship_panel;lever_rag_presolve_supergpqa_seed123.jsonl:rag_presolve
SuperGPQA-hard,5b3ba5d082c74528ab9c60a12e0e3614,15,15,0,0,True,False,compute_matched_control_supergpqa_seed42.jsonl:baseline_3.7max;lever_baseline_supergpqa_seed42.jsonl:baseline_3.7max;lever_flagship_panel_supergpqa_seed42.jsonl:flagship_panel;lever_qwen38_panel_supergpqa_seed42.jsonl:qwen38_panel;lever_rag_presolve_supergpqa_seed42.jsonl:rag_presolve;lever_rag_recursive_supergpqa_seed42.jsonl:rag_recursive;moo_m1_eval.jsonl:moo:thinking_gate;moo_m1_eval.jsonl:moo:standard-tribunal;moo_m1_eval.jsonl:moo:flagship_panel;moo_m1_eval.jsonl:moo:rag_presolve;moo_m1_eval.jsonl:moo:rag_thinking_gate;moo_m1_eval.jsonl:moo:single-call;moo_m1_eval.jsonl:moo:stem-max;supergpqa_hard_pilot_seed42.jsonl:baseline_3.7max;supergpqa_hard_pilot_seed42.jsonl:shipped_engine(pilot)
SuperGPQA-hard,4e711f17db254dd4953606570f0cc7a7,14,0,14,2,False,True,compute_matched_control_supergpqa_seed42.jsonl:baseline_3.7max;lever_baseline_supergpqa_seed42.jsonl:baseline_3.7max;lever_flagship_panel_supergpqa_seed42.jsonl:flagship_panel;lever_rag_presolve_supergpqa_seed42.jsonl:rag_presolve;lever_rag_recursive_supergpqa_seed42.jsonl:rag_recursive;moo_m1_eval.jsonl:moo:standard-tribunal;moo_m1_eval.jsonl:moo:thinking_gate;moo_m1_eval.jsonl:moo:rag_presolve;moo_m1_eval.jsonl:moo:stem-max;moo_m1_eval.jsonl:moo:rag_thinking_gate;moo_m1_eval.jsonl:moo:single-call;moo_m1_eval.jsonl:moo:flagship_panel;supergpqa_hard_pilot_seed42.jsonl:baseline_3.7max;supergpqa_hard_pilot_seed42.jsonl:shipped_engine(pilot)
SuperGPQA-hard,1d55d70bc081494da80f9c9735015376,9,9,0,0,True,False,compute_matched_control_supergpqa_seed42.jsonl:baseline_3.7max;lever_qwen38_panel_supergpqa_seed42.jsonl:qwen38_panel;lever_rag_presolve_supergpqa_seed42.jsonl:rag_presolve;lever_rag_recursive_supergpqa_seed42.jsonl:rag_recursive;moo_m1_eval.jsonl:moo:standard-tribunal;moo_m1_eval.jsonl:moo:thinking_gate;moo_m1_eval.jsonl:moo:stem-max;moo_m1_eval.jsonl:moo:rag_presolve;moo_m1_eval.jsonl:moo:rag_thinking_gate
SuperGPQA-hard,e313bac23c0a44a09b34da5cda7a7a5a,14,10,4,1,False,False,compute_matched_control_supergpqa_seed42.jsonl:baseline_3.7max;lever_baseline_supergpqa_seed42.jsonl:baseline_3.7max;lever_flagship_panel_supergpqa_seed42.jsonl:flagship_panel;lever_rag_presolve_supergpqa_seed42.jsonl:rag_presolve;lever_rag_recursive_supergpqa_seed42.jsonl:rag_recursive;moo_m1_eval.jsonl:moo:standard-tribunal;moo_m1_eval.jsonl:moo:rag_presolve;moo_m1_eval.jsonl:moo:thinking_gate;moo_m1_eval.jsonl:moo:stem-max;moo_m1_eval.jsonl:moo:single-call;moo_m1_eval.jsonl:moo:flagship_panel;moo_m1_eval.jsonl:moo:rag_thinking_gate;supergpqa_hard_pilot_seed42.jsonl:baseline_3.7max;supergpqa_hard_pilot_seed42.jsonl:shipped_engine(pilot)
SuperGPQA-hard,454028b0c0884f4192d16081e358d436,15,15,0,0,True,False,compute_matched_control_supergpqa_seed42.jsonl:baseline_3.7max;lever_baseline_supergpqa_seed42.jsonl:baseline_3.7max;lever_flagship_panel_supergpqa_seed42.jsonl:flagship_panel;lever_qwen38_panel_supergpqa_seed42.jsonl:qwen38_panel;lever_rag_presolve_supergpqa_seed42.jsonl:rag_presolve;lever_rag_recursive_supergpqa_seed42.jsonl:rag_recursive;moo_m1_eval.jsonl:moo:standard-tribunal;moo_m1_eval.jsonl:moo:thinking_gate;moo_m1_eval.jsonl:moo:stem-max;moo_m1_eval.jsonl:moo:rag_presolve;moo_m1_eval.jsonl:moo:flagship_panel;moo_m1_eval.jsonl:moo:single-call;moo_m1_eval.jsonl:moo:rag_thinking_gate;supergpqa_hard_pilot_seed42.jsonl:baseline_3.7max;supergpqa_hard_pilot_seed42.jsonl:shipped_engine(pilot)
SuperGPQA-hard,917d14354e104597ab763b7c98ec5098,15,15,0,0,True,False,compute_matched_control_supergpqa_seed42.jsonl:baseline_3.7max;lever_baseline_supergpqa_seed42.jsonl:baseline_3.7max;lever_flagship_panel_supergpqa_seed42.jsonl:flagship_panel;lever_qwen38_panel_supergpqa_seed42.jsonl:qwen38_panel;lever_rag_presolve_supergpqa_seed42.jsonl:rag_presolve;lever_rag_recursive_supergpqa_seed42.jsonl:rag_recursive;moo_m1_eval.jsonl:moo:standard-tribunal;moo_m1_eval.jsonl:moo:flagship_panel;moo_m1_eval.jsonl:moo:rag_presolve;moo_m1_eval.jsonl:moo:stem-max;moo_m1_eval.jsonl:moo:thinking_gate;moo_m1_eval.jsonl:moo:rag_thinking_gate;moo_m1_eval.jsonl:moo:single-call;supergpqa_hard_pilot_seed42.jsonl:baseline_3.7max;supergpqa_hard_pilot_seed42.jsonl:shipped_engine(pilot)
SuperGPQA-hard,bf79c60db17b4207957d40a5ada06a76,15,13,2,1,False,False,compute_matched_control_supergpqa_seed42.jsonl:baseline_3.7max;lever_baseline_supergpqa_seed42.jsonl:baseline_3.7max;lever_flagship_panel_supergpqa_seed42.jsonl:flagship_panel;lever_qwen38_panel_supergpqa_seed42.jsonl:qwen38_panel;lever_rag_presolve_supergpqa_seed42.jsonl:rag_presolve;lever_rag_recursive_supergpqa_seed42.jsonl:rag_recursive;moo_m1_eval.jsonl:moo:standard-tribunal;moo_m1_eval.jsonl:moo:rag_presolve;moo_m1_eval.jsonl:moo:flagship_panel;moo_m1_eval.jsonl:moo:rag_thinking_gate;moo_m1_eval.jsonl:moo:thinking_gate;moo_m1_eval.jsonl:moo:single-call;moo_m1_eval.jsonl:moo:stem-max;supergpqa_hard_pilot_seed42.jsonl:baseline_3.7max;supergpqa_hard_pilot_seed42.jsonl:shipped_engine(pilot)
SuperGPQA-hard,21de236f15e846ecaac90b5464aa6751,15,15,0,0,True,False,compute_matched_control_supergpqa_seed42.jsonl:baseline_3.7max;lever_baseline_supergpqa_seed42.jsonl:baseline_3.7max;lever_flagship_panel_supergpqa_seed42.jsonl:flagship_panel;lever_qwen38_panel_supergpqa_seed42.jsonl:qwen38_panel;lever_rag_presolve_supergpqa_seed42.jsonl:rag_presolve;lever_rag_recursive_supergpqa_seed42.jsonl:rag_recursive;moo_m1_eval.jsonl:moo:thinking_gate;moo_m1_eval.jsonl:moo:standard-tribunal;moo_m1_eval.jsonl:moo:stem-max;moo_m1_eval.jsonl:moo:rag_presolve;moo_m1_eval.jsonl:moo:flagship_panel;moo_m1_eval.jsonl:moo:single-call;moo_m1_eval.jsonl:moo:rag_thinking_gate;supergpqa_hard_pilot_seed42.jsonl:baseline_3.7max;supergpqa_hard_pilot_seed42.jsonl:shipped_engine(pilot)
SuperGPQA-hard,28b8e9105db04b8b9d3a7e2f6aedff5c,15,15,0,0,True,False,compute_matched_control_supergpqa_seed42.jsonl:baseline_3.7max;lever_baseline_supergpqa_seed42.jsonl:baseline_3.7max;lever_flagship_panel_supergpqa_seed42.jsonl:flagship_panel;lever_qwen38_panel_supergpqa_seed42.jsonl:qwen38_panel;lever_rag_presolve_supergpqa_seed42.jsonl:rag_presolve;lever_rag_recursive_supergpqa_seed42.jsonl:rag_recursive;moo_m1_eval.jsonl:moo:thinking_gate;moo_m1_eval.jsonl:moo:stem-max;moo_m1_eval.jsonl:moo:standard-tribunal;moo_m1_eval.jsonl:moo:flagship_panel;moo_m1_eval.jsonl:moo:rag_thinking_gate;moo_m1_eval.jsonl:moo:rag_presolve;moo_m1_eval.jsonl:moo:single-call;supergpqa_hard_pilot_seed42.jsonl:baseline_3.7max;supergpqa_hard_pilot_seed42.jsonl:shipped_engine(pilot)
SuperGPQA-hard,ef085846d5e74e358456de0a96fc049b,15,15,0,0,True,False,compute_matched_control_supergpqa_seed42.jsonl:baseline_3.7max;lever_baseline_supergpqa_seed42.jsonl:baseline_3.7max;lever_flagship_panel_supergpqa_seed42.jsonl:flagship_panel;lever_qwen38_panel_supergpqa_seed42.jsonl:qwen38_panel;lever_rag_presolve_supergpqa_seed42.jsonl:rag_presolve;lever_rag_recursive_supergpqa_seed42.jsonl:rag_recursive;moo_m1_eval.jsonl:moo:flagship_panel;moo_m1_eval.jsonl:moo:standard-tribunal;moo_m1_eval.jsonl:moo:thinking_gate;moo_m1_eval.jsonl:moo:rag_thinking_gate;moo_m1_eval.jsonl:moo:stem-max;moo_m1_eval.jsonl:moo:single-call;moo_m1_eval.jsonl:moo:rag_presolve;supergpqa_hard_pilot_seed42.jsonl:baseline_3.7max;supergpqa_hard_pilot_seed42.jsonl:shipped_engine(pilot)
SuperGPQA-hard,3aa8040fa0174d9ebee38e9a1f196d26,15,15,0,0,True,False,compute_matched_control_supergpqa_seed42.jsonl:baseline_3.7max;lever_baseline_supergpqa_seed42.jsonl:baseline_3.7max;lever_flagship_panel_supergpqa_seed42.jsonl:flagship_panel;lever_qwen38_panel_supergpqa_seed42.jsonl:qwen38_panel;lever_rag_presolve_supergpqa_seed42.jsonl:rag_presolve;lever_rag_recursive_supergpqa_seed42.jsonl:rag_recursive;moo_m1_eval.jsonl:moo:standard-tribunal;moo_m1_eval.jsonl:moo:flagship_panel;moo_m1_eval.jsonl:moo:thinking_gate;moo_m1_eval.jsonl:moo:rag_presolve;moo_m1_eval.jsonl:moo:stem-max;moo_m1_eval.jsonl:moo:rag_thinking_gate;moo_m1_eval.jsonl:moo:single-call;supergpqa_hard_pilot_seed42.jsonl:baseline_3.7max;supergpqa_hard_pilot_seed42.jsonl:shipped_engine(pilot)
SuperGPQA-hard,e78c81f946704e8ab0fb15182b6f8f68,15,13,2,1,False,False,compute_matched_control_supergpqa_seed42.jsonl:baseline_3.7max;lever_baseline_supergpqa_seed42.jsonl:baseline_3.7max;lever_flagship_panel_supergpqa_seed42.jsonl:flagship_panel;lever_qwen38_panel_supergpqa_seed42.jsonl:qwen38_panel;lever_rag_presolve_supergpqa_seed42.jsonl:rag_presolve;lever_rag_recursive_supergpqa_seed42.jsonl:rag_recursive;moo_m1_eval.jsonl:moo:standard-tribunal;moo_m1_eval.jsonl:moo:thinking_gate;moo_m1_eval.jsonl:moo:rag_presolve;moo_m1_eval.jsonl:moo:flagship_panel;moo_m1_eval.jsonl:moo:stem-max;moo_m1_eval.jsonl:moo:single-call;moo_m1_eval.jsonl:moo:rag_thinking_gate;supergpqa_hard_pilot_seed42.jsonl:baseline_3.7max;supergpqa_hard_pilot_seed42.jsonl:shipped_engine(pilot)
SuperGPQA-hard,10306739cc6f4b94afa3336c48376be7,14,10,4,1,False,False,compute_matched_control_supergpqa_seed42.jsonl:baseline_3.7max;lever_baseline_supergpqa_seed42.jsonl:baseline_3.7max;lever_flagship_panel_supergpqa_seed42.jsonl:flagship_panel;lever_rag_presolve_supergpqa_seed42.jsonl:rag_presolve;lever_rag_recursive_supergpqa_seed42.jsonl:rag_recursive;moo_m1_eval.jsonl:moo:standard-tribunal;moo_m1_eval.jsonl:moo:stem-max;moo_m1_eval.jsonl:moo:flagship_panel;moo_m1_eval.jsonl:moo:thinking_gate;moo_m1_eval.jsonl:moo:single-call;moo_m1_eval.jsonl:moo:rag_presolve;moo_m1_eval.jsonl:moo:rag_thinking_gate;supergpqa_hard_pilot_seed42.jsonl:baseline_3.7max;supergpqa_hard_pilot_seed42.jsonl:shipped_engine(pilot)
SuperGPQA-hard,f99d0c2438e347088abece7d58f4e3cc,15,14,1,1,False,False,compute_matched_control_supergpqa_seed42.jsonl:baseline_3.7max;lever_baseline_supergpqa_seed42.jsonl:baseline_3.7max;lever_flagship_panel_supergpqa_seed42.jsonl:flagship_panel;lever_qwen38_panel_supergpqa_seed42.jsonl:qwen38_panel;lever_rag_presolve_supergpqa_seed42.jsonl:rag_presolve;lever_rag_recursive_supergpqa_seed42.jsonl:rag_recursive;moo_m1_eval.jsonl:moo:thinking_gate;moo_m1_eval.jsonl:moo:standard-tribunal;moo_m1_eval.jsonl:moo:rag_presolve;moo_m1_eval.jsonl:moo:flagship_panel;moo_m1_eval.jsonl:moo:rag_thinking_gate;moo_m1_eval.jsonl:moo:single-call;moo_m1_eval.jsonl:moo:stem-max;supergpqa_hard_pilot_seed42.jsonl:baseline_3.7max;supergpqa_hard_pilot_seed42.jsonl:shipped_engine(pilot)
SuperGPQA-hard,21c8296790dc44c3b47308fe139b1378,15,11,4,2,False,False,compute_matched_control_supergpqa_seed42.jsonl:baseline_3.7max;lever_baseline_supergpqa_seed42.jsonl:baseline_3.7max;lever_flagship_panel_supergpqa_seed42.jsonl:flagship_panel;lever_qwen38_panel_supergpqa_seed42.jsonl:qwen38_panel;lever_rag_presolve_supergpqa_seed42.jsonl:rag_presolve;lever_rag_recursive_supergpqa_seed42.jsonl:rag_recursive;moo_m1_eval.jsonl:moo:standard-tribunal;moo_m1_eval.jsonl:moo:thinking_gate;moo_m1_eval.jsonl:moo:rag_presolve;moo_m1_eval.jsonl:moo:flagship_panel;moo_m1_eval.jsonl:moo:stem-max;moo_m1_eval.jsonl:moo:single-call;moo_m1_eval.jsonl:moo:rag_thinking_gate;supergpqa_hard_pilot_seed42.jsonl:baseline_3.7max;supergpqa_hard_pilot_seed42.jsonl:shipped_engine(pilot)
SuperGPQA-hard,8920a6411ede4a54af86c8ec5be736bd,13,9,4,2,False,False,compute_matched_control_supergpqa_seed42.jsonl:baseline_3.7max;lever_baseline_supergpqa_seed42.jsonl:baseline_3.7max;lever_flagship_panel_supergpqa_seed42.jsonl:flagship_panel;lever_rag_presolve_supergpqa_seed42.jsonl:rag_presolve;lever_rag_recursive_supergpqa_seed42.jsonl:rag_recursive;moo_m1_eval.jsonl:moo:standard-tribunal;moo_m1_eval.jsonl:moo:thinking_gate;moo_m1_eval.jsonl:moo:rag_presolve;moo_m1_eval.jsonl:moo:flagship_panel;moo_m1_eval.jsonl:moo:rag_thinking_gate;moo_m1_eval.jsonl:moo:single-call;supergpqa_hard_pilot_seed42.jsonl:baseline_3.7max;supergpqa_hard_pilot_seed42.jsonl:shipped_engine(pilot)
SuperGPQA-hard,c0aff61a5b0243628fe8d3684305f4cb,15,15,0,0,True,False,compute_matched_control_supergpqa_seed42.jsonl:baseline_3.7max;lever_baseline_supergpqa_seed42.jsonl:baseline_3.7max;lever_flagship_panel_supergpqa_seed42.jsonl:flagship_panel;lever_qwen38_panel_supergpqa_seed42.jsonl:qwen38_panel;lever_rag_presolve_supergpqa_seed42.jsonl:rag_presolve;lever_rag_recursive_supergpqa_seed42.jsonl:rag_recursive;moo_m1_eval.jsonl:moo:standard-tribunal;moo_m1_eval.jsonl:moo:thinking_gate;moo_m1_eval.jsonl:moo:stem-max;moo_m1_eval.jsonl:moo:flagship_panel;moo_m1_eval.jsonl:moo:rag_presolve;moo_m1_eval.jsonl:moo:single-call;moo_m1_eval.jsonl:moo:rag_thinking_gate;supergpqa_hard_pilot_seed42.jsonl:baseline_3.7max;supergpqa_hard_pilot_seed42.jsonl:shipped_engine(pilot)
SuperGPQA-hard,fc86b86189fa4145bfc49c741a7d8387,15,15,0,0,True,False,compute_matched_control_supergpqa_seed42.jsonl:baseline_3.7max;lever_baseline_supergpqa_seed42.jsonl:baseline_3.7max;lever_flagship_panel_supergpqa_seed42.jsonl:flagship_panel;lever_qwen38_panel_supergpqa_seed42.jsonl:qwen38_panel;lever_rag_presolve_supergpqa_seed42.jsonl:rag_presolve;lever_rag_recursive_supergpqa_seed42.jsonl:rag_recursive;moo_m1_eval.jsonl:moo:standard-tribunal;moo_m1_eval.jsonl:moo:thinking_gate;moo_m1_eval.jsonl:moo:stem-max;moo_m1_eval.jsonl:moo:rag_presolve;moo_m1_eval.jsonl:moo:flagship_panel;moo_m1_eval.jsonl:moo:rag_thinking_gate;moo_m1_eval.jsonl:moo:single-call;supergpqa_hard_pilot_seed42.jsonl:baseline_3.7max;supergpqa_hard_pilot_seed42.jsonl:shipped_engine(pilot)
SuperGPQA-hard,d3c2c6065bd540298bc50e5c2786cfd7,15,13,2,1,False,False,compute_matched_control_supergpqa_seed42.jsonl:baseline_3.7max;lever_baseline_supergpqa_seed42.jsonl:baseline_3.7max;lever_flagship_panel_supergpqa_seed42.jsonl:flagship_panel;lever_qwen38_panel_supergpqa_seed42.jsonl:qwen38_panel;lever_rag_presolve_supergpqa_seed42.jsonl:rag_presolve;lever_rag_recursive_supergpqa_seed42.jsonl:rag_recursive;moo_m1_eval.jsonl:moo:flagship_panel;moo_m1_eval.jsonl:moo:thinking_gate;moo_m1_eval.jsonl:moo:stem-max;moo_m1_eval.jsonl:moo:standard-tribunal;moo_m1_eval.jsonl:moo:single-call;moo_m1_eval.jsonl:moo:rag_presolve;moo_m1_eval.jsonl:moo:rag_thinking_gate;supergpqa_hard_pilot_seed42.jsonl:baseline_3.7max;supergpqa_hard_pilot_seed42.jsonl:shipped_engine(pilot)
SuperGPQA-hard,a7a3dc6d5b5b4d37a32c2839833a4d6c,14,7,7,1,False,True,compute_matched_control_supergpqa_seed42.jsonl:baseline_3.7max;lever_baseline_supergpqa_seed42.jsonl:baseline_3.7max;lever_flagship_panel_supergpqa_seed42.jsonl:flagship_panel;lever_rag_presolve_supergpqa_seed42.jsonl:rag_presolve;lever_rag_recursive_supergpqa_seed42.jsonl:rag_recursive;moo_m1_eval.jsonl:moo:standard-tribunal;moo_m1_eval.jsonl:moo:thinking_gate;moo_m1_eval.jsonl:moo:stem-max;moo_m1_eval.jsonl:moo:rag_thinking_gate;moo_m1_eval.jsonl:moo:single-call;moo_m1_eval.jsonl:moo:flagship_panel;moo_m1_eval.jsonl:moo:rag_presolve;supergpqa_hard_pilot_seed42.jsonl:baseline_3.7max;supergpqa_hard_pilot_seed42.jsonl:shipped_engine(pilot)
SuperGPQA-hard,cd59e82f9198404fad3b5e494c032544,15,12,3,1,False,False,compute_matched_control_supergpqa_seed42.jsonl:baseline_3.7max;lever_baseline_supergpqa_seed42.jsonl:baseline_3.7max;lever_flagship_panel_supergpqa_seed42.jsonl:flagship_panel;lever_qwen38_panel_supergpqa_seed42.jsonl:qwen38_panel;lever_rag_presolve_supergpqa_seed42.jsonl:rag_presolve;lever_rag_recursive_supergpqa_seed42.jsonl:rag_recursive;moo_m1_eval.jsonl:moo:standard-tribunal;moo_m1_eval.jsonl:moo:thinking_gate;moo_m1_eval.jsonl:moo:stem-max;moo_m1_eval.jsonl:moo:rag_presolve;moo_m1_eval.jsonl:moo:flagship_panel;moo_m1_eval.jsonl:moo:single-call;moo_m1_eval.jsonl:moo:rag_thinking_gate;supergpqa_hard_pilot_seed42.jsonl:baseline_3.7max;supergpqa_hard_pilot_seed42.jsonl:shipped_engine(pilot)
SuperGPQA-hard,2613e2e31a7f45d9bd02d6c09fdc898c,15,15,0,0,True,False,compute_matched_control_supergpqa_seed42.jsonl:baseline_3.7max;lever_baseline_supergpqa_seed42.jsonl:baseline_3.7max;lever_flagship_panel_supergpqa_seed42.jsonl:flagship_panel;lever_qwen38_panel_supergpqa_seed42.jsonl:qwen38_panel;lever_rag_presolve_supergpqa_seed42.jsonl:rag_presolve;lever_rag_recursive_supergpqa_seed42.jsonl:rag_recursive;moo_m1_eval.jsonl:moo:standard-tribunal;moo_m1_eval.jsonl:moo:thinking_gate;moo_m1_eval.jsonl:moo:flagship_panel;moo_m1_eval.jsonl:moo:stem-max;moo_m1_eval.jsonl:moo:rag_thinking_gate;moo_m1_eval.jsonl:moo:single-call;moo_m1_eval.jsonl:moo:rag_presolve;supergpqa_hard_pilot_seed42.jsonl:baseline_3.7max;supergpqa_hard_pilot_seed42.jsonl:shipped_engine(pilot)
SuperGPQA-hard,644c9b34ba504b098e1f27a5343df847,11,7,4,2,False,False,compute_matched_control_supergpqa_seed42.jsonl:baseline_3.7max;lever_baseline_supergpqa_seed42.jsonl:baseline_3.7max;lever_rag_presolve_supergpqa_seed42.jsonl:rag_presolve;moo_m1_eval.jsonl:moo:standard-tribunal;moo_m1_eval.jsonl:moo:thinking_gate;moo_m1_eval.jsonl:moo:rag_presolve;moo_m1_eval.jsonl:moo:stem-max;moo_m1_eval.jsonl:moo:rag_thinking_gate;moo_m1_eval.jsonl:moo:single-call;supergpqa_hard_pilot_seed42.jsonl:baseline_3.7max;supergpqa_hard_pilot_seed42.jsonl:shipped_engine(pilot)
SuperGPQA-hard,f4e38f53765c4c249769703d0ba24b3d,14,1,13,1,False,True,compute_matched_control_supergpqa_seed42.jsonl:baseline_3.7max;lever_baseline_supergpqa_seed42.jsonl:baseline_3.7max;lever_flagship_panel_supergpqa_seed42.jsonl:flagship_panel;lever_rag_presolve_supergpqa_seed42.jsonl:rag_presolve;lever_rag_recursive_supergpqa_seed42.jsonl:rag_recursive;moo_m1_eval.jsonl:moo:standard-tribunal;moo_m1_eval.jsonl:moo:rag_presolve;moo_m1_eval.jsonl:moo:flagship_panel;moo_m1_eval.jsonl:moo:stem-max;moo_m1_eval.jsonl:moo:thinking_gate;moo_m1_eval.jsonl:moo:rag_thinking_gate;moo_m1_eval.jsonl:moo:single-call;supergpqa_hard_pilot_seed42.jsonl:baseline_3.7max;supergpqa_hard_pilot_seed42.jsonl:shipped_engine(pilot)
SuperGPQA-hard,20fff2a5feb746d5a6614e360c9bec7d,15,15,0,0,True,False,compute_matched_control_supergpqa_seed42.jsonl:baseline_3.7max;lever_baseline_supergpqa_seed42.jsonl:baseline_3.7max;lever_flagship_panel_supergpqa_seed42.jsonl:flagship_panel;lever_qwen38_panel_supergpqa_seed42.jsonl:qwen38_panel;lever_rag_presolve_supergpqa_seed42.jsonl:rag_presolve;lever_rag_recursive_supergpqa_seed42.jsonl:rag_recursive;moo_m1_eval.jsonl:moo:flagship_panel;moo_m1_eval.jsonl:moo:thinking_gate;moo_m1_eval.jsonl:moo:standard-tribunal;moo_m1_eval.jsonl:moo:rag_thinking_gate;moo_m1_eval.jsonl:moo:single-call;moo_m1_eval.jsonl:moo:stem-max;moo_m1_eval.jsonl:moo:rag_presolve;supergpqa_hard_pilot_seed42.jsonl:baseline_3.7max;supergpqa_hard_pilot_seed42.jsonl:shipped_engine(pilot)
SuperGPQA-hard,469ab0b1358b48019d3a8f218edbf379,15,0,15,1,True,True,compute_matched_control_supergpqa_seed42.jsonl:baseline_3.7max;lever_baseline_supergpqa_seed42.jsonl:baseline_3.7max;lever_flagship_panel_supergpqa_seed42.jsonl:flagship_panel;lever_qwen38_panel_supergpqa_seed42.jsonl:qwen38_panel;lever_rag_presolve_supergpqa_seed42.jsonl:rag_presolve;lever_rag_recursive_supergpqa_seed42.jsonl:rag_recursive;moo_m1_eval.jsonl:moo:standard-tribunal;moo_m1_eval.jsonl:moo:rag_presolve;moo_m1_eval.jsonl:moo:flagship_panel;moo_m1_eval.jsonl:moo:single-call;moo_m1_eval.jsonl:moo:rag_thinking_gate;moo_m1_eval.jsonl:moo:stem-max;moo_m1_eval.jsonl:moo:thinking_gate;supergpqa_hard_pilot_seed42.jsonl:baseline_3.7max;supergpqa_hard_pilot_seed42.jsonl:shipped_engine(pilot)
SuperGPQA-hard,1e6267aed56a4fba91a50215560a698b,14,11,3,1,False,False,compute_matched_control_supergpqa_seed42.jsonl:baseline_3.7max;lever_baseline_supergpqa_seed42.jsonl:baseline_3.7max;lever_flagship_panel_supergpqa_seed42.jsonl:flagship_panel;lever_rag_presolve_supergpqa_seed42.jsonl:rag_presolve;lever_rag_recursive_supergpqa_seed42.jsonl:rag_recursive;moo_m1_eval.jsonl:moo:standard-tribunal;moo_m1_eval.jsonl:moo:flagship_panel;moo_m1_eval.jsonl:moo:thinking_gate;moo_m1_eval.jsonl:moo:stem-max;moo_m1_eval.jsonl:moo:rag_presolve;moo_m1_eval.jsonl:moo:single-call;moo_m1_eval.jsonl:moo:rag_thinking_gate;supergpqa_hard_pilot_seed42.jsonl:baseline_3.7max;supergpqa_hard_pilot_seed42.jsonl:shipped_engine(pilot)
SuperGPQA-hard,1948e331b8ba410b9717275eff8958ed,8,7,1,1,False,False,compute_matched_control_supergpqa_seed42.jsonl:baseline_3.7max;lever_baseline_supergpqa_seed42.jsonl:baseline_3.7max;lever_flagship_panel_supergpqa_seed42.jsonl:flagship_panel;lever_qwen38_panel_supergpqa_seed42.jsonl:qwen38_panel;lever_rag_presolve_supergpqa_seed42.jsonl:rag_presolve;lever_rag_recursive_supergpqa_seed42.jsonl:rag_recursive;supergpqa_hard_pilot_seed42.jsonl:baseline_3.7max;supergpqa_hard_pilot_seed42.jsonl:shipped_engine(pilot)
SuperGPQA-hard,562abaf94b0e4999a6a2b27104ef8297,8,8,0,0,True,False,compute_matched_control_supergpqa_seed42.jsonl:baseline_3.7max;lever_baseline_supergpqa_seed42.jsonl:baseline_3.7max;lever_flagship_panel_supergpqa_seed42.jsonl:flagship_panel;lever_qwen38_panel_supergpqa_seed42.jsonl:qwen38_panel;lever_rag_presolve_supergpqa_seed42.jsonl:rag_presolve;lever_rag_recursive_supergpqa_seed42.jsonl:rag_recursive;supergpqa_hard_pilot_seed42.jsonl:baseline_3.7max;supergpqa_hard_pilot_seed42.jsonl:shipped_engine(pilot)
SuperGPQA-hard,396c4ac5d5784036865383281513d239,7,1,6,3,False,True,compute_matched_control_supergpqa_seed42.jsonl:baseline_3.7max;lever_baseline_supergpqa_seed42.jsonl:baseline_3.7max;lever_flagship_panel_supergpqa_seed42.jsonl:flagship_panel;lever_rag_presolve_supergpqa_seed42.jsonl:rag_presolve;lever_rag_recursive_supergpqa_seed42.jsonl:rag_recursive;supergpqa_hard_pilot_seed42.jsonl:baseline_3.7max;supergpqa_hard_pilot_seed42.jsonl:shipped_engine(pilot)
SuperGPQA-hard,54feae1e9cf54ae985fc5b07a79d864d,8,7,1,1,False,False,compute_matched_control_supergpqa_seed42.jsonl:baseline_3.7max;lever_baseline_supergpqa_seed42.jsonl:baseline_3.7max;lever_flagship_panel_supergpqa_seed42.jsonl:flagship_panel;lever_qwen38_panel_supergpqa_seed42.jsonl:qwen38_panel;lever_rag_presolve_supergpqa_seed42.jsonl:rag_presolve;lever_rag_recursive_supergpqa_seed42.jsonl:rag_recursive;supergpqa_hard_pilot_seed42.jsonl:baseline_3.7max;supergpqa_hard_pilot_seed42.jsonl:shipped_engine(pilot)
SuperGPQA-hard,8cb1a3d68036488689cc6279ff47fd5a,7,0,7,1,True,True,compute_matched_control_supergpqa_seed42.jsonl:baseline_3.7max;lever_baseline_supergpqa_seed42.jsonl:baseline_3.7max;lever_flagship_panel_supergpqa_seed42.jsonl:flagship_panel;lever_rag_presolve_supergpqa_seed42.jsonl:rag_presolve;lever_rag_recursive_supergpqa_seed42.jsonl:rag_recursive;supergpqa_hard_pilot_seed42.jsonl:baseline_3.7max;supergpqa_hard_pilot_seed42.jsonl:shipped_engine(pilot)
SuperGPQA-hard,a90f5627afb840dcb32c78b91d72bb9d,8,8,0,0,True,False,compute_matched_control_supergpqa_seed42.jsonl:baseline_3.7max;lever_baseline_supergpqa_seed42.jsonl:baseline_3.7max;lever_flagship_panel_supergpqa_seed42.jsonl:flagship_panel;lever_qwen38_panel_supergpqa_seed42.jsonl:qwen38_panel;lever_rag_presolve_supergpqa_seed42.jsonl:rag_presolve;lever_rag_recursive_supergpqa_seed42.jsonl:rag_recursive;supergpqa_hard_pilot_seed42.jsonl:baseline_3.7max;supergpqa_hard_pilot_seed42.jsonl:shipped_engine(pilot)
SuperGPQA-hard,a782760c647f4ed8b56277449bbec5fa,8,8,0,0,True,False,compute_matched_control_supergpqa_seed42.jsonl:baseline_3.7max;lever_baseline_supergpqa_seed42.jsonl:baseline_3.7max;lever_flagship_panel_supergpqa_seed42.jsonl:flagship_panel;lever_qwen38_panel_supergpqa_seed42.jsonl:qwen38_panel;lever_rag_presolve_supergpqa_seed42.jsonl:rag_presolve;lever_rag_recursive_supergpqa_seed42.jsonl:rag_recursive;supergpqa_hard_pilot_seed42.jsonl:baseline_3.7max;supergpqa_hard_pilot_seed42.jsonl:shipped_engine(pilot)
SuperGPQA-hard,468c654c940f438dafebc19b7ab77b1a,8,8,0,0,True,False,compute_matched_control_supergpqa_seed42.jsonl:baseline_3.7max;lever_baseline_supergpqa_seed42.jsonl:baseline_3.7max;lever_flagship_panel_supergpqa_seed42.jsonl:flagship_panel;lever_qwen38_panel_supergpqa_seed42.jsonl:qwen38_panel;lever_rag_presolve_supergpqa_seed42.jsonl:rag_presolve;lever_rag_recursive_supergpqa_seed42.jsonl:rag_recursive;supergpqa_hard_pilot_seed42.jsonl:baseline_3.7max;supergpqa_hard_pilot_seed42.jsonl:shipped_engine(pilot)
SuperGPQA-hard,8c05de6e528f4219a5ca0f2c4d0ad747,8,8,0,0,True,False,compute_matched_control_supergpqa_seed42.jsonl:baseline_3.7max;lever_baseline_supergpqa_seed42.jsonl:baseline_3.7max;lever_flagship_panel_supergpqa_seed42.jsonl:flagship_panel;lever_qwen38_panel_supergpqa_seed42.jsonl:qwen38_panel;lever_rag_presolve_supergpqa_seed42.jsonl:rag_presolve;lever_rag_recursive_supergpqa_seed42.jsonl:rag_recursive;supergpqa_hard_pilot_seed42.jsonl:baseline_3.7max;supergpqa_hard_pilot_seed42.jsonl:shipped_engine(pilot)
SuperGPQA-hard,9be741c434a348ef9eed758bb0b69347,7,5,2,1,False,False,compute_matched_control_supergpqa_seed42.jsonl:baseline_3.7max;lever_baseline_supergpqa_seed42.jsonl:baseline_3.7max;lever_flagship_panel_supergpqa_seed42.jsonl:flagship_panel;lever_rag_presolve_supergpqa_seed42.jsonl:rag_presolve;lever_rag_recursive_supergpqa_seed42.jsonl:rag_recursive;supergpqa_hard_pilot_seed42.jsonl:baseline_3.7max;supergpqa_hard_pilot_seed42.jsonl:shipped_engine(pilot)
SuperGPQA-hard,bba0149a0e4e4fb2b289442bc74883ee,8,8,0,0,True,False,compute_matched_control_supergpqa_seed42.jsonl:baseline_3.7max;lever_baseline_supergpqa_seed42.jsonl:baseline_3.7max;lever_flagship_panel_supergpqa_seed42.jsonl:flagship_panel;lever_qwen38_panel_supergpqa_seed42.jsonl:qwen38_panel;lever_rag_presolve_supergpqa_seed42.jsonl:rag_presolve;lever_rag_recursive_supergpqa_seed42.jsonl:rag_recursive;supergpqa_hard_pilot_seed42.jsonl:baseline_3.7max;supergpqa_hard_pilot_seed42.jsonl:shipped_engine(pilot)
SuperGPQA-hard,624ccf3cf3e144ccbe8f18ec921d686a,8,6,2,1,False,False,compute_matched_control_supergpqa_seed42.jsonl:baseline_3.7max;lever_baseline_supergpqa_seed42.jsonl:baseline_3.7max;lever_flagship_panel_supergpqa_seed42.jsonl:flagship_panel;lever_qwen38_panel_supergpqa_seed42.jsonl:qwen38_panel;lever_rag_presolve_supergpqa_seed42.jsonl:rag_presolve;lever_rag_recursive_supergpqa_seed42.jsonl:rag_recursive;supergpqa_hard_pilot_seed42.jsonl:baseline_3.7max;supergpqa_hard_pilot_seed42.jsonl:shipped_engine(pilot)
SuperGPQA-hard,b0c962e65001442ea12ea33cf2ab3c25,7,7,0,0,True,False,compute_matched_control_supergpqa_seed42.jsonl:baseline_3.7max;lever_baseline_supergpqa_seed42.jsonl:baseline_3.7max;lever_flagship_panel_supergpqa_seed42.jsonl:flagship_panel;lever_rag_presolve_supergpqa_seed42.jsonl:rag_presolve;lever_rag_recursive_supergpqa_seed42.jsonl:rag_recursive;supergpqa_hard_pilot_seed42.jsonl:baseline_3.7max;supergpqa_hard_pilot_seed42.jsonl:shipped_engine(pilot)
SuperGPQA-hard,09f8f51f6b3b41d6b53b58f8232dfc20,8,1,7,1,False,True,compute_matched_control_supergpqa_seed42.jsonl:baseline_3.7max;lever_baseline_supergpqa_seed42.jsonl:baseline_3.7max;lever_flagship_panel_supergpqa_seed42.jsonl:flagship_panel;lever_qwen38_panel_supergpqa_seed42.jsonl:qwen38_panel;lever_rag_presolve_supergpqa_seed42.jsonl:rag_presolve;lever_rag_recursive_supergpqa_seed42.jsonl:rag_recursive;supergpqa_hard_pilot_seed42.jsonl:baseline_3.7max;supergpqa_hard_pilot_seed42.jsonl:shipped_engine(pilot)
SuperGPQA-hard,f94991ad92ec4a2793686b5fc3b6f5d1,8,8,0,0,True,False,compute_matched_control_supergpqa_seed42.jsonl:baseline_3.7max;lever_baseline_supergpqa_seed42.jsonl:baseline_3.7max;lever_flagship_panel_supergpqa_seed42.jsonl:flagship_panel;lever_qwen38_panel_supergpqa_seed42.jsonl:qwen38_panel;lever_rag_presolve_supergpqa_seed42.jsonl:rag_presolve;lever_rag_recursive_supergpqa_seed42.jsonl:rag_recursive;supergpqa_hard_pilot_seed42.jsonl:baseline_3.7max;supergpqa_hard_pilot_seed42.jsonl:shipped_engine(pilot)
SuperGPQA-hard,20ef016bd2514deeb9fc7667952dfb58,7,7,0,0,True,False,compute_matched_control_supergpqa_seed42.jsonl:baseline_3.7max;lever_baseline_supergpqa_seed42.jsonl:baseline_3.7max;lever_flagship_panel_supergpqa_seed42.jsonl:flagship_panel;lever_rag_presolve_supergpqa_seed42.jsonl:rag_presolve;lever_rag_recursive_supergpqa_seed42.jsonl:rag_recursive;supergpqa_hard_pilot_seed42.jsonl:baseline_3.7max;supergpqa_hard_pilot_seed42.jsonl:shipped_engine(pilot)
SuperGPQA-hard,42432d79d0af4c2fa1612e6ca53f2882,8,8,0,0,True,False,compute_matched_control_supergpqa_seed42.jsonl:baseline_3.7max;lever_baseline_supergpqa_seed42.jsonl:baseline_3.7max;lever_flagship_panel_supergpqa_seed42.jsonl:flagship_panel;lever_qwen38_panel_supergpqa_seed42.jsonl:qwen38_panel;lever_rag_presolve_supergpqa_seed42.jsonl:rag_presolve;lever_rag_recursive_supergpqa_seed42.jsonl:rag_recursive;supergpqa_hard_pilot_seed42.jsonl:baseline_3.7max;supergpqa_hard_pilot_seed42.jsonl:shipped_engine(pilot)
SuperGPQA-hard,4da750a1226341988c648c97d601821e,7,5,2,1,False,False,compute_matched_control_supergpqa_seed42.jsonl:baseline_3.7max;lever_baseline_supergpqa_seed42.jsonl:baseline_3.7max;lever_flagship_panel_supergpqa_seed42.jsonl:flagship_panel;lever_rag_presolve_supergpqa_seed42.jsonl:rag_presolve;lever_rag_recursive_supergpqa_seed42.jsonl:rag_recursive;supergpqa_hard_pilot_seed42.jsonl:baseline_3.7max;supergpqa_hard_pilot_seed42.jsonl:shipped_engine(pilot)
SuperGPQA-hard,8015afe9ebfa45388f4c8ec8d990e431,7,7,0,0,True,False,compute_matched_control_supergpqa_seed42.jsonl:baseline_3.7max;lever_baseline_supergpqa_seed42.jsonl:baseline_3.7max;lever_flagship_panel_supergpqa_seed42.jsonl:flagship_panel;lever_rag_presolve_supergpqa_seed42.jsonl:rag_presolve;lever_rag_recursive_supergpqa_seed42.jsonl:rag_recursive;supergpqa_hard_pilot_seed42.jsonl:baseline_3.7max;supergpqa_hard_pilot_seed42.jsonl:shipped_engine(pilot)
SuperGPQA-hard,e015103613d84a6489a1867aa85f4f65,8,8,0,0,True,False,compute_matched_control_supergpqa_seed42.jsonl:baseline_3.7max;lever_baseline_supergpqa_seed42.jsonl:baseline_3.7max;lever_flagship_panel_supergpqa_seed42.jsonl:flagship_panel;lever_qwen38_panel_supergpqa_seed42.jsonl:qwen38_panel;lever_rag_presolve_supergpqa_seed42.jsonl:rag_presolve;lever_rag_recursive_supergpqa_seed42.jsonl:rag_recursive;supergpqa_hard_pilot_seed42.jsonl:baseline_3.7max;supergpqa_hard_pilot_seed42.jsonl:shipped_engine(pilot)
SuperGPQA-hard,bb5212d584224509ab73a3304e906859,8,8,0,0,True,False,compute_matched_control_supergpqa_seed42.jsonl:baseline_3.7max;lever_baseline_supergpqa_seed42.jsonl:baseline_3.7max;lever_flagship_panel_supergpqa_seed42.jsonl:flagship_panel;lever_qwen38_panel_supergpqa_seed42.jsonl:qwen38_panel;lever_rag_presolve_supergpqa_seed42.jsonl:rag_presolve;lever_rag_recursive_supergpqa_seed42.jsonl:rag_recursive;supergpqa_hard_pilot_seed42.jsonl:baseline_3.7max;supergpqa_hard_pilot_seed42.jsonl:shipped_engine(pilot)
SuperGPQA-hard,9149453edaf0461db9a37d0816015e3a,8,8,0,0,True,False,compute_matched_control_supergpqa_seed42.jsonl:baseline_3.7max;lever_baseline_supergpqa_seed42.jsonl:baseline_3.7max;lever_flagship_panel_supergpqa_seed42.jsonl:flagship_panel;lever_qwen38_panel_supergpqa_seed42.jsonl:qwen38_panel;lever_rag_presolve_supergpqa_seed42.jsonl:rag_presolve;lever_rag_recursive_supergpqa_seed42.jsonl:rag_recursive;supergpqa_hard_pilot_seed42.jsonl:baseline_3.7max;supergpqa_hard_pilot_seed42.jsonl:shipped_engine(pilot)
SuperGPQA-hard,f7a2f5fbb748428baff111afe4464ab5,8,8,0,0,True,False,compute_matched_control_supergpqa_seed42.jsonl:baseline_3.7max;lever_baseline_supergpqa_seed42.jsonl:baseline_3.7max;lever_flagship_panel_supergpqa_seed42.jsonl:flagship_panel;lever_qwen38_panel_supergpqa_seed42.jsonl:qwen38_panel;lever_rag_presolve_supergpqa_seed42.jsonl:rag_presolve;lever_rag_recursive_supergpqa_seed42.jsonl:rag_recursive;supergpqa_hard_pilot_seed42.jsonl:baseline_3.7max;supergpqa_hard_pilot_seed42.jsonl:shipped_engine(pilot)
SuperGPQA-hard,e4650932081741f68c95ce460a1cb60b,8,8,0,0,True,False,compute_matched_control_supergpqa_seed42.jsonl:baseline_3.7max;lever_baseline_supergpqa_seed42.jsonl:baseline_3.7max;lever_flagship_panel_supergpqa_seed42.jsonl:flagship_panel;lever_qwen38_panel_supergpqa_seed42.jsonl:qwen38_panel;lever_rag_presolve_supergpqa_seed42.jsonl:rag_presolve;lever_rag_recursive_supergpqa_seed42.jsonl:rag_recursive;supergpqa_hard_pilot_seed42.jsonl:baseline_3.7max;supergpqa_hard_pilot_seed42.jsonl:shipped_engine(pilot)
SuperGPQA-hard,73a3ff299dc040ad8e5ac743c66a1050,8,8,0,0,True,False,compute_matched_control_supergpqa_seed42.jsonl:baseline_3.7max;lever_baseline_supergpqa_seed42.jsonl:baseline_3.7max;lever_flagship_panel_supergpqa_seed42.jsonl:flagship_panel;lever_qwen38_panel_supergpqa_seed42.jsonl:qwen38_panel;lever_rag_presolve_supergpqa_seed42.jsonl:rag_presolve;lever_rag_recursive_supergpqa_seed42.jsonl:rag_recursive;supergpqa_hard_pilot_seed42.jsonl:baseline_3.7max;supergpqa_hard_pilot_seed42.jsonl:shipped_engine(pilot)
SuperGPQA-hard,64a792c9306c4d659f4796d4abed795a,8,6,2,1,False,False,compute_matched_control_supergpqa_seed42.jsonl:baseline_3.7max;lever_baseline_supergpqa_seed42.jsonl:baseline_3.7max;lever_flagship_panel_supergpqa_seed42.jsonl:flagship_panel;lever_qwen38_panel_supergpqa_seed42.jsonl:qwen38_panel;lever_rag_presolve_supergpqa_seed42.jsonl:rag_presolve;lever_rag_recursive_supergpqa_seed42.jsonl:rag_recursive;supergpqa_hard_pilot_seed42.jsonl:baseline_3.7max;supergpqa_hard_pilot_seed42.jsonl:shipped_engine(pilot)
SuperGPQA-hard,06eb007eee9f4e29a75bb5537d94bfba,7,7,0,0,True,False,compute_matched_control_supergpqa_seed42.jsonl:baseline_3.7max;lever_baseline_supergpqa_seed42.jsonl:baseline_3.7max;lever_flagship_panel_supergpqa_seed42.jsonl:flagship_panel;lever_rag_presolve_supergpqa_seed42.jsonl:rag_presolve;lever_rag_recursive_supergpqa_seed42.jsonl:rag_recursive;supergpqa_hard_pilot_seed42.jsonl:baseline_3.7max;supergpqa_hard_pilot_seed42.jsonl:shipped_engine(pilot)
SuperGPQA-hard,983cda51b83847a8bf05440abd38e194,8,8,0,0,True,False,compute_matched_control_supergpqa_seed42.jsonl:baseline_3.7max;lever_baseline_supergpqa_seed42.jsonl:baseline_3.7max;lever_flagship_panel_supergpqa_seed42.jsonl:flagship_panel;lever_qwen38_panel_supergpqa_seed42.jsonl:qwen38_panel;lever_rag_presolve_supergpqa_seed42.jsonl:rag_presolve;lever_rag_recursive_supergpqa_seed42.jsonl:rag_recursive;supergpqa_hard_pilot_seed42.jsonl:baseline_3.7max;supergpqa_hard_pilot_seed42.jsonl:shipped_engine(pilot)
SuperGPQA-hard,438f43de355a46e982a21abda8d4f152,8,0,8,1,True,True,compute_matched_control_supergpqa_seed42.jsonl:baseline_3.7max;lever_baseline_supergpqa_seed42.jsonl:baseline_3.7max;lever_flagship_panel_supergpqa_seed42.jsonl:flagship_panel;lever_qwen38_panel_supergpqa_seed42.jsonl:qwen38_panel;lever_rag_presolve_supergpqa_seed42.jsonl:rag_presolve;lever_rag_recursive_supergpqa_seed42.jsonl:rag_recursive;supergpqa_hard_pilot_seed42.jsonl:baseline_3.7max;supergpqa_hard_pilot_seed42.jsonl:shipped_engine(pilot)
SuperGPQA-hard,ca2b68f8198e4c41befc4a3ceee1a9bc,7,5,2,1,False,False,compute_matched_control_supergpqa_seed42.jsonl:baseline_3.7max;lever_baseline_supergpqa_seed42.jsonl:baseline_3.7max;lever_flagship_panel_supergpqa_seed42.jsonl:flagship_panel;lever_rag_presolve_supergpqa_seed42.jsonl:rag_presolve;lever_rag_recursive_supergpqa_seed42.jsonl:rag_recursive;supergpqa_hard_pilot_seed42.jsonl:baseline_3.7max;supergpqa_hard_pilot_seed42.jsonl:shipped_engine(pilot)
SuperGPQA-hard,e8f3f3605af14100a15b8c0a8c2f89fa,8,8,0,0,True,False,compute_matched_control_supergpqa_seed42.jsonl:baseline_3.7max;lever_baseline_supergpqa_seed42.jsonl:baseline_3.7max;lever_flagship_panel_supergpqa_seed42.jsonl:flagship_panel;lever_qwen38_panel_supergpqa_seed42.jsonl:qwen38_panel;lever_rag_presolve_supergpqa_seed42.jsonl:rag_presolve;lever_rag_recursive_supergpqa_seed42.jsonl:rag_recursive;supergpqa_hard_pilot_seed42.jsonl:baseline_3.7max;supergpqa_hard_pilot_seed42.jsonl:shipped_engine(pilot)
SuperGPQA-hard,fb9042d1b91d4037b436629fccc2e322,8,8,0,0,True,False,compute_matched_control_supergpqa_seed42.jsonl:baseline_3.7max;lever_baseline_supergpqa_seed42.jsonl:baseline_3.7max;lever_flagship_panel_supergpqa_seed42.jsonl:flagship_panel;lever_qwen38_panel_supergpqa_seed42.jsonl:qwen38_panel;lever_rag_presolve_supergpqa_seed42.jsonl:rag_presolve;lever_rag_recursive_supergpqa_seed42.jsonl:rag_recursive;supergpqa_hard_pilot_seed42.jsonl:baseline_3.7max;supergpqa_hard_pilot_seed42.jsonl:shipped_engine(pilot)
SuperGPQA-hard,5cf02070572d4b8da047af4b587897e1,8,7,1,1,False,False,compute_matched_control_supergpqa_seed42.jsonl:baseline_3.7max;lever_baseline_supergpqa_seed42.jsonl:baseline_3.7max;lever_flagship_panel_supergpqa_seed42.jsonl:flagship_panel;lever_qwen38_panel_supergpqa_seed42.jsonl:qwen38_panel;lever_rag_presolve_supergpqa_seed42.jsonl:rag_presolve;lever_rag_recursive_supergpqa_seed42.jsonl:rag_recursive;supergpqa_hard_pilot_seed42.jsonl:baseline_3.7max;supergpqa_hard_pilot_seed42.jsonl:shipped_engine(pilot)
SuperGPQA-hard,89c81fa5104e4d2580f05c3dc32fa11d,6,5,1,1,False,False,compute_matched_control_supergpqa_seed42.jsonl:baseline_3.7max;lever_baseline_supergpqa_seed42.jsonl:baseline_3.7max;lever_rag_presolve_supergpqa_seed42.jsonl:rag_presolve;lever_rag_recursive_supergpqa_seed42.jsonl:rag_recursive;supergpqa_hard_pilot_seed42.jsonl:baseline_3.7max;supergpqa_hard_pilot_seed42.jsonl:shipped_engine(pilot)
SuperGPQA-hard,446a334636724901bdafdaa3501bbb49,8,8,0,0,True,False,compute_matched_control_supergpqa_seed42.jsonl:baseline_3.7max;lever_baseline_supergpqa_seed42.jsonl:baseline_3.7max;lever_flagship_panel_supergpqa_seed42.jsonl:flagship_panel;lever_qwen38_panel_supergpqa_seed42.jsonl:qwen38_panel;lever_rag_presolve_supergpqa_seed42.jsonl:rag_presolve;lever_rag_recursive_supergpqa_seed42.jsonl:rag_recursive;supergpqa_hard_pilot_seed42.jsonl:baseline_3.7max;supergpqa_hard_pilot_seed42.jsonl:shipped_engine(pilot)
SuperGPQA-hard,23ad44902ff945798a7ff404a3bb98d3,7,0,7,1,True,True,compute_matched_control_supergpqa_seed42.jsonl:baseline_3.7max;lever_baseline_supergpqa_seed42.jsonl:baseline_3.7max;lever_flagship_panel_supergpqa_seed42.jsonl:flagship_panel;lever_rag_presolve_supergpqa_seed42.jsonl:rag_presolve;lever_rag_recursive_supergpqa_seed42.jsonl:rag_recursive;supergpqa_hard_pilot_seed42.jsonl:baseline_3.7max;supergpqa_hard_pilot_seed42.jsonl:shipped_engine(pilot)
SuperGPQA-hard,a596b66d08484915a5c1996add9b104d,8,0,8,1,True,True,compute_matched_control_supergpqa_seed42.jsonl:baseline_3.7max;lever_baseline_supergpqa_seed42.jsonl:baseline_3.7max;lever_flagship_panel_supergpqa_seed42.jsonl:flagship_panel;lever_qwen38_panel_supergpqa_seed42.jsonl:qwen38_panel;lever_rag_presolve_supergpqa_seed42.jsonl:rag_presolve;lever_rag_recursive_supergpqa_seed42.jsonl:rag_recursive;supergpqa_hard_pilot_seed42.jsonl:baseline_3.7max;supergpqa_hard_pilot_seed42.jsonl:shipped_engine(pilot)
SuperGPQA-hard,9706c4ed64d346bdb4326a3951d46dbf,8,8,0,0,True,False,compute_matched_control_supergpqa_seed42.jsonl:baseline_3.7max;lever_baseline_supergpqa_seed42.jsonl:baseline_3.7max;lever_flagship_panel_supergpqa_seed42.jsonl:flagship_panel;lever_qwen38_panel_supergpqa_seed42.jsonl:qwen38_panel;lever_rag_presolve_supergpqa_seed42.jsonl:rag_presolve;lever_rag_recursive_supergpqa_seed42.jsonl:rag_recursive;supergpqa_hard_pilot_seed42.jsonl:baseline_3.7max;supergpqa_hard_pilot_seed42.jsonl:shipped_engine(pilot)
SuperGPQA-hard,d8f80bece1864043a27ed1179ff8fe9f,8,8,0,0,True,False,compute_matched_control_supergpqa_seed42.jsonl:baseline_3.7max;lever_baseline_supergpqa_seed42.jsonl:baseline_3.7max;lever_flagship_panel_supergpqa_seed42.jsonl:flagship_panel;lever_qwen38_panel_supergpqa_seed42.jsonl:qwen38_panel;lever_rag_presolve_supergpqa_seed42.jsonl:rag_presolve;lever_rag_recursive_supergpqa_seed42.jsonl:rag_recursive;supergpqa_hard_pilot_seed42.jsonl:baseline_3.7max;supergpqa_hard_pilot_seed42.jsonl:shipped_engine(pilot)
SuperGPQA-hard,980ca009cc1f4003b4647f0a9bb0289c,6,5,1,1,False,False,compute_matched_control_supergpqa_seed42.jsonl:baseline_3.7max;lever_baseline_supergpqa_seed42.jsonl:baseline_3.7max;lever_rag_presolve_supergpqa_seed42.jsonl:rag_presolve;lever_rag_recursive_supergpqa_seed42.jsonl:rag_recursive;supergpqa_hard_pilot_seed42.jsonl:baseline_3.7max;supergpqa_hard_pilot_seed42.jsonl:shipped_engine(pilot)
SuperGPQA-hard,095ff35b087e416f9a2797a86611b4c2,6,0,6,1,True,True,compute_matched_control_supergpqa_seed42.jsonl:baseline_3.7max;lever_baseline_supergpqa_seed42.jsonl:baseline_3.7max;lever_rag_presolve_supergpqa_seed42.jsonl:rag_presolve;lever_rag_recursive_supergpqa_seed42.jsonl:rag_recursive;supergpqa_hard_pilot_seed42.jsonl:baseline_3.7max;supergpqa_hard_pilot_seed42.jsonl:shipped_engine(pilot)
SuperGPQA-hard,e1b314d091334b5dbc93a0053e1313d5,8,8,0,0,True,False,compute_matched_control_supergpqa_seed42.jsonl:baseline_3.7max;lever_baseline_supergpqa_seed42.jsonl:baseline_3.7max;lever_flagship_panel_supergpqa_seed42.jsonl:flagship_panel;lever_qwen38_panel_supergpqa_seed42.jsonl:qwen38_panel;lever_rag_presolve_supergpqa_seed42.jsonl:rag_presolve;lever_rag_recursive_supergpqa_seed42.jsonl:rag_recursive;supergpqa_hard_pilot_seed42.jsonl:baseline_3.7max;supergpqa_hard_pilot_seed42.jsonl:shipped_engine(pilot)
SuperGPQA-hard,c83eb03cf4be49dcb0b470fb5da66009,8,8,0,0,True,False,compute_matched_control_supergpqa_seed42.jsonl:baseline_3.7max;lever_baseline_supergpqa_seed42.jsonl:baseline_3.7max;lever_flagship_panel_supergpqa_seed42.jsonl:flagship_panel;lever_qwen38_panel_supergpqa_seed42.jsonl:qwen38_panel;lever_rag_presolve_supergpqa_seed42.jsonl:rag_presolve;lever_rag_recursive_supergpqa_seed42.jsonl:rag_recursive;supergpqa_hard_pilot_seed42.jsonl:baseline_3.7max;supergpqa_hard_pilot_seed42.jsonl:shipped_engine(pilot)
SuperGPQA-hard,b278c269529d444e97014e86de71b135,14,12,2,1,False,False,compute_matched_control_supergpqa_seed42.jsonl:baseline_3.7max;compute_matched_control_supergpqa_seed7.jsonl:baseline_3.7max;lever_baseline_supergpqa_seed42.jsonl:baseline_3.7max;lever_baseline_supergpqa_seed7.jsonl:baseline_3.7max;lever_control_supergpqa_seed7.jsonl:control;lever_flagship_panel_supergpqa_seed42.jsonl:flagship_panel;lever_flagship_panel_supergpqa_seed7.jsonl:flagship_panel;lever_qwen38_panel_supergpqa_seed42.jsonl:qwen38_panel;lever_rag_presolve_supergpqa_seed42.jsonl:rag_presolve;lever_rag_presolve_supergpqa_seed7.jsonl:rag_presolve;lever_rag_recursive_supergpqa_seed42.jsonl:rag_recursive;supergpqa_hard_pilot_seed42.jsonl:baseline_3.7max;supergpqa_hard_pilot_seed42.jsonl:shipped_engine(pilot);TB1B_universal_gate_supergpqa_seed7.jsonl:universal_gate
SuperGPQA-hard,02606f10da9b4a91a734948a2f8f8cab,8,8,0,0,True,False,compute_matched_control_supergpqa_seed42.jsonl:baseline_3.7max;lever_baseline_supergpqa_seed42.jsonl:baseline_3.7max;lever_flagship_panel_supergpqa_seed42.jsonl:flagship_panel;lever_qwen38_panel_supergpqa_seed42.jsonl:qwen38_panel;lever_rag_presolve_supergpqa_seed42.jsonl:rag_presolve;lever_rag_recursive_supergpqa_seed42.jsonl:rag_recursive;supergpqa_hard_pilot_seed42.jsonl:baseline_3.7max;supergpqa_hard_pilot_seed42.jsonl:shipped_engine(pilot)
SuperGPQA-hard,fed1780eaf1f42a09ea63e89e1d18a41,8,0,8,2,False,True,compute_matched_control_supergpqa_seed42.jsonl:baseline_3.7max;lever_baseline_supergpqa_seed42.jsonl:baseline_3.7max;lever_flagship_panel_supergpqa_seed42.jsonl:flagship_panel;lever_qwen38_panel_supergpqa_seed42.jsonl:qwen38_panel;lever_rag_presolve_supergpqa_seed42.jsonl:rag_presolve;lever_rag_recursive_supergpqa_seed42.jsonl:rag_recursive;supergpqa_hard_pilot_seed42.jsonl:baseline_3.7max;supergpqa_hard_pilot_seed42.jsonl:shipped_engine(pilot)
SuperGPQA-hard,f67699a734ca477eb153ad6d4f7f30e0,7,6,1,1,False,False,compute_matched_control_supergpqa_seed42.jsonl:baseline_3.7max;lever_baseline_supergpqa_seed42.jsonl:baseline_3.7max;lever_qwen38_panel_supergpqa_seed42.jsonl:qwen38_panel;lever_rag_presolve_supergpqa_seed42.jsonl:rag_presolve;lever_rag_recursive_supergpqa_seed42.jsonl:rag_recursive;supergpqa_hard_pilot_seed42.jsonl:baseline_3.7max;supergpqa_hard_pilot_seed42.jsonl:shipped_engine(pilot)
SuperGPQA-hard,30ca59713f1b4dc8a6f9e2be9261e168,8,6,2,1,False,False,compute_matched_control_supergpqa_seed42.jsonl:baseline_3.7max;lever_baseline_supergpqa_seed42.jsonl:baseline_3.7max;lever_flagship_panel_supergpqa_seed42.jsonl:flagship_panel;lever_qwen38_panel_supergpqa_seed42.jsonl:qwen38_panel;lever_rag_presolve_supergpqa_seed42.jsonl:rag_presolve;lever_rag_recursive_supergpqa_seed42.jsonl:rag_recursive;supergpqa_hard_pilot_seed42.jsonl:baseline_3.7max;supergpqa_hard_pilot_seed42.jsonl:shipped_engine(pilot)
SuperGPQA-hard,1bd477364f034265bdfe60d0b00b219a,7,7,0,0,True,False,compute_matched_control_supergpqa_seed42.jsonl:baseline_3.7max;lever_baseline_supergpqa_seed42.jsonl:baseline_3.7max;lever_qwen38_panel_supergpqa_seed42.jsonl:qwen38_panel;lever_rag_presolve_supergpqa_seed42.jsonl:rag_presolve;lever_rag_recursive_supergpqa_seed42.jsonl:rag_recursive;supergpqa_hard_pilot_seed42.jsonl:baseline_3.7max;supergpqa_hard_pilot_seed42.jsonl:shipped_engine(pilot)
SuperGPQA-hard,16b1ffdff66c4c48ac0b5d2209a5af64,6,6,0,0,True,False,compute_matched_control_supergpqa_seed42.jsonl:baseline_3.7max;lever_baseline_supergpqa_seed42.jsonl:baseline_3.7max;lever_flagship_panel_supergpqa_seed42.jsonl:flagship_panel;lever_qwen38_panel_supergpqa_seed42.jsonl:qwen38_panel;lever_rag_presolve_supergpqa_seed42.jsonl:rag_presolve;lever_rag_recursive_supergpqa_seed42.jsonl:rag_recursive
SuperGPQA-hard,2ee372f987304fe882e13238d4c6925e,8,0,8,1,True,True,compute_matched_control_supergpqa_seed42.jsonl:baseline_3.7max;lever_baseline_supergpqa_seed42.jsonl:baseline_3.7max;lever_flagship_panel_supergpqa_seed42.jsonl:flagship_panel;lever_qwen38_panel_supergpqa_seed42.jsonl:qwen38_panel;lever_rag_presolve_supergpqa_seed42.jsonl:rag_presolve;lever_rag_recursive_supergpqa_seed42.jsonl:rag_recursive;supergpqa_hard_pilot_seed42.jsonl:baseline_3.7max;supergpqa_hard_pilot_seed42.jsonl:shipped_engine(pilot)
SuperGPQA-hard,3a1dc503ec92489c8b0dcbcf77e5b7ea,8,8,0,0,True,False,compute_matched_control_supergpqa_seed42.jsonl:baseline_3.7max;lever_baseline_supergpqa_seed42.jsonl:baseline_3.7max;lever_flagship_panel_supergpqa_seed42.jsonl:flagship_panel;lever_qwen38_panel_supergpqa_seed42.jsonl:qwen38_panel;lever_rag_presolve_supergpqa_seed42.jsonl:rag_presolve;lever_rag_recursive_supergpqa_seed42.jsonl:rag_recursive;supergpqa_hard_pilot_seed42.jsonl:baseline_3.7max;supergpqa_hard_pilot_seed42.jsonl:shipped_engine(pilot)
SuperGPQA-hard,a909c0719f3e43b1a44afdbedc66cf68,10,10,0,0,True,False,compute_matched_control_supergpqa_seed42.jsonl:baseline_3.7max;lever_baseline_supergpqa_seed42.jsonl:baseline_3.7max;lever_flagship_panel_supergpqa_seed42.jsonl:flagship_panel;lever_qwen38_panel_supergpqa_seed42.jsonl:qwen38_panel;lever_rag_presolve_supergpqa_seed42.jsonl:rag_presolve;lever_rag_recursive_supergpqa_seed42.jsonl:rag_recursive;META2_control_supergpqa_seed909.jsonl:control;META2_permuted_panel_supergpqa_seed909.jsonl:permuted_panel;supergpqa_hard_pilot_seed42.jsonl:baseline_3.7max;supergpqa_hard_pilot_seed42.jsonl:shipped_engine(pilot)
SuperGPQA-hard,4817837b472e4795aa76b5e9b2dc1cc2,7,5,2,1,False,False,compute_matched_control_supergpqa_seed42.jsonl:baseline_3.7max;lever_baseline_supergpqa_seed42.jsonl:baseline_3.7max;lever_flagship_panel_supergpqa_seed42.jsonl:flagship_panel;lever_rag_presolve_supergpqa_seed42.jsonl:rag_presolve;lever_rag_recursive_supergpqa_seed42.jsonl:rag_recursive;supergpqa_hard_pilot_seed42.jsonl:baseline_3.7max;supergpqa_hard_pilot_seed42.jsonl:shipped_engine(pilot)
SuperGPQA-hard,8de4e96a88f546c78038f13b06b2a747,7,4,3,2,False,False,compute_matched_control_supergpqa_seed42.jsonl:baseline_3.7max;lever_baseline_supergpqa_seed42.jsonl:baseline_3.7max;lever_flagship_panel_supergpqa_seed42.jsonl:flagship_panel;lever_rag_presolve_supergpqa_seed42.jsonl:rag_presolve;lever_rag_recursive_supergpqa_seed42.jsonl:rag_recursive;supergpqa_hard_pilot_seed42.jsonl:baseline_3.7max;supergpqa_hard_pilot_seed42.jsonl:shipped_engine(pilot)
SuperGPQA-hard,68a4b9f37a0a432886fe2c90c0c90466,8,8,0,0,True,False,compute_matched_control_supergpqa_seed42.jsonl:baseline_3.7max;lever_baseline_supergpqa_seed42.jsonl:baseline_3.7max;lever_flagship_panel_supergpqa_seed42.jsonl:flagship_panel;lever_qwen38_panel_supergpqa_seed42.jsonl:qwen38_panel;lever_rag_presolve_supergpqa_seed42.jsonl:rag_presolve;lever_rag_recursive_supergpqa_seed42.jsonl:rag_recursive;supergpqa_hard_pilot_seed42.jsonl:baseline_3.7max;supergpqa_hard_pilot_seed42.jsonl:shipped_engine(pilot)
SuperGPQA-hard,8a331a10506a4ff6b543fc5b2ac2502f,6,6,0,0,True,False,compute_matched_control_supergpqa_seed7.jsonl:baseline_3.7max;lever_baseline_supergpqa_seed7.jsonl:baseline_3.7max;lever_control_supergpqa_seed7.jsonl:control;lever_flagship_panel_supergpqa_seed7.jsonl:flagship_panel;lever_rag_presolve_supergpqa_seed7.jsonl:rag_presolve;TB1B_universal_gate_supergpqa_seed7.jsonl:universal_gate
SuperGPQA-hard,811c704287184f8fa520358dc0ea2493,6,0,6,1,True,True,compute_matched_control_supergpqa_seed7.jsonl:baseline_3.7max;lever_baseline_supergpqa_seed7.jsonl:baseline_3.7max;lever_control_supergpqa_seed7.jsonl:control;lever_flagship_panel_supergpqa_seed7.jsonl:flagship_panel;lever_rag_presolve_supergpqa_seed7.jsonl:rag_presolve;TB1B_universal_gate_supergpqa_seed7.jsonl:universal_gate
SuperGPQA-hard,843e623807884c63a38376e9bd6d6f14,6,1,5,1,False,True,compute_matched_control_supergpqa_seed7.jsonl:baseline_3.7max;lever_baseline_supergpqa_seed7.jsonl:baseline_3.7max;lever_control_supergpqa_seed7.jsonl:control;lever_flagship_panel_supergpqa_seed7.jsonl:flagship_panel;lever_rag_presolve_supergpqa_seed7.jsonl:rag_presolve;TB1B_universal_gate_supergpqa_seed7.jsonl:universal_gate
SuperGPQA-hard,a14c016f261f4b46a1f62c1a4096bd86,6,6,0,0,True,False,compute_matched_control_supergpqa_seed7.jsonl:baseline_3.7max;lever_baseline_supergpqa_seed7.jsonl:baseline_3.7max;lever_control_supergpqa_seed7.jsonl:control;lever_flagship_panel_supergpqa_seed7.jsonl:flagship_panel;lever_rag_presolve_supergpqa_seed7.jsonl:rag_presolve;TB1B_universal_gate_supergpqa_seed7.jsonl:universal_gate
SuperGPQA-hard,a63462f4ff9e44289d3c9e4a91314250,8,8,0,0,True,False,compute_matched_control_supergpqa_seed7.jsonl:baseline_3.7max;lever_baseline_supergpqa_seed7.jsonl:baseline_3.7max;lever_control_supergpqa_seed7.jsonl:control;lever_flagship_panel_supergpqa_seed7.jsonl:flagship_panel;lever_rag_presolve_supergpqa_seed7.jsonl:rag_presolve;META2_control_supergpqa_seed1313.jsonl:control;META2_permuted_panel_supergpqa_seed1313.jsonl:permuted_panel;TB1B_universal_gate_supergpqa_seed7.jsonl:universal_gate
SuperGPQA-hard,c9aaec36dd7d48d0b90c34c9955bdf1b,6,6,0,0,True,False,compute_matched_control_supergpqa_seed7.jsonl:baseline_3.7max;lever_baseline_supergpqa_seed7.jsonl:baseline_3.7max;lever_control_supergpqa_seed7.jsonl:control;lever_flagship_panel_supergpqa_seed7.jsonl:flagship_panel;lever_rag_presolve_supergpqa_seed7.jsonl:rag_presolve;TB1B_universal_gate_supergpqa_seed7.jsonl:universal_gate
SuperGPQA-hard,b68e89ad898246c4bc116ff4d353e4b9,6,1,5,1,False,True,compute_matched_control_supergpqa_seed7.jsonl:baseline_3.7max;lever_baseline_supergpqa_seed7.jsonl:baseline_3.7max;lever_control_supergpqa_seed7.jsonl:control;lever_flagship_panel_supergpqa_seed7.jsonl:flagship_panel;lever_rag_presolve_supergpqa_seed7.jsonl:rag_presolve;TB1B_universal_gate_supergpqa_seed7.jsonl:universal_gate
SuperGPQA-hard,4068f6cb89214b0a86c16c2497caeb6e,6,6,0,0,True,False,compute_matched_control_supergpqa_seed7.jsonl:baseline_3.7max;lever_baseline_supergpqa_seed7.jsonl:baseline_3.7max;lever_control_supergpqa_seed7.jsonl:control;lever_flagship_panel_supergpqa_seed7.jsonl:flagship_panel;lever_rag_presolve_supergpqa_seed7.jsonl:rag_presolve;TB1B_universal_gate_supergpqa_seed7.jsonl:universal_gate
SuperGPQA-hard,cb1f3d75e5a9402a9bb7755b6f6a029c,6,6,0,0,True,False,compute_matched_control_supergpqa_seed7.jsonl:baseline_3.7max;lever_baseline_supergpqa_seed7.jsonl:baseline_3.7max;lever_control_supergpqa_seed7.jsonl:control;lever_flagship_panel_supergpqa_seed7.jsonl:flagship_panel;lever_rag_presolve_supergpqa_seed7.jsonl:rag_presolve;TB1B_universal_gate_supergpqa_seed7.jsonl:universal_gate
SuperGPQA-hard,2ee8b1af76f04527a574124df6476a8d,6,6,0,0,True,False,compute_matched_control_supergpqa_seed7.jsonl:baseline_3.7max;lever_baseline_supergpqa_seed7.jsonl:baseline_3.7max;lever_control_supergpqa_seed7.jsonl:control;lever_flagship_panel_supergpqa_seed7.jsonl:flagship_panel;lever_rag_presolve_supergpqa_seed7.jsonl:rag_presolve;TB1B_universal_gate_supergpqa_seed7.jsonl:universal_gate
SuperGPQA-hard,ff414ca699a74f7484650a3595512055,6,6,0,0,True,False,compute_matched_control_supergpqa_seed7.jsonl:baseline_3.7max;lever_baseline_supergpqa_seed7.jsonl:baseline_3.7max;lever_control_supergpqa_seed7.jsonl:control;lever_flagship_panel_supergpqa_seed7.jsonl:flagship_panel;lever_rag_presolve_supergpqa_seed7.jsonl:rag_presolve;TB1B_universal_gate_supergpqa_seed7.jsonl:universal_gate
SuperGPQA-hard,2cf2296143904690a6c6f376236839d2,6,5,1,1,False,False,compute_matched_control_supergpqa_seed7.jsonl:baseline_3.7max;lever_baseline_supergpqa_seed7.jsonl:baseline_3.7max;lever_control_supergpqa_seed7.jsonl:control;lever_flagship_panel_supergpqa_seed7.jsonl:flagship_panel;lever_rag_presolve_supergpqa_seed7.jsonl:rag_presolve;TB1B_universal_gate_supergpqa_seed7.jsonl:universal_gate
SuperGPQA-hard,7c20fd3e214f4e438614b091fccce433,6,6,0,0,True,False,compute_matched_control_supergpqa_seed7.jsonl:baseline_3.7max;lever_baseline_supergpqa_seed7.jsonl:baseline_3.7max;lever_control_supergpqa_seed7.jsonl:control;lever_flagship_panel_supergpqa_seed7.jsonl:flagship_panel;lever_rag_presolve_supergpqa_seed7.jsonl:rag_presolve;TB1B_universal_gate_supergpqa_seed7.jsonl:universal_gate
SuperGPQA-hard,711025f0562b41118c0c383afdc77215,6,6,0,0,True,False,compute_matched_control_supergpqa_seed7.jsonl:baseline_3.7max;lever_baseline_supergpqa_seed7.jsonl:baseline_3.7max;lever_control_supergpqa_seed7.jsonl:control;lever_flagship_panel_supergpqa_seed7.jsonl:flagship_panel;lever_rag_presolve_supergpqa_seed7.jsonl:rag_presolve;TB1B_universal_gate_supergpqa_seed7.jsonl:universal_gate
SuperGPQA-hard,32d56386e78f4e16bfe38d9ea73fd02a,6,6,0,0,True,False,compute_matched_control_supergpqa_seed7.jsonl:baseline_3.7max;lever_baseline_supergpqa_seed7.jsonl:baseline_3.7max;lever_control_supergpqa_seed7.jsonl:control;lever_flagship_panel_supergpqa_seed7.jsonl:flagship_panel;lever_rag_presolve_supergpqa_seed7.jsonl:rag_presolve;TB1B_universal_gate_supergpqa_seed7.jsonl:universal_gate
SuperGPQA-hard,d0fe7c1a74314662ac5ed5f2538e7b13,6,0,6,1,True,True,compute_matched_control_supergpqa_seed7.jsonl:baseline_3.7max;lever_baseline_supergpqa_seed7.jsonl:baseline_3.7max;lever_control_supergpqa_seed7.jsonl:control;lever_flagship_panel_supergpqa_seed7.jsonl:flagship_panel;lever_rag_presolve_supergpqa_seed7.jsonl:rag_presolve;TB1B_universal_gate_supergpqa_seed7.jsonl:universal_gate
SuperGPQA-hard,24b548b324684a8490d46d476bde792c,6,6,0,0,True,False,compute_matched_control_supergpqa_seed7.jsonl:baseline_3.7max;lever_baseline_supergpqa_seed7.jsonl:baseline_3.7max;lever_control_supergpqa_seed7.jsonl:control;lever_flagship_panel_supergpqa_seed7.jsonl:flagship_panel;lever_rag_presolve_supergpqa_seed7.jsonl:rag_presolve;TB1B_universal_gate_supergpqa_seed7.jsonl:universal_gate
SuperGPQA-hard,077aea7da31e4b94886be9713580db0d,6,6,0,0,True,False,compute_matched_control_supergpqa_seed7.jsonl:baseline_3.7max;lever_baseline_supergpqa_seed7.jsonl:baseline_3.7max;lever_control_supergpqa_seed7.jsonl:control;lever_flagship_panel_supergpqa_seed7.jsonl:flagship_panel;lever_rag_presolve_supergpqa_seed7.jsonl:rag_presolve;TB1B_universal_gate_supergpqa_seed7.jsonl:universal_gate
SuperGPQA-hard,413f8d70916547989ed51d1116a4551a,6,6,0,0,True,False,compute_matched_control_supergpqa_seed7.jsonl:baseline_3.7max;lever_baseline_supergpqa_seed7.jsonl:baseline_3.7max;lever_control_supergpqa_seed7.jsonl:control;lever_flagship_panel_supergpqa_seed7.jsonl:flagship_panel;lever_rag_presolve_supergpqa_seed7.jsonl:rag_presolve;TB1B_universal_gate_supergpqa_seed7.jsonl:universal_gate
SuperGPQA-hard,8fb8ca1cd7114cd8b8dcad3953f68a44,6,6,0,0,True,False,compute_matched_control_supergpqa_seed7.jsonl:baseline_3.7max;lever_baseline_supergpqa_seed7.jsonl:baseline_3.7max;lever_control_supergpqa_seed7.jsonl:control;lever_flagship_panel_supergpqa_seed7.jsonl:flagship_panel;lever_rag_presolve_supergpqa_seed7.jsonl:rag_presolve;TB1B_universal_gate_supergpqa_seed7.jsonl:universal_gate
SuperGPQA-hard,5f0bde5deeae40a88762eea520849455,6,5,1,1,False,False,compute_matched_control_supergpqa_seed7.jsonl:baseline_3.7max;lever_baseline_supergpqa_seed7.jsonl:baseline_3.7max;lever_control_supergpqa_seed7.jsonl:control;lever_flagship_panel_supergpqa_seed7.jsonl:flagship_panel;lever_rag_presolve_supergpqa_seed7.jsonl:rag_presolve;TB1B_universal_gate_supergpqa_seed7.jsonl:universal_gate
SuperGPQA-hard,920d5a4aae764dc8962d36ff4d95710a,6,2,4,2,False,True,compute_matched_control_supergpqa_seed7.jsonl:baseline_3.7max;lever_baseline_supergpqa_seed7.jsonl:baseline_3.7max;lever_control_supergpqa_seed7.jsonl:control;lever_flagship_panel_supergpqa_seed7.jsonl:flagship_panel;lever_rag_presolve_supergpqa_seed7.jsonl:rag_presolve;TB1B_universal_gate_supergpqa_seed7.jsonl:universal_gate
SuperGPQA-hard,facd6dd1e2074073adcfcac48eab3afb,6,6,0,0,True,False,compute_matched_control_supergpqa_seed7.jsonl:baseline_3.7max;lever_baseline_supergpqa_seed7.jsonl:baseline_3.7max;lever_control_supergpqa_seed7.jsonl:control;lever_flagship_panel_supergpqa_seed7.jsonl:flagship_panel;lever_rag_presolve_supergpqa_seed7.jsonl:rag_presolve;TB1B_universal_gate_supergpqa_seed7.jsonl:universal_gate
SuperGPQA-hard,d9f3da47d50840a79c51096169d25583,6,3,3,1,False,True,compute_matched_control_supergpqa_seed7.jsonl:baseline_3.7max;lever_baseline_supergpqa_seed7.jsonl:baseline_3.7max;lever_control_supergpqa_seed7.jsonl:control;lever_flagship_panel_supergpqa_seed7.jsonl:flagship_panel;lever_rag_presolve_supergpqa_seed7.jsonl:rag_presolve;TB1B_universal_gate_supergpqa_seed7.jsonl:universal_gate
SuperGPQA-hard,10f542902dfa44d795fba244e7f1a69c,6,3,3,1,False,False,compute_matched_control_supergpqa_seed7.jsonl:baseline_3.7max;lever_baseline_supergpqa_seed7.jsonl:baseline_3.7max;lever_control_supergpqa_seed7.jsonl:control;lever_flagship_panel_supergpqa_seed7.jsonl:flagship_panel;lever_rag_presolve_supergpqa_seed7.jsonl:rag_presolve;TB1B_universal_gate_supergpqa_seed7.jsonl:universal_gate
SuperGPQA-hard,de43b1c48f7b410695b2a4daf5fe3f31,6,6,0,0,True,False,compute_matched_control_supergpqa_seed7.jsonl:baseline_3.7max;lever_baseline_supergpqa_seed7.jsonl:baseline_3.7max;lever_control_supergpqa_seed7.jsonl:control;lever_flagship_panel_supergpqa_seed7.jsonl:flagship_panel;lever_rag_presolve_supergpqa_seed7.jsonl:rag_presolve;TB1B_universal_gate_supergpqa_seed7.jsonl:universal_gate
SuperGPQA-hard,fc9a01ab2a2344cabfe9c2bd94be487f,6,6,0,0,True,False,compute_matched_control_supergpqa_seed7.jsonl:baseline_3.7max;lever_baseline_supergpqa_seed7.jsonl:baseline_3.7max;lever_control_supergpqa_seed7.jsonl:control;lever_flagship_panel_supergpqa_seed7.jsonl:flagship_panel;lever_rag_presolve_supergpqa_seed7.jsonl:rag_presolve;TB1B_universal_gate_supergpqa_seed7.jsonl:universal_gate
SuperGPQA-hard,8f9ae9b94a0a4e66ab56225f7a356fd1,6,6,0,0,True,False,compute_matched_control_supergpqa_seed7.jsonl:baseline_3.7max;lever_baseline_supergpqa_seed7.jsonl:baseline_3.7max;lever_control_supergpqa_seed7.jsonl:control;lever_flagship_panel_supergpqa_seed7.jsonl:flagship_panel;lever_rag_presolve_supergpqa_seed7.jsonl:rag_presolve;TB1B_universal_gate_supergpqa_seed7.jsonl:universal_gate
SuperGPQA-hard,05edf34d21464999ad82c54bad66a005,6,5,1,1,False,False,compute_matched_control_supergpqa_seed7.jsonl:baseline_3.7max;lever_baseline_supergpqa_seed7.jsonl:baseline_3.7max;lever_control_supergpqa_seed7.jsonl:control;lever_flagship_panel_supergpqa_seed7.jsonl:flagship_panel;lever_rag_presolve_supergpqa_seed7.jsonl:rag_presolve;TB1B_universal_gate_supergpqa_seed7.jsonl:universal_gate
SuperGPQA-hard,f8e740921e964dfc9922e08b7f5e815b,6,6,0,0,True,False,compute_matched_control_supergpqa_seed7.jsonl:baseline_3.7max;lever_baseline_supergpqa_seed7.jsonl:baseline_3.7max;lever_control_supergpqa_seed7.jsonl:control;lever_flagship_panel_supergpqa_seed7.jsonl:flagship_panel;lever_rag_presolve_supergpqa_seed7.jsonl:rag_presolve;TB1B_universal_gate_supergpqa_seed7.jsonl:universal_gate
SuperGPQA-hard,5cbfbf1108434eca91c070d1ed1c0bc6,6,4,2,1,False,False,compute_matched_control_supergpqa_seed7.jsonl:baseline_3.7max;lever_baseline_supergpqa_seed7.jsonl:baseline_3.7max;lever_control_supergpqa_seed7.jsonl:control;lever_flagship_panel_supergpqa_seed7.jsonl:flagship_panel;lever_rag_presolve_supergpqa_seed7.jsonl:rag_presolve;TB1B_universal_gate_supergpqa_seed7.jsonl:universal_gate
SuperGPQA-hard,5fe6a509598c4dd5aec2c8f7abc0d259,6,6,0,0,True,False,compute_matched_control_supergpqa_seed7.jsonl:baseline_3.7max;lever_baseline_supergpqa_seed7.jsonl:baseline_3.7max;lever_control_supergpqa_seed7.jsonl:control;lever_flagship_panel_supergpqa_seed7.jsonl:flagship_panel;lever_rag_presolve_supergpqa_seed7.jsonl:rag_presolve;TB1B_universal_gate_supergpqa_seed7.jsonl:universal_gate
SuperGPQA-hard,ccbff2992c7f49c48a8fe254e1fff783,6,6,0,0,True,False,compute_matched_control_supergpqa_seed7.jsonl:baseline_3.7max;lever_baseline_supergpqa_seed7.jsonl:baseline_3.7max;lever_control_supergpqa_seed7.jsonl:control;lever_flagship_panel_supergpqa_seed7.jsonl:flagship_panel;lever_rag_presolve_supergpqa_seed7.jsonl:rag_presolve;TB1B_universal_gate_supergpqa_seed7.jsonl:universal_gate
SuperGPQA-hard,fa49b578c45543d8847bac91a1e14045,6,5,1,1,False,False,compute_matched_control_supergpqa_seed7.jsonl:baseline_3.7max;lever_baseline_supergpqa_seed7.jsonl:baseline_3.7max;lever_control_supergpqa_seed7.jsonl:control;lever_flagship_panel_supergpqa_seed7.jsonl:flagship_panel;lever_rag_presolve_supergpqa_seed7.jsonl:rag_presolve;TB1B_universal_gate_supergpqa_seed7.jsonl:universal_gate
SuperGPQA-hard,ea9364829af04d188546f8d369483d46,6,6,0,0,True,False,compute_matched_control_supergpqa_seed7.jsonl:baseline_3.7max;lever_baseline_supergpqa_seed7.jsonl:baseline_3.7max;lever_control_supergpqa_seed7.jsonl:control;lever_flagship_panel_supergpqa_seed7.jsonl:flagship_panel;lever_rag_presolve_supergpqa_seed7.jsonl:rag_presolve;TB1B_universal_gate_supergpqa_seed7.jsonl:universal_gate
SuperGPQA-hard,0a3895b8a5cc4239a2a6e96c1289011d,6,6,0,0,True,False,compute_matched_control_supergpqa_seed7.jsonl:baseline_3.7max;lever_baseline_supergpqa_seed7.jsonl:baseline_3.7max;lever_control_supergpqa_seed7.jsonl:control;lever_flagship_panel_supergpqa_seed7.jsonl:flagship_panel;lever_rag_presolve_supergpqa_seed7.jsonl:rag_presolve;TB1B_universal_gate_supergpqa_seed7.jsonl:universal_gate
SuperGPQA-hard,b81111afa517415f8f5b91a17ac991ce,6,6,0,0,True,False,compute_matched_control_supergpqa_seed7.jsonl:baseline_3.7max;lever_baseline_supergpqa_seed7.jsonl:baseline_3.7max;lever_control_supergpqa_seed7.jsonl:control;lever_flagship_panel_supergpqa_seed7.jsonl:flagship_panel;lever_rag_presolve_supergpqa_seed7.jsonl:rag_presolve;TB1B_universal_gate_supergpqa_seed7.jsonl:universal_gate
SuperGPQA-hard,bfba15ab92174bf5b537cadc675dafdb,6,6,0,0,True,False,compute_matched_control_supergpqa_seed7.jsonl:baseline_3.7max;lever_baseline_supergpqa_seed7.jsonl:baseline_3.7max;lever_control_supergpqa_seed7.jsonl:control;lever_flagship_panel_supergpqa_seed7.jsonl:flagship_panel;lever_rag_presolve_supergpqa_seed7.jsonl:rag_presolve;TB1B_universal_gate_supergpqa_seed7.jsonl:universal_gate
SuperGPQA-hard,1d1666032573496f84efe333d572f1e2,6,6,0,0,True,False,compute_matched_control_supergpqa_seed7.jsonl:baseline_3.7max;lever_baseline_supergpqa_seed7.jsonl:baseline_3.7max;lever_control_supergpqa_seed7.jsonl:control;lever_flagship_panel_supergpqa_seed7.jsonl:flagship_panel;lever_rag_presolve_supergpqa_seed7.jsonl:rag_presolve;TB1B_universal_gate_supergpqa_seed7.jsonl:universal_gate
SuperGPQA-hard,2789bb6861f94992954c4df00ec8e656,6,0,6,2,False,True,compute_matched_control_supergpqa_seed7.jsonl:baseline_3.7max;lever_baseline_supergpqa_seed7.jsonl:baseline_3.7max;lever_control_supergpqa_seed7.jsonl:control;lever_flagship_panel_supergpqa_seed7.jsonl:flagship_panel;lever_rag_presolve_supergpqa_seed7.jsonl:rag_presolve;TB1B_universal_gate_supergpqa_seed7.jsonl:universal_gate
SuperGPQA-hard,93218c202d734e8cacaa4dff4cd9a761,6,6,0,0,True,False,compute_matched_control_supergpqa_seed7.jsonl:baseline_3.7max;lever_baseline_supergpqa_seed7.jsonl:baseline_3.7max;lever_control_supergpqa_seed7.jsonl:control;lever_flagship_panel_supergpqa_seed7.jsonl:flagship_panel;lever_rag_presolve_supergpqa_seed7.jsonl:rag_presolve;TB1B_universal_gate_supergpqa_seed7.jsonl:universal_gate
SuperGPQA-hard,fe7c522a688a4b3c952b4ae95a5d1ae8,6,0,6,3,False,True,compute_matched_control_supergpqa_seed7.jsonl:baseline_3.7max;lever_baseline_supergpqa_seed7.jsonl:baseline_3.7max;lever_control_supergpqa_seed7.jsonl:control;lever_flagship_panel_supergpqa_seed7.jsonl:flagship_panel;lever_rag_presolve_supergpqa_seed7.jsonl:rag_presolve;TB1B_universal_gate_supergpqa_seed7.jsonl:universal_gate
SuperGPQA-hard,e301bd85789b4c4fa02b60e3dba62e5c,5,0,5,2,False,True,compute_matched_control_supergpqa_seed7.jsonl:baseline_3.7max;lever_baseline_supergpqa_seed7.jsonl:baseline_3.7max;lever_control_supergpqa_seed7.jsonl:control;lever_rag_presolve_supergpqa_seed7.jsonl:rag_presolve;TB1B_universal_gate_supergpqa_seed7.jsonl:universal_gate
SuperGPQA-hard,2e1d297065d247068eaa68f6585f9764,6,0,6,1,True,True,compute_matched_control_supergpqa_seed7.jsonl:baseline_3.7max;lever_baseline_supergpqa_seed7.jsonl:baseline_3.7max;lever_control_supergpqa_seed7.jsonl:control;lever_flagship_panel_supergpqa_seed7.jsonl:flagship_panel;lever_rag_presolve_supergpqa_seed7.jsonl:rag_presolve;TB1B_universal_gate_supergpqa_seed7.jsonl:universal_gate
SuperGPQA-hard,4cd0be5521844b3781d88e8a29433b39,5,5,0,0,True,False,compute_matched_control_supergpqa_seed7.jsonl:baseline_3.7max;lever_baseline_supergpqa_seed7.jsonl:baseline_3.7max;lever_control_supergpqa_seed7.jsonl:control;lever_flagship_panel_supergpqa_seed7.jsonl:flagship_panel;TB1B_universal_gate_supergpqa_seed7.jsonl:universal_gate
SuperGPQA-hard,e020184788314d25a2ea1828d568538a,6,6,0,0,True,False,compute_matched_control_supergpqa_seed7.jsonl:baseline_3.7max;lever_baseline_supergpqa_seed7.jsonl:baseline_3.7max;lever_control_supergpqa_seed7.jsonl:control;lever_flagship_panel_supergpqa_seed7.jsonl:flagship_panel;lever_rag_presolve_supergpqa_seed7.jsonl:rag_presolve;TB1B_universal_gate_supergpqa_seed7.jsonl:universal_gate
SuperGPQA-hard,12a6d09d1179401498c2cae7d2d886a8,6,5,1,1,False,False,compute_matched_control_supergpqa_seed7.jsonl:baseline_3.7max;lever_baseline_supergpqa_seed7.jsonl:baseline_3.7max;lever_control_supergpqa_seed7.jsonl:control;lever_flagship_panel_supergpqa_seed7.jsonl:flagship_panel;lever_rag_presolve_supergpqa_seed7.jsonl:rag_presolve;TB1B_universal_gate_supergpqa_seed7.jsonl:universal_gate
SuperGPQA-hard,18aa367ae47744199ba63308b5c581bf,6,5,1,1,False,False,compute_matched_control_supergpqa_seed7.jsonl:baseline_3.7max;lever_baseline_supergpqa_seed7.jsonl:baseline_3.7max;lever_control_supergpqa_seed7.jsonl:control;lever_flagship_panel_supergpqa_seed7.jsonl:flagship_panel;lever_rag_presolve_supergpqa_seed7.jsonl:rag_presolve;TB1B_universal_gate_supergpqa_seed7.jsonl:universal_gate
SuperGPQA-hard,492ac21c1ff94ba49de684cfb6527930,6,6,0,0,True,False,compute_matched_control_supergpqa_seed7.jsonl:baseline_3.7max;lever_baseline_supergpqa_seed7.jsonl:baseline_3.7max;lever_control_supergpqa_seed7.jsonl:control;lever_flagship_panel_supergpqa_seed7.jsonl:flagship_panel;lever_rag_presolve_supergpqa_seed7.jsonl:rag_presolve;TB1B_universal_gate_supergpqa_seed7.jsonl:universal_gate
SuperGPQA-hard,54bfc8311916428a8f2a43c17ca17c7a,6,6,0,0,True,False,compute_matched_control_supergpqa_seed7.jsonl:baseline_3.7max;lever_baseline_supergpqa_seed7.jsonl:baseline_3.7max;lever_control_supergpqa_seed7.jsonl:control;lever_flagship_panel_supergpqa_seed7.jsonl:flagship_panel;lever_rag_presolve_supergpqa_seed7.jsonl:rag_presolve;TB1B_universal_gate_supergpqa_seed7.jsonl:universal_gate
SuperGPQA-hard,01ac3e46a5f04c48b3ad3d21e7a8eacd,6,0,6,1,True,True,compute_matched_control_supergpqa_seed7.jsonl:baseline_3.7max;lever_baseline_supergpqa_seed7.jsonl:baseline_3.7max;lever_control_supergpqa_seed7.jsonl:control;lever_flagship_panel_supergpqa_seed7.jsonl:flagship_panel;lever_rag_presolve_supergpqa_seed7.jsonl:rag_presolve;TB1B_universal_gate_supergpqa_seed7.jsonl:universal_gate
SuperGPQA-hard,515b67c43f064c15bb0154d546f88277,6,6,0,0,True,False,compute_matched_control_supergpqa_seed7.jsonl:baseline_3.7max;lever_baseline_supergpqa_seed7.jsonl:baseline_3.7max;lever_control_supergpqa_seed7.jsonl:control;lever_flagship_panel_supergpqa_seed7.jsonl:flagship_panel;lever_rag_presolve_supergpqa_seed7.jsonl:rag_presolve;TB1B_universal_gate_supergpqa_seed7.jsonl:universal_gate
SuperGPQA-hard,a9ab2cd572f04f88b629deb59e486adf,6,6,0,0,True,False,compute_matched_control_supergpqa_seed7.jsonl:baseline_3.7max;lever_baseline_supergpqa_seed7.jsonl:baseline_3.7max;lever_control_supergpqa_seed7.jsonl:control;lever_flagship_panel_supergpqa_seed7.jsonl:flagship_panel;lever_rag_presolve_supergpqa_seed7.jsonl:rag_presolve;TB1B_universal_gate_supergpqa_seed7.jsonl:universal_gate
SuperGPQA-hard,abf7231db16a4ccfa58e0973e98e91c1,4,3,1,1,False,False,compute_matched_control_supergpqa_seed7.jsonl:baseline_3.7max;lever_baseline_supergpqa_seed7.jsonl:baseline_3.7max;lever_control_supergpqa_seed7.jsonl:control;lever_rag_presolve_supergpqa_seed7.jsonl:rag_presolve
SuperGPQA-hard,e8e40ae579384b51b006d7d50d8d039d,6,6,0,0,True,False,compute_matched_control_supergpqa_seed7.jsonl:baseline_3.7max;lever_baseline_supergpqa_seed7.jsonl:baseline_3.7max;lever_control_supergpqa_seed7.jsonl:control;lever_flagship_panel_supergpqa_seed7.jsonl:flagship_panel;lever_rag_presolve_supergpqa_seed7.jsonl:rag_presolve;TB1B_universal_gate_supergpqa_seed7.jsonl:universal_gate
SuperGPQA-hard,d7f9b5a785a94530a9e737656ec0dcaa,6,6,0,0,True,False,compute_matched_control_supergpqa_seed7.jsonl:baseline_3.7max;lever_baseline_supergpqa_seed7.jsonl:baseline_3.7max;lever_control_supergpqa_seed7.jsonl:control;lever_flagship_panel_supergpqa_seed7.jsonl:flagship_panel;lever_rag_presolve_supergpqa_seed7.jsonl:rag_presolve;TB1B_universal_gate_supergpqa_seed7.jsonl:universal_gate
SuperGPQA-hard,8aca8b27a1674720bcb8271a46213d95,6,0,6,1,True,True,compute_matched_control_supergpqa_seed7.jsonl:baseline_3.7max;lever_baseline_supergpqa_seed7.jsonl:baseline_3.7max;lever_control_supergpqa_seed7.jsonl:control;lever_flagship_panel_supergpqa_seed7.jsonl:flagship_panel;lever_rag_presolve_supergpqa_seed7.jsonl:rag_presolve;TB1B_universal_gate_supergpqa_seed7.jsonl:universal_gate
SuperGPQA-hard,9da468facb58464982465242468c9a13,6,6,0,0,True,False,compute_matched_control_supergpqa_seed7.jsonl:baseline_3.7max;lever_baseline_supergpqa_seed7.jsonl:baseline_3.7max;lever_control_supergpqa_seed7.jsonl:control;lever_flagship_panel_supergpqa_seed7.jsonl:flagship_panel;lever_rag_presolve_supergpqa_seed7.jsonl:rag_presolve;TB1B_universal_gate_supergpqa_seed7.jsonl:universal_gate
SuperGPQA-hard,933f999d89984b4ea9c59bffad3405ef,6,6,0,0,True,False,compute_matched_control_supergpqa_seed7.jsonl:baseline_3.7max;lever_baseline_supergpqa_seed7.jsonl:baseline_3.7max;lever_control_supergpqa_seed7.jsonl:control;lever_flagship_panel_supergpqa_seed7.jsonl:flagship_panel;lever_rag_presolve_supergpqa_seed7.jsonl:rag_presolve;TB1B_universal_gate_supergpqa_seed7.jsonl:universal_gate
SuperGPQA-hard,9ae52f5b63d9459a833c6e10c0539a4d,6,4,2,1,False,False,compute_matched_control_supergpqa_seed7.jsonl:baseline_3.7max;lever_baseline_supergpqa_seed7.jsonl:baseline_3.7max;lever_control_supergpqa_seed7.jsonl:control;lever_flagship_panel_supergpqa_seed7.jsonl:flagship_panel;lever_rag_presolve_supergpqa_seed7.jsonl:rag_presolve;TB1B_universal_gate_supergpqa_seed7.jsonl:universal_gate
SuperGPQA-hard,6b347be4d8ba43e2b425fd504ad16f4c,6,6,0,0,True,False,compute_matched_control_supergpqa_seed7.jsonl:baseline_3.7max;lever_baseline_supergpqa_seed7.jsonl:baseline_3.7max;lever_control_supergpqa_seed7.jsonl:control;lever_flagship_panel_supergpqa_seed7.jsonl:flagship_panel;lever_rag_presolve_supergpqa_seed7.jsonl:rag_presolve;TB1B_universal_gate_supergpqa_seed7.jsonl:universal_gate
SuperGPQA-hard,5272de2f504946d1beff3dbb51bea3f3,6,6,0,0,True,False,compute_matched_control_supergpqa_seed7.jsonl:baseline_3.7max;lever_baseline_supergpqa_seed7.jsonl:baseline_3.7max;lever_control_supergpqa_seed7.jsonl:control;lever_flagship_panel_supergpqa_seed7.jsonl:flagship_panel;lever_rag_presolve_supergpqa_seed7.jsonl:rag_presolve;TB1B_universal_gate_supergpqa_seed7.jsonl:universal_gate
SuperGPQA-hard,776b536a60e241f2b75b94accc6dff2c,6,6,0,0,True,False,compute_matched_control_supergpqa_seed7.jsonl:baseline_3.7max;lever_baseline_supergpqa_seed7.jsonl:baseline_3.7max;lever_control_supergpqa_seed7.jsonl:control;lever_flagship_panel_supergpqa_seed7.jsonl:flagship_panel;lever_rag_presolve_supergpqa_seed7.jsonl:rag_presolve;TB1B_universal_gate_supergpqa_seed7.jsonl:universal_gate
SuperGPQA-hard,4f85b84235914d259dbdd8931be5d3a9,6,6,0,0,True,False,compute_matched_control_supergpqa_seed7.jsonl:baseline_3.7max;lever_baseline_supergpqa_seed7.jsonl:baseline_3.7max;lever_control_supergpqa_seed7.jsonl:control;lever_flagship_panel_supergpqa_seed7.jsonl:flagship_panel;lever_rag_presolve_supergpqa_seed7.jsonl:rag_presolve;TB1B_universal_gate_supergpqa_seed7.jsonl:universal_gate
SuperGPQA-hard,f1c5fbceb2124a8bb11963f76c8771b3,6,6,0,0,True,False,compute_matched_control_supergpqa_seed7.jsonl:baseline_3.7max;lever_baseline_supergpqa_seed7.jsonl:baseline_3.7max;lever_control_supergpqa_seed7.jsonl:control;lever_flagship_panel_supergpqa_seed7.jsonl:flagship_panel;lever_rag_presolve_supergpqa_seed7.jsonl:rag_presolve;TB1B_universal_gate_supergpqa_seed7.jsonl:universal_gate
SuperGPQA-hard,080a910849bd4aae8dbdeb3d7a6e835b,6,0,6,2,False,True,compute_matched_control_supergpqa_seed7.jsonl:baseline_3.7max;lever_baseline_supergpqa_seed7.jsonl:baseline_3.7max;lever_control_supergpqa_seed7.jsonl:control;lever_flagship_panel_supergpqa_seed7.jsonl:flagship_panel;lever_rag_presolve_supergpqa_seed7.jsonl:rag_presolve;TB1B_universal_gate_supergpqa_seed7.jsonl:universal_gate
SuperGPQA-hard,a462a6fe458b4b6e8b609cf0ef896b52,5,2,3,2,False,False,compute_matched_control_supergpqa_seed7.jsonl:baseline_3.7max;lever_baseline_supergpqa_seed7.jsonl:baseline_3.7max;lever_control_supergpqa_seed7.jsonl:control;lever_rag_presolve_supergpqa_seed7.jsonl:rag_presolve;TB1B_universal_gate_supergpqa_seed7.jsonl:universal_gate
SuperGPQA-hard,b06afc3997974662986e009c41226c9c,6,5,1,1,False,False,compute_matched_control_supergpqa_seed7.jsonl:baseline_3.7max;lever_baseline_supergpqa_seed7.jsonl:baseline_3.7max;lever_control_supergpqa_seed7.jsonl:control;lever_flagship_panel_supergpqa_seed7.jsonl:flagship_panel;lever_rag_presolve_supergpqa_seed7.jsonl:rag_presolve;TB1B_universal_gate_supergpqa_seed7.jsonl:universal_gate
SuperGPQA-hard,3f48e266da744ae6b9e99e762b67954f,8,8,0,0,True,False,compute_matched_control_supergpqa_seed7.jsonl:baseline_3.7max;lever_baseline_supergpqa_seed7.jsonl:baseline_3.7max;lever_control_supergpqa_seed7.jsonl:control;lever_control_supergpqa_seed838.jsonl:control;lever_flagship_panel_supergpqa_seed7.jsonl:flagship_panel;lever_rag_presolve_supergpqa_seed7.jsonl:rag_presolve;lever_rag_thinking_gate_supergpqa_seed838.jsonl:rag_thinking_gate;TB1B_universal_gate_supergpqa_seed7.jsonl:universal_gate
SuperGPQA-hard,7a71c086988a45f6823dbb8748e89f66,4,1,3,2,False,True,compute_matched_control_supergpqa_seed7.jsonl:baseline_3.7max;lever_baseline_supergpqa_seed7.jsonl:baseline_3.7max;lever_control_supergpqa_seed7.jsonl:control;TB1B_universal_gate_supergpqa_seed7.jsonl:universal_gate
SuperGPQA-hard,a9f34192579d4f448b378d733eb8d3bf,6,0,6,1,True,True,compute_matched_control_supergpqa_seed7.jsonl:baseline_3.7max;lever_baseline_supergpqa_seed7.jsonl:baseline_3.7max;lever_control_supergpqa_seed7.jsonl:control;lever_flagship_panel_supergpqa_seed7.jsonl:flagship_panel;lever_rag_presolve_supergpqa_seed7.jsonl:rag_presolve;TB1B_universal_gate_supergpqa_seed7.jsonl:universal_gate
SuperGPQA-hard,e286dac07362459cb41b0c9adca02747,8,8,0,0,True,False,compute_matched_control_supergpqa_seed7.jsonl:baseline_3.7max;lever_baseline_supergpqa_seed7.jsonl:baseline_3.7max;lever_control_supergpqa_seed7.jsonl:control;lever_control_supergpqa_seed838.jsonl:control;lever_flagship_panel_supergpqa_seed7.jsonl:flagship_panel;lever_rag_presolve_supergpqa_seed7.jsonl:rag_presolve;lever_rag_thinking_gate_supergpqa_seed838.jsonl:rag_thinking_gate;TB1B_universal_gate_supergpqa_seed7.jsonl:universal_gate
SuperGPQA-hard,2811febd3e9a4348a352c0c2b33ee464,6,0,6,1,True,True,compute_matched_control_supergpqa_seed7.jsonl:baseline_3.7max;lever_baseline_supergpqa_seed7.jsonl:baseline_3.7max;lever_control_supergpqa_seed7.jsonl:control;lever_flagship_panel_supergpqa_seed7.jsonl:flagship_panel;lever_rag_presolve_supergpqa_seed7.jsonl:rag_presolve;TB1B_universal_gate_supergpqa_seed7.jsonl:universal_gate
SuperGPQA-hard,0e4c4ac2694d4b88b43bf6bbd6f4c356,6,6,0,0,True,False,compute_matched_control_supergpqa_seed7.jsonl:baseline_3.7max;lever_baseline_supergpqa_seed7.jsonl:baseline_3.7max;lever_control_supergpqa_seed7.jsonl:control;lever_flagship_panel_supergpqa_seed7.jsonl:flagship_panel;lever_rag_presolve_supergpqa_seed7.jsonl:rag_presolve;TB1B_universal_gate_supergpqa_seed7.jsonl:universal_gate
SuperGPQA-hard,8c293442d9444277866f493968187325,6,5,1,1,False,False,compute_matched_control_supergpqa_seed7.jsonl:baseline_3.7max;lever_baseline_supergpqa_seed7.jsonl:baseline_3.7max;lever_control_supergpqa_seed7.jsonl:control;lever_flagship_panel_supergpqa_seed7.jsonl:flagship_panel;lever_rag_presolve_supergpqa_seed7.jsonl:rag_presolve;TB1B_universal_gate_supergpqa_seed7.jsonl:universal_gate
SuperGPQA-hard,15e29ed7c9d1459484348074abe10661,6,6,0,0,True,False,compute_matched_control_supergpqa_seed7.jsonl:baseline_3.7max;lever_baseline_supergpqa_seed7.jsonl:baseline_3.7max;lever_control_supergpqa_seed7.jsonl:control;lever_flagship_panel_supergpqa_seed7.jsonl:flagship_panel;lever_rag_presolve_supergpqa_seed7.jsonl:rag_presolve;TB1B_universal_gate_supergpqa_seed7.jsonl:universal_gate
SuperGPQA-hard,9b67dac06fc448afa19a33728a469cec,6,6,0,0,True,False,compute_matched_control_supergpqa_seed7.jsonl:baseline_3.7max;lever_baseline_supergpqa_seed7.jsonl:baseline_3.7max;lever_control_supergpqa_seed7.jsonl:control;lever_flagship_panel_supergpqa_seed7.jsonl:flagship_panel;lever_rag_presolve_supergpqa_seed7.jsonl:rag_presolve;TB1B_universal_gate_supergpqa_seed7.jsonl:universal_gate
SuperGPQA-hard,1b003811eaf443e492e6717fa934b15b,11,8,3,1,False,False,compute_matched_control_supergpqa_seed7.jsonl:baseline_3.7max;lever_baseline_supergpqa_seed7.jsonl:baseline_3.7max;lever_control_supergpqa_seed606.jsonl:control;lever_control_supergpqa_seed7.jsonl:control;lever_control_supergpqa_seed838.jsonl:control;lever_flagship_panel_supergpqa_seed7.jsonl:flagship_panel;lever_rag_presolve_supergpqa_seed606.jsonl:rag_presolve;lever_rag_presolve_supergpqa_seed7.jsonl:rag_presolve;lever_rag_thinking_gate_supergpqa_seed606.jsonl:rag_thinking_gate;lever_rag_thinking_gate_supergpqa_seed838.jsonl:rag_thinking_gate;TB1B_universal_gate_supergpqa_seed7.jsonl:universal_gate
SuperGPQA-hard,ec301d7b596f4f45afef08dc4448910c,6,5,1,1,False,False,compute_matched_control_supergpqa_seed7.jsonl:baseline_3.7max;lever_baseline_supergpqa_seed7.jsonl:baseline_3.7max;lever_control_supergpqa_seed7.jsonl:control;lever_flagship_panel_supergpqa_seed7.jsonl:flagship_panel;lever_rag_presolve_supergpqa_seed7.jsonl:rag_presolve;TB1B_universal_gate_supergpqa_seed7.jsonl:universal_gate
SuperGPQA-hard,2761d3d5298f4a4a8b52db20fc0343cb,5,5,0,0,True,False,compute_matched_control_supergpqa_seed7.jsonl:baseline_3.7max;lever_baseline_supergpqa_seed7.jsonl:baseline_3.7max;lever_control_supergpqa_seed7.jsonl:control;lever_rag_presolve_supergpqa_seed7.jsonl:rag_presolve;TB1B_universal_gate_supergpqa_seed7.jsonl:universal_gate
SuperGPQA-hard,f9d8f390f4c348838f3d42e5c15fbb24,6,0,6,2,False,True,compute_matched_control_supergpqa_seed7.jsonl:baseline_3.7max;lever_baseline_supergpqa_seed7.jsonl:baseline_3.7max;lever_control_supergpqa_seed7.jsonl:control;lever_flagship_panel_supergpqa_seed7.jsonl:flagship_panel;lever_rag_presolve_supergpqa_seed7.jsonl:rag_presolve;TB1B_universal_gate_supergpqa_seed7.jsonl:universal_gate
GPQA-Diamond,recypVp2NmPlBKVTp,37,37,0,0,True,False,full_run.jsonl:baseline_3.7max;full_run.jsonl:shipped_engine(pilot);full_run.jsonl:self_consistency_5x;full_run2.jsonl:baseline_3.7max;full_run2.jsonl:shipped_engine(pilot);full_run2.jsonl:self_consistency_5x;KI1BC_compute_matched_n9_gpqa_seed2311.jsonl:diversified_panel;lever_baseline_gpqa_seed314.jsonl:baseline_3.7max;lever_baseline_gpqa_seed471.jsonl:baseline_3.7max;lever_baseline_seed123.jsonl:baseline_3.7max;lever_chem_flagship_gate_gpqa_seed888.jsonl:chem_flagship_gate;lever_chem_thinking_gate_gpqa_seed314.jsonl:chem_thinking_gate;lever_chem_thinking_gate_gpqa_seed471.jsonl:chem_thinking_gate;lever_combined_seed42.jsonl:combined;lever_five_seed42.jsonl:five;lever_flagship_panel_seed42.jsonl:flagship_panel;lever_flagship_panel_seed42_replicate.jsonl:flagship_panel;lever_qwen38_judge_gpqa_seed42.jsonl:qwen38_judge;lever_rag_presolve_gpqa_seed42.jsonl:rag_presolve;lever_smart_gate_seed123.jsonl:smart_gate;lever_thinking_all_seed42.jsonl:thinking_all;lever_thinking_gate_seed123.jsonl:thinking_gate;lever_thinking_gate_seed42.jsonl:thinking_gate;lever_thinking_seed42.jsonl:thinking;lever_universal_gate_gpqa_seed2311.jsonl:universal_gate;moo_m1_eval.jsonl:moo:standard-tribunal;moo_m1_eval.jsonl:moo:thinking_gate;moo_m1_eval.jsonl:moo:stem-max;moo_m1_eval.jsonl:moo:rag_presolve;moo_m1_eval.jsonl:moo:flagship_panel;moo_m1_eval.jsonl:moo:single-call;moo_m1_eval.jsonl:moo:rag_thinking_gate;smoke2.jsonl:baseline_3.7max;smoke2.jsonl:shipped_engine(pilot);smoke3.jsonl:baseline_3.7max;smoke3.jsonl:shipped_engine(pilot);TB1_flagship1x_gpqa_seed2311.jsonl:baseline_3.7max
GPQA-Diamond,recINSFEYLCyyd08m,42,39,3,3,False,False,full_run.jsonl:baseline_3.7max;full_run.jsonl:shipped_engine(pilot);full_run.jsonl:self_consistency_5x;full_run2.jsonl:baseline_3.7max;full_run2.jsonl:shipped_engine(pilot);full_run2.jsonl:self_consistency_5x;lever_baseline_gpqa_seed217.jsonl:baseline_3.7max;lever_baseline_seed123.jsonl:baseline_3.7max;lever_baseline_seed7.jsonl:baseline_3.7max;lever_chem_flagship_gate_gpqa_seed777.jsonl:chem_flagship_gate;lever_chem_thinking_gate_gpqa_seed217.jsonl:chem_thinking_gate;lever_combined_seed42.jsonl:combined;lever_combined_seed7.jsonl:combined;lever_control_seed7.jsonl:control;lever_control_seed7_replicate.jsonl:control;lever_five_seed42.jsonl:five;lever_flagship_panel_seed42.jsonl:flagship_panel;lever_flagship_panel_seed42_replicate.jsonl:flagship_panel;lever_flagship_panel_seed7.jsonl:flagship_panel;lever_rag_presolve_gpqa_seed42.jsonl:rag_presolve;lever_smart_gate_seed123.jsonl:smart_gate;lever_subject_seed7.jsonl:subject;lever_thinking_all_seed42.jsonl:thinking_all;lever_thinking_all_seed7.jsonl:thinking_all;lever_thinking_gate_seed123.jsonl:thinking_gate;lever_thinking_gate_seed42.jsonl:thinking_gate;lever_thinking_gate_seed7.jsonl:thinking_gate;lever_thinking_seed42.jsonl:thinking;lever_thinking_seed7.jsonl:thinking;lever_universal_gate_gpqa_seed3407.jsonl:universal_gate;moo_m1_eval.jsonl:moo:stem-max;moo_m1_eval.jsonl:moo:standard-tribunal;moo_m1_eval.jsonl:moo:flagship_panel;moo_m1_eval.jsonl:moo:thinking_gate;moo_m1_eval.jsonl:moo:single-call;moo_m1_eval.jsonl:moo:rag_thinking_gate;moo_m1_eval.jsonl:moo:rag_presolve;smoke.jsonl:baseline_3.7max;smoke.jsonl:shipped_engine(pilot);smoke3.jsonl:baseline_3.7max;smoke3.jsonl:shipped_engine(pilot);TB1_flagship1x_gpqa_seed3407.jsonl:baseline_3.7max
GPQA-Diamond,recnawZPumSCLMVgp,34,27,7,2,False,False,full_run.jsonl:baseline_3.7max;full_run.jsonl:shipped_engine(pilot);full_run.jsonl:self_consistency_5x;full_run2.jsonl:baseline_3.7max;full_run2.jsonl:shipped_engine(pilot);full_run2.jsonl:self_consistency_5x;KI1BC_compute_matched_n9_gpqa_seed2311.jsonl:diversified_panel;lever_baseline_gpqa_seed471.jsonl:baseline_3.7max;lever_baseline_seed123.jsonl:baseline_3.7max;lever_chem_flagship_gate_gpqa_seed888.jsonl:chem_flagship_gate;lever_chem_flagship_gate_seed555.jsonl:chem_flagship_gate;lever_chem_thinking_gate_gpqa_seed471.jsonl:chem_thinking_gate;lever_combined_seed42.jsonl:combined;lever_five_seed42.jsonl:five;lever_flagship_panel_seed42.jsonl:flagship_panel;lever_flagship_panel_seed42_replicate.jsonl:flagship_panel;lever_qwen38_judge_gpqa_seed42.jsonl:qwen38_judge;lever_rag_presolve_gpqa_seed42.jsonl:rag_presolve;lever_smart_gate_seed123.jsonl:smart_gate;lever_thinking_all_seed42.jsonl:thinking_all;lever_thinking_gate_seed123.jsonl:thinking_gate;lever_thinking_gate_seed42.jsonl:thinking_gate;lever_thinking_seed42.jsonl:thinking;lever_universal_gate_gpqa_seed2311.jsonl:universal_gate;moo_m1_eval.jsonl:moo:standard-tribunal;moo_m1_eval.jsonl:moo:thinking_gate;moo_m1_eval.jsonl:moo:flagship_panel;moo_m1_eval.jsonl:moo:rag_presolve;moo_m1_eval.jsonl:moo:single-call;moo_m1_eval.jsonl:moo:rag_thinking_gate;moo_m1_eval.jsonl:moo:stem-max;smoke3.jsonl:baseline_3.7max;smoke3.jsonl:shipped_engine(pilot);TB1_flagship1x_gpqa_seed2311.jsonl:baseline_3.7max
GPQA-Diamond,rec4r4KWNLrT7g2kR,31,27,4,1,False,False,full_run.jsonl:baseline_3.7max;full_run.jsonl:shipped_engine(pilot);full_run.jsonl:self_consistency_5x;full_run2.jsonl:baseline_3.7max;full_run2.jsonl:shipped_engine(pilot);full_run2.jsonl:self_consistency_5x;lever_baseline_seed123.jsonl:baseline_3.7max;lever_chem_flagship_gate_gpqa_seed888.jsonl:chem_flagship_gate;lever_chem_flagship_gate_seed555.jsonl:chem_flagship_gate;lever_combined_seed42.jsonl:combined;lever_five_seed42.jsonl:five;lever_flagship_panel_seed42.jsonl:flagship_panel;lever_flagship_panel_seed42_replicate.jsonl:flagship_panel;lever_qwen38_judge_gpqa_seed42.jsonl:qwen38_judge;lever_rag_presolve_gpqa_seed42.jsonl:rag_presolve;lever_smart_gate_seed123.jsonl:smart_gate;lever_thinking_all_seed42.jsonl:thinking_all;lever_thinking_gate_seed123.jsonl:thinking_gate;lever_thinking_gate_seed42.jsonl:thinking_gate;lever_thinking_seed42.jsonl:thinking;lever_universal_gate_gpqa_seed3407.jsonl:universal_gate;moo_m1_eval.jsonl:moo:standard-tribunal;moo_m1_eval.jsonl:moo:flagship_panel;moo_m1_eval.jsonl:moo:thinking_gate;moo_m1_eval.jsonl:moo:stem-max;moo_m1_eval.jsonl:moo:rag_thinking_gate;moo_m1_eval.jsonl:moo:rag_presolve;moo_m1_eval.jsonl:moo:single-call;smoke3.jsonl:baseline_3.7max;smoke3.jsonl:shipped_engine(pilot);TB1_flagship1x_gpqa_seed3407.jsonl:baseline_3.7max
GPQA-Diamond,rec527dNeEtWJrYNl,37,37,0,0,True,False,full_run.jsonl:baseline_3.7max;full_run.jsonl:shipped_engine(pilot);full_run.jsonl:self_consistency_5x;full_run2.jsonl:baseline_3.7max;full_run2.jsonl:shipped_engine(pilot);full_run2.jsonl:self_consistency_5x;KI1BC_compute_matched_n9_gpqa_seed2311.jsonl:diversified_panel;lever_baseline_gpqa_seed217.jsonl:baseline_3.7max;lever_baseline_seed7.jsonl:baseline_3.7max;lever_chem_flagship_gate_gpqa_seed777.jsonl:chem_flagship_gate;lever_chem_thinking_gate_gpqa_seed217.jsonl:chem_thinking_gate;lever_combined_seed42.jsonl:combined;lever_combined_seed7.jsonl:combined;lever_control_seed7.jsonl:control;lever_control_seed7_replicate.jsonl:control;lever_five_seed42.jsonl:five;lever_flagship_panel_seed42.jsonl:flagship_panel;lever_flagship_panel_seed42_replicate.jsonl:flagship_panel;lever_flagship_panel_seed7.jsonl:flagship_panel;lever_qwen38_judge_gpqa_seed42.jsonl:qwen38_judge;lever_rag_presolve_gpqa_seed42.jsonl:rag_presolve;lever_subject_seed7.jsonl:subject;lever_thinking_all_seed42.jsonl:thinking_all;lever_thinking_all_seed7.jsonl:thinking_all;lever_thinking_gate_seed42.jsonl:thinking_gate;lever_thinking_gate_seed7.jsonl:thinking_gate;lever_thinking_seed42.jsonl:thinking;lever_thinking_seed7.jsonl:thinking;lever_universal_gate_gpqa_seed2311.jsonl:universal_gate;moo_m1_eval.jsonl:moo:standard-tribunal;moo_m1_eval.jsonl:moo:thinking_gate;moo_m1_eval.jsonl:moo:stem-max;moo_m1_eval.jsonl:moo:rag_presolve;moo_m1_eval.jsonl:moo:flagship_panel;moo_m1_eval.jsonl:moo:rag_thinking_gate;moo_m1_eval.jsonl:moo:single-call;TB1_flagship1x_gpqa_seed2311.jsonl:baseline_3.7max
GPQA-Diamond,rechKl68Uc6H7vU0N,46,39,7,1,False,False,full_run.jsonl:baseline_3.7max;full_run.jsonl:shipped_engine(pilot);full_run.jsonl:self_consistency_5x;full_run2.jsonl:baseline_3.7max;full_run2.jsonl:shipped_engine(pilot);full_run2.jsonl:self_consistency_5x;KI1BC_compute_matched_n9_gpqa_seed2311.jsonl:diversified_panel;lever_baseline_gpqa_seed471.jsonl:baseline_3.7max;lever_baseline_seed7.jsonl:baseline_3.7max;lever_chem_flagship_gate_gpqa_seed777.jsonl:chem_flagship_gate;lever_chem_flagship_gate_seed555.jsonl:chem_flagship_gate;lever_chem_thinking_gate_gpqa_seed471.jsonl:chem_thinking_gate;lever_combined_seed42.jsonl:combined;lever_combined_seed7.jsonl:combined;lever_control_seed7.jsonl:control;lever_control_seed7_replicate.jsonl:control;lever_five_seed42.jsonl:five;lever_flagship_panel_seed42.jsonl:flagship_panel;lever_flagship_panel_seed42_replicate.jsonl:flagship_panel;lever_flagship_panel_seed7.jsonl:flagship_panel;lever_qwen38_judge_gpqa_seed42.jsonl:qwen38_judge;lever_rag_presolve_gpqa_seed42.jsonl:rag_presolve;lever_subject_seed7.jsonl:subject;lever_thinking_all_seed42.jsonl:thinking_all;lever_thinking_all_seed7.jsonl:thinking_all;lever_thinking_gate_seed42.jsonl:thinking_gate;lever_thinking_gate_seed7.jsonl:thinking_gate;lever_thinking_seed42.jsonl:thinking;lever_thinking_seed7.jsonl:thinking;lever_universal_gate_gpqa_seed2311.jsonl:universal_gate;lever_universal_gate_gpqa_seed3407.jsonl:universal_gate;moo_m1_eval.jsonl:moo:standard-tribunal;moo_m1_eval.jsonl:moo:rag_presolve;moo_m1_eval.jsonl:moo:stem-max;moo_m1_eval.jsonl:moo:flagship_panel;moo_m1_eval.jsonl:moo:thinking_gate;moo_m1_eval.jsonl:moo:single-call;moo_m1_eval.jsonl:moo:rag_thinking_gate;smoke.jsonl:baseline_3.7max;smoke.jsonl:shipped_engine(pilot);smoke2.jsonl:baseline_3.7max;smoke2.jsonl:shipped_engine(pilot);smoke3.jsonl:baseline_3.7max;smoke3.jsonl:shipped_engine(pilot);TB1_flagship1x_gpqa_seed2311.jsonl:baseline_3.7max;TB1_flagship1x_gpqa_seed3407.jsonl:baseline_3.7max
GPQA-Diamond,rec0yTRmO1o1xCA6H,38,23,15,1,False,False,full_run.jsonl:baseline_3.7max;full_run.jsonl:shipped_engine(pilot);full_run.jsonl:self_consistency_5x;full_run2.jsonl:baseline_3.7max;full_run2.jsonl:shipped_engine(pilot);full_run2.jsonl:self_consistency_5x;KI1BC_compute_matched_n9_gpqa_seed2311.jsonl:diversified_panel;lever_baseline_gpqa_seed217.jsonl:baseline_3.7max;lever_baseline_seed7.jsonl:baseline_3.7max;lever_chem_flagship_gate_gpqa_seed777.jsonl:chem_flagship_gate;lever_chem_flagship_gate_seed555.jsonl:chem_flagship_gate;lever_chem_thinking_gate_gpqa_seed217.jsonl:chem_thinking_gate;lever_combined_seed42.jsonl:combined;lever_combined_seed7.jsonl:combined;lever_control_seed7.jsonl:control;lever_control_seed7_replicate.jsonl:control;lever_five_seed42.jsonl:five;lever_flagship_panel_seed42.jsonl:flagship_panel;lever_flagship_panel_seed42_replicate.jsonl:flagship_panel;lever_flagship_panel_seed7.jsonl:flagship_panel;lever_qwen38_judge_gpqa_seed42.jsonl:qwen38_judge;lever_rag_presolve_gpqa_seed42.jsonl:rag_presolve;lever_subject_seed7.jsonl:subject;lever_thinking_all_seed42.jsonl:thinking_all;lever_thinking_all_seed7.jsonl:thinking_all;lever_thinking_gate_seed42.jsonl:thinking_gate;lever_thinking_gate_seed7.jsonl:thinking_gate;lever_thinking_seed42.jsonl:thinking;lever_thinking_seed7.jsonl:thinking;lever_universal_gate_gpqa_seed2311.jsonl:universal_gate;moo_m1_eval.jsonl:moo:standard-tribunal;moo_m1_eval.jsonl:moo:thinking_gate;moo_m1_eval.jsonl:moo:stem-max;moo_m1_eval.jsonl:moo:rag_presolve;moo_m1_eval.jsonl:moo:flagship_panel;moo_m1_eval.jsonl:moo:rag_thinking_gate;moo_m1_eval.jsonl:moo:single-call;TB1_flagship1x_gpqa_seed2311.jsonl:baseline_3.7max
GPQA-Diamond,recnTTKdBzfuoZ7w7,32,10,22,3,False,True,full_run.jsonl:baseline_3.7max;full_run.jsonl:shipped_engine(pilot);full_run.jsonl:self_consistency_5x;full_run2.jsonl:baseline_3.7max;full_run2.jsonl:shipped_engine(pilot);full_run2.jsonl:self_consistency_5x;KI1BC_compute_matched_n9_gpqa_seed2311.jsonl:diversified_panel;lever_baseline_gpqa_seed314.jsonl:baseline_3.7max;lever_baseline_gpqa_seed471.jsonl:baseline_3.7max;lever_baseline_seed123.jsonl:baseline_3.7max;lever_chem_thinking_gate_gpqa_seed314.jsonl:chem_thinking_gate;lever_chem_thinking_gate_gpqa_seed471.jsonl:chem_thinking_gate;lever_combined_seed42.jsonl:combined;lever_five_seed42.jsonl:five;lever_flagship_panel_seed42.jsonl:flagship_panel;lever_flagship_panel_seed42_replicate.jsonl:flagship_panel;lever_qwen38_judge_gpqa_seed42.jsonl:qwen38_judge;lever_rag_presolve_gpqa_seed42.jsonl:rag_presolve;lever_smart_gate_seed123.jsonl:smart_gate;lever_thinking_all_seed42.jsonl:thinking_all;lever_thinking_gate_seed123.jsonl:thinking_gate;lever_thinking_gate_seed42.jsonl:thinking_gate;lever_thinking_seed42.jsonl:thinking;lever_universal_gate_gpqa_seed1001.jsonl:universal_gate;lever_universal_gate_gpqa_seed2311.jsonl:universal_gate;moo_m1_eval.jsonl:moo:standard-tribunal;moo_m1_eval.jsonl:moo:stem-max;moo_m1_eval.jsonl:moo:thinking_gate;moo_m1_eval.jsonl:moo:single-call;moo_m1_eval.jsonl:moo:rag_presolve;TB1_flagship1x_gpqa_seed1001.jsonl:baseline_3.7max;TB1_flagship1x_gpqa_seed2311.jsonl:baseline_3.7max
GPQA-Diamond,recDj2Y2BbtV02Wv5,29,1,28,2,False,True,full_run.jsonl:baseline_3.7max;full_run.jsonl:shipped_engine(pilot);full_run.jsonl:self_consistency_5x;full_run2.jsonl:baseline_3.7max;full_run2.jsonl:shipped_engine(pilot);full_run2.jsonl:self_consistency_5x;lever_baseline_gpqa_seed314.jsonl:baseline_3.7max;lever_baseline_seed123.jsonl:baseline_3.7max;lever_chem_thinking_gate_gpqa_seed217.jsonl:chem_thinking_gate;lever_combined_seed42.jsonl:combined;lever_five_seed42.jsonl:five;lever_flagship_panel_seed42.jsonl:flagship_panel;lever_flagship_panel_seed42_replicate.jsonl:flagship_panel;lever_qwen38_judge_gpqa_seed42.jsonl:qwen38_judge;lever_rag_presolve_gpqa_seed42.jsonl:rag_presolve;lever_smart_gate_seed123.jsonl:smart_gate;lever_thinking_all_seed42.jsonl:thinking_all;lever_thinking_gate_seed123.jsonl:thinking_gate;lever_thinking_gate_seed42.jsonl:thinking_gate;lever_thinking_seed42.jsonl:thinking;lever_universal_gate_gpqa_seed1001.jsonl:universal_gate;moo_m1_eval.jsonl:moo:standard-tribunal;moo_m1_eval.jsonl:moo:thinking_gate;moo_m1_eval.jsonl:moo:stem-max;moo_m1_eval.jsonl:moo:rag_presolve;moo_m1_eval.jsonl:moo:flagship_panel;moo_m1_eval.jsonl:moo:rag_thinking_gate;moo_m1_eval.jsonl:moo:single-call;TB1_flagship1x_gpqa_seed1001.jsonl:baseline_3.7max
GPQA-Diamond,recb80OwMgNnceA9t,40,28,12,2,False,False,full_run.jsonl:baseline_3.7max;full_run.jsonl:shipped_engine(pilot);full_run.jsonl:self_consistency_5x;full_run2.jsonl:baseline_3.7max;full_run2.jsonl:shipped_engine(pilot);full_run2.jsonl:self_consistency_5x;lever_baseline_gpqa_seed217.jsonl:baseline_3.7max;lever_baseline_gpqa_seed314.jsonl:baseline_3.7max;lever_baseline_seed123.jsonl:baseline_3.7max;lever_baseline_seed7.jsonl:baseline_3.7max;lever_chem_flagship_gate_seed555.jsonl:chem_flagship_gate;lever_chem_thinking_gate_gpqa_seed217.jsonl:chem_thinking_gate;lever_chem_thinking_gate_gpqa_seed314.jsonl:chem_thinking_gate;lever_combined_seed42.jsonl:combined;lever_combined_seed7.jsonl:combined;lever_control_seed7.jsonl:control;lever_control_seed7_replicate.jsonl:control;lever_five_seed42.jsonl:five;lever_flagship_panel_seed42.jsonl:flagship_panel;lever_flagship_panel_seed42_replicate.jsonl:flagship_panel;lever_flagship_panel_seed7.jsonl:flagship_panel;lever_rag_presolve_gpqa_seed42.jsonl:rag_presolve;lever_smart_gate_seed123.jsonl:smart_gate;lever_subject_seed7.jsonl:subject;lever_thinking_all_seed42.jsonl:thinking_all;lever_thinking_all_seed7.jsonl:thinking_all;lever_thinking_gate_seed123.jsonl:thinking_gate;lever_thinking_gate_seed42.jsonl:thinking_gate;lever_thinking_gate_seed7.jsonl:thinking_gate;lever_thinking_seed42.jsonl:thinking;lever_thinking_seed7.jsonl:thinking;lever_universal_gate_gpqa_seed3407.jsonl:universal_gate;moo_m1_eval.jsonl:moo:thinking_gate;moo_m1_eval.jsonl:moo:standard-tribunal;moo_m1_eval.jsonl:moo:rag_presolve;moo_m1_eval.jsonl:moo:stem-max;moo_m1_eval.jsonl:moo:flagship_panel;moo_m1_eval.jsonl:moo:rag_thinking_gate;moo_m1_eval.jsonl:moo:single-call;TB1_flagship1x_gpqa_seed3407.jsonl:baseline_3.7max
GPQA-Diamond,recE2ihVfqEK4R9d0,32,32,0,0,True,False,full_run.jsonl:baseline_3.7max;full_run.jsonl:shipped_engine(pilot);full_run.jsonl:self_consistency_5x;full_run2.jsonl:baseline_3.7max;full_run2.jsonl:shipped_engine(pilot);full_run2.jsonl:self_consistency_5x;lever_baseline_gpqa_seed217.jsonl:baseline_3.7max;lever_baseline_gpqa_seed314.jsonl:baseline_3.7max;lever_baseline_gpqa_seed471.jsonl:baseline_3.7max;lever_chem_flagship_gate_gpqa_seed777.jsonl:chem_flagship_gate;lever_chem_flagship_gate_gpqa_seed888.jsonl:chem_flagship_gate;lever_chem_thinking_gate_gpqa_seed217.jsonl:chem_thinking_gate;lever_chem_thinking_gate_gpqa_seed314.jsonl:chem_thinking_gate;lever_chem_thinking_gate_gpqa_seed471.jsonl:chem_thinking_gate;lever_combined_seed42.jsonl:combined;lever_five_seed42.jsonl:five;lever_flagship_panel_seed42.jsonl:flagship_panel;lever_flagship_panel_seed42_replicate.jsonl:flagship_panel;lever_qwen38_judge_gpqa_seed42.jsonl:qwen38_judge;lever_rag_presolve_gpqa_seed42.jsonl:rag_presolve;lever_thinking_all_seed42.jsonl:thinking_all;lever_thinking_gate_seed42.jsonl:thinking_gate;lever_thinking_seed42.jsonl:thinking;lever_universal_gate_gpqa_seed3407.jsonl:universal_gate;moo_m1_eval.jsonl:moo:thinking_gate;moo_m1_eval.jsonl:moo:stem-max;moo_m1_eval.jsonl:moo:rag_presolve;moo_m1_eval.jsonl:moo:standard-tribunal;moo_m1_eval.jsonl:moo:rag_thinking_gate;moo_m1_eval.jsonl:moo:flagship_panel;moo_m1_eval.jsonl:moo:single-call;TB1_flagship1x_gpqa_seed3407.jsonl:baseline_3.7max
GPQA-Diamond,rec5rjeLsEq5Fg7Oj,26,18,8,2,False,False,full_run.jsonl:baseline_3.7max;full_run.jsonl:shipped_engine(pilot);full_run.jsonl:self_consistency_5x;full_run2.jsonl:baseline_3.7max;full_run2.jsonl:shipped_engine(pilot);full_run2.jsonl:self_consistency_5x;lever_baseline_gpqa_seed471.jsonl:baseline_3.7max;lever_baseline_seed123.jsonl:baseline_3.7max;lever_combined_seed42.jsonl:combined;lever_five_seed42.jsonl:five;lever_flagship_panel_seed42.jsonl:flagship_panel;lever_flagship_panel_seed42_replicate.jsonl:flagship_panel;lever_qwen38_judge_gpqa_seed42.jsonl:qwen38_judge;lever_rag_presolve_gpqa_seed42.jsonl:rag_presolve;lever_smart_gate_seed123.jsonl:smart_gate;lever_thinking_all_seed42.jsonl:thinking_all;lever_thinking_gate_seed123.jsonl:thinking_gate;lever_thinking_gate_seed42.jsonl:thinking_gate;lever_thinking_seed42.jsonl:thinking;moo_m1_eval.jsonl:moo:standard-tribunal;moo_m1_eval.jsonl:moo:rag_presolve;moo_m1_eval.jsonl:moo:thinking_gate;moo_m1_eval.jsonl:moo:rag_thinking_gate;moo_m1_eval.jsonl:moo:single-call;moo_m1_eval.jsonl:moo:flagship_panel;moo_m1_eval.jsonl:moo:stem-max
GPQA-Diamond,reczjcMtrB1YGS2fO,32,29,3,1,False,False,full_run.jsonl:baseline_3.7max;full_run.jsonl:shipped_engine(pilot);full_run.jsonl:self_consistency_5x;full_run2.jsonl:baseline_3.7max;full_run2.jsonl:shipped_engine(pilot);full_run2.jsonl:self_consistency_5x;lever_baseline_gpqa_seed471.jsonl:baseline_3.7max;lever_baseline_seed123.jsonl:baseline_3.7max;lever_chem_flagship_gate_seed555.jsonl:chem_flagship_gate;lever_chem_thinking_gate_gpqa_seed471.jsonl:chem_thinking_gate;lever_combined_seed42.jsonl:combined;lever_five_seed42.jsonl:five;lever_flagship_panel_seed42.jsonl:flagship_panel;lever_flagship_panel_seed42_replicate.jsonl:flagship_panel;lever_qwen38_judge_gpqa_seed42.jsonl:qwen38_judge;lever_rag_presolve_gpqa_seed42.jsonl:rag_presolve;lever_smart_gate_seed123.jsonl:smart_gate;lever_thinking_all_seed42.jsonl:thinking_all;lever_thinking_gate_seed123.jsonl:thinking_gate;lever_thinking_gate_seed42.jsonl:thinking_gate;lever_thinking_seed42.jsonl:thinking;lever_universal_gate_gpqa_seed1001.jsonl:universal_gate;lever_universal_gate_gpqa_seed3407.jsonl:universal_gate;moo_m1_eval.jsonl:moo:standard-tribunal;moo_m1_eval.jsonl:moo:stem-max;moo_m1_eval.jsonl:moo:flagship_panel;moo_m1_eval.jsonl:moo:thinking_gate;moo_m1_eval.jsonl:moo:rag_presolve;moo_m1_eval.jsonl:moo:rag_thinking_gate;moo_m1_eval.jsonl:moo:single-call;TB1_flagship1x_gpqa_seed1001.jsonl:baseline_3.7max;TB1_flagship1x_gpqa_seed3407.jsonl:baseline_3.7max
GPQA-Diamond,recpki12iG9RUGrz9,42,40,2,1,False,False,full_run.jsonl:baseline_3.7max;full_run.jsonl:shipped_engine(pilot);full_run.jsonl:self_consistency_5x;full_run2.jsonl:baseline_3.7max;full_run2.jsonl:shipped_engine(pilot);full_run2.jsonl:self_consistency_5x;KI1BC_compute_matched_n9_gpqa_seed2311.jsonl:diversified_panel;lever_baseline_gpqa_seed217.jsonl:baseline_3.7max;lever_baseline_seed7.jsonl:baseline_3.7max;lever_chem_flagship_gate_gpqa_seed888.jsonl:chem_flagship_gate;lever_chem_flagship_gate_seed555.jsonl:chem_flagship_gate;lever_chem_thinking_gate_gpqa_seed217.jsonl:chem_thinking_gate;lever_combined_seed42.jsonl:combined;lever_combined_seed7.jsonl:combined;lever_control_seed7.jsonl:control;lever_control_seed7_replicate.jsonl:control;lever_five_seed42.jsonl:five;lever_flagship_panel_seed42.jsonl:flagship_panel;lever_flagship_panel_seed42_replicate.jsonl:flagship_panel;lever_flagship_panel_seed7.jsonl:flagship_panel;lever_qwen38_judge_gpqa_seed42.jsonl:qwen38_judge;lever_rag_presolve_gpqa_seed42.jsonl:rag_presolve;lever_subject_seed7.jsonl:subject;lever_thinking_all_seed42.jsonl:thinking_all;lever_thinking_all_seed7.jsonl:thinking_all;lever_thinking_gate_seed42.jsonl:thinking_gate;lever_thinking_gate_seed7.jsonl:thinking_gate;lever_thinking_seed42.jsonl:thinking;lever_thinking_seed7.jsonl:thinking;lever_universal_gate_gpqa_seed1001.jsonl:universal_gate;lever_universal_gate_gpqa_seed2311.jsonl:universal_gate;lever_universal_gate_gpqa_seed3407.jsonl:universal_gate;moo_m1_eval.jsonl:moo:standard-tribunal;moo_m1_eval.jsonl:moo:thinking_gate;moo_m1_eval.jsonl:moo:stem-max;moo_m1_eval.jsonl:moo:rag_presolve;moo_m1_eval.jsonl:moo:single-call;moo_m1_eval.jsonl:moo:flagship_panel;moo_m1_eval.jsonl:moo:rag_thinking_gate;TB1_flagship1x_gpqa_seed1001.jsonl:baseline_3.7max;TB1_flagship1x_gpqa_seed2311.jsonl:baseline_3.7max;TB1_flagship1x_gpqa_seed3407.jsonl:baseline_3.7max
GPQA-Diamond,rec260hNUCEj109Dj,35,35,0,0,True,False,full_run.jsonl:baseline_3.7max;full_run.jsonl:shipped_engine(pilot);full_run.jsonl:self_consistency_5x;full_run2.jsonl:baseline_3.7max;full_run2.jsonl:shipped_engine(pilot);full_run2.jsonl:self_consistency_5x;KI1BC_compute_matched_n9_gpqa_seed2311.jsonl:diversified_panel;lever_baseline_gpqa_seed217.jsonl:baseline_3.7max;lever_baseline_gpqa_seed314.jsonl:baseline_3.7max;lever_baseline_gpqa_seed471.jsonl:baseline_3.7max;lever_chem_flagship_gate_gpqa_seed777.jsonl:chem_flagship_gate;lever_chem_flagship_gate_seed555.jsonl:chem_flagship_gate;lever_chem_thinking_gate_gpqa_seed217.jsonl:chem_thinking_gate;lever_chem_thinking_gate_gpqa_seed314.jsonl:chem_thinking_gate;lever_chem_thinking_gate_gpqa_seed471.jsonl:chem_thinking_gate;lever_combined_seed42.jsonl:combined;lever_five_seed42.jsonl:five;lever_flagship_panel_seed42.jsonl:flagship_panel;lever_flagship_panel_seed42_replicate.jsonl:flagship_panel;lever_qwen38_judge_gpqa_seed42.jsonl:qwen38_judge;lever_rag_presolve_gpqa_seed42.jsonl:rag_presolve;lever_thinking_all_seed42.jsonl:thinking_all;lever_thinking_gate_seed42.jsonl:thinking_gate;lever_thinking_seed42.jsonl:thinking;lever_universal_gate_gpqa_seed2311.jsonl:universal_gate;lever_universal_gate_gpqa_seed3407.jsonl:universal_gate;moo_m1_eval.jsonl:moo:standard-tribunal;moo_m1_eval.jsonl:moo:thinking_gate;moo_m1_eval.jsonl:moo:rag_presolve;moo_m1_eval.jsonl:moo:stem-max;moo_m1_eval.jsonl:moo:flagship_panel;moo_m1_eval.jsonl:moo:rag_thinking_gate;moo_m1_eval.jsonl:moo:single-call;TB1_flagship1x_gpqa_seed2311.jsonl:baseline_3.7max;TB1_flagship1x_gpqa_seed3407.jsonl:baseline_3.7max
GPQA-Diamond,recGFNRVl1qBZGwyU,33,31,2,2,False,False,full_run.jsonl:baseline_3.7max;full_run.jsonl:shipped_engine(pilot);full_run.jsonl:self_consistency_5x;full_run2.jsonl:baseline_3.7max;full_run2.jsonl:shipped_engine(pilot);full_run2.jsonl:self_consistency_5x;lever_baseline_gpqa_seed217.jsonl:baseline_3.7max;lever_baseline_gpqa_seed314.jsonl:baseline_3.7max;lever_baseline_gpqa_seed471.jsonl:baseline_3.7max;lever_chem_flagship_gate_gpqa_seed777.jsonl:chem_flagship_gate;lever_chem_thinking_gate_gpqa_seed217.jsonl:chem_thinking_gate;lever_chem_thinking_gate_gpqa_seed314.jsonl:chem_thinking_gate;lever_chem_thinking_gate_gpqa_seed471.jsonl:chem_thinking_gate;lever_combined_seed42.jsonl:combined;lever_five_seed42.jsonl:five;lever_flagship_panel_seed42.jsonl:flagship_panel;lever_flagship_panel_seed42_replicate.jsonl:flagship_panel;lever_qwen38_judge_gpqa_seed42.jsonl:qwen38_judge;lever_rag_presolve_gpqa_seed42.jsonl:rag_presolve;lever_thinking_all_seed42.jsonl:thinking_all;lever_thinking_gate_seed42.jsonl:thinking_gate;lever_thinking_seed42.jsonl:thinking;lever_universal_gate_gpqa_seed1001.jsonl:universal_gate;lever_universal_gate_gpqa_seed3407.jsonl:universal_gate;moo_m1_eval.jsonl:moo:standard-tribunal;moo_m1_eval.jsonl:moo:thinking_gate;moo_m1_eval.jsonl:moo:stem-max;moo_m1_eval.jsonl:moo:flagship_panel;moo_m1_eval.jsonl:moo:single-call;moo_m1_eval.jsonl:moo:rag_presolve;moo_m1_eval.jsonl:moo:rag_thinking_gate;TB1_flagship1x_gpqa_seed1001.jsonl:baseline_3.7max;TB1_flagship1x_gpqa_seed3407.jsonl:baseline_3.7max
GPQA-Diamond,recLAgwx9vbgB5EHk,29,29,0,0,True,False,full_run.jsonl:baseline_3.7max;full_run.jsonl:shipped_engine(pilot);full_run.jsonl:self_consistency_5x;full_run2.jsonl:baseline_3.7max;full_run2.jsonl:shipped_engine(pilot);full_run2.jsonl:self_consistency_5x;lever_baseline_seed123.jsonl:baseline_3.7max;lever_combined_seed42.jsonl:combined;lever_five_seed42.jsonl:five;lever_flagship_panel_seed42.jsonl:flagship_panel;lever_flagship_panel_seed42_replicate.jsonl:flagship_panel;lever_qwen38_judge_gpqa_seed42.jsonl:qwen38_judge;lever_rag_presolve_gpqa_seed42.jsonl:rag_presolve;lever_smart_gate_seed123.jsonl:smart_gate;lever_thinking_all_seed42.jsonl:thinking_all;lever_thinking_gate_seed123.jsonl:thinking_gate;lever_thinking_gate_seed42.jsonl:thinking_gate;lever_thinking_seed42.jsonl:thinking;lever_universal_gate_gpqa_seed1001.jsonl:universal_gate;lever_universal_gate_gpqa_seed3407.jsonl:universal_gate;moo_m1_eval.jsonl:moo:standard-tribunal;moo_m1_eval.jsonl:moo:stem-max;moo_m1_eval.jsonl:moo:flagship_panel;moo_m1_eval.jsonl:moo:rag_thinking_gate;moo_m1_eval.jsonl:moo:single-call;moo_m1_eval.jsonl:moo:thinking_gate;moo_m1_eval.jsonl:moo:rag_presolve;TB1_flagship1x_gpqa_seed1001.jsonl:baseline_3.7max;TB1_flagship1x_gpqa_seed3407.jsonl:baseline_3.7max
GPQA-Diamond,recWPMm91mGDLXONm,26,26,0,0,True,False,full_run.jsonl:baseline_3.7max;full_run.jsonl:shipped_engine(pilot);full_run.jsonl:self_consistency_5x;full_run2.jsonl:baseline_3.7max;full_run2.jsonl:shipped_engine(pilot);full_run2.jsonl:self_consistency_5x;lever_chem_flagship_gate_seed555.jsonl:chem_flagship_gate;lever_combined_seed42.jsonl:combined;lever_five_seed42.jsonl:five;lever_flagship_panel_seed42.jsonl:flagship_panel;lever_flagship_panel_seed42_replicate.jsonl:flagship_panel;lever_rag_presolve_gpqa_seed42.jsonl:rag_presolve;lever_thinking_all_seed42.jsonl:thinking_all;lever_thinking_gate_seed42.jsonl:thinking_gate;lever_thinking_seed42.jsonl:thinking;lever_universal_gate_gpqa_seed1001.jsonl:universal_gate;lever_universal_gate_gpqa_seed3407.jsonl:universal_gate;moo_m1_eval.jsonl:moo:standard-tribunal;moo_m1_eval.jsonl:moo:stem-max;moo_m1_eval.jsonl:moo:flagship_panel;moo_m1_eval.jsonl:moo:thinking_gate;moo_m1_eval.jsonl:moo:single-call;moo_m1_eval.jsonl:moo:rag_thinking_gate;moo_m1_eval.jsonl:moo:rag_presolve;TB1_flagship1x_gpqa_seed1001.jsonl:baseline_3.7max;TB1_flagship1x_gpqa_seed3407.jsonl:baseline_3.7max
GPQA-Diamond,recVvpD8miVjmmyfe,42,17,25,3,False,False,full_run.jsonl:baseline_3.7max;full_run.jsonl:shipped_engine(pilot);full_run.jsonl:self_consistency_5x;full_run2.jsonl:baseline_3.7max;full_run2.jsonl:shipped_engine(pilot);full_run2.jsonl:self_consistency_5x;KI1BC_compute_matched_n9_gpqa_seed2311.jsonl:diversified_panel;lever_baseline_gpqa_seed217.jsonl:baseline_3.7max;lever_baseline_seed123.jsonl:baseline_3.7max;lever_chem_flagship_gate_gpqa_seed888.jsonl:chem_flagship_gate;lever_chem_flagship_gate_seed555.jsonl:chem_flagship_gate;lever_chem_thinking_gate_gpqa_seed217.jsonl:chem_thinking_gate;lever_chem_thinking_gate_gpqa_seed471.jsonl:chem_thinking_gate;lever_combined_seed42.jsonl:combined;lever_control_seed7.jsonl:control;lever_control_seed7_replicate.jsonl:control;lever_five_seed42.jsonl:five;lever_flagship_panel_seed42.jsonl:flagship_panel;lever_flagship_panel_seed42_replicate.jsonl:flagship_panel;lever_flagship_panel_seed7.jsonl:flagship_panel;lever_qwen38_judge_gpqa_seed42.jsonl:qwen38_judge;lever_rag_presolve_gpqa_seed42.jsonl:rag_presolve;lever_smart_gate_seed123.jsonl:smart_gate;lever_subject_seed7.jsonl:subject;lever_thinking_all_seed42.jsonl:thinking_all;lever_thinking_all_seed7.jsonl:thinking_all;lever_thinking_gate_seed123.jsonl:thinking_gate;lever_thinking_gate_seed42.jsonl:thinking_gate;lever_thinking_gate_seed7.jsonl:thinking_gate;lever_thinking_seed42.jsonl:thinking;lever_thinking_seed7.jsonl:thinking;lever_universal_gate_gpqa_seed1001.jsonl:universal_gate;lever_universal_gate_gpqa_seed2311.jsonl:universal_gate;lever_universal_gate_gpqa_seed3407.jsonl:universal_gate;moo_m1_eval.jsonl:moo:standard-tribunal;moo_m1_eval.jsonl:moo:thinking_gate;moo_m1_eval.jsonl:moo:rag_presolve;moo_m1_eval.jsonl:moo:stem-max;moo_m1_eval.jsonl:moo:rag_thinking_gate;TB1_flagship1x_gpqa_seed1001.jsonl:baseline_3.7max;TB1_flagship1x_gpqa_seed2311.jsonl:baseline_3.7max;TB1_flagship1x_gpqa_seed3407.jsonl:baseline_3.7max
GPQA-Diamond,recHVUd2DkoKfedJZ,41,37,4,1,False,False,full_run.jsonl:baseline_3.7max;full_run.jsonl:shipped_engine(pilot);full_run.jsonl:self_consistency_5x;full_run2.jsonl:baseline_3.7max;full_run2.jsonl:shipped_engine(pilot);full_run2.jsonl:self_consistency_5x;KI1BC_compute_matched_n9_gpqa_seed2311.jsonl:diversified_panel;lever_baseline_gpqa_seed471.jsonl:baseline_3.7max;lever_baseline_seed123.jsonl:baseline_3.7max;lever_baseline_seed7.jsonl:baseline_3.7max;lever_chem_flagship_gate_gpqa_seed888.jsonl:chem_flagship_gate;lever_chem_thinking_gate_gpqa_seed471.jsonl:chem_thinking_gate;lever_combined_seed42.jsonl:combined;lever_combined_seed7.jsonl:combined;lever_control_seed7.jsonl:control;lever_control_seed7_replicate.jsonl:control;lever_five_seed42.jsonl:five;lever_flagship_panel_seed42.jsonl:flagship_panel;lever_flagship_panel_seed42_replicate.jsonl:flagship_panel;lever_flagship_panel_seed7.jsonl:flagship_panel;lever_rag_presolve_gpqa_seed42.jsonl:rag_presolve;lever_smart_gate_seed123.jsonl:smart_gate;lever_subject_seed7.jsonl:subject;lever_thinking_all_seed42.jsonl:thinking_all;lever_thinking_all_seed7.jsonl:thinking_all;lever_thinking_gate_seed123.jsonl:thinking_gate;lever_thinking_gate_seed42.jsonl:thinking_gate;lever_thinking_gate_seed7.jsonl:thinking_gate;lever_thinking_seed42.jsonl:thinking;lever_thinking_seed7.jsonl:thinking;lever_universal_gate_gpqa_seed1001.jsonl:universal_gate;lever_universal_gate_gpqa_seed2311.jsonl:universal_gate;moo_m1_eval.jsonl:moo:standard-tribunal;moo_m1_eval.jsonl:moo:stem-max;moo_m1_eval.jsonl:moo:rag_presolve;moo_m1_eval.jsonl:moo:thinking_gate;moo_m1_eval.jsonl:moo:flagship_panel;moo_m1_eval.jsonl:moo:single-call;moo_m1_eval.jsonl:moo:rag_thinking_gate;TB1_flagship1x_gpqa_seed1001.jsonl:baseline_3.7max;TB1_flagship1x_gpqa_seed2311.jsonl:baseline_3.7max
GPQA-Diamond,recVEXvhYxAhELVqB,25,25,0,0,True,False,full_run.jsonl:baseline_3.7max;full_run.jsonl:shipped_engine(pilot);full_run.jsonl:self_consistency_5x;full_run2.jsonl:baseline_3.7max;full_run2.jsonl:shipped_engine(pilot);full_run2.jsonl:self_consistency_5x;lever_baseline_gpqa_seed314.jsonl:baseline_3.7max;lever_chem_flagship_gate_seed555.jsonl:chem_flagship_gate;lever_chem_thinking_gate_gpqa_seed314.jsonl:chem_thinking_gate;lever_combined_seed42.jsonl:combined;lever_five_seed42.jsonl:five;lever_flagship_panel_seed42.jsonl:flagship_panel;lever_flagship_panel_seed42_replicate.jsonl:flagship_panel;lever_qwen38_judge_gpqa_seed42.jsonl:qwen38_judge;lever_rag_presolve_gpqa_seed42.jsonl:rag_presolve;lever_thinking_all_seed42.jsonl:thinking_all;lever_thinking_gate_seed42.jsonl:thinking_gate;lever_thinking_seed42.jsonl:thinking;moo_m1_eval.jsonl:moo:standard-tribunal;moo_m1_eval.jsonl:moo:thinking_gate;moo_m1_eval.jsonl:moo:rag_presolve;moo_m1_eval.jsonl:moo:stem-max;moo_m1_eval.jsonl:moo:flagship_panel;moo_m1_eval.jsonl:moo:single-call;moo_m1_eval.jsonl:moo:rag_thinking_gate
GPQA-Diamond,reczzzihL7btBH7RO,24,3,21,1,False,True,full_run.jsonl:baseline_3.7max;full_run.jsonl:shipped_engine(pilot);full_run.jsonl:self_consistency_5x;full_run2.jsonl:baseline_3.7max;full_run2.jsonl:shipped_engine(pilot);full_run2.jsonl:self_consistency_5x;KI1BC_compute_matched_n9_gpqa_seed2311.jsonl:diversified_panel;lever_baseline_gpqa_seed217.jsonl:baseline_3.7max;lever_baseline_seed123.jsonl:baseline_3.7max;lever_chem_flagship_gate_gpqa_seed888.jsonl:chem_flagship_gate;lever_chem_thinking_gate_gpqa_seed217.jsonl:chem_thinking_gate;lever_combined_seed42.jsonl:combined;lever_five_seed42.jsonl:five;lever_flagship_panel_seed42.jsonl:flagship_panel;lever_flagship_panel_seed42_replicate.jsonl:flagship_panel;lever_qwen38_judge_gpqa_seed42.jsonl:qwen38_judge;lever_rag_presolve_gpqa_seed42.jsonl:rag_presolve;lever_smart_gate_seed123.jsonl:smart_gate;lever_thinking_all_seed42.jsonl:thinking_all;lever_thinking_gate_seed123.jsonl:thinking_gate;lever_thinking_gate_seed42.jsonl:thinking_gate;lever_thinking_seed42.jsonl:thinking;lever_universal_gate_gpqa_seed2311.jsonl:universal_gate;TB1_flagship1x_gpqa_seed2311.jsonl:baseline_3.7max
GPQA-Diamond,recPSTGXK3P39yNYT,33,33,0,0,True,False,full_run.jsonl:baseline_3.7max;full_run.jsonl:shipped_engine(pilot);full_run.jsonl:self_consistency_5x;full_run2.jsonl:baseline_3.7max;full_run2.jsonl:shipped_engine(pilot);full_run2.jsonl:self_consistency_5x;lever_baseline_gpqa_seed217.jsonl:baseline_3.7max;lever_baseline_gpqa_seed314.jsonl:baseline_3.7max;lever_baseline_seed123.jsonl:baseline_3.7max;lever_baseline_seed7.jsonl:baseline_3.7max;lever_chem_flagship_gate_gpqa_seed777.jsonl:chem_flagship_gate;lever_chem_flagship_gate_seed555.jsonl:chem_flagship_gate;lever_chem_thinking_gate_gpqa_seed217.jsonl:chem_thinking_gate;lever_chem_thinking_gate_gpqa_seed314.jsonl:chem_thinking_gate;lever_combined_seed42.jsonl:combined;lever_combined_seed7.jsonl:combined;lever_control_seed7.jsonl:control;lever_control_seed7_replicate.jsonl:control;lever_five_seed42.jsonl:five;lever_flagship_panel_seed42.jsonl:flagship_panel;lever_flagship_panel_seed42_replicate.jsonl:flagship_panel;lever_flagship_panel_seed7.jsonl:flagship_panel;lever_qwen38_judge_gpqa_seed42.jsonl:qwen38_judge;lever_rag_presolve_gpqa_seed42.jsonl:rag_presolve;lever_smart_gate_seed123.jsonl:smart_gate;lever_subject_seed7.jsonl:subject;lever_thinking_all_seed42.jsonl:thinking_all;lever_thinking_all_seed7.jsonl:thinking_all;lever_thinking_gate_seed123.jsonl:thinking_gate;lever_thinking_gate_seed42.jsonl:thinking_gate;lever_thinking_gate_seed7.jsonl:thinking_gate;lever_thinking_seed42.jsonl:thinking;lever_thinking_seed7.jsonl:thinking
GPQA-Diamond,recL9MFV5zmdlle5T,24,24,0,0,True,False,full_run.jsonl:baseline_3.7max;full_run.jsonl:shipped_engine(pilot);full_run.jsonl:self_consistency_5x;full_run2.jsonl:baseline_3.7max;full_run2.jsonl:shipped_engine(pilot);full_run2.jsonl:self_consistency_5x;lever_baseline_gpqa_seed217.jsonl:baseline_3.7max;lever_baseline_gpqa_seed471.jsonl:baseline_3.7max;lever_chem_flagship_gate_gpqa_seed777.jsonl:chem_flagship_gate;lever_chem_flagship_gate_gpqa_seed888.jsonl:chem_flagship_gate;lever_chem_flagship_gate_seed555.jsonl:chem_flagship_gate;lever_chem_thinking_gate_gpqa_seed217.jsonl:chem_thinking_gate;lever_chem_thinking_gate_gpqa_seed471.jsonl:chem_thinking_gate;lever_combined_seed42.jsonl:combined;lever_five_seed42.jsonl:five;lever_flagship_panel_seed42.jsonl:flagship_panel;lever_flagship_panel_seed42_replicate.jsonl:flagship_panel;lever_qwen38_judge_gpqa_seed42.jsonl:qwen38_judge;lever_rag_presolve_gpqa_seed42.jsonl:rag_presolve;lever_thinking_all_seed42.jsonl:thinking_all;lever_thinking_gate_seed42.jsonl:thinking_gate;lever_thinking_seed42.jsonl:thinking;lever_universal_gate_gpqa_seed1001.jsonl:universal_gate;TB1_flagship1x_gpqa_seed1001.jsonl:baseline_3.7max
GPQA-Diamond,recwW1A85nfyQpReG,33,31,2,1,False,False,full_run.jsonl:baseline_3.7max;full_run.jsonl:shipped_engine(pilot);full_run.jsonl:self_consistency_5x;full_run2.jsonl:baseline_3.7max;full_run2.jsonl:shipped_engine(pilot);full_run2.jsonl:self_consistency_5x;KI1BC_compute_matched_n9_gpqa_seed2311.jsonl:diversified_panel;lever_baseline_gpqa_seed314.jsonl:baseline_3.7max;lever_baseline_seed123.jsonl:baseline_3.7max;lever_baseline_seed7.jsonl:baseline_3.7max;lever_chem_flagship_gate_seed555.jsonl:chem_flagship_gate;lever_chem_thinking_gate_gpqa_seed314.jsonl:chem_thinking_gate;lever_combined_seed42.jsonl:combined;lever_combined_seed7.jsonl:combined;lever_control_seed7.jsonl:control;lever_control_seed7_replicate.jsonl:control;lever_five_seed42.jsonl:five;lever_flagship_panel_seed42.jsonl:flagship_panel;lever_flagship_panel_seed42_replicate.jsonl:flagship_panel;lever_flagship_panel_seed7.jsonl:flagship_panel;lever_qwen38_judge_gpqa_seed42.jsonl:qwen38_judge;lever_rag_presolve_gpqa_seed42.jsonl:rag_presolve;lever_smart_gate_seed123.jsonl:smart_gate;lever_subject_seed7.jsonl:subject;lever_thinking_all_seed42.jsonl:thinking_all;lever_thinking_all_seed7.jsonl:thinking_all;lever_thinking_gate_seed123.jsonl:thinking_gate;lever_thinking_gate_seed42.jsonl:thinking_gate;lever_thinking_gate_seed7.jsonl:thinking_gate;lever_thinking_seed42.jsonl:thinking;lever_thinking_seed7.jsonl:thinking;lever_universal_gate_gpqa_seed2311.jsonl:universal_gate;TB1_flagship1x_gpqa_seed2311.jsonl:baseline_3.7max
GPQA-Diamond,recIlghoOw5VbY4Zh,29,29,0,0,True,False,full_run.jsonl:baseline_3.7max;full_run.jsonl:shipped_engine(pilot);full_run.jsonl:self_consistency_5x;full_run2.jsonl:baseline_3.7max;full_run2.jsonl:shipped_engine(pilot);full_run2.jsonl:self_consistency_5x;lever_baseline_gpqa_seed217.jsonl:baseline_3.7max;lever_baseline_seed7.jsonl:baseline_3.7max;lever_chem_flagship_gate_gpqa_seed888.jsonl:chem_flagship_gate;lever_chem_thinking_gate_gpqa_seed217.jsonl:chem_thinking_gate;lever_combined_seed42.jsonl:combined;lever_combined_seed7.jsonl:combined;lever_control_seed7.jsonl:control;lever_control_seed7_replicate.jsonl:control;lever_five_seed42.jsonl:five;lever_flagship_panel_seed42.jsonl:flagship_panel;lever_flagship_panel_seed42_replicate.jsonl:flagship_panel;lever_flagship_panel_seed7.jsonl:flagship_panel;lever_qwen38_judge_gpqa_seed42.jsonl:qwen38_judge;lever_rag_presolve_gpqa_seed42.jsonl:rag_presolve;lever_subject_seed7.jsonl:subject;lever_thinking_all_seed42.jsonl:thinking_all;lever_thinking_all_seed7.jsonl:thinking_all;lever_thinking_gate_seed42.jsonl:thinking_gate;lever_thinking_gate_seed7.jsonl:thinking_gate;lever_thinking_seed42.jsonl:thinking;lever_thinking_seed7.jsonl:thinking;lever_universal_gate_gpqa_seed1001.jsonl:universal_gate;TB1_flagship1x_gpqa_seed1001.jsonl:baseline_3.7max
GPQA-Diamond,recOvqPKUtyy9ISA1,34,27,7,2,False,False,full_run.jsonl:baseline_3.7max;full_run.jsonl:shipped_engine(pilot);full_run.jsonl:self_consistency_5x;full_run2.jsonl:baseline_3.7max;full_run2.jsonl:shipped_engine(pilot);full_run2.jsonl:self_consistency_5x;lever_baseline_gpqa_seed314.jsonl:baseline_3.7max;lever_baseline_gpqa_seed471.jsonl:baseline_3.7max;lever_baseline_seed7.jsonl:baseline_3.7max;lever_chem_flagship_gate_gpqa_seed888.jsonl:chem_flagship_gate;lever_chem_thinking_gate_gpqa_seed314.jsonl:chem_thinking_gate;lever_combined_seed42.jsonl:combined;lever_combined_seed7.jsonl:combined;lever_control_seed7.jsonl:control;lever_control_seed7_replicate.jsonl:control;lever_five_seed42.jsonl:five;lever_flagship_panel_seed42.jsonl:flagship_panel;lever_flagship_panel_seed42_replicate.jsonl:flagship_panel;lever_flagship_panel_seed7.jsonl:flagship_panel;lever_rag_presolve_gpqa_seed42.jsonl:rag_presolve;lever_subject_seed7.jsonl:subject;lever_thinking_all_seed42.jsonl:thinking_all;lever_thinking_all_seed7.jsonl:thinking_all;lever_thinking_gate_seed42.jsonl:thinking_gate;lever_thinking_gate_seed7.jsonl:thinking_gate;lever_thinking_seed42.jsonl:thinking;lever_thinking_seed7.jsonl:thinking;moo_m1_eval.jsonl:moo:standard-tribunal;moo_m1_eval.jsonl:moo:thinking_gate;moo_m1_eval.jsonl:moo:rag_presolve;moo_m1_eval.jsonl:moo:flagship_panel;moo_m1_eval.jsonl:moo:rag_thinking_gate;moo_m1_eval.jsonl:moo:single-call;moo_m1_eval.jsonl:moo:stem-max
GPQA-Diamond,rec4L69T0Y1AS4AFS,32,26,6,1,False,False,full_run.jsonl:baseline_3.7max;full_run.jsonl:shipped_engine(pilot);full_run.jsonl:self_consistency_5x;full_run2.jsonl:baseline_3.7max;full_run2.jsonl:shipped_engine(pilot);full_run2.jsonl:self_consistency_5x;KI1BC_compute_matched_n9_gpqa_seed2311.jsonl:diversified_panel;lever_baseline_gpqa_seed314.jsonl:baseline_3.7max;lever_baseline_seed123.jsonl:baseline_3.7max;lever_baseline_seed7.jsonl:baseline_3.7max;lever_chem_thinking_gate_gpqa_seed314.jsonl:chem_thinking_gate;lever_combined_seed42.jsonl:combined;lever_combined_seed7.jsonl:combined;lever_control_seed7.jsonl:control;lever_control_seed7_replicate.jsonl:control;lever_five_seed42.jsonl:five;lever_flagship_panel_seed42.jsonl:flagship_panel;lever_flagship_panel_seed42_replicate.jsonl:flagship_panel;lever_flagship_panel_seed7.jsonl:flagship_panel;lever_qwen38_judge_gpqa_seed42.jsonl:qwen38_judge;lever_rag_presolve_gpqa_seed42.jsonl:rag_presolve;lever_smart_gate_seed123.jsonl:smart_gate;lever_subject_seed7.jsonl:subject;lever_thinking_all_seed42.jsonl:thinking_all;lever_thinking_all_seed7.jsonl:thinking_all;lever_thinking_gate_seed123.jsonl:thinking_gate;lever_thinking_gate_seed42.jsonl:thinking_gate;lever_thinking_gate_seed7.jsonl:thinking_gate;lever_thinking_seed42.jsonl:thinking;lever_thinking_seed7.jsonl:thinking;lever_universal_gate_gpqa_seed2311.jsonl:universal_gate;TB1_flagship1x_gpqa_seed2311.jsonl:baseline_3.7max
GPQA-Diamond,recEmTBhx2hgw6tPQ,30,14,16,2,False,False,full_run.jsonl:baseline_3.7max;full_run.jsonl:shipped_engine(pilot);full_run.jsonl:self_consistency_5x;full_run2.jsonl:baseline_3.7max;full_run2.jsonl:shipped_engine(pilot);full_run2.jsonl:self_consistency_5x;lever_baseline_gpqa_seed314.jsonl:baseline_3.7max;lever_baseline_gpqa_seed471.jsonl:baseline_3.7max;lever_baseline_seed7.jsonl:baseline_3.7max;lever_chem_thinking_gate_gpqa_seed314.jsonl:chem_thinking_gate;lever_chem_thinking_gate_gpqa_seed471.jsonl:chem_thinking_gate;lever_combined_seed42.jsonl:combined;lever_combined_seed7.jsonl:combined;lever_control_seed7.jsonl:control;lever_control_seed7_replicate.jsonl:control;lever_five_seed42.jsonl:five;lever_flagship_panel_seed42.jsonl:flagship_panel;lever_flagship_panel_seed42_replicate.jsonl:flagship_panel;lever_flagship_panel_seed7.jsonl:flagship_panel;lever_qwen38_judge_gpqa_seed42.jsonl:qwen38_judge;lever_rag_presolve_gpqa_seed42.jsonl:rag_presolve;lever_subject_seed7.jsonl:subject;lever_thinking_all_seed42.jsonl:thinking_all;lever_thinking_all_seed7.jsonl:thinking_all;lever_thinking_gate_seed42.jsonl:thinking_gate;lever_thinking_gate_seed7.jsonl:thinking_gate;lever_thinking_seed42.jsonl:thinking;lever_thinking_seed7.jsonl:thinking;lever_universal_gate_gpqa_seed3407.jsonl:universal_gate;TB1_flagship1x_gpqa_seed3407.jsonl:baseline_3.7max
GPQA-Diamond,recGee5m84dg5FZkc,23,16,7,1,False,False,full_run.jsonl:baseline_3.7max;full_run.jsonl:shipped_engine(pilot);full_run.jsonl:self_consistency_5x;full_run2.jsonl:baseline_3.7max;full_run2.jsonl:shipped_engine(pilot);full_run2.jsonl:self_consistency_5x;KI1BC_compute_matched_n9_gpqa_seed2311.jsonl:diversified_panel;lever_baseline_gpqa_seed471.jsonl:baseline_3.7max;lever_chem_thinking_gate_gpqa_seed471.jsonl:chem_thinking_gate;lever_combined_seed42.jsonl:combined;lever_five_seed42.jsonl:five;lever_flagship_panel_seed42.jsonl:flagship_panel;lever_flagship_panel_seed42_replicate.jsonl:flagship_panel;lever_rag_presolve_gpqa_seed42.jsonl:rag_presolve;lever_thinking_all_seed42.jsonl:thinking_all;lever_thinking_gate_seed42.jsonl:thinking_gate;lever_thinking_seed42.jsonl:thinking;lever_universal_gate_gpqa_seed1001.jsonl:universal_gate;lever_universal_gate_gpqa_seed2311.jsonl:universal_gate;lever_universal_gate_gpqa_seed3407.jsonl:universal_gate;TB1_flagship1x_gpqa_seed1001.jsonl:baseline_3.7max;TB1_flagship1x_gpqa_seed2311.jsonl:baseline_3.7max;TB1_flagship1x_gpqa_seed3407.jsonl:baseline_3.7max
GPQA-Diamond,recwlwlcPvXVNPmvl,23,23,0,0,True,False,full_run.jsonl:baseline_3.7max;full_run.jsonl:shipped_engine(pilot);full_run.jsonl:self_consistency_5x;full_run2.jsonl:baseline_3.7max;full_run2.jsonl:shipped_engine(pilot);full_run2.jsonl:self_consistency_5x;KI1BC_compute_matched_n9_gpqa_seed2311.jsonl:diversified_panel;lever_chem_flagship_gate_seed555.jsonl:chem_flagship_gate;lever_combined_seed42.jsonl:combined;lever_five_seed42.jsonl:five;lever_flagship_panel_seed42.jsonl:flagship_panel;lever_flagship_panel_seed42_replicate.jsonl:flagship_panel;lever_qwen38_judge_gpqa_seed42.jsonl:qwen38_judge;lever_rag_presolve_gpqa_seed42.jsonl:rag_presolve;lever_thinking_all_seed42.jsonl:thinking_all;lever_thinking_gate_seed42.jsonl:thinking_gate;lever_thinking_seed42.jsonl:thinking;lever_universal_gate_gpqa_seed1001.jsonl:universal_gate;lever_universal_gate_gpqa_seed2311.jsonl:universal_gate;lever_universal_gate_gpqa_seed3407.jsonl:universal_gate;TB1_flagship1x_gpqa_seed1001.jsonl:baseline_3.7max;TB1_flagship1x_gpqa_seed2311.jsonl:baseline_3.7max;TB1_flagship1x_gpqa_seed3407.jsonl:baseline_3.7max
GPQA-Diamond,recJZ3QEfRKjYw9a7,38,35,3,2,False,False,full_run.jsonl:baseline_3.7max;full_run.jsonl:shipped_engine(pilot);full_run.jsonl:self_consistency_5x;full_run2.jsonl:baseline_3.7max;full_run2.jsonl:shipped_engine(pilot);full_run2.jsonl:self_consistency_5x;KI1BC_compute_matched_n9_gpqa_seed2311.jsonl:diversified_panel;lever_baseline_gpqa_seed314.jsonl:baseline_3.7max;lever_baseline_gpqa_seed471.jsonl:baseline_3.7max;lever_baseline_seed123.jsonl:baseline_3.7max;lever_baseline_seed7.jsonl:baseline_3.7max;lever_chem_flagship_gate_gpqa_seed777.jsonl:chem_flagship_gate;lever_chem_flagship_gate_gpqa_seed888.jsonl:chem_flagship_gate;lever_chem_flagship_gate_seed555.jsonl:chem_flagship_gate;lever_chem_thinking_gate_gpqa_seed314.jsonl:chem_thinking_gate;lever_chem_thinking_gate_gpqa_seed471.jsonl:chem_thinking_gate;lever_combined_seed42.jsonl:combined;lever_combined_seed7.jsonl:combined;lever_control_seed7.jsonl:control;lever_control_seed7_replicate.jsonl:control;lever_five_seed42.jsonl:five;lever_flagship_panel_seed42.jsonl:flagship_panel;lever_flagship_panel_seed42_replicate.jsonl:flagship_panel;lever_flagship_panel_seed7.jsonl:flagship_panel;lever_rag_presolve_gpqa_seed42.jsonl:rag_presolve;lever_smart_gate_seed123.jsonl:smart_gate;lever_subject_seed7.jsonl:subject;lever_thinking_all_seed42.jsonl:thinking_all;lever_thinking_all_seed7.jsonl:thinking_all;lever_thinking_gate_seed123.jsonl:thinking_gate;lever_thinking_gate_seed42.jsonl:thinking_gate;lever_thinking_gate_seed7.jsonl:thinking_gate;lever_thinking_seed42.jsonl:thinking;lever_thinking_seed7.jsonl:thinking;lever_universal_gate_gpqa_seed2311.jsonl:universal_gate;lever_universal_gate_gpqa_seed3407.jsonl:universal_gate;TB1_flagship1x_gpqa_seed2311.jsonl:baseline_3.7max;TB1_flagship1x_gpqa_seed3407.jsonl:baseline_3.7max
GPQA-Diamond,recdya6FuYraBU5Rh,34,34,0,0,True,False,full_run.jsonl:baseline_3.7max;full_run.jsonl:shipped_engine(pilot);full_run.jsonl:self_consistency_5x;full_run2.jsonl:baseline_3.7max;full_run2.jsonl:shipped_engine(pilot);full_run2.jsonl:self_consistency_5x;lever_baseline_gpqa_seed217.jsonl:baseline_3.7max;lever_baseline_seed123.jsonl:baseline_3.7max;lever_baseline_seed7.jsonl:baseline_3.7max;lever_chem_flagship_gate_gpqa_seed777.jsonl:chem_flagship_gate;lever_chem_flagship_gate_gpqa_seed888.jsonl:chem_flagship_gate;lever_chem_flagship_gate_seed555.jsonl:chem_flagship_gate;lever_chem_thinking_gate_gpqa_seed217.jsonl:chem_thinking_gate;lever_combined_seed42.jsonl:combined;lever_combined_seed7.jsonl:combined;lever_control_seed7.jsonl:control;lever_control_seed7_replicate.jsonl:control;lever_five_seed42.jsonl:five;lever_flagship_panel_seed42.jsonl:flagship_panel;lever_flagship_panel_seed42_replicate.jsonl:flagship_panel;lever_flagship_panel_seed7.jsonl:flagship_panel;lever_qwen38_judge_gpqa_seed42.jsonl:qwen38_judge;lever_rag_presolve_gpqa_seed42.jsonl:rag_presolve;lever_smart_gate_seed123.jsonl:smart_gate;lever_subject_seed7.jsonl:subject;lever_thinking_all_seed42.jsonl:thinking_all;lever_thinking_all_seed7.jsonl:thinking_all;lever_thinking_gate_seed123.jsonl:thinking_gate;lever_thinking_gate_seed42.jsonl:thinking_gate;lever_thinking_gate_seed7.jsonl:thinking_gate;lever_thinking_seed42.jsonl:thinking;lever_thinking_seed7.jsonl:thinking;lever_universal_gate_gpqa_seed1001.jsonl:universal_gate;TB1_flagship1x_gpqa_seed1001.jsonl:baseline_3.7max
GPQA-Diamond,rectXfsCM1dj4Kv2c,17,17,0,0,True,False,full_run.jsonl:baseline_3.7max;full_run.jsonl:shipped_engine(pilot);full_run.jsonl:self_consistency_5x;full_run2.jsonl:baseline_3.7max;full_run2.jsonl:shipped_engine(pilot);full_run2.jsonl:self_consistency_5x;lever_baseline_gpqa_seed314.jsonl:baseline_3.7max;lever_chem_thinking_gate_gpqa_seed314.jsonl:chem_thinking_gate;lever_combined_seed42.jsonl:combined;lever_five_seed42.jsonl:five;lever_flagship_panel_seed42.jsonl:flagship_panel;lever_flagship_panel_seed42_replicate.jsonl:flagship_panel;lever_qwen38_judge_gpqa_seed42.jsonl:qwen38_judge;lever_rag_presolve_gpqa_seed42.jsonl:rag_presolve;lever_thinking_all_seed42.jsonl:thinking_all;lever_thinking_gate_seed42.jsonl:thinking_gate;lever_thinking_seed42.jsonl:thinking
GPQA-Diamond,recaXdGn3FAIkxLGM,19,17,2,1,False,False,full_run.jsonl:baseline_3.7max;full_run.jsonl:shipped_engine(pilot);full_run.jsonl:self_consistency_5x;full_run2.jsonl:baseline_3.7max;full_run2.jsonl:shipped_engine(pilot);full_run2.jsonl:self_consistency_5x;lever_baseline_gpqa_seed217.jsonl:baseline_3.7max;lever_chem_flagship_gate_gpqa_seed777.jsonl:chem_flagship_gate;lever_chem_flagship_gate_seed555.jsonl:chem_flagship_gate;lever_chem_thinking_gate_gpqa_seed217.jsonl:chem_thinking_gate;lever_combined_seed42.jsonl:combined;lever_five_seed42.jsonl:five;lever_flagship_panel_seed42.jsonl:flagship_panel;lever_flagship_panel_seed42_replicate.jsonl:flagship_panel;lever_qwen38_judge_gpqa_seed42.jsonl:qwen38_judge;lever_rag_presolve_gpqa_seed42.jsonl:rag_presolve;lever_thinking_all_seed42.jsonl:thinking_all;lever_thinking_gate_seed42.jsonl:thinking_gate;lever_thinking_seed42.jsonl:thinking
GPQA-Diamond,rec06pnAkLOr2t2mp,33,33,0,0,True,False,full_run.jsonl:baseline_3.7max;full_run.jsonl:shipped_engine(pilot);full_run.jsonl:self_consistency_5x;full_run2.jsonl:baseline_3.7max;full_run2.jsonl:shipped_engine(pilot);full_run2.jsonl:self_consistency_5x;KI1BC_compute_matched_n9_gpqa_seed2311.jsonl:diversified_panel;lever_baseline_gpqa_seed471.jsonl:baseline_3.7max;lever_baseline_seed7.jsonl:baseline_3.7max;lever_chem_flagship_gate_gpqa_seed888.jsonl:chem_flagship_gate;lever_chem_flagship_gate_seed555.jsonl:chem_flagship_gate;lever_chem_thinking_gate_gpqa_seed471.jsonl:chem_thinking_gate;lever_combined_seed42.jsonl:combined;lever_combined_seed7.jsonl:combined;lever_control_seed7.jsonl:control;lever_control_seed7_replicate.jsonl:control;lever_five_seed42.jsonl:five;lever_flagship_panel_seed42.jsonl:flagship_panel;lever_flagship_panel_seed42_replicate.jsonl:flagship_panel;lever_flagship_panel_seed7.jsonl:flagship_panel;lever_qwen38_judge_gpqa_seed42.jsonl:qwen38_judge;lever_rag_presolve_gpqa_seed42.jsonl:rag_presolve;lever_subject_seed7.jsonl:subject;lever_thinking_all_seed42.jsonl:thinking_all;lever_thinking_all_seed7.jsonl:thinking_all;lever_thinking_gate_seed42.jsonl:thinking_gate;lever_thinking_gate_seed7.jsonl:thinking_gate;lever_thinking_seed42.jsonl:thinking;lever_thinking_seed7.jsonl:thinking;lever_universal_gate_gpqa_seed1001.jsonl:universal_gate;lever_universal_gate_gpqa_seed2311.jsonl:universal_gate;TB1_flagship1x_gpqa_seed1001.jsonl:baseline_3.7max;TB1_flagship1x_gpqa_seed2311.jsonl:baseline_3.7max
GPQA-Diamond,rec7C06XOB2h298ue,26,26,0,0,True,False,full_run.jsonl:baseline_3.7max;full_run.jsonl:shipped_engine(pilot);full_run.jsonl:self_consistency_5x;full_run2.jsonl:baseline_3.7max;full_run2.jsonl:shipped_engine(pilot);full_run2.jsonl:self_consistency_5x;lever_baseline_gpqa_seed217.jsonl:baseline_3.7max;lever_baseline_gpqa_seed314.jsonl:baseline_3.7max;lever_baseline_gpqa_seed471.jsonl:baseline_3.7max;lever_baseline_seed123.jsonl:baseline_3.7max;lever_chem_thinking_gate_gpqa_seed217.jsonl:chem_thinking_gate;lever_chem_thinking_gate_gpqa_seed314.jsonl:chem_thinking_gate;lever_chem_thinking_gate_gpqa_seed471.jsonl:chem_thinking_gate;lever_combined_seed42.jsonl:combined;lever_five_seed42.jsonl:five;lever_flagship_panel_seed42.jsonl:flagship_panel;lever_flagship_panel_seed42_replicate.jsonl:flagship_panel;lever_qwen38_judge_gpqa_seed42.jsonl:qwen38_judge;lever_rag_presolve_gpqa_seed42.jsonl:rag_presolve;lever_smart_gate_seed123.jsonl:smart_gate;lever_thinking_all_seed42.jsonl:thinking_all;lever_thinking_gate_seed123.jsonl:thinking_gate;lever_thinking_gate_seed42.jsonl:thinking_gate;lever_thinking_seed42.jsonl:thinking;lever_universal_gate_gpqa_seed3407.jsonl:universal_gate;TB1_flagship1x_gpqa_seed3407.jsonl:baseline_3.7max
GPQA-Diamond,recs3PLPUEMiqg4P8,26,20,6,1,False,False,full_run.jsonl:baseline_3.7max;full_run.jsonl:shipped_engine(pilot);full_run.jsonl:self_consistency_5x;full_run2.jsonl:baseline_3.7max;full_run2.jsonl:shipped_engine(pilot);full_run2.jsonl:self_consistency_5x;KI1BC_compute_matched_n9_gpqa_seed2311.jsonl:diversified_panel;lever_baseline_gpqa_seed217.jsonl:baseline_3.7max;lever_baseline_gpqa_seed471.jsonl:baseline_3.7max;lever_baseline_seed123.jsonl:baseline_3.7max;lever_chem_flagship_gate_gpqa_seed777.jsonl:chem_flagship_gate;lever_chem_thinking_gate_gpqa_seed217.jsonl:chem_thinking_gate;lever_chem_thinking_gate_gpqa_seed471.jsonl:chem_thinking_gate;lever_combined_seed42.jsonl:combined;lever_five_seed42.jsonl:five;lever_flagship_panel_seed42.jsonl:flagship_panel;lever_flagship_panel_seed42_replicate.jsonl:flagship_panel;lever_qwen38_judge_gpqa_seed42.jsonl:qwen38_judge;lever_rag_presolve_gpqa_seed42.jsonl:rag_presolve;lever_smart_gate_seed123.jsonl:smart_gate;lever_thinking_all_seed42.jsonl:thinking_all;lever_thinking_gate_seed123.jsonl:thinking_gate;lever_thinking_gate_seed42.jsonl:thinking_gate;lever_thinking_seed42.jsonl:thinking;lever_universal_gate_gpqa_seed2311.jsonl:universal_gate;TB1_flagship1x_gpqa_seed2311.jsonl:baseline_3.7max
GPQA-Diamond,reccVFW11Elovnf8T,22,19,3,1,False,False,full_run.jsonl:baseline_3.7max;full_run.jsonl:shipped_engine(pilot);full_run.jsonl:self_consistency_5x;full_run2.jsonl:baseline_3.7max;full_run2.jsonl:shipped_engine(pilot);full_run2.jsonl:self_consistency_5x;lever_baseline_gpqa_seed314.jsonl:baseline_3.7max;lever_chem_flagship_gate_gpqa_seed777.jsonl:chem_flagship_gate;lever_chem_flagship_gate_seed555.jsonl:chem_flagship_gate;lever_chem_thinking_gate_gpqa_seed314.jsonl:chem_thinking_gate;lever_combined_seed42.jsonl:combined;lever_five_seed42.jsonl:five;lever_flagship_panel_seed42.jsonl:flagship_panel;lever_flagship_panel_seed42_replicate.jsonl:flagship_panel;lever_rag_presolve_gpqa_seed42.jsonl:rag_presolve;lever_thinking_all_seed42.jsonl:thinking_all;lever_thinking_gate_seed42.jsonl:thinking_gate;lever_thinking_seed42.jsonl:thinking;lever_universal_gate_gpqa_seed1001.jsonl:universal_gate;lever_universal_gate_gpqa_seed3407.jsonl:universal_gate;TB1_flagship1x_gpqa_seed1001.jsonl:baseline_3.7max;TB1_flagship1x_gpqa_seed3407.jsonl:baseline_3.7max
GPQA-Diamond,recoiTJPGUmzAkief,27,27,0,0,True,False,full_run.jsonl:baseline_3.7max;full_run.jsonl:shipped_engine(pilot);full_run.jsonl:self_consistency_5x;full_run2.jsonl:baseline_3.7max;full_run2.jsonl:shipped_engine(pilot);full_run2.jsonl:self_consistency_5x;lever_baseline_seed7.jsonl:baseline_3.7max;lever_chem_flagship_gate_gpqa_seed888.jsonl:chem_flagship_gate;lever_combined_seed42.jsonl:combined;lever_combined_seed7.jsonl:combined;lever_control_seed7.jsonl:control;lever_control_seed7_replicate.jsonl:control;lever_five_seed42.jsonl:five;lever_flagship_panel_seed42.jsonl:flagship_panel;lever_flagship_panel_seed42_replicate.jsonl:flagship_panel;lever_flagship_panel_seed7.jsonl:flagship_panel;lever_qwen38_judge_gpqa_seed42.jsonl:qwen38_judge;lever_rag_presolve_gpqa_seed42.jsonl:rag_presolve;lever_subject_seed7.jsonl:subject;lever_thinking_all_seed42.jsonl:thinking_all;lever_thinking_all_seed7.jsonl:thinking_all;lever_thinking_gate_seed42.jsonl:thinking_gate;lever_thinking_gate_seed7.jsonl:thinking_gate;lever_thinking_seed42.jsonl:thinking;lever_thinking_seed7.jsonl:thinking;lever_universal_gate_gpqa_seed3407.jsonl:universal_gate;TB1_flagship1x_gpqa_seed3407.jsonl:baseline_3.7max
GPQA-Diamond,reckEnrOPFT9Ru7tW,28,27,1,1,False,False,full_run.jsonl:baseline_3.7max;full_run.jsonl:shipped_engine(pilot);full_run.jsonl:self_consistency_5x;full_run2.jsonl:baseline_3.7max;full_run2.jsonl:shipped_engine(pilot);full_run2.jsonl:self_consistency_5x;KI1BC_compute_matched_n9_gpqa_seed2311.jsonl:diversified_panel;lever_baseline_gpqa_seed314.jsonl:baseline_3.7max;lever_baseline_gpqa_seed471.jsonl:baseline_3.7max;lever_chem_flagship_gate_gpqa_seed777.jsonl:chem_flagship_gate;lever_chem_flagship_gate_seed555.jsonl:chem_flagship_gate;lever_chem_thinking_gate_gpqa_seed314.jsonl:chem_thinking_gate;lever_chem_thinking_gate_gpqa_seed471.jsonl:chem_thinking_gate;lever_combined_seed42.jsonl:combined;lever_five_seed42.jsonl:five;lever_flagship_panel_seed42.jsonl:flagship_panel;lever_flagship_panel_seed42_replicate.jsonl:flagship_panel;lever_qwen38_judge_gpqa_seed42.jsonl:qwen38_judge;lever_rag_presolve_gpqa_seed42.jsonl:rag_presolve;lever_thinking_all_seed42.jsonl:thinking_all;lever_thinking_gate_seed42.jsonl:thinking_gate;lever_thinking_seed42.jsonl:thinking;lever_universal_gate_gpqa_seed1001.jsonl:universal_gate;lever_universal_gate_gpqa_seed2311.jsonl:universal_gate;lever_universal_gate_gpqa_seed3407.jsonl:universal_gate;TB1_flagship1x_gpqa_seed1001.jsonl:baseline_3.7max;TB1_flagship1x_gpqa_seed2311.jsonl:baseline_3.7max;TB1_flagship1x_gpqa_seed3407.jsonl:baseline_3.7max
GPQA-Diamond,reck4G4xxv3YnpbtQ,39,13,26,2,False,True,full_run.jsonl:baseline_3.7max;full_run.jsonl:shipped_engine(pilot);full_run.jsonl:self_consistency_5x;full_run2.jsonl:baseline_3.7max;full_run2.jsonl:shipped_engine(pilot);full_run2.jsonl:self_consistency_5x;KI1BC_compute_matched_n9_gpqa_seed2311.jsonl:diversified_panel;lever_baseline_gpqa_seed217.jsonl:baseline_3.7max;lever_baseline_gpqa_seed314.jsonl:baseline_3.7max;lever_baseline_seed123.jsonl:baseline_3.7max;lever_baseline_seed7.jsonl:baseline_3.7max;lever_chem_flagship_gate_gpqa_seed777.jsonl:chem_flagship_gate;lever_chem_flagship_gate_seed555.jsonl:chem_flagship_gate;lever_chem_thinking_gate_gpqa_seed217.jsonl:chem_thinking_gate;lever_chem_thinking_gate_gpqa_seed314.jsonl:chem_thinking_gate;lever_combined_seed42.jsonl:combined;lever_combined_seed7.jsonl:combined;lever_control_seed7.jsonl:control;lever_control_seed7_replicate.jsonl:control;lever_five_seed42.jsonl:five;lever_flagship_panel_seed42.jsonl:flagship_panel;lever_flagship_panel_seed42_replicate.jsonl:flagship_panel;lever_flagship_panel_seed7.jsonl:flagship_panel;lever_rag_presolve_gpqa_seed42.jsonl:rag_presolve;lever_smart_gate_seed123.jsonl:smart_gate;lever_subject_seed7.jsonl:subject;lever_thinking_all_seed42.jsonl:thinking_all;lever_thinking_all_seed7.jsonl:thinking_all;lever_thinking_gate_seed123.jsonl:thinking_gate;lever_thinking_gate_seed42.jsonl:thinking_gate;lever_thinking_gate_seed7.jsonl:thinking_gate;lever_thinking_seed42.jsonl:thinking;lever_thinking_seed7.jsonl:thinking;lever_universal_gate_gpqa_seed1001.jsonl:universal_gate;lever_universal_gate_gpqa_seed2311.jsonl:universal_gate;lever_universal_gate_gpqa_seed3407.jsonl:universal_gate;TB1_flagship1x_gpqa_seed1001.jsonl:baseline_3.7max;TB1_flagship1x_gpqa_seed2311.jsonl:baseline_3.7max;TB1_flagship1x_gpqa_seed3407.jsonl:baseline_3.7max
GPQA-Diamond,rechgQucGlrnt8KRV,22,22,0,0,True,False,full_run.jsonl:baseline_3.7max;full_run.jsonl:shipped_engine(pilot);full_run.jsonl:self_consistency_5x;full_run2.jsonl:baseline_3.7max;full_run2.jsonl:shipped_engine(pilot);full_run2.jsonl:self_consistency_5x;KI1BC_compute_matched_n9_gpqa_seed2311.jsonl:diversified_panel;lever_baseline_gpqa_seed217.jsonl:baseline_3.7max;lever_chem_flagship_gate_gpqa_seed777.jsonl:chem_flagship_gate;lever_chem_flagship_gate_seed555.jsonl:chem_flagship_gate;lever_chem_thinking_gate_gpqa_seed217.jsonl:chem_thinking_gate;lever_combined_seed42.jsonl:combined;lever_five_seed42.jsonl:five;lever_flagship_panel_seed42.jsonl:flagship_panel;lever_flagship_panel_seed42_replicate.jsonl:flagship_panel;lever_qwen38_judge_gpqa_seed42.jsonl:qwen38_judge;lever_rag_presolve_gpqa_seed42.jsonl:rag_presolve;lever_thinking_all_seed42.jsonl:thinking_all;lever_thinking_gate_seed42.jsonl:thinking_gate;lever_thinking_seed42.jsonl:thinking;lever_universal_gate_gpqa_seed2311.jsonl:universal_gate;TB1_flagship1x_gpqa_seed2311.jsonl:baseline_3.7max
GPQA-Diamond,recI1ls9OXdxatHQn,21,19,2,1,False,False,full_run.jsonl:baseline_3.7max;full_run.jsonl:shipped_engine(pilot);full_run.jsonl:self_consistency_5x;full_run2.jsonl:baseline_3.7max;full_run2.jsonl:shipped_engine(pilot);full_run2.jsonl:self_consistency_5x;lever_baseline_seed123.jsonl:baseline_3.7max;lever_chem_flagship_gate_gpqa_seed777.jsonl:chem_flagship_gate;lever_combined_seed42.jsonl:combined;lever_five_seed42.jsonl:five;lever_flagship_panel_seed42.jsonl:flagship_panel;lever_flagship_panel_seed42_replicate.jsonl:flagship_panel;lever_qwen38_judge_gpqa_seed42.jsonl:qwen38_judge;lever_rag_presolve_gpqa_seed42.jsonl:rag_presolve;lever_smart_gate_seed123.jsonl:smart_gate;lever_thinking_all_seed42.jsonl:thinking_all;lever_thinking_gate_seed123.jsonl:thinking_gate;lever_thinking_gate_seed42.jsonl:thinking_gate;lever_thinking_seed42.jsonl:thinking;lever_universal_gate_gpqa_seed3407.jsonl:universal_gate;TB1_flagship1x_gpqa_seed3407.jsonl:baseline_3.7max
GPQA-Diamond,recIOlKBsOeEcgkA1,22,22,0,0,True,False,full_run.jsonl:baseline_3.7max;full_run.jsonl:shipped_engine(pilot);full_run.jsonl:self_consistency_5x;full_run2.jsonl:baseline_3.7max;full_run2.jsonl:shipped_engine(pilot);full_run2.jsonl:self_consistency_5x;lever_baseline_gpqa_seed217.jsonl:baseline_3.7max;lever_baseline_gpqa_seed314.jsonl:baseline_3.7max;lever_chem_flagship_gate_seed555.jsonl:chem_flagship_gate;lever_chem_thinking_gate_gpqa_seed217.jsonl:chem_thinking_gate;lever_chem_thinking_gate_gpqa_seed314.jsonl:chem_thinking_gate;lever_combined_seed42.jsonl:combined;lever_five_seed42.jsonl:five;lever_flagship_panel_seed42.jsonl:flagship_panel;lever_flagship_panel_seed42_replicate.jsonl:flagship_panel;lever_qwen38_judge_gpqa_seed42.jsonl:qwen38_judge;lever_rag_presolve_gpqa_seed42.jsonl:rag_presolve;lever_thinking_all_seed42.jsonl:thinking_all;lever_thinking_gate_seed42.jsonl:thinking_gate;lever_thinking_seed42.jsonl:thinking;lever_universal_gate_gpqa_seed1001.jsonl:universal_gate;TB1_flagship1x_gpqa_seed1001.jsonl:baseline_3.7max
GPQA-Diamond,rechtUKxC6G67H7Pr,26,26,0,0,True,False,full_run.jsonl:baseline_3.7max;full_run.jsonl:shipped_engine(pilot);full_run.jsonl:self_consistency_5x;full_run2.jsonl:baseline_3.7max;full_run2.jsonl:shipped_engine(pilot);full_run2.jsonl:self_consistency_5x;KI1BC_compute_matched_n9_gpqa_seed2311.jsonl:diversified_panel;lever_baseline_gpqa_seed217.jsonl:baseline_3.7max;lever_baseline_seed123.jsonl:baseline_3.7max;lever_chem_flagship_gate_gpqa_seed888.jsonl:chem_flagship_gate;lever_chem_thinking_gate_gpqa_seed217.jsonl:chem_thinking_gate;lever_combined_seed42.jsonl:combined;lever_five_seed42.jsonl:five;lever_flagship_panel_seed42.jsonl:flagship_panel;lever_flagship_panel_seed42_replicate.jsonl:flagship_panel;lever_qwen38_judge_gpqa_seed42.jsonl:qwen38_judge;lever_rag_presolve_gpqa_seed42.jsonl:rag_presolve;lever_smart_gate_seed123.jsonl:smart_gate;lever_thinking_all_seed42.jsonl:thinking_all;lever_thinking_gate_seed123.jsonl:thinking_gate;lever_thinking_gate_seed42.jsonl:thinking_gate;lever_thinking_seed42.jsonl:thinking;lever_universal_gate_gpqa_seed2311.jsonl:universal_gate;lever_universal_gate_gpqa_seed3407.jsonl:universal_gate;TB1_flagship1x_gpqa_seed2311.jsonl:baseline_3.7max;TB1_flagship1x_gpqa_seed3407.jsonl:baseline_3.7max
GPQA-Diamond,rec8y3ZrBOcLgNEkE,19,19,0,0,True,False,full_run.jsonl:baseline_3.7max;full_run.jsonl:shipped_engine(pilot);full_run.jsonl:self_consistency_5x;full_run2.jsonl:baseline_3.7max;full_run2.jsonl:shipped_engine(pilot);full_run2.jsonl:self_consistency_5x;lever_baseline_gpqa_seed314.jsonl:baseline_3.7max;lever_chem_thinking_gate_gpqa_seed314.jsonl:chem_thinking_gate;lever_combined_seed42.jsonl:combined;lever_five_seed42.jsonl:five;lever_flagship_panel_seed42.jsonl:flagship_panel;lever_flagship_panel_seed42_replicate.jsonl:flagship_panel;lever_qwen38_judge_gpqa_seed42.jsonl:qwen38_judge;lever_rag_presolve_gpqa_seed42.jsonl:rag_presolve;lever_thinking_all_seed42.jsonl:thinking_all;lever_thinking_gate_seed42.jsonl:thinking_gate;lever_thinking_seed42.jsonl:thinking;lever_universal_gate_gpqa_seed3407.jsonl:universal_gate;TB1_flagship1x_gpqa_seed3407.jsonl:baseline_3.7max
GPQA-Diamond,reczUoM8JsxU6pYxr,33,33,0,0,True,False,full_run.jsonl:baseline_3.7max;full_run.jsonl:shipped_engine(pilot);full_run.jsonl:self_consistency_5x;full_run2.jsonl:baseline_3.7max;full_run2.jsonl:shipped_engine(pilot);full_run2.jsonl:self_consistency_5x;KI1BC_compute_matched_n9_gpqa_seed2311.jsonl:diversified_panel;lever_baseline_seed123.jsonl:baseline_3.7max;lever_baseline_seed7.jsonl:baseline_3.7max;lever_chem_flagship_gate_seed555.jsonl:chem_flagship_gate;lever_combined_seed42.jsonl:combined;lever_combined_seed7.jsonl:combined;lever_control_seed7.jsonl:control;lever_control_seed7_replicate.jsonl:control;lever_five_seed42.jsonl:five;lever_flagship_panel_seed42.jsonl:flagship_panel;lever_flagship_panel_seed42_replicate.jsonl:flagship_panel;lever_flagship_panel_seed7.jsonl:flagship_panel;lever_qwen38_judge_gpqa_seed42.jsonl:qwen38_judge;lever_rag_presolve_gpqa_seed42.jsonl:rag_presolve;lever_smart_gate_seed123.jsonl:smart_gate;lever_subject_seed7.jsonl:subject;lever_thinking_all_seed42.jsonl:thinking_all;lever_thinking_all_seed7.jsonl:thinking_all;lever_thinking_gate_seed123.jsonl:thinking_gate;lever_thinking_gate_seed42.jsonl:thinking_gate;lever_thinking_gate_seed7.jsonl:thinking_gate;lever_thinking_seed42.jsonl:thinking;lever_thinking_seed7.jsonl:thinking;lever_universal_gate_gpqa_seed1001.jsonl:universal_gate;lever_universal_gate_gpqa_seed2311.jsonl:universal_gate;TB1_flagship1x_gpqa_seed1001.jsonl:baseline_3.7max;TB1_flagship1x_gpqa_seed2311.jsonl:baseline_3.7max
GPQA-Diamond,recPL4ZPpVYxgMu57,25,23,2,1,False,False,full_run.jsonl:baseline_3.7max;full_run.jsonl:shipped_engine(pilot);full_run.jsonl:self_consistency_5x;full_run2.jsonl:baseline_3.7max;full_run2.jsonl:shipped_engine(pilot);full_run2.jsonl:self_consistency_5x;lever_baseline_gpqa_seed217.jsonl:baseline_3.7max;lever_baseline_seed123.jsonl:baseline_3.7max;lever_chem_flagship_gate_gpqa_seed888.jsonl:chem_flagship_gate;lever_chem_thinking_gate_gpqa_seed217.jsonl:chem_thinking_gate;lever_combined_seed42.jsonl:combined;lever_five_seed42.jsonl:five;lever_flagship_panel_seed42.jsonl:flagship_panel;lever_flagship_panel_seed42_replicate.jsonl:flagship_panel;lever_qwen38_judge_gpqa_seed42.jsonl:qwen38_judge;lever_rag_presolve_gpqa_seed42.jsonl:rag_presolve;lever_smart_gate_seed123.jsonl:smart_gate;lever_thinking_all_seed42.jsonl:thinking_all;lever_thinking_gate_seed123.jsonl:thinking_gate;lever_thinking_gate_seed42.jsonl:thinking_gate;lever_thinking_seed42.jsonl:thinking;lever_universal_gate_gpqa_seed1001.jsonl:universal_gate;lever_universal_gate_gpqa_seed3407.jsonl:universal_gate;TB1_flagship1x_gpqa_seed1001.jsonl:baseline_3.7max;TB1_flagship1x_gpqa_seed3407.jsonl:baseline_3.7max
GPQA-Diamond,recPIzpnuYpB4yvmp,29,28,1,1,False,False,full_run.jsonl:baseline_3.7max;full_run.jsonl:shipped_engine(pilot);full_run.jsonl:self_consistency_5x;full_run2.jsonl:baseline_3.7max;full_run2.jsonl:shipped_engine(pilot);full_run2.jsonl:self_consistency_5x;KI1BC_compute_matched_n9_gpqa_seed2311.jsonl:diversified_panel;lever_baseline_gpqa_seed217.jsonl:baseline_3.7max;lever_baseline_gpqa_seed314.jsonl:baseline_3.7max;lever_baseline_gpqa_seed471.jsonl:baseline_3.7max;lever_chem_flagship_gate_gpqa_seed777.jsonl:chem_flagship_gate;lever_chem_flagship_gate_gpqa_seed888.jsonl:chem_flagship_gate;lever_chem_thinking_gate_gpqa_seed217.jsonl:chem_thinking_gate;lever_chem_thinking_gate_gpqa_seed314.jsonl:chem_thinking_gate;lever_chem_thinking_gate_gpqa_seed471.jsonl:chem_thinking_gate;lever_combined_seed42.jsonl:combined;lever_five_seed42.jsonl:five;lever_flagship_panel_seed42.jsonl:flagship_panel;lever_flagship_panel_seed42_replicate.jsonl:flagship_panel;lever_qwen38_judge_gpqa_seed42.jsonl:qwen38_judge;lever_rag_presolve_gpqa_seed42.jsonl:rag_presolve;lever_thinking_all_seed42.jsonl:thinking_all;lever_thinking_gate_seed42.jsonl:thinking_gate;lever_thinking_seed42.jsonl:thinking;lever_universal_gate_gpqa_seed1001.jsonl:universal_gate;lever_universal_gate_gpqa_seed3407.jsonl:universal_gate;TB1_flagship1x_gpqa_seed1001.jsonl:baseline_3.7max;TB1_flagship1x_gpqa_seed2311.jsonl:baseline_3.7max;TB1_flagship1x_gpqa_seed3407.jsonl:baseline_3.7max
GPQA-Diamond,recINGR1z01Fh1Z3A,31,31,0,0,True,False,full_run.jsonl:baseline_3.7max;full_run.jsonl:shipped_engine(pilot);full_run.jsonl:self_consistency_5x;full_run2.jsonl:baseline_3.7max;full_run2.jsonl:shipped_engine(pilot);full_run2.jsonl:self_consistency_5x;KI1BC_compute_matched_n9_gpqa_seed2311.jsonl:diversified_panel;lever_baseline_gpqa_seed217.jsonl:baseline_3.7max;lever_baseline_gpqa_seed314.jsonl:baseline_3.7max;lever_baseline_seed123.jsonl:baseline_3.7max;lever_chem_flagship_gate_gpqa_seed888.jsonl:chem_flagship_gate;lever_chem_flagship_gate_seed555.jsonl:chem_flagship_gate;lever_chem_thinking_gate_gpqa_seed217.jsonl:chem_thinking_gate;lever_chem_thinking_gate_gpqa_seed314.jsonl:chem_thinking_gate;lever_combined_seed42.jsonl:combined;lever_five_seed42.jsonl:five;lever_flagship_panel_seed42.jsonl:flagship_panel;lever_flagship_panel_seed42_replicate.jsonl:flagship_panel;lever_qwen38_judge_gpqa_seed42.jsonl:qwen38_judge;lever_rag_presolve_gpqa_seed42.jsonl:rag_presolve;lever_smart_gate_seed123.jsonl:smart_gate;lever_thinking_all_seed42.jsonl:thinking_all;lever_thinking_gate_seed123.jsonl:thinking_gate;lever_thinking_gate_seed42.jsonl:thinking_gate;lever_thinking_seed42.jsonl:thinking;lever_universal_gate_gpqa_seed1001.jsonl:universal_gate;lever_universal_gate_gpqa_seed2311.jsonl:universal_gate;lever_universal_gate_gpqa_seed3407.jsonl:universal_gate;TB1_flagship1x_gpqa_seed1001.jsonl:baseline_3.7max;TB1_flagship1x_gpqa_seed2311.jsonl:baseline_3.7max;TB1_flagship1x_gpqa_seed3407.jsonl:baseline_3.7max
GPQA-Diamond,recJJcOHhFeSaRpl4,27,27,0,0,True,False,full_run.jsonl:baseline_3.7max;full_run.jsonl:shipped_engine(pilot);full_run.jsonl:self_consistency_5x;full_run2.jsonl:baseline_3.7max;full_run2.jsonl:shipped_engine(pilot);full_run2.jsonl:self_consistency_5x;KI1BC_compute_matched_n9_gpqa_seed2311.jsonl:diversified_panel;lever_baseline_gpqa_seed217.jsonl:baseline_3.7max;lever_baseline_gpqa_seed314.jsonl:baseline_3.7max;lever_chem_flagship_gate_gpqa_seed777.jsonl:chem_flagship_gate;lever_chem_flagship_gate_gpqa_seed888.jsonl:chem_flagship_gate;lever_chem_flagship_gate_seed555.jsonl:chem_flagship_gate;lever_chem_thinking_gate_gpqa_seed217.jsonl:chem_thinking_gate;lever_chem_thinking_gate_gpqa_seed314.jsonl:chem_thinking_gate;lever_combined_seed42.jsonl:combined;lever_five_seed42.jsonl:five;lever_flagship_panel_seed42.jsonl:flagship_panel;lever_flagship_panel_seed42_replicate.jsonl:flagship_panel;lever_qwen38_judge_gpqa_seed42.jsonl:qwen38_judge;lever_rag_presolve_gpqa_seed42.jsonl:rag_presolve;lever_thinking_all_seed42.jsonl:thinking_all;lever_thinking_gate_seed42.jsonl:thinking_gate;lever_thinking_seed42.jsonl:thinking;lever_universal_gate_gpqa_seed2311.jsonl:universal_gate;lever_universal_gate_gpqa_seed3407.jsonl:universal_gate;TB1_flagship1x_gpqa_seed2311.jsonl:baseline_3.7max;TB1_flagship1x_gpqa_seed3407.jsonl:baseline_3.7max
GPQA-Diamond,receo3UUzRvWCqyfA,35,35,0,0,True,False,full_run.jsonl:baseline_3.7max;full_run.jsonl:shipped_engine(pilot);full_run.jsonl:self_consistency_5x;full_run2.jsonl:baseline_3.7max;full_run2.jsonl:shipped_engine(pilot);full_run2.jsonl:self_consistency_5x;KI1BC_compute_matched_n9_gpqa_seed2311.jsonl:diversified_panel;lever_baseline_gpqa_seed217.jsonl:baseline_3.7max;lever_baseline_gpqa_seed314.jsonl:baseline_3.7max;lever_baseline_gpqa_seed471.jsonl:baseline_3.7max;lever_baseline_seed7.jsonl:baseline_3.7max;lever_chem_thinking_gate_gpqa_seed217.jsonl:chem_thinking_gate;lever_chem_thinking_gate_gpqa_seed314.jsonl:chem_thinking_gate;lever_chem_thinking_gate_gpqa_seed471.jsonl:chem_thinking_gate;lever_combined_seed42.jsonl:combined;lever_combined_seed7.jsonl:combined;lever_control_seed7.jsonl:control;lever_control_seed7_replicate.jsonl:control;lever_five_seed42.jsonl:five;lever_flagship_panel_seed42.jsonl:flagship_panel;lever_flagship_panel_seed42_replicate.jsonl:flagship_panel;lever_flagship_panel_seed7.jsonl:flagship_panel;lever_qwen38_judge_gpqa_seed42.jsonl:qwen38_judge;lever_rag_presolve_gpqa_seed42.jsonl:rag_presolve;lever_subject_seed7.jsonl:subject;lever_thinking_all_seed42.jsonl:thinking_all;lever_thinking_all_seed7.jsonl:thinking_all;lever_thinking_gate_seed42.jsonl:thinking_gate;lever_thinking_gate_seed7.jsonl:thinking_gate;lever_thinking_seed42.jsonl:thinking;lever_thinking_seed7.jsonl:thinking;lever_universal_gate_gpqa_seed2311.jsonl:universal_gate;lever_universal_gate_gpqa_seed3407.jsonl:universal_gate;TB1_flagship1x_gpqa_seed2311.jsonl:baseline_3.7max;TB1_flagship1x_gpqa_seed3407.jsonl:baseline_3.7max
GPQA-Diamond,reczkBiPPNrNN49Hp,31,31,0,0,True,False,full_run.jsonl:baseline_3.7max;full_run.jsonl:shipped_engine(pilot);full_run.jsonl:self_consistency_5x;full_run2.jsonl:baseline_3.7max;full_run2.jsonl:shipped_engine(pilot);full_run2.jsonl:self_consistency_5x;KI1BC_compute_matched_n9_gpqa_seed2311.jsonl:diversified_panel;lever_baseline_gpqa_seed471.jsonl:baseline_3.7max;lever_baseline_seed7.jsonl:baseline_3.7max;lever_chem_flagship_gate_gpqa_seed777.jsonl:chem_flagship_gate;lever_chem_flagship_gate_gpqa_seed888.jsonl:chem_flagship_gate;lever_chem_thinking_gate_gpqa_seed471.jsonl:chem_thinking_gate;lever_combined_seed42.jsonl:combined;lever_combined_seed7.jsonl:combined;lever_control_seed7.jsonl:control;lever_control_seed7_replicate.jsonl:control;lever_five_seed42.jsonl:five;lever_flagship_panel_seed42.jsonl:flagship_panel;lever_flagship_panel_seed42_replicate.jsonl:flagship_panel;lever_flagship_panel_seed7.jsonl:flagship_panel;lever_qwen38_judge_gpqa_seed42.jsonl:qwen38_judge;lever_rag_presolve_gpqa_seed42.jsonl:rag_presolve;lever_subject_seed7.jsonl:subject;lever_thinking_all_seed42.jsonl:thinking_all;lever_thinking_all_seed7.jsonl:thinking_all;lever_thinking_gate_seed42.jsonl:thinking_gate;lever_thinking_gate_seed7.jsonl:thinking_gate;lever_thinking_seed42.jsonl:thinking;lever_thinking_seed7.jsonl:thinking;lever_universal_gate_gpqa_seed2311.jsonl:universal_gate;TB1_flagship1x_gpqa_seed2311.jsonl:baseline_3.7max
GPQA-Diamond,receYQxnUBvxPcvbQ,32,32,0,0,True,False,full_run.jsonl:baseline_3.7max;full_run.jsonl:shipped_engine(pilot);full_run.jsonl:self_consistency_5x;full_run2.jsonl:baseline_3.7max;full_run2.jsonl:shipped_engine(pilot);full_run2.jsonl:self_consistency_5x;KI1BC_compute_matched_n9_gpqa_seed2311.jsonl:diversified_panel;lever_baseline_gpqa_seed314.jsonl:baseline_3.7max;lever_baseline_gpqa_seed471.jsonl:baseline_3.7max;lever_baseline_seed7.jsonl:baseline_3.7max;lever_chem_flagship_gate_gpqa_seed888.jsonl:chem_flagship_gate;lever_chem_thinking_gate_gpqa_seed314.jsonl:chem_thinking_gate;lever_chem_thinking_gate_gpqa_seed471.jsonl:chem_thinking_gate;lever_combined_seed42.jsonl:combined;lever_combined_seed7.jsonl:combined;lever_control_seed7.jsonl:control;lever_control_seed7_replicate.jsonl:control;lever_five_seed42.jsonl:five;lever_flagship_panel_seed42.jsonl:flagship_panel;lever_flagship_panel_seed42_replicate.jsonl:flagship_panel;lever_flagship_panel_seed7.jsonl:flagship_panel;lever_qwen38_judge_gpqa_seed42.jsonl:qwen38_judge;lever_rag_presolve_gpqa_seed42.jsonl:rag_presolve;lever_subject_seed7.jsonl:subject;lever_thinking_all_seed42.jsonl:thinking_all;lever_thinking_all_seed7.jsonl:thinking_all;lever_thinking_gate_seed42.jsonl:thinking_gate;lever_thinking_gate_seed7.jsonl:thinking_gate;lever_thinking_seed42.jsonl:thinking;lever_thinking_seed7.jsonl:thinking;lever_universal_gate_gpqa_seed2311.jsonl:universal_gate;TB1_flagship1x_gpqa_seed2311.jsonl:baseline_3.7max
GPQA-Diamond,recLSzwBUS3olCjhl,25,25,0,0,True,False,full_run.jsonl:baseline_3.7max;full_run.jsonl:shipped_engine(pilot);full_run.jsonl:self_consistency_5x;full_run2.jsonl:baseline_3.7max;full_run2.jsonl:shipped_engine(pilot);full_run2.jsonl:self_consistency_5x;KI1BC_compute_matched_n9_gpqa_seed2311.jsonl:diversified_panel;lever_baseline_gpqa_seed471.jsonl:baseline_3.7max;lever_baseline_seed123.jsonl:baseline_3.7max;lever_chem_flagship_gate_gpqa_seed888.jsonl:chem_flagship_gate;lever_chem_flagship_gate_seed555.jsonl:chem_flagship_gate;lever_chem_thinking_gate_gpqa_seed471.jsonl:chem_thinking_gate;lever_combined_seed42.jsonl:combined;lever_five_seed42.jsonl:five;lever_flagship_panel_seed42.jsonl:flagship_panel;lever_flagship_panel_seed42_replicate.jsonl:flagship_panel;lever_qwen38_judge_gpqa_seed42.jsonl:qwen38_judge;lever_rag_presolve_gpqa_seed42.jsonl:rag_presolve;lever_smart_gate_seed123.jsonl:smart_gate;lever_thinking_all_seed42.jsonl:thinking_all;lever_thinking_gate_seed123.jsonl:thinking_gate;lever_thinking_gate_seed42.jsonl:thinking_gate;lever_thinking_seed42.jsonl:thinking;lever_universal_gate_gpqa_seed2311.jsonl:universal_gate;TB1_flagship1x_gpqa_seed2311.jsonl:baseline_3.7max
GPQA-Diamond,recv7GsQg3f0fvB1f,20,20,0,0,True,False,full_run.jsonl:baseline_3.7max;full_run.jsonl:shipped_engine(pilot);full_run.jsonl:self_consistency_5x;full_run2.jsonl:baseline_3.7max;full_run2.jsonl:shipped_engine(pilot);full_run2.jsonl:self_consistency_5x;lever_baseline_gpqa_seed217.jsonl:baseline_3.7max;lever_chem_flagship_gate_gpqa_seed777.jsonl:chem_flagship_gate;lever_chem_flagship_gate_seed555.jsonl:chem_flagship_gate;lever_chem_thinking_gate_gpqa_seed217.jsonl:chem_thinking_gate;lever_combined_seed42.jsonl:combined;lever_five_seed42.jsonl:five;lever_flagship_panel_seed42.jsonl:flagship_panel;lever_flagship_panel_seed42_replicate.jsonl:flagship_panel;lever_qwen38_judge_gpqa_seed42.jsonl:qwen38_judge;lever_thinking_all_seed42.jsonl:thinking_all;lever_thinking_gate_seed42.jsonl:thinking_gate;lever_thinking_seed42.jsonl:thinking;lever_universal_gate_gpqa_seed1001.jsonl:universal_gate;TB1_flagship1x_gpqa_seed1001.jsonl:baseline_3.7max
GPQA-Diamond,recf6ayQmL1SxKbvW,29,0,29,1,True,True,full_run.jsonl:baseline_3.7max;full_run.jsonl:shipped_engine(pilot);full_run.jsonl:self_consistency_5x;full_run2.jsonl:baseline_3.7max;full_run2.jsonl:shipped_engine(pilot);full_run2.jsonl:self_consistency_5x;KI1BC_compute_matched_n9_gpqa_seed2311.jsonl:diversified_panel;lever_baseline_gpqa_seed471.jsonl:baseline_3.7max;lever_baseline_seed7.jsonl:baseline_3.7max;lever_chem_thinking_gate_gpqa_seed471.jsonl:chem_thinking_gate;lever_combined_seed42.jsonl:combined;lever_combined_seed7.jsonl:combined;lever_control_seed7.jsonl:control;lever_control_seed7_replicate.jsonl:control;lever_five_seed42.jsonl:five;lever_flagship_panel_seed42.jsonl:flagship_panel;lever_flagship_panel_seed42_replicate.jsonl:flagship_panel;lever_flagship_panel_seed7.jsonl:flagship_panel;lever_qwen38_judge_gpqa_seed42.jsonl:qwen38_judge;lever_rag_presolve_gpqa_seed42.jsonl:rag_presolve;lever_subject_seed7.jsonl:subject;lever_thinking_all_seed42.jsonl:thinking_all;lever_thinking_all_seed7.jsonl:thinking_all;lever_thinking_gate_seed42.jsonl:thinking_gate;lever_thinking_gate_seed7.jsonl:thinking_gate;lever_thinking_seed42.jsonl:thinking;lever_thinking_seed7.jsonl:thinking;lever_universal_gate_gpqa_seed2311.jsonl:universal_gate;TB1_flagship1x_gpqa_seed2311.jsonl:baseline_3.7max
GPQA-Diamond,recn3NhOhqAPLda16,23,21,2,1,False,False,full_run.jsonl:baseline_3.7max;full_run.jsonl:shipped_engine(pilot);full_run.jsonl:self_consistency_5x;full_run2.jsonl:baseline_3.7max;full_run2.jsonl:shipped_engine(pilot);full_run2.jsonl:self_consistency_5x;lever_baseline_gpqa_seed217.jsonl:baseline_3.7max;lever_baseline_seed123.jsonl:baseline_3.7max;lever_chem_flagship_gate_gpqa_seed777.jsonl:chem_flagship_gate;lever_chem_flagship_gate_seed555.jsonl:chem_flagship_gate;lever_chem_thinking_gate_gpqa_seed217.jsonl:chem_thinking_gate;lever_combined_seed42.jsonl:combined;lever_five_seed42.jsonl:five;lever_flagship_panel_seed42.jsonl:flagship_panel;lever_flagship_panel_seed42_replicate.jsonl:flagship_panel;lever_qwen38_judge_gpqa_seed42.jsonl:qwen38_judge;lever_smart_gate_seed123.jsonl:smart_gate;lever_thinking_all_seed42.jsonl:thinking_all;lever_thinking_gate_seed123.jsonl:thinking_gate;lever_thinking_gate_seed42.jsonl:thinking_gate;lever_thinking_seed42.jsonl:thinking;lever_universal_gate_gpqa_seed1001.jsonl:universal_gate;TB1_flagship1x_gpqa_seed1001.jsonl:baseline_3.7max
GPQA-Diamond,recihePFulRgNKsIn,32,1,31,1,False,True,full_run.jsonl:baseline_3.7max;full_run.jsonl:shipped_engine(pilot);full_run.jsonl:self_consistency_5x;full_run2.jsonl:baseline_3.7max;full_run2.jsonl:shipped_engine(pilot);full_run2.jsonl:self_consistency_5x;lever_baseline_gpqa_seed471.jsonl:baseline_3.7max;lever_baseline_seed123.jsonl:baseline_3.7max;lever_baseline_seed7.jsonl:baseline_3.7max;lever_chem_flagship_gate_gpqa_seed777.jsonl:chem_flagship_gate;lever_chem_thinking_gate_gpqa_seed471.jsonl:chem_thinking_gate;lever_combined_seed42.jsonl:combined;lever_combined_seed7.jsonl:combined;lever_control_seed7.jsonl:control;lever_control_seed7_replicate.jsonl:control;lever_five_seed42.jsonl:five;lever_flagship_panel_seed42.jsonl:flagship_panel;lever_flagship_panel_seed42_replicate.jsonl:flagship_panel;lever_flagship_panel_seed7.jsonl:flagship_panel;lever_qwen38_judge_gpqa_seed42.jsonl:qwen38_judge;lever_rag_presolve_gpqa_seed42.jsonl:rag_presolve;lever_smart_gate_seed123.jsonl:smart_gate;lever_subject_seed7.jsonl:subject;lever_thinking_all_seed42.jsonl:thinking_all;lever_thinking_all_seed7.jsonl:thinking_all;lever_thinking_gate_seed123.jsonl:thinking_gate;lever_thinking_gate_seed42.jsonl:thinking_gate;lever_thinking_gate_seed7.jsonl:thinking_gate;lever_thinking_seed42.jsonl:thinking;lever_thinking_seed7.jsonl:thinking;lever_universal_gate_gpqa_seed3407.jsonl:universal_gate;TB1_flagship1x_gpqa_seed3407.jsonl:baseline_3.7max
GPQA-Diamond,recUOePh79cp4T2Bg,23,0,23,2,False,True,full_run.jsonl:baseline_3.7max;full_run.jsonl:shipped_engine(pilot);full_run.jsonl:self_consistency_5x;full_run2.jsonl:baseline_3.7max;full_run2.jsonl:shipped_engine(pilot);full_run2.jsonl:self_consistency_5x;lever_baseline_seed123.jsonl:baseline_3.7max;lever_chem_flagship_gate_gpqa_seed777.jsonl:chem_flagship_gate;lever_chem_flagship_gate_gpqa_seed888.jsonl:chem_flagship_gate;lever_chem_flagship_gate_seed555.jsonl:chem_flagship_gate;lever_combined_seed42.jsonl:combined;lever_five_seed42.jsonl:five;lever_flagship_panel_seed42.jsonl:flagship_panel;lever_flagship_panel_seed42_replicate.jsonl:flagship_panel;lever_qwen38_judge_gpqa_seed42.jsonl:qwen38_judge;lever_rag_presolve_gpqa_seed42.jsonl:rag_presolve;lever_smart_gate_seed123.jsonl:smart_gate;lever_thinking_all_seed42.jsonl:thinking_all;lever_thinking_gate_seed123.jsonl:thinking_gate;lever_thinking_gate_seed42.jsonl:thinking_gate;lever_thinking_seed42.jsonl:thinking;lever_universal_gate_gpqa_seed1001.jsonl:universal_gate;TB1_flagship1x_gpqa_seed1001.jsonl:baseline_3.7max
GPQA-Diamond,recrNbtgTNoabJJi6,26,23,3,1,False,False,full_run.jsonl:baseline_3.7max;full_run.jsonl:shipped_engine(pilot);full_run.jsonl:self_consistency_5x;full_run2.jsonl:baseline_3.7max;full_run2.jsonl:shipped_engine(pilot);full_run2.jsonl:self_consistency_5x;KI1BC_compute_matched_n9_gpqa_seed2311.jsonl:diversified_panel;lever_baseline_gpqa_seed314.jsonl:baseline_3.7max;lever_baseline_seed123.jsonl:baseline_3.7max;lever_chem_flagship_gate_gpqa_seed888.jsonl:chem_flagship_gate;lever_chem_thinking_gate_gpqa_seed314.jsonl:chem_thinking_gate;lever_combined_seed42.jsonl:combined;lever_five_seed42.jsonl:five;lever_flagship_panel_seed42.jsonl:flagship_panel;lever_flagship_panel_seed42_replicate.jsonl:flagship_panel;lever_qwen38_judge_gpqa_seed42.jsonl:qwen38_judge;lever_rag_presolve_gpqa_seed42.jsonl:rag_presolve;lever_smart_gate_seed123.jsonl:smart_gate;lever_thinking_all_seed42.jsonl:thinking_all;lever_thinking_gate_seed123.jsonl:thinking_gate;lever_thinking_gate_seed42.jsonl:thinking_gate;lever_thinking_seed42.jsonl:thinking;lever_universal_gate_gpqa_seed1001.jsonl:universal_gate;lever_universal_gate_gpqa_seed2311.jsonl:universal_gate;TB1_flagship1x_gpqa_seed1001.jsonl:baseline_3.7max;TB1_flagship1x_gpqa_seed2311.jsonl:baseline_3.7max
GPQA-Diamond,recjJ54TXc04enRkZ,28,15,13,2,False,False,full_run.jsonl:baseline_3.7max;full_run.jsonl:shipped_engine(pilot);full_run.jsonl:self_consistency_5x;full_run2.jsonl:baseline_3.7max;full_run2.jsonl:shipped_engine(pilot);full_run2.jsonl:self_consistency_5x;KI1BC_compute_matched_n9_gpqa_seed2311.jsonl:diversified_panel;lever_baseline_seed7.jsonl:baseline_3.7max;lever_combined_seed42.jsonl:combined;lever_combined_seed7.jsonl:combined;lever_control_seed7.jsonl:control;lever_control_seed7_replicate.jsonl:control;lever_five_seed42.jsonl:five;lever_flagship_panel_seed42.jsonl:flagship_panel;lever_flagship_panel_seed42_replicate.jsonl:flagship_panel;lever_flagship_panel_seed7.jsonl:flagship_panel;lever_rag_presolve_gpqa_seed42.jsonl:rag_presolve;lever_subject_seed7.jsonl:subject;lever_thinking_all_seed42.jsonl:thinking_all;lever_thinking_all_seed7.jsonl:thinking_all;lever_thinking_gate_seed42.jsonl:thinking_gate;lever_thinking_gate_seed7.jsonl:thinking_gate;lever_thinking_seed42.jsonl:thinking;lever_thinking_seed7.jsonl:thinking;lever_universal_gate_gpqa_seed2311.jsonl:universal_gate;lever_universal_gate_gpqa_seed3407.jsonl:universal_gate;TB1_flagship1x_gpqa_seed2311.jsonl:baseline_3.7max;TB1_flagship1x_gpqa_seed3407.jsonl:baseline_3.7max
GPQA-Diamond,recFaL6j8UMhutXrc,30,28,2,1,False,False,full_run.jsonl:baseline_3.7max;full_run.jsonl:shipped_engine(pilot);full_run.jsonl:self_consistency_5x;full_run2.jsonl:baseline_3.7max;full_run2.jsonl:shipped_engine(pilot);full_run2.jsonl:self_consistency_5x;lever_baseline_gpqa_seed217.jsonl:baseline_3.7max;lever_baseline_seed123.jsonl:baseline_3.7max;lever_baseline_seed7.jsonl:baseline_3.7max;lever_chem_flagship_gate_gpqa_seed888.jsonl:chem_flagship_gate;lever_chem_flagship_gate_seed555.jsonl:chem_flagship_gate;lever_chem_thinking_gate_gpqa_seed217.jsonl:chem_thinking_gate;lever_combined_seed42.jsonl:combined;lever_combined_seed7.jsonl:combined;lever_control_seed7.jsonl:control;lever_control_seed7_replicate.jsonl:control;lever_five_seed42.jsonl:five;lever_flagship_panel_seed42.jsonl:flagship_panel;lever_flagship_panel_seed42_replicate.jsonl:flagship_panel;lever_flagship_panel_seed7.jsonl:flagship_panel;lever_rag_presolve_gpqa_seed42.jsonl:rag_presolve;lever_smart_gate_seed123.jsonl:smart_gate;lever_subject_seed7.jsonl:subject;lever_thinking_all_seed42.jsonl:thinking_all;lever_thinking_all_seed7.jsonl:thinking_all;lever_thinking_gate_seed123.jsonl:thinking_gate;lever_thinking_gate_seed42.jsonl:thinking_gate;lever_thinking_gate_seed7.jsonl:thinking_gate;lever_thinking_seed42.jsonl:thinking;lever_thinking_seed7.jsonl:thinking
GPQA-Diamond,recr3VHM4zYf6dMFY,22,21,1,1,False,False,full_run.jsonl:baseline_3.7max;full_run.jsonl:shipped_engine(pilot);full_run.jsonl:self_consistency_5x;full_run2.jsonl:baseline_3.7max;full_run2.jsonl:shipped_engine(pilot);full_run2.jsonl:self_consistency_5x;lever_baseline_gpqa_seed217.jsonl:baseline_3.7max;lever_baseline_seed123.jsonl:baseline_3.7max;lever_chem_flagship_gate_seed555.jsonl:chem_flagship_gate;lever_chem_thinking_gate_gpqa_seed217.jsonl:chem_thinking_gate;lever_combined_seed42.jsonl:combined;lever_five_seed42.jsonl:five;lever_flagship_panel_seed42.jsonl:flagship_panel;lever_flagship_panel_seed42_replicate.jsonl:flagship_panel;lever_rag_presolve_gpqa_seed42.jsonl:rag_presolve;lever_smart_gate_seed123.jsonl:smart_gate;lever_thinking_all_seed42.jsonl:thinking_all;lever_thinking_gate_seed123.jsonl:thinking_gate;lever_thinking_gate_seed42.jsonl:thinking_gate;lever_thinking_seed42.jsonl:thinking;lever_universal_gate_gpqa_seed1001.jsonl:universal_gate;TB1_flagship1x_gpqa_seed1001.jsonl:baseline_3.7max
GPQA-Diamond,rec8nshandHARTkrg,24,20,4,1,False,False,full_run.jsonl:baseline_3.7max;full_run.jsonl:shipped_engine(pilot);full_run.jsonl:self_consistency_5x;full_run2.jsonl:baseline_3.7max;full_run2.jsonl:shipped_engine(pilot);full_run2.jsonl:self_consistency_5x;KI1BC_compute_matched_n9_gpqa_seed2311.jsonl:diversified_panel;lever_baseline_gpqa_seed314.jsonl:baseline_3.7max;lever_baseline_gpqa_seed471.jsonl:baseline_3.7max;lever_chem_flagship_gate_gpqa_seed777.jsonl:chem_flagship_gate;lever_chem_flagship_gate_gpqa_seed888.jsonl:chem_flagship_gate;lever_chem_thinking_gate_gpqa_seed314.jsonl:chem_thinking_gate;lever_chem_thinking_gate_gpqa_seed471.jsonl:chem_thinking_gate;lever_combined_seed42.jsonl:combined;lever_five_seed42.jsonl:five;lever_flagship_panel_seed42.jsonl:flagship_panel;lever_flagship_panel_seed42_replicate.jsonl:flagship_panel;lever_qwen38_judge_gpqa_seed42.jsonl:qwen38_judge;lever_rag_presolve_gpqa_seed42.jsonl:rag_presolve;lever_thinking_all_seed42.jsonl:thinking_all;lever_thinking_gate_seed42.jsonl:thinking_gate;lever_thinking_seed42.jsonl:thinking;lever_universal_gate_gpqa_seed2311.jsonl:universal_gate;TB1_flagship1x_gpqa_seed2311.jsonl:baseline_3.7max
GPQA-Diamond,recXsuOHRBLcyenF2,34,34,0,0,True,False,full_run.jsonl:baseline_3.7max;full_run.jsonl:shipped_engine(pilot);full_run.jsonl:self_consistency_5x;full_run2.jsonl:baseline_3.7max;full_run2.jsonl:shipped_engine(pilot);full_run2.jsonl:self_consistency_5x;KI1BC_compute_matched_n9_gpqa_seed2311.jsonl:diversified_panel;lever_baseline_gpqa_seed217.jsonl:baseline_3.7max;lever_baseline_gpqa_seed471.jsonl:baseline_3.7max;lever_baseline_seed123.jsonl:baseline_3.7max;lever_baseline_seed7.jsonl:baseline_3.7max;lever_chem_thinking_gate_gpqa_seed217.jsonl:chem_thinking_gate;lever_chem_thinking_gate_gpqa_seed471.jsonl:chem_thinking_gate;lever_combined_seed42.jsonl:combined;lever_combined_seed7.jsonl:combined;lever_control_seed7.jsonl:control;lever_control_seed7_replicate.jsonl:control;lever_five_seed42.jsonl:five;lever_flagship_panel_seed42.jsonl:flagship_panel;lever_flagship_panel_seed42_replicate.jsonl:flagship_panel;lever_flagship_panel_seed7.jsonl:flagship_panel;lever_qwen38_judge_gpqa_seed42.jsonl:qwen38_judge;lever_rag_presolve_gpqa_seed42.jsonl:rag_presolve;lever_smart_gate_seed123.jsonl:smart_gate;lever_subject_seed7.jsonl:subject;lever_thinking_all_seed42.jsonl:thinking_all;lever_thinking_all_seed7.jsonl:thinking_all;lever_thinking_gate_seed123.jsonl:thinking_gate;lever_thinking_gate_seed42.jsonl:thinking_gate;lever_thinking_gate_seed7.jsonl:thinking_gate;lever_thinking_seed42.jsonl:thinking;lever_thinking_seed7.jsonl:thinking;lever_universal_gate_gpqa_seed2311.jsonl:universal_gate;TB1_flagship1x_gpqa_seed2311.jsonl:baseline_3.7max
GPQA-Diamond,recfTlTMjZBuOducT,28,28,0,0,True,False,full_run.jsonl:baseline_3.7max;full_run.jsonl:shipped_engine(pilot);full_run.jsonl:self_consistency_5x;full_run2.jsonl:baseline_3.7max;full_run2.jsonl:shipped_engine(pilot);full_run2.jsonl:self_consistency_5x;lever_baseline_seed7.jsonl:baseline_3.7max;lever_chem_flagship_gate_gpqa_seed777.jsonl:chem_flagship_gate;lever_chem_flagship_gate_gpqa_seed888.jsonl:chem_flagship_gate;lever_combined_seed42.jsonl:combined;lever_combined_seed7.jsonl:combined;lever_control_seed7.jsonl:control;lever_control_seed7_replicate.jsonl:control;lever_five_seed42.jsonl:five;lever_flagship_panel_seed42.jsonl:flagship_panel;lever_flagship_panel_seed42_replicate.jsonl:flagship_panel;lever_flagship_panel_seed7.jsonl:flagship_panel;lever_qwen38_judge_gpqa_seed42.jsonl:qwen38_judge;lever_rag_presolve_gpqa_seed42.jsonl:rag_presolve;lever_subject_seed7.jsonl:subject;lever_thinking_all_seed42.jsonl:thinking_all;lever_thinking_all_seed7.jsonl:thinking_all;lever_thinking_gate_seed42.jsonl:thinking_gate;lever_thinking_gate_seed7.jsonl:thinking_gate;lever_thinking_seed42.jsonl:thinking;lever_thinking_seed7.jsonl:thinking;lever_universal_gate_gpqa_seed1001.jsonl:universal_gate;TB1_flagship1x_gpqa_seed1001.jsonl:baseline_3.7max
GPQA-Diamond,recBhnXrUyTJ6WHIR,26,11,15,1,False,True,full_run.jsonl:baseline_3.7max;full_run.jsonl:shipped_engine(pilot);full_run.jsonl:self_consistency_5x;full_run2.jsonl:baseline_3.7max;full_run2.jsonl:shipped_engine(pilot);full_run2.jsonl:self_consistency_5x;lever_baseline_gpqa_seed314.jsonl:baseline_3.7max;lever_baseline_seed123.jsonl:baseline_3.7max;lever_chem_flagship_gate_gpqa_seed777.jsonl:chem_flagship_gate;lever_chem_flagship_gate_gpqa_seed888.jsonl:chem_flagship_gate;lever_chem_thinking_gate_gpqa_seed314.jsonl:chem_thinking_gate;lever_combined_seed42.jsonl:combined;lever_five_seed42.jsonl:five;lever_flagship_panel_seed42.jsonl:flagship_panel;lever_flagship_panel_seed42_replicate.jsonl:flagship_panel;lever_qwen38_judge_gpqa_seed42.jsonl:qwen38_judge;lever_rag_presolve_gpqa_seed42.jsonl:rag_presolve;lever_smart_gate_seed123.jsonl:smart_gate;lever_thinking_all_seed42.jsonl:thinking_all;lever_thinking_gate_seed123.jsonl:thinking_gate;lever_thinking_gate_seed42.jsonl:thinking_gate;lever_thinking_seed42.jsonl:thinking;lever_universal_gate_gpqa_seed1001.jsonl:universal_gate;lever_universal_gate_gpqa_seed3407.jsonl:universal_gate;TB1_flagship1x_gpqa_seed1001.jsonl:baseline_3.7max;TB1_flagship1x_gpqa_seed3407.jsonl:baseline_3.7max
GPQA-Diamond,reckl6PkaEMWM50yZ,24,10,14,2,False,False,full_run.jsonl:baseline_3.7max;full_run.jsonl:shipped_engine(pilot);full_run.jsonl:self_consistency_5x;full_run2.jsonl:baseline_3.7max;full_run2.jsonl:shipped_engine(pilot);full_run2.jsonl:self_consistency_5x;KI1BC_compute_matched_n9_gpqa_seed2311.jsonl:diversified_panel;lever_baseline_gpqa_seed217.jsonl:baseline_3.7max;lever_baseline_gpqa_seed471.jsonl:baseline_3.7max;lever_chem_flagship_gate_gpqa_seed888.jsonl:chem_flagship_gate;lever_chem_flagship_gate_seed555.jsonl:chem_flagship_gate;lever_chem_thinking_gate_gpqa_seed217.jsonl:chem_thinking_gate;lever_combined_seed42.jsonl:combined;lever_five_seed42.jsonl:five;lever_flagship_panel_seed42.jsonl:flagship_panel;lever_flagship_panel_seed42_replicate.jsonl:flagship_panel;lever_qwen38_judge_gpqa_seed42.jsonl:qwen38_judge;lever_thinking_all_seed42.jsonl:thinking_all;lever_thinking_gate_seed42.jsonl:thinking_gate;lever_thinking_seed42.jsonl:thinking;lever_universal_gate_gpqa_seed2311.jsonl:universal_gate;lever_universal_gate_gpqa_seed3407.jsonl:universal_gate;TB1_flagship1x_gpqa_seed2311.jsonl:baseline_3.7max;TB1_flagship1x_gpqa_seed3407.jsonl:baseline_3.7max
GPQA-Diamond,recIj8lR4tuDgrHou,27,27,0,0,True,False,full_run2.jsonl:baseline_3.7max;full_run2.jsonl:shipped_engine(pilot);full_run2.jsonl:self_consistency_5x;lever_baseline_gpqa_seed471.jsonl:baseline_3.7max;lever_baseline_seed123.jsonl:baseline_3.7max;lever_chem_flagship_gate_seed555.jsonl:chem_flagship_gate;lever_chem_thinking_gate_gpqa_seed471.jsonl:chem_thinking_gate;lever_combined_seed42.jsonl:combined;lever_five_seed42.jsonl:five;lever_flagship_panel_seed42.jsonl:flagship_panel;lever_flagship_panel_seed42_replicate.jsonl:flagship_panel;lever_qwen38_judge_gpqa_seed42.jsonl:qwen38_judge;lever_rag_presolve_gpqa_seed42.jsonl:rag_presolve;lever_smart_gate_seed123.jsonl:smart_gate;lever_thinking_all_seed42.jsonl:thinking_all;lever_thinking_gate_seed123.jsonl:thinking_gate;lever_thinking_gate_seed42.jsonl:thinking_gate;lever_thinking_seed42.jsonl:thinking;lever_universal_gate_gpqa_seed1001.jsonl:universal_gate;moo_m1_eval.jsonl:moo:standard-tribunal;moo_m1_eval.jsonl:moo:stem-max;moo_m1_eval.jsonl:moo:rag_presolve;moo_m1_eval.jsonl:moo:thinking_gate;moo_m1_eval.jsonl:moo:rag_thinking_gate;moo_m1_eval.jsonl:moo:flagship_panel;moo_m1_eval.jsonl:moo:single-call;TB1_flagship1x_gpqa_seed1001.jsonl:baseline_3.7max
GPQA-Diamond,recooG6bivTUJpDBz,34,21,13,1,False,False,full_run2.jsonl:baseline_3.7max;full_run2.jsonl:shipped_engine(pilot);full_run2.jsonl:self_consistency_5x;KI1BC_compute_matched_n9_gpqa_seed2311.jsonl:diversified_panel;lever_baseline_gpqa_seed217.jsonl:baseline_3.7max;lever_baseline_gpqa_seed314.jsonl:baseline_3.7max;lever_baseline_gpqa_seed471.jsonl:baseline_3.7max;lever_baseline_seed7.jsonl:baseline_3.7max;lever_chem_flagship_gate_gpqa_seed777.jsonl:chem_flagship_gate;lever_chem_flagship_gate_seed555.jsonl:chem_flagship_gate;lever_chem_thinking_gate_gpqa_seed217.jsonl:chem_thinking_gate;lever_chem_thinking_gate_gpqa_seed314.jsonl:chem_thinking_gate;lever_chem_thinking_gate_gpqa_seed471.jsonl:chem_thinking_gate;lever_combined_seed42.jsonl:combined;lever_combined_seed7.jsonl:combined;lever_control_seed7.jsonl:control;lever_control_seed7_replicate.jsonl:control;lever_five_seed42.jsonl:five;lever_flagship_panel_seed42.jsonl:flagship_panel;lever_flagship_panel_seed42_replicate.jsonl:flagship_panel;lever_flagship_panel_seed7.jsonl:flagship_panel;lever_qwen38_judge_gpqa_seed42.jsonl:qwen38_judge;lever_rag_presolve_gpqa_seed42.jsonl:rag_presolve;lever_subject_seed7.jsonl:subject;lever_thinking_all_seed42.jsonl:thinking_all;lever_thinking_all_seed7.jsonl:thinking_all;lever_thinking_gate_seed42.jsonl:thinking_gate;lever_thinking_gate_seed7.jsonl:thinking_gate;lever_thinking_seed42.jsonl:thinking;lever_thinking_seed7.jsonl:thinking;lever_universal_gate_gpqa_seed1001.jsonl:universal_gate;lever_universal_gate_gpqa_seed2311.jsonl:universal_gate;TB1_flagship1x_gpqa_seed1001.jsonl:baseline_3.7max;TB1_flagship1x_gpqa_seed2311.jsonl:baseline_3.7max
GPQA-Diamond,recRZjaElf8ft7xTq,35,33,2,1,False,False,full_run2.jsonl:baseline_3.7max;full_run2.jsonl:shipped_engine(pilot);full_run2.jsonl:self_consistency_5x;KI1BC_compute_matched_n9_gpqa_seed2311.jsonl:diversified_panel;lever_baseline_gpqa_seed217.jsonl:baseline_3.7max;lever_baseline_gpqa_seed314.jsonl:baseline_3.7max;lever_baseline_seed123.jsonl:baseline_3.7max;lever_baseline_seed7.jsonl:baseline_3.7max;lever_chem_flagship_gate_gpqa_seed777.jsonl:chem_flagship_gate;lever_chem_flagship_gate_gpqa_seed888.jsonl:chem_flagship_gate;lever_chem_thinking_gate_gpqa_seed217.jsonl:chem_thinking_gate;lever_chem_thinking_gate_gpqa_seed314.jsonl:chem_thinking_gate;lever_combined_seed42.jsonl:combined;lever_combined_seed7.jsonl:combined;lever_control_seed7.jsonl:control;lever_control_seed7_replicate.jsonl:control;lever_five_seed42.jsonl:five;lever_flagship_panel_seed42.jsonl:flagship_panel;lever_flagship_panel_seed42_replicate.jsonl:flagship_panel;lever_flagship_panel_seed7.jsonl:flagship_panel;lever_qwen38_judge_gpqa_seed42.jsonl:qwen38_judge;lever_rag_presolve_gpqa_seed42.jsonl:rag_presolve;lever_smart_gate_seed123.jsonl:smart_gate;lever_subject_seed7.jsonl:subject;lever_thinking_all_seed42.jsonl:thinking_all;lever_thinking_all_seed7.jsonl:thinking_all;lever_thinking_gate_seed123.jsonl:thinking_gate;lever_thinking_gate_seed42.jsonl:thinking_gate;lever_thinking_gate_seed7.jsonl:thinking_gate;lever_thinking_seed42.jsonl:thinking;lever_thinking_seed7.jsonl:thinking;lever_universal_gate_gpqa_seed2311.jsonl:universal_gate;lever_universal_gate_gpqa_seed3407.jsonl:universal_gate;TB1_flagship1x_gpqa_seed2311.jsonl:baseline_3.7max;TB1_flagship1x_gpqa_seed3407.jsonl:baseline_3.7max
GPQA-Diamond,recmkvk6EFAmqyMxR,27,26,1,1,False,False,full_run2.jsonl:baseline_3.7max;full_run2.jsonl:shipped_engine(pilot);full_run2.jsonl:self_consistency_5x;lever_baseline_seed7.jsonl:baseline_3.7max;lever_chem_flagship_gate_gpqa_seed888.jsonl:chem_flagship_gate;lever_chem_flagship_gate_seed555.jsonl:chem_flagship_gate;lever_combined_seed42.jsonl:combined;lever_combined_seed7.jsonl:combined;lever_control_seed7.jsonl:control;lever_control_seed7_replicate.jsonl:control;lever_five_seed42.jsonl:five;lever_flagship_panel_seed42.jsonl:flagship_panel;lever_flagship_panel_seed42_replicate.jsonl:flagship_panel;lever_flagship_panel_seed7.jsonl:flagship_panel;lever_qwen38_judge_gpqa_seed42.jsonl:qwen38_judge;lever_rag_presolve_gpqa_seed42.jsonl:rag_presolve;lever_subject_seed7.jsonl:subject;lever_thinking_all_seed42.jsonl:thinking_all;lever_thinking_all_seed7.jsonl:thinking_all;lever_thinking_gate_seed42.jsonl:thinking_gate;lever_thinking_gate_seed7.jsonl:thinking_gate;lever_thinking_seed42.jsonl:thinking;lever_thinking_seed7.jsonl:thinking;lever_universal_gate_gpqa_seed1001.jsonl:universal_gate;lever_universal_gate_gpqa_seed3407.jsonl:universal_gate;TB1_flagship1x_gpqa_seed1001.jsonl:baseline_3.7max;TB1_flagship1x_gpqa_seed3407.jsonl:baseline_3.7max
GPQA-Diamond,rec5eA17Qr1ucNLUf,19,19,0,0,True,False,full_run2.jsonl:baseline_3.7max;full_run2.jsonl:shipped_engine(pilot);full_run2.jsonl:self_consistency_5x;lever_baseline_gpqa_seed217.jsonl:baseline_3.7max;lever_baseline_seed123.jsonl:baseline_3.7max;lever_chem_flagship_gate_gpqa_seed777.jsonl:chem_flagship_gate;lever_chem_flagship_gate_seed555.jsonl:chem_flagship_gate;lever_chem_thinking_gate_gpqa_seed217.jsonl:chem_thinking_gate;lever_combined_seed42.jsonl:combined;lever_five_seed42.jsonl:five;lever_flagship_panel_seed42.jsonl:flagship_panel;lever_flagship_panel_seed42_replicate.jsonl:flagship_panel;lever_qwen38_judge_gpqa_seed42.jsonl:qwen38_judge;lever_rag_presolve_gpqa_seed42.jsonl:rag_presolve;lever_smart_gate_seed123.jsonl:smart_gate;lever_thinking_all_seed42.jsonl:thinking_all;lever_thinking_gate_seed123.jsonl:thinking_gate;lever_thinking_gate_seed42.jsonl:thinking_gate;lever_thinking_seed42.jsonl:thinking
GPQA-Diamond,recuYEkVjdVUwA3c0,18,16,2,2,False,False,full_run2.jsonl:baseline_3.7max;full_run2.jsonl:shipped_engine(pilot);full_run2.jsonl:self_consistency_5x;KI1BC_compute_matched_n9_gpqa_seed2311.jsonl:diversified_panel;lever_baseline_gpqa_seed217.jsonl:baseline_3.7max;lever_chem_flagship_gate_seed555.jsonl:chem_flagship_gate;lever_chem_thinking_gate_gpqa_seed217.jsonl:chem_thinking_gate;lever_combined_seed42.jsonl:combined;lever_five_seed42.jsonl:five;lever_flagship_panel_seed42.jsonl:flagship_panel;lever_flagship_panel_seed42_replicate.jsonl:flagship_panel;lever_qwen38_judge_gpqa_seed42.jsonl:qwen38_judge;lever_rag_presolve_gpqa_seed42.jsonl:rag_presolve;lever_thinking_all_seed42.jsonl:thinking_all;lever_thinking_gate_seed42.jsonl:thinking_gate;lever_thinking_seed42.jsonl:thinking;lever_universal_gate_gpqa_seed2311.jsonl:universal_gate;TB1_flagship1x_gpqa_seed2311.jsonl:baseline_3.7max
GPQA-Diamond,recclFbsjbaiVVnnV,32,13,19,2,False,True,full_run2.jsonl:baseline_3.7max;full_run2.jsonl:shipped_engine(pilot);full_run2.jsonl:self_consistency_5x;KI1BC_compute_matched_n9_gpqa_seed2311.jsonl:diversified_panel;lever_baseline_gpqa_seed471.jsonl:baseline_3.7max;lever_baseline_seed123.jsonl:baseline_3.7max;lever_baseline_seed7.jsonl:baseline_3.7max;lever_chem_flagship_gate_gpqa_seed888.jsonl:chem_flagship_gate;lever_chem_flagship_gate_seed555.jsonl:chem_flagship_gate;lever_chem_thinking_gate_gpqa_seed471.jsonl:chem_thinking_gate;lever_combined_seed42.jsonl:combined;lever_combined_seed7.jsonl:combined;lever_control_seed7.jsonl:control;lever_control_seed7_replicate.jsonl:control;lever_five_seed42.jsonl:five;lever_flagship_panel_seed42.jsonl:flagship_panel;lever_flagship_panel_seed42_replicate.jsonl:flagship_panel;lever_flagship_panel_seed7.jsonl:flagship_panel;lever_rag_presolve_gpqa_seed42.jsonl:rag_presolve;lever_smart_gate_seed123.jsonl:smart_gate;lever_subject_seed7.jsonl:subject;lever_thinking_all_seed42.jsonl:thinking_all;lever_thinking_all_seed7.jsonl:thinking_all;lever_thinking_gate_seed123.jsonl:thinking_gate;lever_thinking_gate_seed42.jsonl:thinking_gate;lever_thinking_gate_seed7.jsonl:thinking_gate;lever_thinking_seed42.jsonl:thinking;lever_thinking_seed7.jsonl:thinking;lever_universal_gate_gpqa_seed2311.jsonl:universal_gate;lever_universal_gate_gpqa_seed3407.jsonl:universal_gate;TB1_flagship1x_gpqa_seed2311.jsonl:baseline_3.7max;TB1_flagship1x_gpqa_seed3407.jsonl:baseline_3.7max
GPQA-Diamond,recOkA2zsy4GSMD9R,19,14,5,1,False,False,full_run2.jsonl:baseline_3.7max;full_run2.jsonl:shipped_engine(pilot);full_run2.jsonl:self_consistency_5x;lever_baseline_gpqa_seed471.jsonl:baseline_3.7max;lever_chem_flagship_gate_gpqa_seed888.jsonl:chem_flagship_gate;lever_chem_thinking_gate_gpqa_seed471.jsonl:chem_thinking_gate;lever_combined_seed42.jsonl:combined;lever_five_seed42.jsonl:five;lever_flagship_panel_seed42.jsonl:flagship_panel;lever_flagship_panel_seed42_replicate.jsonl:flagship_panel;lever_qwen38_judge_gpqa_seed42.jsonl:qwen38_judge;lever_rag_presolve_gpqa_seed42.jsonl:rag_presolve;lever_thinking_all_seed42.jsonl:thinking_all;lever_thinking_gate_seed42.jsonl:thinking_gate;lever_thinking_seed42.jsonl:thinking;lever_universal_gate_gpqa_seed1001.jsonl:universal_gate;lever_universal_gate_gpqa_seed3407.jsonl:universal_gate;TB1_flagship1x_gpqa_seed1001.jsonl:baseline_3.7max;TB1_flagship1x_gpqa_seed3407.jsonl:baseline_3.7max
GPQA-Diamond,recQiWOxhkXRz9NVE,33,19,14,2,False,False,full_run2.jsonl:baseline_3.7max;full_run2.jsonl:shipped_engine(pilot);full_run2.jsonl:self_consistency_5x;KI1BC_compute_matched_n9_gpqa_seed2311.jsonl:diversified_panel;lever_baseline_gpqa_seed471.jsonl:baseline_3.7max;lever_baseline_seed7.jsonl:baseline_3.7max;lever_chem_thinking_gate_gpqa_seed217.jsonl:chem_thinking_gate;lever_chem_thinking_gate_gpqa_seed314.jsonl:chem_thinking_gate;lever_chem_thinking_gate_gpqa_seed471.jsonl:chem_thinking_gate;lever_combined_seed42.jsonl:combined;lever_combined_seed7.jsonl:combined;lever_control_seed7.jsonl:control;lever_five_seed42.jsonl:five;lever_flagship_panel_seed42.jsonl:flagship_panel;lever_flagship_panel_seed42_replicate.jsonl:flagship_panel;lever_flagship_panel_seed7.jsonl:flagship_panel;lever_qwen38_judge_gpqa_seed42.jsonl:qwen38_judge;lever_rag_presolve_gpqa_seed42.jsonl:rag_presolve;lever_subject_seed7.jsonl:subject;lever_thinking_all_seed42.jsonl:thinking_all;lever_thinking_all_seed7.jsonl:thinking_all;lever_thinking_gate_seed42.jsonl:thinking_gate;lever_thinking_gate_seed7.jsonl:thinking_gate;lever_thinking_seed42.jsonl:thinking;lever_thinking_seed7.jsonl:thinking;lever_universal_gate_gpqa_seed1001.jsonl:universal_gate;lever_universal_gate_gpqa_seed2311.jsonl:universal_gate;moo_m1_eval.jsonl:moo:standard-tribunal;moo_m1_eval.jsonl:moo:flagship_panel;moo_m1_eval.jsonl:moo:rag_presolve;moo_m1_eval.jsonl:moo:thinking_gate;moo_m1_eval.jsonl:moo:rag_thinking_gate;moo_m1_eval.jsonl:moo:single-call
GPQA-Diamond,recXvQ6gWAmyakrpD,39,38,1,1,False,False,full_run2.jsonl:baseline_3.7max;full_run2.jsonl:shipped_engine(pilot);full_run2.jsonl:self_consistency_5x;lever_baseline_gpqa_seed217.jsonl:baseline_3.7max;lever_baseline_gpqa_seed314.jsonl:baseline_3.7max;lever_baseline_gpqa_seed471.jsonl:baseline_3.7max;lever_baseline_seed123.jsonl:baseline_3.7max;lever_baseline_seed7.jsonl:baseline_3.7max;lever_chem_flagship_gate_gpqa_seed888.jsonl:chem_flagship_gate;lever_chem_thinking_gate_gpqa_seed217.jsonl:chem_thinking_gate;lever_chem_thinking_gate_gpqa_seed314.jsonl:chem_thinking_gate;lever_chem_thinking_gate_gpqa_seed471.jsonl:chem_thinking_gate;lever_combined_seed42.jsonl:combined;lever_combined_seed7.jsonl:combined;lever_control_seed7.jsonl:control;lever_control_seed7_replicate.jsonl:control;lever_five_seed42.jsonl:five;lever_flagship_panel_seed42.jsonl:flagship_panel;lever_flagship_panel_seed42_replicate.jsonl:flagship_panel;lever_flagship_panel_seed7.jsonl:flagship_panel;lever_qwen38_judge_gpqa_seed42.jsonl:qwen38_judge;lever_smart_gate_seed123.jsonl:smart_gate;lever_subject_seed7.jsonl:subject;lever_thinking_all_seed42.jsonl:thinking_all;lever_thinking_all_seed7.jsonl:thinking_all;lever_thinking_gate_seed123.jsonl:thinking_gate;lever_thinking_gate_seed42.jsonl:thinking_gate;lever_thinking_gate_seed7.jsonl:thinking_gate;lever_thinking_seed42.jsonl:thinking;lever_thinking_seed7.jsonl:thinking;lever_universal_gate_gpqa_seed1001.jsonl:universal_gate;moo_m1_eval.jsonl:moo:standard-tribunal;moo_m1_eval.jsonl:moo:thinking_gate;moo_m1_eval.jsonl:moo:stem-max;moo_m1_eval.jsonl:moo:rag_presolve;moo_m1_eval.jsonl:moo:flagship_panel;moo_m1_eval.jsonl:moo:rag_thinking_gate;moo_m1_eval.jsonl:moo:single-call;TB1_flagship1x_gpqa_seed1001.jsonl:baseline_3.7max
GPQA-Diamond,rec6sE2CRtD4drtHg,27,27,0,0,True,False,full_run2.jsonl:baseline_3.7max;full_run2.jsonl:shipped_engine(pilot);full_run2.jsonl:self_consistency_5x;lever_baseline_gpqa_seed217.jsonl:baseline_3.7max;lever_baseline_seed123.jsonl:baseline_3.7max;lever_chem_flagship_gate_gpqa_seed777.jsonl:chem_flagship_gate;lever_chem_flagship_gate_gpqa_seed888.jsonl:chem_flagship_gate;lever_chem_flagship_gate_seed555.jsonl:chem_flagship_gate;lever_chem_thinking_gate_gpqa_seed217.jsonl:chem_thinking_gate;lever_combined_seed42.jsonl:combined;lever_five_seed42.jsonl:five;lever_flagship_panel_seed42.jsonl:flagship_panel;lever_flagship_panel_seed42_replicate.jsonl:flagship_panel;lever_qwen38_judge_gpqa_seed42.jsonl:qwen38_judge;lever_rag_presolve_gpqa_seed42.jsonl:rag_presolve;lever_smart_gate_seed123.jsonl:smart_gate;lever_thinking_all_seed42.jsonl:thinking_all;lever_thinking_gate_seed123.jsonl:thinking_gate;lever_thinking_gate_seed42.jsonl:thinking_gate;lever_thinking_seed42.jsonl:thinking;moo_m1_eval.jsonl:moo:standard-tribunal;moo_m1_eval.jsonl:moo:thinking_gate;moo_m1_eval.jsonl:moo:stem-max;moo_m1_eval.jsonl:moo:rag_presolve;moo_m1_eval.jsonl:moo:flagship_panel;moo_m1_eval.jsonl:moo:single-call;moo_m1_eval.jsonl:moo:rag_thinking_gate
GPQA-Diamond,recSBcGLPatKb3Ygu,28,28,0,0,True,False,full_run2.jsonl:baseline_3.7max;full_run2.jsonl:shipped_engine(pilot);full_run2.jsonl:self_consistency_5x;lever_baseline_gpqa_seed314.jsonl:baseline_3.7max;lever_baseline_gpqa_seed471.jsonl:baseline_3.7max;lever_chem_flagship_gate_gpqa_seed888.jsonl:chem_flagship_gate;lever_chem_thinking_gate_gpqa_seed314.jsonl:chem_thinking_gate;lever_chem_thinking_gate_gpqa_seed471.jsonl:chem_thinking_gate;lever_combined_seed42.jsonl:combined;lever_five_seed42.jsonl:five;lever_flagship_panel_seed42.jsonl:flagship_panel;lever_flagship_panel_seed42_replicate.jsonl:flagship_panel;lever_qwen38_judge_gpqa_seed42.jsonl:qwen38_judge;lever_rag_presolve_gpqa_seed42.jsonl:rag_presolve;lever_thinking_all_seed42.jsonl:thinking_all;lever_thinking_gate_seed42.jsonl:thinking_gate;lever_thinking_seed42.jsonl:thinking;lever_universal_gate_gpqa_seed1001.jsonl:universal_gate;lever_universal_gate_gpqa_seed3407.jsonl:universal_gate;moo_m1_eval.jsonl:moo:standard-tribunal;moo_m1_eval.jsonl:moo:thinking_gate;moo_m1_eval.jsonl:moo:stem-max;moo_m1_eval.jsonl:moo:rag_presolve;moo_m1_eval.jsonl:moo:flagship_panel;moo_m1_eval.jsonl:moo:single-call;moo_m1_eval.jsonl:moo:rag_thinking_gate;TB1_flagship1x_gpqa_seed1001.jsonl:baseline_3.7max;TB1_flagship1x_gpqa_seed3407.jsonl:baseline_3.7max
GPQA-Diamond,recatj4YXzbOaq3Ar,20,20,0,0,True,False,full_run2.jsonl:baseline_3.7max;full_run2.jsonl:shipped_engine(pilot);full_run2.jsonl:self_consistency_5x;KI1BC_compute_matched_n9_gpqa_seed2311.jsonl:diversified_panel;lever_baseline_gpqa_seed314.jsonl:baseline_3.7max;lever_baseline_seed123.jsonl:baseline_3.7max;lever_chem_thinking_gate_gpqa_seed314.jsonl:chem_thinking_gate;lever_combined_seed42.jsonl:combined;lever_five_seed42.jsonl:five;lever_flagship_panel_seed42.jsonl:flagship_panel;lever_flagship_panel_seed42_replicate.jsonl:flagship_panel;lever_qwen38_judge_gpqa_seed42.jsonl:qwen38_judge;lever_rag_presolve_gpqa_seed42.jsonl:rag_presolve;lever_smart_gate_seed123.jsonl:smart_gate;lever_thinking_all_seed42.jsonl:thinking_all;lever_thinking_gate_seed123.jsonl:thinking_gate;lever_thinking_gate_seed42.jsonl:thinking_gate;lever_thinking_seed42.jsonl:thinking;lever_universal_gate_gpqa_seed2311.jsonl:universal_gate;TB1_flagship1x_gpqa_seed2311.jsonl:baseline_3.7max
GPQA-Diamond,recMicVBcqy1xM1jq,32,18,14,1,False,False,full_run2.jsonl:baseline_3.7max;full_run2.jsonl:shipped_engine(pilot);full_run2.jsonl:self_consistency_5x;KI1BC_compute_matched_n9_gpqa_seed2311.jsonl:diversified_panel;lever_baseline_gpqa_seed314.jsonl:baseline_3.7max;lever_baseline_gpqa_seed471.jsonl:baseline_3.7max;lever_baseline_seed7.jsonl:baseline_3.7max;lever_chem_flagship_gate_gpqa_seed777.jsonl:chem_flagship_gate;lever_chem_flagship_gate_gpqa_seed888.jsonl:chem_flagship_gate;lever_chem_thinking_gate_gpqa_seed314.jsonl:chem_thinking_gate;lever_chem_thinking_gate_gpqa_seed471.jsonl:chem_thinking_gate;lever_combined_seed42.jsonl:combined;lever_combined_seed7.jsonl:combined;lever_control_seed7.jsonl:control;lever_control_seed7_replicate.jsonl:control;lever_five_seed42.jsonl:five;lever_flagship_panel_seed42.jsonl:flagship_panel;lever_flagship_panel_seed42_replicate.jsonl:flagship_panel;lever_flagship_panel_seed7.jsonl:flagship_panel;lever_qwen38_judge_gpqa_seed42.jsonl:qwen38_judge;lever_rag_presolve_gpqa_seed42.jsonl:rag_presolve;lever_subject_seed7.jsonl:subject;lever_thinking_all_seed42.jsonl:thinking_all;lever_thinking_all_seed7.jsonl:thinking_all;lever_thinking_gate_seed42.jsonl:thinking_gate;lever_thinking_gate_seed7.jsonl:thinking_gate;lever_thinking_seed42.jsonl:thinking;lever_thinking_seed7.jsonl:thinking;lever_universal_gate_gpqa_seed1001.jsonl:universal_gate;lever_universal_gate_gpqa_seed2311.jsonl:universal_gate;TB1_flagship1x_gpqa_seed1001.jsonl:baseline_3.7max;TB1_flagship1x_gpqa_seed2311.jsonl:baseline_3.7max
GPQA-Diamond,rec0wZvZgiz320KRs,40,38,2,1,False,False,full_run2.jsonl:baseline_3.7max;full_run2.jsonl:shipped_engine(pilot);full_run2.jsonl:self_consistency_5x;KI1BC_compute_matched_n9_gpqa_seed2311.jsonl:diversified_panel;lever_baseline_gpqa_seed217.jsonl:baseline_3.7max;lever_baseline_seed7.jsonl:baseline_3.7max;lever_chem_flagship_gate_seed555.jsonl:chem_flagship_gate;lever_chem_thinking_gate_gpqa_seed217.jsonl:chem_thinking_gate;lever_combined_seed42.jsonl:combined;lever_combined_seed7.jsonl:combined;lever_control_seed7.jsonl:control;lever_control_seed7_replicate.jsonl:control;lever_five_seed42.jsonl:five;lever_flagship_panel_seed42.jsonl:flagship_panel;lever_flagship_panel_seed42_replicate.jsonl:flagship_panel;lever_flagship_panel_seed7.jsonl:flagship_panel;lever_qwen38_judge_gpqa_seed42.jsonl:qwen38_judge;lever_rag_presolve_gpqa_seed42.jsonl:rag_presolve;lever_subject_seed7.jsonl:subject;lever_thinking_all_seed42.jsonl:thinking_all;lever_thinking_all_seed7.jsonl:thinking_all;lever_thinking_gate_seed42.jsonl:thinking_gate;lever_thinking_gate_seed7.jsonl:thinking_gate;lever_thinking_seed42.jsonl:thinking;lever_thinking_seed7.jsonl:thinking;lever_universal_gate_gpqa_seed1001.jsonl:universal_gate;lever_universal_gate_gpqa_seed2311.jsonl:universal_gate;lever_universal_gate_gpqa_seed3407.jsonl:universal_gate;moo_m1_eval.jsonl:moo:standard-tribunal;moo_m1_eval.jsonl:moo:rag_presolve;moo_m1_eval.jsonl:moo:flagship_panel;moo_m1_eval.jsonl:moo:thinking_gate;moo_m1_eval.jsonl:moo:rag_thinking_gate;moo_m1_eval.jsonl:moo:stem-max;moo_m1_eval.jsonl:moo:single-call;smoke3.jsonl:baseline_3.7max;smoke3.jsonl:shipped_engine(pilot);TB1_flagship1x_gpqa_seed1001.jsonl:baseline_3.7max;TB1_flagship1x_gpqa_seed2311.jsonl:baseline_3.7max;TB1_flagship1x_gpqa_seed3407.jsonl:baseline_3.7max
GSM8K,1214,2,2,0,0,True,False,gsm8k_pilot_seed42.jsonl:baseline_3.7max;gsm8k_pilot_seed42.jsonl:shipped_engine(pilot)
GSM8K,588,2,2,0,0,True,False,gsm8k_pilot_seed42.jsonl:baseline_3.7max;gsm8k_pilot_seed42.jsonl:shipped_engine(pilot)
GSM8K,906,2,2,0,0,True,False,gsm8k_pilot_seed42.jsonl:baseline_3.7max;gsm8k_pilot_seed42.jsonl:shipped_engine(pilot)
GSM8K,57,2,2,0,0,True,False,gsm8k_pilot_seed42.jsonl:baseline_3.7max;gsm8k_pilot_seed42.jsonl:shipped_engine(pilot)
GSM8K,1252,2,2,0,0,True,False,gsm8k_pilot_seed42.jsonl:baseline_3.7max;gsm8k_pilot_seed42.jsonl:shipped_engine(pilot)
GSM8K,599,2,2,0,0,True,False,gsm8k_pilot_seed42.jsonl:baseline_3.7max;gsm8k_pilot_seed42.jsonl:shipped_engine(pilot)
GSM8K,618,2,2,0,0,True,False,gsm8k_pilot_seed42.jsonl:baseline_3.7max;gsm8k_pilot_seed42.jsonl:shipped_engine(pilot)
GSM8K,400,2,2,0,0,True,False,gsm8k_pilot_seed42.jsonl:baseline_3.7max;gsm8k_pilot_seed42.jsonl:shipped_engine(pilot)
GSM8K,289,2,2,0,0,True,False,gsm8k_pilot_seed42.jsonl:baseline_3.7max;gsm8k_pilot_seed42.jsonl:shipped_engine(pilot)
GSM8K,608,2,2,0,0,True,False,gsm8k_pilot_seed42.jsonl:baseline_3.7max;gsm8k_pilot_seed42.jsonl:shipped_engine(pilot)
GSM8K,237,2,2,0,0,True,False,gsm8k_pilot_seed42.jsonl:baseline_3.7max;gsm8k_pilot_seed42.jsonl:shipped_engine(pilot)
GSM8K,1132,2,2,0,0,True,False,gsm8k_pilot_seed42.jsonl:baseline_3.7max;gsm8k_pilot_seed42.jsonl:shipped_engine(pilot)
GSM8K,672,2,2,0,0,True,False,gsm8k_pilot_seed42.jsonl:baseline_3.7max;gsm8k_pilot_seed42.jsonl:shipped_engine(pilot)
GSM8K,222,2,2,0,0,True,False,gsm8k_pilot_seed42.jsonl:baseline_3.7max;gsm8k_pilot_seed42.jsonl:shipped_engine(pilot)
GSM8K,616,2,2,0,0,True,False,gsm8k_pilot_seed42.jsonl:baseline_3.7max;gsm8k_pilot_seed42.jsonl:shipped_engine(pilot)
GSM8K,238,2,2,0,0,True,False,gsm8k_pilot_seed42.jsonl:baseline_3.7max;gsm8k_pilot_seed42.jsonl:shipped_engine(pilot)
GSM8K,945,2,2,0,0,True,False,gsm8k_pilot_seed42.jsonl:baseline_3.7max;gsm8k_pilot_seed42.jsonl:shipped_engine(pilot)
GSM8K,55,2,2,0,0,True,False,gsm8k_pilot_seed42.jsonl:baseline_3.7max;gsm8k_pilot_seed42.jsonl:shipped_engine(pilot)
GSM8K,730,2,2,0,0,True,False,gsm8k_pilot_seed42.jsonl:baseline_3.7max;gsm8k_pilot_seed42.jsonl:shipped_engine(pilot)
GSM8K,463,2,2,0,0,True,False,gsm8k_pilot_seed42.jsonl:baseline_3.7max;gsm8k_pilot_seed42.jsonl:shipped_engine(pilot)
GSM8K,176,2,2,0,0,True,False,gsm8k_pilot_seed42.jsonl:baseline_3.7max;gsm8k_pilot_seed42.jsonl:shipped_engine(pilot)
GSM8K,772,2,2,0,0,True,False,gsm8k_pilot_seed42.jsonl:baseline_3.7max;gsm8k_pilot_seed42.jsonl:shipped_engine(pilot)
GSM8K,15,2,2,0,0,True,False,gsm8k_pilot_seed42.jsonl:baseline_3.7max;gsm8k_pilot_seed42.jsonl:shipped_engine(pilot)
GSM8K,66,2,2,0,0,True,False,gsm8k_pilot_seed42.jsonl:baseline_3.7max;gsm8k_pilot_seed42.jsonl:shipped_engine(pilot)
GSM8K,479,2,2,0,0,True,False,gsm8k_pilot_seed42.jsonl:baseline_3.7max;gsm8k_pilot_seed42.jsonl:shipped_engine(pilot)
GSM8K,1005,2,2,0,0,True,False,gsm8k_pilot_seed42.jsonl:baseline_3.7max;gsm8k_pilot_seed42.jsonl:shipped_engine(pilot)
GSM8K,480,2,2,0,0,True,False,gsm8k_pilot_seed42.jsonl:baseline_3.7max;gsm8k_pilot_seed42.jsonl:shipped_engine(pilot)
GSM8K,896,2,2,0,0,True,False,gsm8k_pilot_seed42.jsonl:baseline_3.7max;gsm8k_pilot_seed42.jsonl:shipped_engine(pilot)
GSM8K,1122,2,2,0,0,True,False,gsm8k_pilot_seed42.jsonl:baseline_3.7max;gsm8k_pilot_seed42.jsonl:shipped_engine(pilot)
GSM8K,921,2,1,1,1,False,False,gsm8k_pilot_seed42.jsonl:baseline_3.7max;gsm8k_pilot_seed42.jsonl:shipped_engine(pilot)
GSM8K,275,2,2,0,0,True,False,gsm8k_pilot_seed42.jsonl:baseline_3.7max;gsm8k_pilot_seed42.jsonl:shipped_engine(pilot)
GSM8K,868,2,2,0,0,True,False,gsm8k_pilot_seed42.jsonl:baseline_3.7max;gsm8k_pilot_seed42.jsonl:shipped_engine(pilot)
GSM8K,187,2,1,1,1,False,False,gsm8k_pilot_seed42.jsonl:baseline_3.7max;gsm8k_pilot_seed42.jsonl:shipped_engine(pilot)
GSM8K,562,2,2,0,0,True,False,gsm8k_pilot_seed42.jsonl:baseline_3.7max;gsm8k_pilot_seed42.jsonl:shipped_engine(pilot)
GSM8K,770,2,2,0,0,True,False,gsm8k_pilot_seed42.jsonl:baseline_3.7max;gsm8k_pilot_seed42.jsonl:shipped_engine(pilot)
GSM8K,172,2,2,0,0,True,False,gsm8k_pilot_seed42.jsonl:baseline_3.7max;gsm8k_pilot_seed42.jsonl:shipped_engine(pilot)
GSM8K,1191,2,2,0,0,True,False,gsm8k_pilot_seed42.jsonl:baseline_3.7max;gsm8k_pilot_seed42.jsonl:shipped_engine(pilot)
GSM8K,1082,2,2,0,0,True,False,gsm8k_pilot_seed42.jsonl:baseline_3.7max;gsm8k_pilot_seed42.jsonl:shipped_engine(pilot)
GSM8K,1308,2,2,0,0,True,False,gsm8k_pilot_seed42.jsonl:baseline_3.7max;gsm8k_pilot_seed42.jsonl:shipped_engine(pilot)
GSM8K,1154,2,2,0,0,True,False,gsm8k_pilot_seed42.jsonl:baseline_3.7max;gsm8k_pilot_seed42.jsonl:shipped_engine(pilot)
GSM8K,537,2,2,0,0,True,False,gsm8k_pilot_seed42.jsonl:baseline_3.7max;gsm8k_pilot_seed42.jsonl:shipped_engine(pilot)
GSM8K,280,2,2,0,0,True,False,gsm8k_pilot_seed42.jsonl:baseline_3.7max;gsm8k_pilot_seed42.jsonl:shipped_engine(pilot)
GSM8K,413,2,2,0,0,True,False,gsm8k_pilot_seed42.jsonl:baseline_3.7max;gsm8k_pilot_seed42.jsonl:shipped_engine(pilot)
GSM8K,677,2,2,0,0,True,False,gsm8k_pilot_seed42.jsonl:baseline_3.7max;gsm8k_pilot_seed42.jsonl:shipped_engine(pilot)
GSM8K,177,2,2,0,0,True,False,gsm8k_pilot_seed42.jsonl:baseline_3.7max;gsm8k_pilot_seed42.jsonl:shipped_engine(pilot)
GSM8K,923,2,2,0,0,True,False,gsm8k_pilot_seed42.jsonl:baseline_3.7max;gsm8k_pilot_seed42.jsonl:shipped_engine(pilot)
GSM8K,454,2,2,0,0,True,False,gsm8k_pilot_seed42.jsonl:baseline_3.7max;gsm8k_pilot_seed42.jsonl:shipped_engine(pilot)
GSM8K,970,2,2,0,0,True,False,gsm8k_pilot_seed42.jsonl:baseline_3.7max;gsm8k_pilot_seed42.jsonl:shipped_engine(pilot)
GSM8K,21,2,2,0,0,True,False,gsm8k_pilot_seed42.jsonl:baseline_3.7max;gsm8k_pilot_seed42.jsonl:shipped_engine(pilot)
GSM8K,1176,2,2,0,0,True,False,gsm8k_pilot_seed42.jsonl:baseline_3.7max;gsm8k_pilot_seed42.jsonl:shipped_engine(pilot)
GPQA-Diamond,recyl3usDqb7ruXJx,24,24,0,0,True,False,KI1BC_compute_matched_n9_gpqa_seed2311.jsonl:diversified_panel;lever_baseline_gpqa_seed217.jsonl:baseline_3.7max;lever_baseline_gpqa_seed314.jsonl:baseline_3.7max;lever_baseline_gpqa_seed471.jsonl:baseline_3.7max;lever_baseline_seed123.jsonl:baseline_3.7max;lever_baseline_seed7.jsonl:baseline_3.7max;lever_chem_flagship_gate_seed555.jsonl:chem_flagship_gate;lever_chem_thinking_gate_gpqa_seed217.jsonl:chem_thinking_gate;lever_chem_thinking_gate_gpqa_seed314.jsonl:chem_thinking_gate;lever_chem_thinking_gate_gpqa_seed471.jsonl:chem_thinking_gate;lever_combined_seed7.jsonl:combined;lever_control_seed7.jsonl:control;lever_control_seed7_replicate.jsonl:control;lever_flagship_panel_seed7.jsonl:flagship_panel;lever_smart_gate_seed123.jsonl:smart_gate;lever_subject_seed7.jsonl:subject;lever_thinking_all_seed7.jsonl:thinking_all;lever_thinking_gate_seed123.jsonl:thinking_gate;lever_thinking_gate_seed7.jsonl:thinking_gate;lever_thinking_seed7.jsonl:thinking;lever_universal_gate_gpqa_seed2311.jsonl:universal_gate;lever_universal_gate_gpqa_seed3407.jsonl:universal_gate;TB1_flagship1x_gpqa_seed2311.jsonl:baseline_3.7max;TB1_flagship1x_gpqa_seed3407.jsonl:baseline_3.7max
GPQA-Diamond,recNAiPUKOulQbKVP,13,11,2,1,False,False,KI1BC_compute_matched_n9_gpqa_seed2311.jsonl:diversified_panel;lever_baseline_gpqa_seed217.jsonl:baseline_3.7max;lever_baseline_gpqa_seed314.jsonl:baseline_3.7max;lever_baseline_gpqa_seed471.jsonl:baseline_3.7max;lever_baseline_seed123.jsonl:baseline_3.7max;lever_chem_flagship_gate_gpqa_seed777.jsonl:chem_flagship_gate;lever_chem_thinking_gate_gpqa_seed217.jsonl:chem_thinking_gate;lever_chem_thinking_gate_gpqa_seed314.jsonl:chem_thinking_gate;lever_chem_thinking_gate_gpqa_seed471.jsonl:chem_thinking_gate;lever_smart_gate_seed123.jsonl:smart_gate;lever_thinking_gate_seed123.jsonl:thinking_gate;lever_universal_gate_gpqa_seed2311.jsonl:universal_gate;TB1_flagship1x_gpqa_seed2311.jsonl:baseline_3.7max
GPQA-Diamond,recZbxrocrxh9YENH,22,20,2,2,False,False,KI1BC_compute_matched_n9_gpqa_seed2311.jsonl:diversified_panel;lever_baseline_gpqa_seed314.jsonl:baseline_3.7max;lever_baseline_seed123.jsonl:baseline_3.7max;lever_baseline_seed7.jsonl:baseline_3.7max;lever_chem_flagship_gate_gpqa_seed777.jsonl:chem_flagship_gate;lever_chem_flagship_gate_gpqa_seed888.jsonl:chem_flagship_gate;lever_chem_flagship_gate_seed555.jsonl:chem_flagship_gate;lever_chem_thinking_gate_gpqa_seed314.jsonl:chem_thinking_gate;lever_combined_seed7.jsonl:combined;lever_control_seed7.jsonl:control;lever_control_seed7_replicate.jsonl:control;lever_flagship_panel_seed7.jsonl:flagship_panel;lever_smart_gate_seed123.jsonl:smart_gate;lever_subject_seed7.jsonl:subject;lever_thinking_all_seed7.jsonl:thinking_all;lever_thinking_gate_seed123.jsonl:thinking_gate;lever_thinking_gate_seed7.jsonl:thinking_gate;lever_thinking_seed7.jsonl:thinking;lever_universal_gate_gpqa_seed1001.jsonl:universal_gate;lever_universal_gate_gpqa_seed2311.jsonl:universal_gate;TB1_flagship1x_gpqa_seed1001.jsonl:baseline_3.7max;TB1_flagship1x_gpqa_seed2311.jsonl:baseline_3.7max
GPQA-Diamond,rect4iLrSfUwkNTno,11,11,0,0,True,False,KI1BC_compute_matched_n9_gpqa_seed2311.jsonl:diversified_panel;lever_baseline_gpqa_seed314.jsonl:baseline_3.7max;lever_baseline_gpqa_seed471.jsonl:baseline_3.7max;lever_chem_flagship_gate_gpqa_seed777.jsonl:chem_flagship_gate;lever_chem_flagship_gate_gpqa_seed888.jsonl:chem_flagship_gate;lever_chem_thinking_gate_gpqa_seed314.jsonl:chem_thinking_gate;lever_chem_thinking_gate_gpqa_seed471.jsonl:chem_thinking_gate;lever_universal_gate_gpqa_seed1001.jsonl:universal_gate;lever_universal_gate_gpqa_seed2311.jsonl:universal_gate;TB1_flagship1x_gpqa_seed1001.jsonl:baseline_3.7max;TB1_flagship1x_gpqa_seed2311.jsonl:baseline_3.7max
GPQA-Diamond,rec4JrWy7Il8ho5vk,11,11,0,0,True,False,KI1BC_compute_matched_n9_gpqa_seed2311.jsonl:diversified_panel;lever_baseline_gpqa_seed217.jsonl:baseline_3.7max;lever_baseline_gpqa_seed314.jsonl:baseline_3.7max;lever_baseline_gpqa_seed471.jsonl:baseline_3.7max;lever_chem_flagship_gate_gpqa_seed777.jsonl:chem_flagship_gate;lever_chem_flagship_gate_seed555.jsonl:chem_flagship_gate;lever_chem_thinking_gate_gpqa_seed217.jsonl:chem_thinking_gate;lever_chem_thinking_gate_gpqa_seed314.jsonl:chem_thinking_gate;lever_chem_thinking_gate_gpqa_seed471.jsonl:chem_thinking_gate;lever_universal_gate_gpqa_seed2311.jsonl:universal_gate;TB1_flagship1x_gpqa_seed2311.jsonl:baseline_3.7max
GPQA-Diamond,rec1oj2DveQWl9Rpw,11,6,5,1,False,False,KI1BC_compute_matched_n9_gpqa_seed2311.jsonl:diversified_panel;lever_baseline_gpqa_seed217.jsonl:baseline_3.7max;lever_baseline_seed123.jsonl:baseline_3.7max;lever_chem_flagship_gate_gpqa_seed777.jsonl:chem_flagship_gate;lever_chem_thinking_gate_gpqa_seed217.jsonl:chem_thinking_gate;lever_smart_gate_seed123.jsonl:smart_gate;lever_thinking_gate_seed123.jsonl:thinking_gate;lever_universal_gate_gpqa_seed2311.jsonl:universal_gate;lever_universal_gate_gpqa_seed3407.jsonl:universal_gate;TB1_flagship1x_gpqa_seed2311.jsonl:baseline_3.7max;TB1_flagship1x_gpqa_seed3407.jsonl:baseline_3.7max
GPQA-Diamond,rec0VuKUjt1SZ7NYv,11,11,0,0,True,False,KI1BC_compute_matched_n9_gpqa_seed2311.jsonl:diversified_panel;lever_baseline_gpqa_seed217.jsonl:baseline_3.7max;lever_baseline_seed123.jsonl:baseline_3.7max;lever_chem_flagship_gate_seed555.jsonl:chem_flagship_gate;lever_chem_thinking_gate_gpqa_seed217.jsonl:chem_thinking_gate;lever_smart_gate_seed123.jsonl:smart_gate;lever_thinking_gate_seed123.jsonl:thinking_gate;lever_universal_gate_gpqa_seed1001.jsonl:universal_gate;lever_universal_gate_gpqa_seed2311.jsonl:universal_gate;TB1_flagship1x_gpqa_seed1001.jsonl:baseline_3.7max;TB1_flagship1x_gpqa_seed2311.jsonl:baseline_3.7max
GPQA-Diamond,recz3MfYHPRhsEQkW,14,14,0,0,True,False,KI1BC_compute_matched_n9_gpqa_seed2311.jsonl:diversified_panel;lever_baseline_gpqa_seed314.jsonl:baseline_3.7max;lever_baseline_seed7.jsonl:baseline_3.7max;lever_chem_thinking_gate_gpqa_seed314.jsonl:chem_thinking_gate;lever_combined_seed7.jsonl:combined;lever_control_seed7.jsonl:control;lever_control_seed7_replicate.jsonl:control;lever_flagship_panel_seed7.jsonl:flagship_panel;lever_subject_seed7.jsonl:subject;lever_thinking_all_seed7.jsonl:thinking_all;lever_thinking_gate_seed7.jsonl:thinking_gate;lever_thinking_seed7.jsonl:thinking;lever_universal_gate_gpqa_seed2311.jsonl:universal_gate;TB1_flagship1x_gpqa_seed2311.jsonl:baseline_3.7max
GPQA-Diamond,recb2M22zaD3tL6Qc,22,17,5,1,False,False,KI1BC_compute_matched_n9_gpqa_seed2311.jsonl:diversified_panel;lever_baseline_gpqa_seed217.jsonl:baseline_3.7max;lever_baseline_gpqa_seed471.jsonl:baseline_3.7max;lever_baseline_seed123.jsonl:baseline_3.7max;lever_baseline_seed7.jsonl:baseline_3.7max;lever_chem_flagship_gate_seed555.jsonl:chem_flagship_gate;lever_chem_thinking_gate_gpqa_seed217.jsonl:chem_thinking_gate;lever_chem_thinking_gate_gpqa_seed471.jsonl:chem_thinking_gate;lever_combined_seed7.jsonl:combined;lever_control_seed7.jsonl:control;lever_control_seed7_replicate.jsonl:control;lever_flagship_panel_seed7.jsonl:flagship_panel;lever_smart_gate_seed123.jsonl:smart_gate;lever_subject_seed7.jsonl:subject;lever_thinking_all_seed7.jsonl:thinking_all;lever_thinking_gate_seed123.jsonl:thinking_gate;lever_thinking_gate_seed7.jsonl:thinking_gate;lever_thinking_seed7.jsonl:thinking;lever_universal_gate_gpqa_seed1001.jsonl:universal_gate;lever_universal_gate_gpqa_seed2311.jsonl:universal_gate;TB1_flagship1x_gpqa_seed1001.jsonl:baseline_3.7max;TB1_flagship1x_gpqa_seed2311.jsonl:baseline_3.7max
GPQA-Diamond,recgC4GJ8wUemlUQD,7,7,0,0,True,False,KI1BC_compute_matched_n9_gpqa_seed2311.jsonl:diversified_panel;lever_baseline_gpqa_seed217.jsonl:baseline_3.7max;lever_chem_flagship_gate_gpqa_seed777.jsonl:chem_flagship_gate;lever_chem_flagship_gate_gpqa_seed888.jsonl:chem_flagship_gate;lever_chem_thinking_gate_gpqa_seed217.jsonl:chem_thinking_gate;lever_universal_gate_gpqa_seed2311.jsonl:universal_gate;TB1_flagship1x_gpqa_seed2311.jsonl:baseline_3.7max
GPQA-Diamond,recLrRirj7iXoB0rU,15,15,0,0,True,False,KI1BC_compute_matched_n9_gpqa_seed2311.jsonl:diversified_panel;lever_baseline_seed123.jsonl:baseline_3.7max;lever_baseline_seed7.jsonl:baseline_3.7max;lever_combined_seed7.jsonl:combined;lever_control_seed7.jsonl:control;lever_control_seed7_replicate.jsonl:control;lever_flagship_panel_seed7.jsonl:flagship_panel;lever_smart_gate_seed123.jsonl:smart_gate;lever_subject_seed7.jsonl:subject;lever_thinking_all_seed7.jsonl:thinking_all;lever_thinking_gate_seed123.jsonl:thinking_gate;lever_thinking_gate_seed7.jsonl:thinking_gate;lever_thinking_seed7.jsonl:thinking;lever_universal_gate_gpqa_seed2311.jsonl:universal_gate;TB1_flagship1x_gpqa_seed2311.jsonl:baseline_3.7max
GPQA-Diamond,recZSGUkn56v9kEp1,11,11,0,0,True,False,KI1BC_compute_matched_n9_gpqa_seed2311.jsonl:diversified_panel;lever_baseline_gpqa_seed217.jsonl:baseline_3.7max;lever_baseline_seed123.jsonl:baseline_3.7max;lever_chem_flagship_gate_gpqa_seed888.jsonl:chem_flagship_gate;lever_chem_thinking_gate_gpqa_seed217.jsonl:chem_thinking_gate;lever_smart_gate_seed123.jsonl:smart_gate;lever_thinking_gate_seed123.jsonl:thinking_gate;lever_universal_gate_gpqa_seed2311.jsonl:universal_gate;lever_universal_gate_gpqa_seed3407.jsonl:universal_gate;TB1_flagship1x_gpqa_seed2311.jsonl:baseline_3.7max;TB1_flagship1x_gpqa_seed3407.jsonl:baseline_3.7max
GPQA-Diamond,recDytVnNYZe2HuUU,10,9,1,1,False,False,KI1BC_compute_matched_n9_gpqa_seed2311.jsonl:diversified_panel;lever_baseline_seed123.jsonl:baseline_3.7max;lever_smart_gate_seed123.jsonl:smart_gate;lever_thinking_gate_seed123.jsonl:thinking_gate;lever_universal_gate_gpqa_seed1001.jsonl:universal_gate;lever_universal_gate_gpqa_seed2311.jsonl:universal_gate;lever_universal_gate_gpqa_seed3407.jsonl:universal_gate;TB1_flagship1x_gpqa_seed1001.jsonl:baseline_3.7max;TB1_flagship1x_gpqa_seed2311.jsonl:baseline_3.7max;TB1_flagship1x_gpqa_seed3407.jsonl:baseline_3.7max
GPQA-Diamond,recb4cGsC6BJUCU3V,18,15,3,1,False,False,KI1BC_compute_matched_n9_gpqa_seed2311.jsonl:diversified_panel;lever_baseline_gpqa_seed471.jsonl:baseline_3.7max;lever_baseline_seed7.jsonl:baseline_3.7max;lever_chem_flagship_gate_gpqa_seed888.jsonl:chem_flagship_gate;lever_chem_flagship_gate_seed555.jsonl:chem_flagship_gate;lever_chem_thinking_gate_gpqa_seed471.jsonl:chem_thinking_gate;lever_combined_seed7.jsonl:combined;lever_control_seed7.jsonl:control;lever_control_seed7_replicate.jsonl:control;lever_flagship_panel_seed7.jsonl:flagship_panel;lever_subject_seed7.jsonl:subject;lever_thinking_all_seed7.jsonl:thinking_all;lever_thinking_gate_seed7.jsonl:thinking_gate;lever_thinking_seed7.jsonl:thinking;lever_universal_gate_gpqa_seed2311.jsonl:universal_gate;lever_universal_gate_gpqa_seed3407.jsonl:universal_gate;TB1_flagship1x_gpqa_seed2311.jsonl:baseline_3.7max;TB1_flagship1x_gpqa_seed3407.jsonl:baseline_3.7max
GPQA-Diamond,recZt4x514UQNnsgy,13,8,5,2,False,False,KI1BC_compute_matched_n9_gpqa_seed2311.jsonl:diversified_panel;lever_baseline_gpqa_seed217.jsonl:baseline_3.7max;lever_baseline_gpqa_seed314.jsonl:baseline_3.7max;lever_baseline_gpqa_seed471.jsonl:baseline_3.7max;lever_baseline_seed123.jsonl:baseline_3.7max;lever_chem_flagship_gate_gpqa_seed777.jsonl:chem_flagship_gate;lever_chem_thinking_gate_gpqa_seed217.jsonl:chem_thinking_gate;lever_chem_thinking_gate_gpqa_seed314.jsonl:chem_thinking_gate;lever_chem_thinking_gate_gpqa_seed471.jsonl:chem_thinking_gate;lever_smart_gate_seed123.jsonl:smart_gate;lever_thinking_gate_seed123.jsonl:thinking_gate;lever_universal_gate_gpqa_seed2311.jsonl:universal_gate;TB1_flagship1x_gpqa_seed2311.jsonl:baseline_3.7max
GPQA-Diamond,reck1zKeCssmN82Ga,18,18,0,0,True,False,KI1BC_compute_matched_n9_gpqa_seed2311.jsonl:diversified_panel;lever_baseline_gpqa_seed217.jsonl:baseline_3.7max;lever_baseline_gpqa_seed314.jsonl:baseline_3.7max;lever_baseline_gpqa_seed471.jsonl:baseline_3.7max;lever_baseline_seed123.jsonl:baseline_3.7max;lever_chem_flagship_gate_gpqa_seed777.jsonl:chem_flagship_gate;lever_chem_flagship_gate_seed555.jsonl:chem_flagship_gate;lever_chem_thinking_gate_gpqa_seed217.jsonl:chem_thinking_gate;lever_chem_thinking_gate_gpqa_seed314.jsonl:chem_thinking_gate;lever_chem_thinking_gate_gpqa_seed471.jsonl:chem_thinking_gate;lever_smart_gate_seed123.jsonl:smart_gate;lever_thinking_gate_seed123.jsonl:thinking_gate;lever_universal_gate_gpqa_seed1001.jsonl:universal_gate;lever_universal_gate_gpqa_seed2311.jsonl:universal_gate;lever_universal_gate_gpqa_seed3407.jsonl:universal_gate;TB1_flagship1x_gpqa_seed1001.jsonl:baseline_3.7max;TB1_flagship1x_gpqa_seed2311.jsonl:baseline_3.7max;TB1_flagship1x_gpqa_seed3407.jsonl:baseline_3.7max
GPQA-Diamond,recw4rROcnHKNZhtK,11,11,0,0,True,False,KI1BC_compute_matched_n9_gpqa_seed2311.jsonl:diversified_panel;lever_baseline_gpqa_seed217.jsonl:baseline_3.7max;lever_baseline_gpqa_seed314.jsonl:baseline_3.7max;lever_baseline_seed123.jsonl:baseline_3.7max;lever_chem_flagship_gate_gpqa_seed888.jsonl:chem_flagship_gate;lever_chem_thinking_gate_gpqa_seed217.jsonl:chem_thinking_gate;lever_chem_thinking_gate_gpqa_seed314.jsonl:chem_thinking_gate;lever_smart_gate_seed123.jsonl:smart_gate;lever_thinking_gate_seed123.jsonl:thinking_gate;lever_universal_gate_gpqa_seed2311.jsonl:universal_gate;TB1_flagship1x_gpqa_seed2311.jsonl:baseline_3.7max
GPQA-Diamond,recvlnu8BuLmXZhSX,20,20,0,0,True,False,KI1BC_compute_matched_n9_gpqa_seed2311.jsonl:diversified_panel;lever_baseline_gpqa_seed314.jsonl:baseline_3.7max;lever_baseline_seed123.jsonl:baseline_3.7max;lever_baseline_seed7.jsonl:baseline_3.7max;lever_chem_flagship_gate_seed555.jsonl:chem_flagship_gate;lever_chem_thinking_gate_gpqa_seed314.jsonl:chem_thinking_gate;lever_combined_seed7.jsonl:combined;lever_control_seed7.jsonl:control;lever_control_seed7_replicate.jsonl:control;lever_flagship_panel_seed7.jsonl:flagship_panel;lever_smart_gate_seed123.jsonl:smart_gate;lever_subject_seed7.jsonl:subject;lever_thinking_all_seed7.jsonl:thinking_all;lever_thinking_gate_seed123.jsonl:thinking_gate;lever_thinking_gate_seed7.jsonl:thinking_gate;lever_thinking_seed7.jsonl:thinking;lever_universal_gate_gpqa_seed1001.jsonl:universal_gate;lever_universal_gate_gpqa_seed2311.jsonl:universal_gate;TB1_flagship1x_gpqa_seed1001.jsonl:baseline_3.7max;TB1_flagship1x_gpqa_seed2311.jsonl:baseline_3.7max
GPQA-Diamond,rec2ZTsqazBZ3LTWZ,14,14,0,0,True,False,KI1BC_compute_matched_n9_gpqa_seed2311.jsonl:diversified_panel;lever_baseline_seed7.jsonl:baseline_3.7max;lever_chem_flagship_gate_gpqa_seed777.jsonl:chem_flagship_gate;lever_chem_flagship_gate_gpqa_seed888.jsonl:chem_flagship_gate;lever_combined_seed7.jsonl:combined;lever_control_seed7.jsonl:control;lever_control_seed7_replicate.jsonl:control;lever_flagship_panel_seed7.jsonl:flagship_panel;lever_subject_seed7.jsonl:subject;lever_thinking_all_seed7.jsonl:thinking_all;lever_thinking_gate_seed7.jsonl:thinking_gate;lever_thinking_seed7.jsonl:thinking;lever_universal_gate_gpqa_seed2311.jsonl:universal_gate;TB1_flagship1x_gpqa_seed2311.jsonl:baseline_3.7max
GPQA-Diamond,recyrk6XBVwugG5u8,20,20,0,0,True,False,KI1BC_compute_matched_n9_gpqa_seed2311.jsonl:diversified_panel;lever_baseline_gpqa_seed471.jsonl:baseline_3.7max;lever_baseline_seed123.jsonl:baseline_3.7max;lever_baseline_seed7.jsonl:baseline_3.7max;lever_chem_flagship_gate_gpqa_seed777.jsonl:chem_flagship_gate;lever_chem_flagship_gate_gpqa_seed888.jsonl:chem_flagship_gate;lever_chem_thinking_gate_gpqa_seed471.jsonl:chem_thinking_gate;lever_combined_seed7.jsonl:combined;lever_control_seed7.jsonl:control;lever_control_seed7_replicate.jsonl:control;lever_flagship_panel_seed7.jsonl:flagship_panel;lever_smart_gate_seed123.jsonl:smart_gate;lever_thinking_all_seed7.jsonl:thinking_all;lever_thinking_gate_seed123.jsonl:thinking_gate;lever_thinking_gate_seed7.jsonl:thinking_gate;lever_thinking_seed7.jsonl:thinking;lever_universal_gate_gpqa_seed2311.jsonl:universal_gate;lever_universal_gate_gpqa_seed3407.jsonl:universal_gate;TB1_flagship1x_gpqa_seed2311.jsonl:baseline_3.7max;TB1_flagship1x_gpqa_seed3407.jsonl:baseline_3.7max
GPQA-Diamond,recBXlqrZUCR897It,21,20,1,1,False,False,KI1BC_compute_matched_n9_gpqa_seed2311.jsonl:diversified_panel;lever_baseline_gpqa_seed217.jsonl:baseline_3.7max;lever_baseline_gpqa_seed471.jsonl:baseline_3.7max;lever_baseline_seed123.jsonl:baseline_3.7max;lever_baseline_seed7.jsonl:baseline_3.7max;lever_chem_flagship_gate_gpqa_seed777.jsonl:chem_flagship_gate;lever_chem_flagship_gate_gpqa_seed888.jsonl:chem_flagship_gate;lever_chem_thinking_gate_gpqa_seed217.jsonl:chem_thinking_gate;lever_chem_thinking_gate_gpqa_seed471.jsonl:chem_thinking_gate;lever_combined_seed7.jsonl:combined;lever_control_seed7.jsonl:control;lever_control_seed7_replicate.jsonl:control;lever_flagship_panel_seed7.jsonl:flagship_panel;lever_smart_gate_seed123.jsonl:smart_gate;lever_subject_seed7.jsonl:subject;lever_thinking_all_seed7.jsonl:thinking_all;lever_thinking_gate_seed123.jsonl:thinking_gate;lever_thinking_gate_seed7.jsonl:thinking_gate;lever_thinking_seed7.jsonl:thinking;lever_universal_gate_gpqa_seed2311.jsonl:universal_gate;TB1_flagship1x_gpqa_seed2311.jsonl:baseline_3.7max
GPQA-Diamond,recPzW1WqRnPs57D6,22,22,0,0,True,False,KI1BC_compute_matched_n9_gpqa_seed2311.jsonl:diversified_panel;lever_baseline_gpqa_seed217.jsonl:baseline_3.7max;lever_baseline_gpqa_seed314.jsonl:baseline_3.7max;lever_baseline_gpqa_seed471.jsonl:baseline_3.7max;lever_baseline_seed7.jsonl:baseline_3.7max;lever_chem_flagship_gate_gpqa_seed777.jsonl:chem_flagship_gate;lever_chem_flagship_gate_seed555.jsonl:chem_flagship_gate;lever_chem_thinking_gate_gpqa_seed217.jsonl:chem_thinking_gate;lever_chem_thinking_gate_gpqa_seed314.jsonl:chem_thinking_gate;lever_chem_thinking_gate_gpqa_seed471.jsonl:chem_thinking_gate;lever_combined_seed7.jsonl:combined;lever_control_seed7.jsonl:control;lever_control_seed7_replicate.jsonl:control;lever_flagship_panel_seed7.jsonl:flagship_panel;lever_subject_seed7.jsonl:subject;lever_thinking_all_seed7.jsonl:thinking_all;lever_thinking_gate_seed7.jsonl:thinking_gate;lever_thinking_seed7.jsonl:thinking;lever_universal_gate_gpqa_seed2311.jsonl:universal_gate;lever_universal_gate_gpqa_seed3407.jsonl:universal_gate;TB1_flagship1x_gpqa_seed2311.jsonl:baseline_3.7max;TB1_flagship1x_gpqa_seed3407.jsonl:baseline_3.7max
GPQA-Diamond,rec2UlKqC6RFHdcro,21,21,0,0,True,False,KI1BC_compute_matched_n9_gpqa_seed2311.jsonl:diversified_panel;lever_baseline_gpqa_seed217.jsonl:baseline_3.7max;lever_baseline_gpqa_seed314.jsonl:baseline_3.7max;lever_baseline_seed123.jsonl:baseline_3.7max;lever_baseline_seed7.jsonl:baseline_3.7max;lever_chem_thinking_gate_gpqa_seed217.jsonl:chem_thinking_gate;lever_chem_thinking_gate_gpqa_seed314.jsonl:chem_thinking_gate;lever_combined_seed7.jsonl:combined;lever_control_seed7.jsonl:control;lever_control_seed7_replicate.jsonl:control;lever_flagship_panel_seed7.jsonl:flagship_panel;lever_smart_gate_seed123.jsonl:smart_gate;lever_subject_seed7.jsonl:subject;lever_thinking_all_seed7.jsonl:thinking_all;lever_thinking_gate_seed123.jsonl:thinking_gate;lever_thinking_gate_seed7.jsonl:thinking_gate;lever_thinking_seed7.jsonl:thinking;lever_universal_gate_gpqa_seed1001.jsonl:universal_gate;lever_universal_gate_gpqa_seed2311.jsonl:universal_gate;TB1_flagship1x_gpqa_seed1001.jsonl:baseline_3.7max;TB1_flagship1x_gpqa_seed2311.jsonl:baseline_3.7max
GPQA-Diamond,recAAJoHMW45Lv5je,11,11,0,0,True,False,KI1BC_compute_matched_n9_gpqa_seed2311.jsonl:diversified_panel;lever_baseline_gpqa_seed314.jsonl:baseline_3.7max;lever_baseline_gpqa_seed471.jsonl:baseline_3.7max;lever_chem_flagship_gate_gpqa_seed777.jsonl:chem_flagship_gate;lever_chem_flagship_gate_gpqa_seed888.jsonl:chem_flagship_gate;lever_chem_thinking_gate_gpqa_seed314.jsonl:chem_thinking_gate;lever_chem_thinking_gate_gpqa_seed471.jsonl:chem_thinking_gate;lever_universal_gate_gpqa_seed2311.jsonl:universal_gate;lever_universal_gate_gpqa_seed3407.jsonl:universal_gate;TB1_flagship1x_gpqa_seed2311.jsonl:baseline_3.7max;TB1_flagship1x_gpqa_seed3407.jsonl:baseline_3.7max
GPQA-Diamond,recYA3LPsCvF1fTMI,6,3,3,1,False,True,KI1BC_compute_matched_n9_gpqa_seed2311.jsonl:diversified_panel;lever_baseline_gpqa_seed471.jsonl:baseline_3.7max;lever_chem_flagship_gate_seed555.jsonl:chem_flagship_gate;lever_chem_thinking_gate_gpqa_seed471.jsonl:chem_thinking_gate;lever_universal_gate_gpqa_seed2311.jsonl:universal_gate;TB1_flagship1x_gpqa_seed2311.jsonl:baseline_3.7max
GPQA-Diamond,recIIUynGGpsGEYuo,5,5,0,0,True,False,KI1BC_compute_matched_n9_gpqa_seed2311.jsonl:diversified_panel;lever_chem_flagship_gate_gpqa_seed777.jsonl:chem_flagship_gate;lever_chem_flagship_gate_gpqa_seed888.jsonl:chem_flagship_gate;lever_universal_gate_gpqa_seed2311.jsonl:universal_gate;TB1_flagship1x_gpqa_seed2311.jsonl:baseline_3.7max
GPQA-Diamond,reckYqR92oJkqJXkE,9,8,1,1,False,False,KI1BC_compute_matched_n9_gpqa_seed2311.jsonl:diversified_panel;lever_baseline_seed123.jsonl:baseline_3.7max;lever_chem_flagship_gate_gpqa_seed888.jsonl:chem_flagship_gate;lever_smart_gate_seed123.jsonl:smart_gate;lever_thinking_gate_seed123.jsonl:thinking_gate;lever_universal_gate_gpqa_seed1001.jsonl:universal_gate;lever_universal_gate_gpqa_seed2311.jsonl:universal_gate;TB1_flagship1x_gpqa_seed1001.jsonl:baseline_3.7max;TB1_flagship1x_gpqa_seed2311.jsonl:baseline_3.7max
GPQA-Diamond,recjgMJaMxz4ESDF2,16,16,0,0,True,False,KI1BC_compute_matched_n9_gpqa_seed2311.jsonl:diversified_panel;lever_baseline_gpqa_seed217.jsonl:baseline_3.7max;lever_baseline_gpqa_seed471.jsonl:baseline_3.7max;lever_baseline_seed123.jsonl:baseline_3.7max;lever_chem_flagship_gate_gpqa_seed777.jsonl:chem_flagship_gate;lever_chem_flagship_gate_gpqa_seed888.jsonl:chem_flagship_gate;lever_chem_thinking_gate_gpqa_seed217.jsonl:chem_thinking_gate;lever_chem_thinking_gate_gpqa_seed471.jsonl:chem_thinking_gate;lever_smart_gate_seed123.jsonl:smart_gate;lever_thinking_gate_seed123.jsonl:thinking_gate;lever_universal_gate_gpqa_seed1001.jsonl:universal_gate;lever_universal_gate_gpqa_seed2311.jsonl:universal_gate;lever_universal_gate_gpqa_seed3407.jsonl:universal_gate;TB1_flagship1x_gpqa_seed1001.jsonl:baseline_3.7max;TB1_flagship1x_gpqa_seed2311.jsonl:baseline_3.7max;TB1_flagship1x_gpqa_seed3407.jsonl:baseline_3.7max
GPQA-Diamond,reco8WSc71p8zAv4q,12,6,6,3,False,False,KI1BC_compute_matched_n9_gpqa_seed2311.jsonl:diversified_panel;lever_baseline_gpqa_seed217.jsonl:baseline_3.7max;lever_baseline_gpqa_seed314.jsonl:baseline_3.7max;lever_baseline_gpqa_seed471.jsonl:baseline_3.7max;lever_chem_flagship_gate_gpqa_seed777.jsonl:chem_flagship_gate;lever_chem_flagship_gate_gpqa_seed888.jsonl:chem_flagship_gate;lever_chem_flagship_gate_seed555.jsonl:chem_flagship_gate;lever_chem_thinking_gate_gpqa_seed217.jsonl:chem_thinking_gate;lever_chem_thinking_gate_gpqa_seed314.jsonl:chem_thinking_gate;lever_chem_thinking_gate_gpqa_seed471.jsonl:chem_thinking_gate;lever_universal_gate_gpqa_seed2311.jsonl:universal_gate;TB1_flagship1x_gpqa_seed2311.jsonl:baseline_3.7max
GPQA-Diamond,recVE8cUNHpHZIAvL,22,22,0,0,True,False,KI1BC_compute_matched_n9_gpqa_seed2311.jsonl:diversified_panel;lever_baseline_gpqa_seed217.jsonl:baseline_3.7max;lever_baseline_gpqa_seed314.jsonl:baseline_3.7max;lever_baseline_gpqa_seed471.jsonl:baseline_3.7max;lever_baseline_seed7.jsonl:baseline_3.7max;lever_chem_flagship_gate_gpqa_seed777.jsonl:chem_flagship_gate;lever_chem_flagship_gate_seed555.jsonl:chem_flagship_gate;lever_chem_thinking_gate_gpqa_seed217.jsonl:chem_thinking_gate;lever_chem_thinking_gate_gpqa_seed314.jsonl:chem_thinking_gate;lever_chem_thinking_gate_gpqa_seed471.jsonl:chem_thinking_gate;lever_combined_seed7.jsonl:combined;lever_control_seed7.jsonl:control;lever_control_seed7_replicate.jsonl:control;lever_flagship_panel_seed7.jsonl:flagship_panel;lever_subject_seed7.jsonl:subject;lever_thinking_all_seed7.jsonl:thinking_all;lever_thinking_gate_seed7.jsonl:thinking_gate;lever_thinking_seed7.jsonl:thinking;lever_universal_gate_gpqa_seed2311.jsonl:universal_gate;lever_universal_gate_gpqa_seed3407.jsonl:universal_gate;TB1_flagship1x_gpqa_seed2311.jsonl:baseline_3.7max;TB1_flagship1x_gpqa_seed3407.jsonl:baseline_3.7max
GPQA-Diamond,recqGD3fxPCI59vPQ,11,11,0,0,True,False,KI1BC_compute_matched_n9_gpqa_seed2311.jsonl:diversified_panel;lever_baseline_gpqa_seed471.jsonl:baseline_3.7max;lever_baseline_seed123.jsonl:baseline_3.7max;lever_chem_flagship_gate_gpqa_seed777.jsonl:chem_flagship_gate;lever_chem_flagship_gate_gpqa_seed888.jsonl:chem_flagship_gate;lever_chem_thinking_gate_gpqa_seed471.jsonl:chem_thinking_gate;lever_thinking_gate_seed123.jsonl:thinking_gate;lever_universal_gate_gpqa_seed1001.jsonl:universal_gate;lever_universal_gate_gpqa_seed2311.jsonl:universal_gate;TB1_flagship1x_gpqa_seed1001.jsonl:baseline_3.7max;TB1_flagship1x_gpqa_seed2311.jsonl:baseline_3.7max
GPQA-Diamond,recUBgVlkKzcRPDdK,16,2,14,2,False,True,KI1BC_compute_matched_n9_gpqa_seed2311.jsonl:diversified_panel;lever_baseline_gpqa_seed314.jsonl:baseline_3.7max;lever_baseline_seed7.jsonl:baseline_3.7max;lever_chem_thinking_gate_gpqa_seed314.jsonl:chem_thinking_gate;lever_combined_seed7.jsonl:combined;lever_control_seed7.jsonl:control;lever_control_seed7_replicate.jsonl:control;lever_flagship_panel_seed7.jsonl:flagship_panel;lever_subject_seed7.jsonl:subject;lever_thinking_all_seed7.jsonl:thinking_all;lever_thinking_gate_seed7.jsonl:thinking_gate;lever_thinking_seed7.jsonl:thinking;lever_universal_gate_gpqa_seed1001.jsonl:universal_gate;lever_universal_gate_gpqa_seed2311.jsonl:universal_gate;TB1_flagship1x_gpqa_seed1001.jsonl:baseline_3.7max;TB1_flagship1x_gpqa_seed2311.jsonl:baseline_3.7max
GPQA-Diamond,rec47oNPXudlTIk4y,19,11,8,1,False,False,KI1BC_compute_matched_n9_gpqa_seed2311.jsonl:diversified_panel;lever_baseline_gpqa_seed217.jsonl:baseline_3.7max;lever_baseline_gpqa_seed314.jsonl:baseline_3.7max;lever_baseline_seed7.jsonl:baseline_3.7max;lever_chem_flagship_gate_gpqa_seed888.jsonl:chem_flagship_gate;lever_chem_thinking_gate_gpqa_seed217.jsonl:chem_thinking_gate;lever_chem_thinking_gate_gpqa_seed314.jsonl:chem_thinking_gate;lever_combined_seed7.jsonl:combined;lever_control_seed7.jsonl:control;lever_control_seed7_replicate.jsonl:control;lever_flagship_panel_seed7.jsonl:flagship_panel;lever_subject_seed7.jsonl:subject;lever_thinking_all_seed7.jsonl:thinking_all;lever_thinking_gate_seed7.jsonl:thinking_gate;lever_thinking_seed7.jsonl:thinking;lever_universal_gate_gpqa_seed1001.jsonl:universal_gate;lever_universal_gate_gpqa_seed2311.jsonl:universal_gate;TB1_flagship1x_gpqa_seed1001.jsonl:baseline_3.7max;TB1_flagship1x_gpqa_seed2311.jsonl:baseline_3.7max
GPQA-Diamond,recGFKDUd8qgz81Zl,23,23,0,0,True,False,KI1BC_compute_matched_n9_gpqa_seed2311.jsonl:diversified_panel;lever_baseline_gpqa_seed217.jsonl:baseline_3.7max;lever_baseline_gpqa_seed314.jsonl:baseline_3.7max;lever_baseline_seed123.jsonl:baseline_3.7max;lever_baseline_seed7.jsonl:baseline_3.7max;lever_chem_flagship_gate_gpqa_seed777.jsonl:chem_flagship_gate;lever_chem_flagship_gate_gpqa_seed888.jsonl:chem_flagship_gate;lever_chem_thinking_gate_gpqa_seed217.jsonl:chem_thinking_gate;lever_chem_thinking_gate_gpqa_seed314.jsonl:chem_thinking_gate;lever_combined_seed7.jsonl:combined;lever_control_seed7.jsonl:control;lever_control_seed7_replicate.jsonl:control;lever_flagship_panel_seed7.jsonl:flagship_panel;lever_smart_gate_seed123.jsonl:smart_gate;lever_subject_seed7.jsonl:subject;lever_thinking_all_seed7.jsonl:thinking_all;lever_thinking_gate_seed123.jsonl:thinking_gate;lever_thinking_gate_seed7.jsonl:thinking_gate;lever_thinking_seed7.jsonl:thinking;lever_universal_gate_gpqa_seed2311.jsonl:universal_gate;lever_universal_gate_gpqa_seed3407.jsonl:universal_gate;TB1_flagship1x_gpqa_seed2311.jsonl:baseline_3.7max;TB1_flagship1x_gpqa_seed3407.jsonl:baseline_3.7max
GPQA-Diamond,recCJJOeBGERaHYax,17,15,2,1,False,False,KI1BC_compute_matched_n9_gpqa_seed2311.jsonl:diversified_panel;lever_baseline_gpqa_seed471.jsonl:baseline_3.7max;lever_baseline_seed7.jsonl:baseline_3.7max;lever_chem_flagship_gate_gpqa_seed888.jsonl:chem_flagship_gate;lever_chem_thinking_gate_gpqa_seed471.jsonl:chem_thinking_gate;lever_combined_seed7.jsonl:combined;lever_control_seed7.jsonl:control;lever_control_seed7_replicate.jsonl:control;lever_flagship_panel_seed7.jsonl:flagship_panel;lever_subject_seed7.jsonl:subject;lever_thinking_all_seed7.jsonl:thinking_all;lever_thinking_gate_seed7.jsonl:thinking_gate;lever_thinking_seed7.jsonl:thinking;lever_universal_gate_gpqa_seed1001.jsonl:universal_gate;lever_universal_gate_gpqa_seed2311.jsonl:universal_gate;TB1_flagship1x_gpqa_seed1001.jsonl:baseline_3.7max;TB1_flagship1x_gpqa_seed2311.jsonl:baseline_3.7max
GPQA-Diamond,recgM7o1tcc7tP778,10,9,1,1,False,False,KI1BC_compute_matched_n9_gpqa_seed2311.jsonl:diversified_panel;lever_baseline_gpqa_seed471.jsonl:baseline_3.7max;lever_baseline_seed123.jsonl:baseline_3.7max;lever_chem_flagship_gate_gpqa_seed777.jsonl:chem_flagship_gate;lever_chem_flagship_gate_gpqa_seed888.jsonl:chem_flagship_gate;lever_chem_thinking_gate_gpqa_seed471.jsonl:chem_thinking_gate;lever_smart_gate_seed123.jsonl:smart_gate;lever_thinking_gate_seed123.jsonl:thinking_gate;lever_universal_gate_gpqa_seed2311.jsonl:universal_gate;TB1_flagship1x_gpqa_seed2311.jsonl:baseline_3.7max
GPQA-Diamond,recLB0EkQ54bYVhnd,15,13,2,1,False,False,KI1BC_compute_matched_n9_gpqa_seed2311.jsonl:diversified_panel;lever_baseline_gpqa_seed314.jsonl:baseline_3.7max;lever_baseline_seed7.jsonl:baseline_3.7max;lever_chem_flagship_gate_gpqa_seed888.jsonl:chem_flagship_gate;lever_chem_thinking_gate_gpqa_seed314.jsonl:chem_thinking_gate;lever_combined_seed7.jsonl:combined;lever_control_seed7.jsonl:control;lever_control_seed7_replicate.jsonl:control;lever_flagship_panel_seed7.jsonl:flagship_panel;lever_subject_seed7.jsonl:subject;lever_thinking_all_seed7.jsonl:thinking_all;lever_thinking_gate_seed7.jsonl:thinking_gate;lever_thinking_seed7.jsonl:thinking;lever_universal_gate_gpqa_seed2311.jsonl:universal_gate;TB1_flagship1x_gpqa_seed2311.jsonl:baseline_3.7max
GPQA-Diamond,recG1ljJQcVy6CbSl,11,11,0,0,True,False,KI1BC_compute_matched_n9_gpqa_seed2311.jsonl:diversified_panel;lever_baseline_gpqa_seed314.jsonl:baseline_3.7max;lever_baseline_gpqa_seed471.jsonl:baseline_3.7max;lever_chem_flagship_gate_gpqa_seed888.jsonl:chem_flagship_gate;lever_chem_flagship_gate_seed555.jsonl:chem_flagship_gate;lever_chem_thinking_gate_gpqa_seed314.jsonl:chem_thinking_gate;lever_chem_thinking_gate_gpqa_seed471.jsonl:chem_thinking_gate;lever_universal_gate_gpqa_seed1001.jsonl:universal_gate;lever_universal_gate_gpqa_seed2311.jsonl:universal_gate;TB1_flagship1x_gpqa_seed1001.jsonl:baseline_3.7max;TB1_flagship1x_gpqa_seed2311.jsonl:baseline_3.7max
GPQA-Diamond,reczQ4I0VpENdMtIj,10,5,5,1,False,True,KI1BC_compute_matched_n9_gpqa_seed2311.jsonl:diversified_panel;lever_baseline_gpqa_seed217.jsonl:baseline_3.7max;lever_baseline_gpqa_seed471.jsonl:baseline_3.7max;lever_chem_flagship_gate_gpqa_seed777.jsonl:chem_flagship_gate;lever_chem_flagship_gate_gpqa_seed888.jsonl:chem_flagship_gate;lever_chem_flagship_gate_seed555.jsonl:chem_flagship_gate;lever_chem_thinking_gate_gpqa_seed217.jsonl:chem_thinking_gate;lever_chem_thinking_gate_gpqa_seed471.jsonl:chem_thinking_gate;lever_universal_gate_gpqa_seed2311.jsonl:universal_gate;TB1_flagship1x_gpqa_seed2311.jsonl:baseline_3.7max
GPQA-Diamond,recgXxEgllSGEpELP,12,11,1,1,False,False,KI1BC_compute_matched_n9_gpqa_seed2311.jsonl:diversified_panel;lever_baseline_gpqa_seed217.jsonl:baseline_3.7max;lever_baseline_gpqa_seed471.jsonl:baseline_3.7max;lever_chem_flagship_gate_gpqa_seed777.jsonl:chem_flagship_gate;lever_chem_thinking_gate_gpqa_seed217.jsonl:chem_thinking_gate;lever_chem_thinking_gate_gpqa_seed471.jsonl:chem_thinking_gate;lever_universal_gate_gpqa_seed1001.jsonl:universal_gate;lever_universal_gate_gpqa_seed2311.jsonl:universal_gate;lever_universal_gate_gpqa_seed3407.jsonl:universal_gate;TB1_flagship1x_gpqa_seed1001.jsonl:baseline_3.7max;TB1_flagship1x_gpqa_seed2311.jsonl:baseline_3.7max;TB1_flagship1x_gpqa_seed3407.jsonl:baseline_3.7max
GPQA-Diamond,recD8oX1KevFbl7bL,21,21,0,0,True,False,KI1BC_compute_matched_n9_gpqa_seed2311.jsonl:diversified_panel;lever_baseline_gpqa_seed217.jsonl:baseline_3.7max;lever_baseline_gpqa_seed471.jsonl:baseline_3.7max;lever_baseline_seed123.jsonl:baseline_3.7max;lever_baseline_seed7.jsonl:baseline_3.7max;lever_chem_flagship_gate_gpqa_seed777.jsonl:chem_flagship_gate;lever_chem_flagship_gate_seed555.jsonl:chem_flagship_gate;lever_chem_thinking_gate_gpqa_seed217.jsonl:chem_thinking_gate;lever_chem_thinking_gate_gpqa_seed471.jsonl:chem_thinking_gate;lever_combined_seed7.jsonl:combined;lever_control_seed7.jsonl:control;lever_control_seed7_replicate.jsonl:control;lever_flagship_panel_seed7.jsonl:flagship_panel;lever_smart_gate_seed123.jsonl:smart_gate;lever_subject_seed7.jsonl:subject;lever_thinking_all_seed7.jsonl:thinking_all;lever_thinking_gate_seed123.jsonl:thinking_gate;lever_thinking_gate_seed7.jsonl:thinking_gate;lever_thinking_seed7.jsonl:thinking;lever_universal_gate_gpqa_seed2311.jsonl:universal_gate;TB1_flagship1x_gpqa_seed2311.jsonl:baseline_3.7max
GPQA-Diamond,recNu3MXkvWUzHZr9,17,17,0,0,True,False,KI1BC_compute_matched_n9_gpqa_seed2311.jsonl:diversified_panel;lever_baseline_gpqa_seed471.jsonl:baseline_3.7max;lever_baseline_seed7.jsonl:baseline_3.7max;lever_chem_flagship_gate_gpqa_seed777.jsonl:chem_flagship_gate;lever_chem_flagship_gate_gpqa_seed888.jsonl:chem_flagship_gate;lever_chem_flagship_gate_seed555.jsonl:chem_flagship_gate;lever_chem_thinking_gate_gpqa_seed471.jsonl:chem_thinking_gate;lever_combined_seed7.jsonl:combined;lever_control_seed7.jsonl:control;lever_control_seed7_replicate.jsonl:control;lever_flagship_panel_seed7.jsonl:flagship_panel;lever_subject_seed7.jsonl:subject;lever_thinking_all_seed7.jsonl:thinking_all;lever_thinking_gate_seed7.jsonl:thinking_gate;lever_thinking_seed7.jsonl:thinking;lever_universal_gate_gpqa_seed2311.jsonl:universal_gate;TB1_flagship1x_gpqa_seed2311.jsonl:baseline_3.7max
GPQA-Diamond,recpJmTOXx6T48nDJ,11,11,0,0,True,False,KI1BC_compute_matched_n9_gpqa_seed2311.jsonl:diversified_panel;lever_baseline_gpqa_seed217.jsonl:baseline_3.7max;lever_baseline_gpqa_seed471.jsonl:baseline_3.7max;lever_chem_flagship_gate_gpqa_seed777.jsonl:chem_flagship_gate;lever_chem_flagship_gate_gpqa_seed888.jsonl:chem_flagship_gate;lever_chem_thinking_gate_gpqa_seed217.jsonl:chem_thinking_gate;lever_chem_thinking_gate_gpqa_seed471.jsonl:chem_thinking_gate;lever_universal_gate_gpqa_seed1001.jsonl:universal_gate;lever_universal_gate_gpqa_seed2311.jsonl:universal_gate;TB1_flagship1x_gpqa_seed1001.jsonl:baseline_3.7max;TB1_flagship1x_gpqa_seed2311.jsonl:baseline_3.7max
GPQA-Diamond,recnjViFrqlZNL3fY,13,13,0,0,True,False,KI1BC_compute_matched_n9_gpqa_seed2311.jsonl:diversified_panel;lever_baseline_gpqa_seed314.jsonl:baseline_3.7max;lever_baseline_gpqa_seed471.jsonl:baseline_3.7max;lever_baseline_seed123.jsonl:baseline_3.7max;lever_chem_flagship_gate_gpqa_seed777.jsonl:chem_flagship_gate;lever_chem_flagship_gate_gpqa_seed888.jsonl:chem_flagship_gate;lever_chem_flagship_gate_seed555.jsonl:chem_flagship_gate;lever_chem_thinking_gate_gpqa_seed314.jsonl:chem_thinking_gate;lever_chem_thinking_gate_gpqa_seed471.jsonl:chem_thinking_gate;lever_smart_gate_seed123.jsonl:smart_gate;lever_thinking_gate_seed123.jsonl:thinking_gate;lever_universal_gate_gpqa_seed2311.jsonl:universal_gate;TB1_flagship1x_gpqa_seed2311.jsonl:baseline_3.7max
GPQA-Diamond,rec9ubQihAh6g9bft,7,6,1,1,False,False,KI1BC_compute_matched_n9_gpqa_seed2311.jsonl:diversified_panel;lever_baseline_gpqa_seed471.jsonl:baseline_3.7max;lever_chem_thinking_gate_gpqa_seed471.jsonl:chem_thinking_gate;lever_universal_gate_gpqa_seed1001.jsonl:universal_gate;lever_universal_gate_gpqa_seed2311.jsonl:universal_gate;TB1_flagship1x_gpqa_seed1001.jsonl:baseline_3.7max;TB1_flagship1x_gpqa_seed2311.jsonl:baseline_3.7max
GPQA-Diamond,recA1i5ZAh0Uzclxp,4,4,0,0,True,False,lever_baseline_gpqa_seed217.jsonl:baseline_3.7max;lever_chem_flagship_gate_gpqa_seed888.jsonl:chem_flagship_gate;lever_chem_flagship_gate_seed555.jsonl:chem_flagship_gate;lever_chem_thinking_gate_gpqa_seed217.jsonl:chem_thinking_gate
GPQA-Diamond,recIDiDKKrN61Auyr,23,23,0,0,True,False,lever_baseline_gpqa_seed217.jsonl:baseline_3.7max;lever_baseline_gpqa_seed314.jsonl:baseline_3.7max;lever_baseline_gpqa_seed471.jsonl:baseline_3.7max;lever_baseline_seed123.jsonl:baseline_3.7max;lever_baseline_seed7.jsonl:baseline_3.7max;lever_chem_flagship_gate_gpqa_seed777.jsonl:chem_flagship_gate;lever_chem_thinking_gate_gpqa_seed217.jsonl:chem_thinking_gate;lever_chem_thinking_gate_gpqa_seed314.jsonl:chem_thinking_gate;lever_chem_thinking_gate_gpqa_seed471.jsonl:chem_thinking_gate;lever_combined_seed7.jsonl:combined;lever_control_seed7.jsonl:control;lever_control_seed7_replicate.jsonl:control;lever_flagship_panel_seed7.jsonl:flagship_panel;lever_smart_gate_seed123.jsonl:smart_gate;lever_subject_seed7.jsonl:subject;lever_thinking_all_seed7.jsonl:thinking_all;lever_thinking_gate_seed123.jsonl:thinking_gate;lever_thinking_gate_seed7.jsonl:thinking_gate;lever_thinking_seed7.jsonl:thinking;lever_universal_gate_gpqa_seed1001.jsonl:universal_gate;lever_universal_gate_gpqa_seed3407.jsonl:universal_gate;TB1_flagship1x_gpqa_seed1001.jsonl:baseline_3.7max;TB1_flagship1x_gpqa_seed3407.jsonl:baseline_3.7max
GPQA-Diamond,reca44yABeO2fx7UB,19,10,9,1,False,False,lever_baseline_gpqa_seed217.jsonl:baseline_3.7max;lever_baseline_gpqa_seed314.jsonl:baseline_3.7max;lever_baseline_gpqa_seed471.jsonl:baseline_3.7max;lever_baseline_seed123.jsonl:baseline_3.7max;lever_baseline_seed7.jsonl:baseline_3.7max;lever_chem_flagship_gate_gpqa_seed888.jsonl:chem_flagship_gate;lever_chem_thinking_gate_gpqa_seed217.jsonl:chem_thinking_gate;lever_chem_thinking_gate_gpqa_seed314.jsonl:chem_thinking_gate;lever_chem_thinking_gate_gpqa_seed471.jsonl:chem_thinking_gate;lever_combined_seed7.jsonl:combined;lever_control_seed7.jsonl:control;lever_control_seed7_replicate.jsonl:control;lever_flagship_panel_seed7.jsonl:flagship_panel;lever_smart_gate_seed123.jsonl:smart_gate;lever_subject_seed7.jsonl:subject;lever_thinking_all_seed7.jsonl:thinking_all;lever_thinking_gate_seed123.jsonl:thinking_gate;lever_thinking_gate_seed7.jsonl:thinking_gate;lever_thinking_seed7.jsonl:thinking
GPQA-Diamond,recZ13cwgDQf9jRd9,12,6,6,1,False,False,lever_baseline_gpqa_seed217.jsonl:baseline_3.7max;lever_baseline_gpqa_seed314.jsonl:baseline_3.7max;lever_baseline_seed123.jsonl:baseline_3.7max;lever_chem_flagship_gate_gpqa_seed777.jsonl:chem_flagship_gate;lever_chem_flagship_gate_gpqa_seed888.jsonl:chem_flagship_gate;lever_chem_thinking_gate_gpqa_seed314.jsonl:chem_thinking_gate;lever_smart_gate_seed123.jsonl:smart_gate;lever_thinking_gate_seed123.jsonl:thinking_gate;lever_universal_gate_gpqa_seed1001.jsonl:universal_gate;lever_universal_gate_gpqa_seed3407.jsonl:universal_gate;TB1_flagship1x_gpqa_seed1001.jsonl:baseline_3.7max;TB1_flagship1x_gpqa_seed3407.jsonl:baseline_3.7max
GPQA-Diamond,recKm6LNWykGapmCr,19,17,2,1,False,False,lever_baseline_gpqa_seed217.jsonl:baseline_3.7max;lever_baseline_gpqa_seed471.jsonl:baseline_3.7max;lever_baseline_seed123.jsonl:baseline_3.7max;lever_baseline_seed7.jsonl:baseline_3.7max;lever_chem_flagship_gate_gpqa_seed777.jsonl:chem_flagship_gate;lever_chem_flagship_gate_gpqa_seed888.jsonl:chem_flagship_gate;lever_chem_flagship_gate_seed555.jsonl:chem_flagship_gate;lever_chem_thinking_gate_gpqa_seed217.jsonl:chem_thinking_gate;lever_chem_thinking_gate_gpqa_seed471.jsonl:chem_thinking_gate;lever_combined_seed7.jsonl:combined;lever_control_seed7.jsonl:control;lever_control_seed7_replicate.jsonl:control;lever_flagship_panel_seed7.jsonl:flagship_panel;lever_smart_gate_seed123.jsonl:smart_gate;lever_subject_seed7.jsonl:subject;lever_thinking_all_seed7.jsonl:thinking_all;lever_thinking_gate_seed123.jsonl:thinking_gate;lever_thinking_gate_seed7.jsonl:thinking_gate;lever_thinking_seed7.jsonl:thinking
GPQA-Diamond,recReg13iV2HwJTaA,23,23,0,0,True,False,lever_baseline_gpqa_seed217.jsonl:baseline_3.7max;lever_baseline_gpqa_seed314.jsonl:baseline_3.7max;lever_baseline_gpqa_seed471.jsonl:baseline_3.7max;lever_baseline_seed123.jsonl:baseline_3.7max;lever_baseline_seed7.jsonl:baseline_3.7max;lever_chem_flagship_gate_gpqa_seed888.jsonl:chem_flagship_gate;lever_chem_thinking_gate_gpqa_seed217.jsonl:chem_thinking_gate;lever_chem_thinking_gate_gpqa_seed314.jsonl:chem_thinking_gate;lever_chem_thinking_gate_gpqa_seed471.jsonl:chem_thinking_gate;lever_combined_seed7.jsonl:combined;lever_control_seed7.jsonl:control;lever_control_seed7_replicate.jsonl:control;lever_flagship_panel_seed7.jsonl:flagship_panel;lever_smart_gate_seed123.jsonl:smart_gate;lever_subject_seed7.jsonl:subject;lever_thinking_all_seed7.jsonl:thinking_all;lever_thinking_gate_seed123.jsonl:thinking_gate;lever_thinking_gate_seed7.jsonl:thinking_gate;lever_thinking_seed7.jsonl:thinking;lever_universal_gate_gpqa_seed1001.jsonl:universal_gate;lever_universal_gate_gpqa_seed3407.jsonl:universal_gate;TB1_flagship1x_gpqa_seed1001.jsonl:baseline_3.7max;TB1_flagship1x_gpqa_seed3407.jsonl:baseline_3.7max
GPQA-Diamond,recNFJjE5PPTqVJGv,9,9,0,0,True,False,lever_baseline_gpqa_seed217.jsonl:baseline_3.7max;lever_baseline_gpqa_seed314.jsonl:baseline_3.7max;lever_chem_flagship_gate_seed555.jsonl:chem_flagship_gate;lever_chem_thinking_gate_gpqa_seed217.jsonl:chem_thinking_gate;lever_chem_thinking_gate_gpqa_seed314.jsonl:chem_thinking_gate;lever_universal_gate_gpqa_seed1001.jsonl:universal_gate;lever_universal_gate_gpqa_seed3407.jsonl:universal_gate;TB1_flagship1x_gpqa_seed1001.jsonl:baseline_3.7max;TB1_flagship1x_gpqa_seed3407.jsonl:baseline_3.7max
GPQA-Diamond,recBGxVySx1pkrO1i,7,7,0,0,True,False,lever_baseline_gpqa_seed217.jsonl:baseline_3.7max;lever_baseline_gpqa_seed314.jsonl:baseline_3.7max;lever_chem_flagship_gate_gpqa_seed888.jsonl:chem_flagship_gate;lever_chem_thinking_gate_gpqa_seed217.jsonl:chem_thinking_gate;lever_chem_thinking_gate_gpqa_seed314.jsonl:chem_thinking_gate;lever_universal_gate_gpqa_seed3407.jsonl:universal_gate;TB1_flagship1x_gpqa_seed3407.jsonl:baseline_3.7max
GPQA-Diamond,recYCMJWH7IpcdqwE,18,18,0,0,True,False,lever_baseline_gpqa_seed217.jsonl:baseline_3.7max;lever_baseline_gpqa_seed314.jsonl:baseline_3.7max;lever_baseline_seed123.jsonl:baseline_3.7max;lever_baseline_seed7.jsonl:baseline_3.7max;lever_chem_thinking_gate_gpqa_seed217.jsonl:chem_thinking_gate;lever_chem_thinking_gate_gpqa_seed314.jsonl:chem_thinking_gate;lever_combined_seed7.jsonl:combined;lever_control_seed7.jsonl:control;lever_control_seed7_replicate.jsonl:control;lever_flagship_panel_seed7.jsonl:flagship_panel;lever_smart_gate_seed123.jsonl:smart_gate;lever_subject_seed7.jsonl:subject;lever_thinking_all_seed7.jsonl:thinking_all;lever_thinking_gate_seed123.jsonl:thinking_gate;lever_thinking_gate_seed7.jsonl:thinking_gate;lever_thinking_seed7.jsonl:thinking;lever_universal_gate_gpqa_seed1001.jsonl:universal_gate;TB1_flagship1x_gpqa_seed1001.jsonl:baseline_3.7max
GPQA-Diamond,rec32C1ZEapBnCC0E,18,18,0,0,True,False,lever_baseline_gpqa_seed217.jsonl:baseline_3.7max;lever_baseline_gpqa_seed471.jsonl:baseline_3.7max;lever_baseline_seed123.jsonl:baseline_3.7max;lever_baseline_seed7.jsonl:baseline_3.7max;lever_chem_flagship_gate_gpqa_seed777.jsonl:chem_flagship_gate;lever_chem_flagship_gate_seed555.jsonl:chem_flagship_gate;lever_chem_thinking_gate_gpqa_seed217.jsonl:chem_thinking_gate;lever_chem_thinking_gate_gpqa_seed471.jsonl:chem_thinking_gate;lever_combined_seed7.jsonl:combined;lever_control_seed7.jsonl:control;lever_control_seed7_replicate.jsonl:control;lever_flagship_panel_seed7.jsonl:flagship_panel;lever_smart_gate_seed123.jsonl:smart_gate;lever_subject_seed7.jsonl:subject;lever_thinking_all_seed7.jsonl:thinking_all;lever_thinking_gate_seed123.jsonl:thinking_gate;lever_thinking_gate_seed7.jsonl:thinking_gate;lever_thinking_seed7.jsonl:thinking
GPQA-Diamond,rec7qmSnbud4FHSqL,9,0,9,1,True,True,lever_baseline_gpqa_seed217.jsonl:baseline_3.7max;lever_baseline_gpqa_seed314.jsonl:baseline_3.7max;lever_chem_flagship_gate_gpqa_seed777.jsonl:chem_flagship_gate;lever_chem_thinking_gate_gpqa_seed217.jsonl:chem_thinking_gate;lever_chem_thinking_gate_gpqa_seed314.jsonl:chem_thinking_gate;lever_universal_gate_gpqa_seed1001.jsonl:universal_gate;lever_universal_gate_gpqa_seed3407.jsonl:universal_gate;TB1_flagship1x_gpqa_seed1001.jsonl:baseline_3.7max;TB1_flagship1x_gpqa_seed3407.jsonl:baseline_3.7max
GPQA-Diamond,rectlyG9pCAAuWhoB,18,1,17,3,False,True,lever_baseline_gpqa_seed217.jsonl:baseline_3.7max;lever_baseline_seed123.jsonl:baseline_3.7max;lever_baseline_seed7.jsonl:baseline_3.7max;lever_chem_flagship_gate_gpqa_seed777.jsonl:chem_flagship_gate;lever_chem_flagship_gate_gpqa_seed888.jsonl:chem_flagship_gate;lever_chem_thinking_gate_gpqa_seed217.jsonl:chem_thinking_gate;lever_combined_seed7.jsonl:combined;lever_control_seed7.jsonl:control;lever_control_seed7_replicate.jsonl:control;lever_flagship_panel_seed7.jsonl:flagship_panel;lever_smart_gate_seed123.jsonl:smart_gate;lever_subject_seed7.jsonl:subject;lever_thinking_all_seed7.jsonl:thinking_all;lever_thinking_gate_seed123.jsonl:thinking_gate;lever_thinking_gate_seed7.jsonl:thinking_gate;lever_thinking_seed7.jsonl:thinking;lever_universal_gate_gpqa_seed1001.jsonl:universal_gate;TB1_flagship1x_gpqa_seed1001.jsonl:baseline_3.7max
GPQA-Diamond,recV1nqYQvpII94oC,7,7,0,0,True,False,lever_baseline_gpqa_seed217.jsonl:baseline_3.7max;lever_baseline_seed123.jsonl:baseline_3.7max;lever_chem_thinking_gate_gpqa_seed217.jsonl:chem_thinking_gate;lever_smart_gate_seed123.jsonl:smart_gate;lever_thinking_gate_seed123.jsonl:thinking_gate;lever_universal_gate_gpqa_seed1001.jsonl:universal_gate;TB1_flagship1x_gpqa_seed1001.jsonl:baseline_3.7max
GPQA-Diamond,recgI6tUQ7RLJRWGx,4,4,0,0,True,False,lever_baseline_gpqa_seed217.jsonl:baseline_3.7max;lever_chem_flagship_gate_gpqa_seed777.jsonl:chem_flagship_gate;lever_chem_flagship_gate_seed555.jsonl:chem_flagship_gate;lever_chem_thinking_gate_gpqa_seed217.jsonl:chem_thinking_gate
GPQA-Diamond,recAYkd96NNuNl1Ei,17,0,17,2,False,True,lever_baseline_gpqa_seed217.jsonl:baseline_3.7max;lever_baseline_gpqa_seed314.jsonl:baseline_3.7max;lever_baseline_seed123.jsonl:baseline_3.7max;lever_baseline_seed7.jsonl:baseline_3.7max;lever_chem_flagship_gate_seed555.jsonl:chem_flagship_gate;lever_chem_thinking_gate_gpqa_seed217.jsonl:chem_thinking_gate;lever_chem_thinking_gate_gpqa_seed314.jsonl:chem_thinking_gate;lever_combined_seed7.jsonl:combined;lever_control_seed7.jsonl:control;lever_control_seed7_replicate.jsonl:control;lever_flagship_panel_seed7.jsonl:flagship_panel;lever_smart_gate_seed123.jsonl:smart_gate;lever_subject_seed7.jsonl:subject;lever_thinking_all_seed7.jsonl:thinking_all;lever_thinking_gate_seed123.jsonl:thinking_gate;lever_thinking_gate_seed7.jsonl:thinking_gate;lever_thinking_seed7.jsonl:thinking
GPQA-Diamond,recRTiyaRymerDJ4y,18,18,0,0,True,False,lever_baseline_gpqa_seed217.jsonl:baseline_3.7max;lever_baseline_seed123.jsonl:baseline_3.7max;lever_baseline_seed7.jsonl:baseline_3.7max;lever_chem_thinking_gate_gpqa_seed217.jsonl:chem_thinking_gate;lever_combined_seed7.jsonl:combined;lever_control_seed7.jsonl:control;lever_control_seed7_replicate.jsonl:control;lever_flagship_panel_seed7.jsonl:flagship_panel;lever_smart_gate_seed123.jsonl:smart_gate;lever_subject_seed7.jsonl:subject;lever_thinking_all_seed7.jsonl:thinking_all;lever_thinking_gate_seed123.jsonl:thinking_gate;lever_thinking_gate_seed7.jsonl:thinking_gate;lever_thinking_seed7.jsonl:thinking;lever_universal_gate_gpqa_seed1001.jsonl:universal_gate;lever_universal_gate_gpqa_seed3407.jsonl:universal_gate;TB1_flagship1x_gpqa_seed1001.jsonl:baseline_3.7max;TB1_flagship1x_gpqa_seed3407.jsonl:baseline_3.7max
GPQA-Diamond,reciuppdQde4FGX1z,11,11,0,0,True,False,lever_baseline_gpqa_seed217.jsonl:baseline_3.7max;lever_baseline_gpqa_seed314.jsonl:baseline_3.7max;lever_baseline_gpqa_seed471.jsonl:baseline_3.7max;lever_chem_flagship_gate_seed555.jsonl:chem_flagship_gate;lever_chem_thinking_gate_gpqa_seed217.jsonl:chem_thinking_gate;lever_chem_thinking_gate_gpqa_seed314.jsonl:chem_thinking_gate;lever_chem_thinking_gate_gpqa_seed471.jsonl:chem_thinking_gate;lever_universal_gate_gpqa_seed1001.jsonl:universal_gate;lever_universal_gate_gpqa_seed3407.jsonl:universal_gate;TB1_flagship1x_gpqa_seed1001.jsonl:baseline_3.7max;TB1_flagship1x_gpqa_seed3407.jsonl:baseline_3.7max
GPQA-Diamond,recixxJmdux0d8LZQ,5,5,0,0,True,False,lever_baseline_gpqa_seed217.jsonl:baseline_3.7max;lever_chem_flagship_gate_gpqa_seed777.jsonl:chem_flagship_gate;lever_chem_thinking_gate_gpqa_seed217.jsonl:chem_thinking_gate;lever_universal_gate_gpqa_seed3407.jsonl:universal_gate;TB1_flagship1x_gpqa_seed3407.jsonl:baseline_3.7max
GPQA-Diamond,recywRj5a8EEjj2Ib,8,8,0,0,True,False,lever_baseline_gpqa_seed217.jsonl:baseline_3.7max;lever_baseline_gpqa_seed471.jsonl:baseline_3.7max;lever_chem_flagship_gate_gpqa_seed888.jsonl:chem_flagship_gate;lever_chem_flagship_gate_seed555.jsonl:chem_flagship_gate;lever_chem_thinking_gate_gpqa_seed217.jsonl:chem_thinking_gate;lever_chem_thinking_gate_gpqa_seed471.jsonl:chem_thinking_gate;lever_universal_gate_gpqa_seed3407.jsonl:universal_gate;TB1_flagship1x_gpqa_seed3407.jsonl:baseline_3.7max
GPQA-Diamond,recBtVK8rBVtIlXDq,12,12,0,0,True,False,lever_baseline_gpqa_seed217.jsonl:baseline_3.7max;lever_baseline_gpqa_seed314.jsonl:baseline_3.7max;lever_baseline_gpqa_seed471.jsonl:baseline_3.7max;lever_chem_flagship_gate_gpqa_seed888.jsonl:chem_flagship_gate;lever_chem_flagship_gate_seed555.jsonl:chem_flagship_gate;lever_chem_thinking_gate_gpqa_seed217.jsonl:chem_thinking_gate;lever_chem_thinking_gate_gpqa_seed314.jsonl:chem_thinking_gate;lever_chem_thinking_gate_gpqa_seed471.jsonl:chem_thinking_gate;lever_universal_gate_gpqa_seed1001.jsonl:universal_gate;lever_universal_gate_gpqa_seed3407.jsonl:universal_gate;TB1_flagship1x_gpqa_seed1001.jsonl:baseline_3.7max;TB1_flagship1x_gpqa_seed3407.jsonl:baseline_3.7max
GPQA-Diamond,recWXwn9v4IG9ZrM6,5,5,0,0,True,False,lever_baseline_gpqa_seed217.jsonl:baseline_3.7max;lever_chem_flagship_gate_gpqa_seed777.jsonl:chem_flagship_gate;lever_chem_thinking_gate_gpqa_seed217.jsonl:chem_thinking_gate;lever_universal_gate_gpqa_seed1001.jsonl:universal_gate;TB1_flagship1x_gpqa_seed1001.jsonl:baseline_3.7max
GPQA-Diamond,recRgabRzMaEoBRcM,6,4,2,2,False,False,lever_baseline_gpqa_seed217.jsonl:baseline_3.7max;lever_baseline_seed123.jsonl:baseline_3.7max;lever_chem_flagship_gate_gpqa_seed777.jsonl:chem_flagship_gate;lever_chem_thinking_gate_gpqa_seed217.jsonl:chem_thinking_gate;lever_smart_gate_seed123.jsonl:smart_gate;lever_thinking_gate_seed123.jsonl:thinking_gate
GPQA-Diamond,recoy9ZLBsc7HIRBy,10,10,0,0,True,False,lever_baseline_gpqa_seed217.jsonl:baseline_3.7max;lever_baseline_seed123.jsonl:baseline_3.7max;lever_chem_flagship_gate_gpqa_seed777.jsonl:chem_flagship_gate;lever_chem_thinking_gate_gpqa_seed217.jsonl:chem_thinking_gate;lever_smart_gate_seed123.jsonl:smart_gate;lever_thinking_gate_seed123.jsonl:thinking_gate;lever_universal_gate_gpqa_seed1001.jsonl:universal_gate;lever_universal_gate_gpqa_seed3407.jsonl:universal_gate;TB1_flagship1x_gpqa_seed1001.jsonl:baseline_3.7max;TB1_flagship1x_gpqa_seed3407.jsonl:baseline_3.7max
GPQA-Diamond,rec9GugrngvsQR99A,11,11,0,0,True,False,lever_baseline_gpqa_seed314.jsonl:baseline_3.7max;lever_baseline_seed123.jsonl:baseline_3.7max;lever_chem_flagship_gate_gpqa_seed777.jsonl:chem_flagship_gate;lever_chem_flagship_gate_seed555.jsonl:chem_flagship_gate;lever_chem_thinking_gate_gpqa_seed314.jsonl:chem_thinking_gate;lever_smart_gate_seed123.jsonl:smart_gate;lever_thinking_gate_seed123.jsonl:thinking_gate;lever_universal_gate_gpqa_seed1001.jsonl:universal_gate;lever_universal_gate_gpqa_seed3407.jsonl:universal_gate;TB1_flagship1x_gpqa_seed1001.jsonl:baseline_3.7max;TB1_flagship1x_gpqa_seed3407.jsonl:baseline_3.7max
GPQA-Diamond,recRhwQwHijW0gCLo,21,21,0,0,True,False,lever_baseline_gpqa_seed314.jsonl:baseline_3.7max;lever_baseline_gpqa_seed471.jsonl:baseline_3.7max;lever_baseline_seed123.jsonl:baseline_3.7max;lever_baseline_seed7.jsonl:baseline_3.7max;lever_chem_flagship_gate_seed555.jsonl:chem_flagship_gate;lever_chem_thinking_gate_gpqa_seed314.jsonl:chem_thinking_gate;lever_chem_thinking_gate_gpqa_seed471.jsonl:chem_thinking_gate;lever_combined_seed7.jsonl:combined;lever_control_seed7.jsonl:control;lever_control_seed7_replicate.jsonl:control;lever_flagship_panel_seed7.jsonl:flagship_panel;lever_smart_gate_seed123.jsonl:smart_gate;lever_subject_seed7.jsonl:subject;lever_thinking_all_seed7.jsonl:thinking_all;lever_thinking_gate_seed123.jsonl:thinking_gate;lever_thinking_gate_seed7.jsonl:thinking_gate;lever_thinking_seed7.jsonl:thinking;lever_universal_gate_gpqa_seed1001.jsonl:universal_gate;lever_universal_gate_gpqa_seed3407.jsonl:universal_gate;TB1_flagship1x_gpqa_seed1001.jsonl:baseline_3.7max;TB1_flagship1x_gpqa_seed3407.jsonl:baseline_3.7max
GPQA-Diamond,recqLRu4BcJvlSANc,5,5,0,0,True,False,lever_baseline_gpqa_seed314.jsonl:baseline_3.7max;lever_baseline_gpqa_seed471.jsonl:baseline_3.7max;lever_chem_flagship_gate_gpqa_seed888.jsonl:chem_flagship_gate;lever_chem_thinking_gate_gpqa_seed314.jsonl:chem_thinking_gate;lever_chem_thinking_gate_gpqa_seed471.jsonl:chem_thinking_gate
GPQA-Diamond,recakFKZioXUuldcd,10,10,0,0,True,False,lever_baseline_gpqa_seed314.jsonl:baseline_3.7max;lever_baseline_gpqa_seed471.jsonl:baseline_3.7max;lever_chem_flagship_gate_gpqa_seed777.jsonl:chem_flagship_gate;lever_chem_flagship_gate_gpqa_seed888.jsonl:chem_flagship_gate;lever_chem_thinking_gate_gpqa_seed314.jsonl:chem_thinking_gate;lever_chem_thinking_gate_gpqa_seed471.jsonl:chem_thinking_gate;lever_universal_gate_gpqa_seed1001.jsonl:universal_gate;lever_universal_gate_gpqa_seed3407.jsonl:universal_gate;TB1_flagship1x_gpqa_seed1001.jsonl:baseline_3.7max;TB1_flagship1x_gpqa_seed3407.jsonl:baseline_3.7max
GPQA-Diamond,rec9W28HgpEUeUN8k,8,8,0,0,True,False,lever_baseline_gpqa_seed314.jsonl:baseline_3.7max;lever_baseline_gpqa_seed471.jsonl:baseline_3.7max;lever_chem_flagship_gate_gpqa_seed777.jsonl:chem_flagship_gate;lever_chem_flagship_gate_seed555.jsonl:chem_flagship_gate;lever_chem_thinking_gate_gpqa_seed314.jsonl:chem_thinking_gate;lever_chem_thinking_gate_gpqa_seed471.jsonl:chem_thinking_gate;lever_universal_gate_gpqa_seed3407.jsonl:universal_gate;TB1_flagship1x_gpqa_seed3407.jsonl:baseline_3.7max
GPQA-Diamond,recZWeueB7lSPR6wN,18,8,10,1,False,True,lever_baseline_gpqa_seed314.jsonl:baseline_3.7max;lever_baseline_seed123.jsonl:baseline_3.7max;lever_baseline_seed7.jsonl:baseline_3.7max;lever_chem_flagship_gate_gpqa_seed777.jsonl:chem_flagship_gate;lever_chem_flagship_gate_seed555.jsonl:chem_flagship_gate;lever_chem_thinking_gate_gpqa_seed314.jsonl:chem_thinking_gate;lever_combined_seed7.jsonl:combined;lever_control_seed7.jsonl:control;lever_control_seed7_replicate.jsonl:control;lever_flagship_panel_seed7.jsonl:flagship_panel;lever_smart_gate_seed123.jsonl:smart_gate;lever_subject_seed7.jsonl:subject;lever_thinking_all_seed7.jsonl:thinking_all;lever_thinking_gate_seed123.jsonl:thinking_gate;lever_thinking_gate_seed7.jsonl:thinking_gate;lever_thinking_seed7.jsonl:thinking;lever_universal_gate_gpqa_seed3407.jsonl:universal_gate;TB1_flagship1x_gpqa_seed3407.jsonl:baseline_3.7max
GPQA-Diamond,recQ8oxSY2aCwFRS8,16,16,0,0,True,False,lever_baseline_gpqa_seed314.jsonl:baseline_3.7max;lever_baseline_gpqa_seed471.jsonl:baseline_3.7max;lever_baseline_seed7.jsonl:baseline_3.7max;lever_chem_flagship_gate_gpqa_seed888.jsonl:chem_flagship_gate;lever_chem_thinking_gate_gpqa_seed314.jsonl:chem_thinking_gate;lever_chem_thinking_gate_gpqa_seed471.jsonl:chem_thinking_gate;lever_combined_seed7.jsonl:combined;lever_control_seed7.jsonl:control;lever_control_seed7_replicate.jsonl:control;lever_flagship_panel_seed7.jsonl:flagship_panel;lever_subject_seed7.jsonl:subject;lever_thinking_all_seed7.jsonl:thinking_all;lever_thinking_gate_seed7.jsonl:thinking_gate;lever_thinking_seed7.jsonl:thinking;lever_universal_gate_gpqa_seed1001.jsonl:universal_gate;TB1_flagship1x_gpqa_seed1001.jsonl:baseline_3.7max
GPQA-Diamond,recafnH3RRnMBXEb1,7,7,0,0,True,False,lever_baseline_gpqa_seed314.jsonl:baseline_3.7max;lever_baseline_gpqa_seed471.jsonl:baseline_3.7max;lever_chem_flagship_gate_seed555.jsonl:chem_flagship_gate;lever_chem_thinking_gate_gpqa_seed314.jsonl:chem_thinking_gate;lever_chem_thinking_gate_gpqa_seed471.jsonl:chem_thinking_gate;lever_universal_gate_gpqa_seed3407.jsonl:universal_gate;TB1_flagship1x_gpqa_seed3407.jsonl:baseline_3.7max
GPQA-Diamond,recXsYa3i2UhGF5fe,15,15,0,0,True,False,lever_baseline_gpqa_seed314.jsonl:baseline_3.7max;lever_baseline_seed7.jsonl:baseline_3.7max;lever_chem_thinking_gate_gpqa_seed314.jsonl:chem_thinking_gate;lever_combined_seed7.jsonl:combined;lever_control_seed7.jsonl:control;lever_control_seed7_replicate.jsonl:control;lever_flagship_panel_seed7.jsonl:flagship_panel;lever_subject_seed7.jsonl:subject;lever_thinking_all_seed7.jsonl:thinking_all;lever_thinking_gate_seed7.jsonl:thinking_gate;lever_thinking_seed7.jsonl:thinking;lever_universal_gate_gpqa_seed1001.jsonl:universal_gate;lever_universal_gate_gpqa_seed3407.jsonl:universal_gate;TB1_flagship1x_gpqa_seed1001.jsonl:baseline_3.7max;TB1_flagship1x_gpqa_seed3407.jsonl:baseline_3.7max
GPQA-Diamond,recS48OsU6kVadBPW,21,21,0,0,True,False,lever_baseline_gpqa_seed314.jsonl:baseline_3.7max;lever_baseline_gpqa_seed471.jsonl:baseline_3.7max;lever_baseline_seed123.jsonl:baseline_3.7max;lever_baseline_seed7.jsonl:baseline_3.7max;lever_chem_flagship_gate_gpqa_seed777.jsonl:chem_flagship_gate;lever_chem_thinking_gate_gpqa_seed314.jsonl:chem_thinking_gate;lever_chem_thinking_gate_gpqa_seed471.jsonl:chem_thinking_gate;lever_combined_seed7.jsonl:combined;lever_control_seed7.jsonl:control;lever_control_seed7_replicate.jsonl:control;lever_flagship_panel_seed7.jsonl:flagship_panel;lever_smart_gate_seed123.jsonl:smart_gate;lever_subject_seed7.jsonl:subject;lever_thinking_all_seed7.jsonl:thinking_all;lever_thinking_gate_seed123.jsonl:thinking_gate;lever_thinking_gate_seed7.jsonl:thinking_gate;lever_thinking_seed7.jsonl:thinking;lever_universal_gate_gpqa_seed1001.jsonl:universal_gate;lever_universal_gate_gpqa_seed3407.jsonl:universal_gate;TB1_flagship1x_gpqa_seed1001.jsonl:baseline_3.7max;TB1_flagship1x_gpqa_seed3407.jsonl:baseline_3.7max
GPQA-Diamond,recrs0kUo7Ua1xhKO,4,4,0,0,True,False,lever_baseline_gpqa_seed314.jsonl:baseline_3.7max;lever_chem_flagship_gate_gpqa_seed777.jsonl:chem_flagship_gate;lever_chem_flagship_gate_seed555.jsonl:chem_flagship_gate;lever_chem_thinking_gate_gpqa_seed314.jsonl:chem_thinking_gate
GPQA-Diamond,recK9F5aqdaybl8bb,5,5,0,0,True,False,lever_baseline_gpqa_seed314.jsonl:baseline_3.7max;lever_baseline_gpqa_seed471.jsonl:baseline_3.7max;lever_chem_flagship_gate_gpqa_seed888.jsonl:chem_flagship_gate;lever_chem_flagship_gate_seed555.jsonl:chem_flagship_gate;lever_chem_thinking_gate_gpqa_seed471.jsonl:chem_thinking_gate
GPQA-Diamond,recqFDvYKKRmbnoUb,15,15,0,0,True,False,lever_baseline_gpqa_seed314.jsonl:baseline_3.7max;lever_baseline_seed7.jsonl:baseline_3.7max;lever_chem_flagship_gate_gpqa_seed777.jsonl:chem_flagship_gate;lever_chem_flagship_gate_seed555.jsonl:chem_flagship_gate;lever_chem_thinking_gate_gpqa_seed314.jsonl:chem_thinking_gate;lever_combined_seed7.jsonl:combined;lever_control_seed7.jsonl:control;lever_control_seed7_replicate.jsonl:control;lever_flagship_panel_seed7.jsonl:flagship_panel;lever_subject_seed7.jsonl:subject;lever_thinking_all_seed7.jsonl:thinking_all;lever_thinking_gate_seed7.jsonl:thinking_gate;lever_thinking_seed7.jsonl:thinking;lever_universal_gate_gpqa_seed1001.jsonl:universal_gate;TB1_flagship1x_gpqa_seed1001.jsonl:baseline_3.7max
GPQA-Diamond,recIMcQfaQNa6vzsT,14,14,0,0,True,False,lever_baseline_gpqa_seed314.jsonl:baseline_3.7max;lever_baseline_gpqa_seed471.jsonl:baseline_3.7max;lever_baseline_seed7.jsonl:baseline_3.7max;lever_chem_flagship_gate_gpqa_seed777.jsonl:chem_flagship_gate;lever_chem_thinking_gate_gpqa_seed314.jsonl:chem_thinking_gate;lever_chem_thinking_gate_gpqa_seed471.jsonl:chem_thinking_gate;lever_combined_seed7.jsonl:combined;lever_control_seed7.jsonl:control;lever_control_seed7_replicate.jsonl:control;lever_flagship_panel_seed7.jsonl:flagship_panel;lever_subject_seed7.jsonl:subject;lever_thinking_all_seed7.jsonl:thinking_all;lever_thinking_gate_seed7.jsonl:thinking_gate;lever_thinking_seed7.jsonl:thinking
GPQA-Diamond,recxsX66ktJ1Lwt4f,19,19,0,0,True,False,lever_baseline_gpqa_seed314.jsonl:baseline_3.7max;lever_baseline_seed123.jsonl:baseline_3.7max;lever_baseline_seed7.jsonl:baseline_3.7max;lever_chem_flagship_gate_gpqa_seed888.jsonl:chem_flagship_gate;lever_chem_thinking_gate_gpqa_seed314.jsonl:chem_thinking_gate;lever_combined_seed7.jsonl:combined;lever_control_seed7.jsonl:control;lever_control_seed7_replicate.jsonl:control;lever_flagship_panel_seed7.jsonl:flagship_panel;lever_smart_gate_seed123.jsonl:smart_gate;lever_subject_seed7.jsonl:subject;lever_thinking_all_seed7.jsonl:thinking_all;lever_thinking_gate_seed123.jsonl:thinking_gate;lever_thinking_gate_seed7.jsonl:thinking_gate;lever_thinking_seed7.jsonl:thinking;lever_universal_gate_gpqa_seed1001.jsonl:universal_gate;lever_universal_gate_gpqa_seed3407.jsonl:universal_gate;TB1_flagship1x_gpqa_seed1001.jsonl:baseline_3.7max;TB1_flagship1x_gpqa_seed3407.jsonl:baseline_3.7max
GPQA-Diamond,rec0Arme2jcXQZnAW,11,9,2,1,False,False,lever_baseline_gpqa_seed314.jsonl:baseline_3.7max;lever_baseline_seed7.jsonl:baseline_3.7max;lever_chem_thinking_gate_gpqa_seed314.jsonl:chem_thinking_gate;lever_combined_seed7.jsonl:combined;lever_control_seed7.jsonl:control;lever_control_seed7_replicate.jsonl:control;lever_flagship_panel_seed7.jsonl:flagship_panel;lever_subject_seed7.jsonl:subject;lever_thinking_all_seed7.jsonl:thinking_all;lever_thinking_gate_seed7.jsonl:thinking_gate;lever_thinking_seed7.jsonl:thinking
GPQA-Diamond,recxTy0x7M6T9ikc0,15,15,0,0,True,False,lever_baseline_gpqa_seed314.jsonl:baseline_3.7max;lever_baseline_seed7.jsonl:baseline_3.7max;lever_chem_flagship_gate_gpqa_seed777.jsonl:chem_flagship_gate;lever_chem_flagship_gate_gpqa_seed888.jsonl:chem_flagship_gate;lever_chem_thinking_gate_gpqa_seed314.jsonl:chem_thinking_gate;lever_combined_seed7.jsonl:combined;lever_control_seed7.jsonl:control;lever_control_seed7_replicate.jsonl:control;lever_flagship_panel_seed7.jsonl:flagship_panel;lever_subject_seed7.jsonl:subject;lever_thinking_all_seed7.jsonl:thinking_all;lever_thinking_gate_seed7.jsonl:thinking_gate;lever_thinking_seed7.jsonl:thinking;lever_universal_gate_gpqa_seed3407.jsonl:universal_gate;TB1_flagship1x_gpqa_seed3407.jsonl:baseline_3.7max
GPQA-Diamond,recl1UtgTVKishAq4,16,10,6,2,False,False,lever_baseline_gpqa_seed471.jsonl:baseline_3.7max;lever_baseline_seed123.jsonl:baseline_3.7max;lever_baseline_seed7.jsonl:baseline_3.7max;lever_chem_flagship_gate_seed555.jsonl:chem_flagship_gate;lever_chem_thinking_gate_gpqa_seed471.jsonl:chem_thinking_gate;lever_combined_seed7.jsonl:combined;lever_control_seed7.jsonl:control;lever_control_seed7_replicate.jsonl:control;lever_flagship_panel_seed7.jsonl:flagship_panel;lever_smart_gate_seed123.jsonl:smart_gate;lever_subject_seed7.jsonl:subject;lever_thinking_all_seed7.jsonl:thinking_all;lever_thinking_gate_seed123.jsonl:thinking_gate;lever_thinking_seed7.jsonl:thinking;lever_universal_gate_gpqa_seed1001.jsonl:universal_gate;TB1_flagship1x_gpqa_seed1001.jsonl:baseline_3.7max
GPQA-Diamond,recKcjTwONILZqHAX,13,13,0,0,True,False,lever_baseline_gpqa_seed471.jsonl:baseline_3.7max;lever_baseline_seed7.jsonl:baseline_3.7max;lever_chem_thinking_gate_gpqa_seed471.jsonl:chem_thinking_gate;lever_combined_seed7.jsonl:combined;lever_control_seed7.jsonl:control;lever_control_seed7_replicate.jsonl:control;lever_flagship_panel_seed7.jsonl:flagship_panel;lever_subject_seed7.jsonl:subject;lever_thinking_all_seed7.jsonl:thinking_all;lever_thinking_gate_seed7.jsonl:thinking_gate;lever_thinking_seed7.jsonl:thinking;lever_universal_gate_gpqa_seed1001.jsonl:universal_gate;TB1_flagship1x_gpqa_seed1001.jsonl:baseline_3.7max
GPQA-Diamond,recrHBEJJoDTV05JR,11,11,0,0,True,False,lever_baseline_gpqa_seed471.jsonl:baseline_3.7max;lever_baseline_seed7.jsonl:baseline_3.7max;lever_chem_flagship_gate_seed555.jsonl:chem_flagship_gate;lever_chem_thinking_gate_gpqa_seed471.jsonl:chem_thinking_gate;lever_control_seed7.jsonl:control;lever_control_seed7_replicate.jsonl:control;lever_flagship_panel_seed7.jsonl:flagship_panel;lever_subject_seed7.jsonl:subject;lever_thinking_all_seed7.jsonl:thinking_all;lever_thinking_gate_seed7.jsonl:thinking_gate;lever_thinking_seed7.jsonl:thinking
GPQA-Diamond,rec4UqStf9WUVif1f,9,9,0,0,True,False,lever_baseline_gpqa_seed471.jsonl:baseline_3.7max;lever_chem_flagship_gate_gpqa_seed777.jsonl:chem_flagship_gate;lever_chem_flagship_gate_gpqa_seed888.jsonl:chem_flagship_gate;lever_chem_flagship_gate_seed555.jsonl:chem_flagship_gate;lever_chem_thinking_gate_gpqa_seed471.jsonl:chem_thinking_gate;lever_universal_gate_gpqa_seed1001.jsonl:universal_gate;lever_universal_gate_gpqa_seed3407.jsonl:universal_gate;TB1_flagship1x_gpqa_seed1001.jsonl:baseline_3.7max;TB1_flagship1x_gpqa_seed3407.jsonl:baseline_3.7max
GPQA-Diamond,recTs7qzfJs6kfLUK,8,8,0,0,True,False,lever_baseline_gpqa_seed471.jsonl:baseline_3.7max;lever_chem_flagship_gate_gpqa_seed777.jsonl:chem_flagship_gate;lever_chem_flagship_gate_gpqa_seed888.jsonl:chem_flagship_gate;lever_chem_thinking_gate_gpqa_seed471.jsonl:chem_thinking_gate;lever_universal_gate_gpqa_seed1001.jsonl:universal_gate;lever_universal_gate_gpqa_seed3407.jsonl:universal_gate;TB1_flagship1x_gpqa_seed1001.jsonl:baseline_3.7max;TB1_flagship1x_gpqa_seed3407.jsonl:baseline_3.7max
MMLU-Pro,3320,12,12,0,0,True,False,lever_baseline_mmlu_pro_stem_seed42.jsonl:baseline_3.7max;lever_flagship_panel_mmlu_pro_stem_seed42.jsonl:flagship_panel;lever_thinking_gate_mmlu_pro_seed42.jsonl:thinking_gate;mmlu_pro_pilot_seed42.jsonl:baseline_3.7max;mmlu_pro_pilot_seed42.jsonl:shipped_engine(pilot);moo_m1_eval.jsonl:moo:standard-tribunal;moo_m1_eval.jsonl:moo:stem-max;moo_m1_eval.jsonl:moo:thinking_gate;moo_m1_eval.jsonl:moo:rag_presolve;moo_m1_eval.jsonl:moo:flagship_panel;moo_m1_eval.jsonl:moo:single-call;moo_m1_eval.jsonl:moo:rag_thinking_gate
MMLU-Pro,8486,12,12,0,0,True,False,lever_baseline_mmlu_pro_stem_seed42.jsonl:baseline_3.7max;lever_flagship_panel_mmlu_pro_stem_seed42.jsonl:flagship_panel;lever_thinking_gate_mmlu_pro_seed42.jsonl:thinking_gate;mmlu_pro_pilot_seed42.jsonl:baseline_3.7max;mmlu_pro_pilot_seed42.jsonl:shipped_engine(pilot);moo_m1_eval.jsonl:moo:standard-tribunal;moo_m1_eval.jsonl:moo:stem-max;moo_m1_eval.jsonl:moo:thinking_gate;moo_m1_eval.jsonl:moo:rag_presolve;moo_m1_eval.jsonl:moo:flagship_panel;moo_m1_eval.jsonl:moo:single-call;moo_m1_eval.jsonl:moo:rag_thinking_gate
MMLU-Pro,2854,12,12,0,0,True,False,lever_baseline_mmlu_pro_stem_seed42.jsonl:baseline_3.7max;lever_flagship_panel_mmlu_pro_stem_seed42.jsonl:flagship_panel;lever_thinking_gate_mmlu_pro_seed42.jsonl:thinking_gate;mmlu_pro_pilot_seed42.jsonl:baseline_3.7max;mmlu_pro_pilot_seed42.jsonl:shipped_engine(pilot);moo_m1_eval.jsonl:moo:standard-tribunal;moo_m1_eval.jsonl:moo:thinking_gate;moo_m1_eval.jsonl:moo:stem-max;moo_m1_eval.jsonl:moo:rag_presolve;moo_m1_eval.jsonl:moo:flagship_panel;moo_m1_eval.jsonl:moo:single-call;moo_m1_eval.jsonl:moo:rag_thinking_gate
MMLU-Pro,10024,12,12,0,0,True,False,lever_baseline_mmlu_pro_stem_seed42.jsonl:baseline_3.7max;lever_flagship_panel_mmlu_pro_stem_seed42.jsonl:flagship_panel;lever_thinking_gate_mmlu_pro_seed42.jsonl:thinking_gate;mmlu_pro_pilot_seed42.jsonl:baseline_3.7max;mmlu_pro_pilot_seed42.jsonl:shipped_engine(pilot);moo_m1_eval.jsonl:moo:standard-tribunal;moo_m1_eval.jsonl:moo:flagship_panel;moo_m1_eval.jsonl:moo:rag_presolve;moo_m1_eval.jsonl:moo:stem-max;moo_m1_eval.jsonl:moo:single-call;moo_m1_eval.jsonl:moo:rag_thinking_gate;moo_m1_eval.jsonl:moo:thinking_gate
MMLU-Pro,3079,12,12,0,0,True,False,lever_baseline_mmlu_pro_stem_seed42.jsonl:baseline_3.7max;lever_flagship_panel_mmlu_pro_stem_seed42.jsonl:flagship_panel;lever_thinking_gate_mmlu_pro_seed42.jsonl:thinking_gate;mmlu_pro_pilot_seed42.jsonl:baseline_3.7max;mmlu_pro_pilot_seed42.jsonl:shipped_engine(pilot);moo_m1_eval.jsonl:moo:standard-tribunal;moo_m1_eval.jsonl:moo:thinking_gate;moo_m1_eval.jsonl:moo:rag_presolve;moo_m1_eval.jsonl:moo:stem-max;moo_m1_eval.jsonl:moo:flagship_panel;moo_m1_eval.jsonl:moo:single-call;moo_m1_eval.jsonl:moo:rag_thinking_gate
MMLU-Pro,8802,12,12,0,0,True,False,lever_baseline_mmlu_pro_stem_seed42.jsonl:baseline_3.7max;lever_flagship_panel_mmlu_pro_stem_seed42.jsonl:flagship_panel;lever_thinking_gate_mmlu_pro_seed42.jsonl:thinking_gate;mmlu_pro_pilot_seed42.jsonl:baseline_3.7max;mmlu_pro_pilot_seed42.jsonl:shipped_engine(pilot);moo_m1_eval.jsonl:moo:standard-tribunal;moo_m1_eval.jsonl:moo:thinking_gate;moo_m1_eval.jsonl:moo:stem-max;moo_m1_eval.jsonl:moo:rag_presolve;moo_m1_eval.jsonl:moo:flagship_panel;moo_m1_eval.jsonl:moo:rag_thinking_gate;moo_m1_eval.jsonl:moo:single-call
MMLU-Pro,11489,5,4,1,1,False,False,lever_baseline_mmlu_pro_stem_seed42.jsonl:baseline_3.7max;lever_flagship_panel_mmlu_pro_stem_seed42.jsonl:flagship_panel;lever_thinking_gate_mmlu_pro_seed42.jsonl:thinking_gate;mmlu_pro_pilot_seed42.jsonl:baseline_3.7max;mmlu_pro_pilot_seed42.jsonl:shipped_engine(pilot)
MMLU-Pro,8930,12,12,0,0,True,False,lever_baseline_mmlu_pro_stem_seed42.jsonl:baseline_3.7max;lever_flagship_panel_mmlu_pro_stem_seed42.jsonl:flagship_panel;lever_thinking_gate_mmlu_pro_seed42.jsonl:thinking_gate;mmlu_pro_pilot_seed42.jsonl:baseline_3.7max;mmlu_pro_pilot_seed42.jsonl:shipped_engine(pilot);moo_m1_eval.jsonl:moo:stem-max;moo_m1_eval.jsonl:moo:rag_presolve;moo_m1_eval.jsonl:moo:standard-tribunal;moo_m1_eval.jsonl:moo:rag_thinking_gate;moo_m1_eval.jsonl:moo:flagship_panel;moo_m1_eval.jsonl:moo:single-call;moo_m1_eval.jsonl:moo:thinking_gate
MMLU-Pro,7847,12,12,0,0,True,False,lever_baseline_mmlu_pro_stem_seed42.jsonl:baseline_3.7max;lever_flagship_panel_mmlu_pro_stem_seed42.jsonl:flagship_panel;lever_thinking_gate_mmlu_pro_seed42.jsonl:thinking_gate;mmlu_pro_pilot_seed42.jsonl:baseline_3.7max;mmlu_pro_pilot_seed42.jsonl:shipped_engine(pilot);moo_m1_eval.jsonl:moo:standard-tribunal;moo_m1_eval.jsonl:moo:thinking_gate;moo_m1_eval.jsonl:moo:stem-max;moo_m1_eval.jsonl:moo:rag_presolve;moo_m1_eval.jsonl:moo:flagship_panel;moo_m1_eval.jsonl:moo:rag_thinking_gate;moo_m1_eval.jsonl:moo:single-call
MMLU-Pro,11562,5,5,0,0,True,False,lever_baseline_mmlu_pro_stem_seed42.jsonl:baseline_3.7max;lever_flagship_panel_mmlu_pro_stem_seed42.jsonl:flagship_panel;lever_thinking_gate_mmlu_pro_seed42.jsonl:thinking_gate;mmlu_pro_pilot_seed42.jsonl:baseline_3.7max;mmlu_pro_pilot_seed42.jsonl:shipped_engine(pilot)
MMLU-Pro,10343,12,12,0,0,True,False,lever_baseline_mmlu_pro_stem_seed42.jsonl:baseline_3.7max;lever_flagship_panel_mmlu_pro_stem_seed42.jsonl:flagship_panel;lever_thinking_gate_mmlu_pro_seed42.jsonl:thinking_gate;mmlu_pro_pilot_seed42.jsonl:baseline_3.7max;mmlu_pro_pilot_seed42.jsonl:shipped_engine(pilot);moo_m1_eval.jsonl:moo:standard-tribunal;moo_m1_eval.jsonl:moo:rag_presolve;moo_m1_eval.jsonl:moo:thinking_gate;moo_m1_eval.jsonl:moo:stem-max;moo_m1_eval.jsonl:moo:flagship_panel;moo_m1_eval.jsonl:moo:single-call;moo_m1_eval.jsonl:moo:rag_thinking_gate
MMLU-Pro,9795,12,12,0,0,True,False,lever_baseline_mmlu_pro_stem_seed42.jsonl:baseline_3.7max;lever_flagship_panel_mmlu_pro_stem_seed42.jsonl:flagship_panel;lever_thinking_gate_mmlu_pro_seed42.jsonl:thinking_gate;mmlu_pro_pilot_seed42.jsonl:baseline_3.7max;mmlu_pro_pilot_seed42.jsonl:shipped_engine(pilot);moo_m1_eval.jsonl:moo:standard-tribunal;moo_m1_eval.jsonl:moo:thinking_gate;moo_m1_eval.jsonl:moo:rag_presolve;moo_m1_eval.jsonl:moo:flagship_panel;moo_m1_eval.jsonl:moo:rag_thinking_gate;moo_m1_eval.jsonl:moo:single-call;moo_m1_eval.jsonl:moo:stem-max
MMLU-Pro,3917,5,1,4,2,False,True,lever_baseline_mmlu_pro_stem_seed42.jsonl:baseline_3.7max;lever_flagship_panel_mmlu_pro_stem_seed42.jsonl:flagship_panel;lever_thinking_gate_mmlu_pro_seed42.jsonl:thinking_gate;mmlu_pro_pilot_seed42.jsonl:baseline_3.7max;mmlu_pro_pilot_seed42.jsonl:shipped_engine(pilot)
MMLU-Pro,3739,5,5,0,0,True,False,lever_baseline_mmlu_pro_stem_seed42.jsonl:baseline_3.7max;lever_flagship_panel_mmlu_pro_stem_seed42.jsonl:flagship_panel;lever_thinking_gate_mmlu_pro_seed42.jsonl:thinking_gate;mmlu_pro_pilot_seed42.jsonl:baseline_3.7max;mmlu_pro_pilot_seed42.jsonl:shipped_engine(pilot)
MMLU-Pro,10452,12,12,0,0,True,False,lever_baseline_mmlu_pro_stem_seed42.jsonl:baseline_3.7max;lever_flagship_panel_mmlu_pro_stem_seed42.jsonl:flagship_panel;lever_thinking_gate_mmlu_pro_seed42.jsonl:thinking_gate;mmlu_pro_pilot_seed42.jsonl:baseline_3.7max;mmlu_pro_pilot_seed42.jsonl:shipped_engine(pilot);moo_m1_eval.jsonl:moo:standard-tribunal;moo_m1_eval.jsonl:moo:stem-max;moo_m1_eval.jsonl:moo:thinking_gate;moo_m1_eval.jsonl:moo:rag_presolve;moo_m1_eval.jsonl:moo:flagship_panel;moo_m1_eval.jsonl:moo:rag_thinking_gate;moo_m1_eval.jsonl:moo:single-call
MMLU-Pro,8147,12,12,0,0,True,False,lever_baseline_mmlu_pro_stem_seed42.jsonl:baseline_3.7max;lever_flagship_panel_mmlu_pro_stem_seed42.jsonl:flagship_panel;lever_thinking_gate_mmlu_pro_seed42.jsonl:thinking_gate;mmlu_pro_pilot_seed42.jsonl:baseline_3.7max;mmlu_pro_pilot_seed42.jsonl:shipped_engine(pilot);moo_m1_eval.jsonl:moo:standard-tribunal;moo_m1_eval.jsonl:moo:thinking_gate;moo_m1_eval.jsonl:moo:rag_presolve;moo_m1_eval.jsonl:moo:stem-max;moo_m1_eval.jsonl:moo:flagship_panel;moo_m1_eval.jsonl:moo:single-call;moo_m1_eval.jsonl:moo:rag_thinking_gate
MMLU-Pro,8676,12,12,0,0,True,False,lever_baseline_mmlu_pro_stem_seed42.jsonl:baseline_3.7max;lever_flagship_panel_mmlu_pro_stem_seed42.jsonl:flagship_panel;lever_thinking_gate_mmlu_pro_seed42.jsonl:thinking_gate;mmlu_pro_pilot_seed42.jsonl:baseline_3.7max;mmlu_pro_pilot_seed42.jsonl:shipped_engine(pilot);moo_m1_eval.jsonl:moo:standard-tribunal;moo_m1_eval.jsonl:moo:thinking_gate;moo_m1_eval.jsonl:moo:stem-max;moo_m1_eval.jsonl:moo:flagship_panel;moo_m1_eval.jsonl:moo:rag_presolve;moo_m1_eval.jsonl:moo:rag_thinking_gate;moo_m1_eval.jsonl:moo:single-call
MMLU-Pro,11847,5,5,0,0,True,False,lever_baseline_mmlu_pro_stem_seed42.jsonl:baseline_3.7max;lever_flagship_panel_mmlu_pro_stem_seed42.jsonl:flagship_panel;lever_thinking_gate_mmlu_pro_seed42.jsonl:thinking_gate;mmlu_pro_pilot_seed42.jsonl:baseline_3.7max;mmlu_pro_pilot_seed42.jsonl:shipped_engine(pilot)
MMLU-Pro,12113,5,4,1,1,False,False,lever_baseline_mmlu_pro_stem_seed42.jsonl:baseline_3.7max;lever_flagship_panel_mmlu_pro_stem_seed42.jsonl:flagship_panel;lever_thinking_gate_mmlu_pro_seed42.jsonl:thinking_gate;mmlu_pro_pilot_seed42.jsonl:baseline_3.7max;mmlu_pro_pilot_seed42.jsonl:shipped_engine(pilot)
MMLU-Pro,11886,5,4,1,1,False,False,lever_baseline_mmlu_pro_stem_seed42.jsonl:baseline_3.7max;lever_flagship_panel_mmlu_pro_stem_seed42.jsonl:flagship_panel;lever_thinking_gate_mmlu_pro_seed42.jsonl:thinking_gate;mmlu_pro_pilot_seed42.jsonl:baseline_3.7max;mmlu_pro_pilot_seed42.jsonl:shipped_engine(pilot)
MMLU-Pro,7807,5,5,0,0,True,False,lever_baseline_mmlu_pro_stem_seed42.jsonl:baseline_3.7max;lever_flagship_panel_mmlu_pro_stem_seed42.jsonl:flagship_panel;lever_thinking_gate_mmlu_pro_seed42.jsonl:thinking_gate;mmlu_pro_pilot_seed42.jsonl:baseline_3.7max;mmlu_pro_pilot_seed42.jsonl:shipped_engine(pilot)
MMLU-Pro,11733,5,2,3,1,False,True,lever_baseline_mmlu_pro_stem_seed42.jsonl:baseline_3.7max;lever_flagship_panel_mmlu_pro_stem_seed42.jsonl:flagship_panel;lever_thinking_gate_mmlu_pro_seed42.jsonl:thinking_gate;mmlu_pro_pilot_seed42.jsonl:baseline_3.7max;mmlu_pro_pilot_seed42.jsonl:shipped_engine(pilot)
MMLU-Pro,12104,5,5,0,0,True,False,lever_baseline_mmlu_pro_stem_seed42.jsonl:baseline_3.7max;lever_flagship_panel_mmlu_pro_stem_seed42.jsonl:flagship_panel;lever_thinking_gate_mmlu_pro_seed42.jsonl:thinking_gate;mmlu_pro_pilot_seed42.jsonl:baseline_3.7max;mmlu_pro_pilot_seed42.jsonl:shipped_engine(pilot)
MMLU-Pro,3763,5,5,0,0,True,False,lever_baseline_mmlu_pro_stem_seed42.jsonl:baseline_3.7max;lever_flagship_panel_mmlu_pro_stem_seed42.jsonl:flagship_panel;lever_thinking_gate_mmlu_pro_seed42.jsonl:thinking_gate;mmlu_pro_pilot_seed42.jsonl:baseline_3.7max;mmlu_pro_pilot_seed42.jsonl:shipped_engine(pilot)
MMLU-Pro,10306,5,5,0,0,True,False,lever_baseline_mmlu_pro_stem_seed42.jsonl:baseline_3.7max;lever_flagship_panel_mmlu_pro_stem_seed42.jsonl:flagship_panel;lever_thinking_gate_mmlu_pro_seed42.jsonl:thinking_gate;mmlu_pro_pilot_seed42.jsonl:baseline_3.7max;mmlu_pro_pilot_seed42.jsonl:shipped_engine(pilot)
MMLU-Pro,9030,5,5,0,0,True,False,lever_baseline_mmlu_pro_stem_seed42.jsonl:baseline_3.7max;lever_flagship_panel_mmlu_pro_stem_seed42.jsonl:flagship_panel;lever_thinking_gate_mmlu_pro_seed42.jsonl:thinking_gate;mmlu_pro_pilot_seed42.jsonl:baseline_3.7max;mmlu_pro_pilot_seed42.jsonl:shipped_engine(pilot)
MMLU-Pro,3878,2,2,0,0,True,False,lever_baseline_mmlu_pro_stem_seed42.jsonl:baseline_3.7max;lever_flagship_panel_mmlu_pro_stem_seed42.jsonl:flagship_panel
MMLU-Pro,4090,5,5,0,0,True,False,lever_baseline_mmlu_pro_stem_seed42.jsonl:baseline_3.7max;lever_flagship_panel_mmlu_pro_stem_seed42.jsonl:flagship_panel;lever_thinking_gate_mmlu_pro_seed42.jsonl:thinking_gate;mmlu_pro_pilot_seed42.jsonl:baseline_3.7max;mmlu_pro_pilot_seed42.jsonl:shipped_engine(pilot)
MMLU-Pro,7793,2,2,0,0,True,False,lever_baseline_mmlu_pro_stem_seed42.jsonl:baseline_3.7max;lever_flagship_panel_mmlu_pro_stem_seed42.jsonl:flagship_panel
MMLU-Pro,8369,2,2,0,0,True,False,lever_baseline_mmlu_pro_stem_seed42.jsonl:baseline_3.7max;lever_flagship_panel_mmlu_pro_stem_seed42.jsonl:flagship_panel
MMLU-Pro,10510,2,2,0,0,True,False,lever_baseline_mmlu_pro_stem_seed42.jsonl:baseline_3.7max;lever_flagship_panel_mmlu_pro_stem_seed42.jsonl:flagship_panel
MMLU-Pro,3944,2,2,0,0,True,False,lever_baseline_mmlu_pro_stem_seed42.jsonl:baseline_3.7max;lever_flagship_panel_mmlu_pro_stem_seed42.jsonl:flagship_panel
MMLU-Pro,12122,2,2,0,0,True,False,lever_baseline_mmlu_pro_stem_seed42.jsonl:baseline_3.7max;lever_flagship_panel_mmlu_pro_stem_seed42.jsonl:flagship_panel
MMLU-Pro,8266,2,2,0,0,True,False,lever_baseline_mmlu_pro_stem_seed42.jsonl:baseline_3.7max;lever_flagship_panel_mmlu_pro_stem_seed42.jsonl:flagship_panel
MMLU-Pro,10582,2,2,0,0,True,False,lever_baseline_mmlu_pro_stem_seed42.jsonl:baseline_3.7max;lever_flagship_panel_mmlu_pro_stem_seed42.jsonl:flagship_panel
MMLU-Pro,10478,2,2,0,0,True,False,lever_baseline_mmlu_pro_stem_seed42.jsonl:baseline_3.7max;lever_flagship_panel_mmlu_pro_stem_seed42.jsonl:flagship_panel
MMLU-Pro,7737,2,2,0,0,True,False,lever_baseline_mmlu_pro_stem_seed42.jsonl:baseline_3.7max;lever_flagship_panel_mmlu_pro_stem_seed42.jsonl:flagship_panel
MMLU-Pro,7771,2,2,0,0,True,False,lever_baseline_mmlu_pro_stem_seed42.jsonl:baseline_3.7max;lever_flagship_panel_mmlu_pro_stem_seed42.jsonl:flagship_panel
MMLU-Pro,3206,2,2,0,0,True,False,lever_baseline_mmlu_pro_stem_seed42.jsonl:baseline_3.7max;lever_flagship_panel_mmlu_pro_stem_seed42.jsonl:flagship_panel
MMLU-Pro,9735,2,2,0,0,True,False,lever_baseline_mmlu_pro_stem_seed42.jsonl:baseline_3.7max;lever_flagship_panel_mmlu_pro_stem_seed42.jsonl:flagship_panel
MMLU-Pro,3454,2,2,0,0,True,False,lever_baseline_mmlu_pro_stem_seed42.jsonl:baseline_3.7max;lever_flagship_panel_mmlu_pro_stem_seed42.jsonl:flagship_panel
MMLU-Pro,11879,2,2,0,0,True,False,lever_baseline_mmlu_pro_stem_seed42.jsonl:baseline_3.7max;lever_flagship_panel_mmlu_pro_stem_seed42.jsonl:flagship_panel
MMLU-Pro,11343,2,2,0,0,True,False,lever_baseline_mmlu_pro_stem_seed42.jsonl:baseline_3.7max;lever_flagship_panel_mmlu_pro_stem_seed42.jsonl:flagship_panel
MMLU-Pro,4663,2,2,0,0,True,False,lever_baseline_mmlu_pro_stem_seed42.jsonl:baseline_3.7max;lever_flagship_panel_mmlu_pro_stem_seed42.jsonl:flagship_panel
MMLU-Pro,9350,2,2,0,0,True,False,lever_baseline_mmlu_pro_stem_seed42.jsonl:baseline_3.7max;lever_flagship_panel_mmlu_pro_stem_seed42.jsonl:flagship_panel
MMLU-Pro,4063,2,2,0,0,True,False,lever_baseline_mmlu_pro_stem_seed42.jsonl:baseline_3.7max;lever_flagship_panel_mmlu_pro_stem_seed42.jsonl:flagship_panel
MMLU-Pro,8895,2,2,0,0,True,False,lever_baseline_mmlu_pro_stem_seed42.jsonl:baseline_3.7max;lever_flagship_panel_mmlu_pro_stem_seed42.jsonl:flagship_panel
MMLU-Pro,10520,2,2,0,0,True,False,lever_baseline_mmlu_pro_stem_seed42.jsonl:baseline_3.7max;lever_flagship_panel_mmlu_pro_stem_seed42.jsonl:flagship_panel
MMLU-Pro,12183,2,2,0,0,True,False,lever_baseline_mmlu_pro_stem_seed42.jsonl:baseline_3.7max;lever_flagship_panel_mmlu_pro_stem_seed42.jsonl:flagship_panel
MMLU-Pro,8024,2,2,0,0,True,False,lever_baseline_mmlu_pro_stem_seed42.jsonl:baseline_3.7max;lever_flagship_panel_mmlu_pro_stem_seed42.jsonl:flagship_panel
MMLU-Pro,12181,2,2,0,0,True,False,lever_baseline_mmlu_pro_stem_seed42.jsonl:baseline_3.7max;lever_flagship_panel_mmlu_pro_stem_seed42.jsonl:flagship_panel
MMLU-Pro,7964,2,2,0,0,True,False,lever_baseline_mmlu_pro_stem_seed42.jsonl:baseline_3.7max;lever_flagship_panel_mmlu_pro_stem_seed42.jsonl:flagship_panel
MMLU-Pro,3364,2,2,0,0,True,False,lever_baseline_mmlu_pro_stem_seed42.jsonl:baseline_3.7max;lever_flagship_panel_mmlu_pro_stem_seed42.jsonl:flagship_panel
MMLU-Pro,11384,2,2,0,0,True,False,lever_baseline_mmlu_pro_stem_seed42.jsonl:baseline_3.7max;lever_flagship_panel_mmlu_pro_stem_seed42.jsonl:flagship_panel
MMLU-Pro,3672,2,2,0,0,True,False,lever_baseline_mmlu_pro_stem_seed42.jsonl:baseline_3.7max;lever_flagship_panel_mmlu_pro_stem_seed42.jsonl:flagship_panel
MMLU-Pro,11899,2,2,0,0,True,False,lever_baseline_mmlu_pro_stem_seed42.jsonl:baseline_3.7max;lever_flagship_panel_mmlu_pro_stem_seed42.jsonl:flagship_panel
MMLU-Pro,7804,2,2,0,0,True,False,lever_baseline_mmlu_pro_stem_seed42.jsonl:baseline_3.7max;lever_flagship_panel_mmlu_pro_stem_seed42.jsonl:flagship_panel
MMLU-Pro,10689,2,2,0,0,True,False,lever_baseline_mmlu_pro_stem_seed42.jsonl:baseline_3.7max;lever_flagship_panel_mmlu_pro_stem_seed42.jsonl:flagship_panel
MMLU-Pro,8955,2,0,2,1,True,True,lever_baseline_mmlu_pro_stem_seed42.jsonl:baseline_3.7max;lever_flagship_panel_mmlu_pro_stem_seed42.jsonl:flagship_panel
MMLU-Pro,8638,2,2,0,0,True,False,lever_baseline_mmlu_pro_stem_seed42.jsonl:baseline_3.7max;lever_flagship_panel_mmlu_pro_stem_seed42.jsonl:flagship_panel
GPQA-Diamond,rec1zl5LvaatzGhFt,15,15,0,0,True,False,lever_baseline_seed123.jsonl:baseline_3.7max;lever_baseline_seed7.jsonl:baseline_3.7max;lever_chem_flagship_gate_gpqa_seed777.jsonl:chem_flagship_gate;lever_combined_seed7.jsonl:combined;lever_control_seed7.jsonl:control;lever_control_seed7_replicate.jsonl:control;lever_flagship_panel_seed7.jsonl:flagship_panel;lever_smart_gate_seed123.jsonl:smart_gate;lever_subject_seed7.jsonl:subject;lever_thinking_all_seed7.jsonl:thinking_all;lever_thinking_gate_seed123.jsonl:thinking_gate;lever_thinking_gate_seed7.jsonl:thinking_gate;lever_thinking_seed7.jsonl:thinking;lever_universal_gate_gpqa_seed3407.jsonl:universal_gate;TB1_flagship1x_gpqa_seed3407.jsonl:baseline_3.7max
GPQA-Diamond,recJpyGtGIsxulevT,3,3,0,0,True,False,lever_baseline_seed123.jsonl:baseline_3.7max;lever_smart_gate_seed123.jsonl:smart_gate;lever_thinking_gate_seed123.jsonl:thinking_gate
GPQA-Diamond,recWzUUYBN0NuXO2k,5,5,0,0,True,False,lever_baseline_seed123.jsonl:baseline_3.7max;lever_smart_gate_seed123.jsonl:smart_gate;lever_thinking_gate_seed123.jsonl:thinking_gate;lever_universal_gate_gpqa_seed3407.jsonl:universal_gate;TB1_flagship1x_gpqa_seed3407.jsonl:baseline_3.7max
GPQA-Diamond,recYt8xx80OTyDsL0,15,15,0,0,True,False,lever_baseline_seed7.jsonl:baseline_3.7max;lever_chem_flagship_gate_gpqa_seed777.jsonl:chem_flagship_gate;lever_chem_flagship_gate_seed555.jsonl:chem_flagship_gate;lever_combined_seed7.jsonl:combined;lever_control_seed7.jsonl:control;lever_control_seed7_replicate.jsonl:control;lever_flagship_panel_seed7.jsonl:flagship_panel;lever_subject_seed7.jsonl:subject;lever_thinking_all_seed7.jsonl:thinking_all;lever_thinking_gate_seed7.jsonl:thinking_gate;lever_thinking_seed7.jsonl:thinking;lever_universal_gate_gpqa_seed1001.jsonl:universal_gate;lever_universal_gate_gpqa_seed3407.jsonl:universal_gate;TB1_flagship1x_gpqa_seed1001.jsonl:baseline_3.7max;TB1_flagship1x_gpqa_seed3407.jsonl:baseline_3.7max
GPQA-Diamond,recmwwQJnx7ll7bqL,13,13,0,0,True,False,lever_baseline_seed7.jsonl:baseline_3.7max;lever_combined_seed7.jsonl:combined;lever_control_seed7.jsonl:control;lever_control_seed7_replicate.jsonl:control;lever_flagship_panel_seed7.jsonl:flagship_panel;lever_subject_seed7.jsonl:subject;lever_thinking_all_seed7.jsonl:thinking_all;lever_thinking_gate_seed7.jsonl:thinking_gate;lever_thinking_seed7.jsonl:thinking;lever_universal_gate_gpqa_seed1001.jsonl:universal_gate;lever_universal_gate_gpqa_seed3407.jsonl:universal_gate;TB1_flagship1x_gpqa_seed1001.jsonl:baseline_3.7max;TB1_flagship1x_gpqa_seed3407.jsonl:baseline_3.7max
GPQA-Diamond,recYOzCsevNz61Lyn,10,10,0,0,True,False,lever_baseline_seed7.jsonl:baseline_3.7max;lever_chem_flagship_gate_gpqa_seed888.jsonl:chem_flagship_gate;lever_combined_seed7.jsonl:combined;lever_control_seed7.jsonl:control;lever_control_seed7_replicate.jsonl:control;lever_flagship_panel_seed7.jsonl:flagship_panel;lever_subject_seed7.jsonl:subject;lever_thinking_all_seed7.jsonl:thinking_all;lever_thinking_gate_seed7.jsonl:thinking_gate;lever_thinking_seed7.jsonl:thinking
GPQA-Diamond,reccVBrYdwsB84fGy,12,10,2,1,False,False,lever_baseline_seed7.jsonl:baseline_3.7max;lever_chem_flagship_gate_seed555.jsonl:chem_flagship_gate;lever_combined_seed7.jsonl:combined;lever_control_seed7.jsonl:control;lever_control_seed7_replicate.jsonl:control;lever_flagship_panel_seed7.jsonl:flagship_panel;lever_subject_seed7.jsonl:subject;lever_thinking_all_seed7.jsonl:thinking_all;lever_thinking_gate_seed7.jsonl:thinking_gate;lever_thinking_seed7.jsonl:thinking;lever_universal_gate_gpqa_seed3407.jsonl:universal_gate;TB1_flagship1x_gpqa_seed3407.jsonl:baseline_3.7max
GPQA-Diamond,recWxGU8Q4YReJ1tb,12,6,6,2,False,False,lever_baseline_seed7.jsonl:baseline_3.7max;lever_chem_flagship_gate_gpqa_seed888.jsonl:chem_flagship_gate;lever_combined_seed7.jsonl:combined;lever_control_seed7.jsonl:control;lever_control_seed7_replicate.jsonl:control;lever_flagship_panel_seed7.jsonl:flagship_panel;lever_subject_seed7.jsonl:subject;lever_thinking_all_seed7.jsonl:thinking_all;lever_thinking_gate_seed7.jsonl:thinking_gate;lever_thinking_seed7.jsonl:thinking;lever_universal_gate_gpqa_seed1001.jsonl:universal_gate;TB1_flagship1x_gpqa_seed1001.jsonl:baseline_3.7max
GPQA-Diamond,recUc29lMDBEvurYo,12,12,0,0,True,False,lever_baseline_seed7.jsonl:baseline_3.7max;lever_chem_flagship_gate_gpqa_seed777.jsonl:chem_flagship_gate;lever_combined_seed7.jsonl:combined;lever_control_seed7.jsonl:control;lever_control_seed7_replicate.jsonl:control;lever_flagship_panel_seed7.jsonl:flagship_panel;lever_subject_seed7.jsonl:subject;lever_thinking_all_seed7.jsonl:thinking_all;lever_thinking_gate_seed7.jsonl:thinking_gate;lever_thinking_seed7.jsonl:thinking;lever_universal_gate_gpqa_seed3407.jsonl:universal_gate;TB1_flagship1x_gpqa_seed3407.jsonl:baseline_3.7max
GPQA-Diamond,recKv4hFyNpViUXnL,12,12,0,0,True,False,lever_baseline_seed7.jsonl:baseline_3.7max;lever_chem_flagship_gate_seed555.jsonl:chem_flagship_gate;lever_combined_seed7.jsonl:combined;lever_control_seed7.jsonl:control;lever_control_seed7_replicate.jsonl:control;lever_flagship_panel_seed7.jsonl:flagship_panel;lever_subject_seed7.jsonl:subject;lever_thinking_all_seed7.jsonl:thinking_all;lever_thinking_gate_seed7.jsonl:thinking_gate;lever_thinking_seed7.jsonl:thinking;lever_universal_gate_gpqa_seed3407.jsonl:universal_gate;TB1_flagship1x_gpqa_seed3407.jsonl:baseline_3.7max
SuperGPQA-hard,afe0ed4d48c54836b7c7290a88c48c6a,6,4,2,2,False,False,lever_baseline_supergpqa_seed123.jsonl:baseline_3.7max;lever_control_supergpqa_seed123.jsonl:control;lever_flagship_panel_supergpqa_seed123.jsonl:flagship_panel;lever_rag_presolve_supergpqa_seed123.jsonl:rag_presolve;META2_control_supergpqa_seed909.jsonl:control;META2_permuted_panel_supergpqa_seed909.jsonl:permuted_panel
SuperGPQA-hard,1d20f67dc3f848e791ee5d1ea58acba2,3,2,1,1,False,False,lever_baseline_supergpqa_seed123.jsonl:baseline_3.7max;lever_control_supergpqa_seed123.jsonl:control;lever_rag_presolve_supergpqa_seed123.jsonl:rag_presolve
SuperGPQA-hard,4e8a3894e41f4ca291c7b9d40a6bbe41,10,1,9,2,False,True,lever_baseline_supergpqa_seed42.jsonl:baseline_3.7max;lever_qwen38_panel_supergpqa_seed42.jsonl:qwen38_panel;lever_rag_presolve_supergpqa_seed42.jsonl:rag_presolve;lever_rag_recursive_supergpqa_seed42.jsonl:rag_recursive;moo_m1_eval.jsonl:moo:standard-tribunal;moo_m1_eval.jsonl:moo:thinking_gate;moo_m1_eval.jsonl:moo:stem-max;moo_m1_eval.jsonl:moo:rag_presolve;moo_m1_eval.jsonl:moo:rag_thinking_gate;moo_m1_eval.jsonl:moo:single-call
SuperGPQA-hard,1b5146ef461741a1a68490564550fce3,3,3,0,0,True,False,lever_baseline_supergpqa_seed42.jsonl:baseline_3.7max;lever_rag_presolve_supergpqa_seed42.jsonl:rag_presolve;lever_rag_recursive_supergpqa_seed42.jsonl:rag_recursive
SuperGPQA-hard,14e7a5802c464cfc9e28aafee9fdfd42,5,2,3,1,False,True,lever_baseline_supergpqa_seed42.jsonl:baseline_3.7max;lever_rag_presolve_supergpqa_seed42.jsonl:rag_presolve;lever_rag_recursive_supergpqa_seed42.jsonl:rag_recursive;supergpqa_hard_pilot_seed42.jsonl:baseline_3.7max;supergpqa_hard_pilot_seed42.jsonl:shipped_engine(pilot)
SuperGPQA-hard,b4824b77747748cf8486b9e948899ef8,7,7,0,0,True,False,lever_baseline_supergpqa_seed42.jsonl:baseline_3.7max;lever_flagship_panel_supergpqa_seed42.jsonl:flagship_panel;lever_qwen38_panel_supergpqa_seed42.jsonl:qwen38_panel;lever_rag_presolve_supergpqa_seed42.jsonl:rag_presolve;lever_rag_recursive_supergpqa_seed42.jsonl:rag_recursive;supergpqa_hard_pilot_seed42.jsonl:baseline_3.7max;supergpqa_hard_pilot_seed42.jsonl:shipped_engine(pilot)
SuperGPQA-hard,749c18edf45840fca90d356bbed0fe5b,4,2,2,1,False,False,lever_baseline_supergpqa_seed7.jsonl:baseline_3.7max;lever_control_supergpqa_seed7.jsonl:control;lever_rag_presolve_supergpqa_seed7.jsonl:rag_presolve;TB1B_universal_gate_supergpqa_seed7.jsonl:universal_gate
SuperGPQA-hard,5d4e9507100c48c89db59015820c6059,5,5,0,0,True,False,lever_baseline_supergpqa_seed7.jsonl:baseline_3.7max;lever_control_supergpqa_seed7.jsonl:control;lever_flagship_panel_supergpqa_seed7.jsonl:flagship_panel;lever_rag_presolve_supergpqa_seed7.jsonl:rag_presolve;TB1B_universal_gate_supergpqa_seed7.jsonl:universal_gate
SuperGPQA-hard,2499f7cec22b4bda8f96d061a1fae7af,4,4,0,0,True,False,lever_baseline_supergpqa_seed7.jsonl:baseline_3.7max;lever_control_supergpqa_seed7.jsonl:control;lever_flagship_panel_supergpqa_seed7.jsonl:flagship_panel;TB1B_universal_gate_supergpqa_seed7.jsonl:universal_gate
SuperGPQA-hard,620f491d9a9542fca57a62d2799d97a6,5,4,1,1,False,False,lever_baseline_supergpqa_seed7.jsonl:baseline_3.7max;lever_control_supergpqa_seed7.jsonl:control;lever_flagship_panel_supergpqa_seed7.jsonl:flagship_panel;lever_rag_presolve_supergpqa_seed7.jsonl:rag_presolve;TB1B_universal_gate_supergpqa_seed7.jsonl:universal_gate
GPQA-Diamond,recZdZxsN0AxDx0pB,5,3,2,1,False,False,lever_chem_flagship_gate_gpqa_seed777.jsonl:chem_flagship_gate;lever_chem_flagship_gate_gpqa_seed888.jsonl:chem_flagship_gate;lever_chem_flagship_gate_seed555.jsonl:chem_flagship_gate;lever_universal_gate_gpqa_seed3407.jsonl:universal_gate;TB1_flagship1x_gpqa_seed3407.jsonl:baseline_3.7max
GPQA-Diamond,recOYsaYs6RmtlTDy,3,3,0,0,True,False,lever_chem_flagship_gate_gpqa_seed777.jsonl:chem_flagship_gate;lever_chem_flagship_gate_gpqa_seed888.jsonl:chem_flagship_gate;lever_chem_flagship_gate_seed555.jsonl:chem_flagship_gate
GPQA-Diamond,recuyeuT5rQ6qDt8F,3,0,3,1,True,True,lever_chem_thinking_gate_gpqa_seed471.jsonl:chem_thinking_gate;lever_universal_gate_gpqa_seed1001.jsonl:universal_gate;lever_universal_gate_gpqa_seed3407.jsonl:universal_gate
LEXam,09a2eebe-6c96-4f10-bc76-689eec854b43,5,5,0,0,True,False,lever_control_lexam_seed42.jsonl:control;lever_rag_recursive_lexam_seed42.jsonl:rag_recursive;lever_thinking_gate_lexam_seed42.jsonl:thinking_gate;lexam_pilot_seed42.jsonl:baseline_3.7max;lexam_pilot_seed42.jsonl:shipped_engine(pilot)
LEXam,b9785176-6859-42c9-829d-0312609916ae,5,5,0,0,True,False,lever_control_lexam_seed42.jsonl:control;lever_rag_recursive_lexam_seed42.jsonl:rag_recursive;lever_thinking_gate_lexam_seed42.jsonl:thinking_gate;lexam_pilot_seed42.jsonl:baseline_3.7max;lexam_pilot_seed42.jsonl:shipped_engine(pilot)
LEXam,736a05d4-da8a-4177-8bd9-03d4257ff68f,5,3,2,1,False,False,lever_control_lexam_seed42.jsonl:control;lever_rag_recursive_lexam_seed42.jsonl:rag_recursive;lever_thinking_gate_lexam_seed42.jsonl:thinking_gate;lexam_pilot_seed42.jsonl:baseline_3.7max;lexam_pilot_seed42.jsonl:shipped_engine(pilot)
LEXam,53bbecbc-ef12-4b60-9645-04015eeaa4ae,5,5,0,0,True,False,lever_control_lexam_seed42.jsonl:control;lever_rag_recursive_lexam_seed42.jsonl:rag_recursive;lever_thinking_gate_lexam_seed42.jsonl:thinking_gate;lexam_pilot_seed42.jsonl:baseline_3.7max;lexam_pilot_seed42.jsonl:shipped_engine(pilot)
LEXam,866f89e9-c8fd-4bef-bf85-e92a7b992cf7,5,5,0,0,True,False,lever_control_lexam_seed42.jsonl:control;lever_rag_recursive_lexam_seed42.jsonl:rag_recursive;lever_thinking_gate_lexam_seed42.jsonl:thinking_gate;lexam_pilot_seed42.jsonl:baseline_3.7max;lexam_pilot_seed42.jsonl:shipped_engine(pilot)
LEXam,8afbc6d1-fa2b-4e02-a0f3-af802c5320c3,5,5,0,0,True,False,lever_control_lexam_seed42.jsonl:control;lever_rag_recursive_lexam_seed42.jsonl:rag_recursive;lever_thinking_gate_lexam_seed42.jsonl:thinking_gate;lexam_pilot_seed42.jsonl:baseline_3.7max;lexam_pilot_seed42.jsonl:shipped_engine(pilot)
LEXam,f1bdfe14-a0bc-496c-b9ea-49ed1d6d03df,5,0,5,1,True,True,lever_control_lexam_seed42.jsonl:control;lever_rag_recursive_lexam_seed42.jsonl:rag_recursive;lever_thinking_gate_lexam_seed42.jsonl:thinking_gate;lexam_pilot_seed42.jsonl:baseline_3.7max;lexam_pilot_seed42.jsonl:shipped_engine(pilot)
LEXam,26263099-799d-4319-baac-3acf978c7c0a,5,5,0,0,True,False,lever_control_lexam_seed42.jsonl:control;lever_rag_recursive_lexam_seed42.jsonl:rag_recursive;lever_thinking_gate_lexam_seed42.jsonl:thinking_gate;lexam_pilot_seed42.jsonl:baseline_3.7max;lexam_pilot_seed42.jsonl:shipped_engine(pilot)
LEXam,e7273a6a-d416-452a-9b8c-6998c58fced2,5,4,1,1,False,False,lever_control_lexam_seed42.jsonl:control;lever_rag_recursive_lexam_seed42.jsonl:rag_recursive;lever_thinking_gate_lexam_seed42.jsonl:thinking_gate;lexam_pilot_seed42.jsonl:baseline_3.7max;lexam_pilot_seed42.jsonl:shipped_engine(pilot)
LEXam,d60d8887-e23a-4219-be7a-f1f29c281c53,5,2,3,1,False,True,lever_control_lexam_seed42.jsonl:control;lever_rag_recursive_lexam_seed42.jsonl:rag_recursive;lever_thinking_gate_lexam_seed42.jsonl:thinking_gate;lexam_pilot_seed42.jsonl:baseline_3.7max;lexam_pilot_seed42.jsonl:shipped_engine(pilot)
LEXam,842abce3-39e3-43a5-8730-a4318fd1c3f1,5,5,0,0,True,False,lever_control_lexam_seed42.jsonl:control;lever_rag_recursive_lexam_seed42.jsonl:rag_recursive;lever_thinking_gate_lexam_seed42.jsonl:thinking_gate;lexam_pilot_seed42.jsonl:baseline_3.7max;lexam_pilot_seed42.jsonl:shipped_engine(pilot)
LEXam,0ad0edf4-dc5f-40a3-9ec3-ae70daaa271e,5,5,0,0,True,False,lever_control_lexam_seed42.jsonl:control;lever_rag_recursive_lexam_seed42.jsonl:rag_recursive;lever_thinking_gate_lexam_seed42.jsonl:thinking_gate;lexam_pilot_seed42.jsonl:baseline_3.7max;lexam_pilot_seed42.jsonl:shipped_engine(pilot)
LEXam,38783200-42e6-465a-98b8-410a27eb4f56,5,1,4,2,False,True,lever_control_lexam_seed42.jsonl:control;lever_rag_recursive_lexam_seed42.jsonl:rag_recursive;lever_thinking_gate_lexam_seed42.jsonl:thinking_gate;lexam_pilot_seed42.jsonl:baseline_3.7max;lexam_pilot_seed42.jsonl:shipped_engine(pilot)
LEXam,8f4ae013-cbd7-4563-9d97-26686b88ea14,5,3,2,1,False,False,lever_control_lexam_seed42.jsonl:control;lever_rag_recursive_lexam_seed42.jsonl:rag_recursive;lever_thinking_gate_lexam_seed42.jsonl:thinking_gate;lexam_pilot_seed42.jsonl:baseline_3.7max;lexam_pilot_seed42.jsonl:shipped_engine(pilot)
LEXam,2f078222-29e9-47ce-b441-66921b51b3e7,5,1,4,1,False,True,lever_control_lexam_seed42.jsonl:control;lever_rag_recursive_lexam_seed42.jsonl:rag_recursive;lever_thinking_gate_lexam_seed42.jsonl:thinking_gate;lexam_pilot_seed42.jsonl:baseline_3.7max;lexam_pilot_seed42.jsonl:shipped_engine(pilot)
LEXam,ee9c501e-8d41-49d3-85bc-a4a1e8f6a57c,5,5,0,0,True,False,lever_control_lexam_seed42.jsonl:control;lever_rag_recursive_lexam_seed42.jsonl:rag_recursive;lever_thinking_gate_lexam_seed42.jsonl:thinking_gate;lexam_pilot_seed42.jsonl:baseline_3.7max;lexam_pilot_seed42.jsonl:shipped_engine(pilot)
LEXam,2cdd4813-3450-4626-8aca-773dfea1f607,5,3,2,1,False,False,lever_control_lexam_seed42.jsonl:control;lever_rag_recursive_lexam_seed42.jsonl:rag_recursive;lever_thinking_gate_lexam_seed42.jsonl:thinking_gate;lexam_pilot_seed42.jsonl:baseline_3.7max;lexam_pilot_seed42.jsonl:shipped_engine(pilot)
LEXam,6500b177-e1e0-47f7-b550-8224fba100cf,5,5,0,0,True,False,lever_control_lexam_seed42.jsonl:control;lever_rag_recursive_lexam_seed42.jsonl:rag_recursive;lever_thinking_gate_lexam_seed42.jsonl:thinking_gate;lexam_pilot_seed42.jsonl:baseline_3.7max;lexam_pilot_seed42.jsonl:shipped_engine(pilot)
LEXam,b218966a-d22d-412b-b3d1-cffa3755872d,5,5,0,0,True,False,lever_control_lexam_seed42.jsonl:control;lever_rag_recursive_lexam_seed42.jsonl:rag_recursive;lever_thinking_gate_lexam_seed42.jsonl:thinking_gate;lexam_pilot_seed42.jsonl:baseline_3.7max;lexam_pilot_seed42.jsonl:shipped_engine(pilot)
LEXam,102d2e11-f391-44a7-b978-a3f83d882f74,5,0,5,2,False,True,lever_control_lexam_seed42.jsonl:control;lever_rag_recursive_lexam_seed42.jsonl:rag_recursive;lever_thinking_gate_lexam_seed42.jsonl:thinking_gate;lexam_pilot_seed42.jsonl:baseline_3.7max;lexam_pilot_seed42.jsonl:shipped_engine(pilot)
LEXam,1ac7dcee-1599-464e-949e-8464745c0177,5,2,3,1,False,True,lever_control_lexam_seed42.jsonl:control;lever_rag_recursive_lexam_seed42.jsonl:rag_recursive;lever_thinking_gate_lexam_seed42.jsonl:thinking_gate;lexam_pilot_seed42.jsonl:baseline_3.7max;lexam_pilot_seed42.jsonl:shipped_engine(pilot)
LEXam,b9948b7c-c704-456f-bd02-c1bdf8cc17ba,5,4,1,1,False,False,lever_control_lexam_seed42.jsonl:control;lever_rag_recursive_lexam_seed42.jsonl:rag_recursive;lever_thinking_gate_lexam_seed42.jsonl:thinking_gate;lexam_pilot_seed42.jsonl:baseline_3.7max;lexam_pilot_seed42.jsonl:shipped_engine(pilot)
LEXam,5515aed1-568b-4a32-ac6d-8a41c70f878e,5,5,0,0,True,False,lever_control_lexam_seed42.jsonl:control;lever_rag_recursive_lexam_seed42.jsonl:rag_recursive;lever_thinking_gate_lexam_seed42.jsonl:thinking_gate;lexam_pilot_seed42.jsonl:baseline_3.7max;lexam_pilot_seed42.jsonl:shipped_engine(pilot)
LEXam,99c5edda-c827-4430-8f45-5d0cb7412e4c,5,5,0,0,True,False,lever_control_lexam_seed42.jsonl:control;lever_rag_recursive_lexam_seed42.jsonl:rag_recursive;lever_thinking_gate_lexam_seed42.jsonl:thinking_gate;lexam_pilot_seed42.jsonl:baseline_3.7max;lexam_pilot_seed42.jsonl:shipped_engine(pilot)
LEXam,ca114601-0baa-4ada-8b10-26d0ece00f7e,5,4,1,1,False,False,lever_control_lexam_seed42.jsonl:control;lever_rag_recursive_lexam_seed42.jsonl:rag_recursive;lever_thinking_gate_lexam_seed42.jsonl:thinking_gate;lexam_pilot_seed42.jsonl:baseline_3.7max;lexam_pilot_seed42.jsonl:shipped_engine(pilot)
LEXam,e2d75efc-b65e-40d1-9fa7-e47d05b2653d,5,5,0,0,True,False,lever_control_lexam_seed42.jsonl:control;lever_rag_recursive_lexam_seed42.jsonl:rag_recursive;lever_thinking_gate_lexam_seed42.jsonl:thinking_gate;lexam_pilot_seed42.jsonl:baseline_3.7max;lexam_pilot_seed42.jsonl:shipped_engine(pilot)
LEXam,e1440aa0-1770-4750-8c8e-69cb5dae0df7,5,5,0,0,True,False,lever_control_lexam_seed42.jsonl:control;lever_rag_recursive_lexam_seed42.jsonl:rag_recursive;lever_thinking_gate_lexam_seed42.jsonl:thinking_gate;lexam_pilot_seed42.jsonl:baseline_3.7max;lexam_pilot_seed42.jsonl:shipped_engine(pilot)
LEXam,a58581c7-2ffe-412b-819c-9938459733b1,5,5,0,0,True,False,lever_control_lexam_seed42.jsonl:control;lever_rag_recursive_lexam_seed42.jsonl:rag_recursive;lever_thinking_gate_lexam_seed42.jsonl:thinking_gate;lexam_pilot_seed42.jsonl:baseline_3.7max;lexam_pilot_seed42.jsonl:shipped_engine(pilot)
LEXam,7d1ed894-dea7-4d33-88b9-efccb20333a4,5,5,0,0,True,False,lever_control_lexam_seed42.jsonl:control;lever_rag_recursive_lexam_seed42.jsonl:rag_recursive;lever_thinking_gate_lexam_seed42.jsonl:thinking_gate;lexam_pilot_seed42.jsonl:baseline_3.7max;lexam_pilot_seed42.jsonl:shipped_engine(pilot)
LEXam,e4f77fd4-cd04-4b47-821c-9c969dfc1f80,5,5,0,0,True,False,lever_control_lexam_seed42.jsonl:control;lever_rag_recursive_lexam_seed42.jsonl:rag_recursive;lever_thinking_gate_lexam_seed42.jsonl:thinking_gate;lexam_pilot_seed42.jsonl:baseline_3.7max;lexam_pilot_seed42.jsonl:shipped_engine(pilot)
LEXam,a32c143b-f4e0-4c32-9f06-cf4cbf9579b6,5,5,0,0,True,False,lever_control_lexam_seed42.jsonl:control;lever_rag_recursive_lexam_seed42.jsonl:rag_recursive;lever_thinking_gate_lexam_seed42.jsonl:thinking_gate;lexam_pilot_seed42.jsonl:baseline_3.7max;lexam_pilot_seed42.jsonl:shipped_engine(pilot)
LEXam,045fd390-346e-4d5a-a82c-5c620a53d207,5,5,0,0,True,False,lever_control_lexam_seed42.jsonl:control;lever_rag_recursive_lexam_seed42.jsonl:rag_recursive;lever_thinking_gate_lexam_seed42.jsonl:thinking_gate;lexam_pilot_seed42.jsonl:baseline_3.7max;lexam_pilot_seed42.jsonl:shipped_engine(pilot)
LEXam,7d9a3bb7-c8cf-4a4f-a502-b0c8ea44eef6,5,5,0,0,True,False,lever_control_lexam_seed42.jsonl:control;lever_rag_recursive_lexam_seed42.jsonl:rag_recursive;lever_thinking_gate_lexam_seed42.jsonl:thinking_gate;lexam_pilot_seed42.jsonl:baseline_3.7max;lexam_pilot_seed42.jsonl:shipped_engine(pilot)
LEXam,430dc3d6-009b-4da6-8eba-a01f1c58589c,5,5,0,0,True,False,lever_control_lexam_seed42.jsonl:control;lever_rag_recursive_lexam_seed42.jsonl:rag_recursive;lever_thinking_gate_lexam_seed42.jsonl:thinking_gate;lexam_pilot_seed42.jsonl:baseline_3.7max;lexam_pilot_seed42.jsonl:shipped_engine(pilot)
LEXam,1aa2d158-1f58-4671-ba73-78b7f64d04d3,5,0,5,2,False,True,lever_control_lexam_seed42.jsonl:control;lever_rag_recursive_lexam_seed42.jsonl:rag_recursive;lever_thinking_gate_lexam_seed42.jsonl:thinking_gate;lexam_pilot_seed42.jsonl:baseline_3.7max;lexam_pilot_seed42.jsonl:shipped_engine(pilot)
LEXam,568814d7-2e54-41ab-ac2c-c14f7e17f054,5,5,0,0,True,False,lever_control_lexam_seed42.jsonl:control;lever_rag_recursive_lexam_seed42.jsonl:rag_recursive;lever_thinking_gate_lexam_seed42.jsonl:thinking_gate;lexam_pilot_seed42.jsonl:baseline_3.7max;lexam_pilot_seed42.jsonl:shipped_engine(pilot)
LEXam,e7ce2112-cb65-469b-a6ae-fe9b49ebc8f9,5,4,1,1,False,False,lever_control_lexam_seed42.jsonl:control;lever_rag_recursive_lexam_seed42.jsonl:rag_recursive;lever_thinking_gate_lexam_seed42.jsonl:thinking_gate;lexam_pilot_seed42.jsonl:baseline_3.7max;lexam_pilot_seed42.jsonl:shipped_engine(pilot)
LEXam,4eadfed1-062d-441f-b86f-a3407bc282e7,5,5,0,0,True,False,lever_control_lexam_seed42.jsonl:control;lever_rag_recursive_lexam_seed42.jsonl:rag_recursive;lever_thinking_gate_lexam_seed42.jsonl:thinking_gate;lexam_pilot_seed42.jsonl:baseline_3.7max;lexam_pilot_seed42.jsonl:shipped_engine(pilot)
LEXam,bffa4b3e-2917-424e-a915-9b277f58f54e,5,2,3,1,False,True,lever_control_lexam_seed42.jsonl:control;lever_rag_recursive_lexam_seed42.jsonl:rag_recursive;lever_thinking_gate_lexam_seed42.jsonl:thinking_gate;lexam_pilot_seed42.jsonl:baseline_3.7max;lexam_pilot_seed42.jsonl:shipped_engine(pilot)
LEXam,b766bab3-7116-42ee-853e-2eb3f01c0c15,5,1,4,1,False,True,lever_control_lexam_seed42.jsonl:control;lever_rag_recursive_lexam_seed42.jsonl:rag_recursive;lever_thinking_gate_lexam_seed42.jsonl:thinking_gate;lexam_pilot_seed42.jsonl:baseline_3.7max;lexam_pilot_seed42.jsonl:shipped_engine(pilot)
LEXam,79b8e5fe-3c1c-434e-8ab4-3f7c6ea87e32,5,5,0,0,True,False,lever_control_lexam_seed42.jsonl:control;lever_rag_recursive_lexam_seed42.jsonl:rag_recursive;lever_thinking_gate_lexam_seed42.jsonl:thinking_gate;lexam_pilot_seed42.jsonl:baseline_3.7max;lexam_pilot_seed42.jsonl:shipped_engine(pilot)
LEXam,02d7f932-337e-4f51-b72b-a3054d726c48,5,5,0,0,True,False,lever_control_lexam_seed42.jsonl:control;lever_rag_recursive_lexam_seed42.jsonl:rag_recursive;lever_thinking_gate_lexam_seed42.jsonl:thinking_gate;lexam_pilot_seed42.jsonl:baseline_3.7max;lexam_pilot_seed42.jsonl:shipped_engine(pilot)
LEXam,53e67d91-df72-4136-b78c-4be1b900eaae,5,1,4,1,False,True,lever_control_lexam_seed42.jsonl:control;lever_rag_recursive_lexam_seed42.jsonl:rag_recursive;lever_thinking_gate_lexam_seed42.jsonl:thinking_gate;lexam_pilot_seed42.jsonl:baseline_3.7max;lexam_pilot_seed42.jsonl:shipped_engine(pilot)
LEXam,8449146d-90ee-4ee9-abe4-94e1beaa0ac2,5,2,3,2,False,False,lever_control_lexam_seed42.jsonl:control;lever_rag_recursive_lexam_seed42.jsonl:rag_recursive;lever_thinking_gate_lexam_seed42.jsonl:thinking_gate;lexam_pilot_seed42.jsonl:baseline_3.7max;lexam_pilot_seed42.jsonl:shipped_engine(pilot)
LEXam,658ad4b8-1fb2-4ddf-be33-75064c459692,5,5,0,0,True,False,lever_control_lexam_seed42.jsonl:control;lever_rag_recursive_lexam_seed42.jsonl:rag_recursive;lever_thinking_gate_lexam_seed42.jsonl:thinking_gate;lexam_pilot_seed42.jsonl:baseline_3.7max;lexam_pilot_seed42.jsonl:shipped_engine(pilot)
LEXam,9abc219b-82f3-4c7c-91d7-653ae4960d02,5,5,0,0,True,False,lever_control_lexam_seed42.jsonl:control;lever_rag_recursive_lexam_seed42.jsonl:rag_recursive;lever_thinking_gate_lexam_seed42.jsonl:thinking_gate;lexam_pilot_seed42.jsonl:baseline_3.7max;lexam_pilot_seed42.jsonl:shipped_engine(pilot)
LEXam,c72132c6-8bcb-4d4c-9d5b-2acbd0cd42e8,5,5,0,0,True,False,lever_control_lexam_seed42.jsonl:control;lever_rag_recursive_lexam_seed42.jsonl:rag_recursive;lever_thinking_gate_lexam_seed42.jsonl:thinking_gate;lexam_pilot_seed42.jsonl:baseline_3.7max;lexam_pilot_seed42.jsonl:shipped_engine(pilot)
LEXam,70d58c55-71d9-400a-938a-d79bfa9856e0,5,0,5,1,True,True,lever_control_lexam_seed42.jsonl:control;lever_rag_recursive_lexam_seed42.jsonl:rag_recursive;lever_thinking_gate_lexam_seed42.jsonl:thinking_gate;lexam_pilot_seed42.jsonl:baseline_3.7max;lexam_pilot_seed42.jsonl:shipped_engine(pilot)
LEXam,5a6dba84-0a81-48a5-ab34-74049fde90df,2,1,1,1,False,True,lever_control_lexam_seed42.jsonl:control;lever_rag_recursive_lexam_seed42.jsonl:rag_recursive
LEXam,0e6fe784-81bc-454f-9d8c-f3c339fc5205,5,3,2,1,False,False,lever_control_lexam_seed42.jsonl:control;lever_rag_recursive_lexam_seed42.jsonl:rag_recursive;lever_thinking_gate_lexam_seed42.jsonl:thinking_gate;lexam_pilot_seed42.jsonl:baseline_3.7max;lexam_pilot_seed42.jsonl:shipped_engine(pilot)
LEXam,f14962d2-fa9c-436a-b283-daf4b770e9cf,5,5,0,0,True,False,lever_control_lexam_seed42.jsonl:control;lever_rag_recursive_lexam_seed42.jsonl:rag_recursive;lever_thinking_gate_lexam_seed42.jsonl:thinking_gate;lexam_pilot_seed42.jsonl:baseline_3.7max;lexam_pilot_seed42.jsonl:shipped_engine(pilot)
LEXam,087bd6d4-e66b-4e93-b4b0-eabd3000221a,2,2,0,0,True,False,lever_control_lexam_seed42.jsonl:control;lever_rag_recursive_lexam_seed42.jsonl:rag_recursive
LEXam,fec50c1a-a039-4132-a084-c36540d87d9b,2,2,0,0,True,False,lever_control_lexam_seed42.jsonl:control;lever_rag_recursive_lexam_seed42.jsonl:rag_recursive
LEXam,976c31fb-9a6c-4048-b82c-1103ca9359ae,2,2,0,0,True,False,lever_control_lexam_seed42.jsonl:control;lever_rag_recursive_lexam_seed42.jsonl:rag_recursive
LEXam,c26390d0-3935-4006-a24e-6dfaf39cef80,2,2,0,0,True,False,lever_control_lexam_seed42.jsonl:control;lever_rag_recursive_lexam_seed42.jsonl:rag_recursive
LEXam,b21b13ee-ceae-4883-949a-ca9b4f6c20e1,2,2,0,0,True,False,lever_control_lexam_seed42.jsonl:control;lever_rag_recursive_lexam_seed42.jsonl:rag_recursive
LEXam,85eef1a1-ec5c-4708-b96f-1c231cf70de6,2,2,0,0,True,False,lever_control_lexam_seed42.jsonl:control;lever_rag_recursive_lexam_seed42.jsonl:rag_recursive
LEXam,9975be1d-0c23-4dba-850f-b6e4319c3b4d,2,2,0,0,True,False,lever_control_lexam_seed42.jsonl:control;lever_rag_recursive_lexam_seed42.jsonl:rag_recursive
LEXam,ba413a41-1ebb-4c03-94e7-17e0445511d5,2,2,0,0,True,False,lever_control_lexam_seed42.jsonl:control;lever_rag_recursive_lexam_seed42.jsonl:rag_recursive
LEXam,4d0236c9-d3f2-4c60-8257-7225cddc1be6,2,2,0,0,True,False,lever_control_lexam_seed42.jsonl:control;lever_rag_recursive_lexam_seed42.jsonl:rag_recursive
LEXam,b4ead004-85e3-466a-b962-2aae328bcdb4,2,1,1,1,False,False,lever_control_lexam_seed42.jsonl:control;lever_rag_recursive_lexam_seed42.jsonl:rag_recursive
LEXam,de1c1c2a-bd46-4d81-b319-0fb93481797d,2,1,1,1,False,True,lever_control_lexam_seed42.jsonl:control;lever_rag_recursive_lexam_seed42.jsonl:rag_recursive
LEXam,8b9b4ae4-41fd-42d1-99e5-556b8e900d0d,2,2,0,0,True,False,lever_control_lexam_seed42.jsonl:control;lever_rag_recursive_lexam_seed42.jsonl:rag_recursive
LEXam,5c5b901c-f9f1-4c80-965b-1f9e0b39d3f6,2,2,0,0,True,False,lever_control_lexam_seed42.jsonl:control;lever_rag_recursive_lexam_seed42.jsonl:rag_recursive
LEXam,35e36767-b938-46f1-83db-ea9ad2a3ddc8,2,1,1,1,False,True,lever_control_lexam_seed42.jsonl:control;lever_rag_recursive_lexam_seed42.jsonl:rag_recursive
LEXam,7fe55c7a-82d0-4cca-8b51-455539312689,2,0,2,1,True,True,lever_control_lexam_seed42.jsonl:control;lever_rag_recursive_lexam_seed42.jsonl:rag_recursive
LEXam,3745876e-f1aa-45d4-95e7-515fd94bb067,2,2,0,0,True,False,lever_control_lexam_seed42.jsonl:control;lever_rag_recursive_lexam_seed42.jsonl:rag_recursive
LEXam,1f971333-c7a9-4e08-b7d5-ba53f5d2ab96,2,1,1,1,False,False,lever_control_lexam_seed42.jsonl:control;lever_rag_recursive_lexam_seed42.jsonl:rag_recursive
LEXam,c1b40f1a-b273-4ba1-9ec2-3f0e3665096b,2,2,0,0,True,False,lever_control_lexam_seed42.jsonl:control;lever_rag_recursive_lexam_seed42.jsonl:rag_recursive
LEXam,72d45659-9250-4a9f-9818-3dc1132eb878,2,0,2,1,True,True,lever_control_lexam_seed42.jsonl:control;lever_rag_recursive_lexam_seed42.jsonl:rag_recursive
LEXam,f56522b5-2e36-4188-ad2e-66e5c429cd9a,2,2,0,0,True,False,lever_control_lexam_seed42.jsonl:control;lever_rag_recursive_lexam_seed42.jsonl:rag_recursive
LEXam,00694d7e-6eb2-4f13-af22-1dc87d8194a5,2,2,0,0,True,False,lever_control_lexam_seed42.jsonl:control;lever_rag_recursive_lexam_seed42.jsonl:rag_recursive
LEXam,321d143a-8bc8-4403-a4a7-f7507c124281,2,2,0,0,True,False,lever_control_lexam_seed42.jsonl:control;lever_rag_recursive_lexam_seed42.jsonl:rag_recursive
LEXam,5dc69e0f-1ad8-4f6c-bc29-4c03eef68fbd,2,2,0,0,True,False,lever_control_lexam_seed42.jsonl:control;lever_rag_recursive_lexam_seed42.jsonl:rag_recursive
LEXam,398441e4-df09-4b8d-8d12-7a7bbfc317ef,2,2,0,0,True,False,lever_control_lexam_seed42.jsonl:control;lever_rag_recursive_lexam_seed42.jsonl:rag_recursive
LEXam,85f1cc1d-6881-4ce7-8706-1de83450e79a,2,2,0,0,True,False,lever_control_lexam_seed42.jsonl:control;lever_rag_recursive_lexam_seed42.jsonl:rag_recursive
LEXam,f8ec52b4-b134-48ae-9018-59c104a29796,2,1,1,1,False,True,lever_control_lexam_seed42.jsonl:control;lever_rag_recursive_lexam_seed42.jsonl:rag_recursive
LEXam,1701d694-bddc-4f42-9bb1-b376a7317ce9,2,2,0,0,True,False,lever_control_lexam_seed42.jsonl:control;lever_rag_recursive_lexam_seed42.jsonl:rag_recursive
LEXam,fcdfb402-3cd2-4483-922d-4b1a82d5ff55,2,0,2,1,True,True,lever_control_lexam_seed42.jsonl:control;lever_rag_recursive_lexam_seed42.jsonl:rag_recursive
LEXam,1ed14de1-4b52-423e-98d0-bb9027a17240,2,2,0,0,True,False,lever_control_lexam_seed42.jsonl:control;lever_rag_recursive_lexam_seed42.jsonl:rag_recursive
LEXam,3c051a4b-8387-4378-9c2c-b97e8113918e,2,2,0,0,True,False,lever_control_lexam_seed42.jsonl:control;lever_rag_recursive_lexam_seed42.jsonl:rag_recursive
LEXam,ed64e65a-1ddc-4b6e-ba99-59018a14383f,2,0,2,1,True,True,lever_control_lexam_seed42.jsonl:control;lever_rag_recursive_lexam_seed42.jsonl:rag_recursive
LEXam,9526a1f2-7704-4cb5-9d5f-bac3a623a495,2,2,0,0,True,False,lever_control_lexam_seed42.jsonl:control;lever_rag_recursive_lexam_seed42.jsonl:rag_recursive
LEXam,3c169f97-dc08-40a7-b647-79705eca9fe0,2,2,0,0,True,False,lever_control_lexam_seed42.jsonl:control;lever_rag_recursive_lexam_seed42.jsonl:rag_recursive
LEXam,7f312059-c871-4aae-9f44-9eb4fc8625a1,2,2,0,0,True,False,lever_control_lexam_seed42.jsonl:control;lever_rag_recursive_lexam_seed42.jsonl:rag_recursive
LEXam,2fd8b61d-1c5b-4a09-818c-2780c6d50921,2,2,0,0,True,False,lever_control_lexam_seed42.jsonl:control;lever_rag_recursive_lexam_seed42.jsonl:rag_recursive
LEXam,362a46c3-5a62-4fa8-815e-3212b38d5826,2,2,0,0,True,False,lever_control_lexam_seed42.jsonl:control;lever_rag_recursive_lexam_seed42.jsonl:rag_recursive
LEXam,e49934e7-16cc-455f-b5e7-efef5a34c270,2,1,1,1,False,False,lever_control_lexam_seed42.jsonl:control;lever_rag_recursive_lexam_seed42.jsonl:rag_recursive
LEXam,7020eae4-7abf-48e7-9074-d064e34d30c3,2,2,0,0,True,False,lever_control_lexam_seed42.jsonl:control;lever_rag_recursive_lexam_seed42.jsonl:rag_recursive
LEXam,7f1e923a-ba29-47c6-b42f-497cf1ae387d,2,2,0,0,True,False,lever_control_lexam_seed42.jsonl:control;lever_rag_recursive_lexam_seed42.jsonl:rag_recursive
SuperGPQA-hard,10189f626a71458193ceb74c22288670,5,4,1,1,False,False,lever_control_supergpqa_seed123.jsonl:control;lever_control_supergpqa_seed606.jsonl:control;lever_rag_presolve_supergpqa_seed123.jsonl:rag_presolve;lever_rag_presolve_supergpqa_seed606.jsonl:rag_presolve;lever_rag_thinking_gate_supergpqa_seed606.jsonl:rag_thinking_gate
SuperGPQA-hard,dff99ba339964cb9b6ab381b618355b5,2,1,1,1,False,True,lever_control_supergpqa_seed123.jsonl:control;lever_rag_presolve_supergpqa_seed123.jsonl:rag_presolve
SuperGPQA-hard,a6d224d814c74b14b05cbc915f94c318,2,1,1,1,False,True,lever_control_supergpqa_seed123.jsonl:control;lever_rag_presolve_supergpqa_seed123.jsonl:rag_presolve
SuperGPQA-hard,210b3664e51b43bbab0d4b1bfa4668d0,4,1,3,2,False,True,lever_control_supergpqa_seed123.jsonl:control;lever_rag_presolve_supergpqa_seed123.jsonl:rag_presolve;META2_control_supergpqa_seed909.jsonl:control;META2_permuted_panel_supergpqa_seed909.jsonl:permuted_panel
SuperGPQA-hard,c69b37c168c0442d8535be75e705658e,3,0,3,2,False,True,lever_control_supergpqa_seed271.jsonl:control;lever_rag_presolve_supergpqa_seed271.jsonl:rag_presolve;lever_rag_thinking_gate_supergpqa_seed271.jsonl:rag_thinking_gate
SuperGPQA-hard,8df1ce32bc37459a8e09994c1a69be1b,3,3,0,0,True,False,lever_control_supergpqa_seed271.jsonl:control;lever_rag_presolve_supergpqa_seed271.jsonl:rag_presolve;lever_rag_thinking_gate_supergpqa_seed271.jsonl:rag_thinking_gate
SuperGPQA-hard,6b1823e9cf1a408394028492a2543d2f,3,3,0,0,True,False,lever_control_supergpqa_seed271.jsonl:control;lever_rag_presolve_supergpqa_seed271.jsonl:rag_presolve;lever_rag_thinking_gate_supergpqa_seed271.jsonl:rag_thinking_gate
SuperGPQA-hard,ae3cc3ad3166484cbe83f9cd3b604761,3,3,0,0,True,False,lever_control_supergpqa_seed271.jsonl:control;lever_rag_presolve_supergpqa_seed271.jsonl:rag_presolve;lever_rag_thinking_gate_supergpqa_seed271.jsonl:rag_thinking_gate
SuperGPQA-hard,667bfe0ed4b9420cab5fdfd122909d26,3,1,2,1,False,True,lever_control_supergpqa_seed271.jsonl:control;lever_rag_presolve_supergpqa_seed271.jsonl:rag_presolve;lever_rag_thinking_gate_supergpqa_seed271.jsonl:rag_thinking_gate
SuperGPQA-hard,81bb88e7883d4fc7aae41299e7522a01,3,0,3,1,True,True,lever_control_supergpqa_seed271.jsonl:control;lever_rag_presolve_supergpqa_seed271.jsonl:rag_presolve;lever_rag_thinking_gate_supergpqa_seed271.jsonl:rag_thinking_gate
SuperGPQA-hard,62f9e0bfbb3e4ca7ac35c6968bbc1a96,3,1,2,1,False,True,lever_control_supergpqa_seed271.jsonl:control;lever_rag_presolve_supergpqa_seed271.jsonl:rag_presolve;lever_rag_thinking_gate_supergpqa_seed271.jsonl:rag_thinking_gate
SuperGPQA-hard,950df3915a04434eab77d8f4f0322b84,3,3,0,0,True,False,lever_control_supergpqa_seed271.jsonl:control;lever_rag_presolve_supergpqa_seed271.jsonl:rag_presolve;lever_rag_thinking_gate_supergpqa_seed271.jsonl:rag_thinking_gate
SuperGPQA-hard,d637308b16d4406f8d467e25c2b9ed4b,3,3,0,0,True,False,lever_control_supergpqa_seed271.jsonl:control;lever_rag_presolve_supergpqa_seed271.jsonl:rag_presolve;lever_rag_thinking_gate_supergpqa_seed271.jsonl:rag_thinking_gate
SuperGPQA-hard,d735b8507f654bb19440357d19395199,3,2,1,1,False,False,lever_control_supergpqa_seed271.jsonl:control;lever_rag_presolve_supergpqa_seed271.jsonl:rag_presolve;lever_rag_thinking_gate_supergpqa_seed271.jsonl:rag_thinking_gate
SuperGPQA-hard,5fcfe657cd5748408e39a90ef94ad757,5,3,2,1,False,False,lever_control_supergpqa_seed271.jsonl:control;lever_cycled_panel_supergpqa_seed19.jsonl:cycled_panel;lever_diversified_panel_supergpqa_seed19.jsonl:diversified_panel;lever_rag_presolve_supergpqa_seed271.jsonl:rag_presolve;lever_rag_thinking_gate_supergpqa_seed271.jsonl:rag_thinking_gate
SuperGPQA-hard,be091c3945a54db99326f44605f5aadf,3,0,3,2,False,True,lever_control_supergpqa_seed271.jsonl:control;lever_rag_presolve_supergpqa_seed271.jsonl:rag_presolve;lever_rag_thinking_gate_supergpqa_seed271.jsonl:rag_thinking_gate
SuperGPQA-hard,ba968b5d723c4e148fd8dd326314f7ad,3,1,2,1,False,True,lever_control_supergpqa_seed271.jsonl:control;lever_rag_presolve_supergpqa_seed271.jsonl:rag_presolve;lever_rag_thinking_gate_supergpqa_seed271.jsonl:rag_thinking_gate
SuperGPQA-hard,423099d02b5642939e9550ce9eca1f31,5,3,2,1,False,False,lever_control_supergpqa_seed271.jsonl:control;lever_rag_presolve_supergpqa_seed271.jsonl:rag_presolve;lever_rag_thinking_gate_supergpqa_seed271.jsonl:rag_thinking_gate;META2_control_supergpqa_seed909.jsonl:control;META2_permuted_panel_supergpqa_seed909.jsonl:permuted_panel
SuperGPQA-hard,9a21e0b2e2a94a3787d79b8b68b2fe5a,3,3,0,0,True,False,lever_control_supergpqa_seed271.jsonl:control;lever_rag_presolve_supergpqa_seed271.jsonl:rag_presolve;lever_rag_thinking_gate_supergpqa_seed271.jsonl:rag_thinking_gate
SuperGPQA-hard,700b8287d2af47898340c7c01fb3a354,3,3,0,0,True,False,lever_control_supergpqa_seed271.jsonl:control;lever_rag_presolve_supergpqa_seed271.jsonl:rag_presolve;lever_rag_thinking_gate_supergpqa_seed271.jsonl:rag_thinking_gate
SuperGPQA-hard,f9a33d8f93a746ec8c6431a2b6bce193,3,3,0,0,True,False,lever_control_supergpqa_seed271.jsonl:control;lever_rag_presolve_supergpqa_seed271.jsonl:rag_presolve;lever_rag_thinking_gate_supergpqa_seed271.jsonl:rag_thinking_gate
SuperGPQA-hard,0256b93a2457448cb7ca2c06fd7b66cd,3,2,1,1,False,False,lever_control_supergpqa_seed271.jsonl:control;lever_rag_presolve_supergpqa_seed271.jsonl:rag_presolve;lever_rag_thinking_gate_supergpqa_seed271.jsonl:rag_thinking_gate
SuperGPQA-hard,08a4102166144f5d922ce24ee38463d4,3,0,3,1,True,True,lever_control_supergpqa_seed271.jsonl:control;lever_rag_presolve_supergpqa_seed271.jsonl:rag_presolve;lever_rag_thinking_gate_supergpqa_seed271.jsonl:rag_thinking_gate
SuperGPQA-hard,8592bcd761ff42b0a42cfa99fb3e497c,5,3,2,2,False,False,lever_control_supergpqa_seed271.jsonl:control;lever_cycled_panel_supergpqa_seed19.jsonl:cycled_panel;lever_diversified_panel_supergpqa_seed19.jsonl:diversified_panel;lever_rag_presolve_supergpqa_seed271.jsonl:rag_presolve;lever_rag_thinking_gate_supergpqa_seed271.jsonl:rag_thinking_gate
SuperGPQA-hard,8e40cd53b45a4b15ac686b1de9f0c732,3,2,1,1,False,False,lever_control_supergpqa_seed271.jsonl:control;lever_rag_presolve_supergpqa_seed271.jsonl:rag_presolve;lever_rag_thinking_gate_supergpqa_seed271.jsonl:rag_thinking_gate
SuperGPQA-hard,f303c96caa884a1d83af52b6df8f2ae9,3,0,3,2,False,True,lever_control_supergpqa_seed271.jsonl:control;lever_rag_presolve_supergpqa_seed271.jsonl:rag_presolve;lever_rag_thinking_gate_supergpqa_seed271.jsonl:rag_thinking_gate
SuperGPQA-hard,0e971ef965cc4f0582b90c5b7b15e048,3,3,0,0,True,False,lever_control_supergpqa_seed271.jsonl:control;lever_rag_presolve_supergpqa_seed271.jsonl:rag_presolve;lever_rag_thinking_gate_supergpqa_seed271.jsonl:rag_thinking_gate
SuperGPQA-hard,dfe791a34609485cad4160cb7b7a9921,3,3,0,0,True,False,lever_control_supergpqa_seed271.jsonl:control;lever_rag_presolve_supergpqa_seed271.jsonl:rag_presolve;lever_rag_thinking_gate_supergpqa_seed271.jsonl:rag_thinking_gate
SuperGPQA-hard,0a6a29e816074835b6ac6886e3575da6,3,2,1,1,False,False,lever_control_supergpqa_seed271.jsonl:control;lever_rag_presolve_supergpqa_seed271.jsonl:rag_presolve;lever_rag_thinking_gate_supergpqa_seed271.jsonl:rag_thinking_gate
SuperGPQA-hard,3bb9bdcf2aae48e5a62161a1578a5df5,3,0,3,1,True,True,lever_control_supergpqa_seed271.jsonl:control;lever_rag_presolve_supergpqa_seed271.jsonl:rag_presolve;lever_rag_thinking_gate_supergpqa_seed271.jsonl:rag_thinking_gate
SuperGPQA-hard,cc07381e5bd4405fa179ca1b4f716345,3,2,1,1,False,False,lever_control_supergpqa_seed271.jsonl:control;lever_rag_presolve_supergpqa_seed271.jsonl:rag_presolve;lever_rag_thinking_gate_supergpqa_seed271.jsonl:rag_thinking_gate
SuperGPQA-hard,644f2d1d1e644326a8da88e2010deeff,3,2,1,1,False,False,lever_control_supergpqa_seed271.jsonl:control;lever_rag_presolve_supergpqa_seed271.jsonl:rag_presolve;lever_rag_thinking_gate_supergpqa_seed271.jsonl:rag_thinking_gate
SuperGPQA-hard,2c80ad52c2324c3ab0b78cbad3437367,3,2,1,1,False,False,lever_control_supergpqa_seed271.jsonl:control;lever_rag_presolve_supergpqa_seed271.jsonl:rag_presolve;lever_rag_thinking_gate_supergpqa_seed271.jsonl:rag_thinking_gate
SuperGPQA-hard,8152cb30d5e44cf5824639f5c1f87b68,3,3,0,0,True,False,lever_control_supergpqa_seed271.jsonl:control;lever_rag_presolve_supergpqa_seed271.jsonl:rag_presolve;lever_rag_thinking_gate_supergpqa_seed271.jsonl:rag_thinking_gate
SuperGPQA-hard,42c21a0221b74afebe151a545114e59f,3,3,0,0,True,False,lever_control_supergpqa_seed271.jsonl:control;lever_rag_presolve_supergpqa_seed271.jsonl:rag_presolve;lever_rag_thinking_gate_supergpqa_seed271.jsonl:rag_thinking_gate
SuperGPQA-hard,9cfa56aef69d4ca9b5801d28f2cd1e00,3,3,0,0,True,False,lever_control_supergpqa_seed271.jsonl:control;lever_rag_presolve_supergpqa_seed271.jsonl:rag_presolve;lever_rag_thinking_gate_supergpqa_seed271.jsonl:rag_thinking_gate
SuperGPQA-hard,664f513b52d340afbc7d6ecce20671f3,3,3,0,0,True,False,lever_control_supergpqa_seed271.jsonl:control;lever_rag_presolve_supergpqa_seed271.jsonl:rag_presolve;lever_rag_thinking_gate_supergpqa_seed271.jsonl:rag_thinking_gate
SuperGPQA-hard,86ad4780d9e843f7b8a98e208abf3a52,5,0,5,1,True,True,lever_control_supergpqa_seed271.jsonl:control;lever_rag_presolve_supergpqa_seed271.jsonl:rag_presolve;lever_rag_thinking_gate_supergpqa_seed271.jsonl:rag_thinking_gate;META2_control_supergpqa_seed909.jsonl:control;META2_permuted_panel_supergpqa_seed909.jsonl:permuted_panel
SuperGPQA-hard,e13b5563e1eb450d94962f013c3ae36a,5,1,4,1,False,True,lever_control_supergpqa_seed271.jsonl:control;lever_control_supergpqa_seed838.jsonl:control;lever_rag_presolve_supergpqa_seed271.jsonl:rag_presolve;lever_rag_thinking_gate_supergpqa_seed271.jsonl:rag_thinking_gate;lever_rag_thinking_gate_supergpqa_seed838.jsonl:rag_thinking_gate
SuperGPQA-hard,937463eca06f4d778540791c4e2da3b7,3,3,0,0,True,False,lever_control_supergpqa_seed271.jsonl:control;lever_rag_presolve_supergpqa_seed271.jsonl:rag_presolve;lever_rag_thinking_gate_supergpqa_seed271.jsonl:rag_thinking_gate
SuperGPQA-hard,c5bc0452236e47068ed4e570875ea4d2,3,3,0,0,True,False,lever_control_supergpqa_seed271.jsonl:control;lever_rag_presolve_supergpqa_seed271.jsonl:rag_presolve;lever_rag_thinking_gate_supergpqa_seed271.jsonl:rag_thinking_gate
SuperGPQA-hard,f82319d73b044735be5dfe1187da76f8,3,2,1,1,False,False,lever_control_supergpqa_seed271.jsonl:control;lever_rag_presolve_supergpqa_seed271.jsonl:rag_presolve;lever_rag_thinking_gate_supergpqa_seed271.jsonl:rag_thinking_gate
SuperGPQA-hard,db63f2730520468e86d5071599d6cffd,6,6,0,0,True,False,lever_control_supergpqa_seed271.jsonl:control;lever_control_supergpqa_seed606.jsonl:control;lever_rag_presolve_supergpqa_seed271.jsonl:rag_presolve;lever_rag_presolve_supergpqa_seed606.jsonl:rag_presolve;lever_rag_thinking_gate_supergpqa_seed271.jsonl:rag_thinking_gate;lever_rag_thinking_gate_supergpqa_seed606.jsonl:rag_thinking_gate
SuperGPQA-hard,8ed91874efe844458592ce5db5ba6aec,3,0,3,1,True,True,lever_control_supergpqa_seed271.jsonl:control;lever_rag_presolve_supergpqa_seed271.jsonl:rag_presolve;lever_rag_thinking_gate_supergpqa_seed271.jsonl:rag_thinking_gate
SuperGPQA-hard,37cb2e257bb449cf951354ed79d9faed,3,3,0,0,True,False,lever_control_supergpqa_seed271.jsonl:control;lever_rag_presolve_supergpqa_seed271.jsonl:rag_presolve;lever_rag_thinking_gate_supergpqa_seed271.jsonl:rag_thinking_gate
SuperGPQA-hard,a914371a88744c8e9433972f5624fca4,3,3,0,0,True,False,lever_control_supergpqa_seed271.jsonl:control;lever_rag_presolve_supergpqa_seed271.jsonl:rag_presolve;lever_rag_thinking_gate_supergpqa_seed271.jsonl:rag_thinking_gate
SuperGPQA-hard,0cec965e083d473b91baf8419e499266,3,0,3,1,True,True,lever_control_supergpqa_seed271.jsonl:control;lever_rag_presolve_supergpqa_seed271.jsonl:rag_presolve;lever_rag_thinking_gate_supergpqa_seed271.jsonl:rag_thinking_gate
SuperGPQA-hard,6394e81994e74f66baadec99cfaf103e,3,2,1,1,False,False,lever_control_supergpqa_seed271.jsonl:control;lever_rag_presolve_supergpqa_seed271.jsonl:rag_presolve;lever_rag_thinking_gate_supergpqa_seed271.jsonl:rag_thinking_gate
SuperGPQA-hard,a05ccae7bcc14d9791e97e9f628ca88e,3,0,3,1,True,True,lever_control_supergpqa_seed271.jsonl:control;lever_rag_presolve_supergpqa_seed271.jsonl:rag_presolve;lever_rag_thinking_gate_supergpqa_seed271.jsonl:rag_thinking_gate
SuperGPQA-hard,5b52a5d2e16147c48ba126e8d7b14f27,3,3,0,0,True,False,lever_control_supergpqa_seed271.jsonl:control;lever_rag_presolve_supergpqa_seed271.jsonl:rag_presolve;lever_rag_thinking_gate_supergpqa_seed271.jsonl:rag_thinking_gate
SuperGPQA-hard,f4a869b1b9484dbf8c0540064d101ea1,3,1,2,1,False,True,lever_control_supergpqa_seed271.jsonl:control;lever_rag_presolve_supergpqa_seed271.jsonl:rag_presolve;lever_rag_thinking_gate_supergpqa_seed271.jsonl:rag_thinking_gate
SuperGPQA-hard,437cfa50474b432ca76856889904d972,3,2,1,1,False,False,lever_control_supergpqa_seed271.jsonl:control;lever_rag_presolve_supergpqa_seed271.jsonl:rag_presolve;lever_rag_thinking_gate_supergpqa_seed271.jsonl:rag_thinking_gate
SuperGPQA-hard,d5aeeab54d66402884025a6038acd942,3,3,0,0,True,False,lever_control_supergpqa_seed271.jsonl:control;lever_rag_presolve_supergpqa_seed271.jsonl:rag_presolve;lever_rag_thinking_gate_supergpqa_seed271.jsonl:rag_thinking_gate
SuperGPQA-hard,2a6cd8ccbd7d42ad9cf12e178c94b946,3,0,3,1,True,True,lever_control_supergpqa_seed271.jsonl:control;lever_rag_presolve_supergpqa_seed271.jsonl:rag_presolve;lever_rag_thinking_gate_supergpqa_seed271.jsonl:rag_thinking_gate
SuperGPQA-hard,8220134735164021974f2c9cb3fe485e,3,0,3,1,True,True,lever_control_supergpqa_seed271.jsonl:control;lever_rag_presolve_supergpqa_seed271.jsonl:rag_presolve;lever_rag_thinking_gate_supergpqa_seed271.jsonl:rag_thinking_gate
SuperGPQA-hard,2fbb335d9144491da36f525024d4fa4a,3,3,0,0,True,False,lever_control_supergpqa_seed271.jsonl:control;lever_rag_presolve_supergpqa_seed271.jsonl:rag_presolve;lever_rag_thinking_gate_supergpqa_seed271.jsonl:rag_thinking_gate
SuperGPQA-hard,001ea608b585461abf01ae38e9cd380c,3,2,1,1,False,False,lever_control_supergpqa_seed271.jsonl:control;lever_rag_presolve_supergpqa_seed271.jsonl:rag_presolve;lever_rag_thinking_gate_supergpqa_seed271.jsonl:rag_thinking_gate
SuperGPQA-hard,16cef3414b88465496646fb53ecb3357,6,6,0,0,True,False,lever_control_supergpqa_seed271.jsonl:control;lever_control_supergpqa_seed606.jsonl:control;lever_rag_presolve_supergpqa_seed271.jsonl:rag_presolve;lever_rag_presolve_supergpqa_seed606.jsonl:rag_presolve;lever_rag_thinking_gate_supergpqa_seed271.jsonl:rag_thinking_gate;lever_rag_thinking_gate_supergpqa_seed606.jsonl:rag_thinking_gate
SuperGPQA-hard,d0fc74cd11664ab2a3dbee8d055afb5d,3,0,3,2,False,True,lever_control_supergpqa_seed271.jsonl:control;lever_rag_presolve_supergpqa_seed271.jsonl:rag_presolve;lever_rag_thinking_gate_supergpqa_seed271.jsonl:rag_thinking_gate
SuperGPQA-hard,74c0789f36bc46b08cdc2fbdfa488b2c,3,1,2,1,False,True,lever_control_supergpqa_seed271.jsonl:control;lever_rag_presolve_supergpqa_seed271.jsonl:rag_presolve;lever_rag_thinking_gate_supergpqa_seed271.jsonl:rag_thinking_gate
SuperGPQA-hard,9a5556075b3047a18d44f2024d367249,3,0,3,1,True,True,lever_control_supergpqa_seed271.jsonl:control;lever_rag_presolve_supergpqa_seed271.jsonl:rag_presolve;lever_rag_thinking_gate_supergpqa_seed271.jsonl:rag_thinking_gate
SuperGPQA-hard,617b2dd1258d4613af5936776fd69d09,3,3,0,0,True,False,lever_control_supergpqa_seed271.jsonl:control;lever_rag_presolve_supergpqa_seed271.jsonl:rag_presolve;lever_rag_thinking_gate_supergpqa_seed271.jsonl:rag_thinking_gate
SuperGPQA-hard,0a17de3f76d141a4abf081610dee0248,3,2,1,1,False,False,lever_control_supergpqa_seed271.jsonl:control;lever_rag_presolve_supergpqa_seed271.jsonl:rag_presolve;lever_rag_thinking_gate_supergpqa_seed271.jsonl:rag_thinking_gate
SuperGPQA-hard,7b90a6c0ad344c569ca3c1a8b85fc37e,2,1,1,1,False,False,lever_control_supergpqa_seed271.jsonl:control;lever_rag_presolve_supergpqa_seed271.jsonl:rag_presolve
SuperGPQA-hard,a3f592957d154bafb00025aa580c1f59,3,2,1,1,False,False,lever_control_supergpqa_seed271.jsonl:control;lever_rag_presolve_supergpqa_seed271.jsonl:rag_presolve;lever_rag_thinking_gate_supergpqa_seed271.jsonl:rag_thinking_gate
SuperGPQA-hard,dae4002886484ca9b3f2e329a73e69f9,3,0,3,1,True,True,lever_control_supergpqa_seed271.jsonl:control;lever_rag_presolve_supergpqa_seed271.jsonl:rag_presolve;lever_rag_thinking_gate_supergpqa_seed271.jsonl:rag_thinking_gate
SuperGPQA-hard,c02bdc589b28470f9e8c9ebaf715cfd0,3,2,1,1,False,False,lever_control_supergpqa_seed271.jsonl:control;lever_rag_presolve_supergpqa_seed271.jsonl:rag_presolve;lever_rag_thinking_gate_supergpqa_seed271.jsonl:rag_thinking_gate
SuperGPQA-hard,2b7c420445b941ee9c6c30974c8910f6,3,1,2,1,False,True,lever_control_supergpqa_seed271.jsonl:control;lever_rag_presolve_supergpqa_seed271.jsonl:rag_presolve;lever_rag_thinking_gate_supergpqa_seed271.jsonl:rag_thinking_gate
SuperGPQA-hard,075a3d9c2ade4393b154cb4cb885d232,3,3,0,0,True,False,lever_control_supergpqa_seed271.jsonl:control;lever_rag_presolve_supergpqa_seed271.jsonl:rag_presolve;lever_rag_thinking_gate_supergpqa_seed271.jsonl:rag_thinking_gate
SuperGPQA-hard,c9a90d77920e426592a8016b8282d0b4,3,3,0,0,True,False,lever_control_supergpqa_seed271.jsonl:control;lever_rag_presolve_supergpqa_seed271.jsonl:rag_presolve;lever_rag_thinking_gate_supergpqa_seed271.jsonl:rag_thinking_gate
SuperGPQA-hard,f63cf000cb004ff989417e027221c056,5,2,3,1,False,True,lever_control_supergpqa_seed271.jsonl:control;lever_control_supergpqa_seed838.jsonl:control;lever_rag_presolve_supergpqa_seed271.jsonl:rag_presolve;lever_rag_thinking_gate_supergpqa_seed271.jsonl:rag_thinking_gate;lever_rag_thinking_gate_supergpqa_seed838.jsonl:rag_thinking_gate
SuperGPQA-hard,ecbdd9947fd94b588f3873caed11ffeb,3,0,3,1,True,True,lever_control_supergpqa_seed271.jsonl:control;lever_rag_presolve_supergpqa_seed271.jsonl:rag_presolve;lever_rag_thinking_gate_supergpqa_seed271.jsonl:rag_thinking_gate
SuperGPQA-hard,dbb0051f0dc54c399a92967f5f8d3adf,3,3,0,0,True,False,lever_control_supergpqa_seed271.jsonl:control;lever_rag_presolve_supergpqa_seed271.jsonl:rag_presolve;lever_rag_thinking_gate_supergpqa_seed271.jsonl:rag_thinking_gate
SuperGPQA-hard,984102446bb9410db4813f0135c7b86b,3,3,0,0,True,False,lever_control_supergpqa_seed271.jsonl:control;lever_rag_presolve_supergpqa_seed271.jsonl:rag_presolve;lever_rag_thinking_gate_supergpqa_seed271.jsonl:rag_thinking_gate
SuperGPQA-hard,9ab1011859954a9da4ebea4ceaa3f4bc,3,2,1,1,False,False,lever_control_supergpqa_seed271.jsonl:control;lever_rag_presolve_supergpqa_seed271.jsonl:rag_presolve;lever_rag_thinking_gate_supergpqa_seed271.jsonl:rag_thinking_gate
SuperGPQA-hard,5311909efaca4ab580654676d1850946,3,2,1,1,False,False,lever_control_supergpqa_seed271.jsonl:control;lever_rag_presolve_supergpqa_seed271.jsonl:rag_presolve;lever_rag_thinking_gate_supergpqa_seed271.jsonl:rag_thinking_gate
SuperGPQA-hard,ac0c51aebdc54ae4a2ab973206aa6a63,3,3,0,0,True,False,lever_control_supergpqa_seed271.jsonl:control;lever_rag_presolve_supergpqa_seed271.jsonl:rag_presolve;lever_rag_thinking_gate_supergpqa_seed271.jsonl:rag_thinking_gate
SuperGPQA-hard,0fa712ebccaa4d23849cc1f4904445f4,3,3,0,0,True,False,lever_control_supergpqa_seed271.jsonl:control;lever_rag_presolve_supergpqa_seed271.jsonl:rag_presolve;lever_rag_thinking_gate_supergpqa_seed271.jsonl:rag_thinking_gate
SuperGPQA-hard,8663d52325714e76ad7e012721316c23,6,3,3,2,False,False,lever_control_supergpqa_seed271.jsonl:control;lever_control_supergpqa_seed606.jsonl:control;lever_rag_presolve_supergpqa_seed271.jsonl:rag_presolve;lever_rag_presolve_supergpqa_seed606.jsonl:rag_presolve;lever_rag_thinking_gate_supergpqa_seed271.jsonl:rag_thinking_gate;lever_rag_thinking_gate_supergpqa_seed606.jsonl:rag_thinking_gate
SuperGPQA-hard,ef0b43160d8241c6bbaf4a579a6370f7,3,3,0,0,True,False,lever_control_supergpqa_seed271.jsonl:control;lever_rag_presolve_supergpqa_seed271.jsonl:rag_presolve;lever_rag_thinking_gate_supergpqa_seed271.jsonl:rag_thinking_gate
SuperGPQA-hard,787c2342e0ef4aaa85f1bd2fcedd9fe0,3,1,2,1,False,True,lever_control_supergpqa_seed271.jsonl:control;lever_rag_presolve_supergpqa_seed271.jsonl:rag_presolve;lever_rag_thinking_gate_supergpqa_seed271.jsonl:rag_thinking_gate
SuperGPQA-hard,82a54ba5be6e4550b70b18e7dc13d5c9,3,3,0,0,True,False,lever_control_supergpqa_seed271.jsonl:control;lever_rag_presolve_supergpqa_seed271.jsonl:rag_presolve;lever_rag_thinking_gate_supergpqa_seed271.jsonl:rag_thinking_gate
SuperGPQA-hard,706e5c2922d54efdb65739a97378b9aa,3,3,0,0,True,False,lever_control_supergpqa_seed271.jsonl:control;lever_rag_presolve_supergpqa_seed271.jsonl:rag_presolve;lever_rag_thinking_gate_supergpqa_seed271.jsonl:rag_thinking_gate
SuperGPQA-hard,8c908849bd1640a1a991bf8de055826c,3,3,0,0,True,False,lever_control_supergpqa_seed271.jsonl:control;lever_rag_presolve_supergpqa_seed271.jsonl:rag_presolve;lever_rag_thinking_gate_supergpqa_seed271.jsonl:rag_thinking_gate
SuperGPQA-hard,42fc314addcb4e3580e011b12cde0406,3,2,1,1,False,False,lever_control_supergpqa_seed271.jsonl:control;lever_rag_presolve_supergpqa_seed271.jsonl:rag_presolve;lever_rag_thinking_gate_supergpqa_seed271.jsonl:rag_thinking_gate
SuperGPQA-hard,3f99cdb3a05942cfa51b0862814020fc,3,3,0,0,True,False,lever_control_supergpqa_seed271.jsonl:control;lever_rag_presolve_supergpqa_seed271.jsonl:rag_presolve;lever_rag_thinking_gate_supergpqa_seed271.jsonl:rag_thinking_gate
SuperGPQA-hard,0f992c29ab324c379406fabdcf277a68,3,3,0,0,True,False,lever_control_supergpqa_seed271.jsonl:control;lever_rag_presolve_supergpqa_seed271.jsonl:rag_presolve;lever_rag_thinking_gate_supergpqa_seed271.jsonl:rag_thinking_gate
SuperGPQA-hard,15be8f8e252644028475951da8318593,3,0,3,1,True,True,lever_control_supergpqa_seed271.jsonl:control;lever_rag_presolve_supergpqa_seed271.jsonl:rag_presolve;lever_rag_thinking_gate_supergpqa_seed271.jsonl:rag_thinking_gate
SuperGPQA-hard,e09f849537f34441a37dff017aaa193a,3,3,0,0,True,False,lever_control_supergpqa_seed271.jsonl:control;lever_rag_presolve_supergpqa_seed271.jsonl:rag_presolve;lever_rag_thinking_gate_supergpqa_seed271.jsonl:rag_thinking_gate
SuperGPQA-hard,628b15eb4d254e64b066dc67ca5899c7,5,1,4,3,False,True,lever_control_supergpqa_seed271.jsonl:control;lever_rag_presolve_supergpqa_seed271.jsonl:rag_presolve;lever_rag_thinking_gate_supergpqa_seed271.jsonl:rag_thinking_gate;META2_control_supergpqa_seed2027.jsonl:control;META2_permuted_panel_supergpqa_seed2027.jsonl:permuted_panel
SuperGPQA-hard,379a1dab01cd43f4b1af48063a968333,3,3,0,0,True,False,lever_control_supergpqa_seed271.jsonl:control;lever_rag_presolve_supergpqa_seed271.jsonl:rag_presolve;lever_rag_thinking_gate_supergpqa_seed271.jsonl:rag_thinking_gate
SuperGPQA-hard,ff672b02fbba48ccb76f12b73b438d37,3,0,3,1,True,True,lever_control_supergpqa_seed271.jsonl:control;lever_rag_presolve_supergpqa_seed271.jsonl:rag_presolve;lever_rag_thinking_gate_supergpqa_seed271.jsonl:rag_thinking_gate
SuperGPQA-hard,9456f7bba7b64d7ab4621174d5200968,3,3,0,0,True,False,lever_control_supergpqa_seed271.jsonl:control;lever_rag_presolve_supergpqa_seed271.jsonl:rag_presolve;lever_rag_thinking_gate_supergpqa_seed271.jsonl:rag_thinking_gate
SuperGPQA-hard,3b37ffa7eb2b455283a129a4ada95546,5,5,0,0,True,False,lever_control_supergpqa_seed606.jsonl:control;lever_rag_presolve_supergpqa_seed606.jsonl:rag_presolve;lever_rag_thinking_gate_supergpqa_seed606.jsonl:rag_thinking_gate;META2_control_supergpqa_seed2027.jsonl:control;META2_permuted_panel_supergpqa_seed2027.jsonl:permuted_panel
SuperGPQA-hard,674fd9508773498499d78bf6e2194315,5,5,0,0,True,False,lever_control_supergpqa_seed606.jsonl:control;lever_rag_presolve_supergpqa_seed606.jsonl:rag_presolve;lever_rag_thinking_gate_supergpqa_seed606.jsonl:rag_thinking_gate;META2_control_supergpqa_seed1313.jsonl:control;META2_permuted_panel_supergpqa_seed1313.jsonl:permuted_panel
SuperGPQA-hard,5a29ea2e0dde4ca89fc25d873f0783f0,3,0,3,1,True,True,lever_control_supergpqa_seed606.jsonl:control;lever_rag_presolve_supergpqa_seed606.jsonl:rag_presolve;lever_rag_thinking_gate_supergpqa_seed606.jsonl:rag_thinking_gate
SuperGPQA-hard,6012508b88a9421180551fdef0e17a13,3,0,3,1,True,True,lever_control_supergpqa_seed606.jsonl:control;lever_rag_presolve_supergpqa_seed606.jsonl:rag_presolve;lever_rag_thinking_gate_supergpqa_seed606.jsonl:rag_thinking_gate
SuperGPQA-hard,c5632825dac84046af5fb820a66ff3ea,3,2,1,1,False,False,lever_control_supergpqa_seed606.jsonl:control;lever_rag_presolve_supergpqa_seed606.jsonl:rag_presolve;lever_rag_thinking_gate_supergpqa_seed606.jsonl:rag_thinking_gate
SuperGPQA-hard,07178da056dd43c39d7f7aee51bdbff8,3,0,3,1,True,True,lever_control_supergpqa_seed606.jsonl:control;lever_rag_presolve_supergpqa_seed606.jsonl:rag_presolve;lever_rag_thinking_gate_supergpqa_seed606.jsonl:rag_thinking_gate
SuperGPQA-hard,94fa8b6b6a6f497f8d566ff083384f1e,3,3,0,0,True,False,lever_control_supergpqa_seed606.jsonl:control;lever_rag_presolve_supergpqa_seed606.jsonl:rag_presolve;lever_rag_thinking_gate_supergpqa_seed606.jsonl:rag_thinking_gate
SuperGPQA-hard,a9ef86d999d6451da0be649f98619cf8,3,2,1,1,False,False,lever_control_supergpqa_seed606.jsonl:control;lever_rag_presolve_supergpqa_seed606.jsonl:rag_presolve;lever_rag_thinking_gate_supergpqa_seed606.jsonl:rag_thinking_gate
SuperGPQA-hard,c8bf16ae628348ee96bd7127f5ae6bef,3,0,3,3,False,True,lever_control_supergpqa_seed606.jsonl:control;lever_rag_presolve_supergpqa_seed606.jsonl:rag_presolve;lever_rag_thinking_gate_supergpqa_seed606.jsonl:rag_thinking_gate
SuperGPQA-hard,99a57a8ecb994d2398eeb11d5a4f4287,3,2,1,1,False,False,lever_control_supergpqa_seed606.jsonl:control;lever_rag_presolve_supergpqa_seed606.jsonl:rag_presolve;lever_rag_thinking_gate_supergpqa_seed606.jsonl:rag_thinking_gate
SuperGPQA-hard,d871b9b07c184d6fbcf59c459d99036a,3,3,0,0,True,False,lever_control_supergpqa_seed606.jsonl:control;lever_rag_presolve_supergpqa_seed606.jsonl:rag_presolve;lever_rag_thinking_gate_supergpqa_seed606.jsonl:rag_thinking_gate
SuperGPQA-hard,4b23599f709e402a85d20e0693fcbec7,3,3,0,0,True,False,lever_control_supergpqa_seed606.jsonl:control;lever_rag_presolve_supergpqa_seed606.jsonl:rag_presolve;lever_rag_thinking_gate_supergpqa_seed606.jsonl:rag_thinking_gate
SuperGPQA-hard,a24daf6e481d48fd9f272c1e3a1bfc3d,3,3,0,0,True,False,lever_control_supergpqa_seed606.jsonl:control;lever_rag_presolve_supergpqa_seed606.jsonl:rag_presolve;lever_rag_thinking_gate_supergpqa_seed606.jsonl:rag_thinking_gate
SuperGPQA-hard,bba7bc7236a341fabf5661c3056e362f,3,3,0,0,True,False,lever_control_supergpqa_seed606.jsonl:control;lever_rag_presolve_supergpqa_seed606.jsonl:rag_presolve;lever_rag_thinking_gate_supergpqa_seed606.jsonl:rag_thinking_gate
SuperGPQA-hard,925edd1a51234c619cdd2f02bd90e0a3,3,0,3,1,True,True,lever_control_supergpqa_seed606.jsonl:control;lever_rag_presolve_supergpqa_seed606.jsonl:rag_presolve;lever_rag_thinking_gate_supergpqa_seed606.jsonl:rag_thinking_gate
SuperGPQA-hard,4e86797184da47a2b73f1e72ea451f8d,3,3,0,0,True,False,lever_control_supergpqa_seed606.jsonl:control;lever_rag_presolve_supergpqa_seed606.jsonl:rag_presolve;lever_rag_thinking_gate_supergpqa_seed606.jsonl:rag_thinking_gate
SuperGPQA-hard,61fcd7e73e194e2ebea202afec24e266,3,1,2,1,False,True,lever_control_supergpqa_seed606.jsonl:control;lever_rag_presolve_supergpqa_seed606.jsonl:rag_presolve;lever_rag_thinking_gate_supergpqa_seed606.jsonl:rag_thinking_gate
SuperGPQA-hard,7ba19feea53345f1b264cd94e8d2538f,3,3,0,0,True,False,lever_control_supergpqa_seed606.jsonl:control;lever_rag_presolve_supergpqa_seed606.jsonl:rag_presolve;lever_rag_thinking_gate_supergpqa_seed606.jsonl:rag_thinking_gate
SuperGPQA-hard,6409dc9dba8d4f28a06fd6807e3c7cf9,3,1,2,2,False,True,lever_control_supergpqa_seed606.jsonl:control;lever_rag_presolve_supergpqa_seed606.jsonl:rag_presolve;lever_rag_thinking_gate_supergpqa_seed606.jsonl:rag_thinking_gate
SuperGPQA-hard,05e77d690c294b10ad74c766460dc052,2,2,0,0,True,False,lever_control_supergpqa_seed606.jsonl:control;lever_rag_presolve_supergpqa_seed606.jsonl:rag_presolve
SuperGPQA-hard,8e6adf9e81774ae98a454a1736907ba1,3,3,0,0,True,False,lever_control_supergpqa_seed606.jsonl:control;lever_rag_presolve_supergpqa_seed606.jsonl:rag_presolve;lever_rag_thinking_gate_supergpqa_seed606.jsonl:rag_thinking_gate
SuperGPQA-hard,b7b66af0bf0940ffbb69c04dd5f1b995,3,3,0,0,True,False,lever_control_supergpqa_seed606.jsonl:control;lever_rag_presolve_supergpqa_seed606.jsonl:rag_presolve;lever_rag_thinking_gate_supergpqa_seed606.jsonl:rag_thinking_gate
SuperGPQA-hard,f8a631c172f042bbb5db6b725743d199,3,3,0,0,True,False,lever_control_supergpqa_seed606.jsonl:control;lever_rag_presolve_supergpqa_seed606.jsonl:rag_presolve;lever_rag_thinking_gate_supergpqa_seed606.jsonl:rag_thinking_gate
SuperGPQA-hard,a66b114a5e13440eb33f817f4a443ffb,3,3,0,0,True,False,lever_control_supergpqa_seed606.jsonl:control;lever_rag_presolve_supergpqa_seed606.jsonl:rag_presolve;lever_rag_thinking_gate_supergpqa_seed606.jsonl:rag_thinking_gate
SuperGPQA-hard,25d2d85093d3401b9883e0142407d0ee,3,0,3,1,True,True,lever_control_supergpqa_seed606.jsonl:control;lever_rag_presolve_supergpqa_seed606.jsonl:rag_presolve;lever_rag_thinking_gate_supergpqa_seed606.jsonl:rag_thinking_gate
SuperGPQA-hard,b6905cbac56e46ac93c398b5910034f1,5,3,2,1,False,False,lever_control_supergpqa_seed606.jsonl:control;lever_rag_presolve_supergpqa_seed606.jsonl:rag_presolve;lever_rag_thinking_gate_supergpqa_seed606.jsonl:rag_thinking_gate;META2_control_supergpqa_seed2027.jsonl:control;META2_permuted_panel_supergpqa_seed2027.jsonl:permuted_panel
SuperGPQA-hard,7788cdba3e464b49b9516f45fa00381a,3,3,0,0,True,False,lever_control_supergpqa_seed606.jsonl:control;lever_rag_presolve_supergpqa_seed606.jsonl:rag_presolve;lever_rag_thinking_gate_supergpqa_seed606.jsonl:rag_thinking_gate
SuperGPQA-hard,ce27ed54573241aeb3a7923baf3bd2b9,3,3,0,0,True,False,lever_control_supergpqa_seed606.jsonl:control;lever_rag_presolve_supergpqa_seed606.jsonl:rag_presolve;lever_rag_thinking_gate_supergpqa_seed606.jsonl:rag_thinking_gate
SuperGPQA-hard,b48e738748e24c309530026051f00c50,3,3,0,0,True,False,lever_control_supergpqa_seed606.jsonl:control;lever_rag_presolve_supergpqa_seed606.jsonl:rag_presolve;lever_rag_thinking_gate_supergpqa_seed606.jsonl:rag_thinking_gate
SuperGPQA-hard,05ff75c957d445298164337f6fb16dce,3,0,3,1,True,True,lever_control_supergpqa_seed606.jsonl:control;lever_rag_presolve_supergpqa_seed606.jsonl:rag_presolve;lever_rag_thinking_gate_supergpqa_seed606.jsonl:rag_thinking_gate
SuperGPQA-hard,1a2b570b90b940d9a7e60ec37a91c438,3,3,0,0,True,False,lever_control_supergpqa_seed606.jsonl:control;lever_rag_presolve_supergpqa_seed606.jsonl:rag_presolve;lever_rag_thinking_gate_supergpqa_seed606.jsonl:rag_thinking_gate
SuperGPQA-hard,3ebe31c1ad0044b3a4ba989121a9652a,2,2,0,0,True,False,lever_control_supergpqa_seed606.jsonl:control;lever_rag_presolve_supergpqa_seed606.jsonl:rag_presolve
SuperGPQA-hard,7f9f7b71691f4b9abd8f4d8ce5321a82,3,3,0,0,True,False,lever_control_supergpqa_seed606.jsonl:control;lever_rag_presolve_supergpqa_seed606.jsonl:rag_presolve;lever_rag_thinking_gate_supergpqa_seed606.jsonl:rag_thinking_gate
SuperGPQA-hard,3564dcf444ca495aa0ac15b8c53ce046,3,2,1,1,False,False,lever_control_supergpqa_seed606.jsonl:control;lever_rag_presolve_supergpqa_seed606.jsonl:rag_presolve;lever_rag_thinking_gate_supergpqa_seed606.jsonl:rag_thinking_gate
SuperGPQA-hard,278b1bc0ff8040b5beb619203318ea17,3,1,2,2,False,True,lever_control_supergpqa_seed606.jsonl:control;lever_rag_presolve_supergpqa_seed606.jsonl:rag_presolve;lever_rag_thinking_gate_supergpqa_seed606.jsonl:rag_thinking_gate
SuperGPQA-hard,fb32edc392d24dc3815f58909cecdba4,3,0,3,1,True,True,lever_control_supergpqa_seed606.jsonl:control;lever_rag_presolve_supergpqa_seed606.jsonl:rag_presolve;lever_rag_thinking_gate_supergpqa_seed606.jsonl:rag_thinking_gate
SuperGPQA-hard,ddb18eed65624eb8857f493d3575fef0,3,3,0,0,True,False,lever_control_supergpqa_seed606.jsonl:control;lever_rag_presolve_supergpqa_seed606.jsonl:rag_presolve;lever_rag_thinking_gate_supergpqa_seed606.jsonl:rag_thinking_gate
SuperGPQA-hard,8c466141d2b744ee9303d466b28b2e52,3,1,2,1,False,True,lever_control_supergpqa_seed606.jsonl:control;lever_rag_presolve_supergpqa_seed606.jsonl:rag_presolve;lever_rag_thinking_gate_supergpqa_seed606.jsonl:rag_thinking_gate
SuperGPQA-hard,4090034d344442a39f6ac38ffe2cc550,3,0,3,1,True,True,lever_control_supergpqa_seed606.jsonl:control;lever_rag_presolve_supergpqa_seed606.jsonl:rag_presolve;lever_rag_thinking_gate_supergpqa_seed606.jsonl:rag_thinking_gate
SuperGPQA-hard,672ca23b604743f0ac2330c05ed10499,3,3,0,0,True,False,lever_control_supergpqa_seed606.jsonl:control;lever_rag_presolve_supergpqa_seed606.jsonl:rag_presolve;lever_rag_thinking_gate_supergpqa_seed606.jsonl:rag_thinking_gate
SuperGPQA-hard,68be2b3c64f340e1ab95a722390c67b6,3,2,1,1,False,False,lever_control_supergpqa_seed606.jsonl:control;lever_rag_presolve_supergpqa_seed606.jsonl:rag_presolve;lever_rag_thinking_gate_supergpqa_seed606.jsonl:rag_thinking_gate
SuperGPQA-hard,7f8c9e5f1e554ad396060dbe085be0bc,3,0,3,1,True,True,lever_control_supergpqa_seed606.jsonl:control;lever_rag_presolve_supergpqa_seed606.jsonl:rag_presolve;lever_rag_thinking_gate_supergpqa_seed606.jsonl:rag_thinking_gate
SuperGPQA-hard,fda86567101842ffbb3faff3164f528b,3,3,0,0,True,False,lever_control_supergpqa_seed606.jsonl:control;lever_rag_presolve_supergpqa_seed606.jsonl:rag_presolve;lever_rag_thinking_gate_supergpqa_seed606.jsonl:rag_thinking_gate
SuperGPQA-hard,ea96b2f056914d9e853e946a1d96987c,3,0,3,1,True,True,lever_control_supergpqa_seed606.jsonl:control;lever_rag_presolve_supergpqa_seed606.jsonl:rag_presolve;lever_rag_thinking_gate_supergpqa_seed606.jsonl:rag_thinking_gate
SuperGPQA-hard,4bbb616f70fa470ead5f650821ff158f,3,3,0,0,True,False,lever_control_supergpqa_seed606.jsonl:control;lever_rag_presolve_supergpqa_seed606.jsonl:rag_presolve;lever_rag_thinking_gate_supergpqa_seed606.jsonl:rag_thinking_gate
SuperGPQA-hard,d38fbb868d8a44db9095fa175c8b5669,5,5,0,0,True,False,lever_control_supergpqa_seed606.jsonl:control;lever_rag_presolve_supergpqa_seed606.jsonl:rag_presolve;lever_rag_thinking_gate_supergpqa_seed606.jsonl:rag_thinking_gate;META2_control_supergpqa_seed2027.jsonl:control;META2_permuted_panel_supergpqa_seed2027.jsonl:permuted_panel
SuperGPQA-hard,feb181573d6d4f398db27ee6a26962ad,3,3,0,0,True,False,lever_control_supergpqa_seed606.jsonl:control;lever_rag_presolve_supergpqa_seed606.jsonl:rag_presolve;lever_rag_thinking_gate_supergpqa_seed606.jsonl:rag_thinking_gate
SuperGPQA-hard,d14d338a85264ca7ac2ad2fb159e78cd,3,3,0,0,True,False,lever_control_supergpqa_seed606.jsonl:control;lever_rag_presolve_supergpqa_seed606.jsonl:rag_presolve;lever_rag_thinking_gate_supergpqa_seed606.jsonl:rag_thinking_gate
SuperGPQA-hard,e407e20ef9774016a7466c88610322ef,3,0,3,1,True,True,lever_control_supergpqa_seed606.jsonl:control;lever_rag_presolve_supergpqa_seed606.jsonl:rag_presolve;lever_rag_thinking_gate_supergpqa_seed606.jsonl:rag_thinking_gate
SuperGPQA-hard,3e3aef19b7bf40668f24d9a67f396473,3,3,0,0,True,False,lever_control_supergpqa_seed606.jsonl:control;lever_rag_presolve_supergpqa_seed606.jsonl:rag_presolve;lever_rag_thinking_gate_supergpqa_seed606.jsonl:rag_thinking_gate
SuperGPQA-hard,9658dc48503c49cb840ccc27f9e10eb9,3,0,3,1,True,True,lever_control_supergpqa_seed606.jsonl:control;lever_rag_presolve_supergpqa_seed606.jsonl:rag_presolve;lever_rag_thinking_gate_supergpqa_seed606.jsonl:rag_thinking_gate
SuperGPQA-hard,d2b8029fab3a458b9d1be6cf6a68091a,3,3,0,0,True,False,lever_control_supergpqa_seed606.jsonl:control;lever_rag_presolve_supergpqa_seed606.jsonl:rag_presolve;lever_rag_thinking_gate_supergpqa_seed606.jsonl:rag_thinking_gate
SuperGPQA-hard,7ec0b78739564a38912533cf4bb90a1a,3,3,0,0,True,False,lever_control_supergpqa_seed606.jsonl:control;lever_rag_presolve_supergpqa_seed606.jsonl:rag_presolve;lever_rag_thinking_gate_supergpqa_seed606.jsonl:rag_thinking_gate
SuperGPQA-hard,9f62bcf50de74401a603615456213baf,3,3,0,0,True,False,lever_control_supergpqa_seed606.jsonl:control;lever_rag_presolve_supergpqa_seed606.jsonl:rag_presolve;lever_rag_thinking_gate_supergpqa_seed606.jsonl:rag_thinking_gate
SuperGPQA-hard,f258bb1065be48218e7d3a3f5baa4821,3,3,0,0,True,False,lever_control_supergpqa_seed606.jsonl:control;lever_rag_presolve_supergpqa_seed606.jsonl:rag_presolve;lever_rag_thinking_gate_supergpqa_seed606.jsonl:rag_thinking_gate
SuperGPQA-hard,ba5929c89bf34872beb2bda81c3f7ac0,3,3,0,0,True,False,lever_control_supergpqa_seed606.jsonl:control;lever_rag_presolve_supergpqa_seed606.jsonl:rag_presolve;lever_rag_thinking_gate_supergpqa_seed606.jsonl:rag_thinking_gate
SuperGPQA-hard,f3657e5a406947ddb8ad447219321aef,3,0,3,1,True,True,lever_control_supergpqa_seed606.jsonl:control;lever_rag_presolve_supergpqa_seed606.jsonl:rag_presolve;lever_rag_thinking_gate_supergpqa_seed606.jsonl:rag_thinking_gate
SuperGPQA-hard,ba3e6704deaf4503afd6d5cd103203c9,3,0,3,1,True,True,lever_control_supergpqa_seed606.jsonl:control;lever_rag_presolve_supergpqa_seed606.jsonl:rag_presolve;lever_rag_thinking_gate_supergpqa_seed606.jsonl:rag_thinking_gate
SuperGPQA-hard,05e650ec825f4ae5a54deb872af466d2,3,3,0,0,True,False,lever_control_supergpqa_seed606.jsonl:control;lever_rag_presolve_supergpqa_seed606.jsonl:rag_presolve;lever_rag_thinking_gate_supergpqa_seed606.jsonl:rag_thinking_gate
SuperGPQA-hard,ebea0f7c051d4247be3d6bee67e0da89,3,2,1,1,False,False,lever_control_supergpqa_seed606.jsonl:control;lever_rag_presolve_supergpqa_seed606.jsonl:rag_presolve;lever_rag_thinking_gate_supergpqa_seed606.jsonl:rag_thinking_gate
SuperGPQA-hard,0d55abc62c6541119ac010bd0bd11cb4,3,3,0,0,True,False,lever_control_supergpqa_seed606.jsonl:control;lever_rag_presolve_supergpqa_seed606.jsonl:rag_presolve;lever_rag_thinking_gate_supergpqa_seed606.jsonl:rag_thinking_gate
SuperGPQA-hard,6514ced034134b80bfee523ab31dd6be,3,3,0,0,True,False,lever_control_supergpqa_seed606.jsonl:control;lever_rag_presolve_supergpqa_seed606.jsonl:rag_presolve;lever_rag_thinking_gate_supergpqa_seed606.jsonl:rag_thinking_gate
SuperGPQA-hard,1ec0b6b8d6b74d6f81c900d22aa3f9b3,3,3,0,0,True,False,lever_control_supergpqa_seed606.jsonl:control;lever_rag_presolve_supergpqa_seed606.jsonl:rag_presolve;lever_rag_thinking_gate_supergpqa_seed606.jsonl:rag_thinking_gate
SuperGPQA-hard,84fba45a65da41fb8ea056a8cd072fff,3,3,0,0,True,False,lever_control_supergpqa_seed606.jsonl:control;lever_rag_presolve_supergpqa_seed606.jsonl:rag_presolve;lever_rag_thinking_gate_supergpqa_seed606.jsonl:rag_thinking_gate
SuperGPQA-hard,7d0d30aa83704e04bd9330d2c8e90f78,3,3,0,0,True,False,lever_control_supergpqa_seed606.jsonl:control;lever_rag_presolve_supergpqa_seed606.jsonl:rag_presolve;lever_rag_thinking_gate_supergpqa_seed606.jsonl:rag_thinking_gate
SuperGPQA-hard,bcd2baac739146eebec003eb6adda5ae,3,3,0,0,True,False,lever_control_supergpqa_seed606.jsonl:control;lever_rag_presolve_supergpqa_seed606.jsonl:rag_presolve;lever_rag_thinking_gate_supergpqa_seed606.jsonl:rag_thinking_gate
SuperGPQA-hard,1bb8a86a4ca34595bf2cc53e8c70d488,3,0,3,2,False,True,lever_control_supergpqa_seed606.jsonl:control;lever_rag_presolve_supergpqa_seed606.jsonl:rag_presolve;lever_rag_thinking_gate_supergpqa_seed606.jsonl:rag_thinking_gate
SuperGPQA-hard,6f448d668c2743988aaf055cd5d0b1d5,3,3,0,0,True,False,lever_control_supergpqa_seed606.jsonl:control;lever_rag_presolve_supergpqa_seed606.jsonl:rag_presolve;lever_rag_thinking_gate_supergpqa_seed606.jsonl:rag_thinking_gate
SuperGPQA-hard,d0004a6586604fb097d29b2a9e2fafba,3,1,2,2,False,True,lever_control_supergpqa_seed606.jsonl:control;lever_rag_presolve_supergpqa_seed606.jsonl:rag_presolve;lever_rag_thinking_gate_supergpqa_seed606.jsonl:rag_thinking_gate
SuperGPQA-hard,89c0dd54ad6d4419a29148159a71a478,3,3,0,0,True,False,lever_control_supergpqa_seed606.jsonl:control;lever_rag_presolve_supergpqa_seed606.jsonl:rag_presolve;lever_rag_thinking_gate_supergpqa_seed606.jsonl:rag_thinking_gate
SuperGPQA-hard,ab99e4e6e4f548f9bf22a0c4afba770a,5,5,0,0,True,False,lever_control_supergpqa_seed606.jsonl:control;lever_rag_presolve_supergpqa_seed606.jsonl:rag_presolve;lever_rag_thinking_gate_supergpqa_seed606.jsonl:rag_thinking_gate;META2_control_supergpqa_seed2027.jsonl:control;META2_permuted_panel_supergpqa_seed2027.jsonl:permuted_panel
SuperGPQA-hard,46d9995281cc4c4eb53ae5077ea91144,3,3,0,0,True,False,lever_control_supergpqa_seed606.jsonl:control;lever_rag_presolve_supergpqa_seed606.jsonl:rag_presolve;lever_rag_thinking_gate_supergpqa_seed606.jsonl:rag_thinking_gate
SuperGPQA-hard,25ff3053d5cd4fe1b53e4bfce27dc709,3,3,0,0,True,False,lever_control_supergpqa_seed606.jsonl:control;lever_rag_presolve_supergpqa_seed606.jsonl:rag_presolve;lever_rag_thinking_gate_supergpqa_seed606.jsonl:rag_thinking_gate
SuperGPQA-hard,18dd61f8f537498aab430ca99da93ddf,5,4,1,1,False,False,lever_control_supergpqa_seed606.jsonl:control;lever_rag_presolve_supergpqa_seed606.jsonl:rag_presolve;lever_rag_thinking_gate_supergpqa_seed606.jsonl:rag_thinking_gate;META2_control_supergpqa_seed909.jsonl:control;META2_permuted_panel_supergpqa_seed909.jsonl:permuted_panel
SuperGPQA-hard,d16188425b8d459799e3a25590ce3a1f,3,3,0,0,True,False,lever_control_supergpqa_seed606.jsonl:control;lever_rag_presolve_supergpqa_seed606.jsonl:rag_presolve;lever_rag_thinking_gate_supergpqa_seed606.jsonl:rag_thinking_gate
SuperGPQA-hard,5559142f9bfb407b835f455534274613,3,1,2,1,False,True,lever_control_supergpqa_seed606.jsonl:control;lever_rag_presolve_supergpqa_seed606.jsonl:rag_presolve;lever_rag_thinking_gate_supergpqa_seed606.jsonl:rag_thinking_gate
SuperGPQA-hard,8feeeb6daae74c819f01a0d2bddb62a5,3,3,0,0,True,False,lever_control_supergpqa_seed606.jsonl:control;lever_rag_presolve_supergpqa_seed606.jsonl:rag_presolve;lever_rag_thinking_gate_supergpqa_seed606.jsonl:rag_thinking_gate
SuperGPQA-hard,2a0199802fa34912899bc4db2e48e324,3,3,0,0,True,False,lever_control_supergpqa_seed606.jsonl:control;lever_rag_presolve_supergpqa_seed606.jsonl:rag_presolve;lever_rag_thinking_gate_supergpqa_seed606.jsonl:rag_thinking_gate
SuperGPQA-hard,017d54709f0b48a3980238ac4f0dd851,3,3,0,0,True,False,lever_control_supergpqa_seed606.jsonl:control;lever_rag_presolve_supergpqa_seed606.jsonl:rag_presolve;lever_rag_thinking_gate_supergpqa_seed606.jsonl:rag_thinking_gate
SuperGPQA-hard,d6762f8d80e24ca78b14ac20eb6d7ddb,3,3,0,0,True,False,lever_control_supergpqa_seed606.jsonl:control;lever_rag_presolve_supergpqa_seed606.jsonl:rag_presolve;lever_rag_thinking_gate_supergpqa_seed606.jsonl:rag_thinking_gate
SuperGPQA-hard,81265918776f42ecb936b1ff7149f893,3,3,0,0,True,False,lever_control_supergpqa_seed606.jsonl:control;lever_rag_presolve_supergpqa_seed606.jsonl:rag_presolve;lever_rag_thinking_gate_supergpqa_seed606.jsonl:rag_thinking_gate
SuperGPQA-hard,c719d6d9548f43779f3eab22fafa99bc,3,1,2,1,False,True,lever_control_supergpqa_seed606.jsonl:control;lever_rag_presolve_supergpqa_seed606.jsonl:rag_presolve;lever_rag_thinking_gate_supergpqa_seed606.jsonl:rag_thinking_gate
SuperGPQA-hard,83540adee86445058338548a07e2eacd,3,0,3,1,True,True,lever_control_supergpqa_seed606.jsonl:control;lever_rag_presolve_supergpqa_seed606.jsonl:rag_presolve;lever_rag_thinking_gate_supergpqa_seed606.jsonl:rag_thinking_gate
SuperGPQA-hard,420ba9fd6958410188aa97873da40f86,3,3,0,0,True,False,lever_control_supergpqa_seed606.jsonl:control;lever_rag_presolve_supergpqa_seed606.jsonl:rag_presolve;lever_rag_thinking_gate_supergpqa_seed606.jsonl:rag_thinking_gate
SuperGPQA-hard,c8be6f10c6b04b879a5fe393fb1b38f8,4,3,1,1,False,False,lever_control_supergpqa_seed7.jsonl:control;lever_flagship_panel_supergpqa_seed7.jsonl:flagship_panel;lever_rag_presolve_supergpqa_seed7.jsonl:rag_presolve;TB1B_universal_gate_supergpqa_seed7.jsonl:universal_gate
SuperGPQA-hard,05ac97570c2a40ab94f83a5cf3aa09df,5,4,1,1,False,False,lever_control_supergpqa_seed7.jsonl:control;lever_cycled_panel_supergpqa_seed19.jsonl:cycled_panel;lever_diversified_panel_supergpqa_seed19.jsonl:diversified_panel;lever_rag_presolve_supergpqa_seed7.jsonl:rag_presolve;TB1B_universal_gate_supergpqa_seed7.jsonl:universal_gate
SuperGPQA-hard,8212116814624ac3ab3c645bb720a0de,2,1,1,1,False,True,lever_control_supergpqa_seed838.jsonl:control;lever_rag_thinking_gate_supergpqa_seed838.jsonl:rag_thinking_gate
SuperGPQA-hard,65e18d5ebc6d481f92372a02f7346d7e,2,2,0,0,True,False,lever_control_supergpqa_seed838.jsonl:control;lever_rag_thinking_gate_supergpqa_seed838.jsonl:rag_thinking_gate
SuperGPQA-hard,2901fd9282834a269854bd1c929c2d27,2,1,1,1,False,False,lever_control_supergpqa_seed838.jsonl:control;lever_rag_thinking_gate_supergpqa_seed838.jsonl:rag_thinking_gate
SuperGPQA-hard,b1292883447c4964834d2f93d9ad6866,2,2,0,0,True,False,lever_control_supergpqa_seed838.jsonl:control;lever_rag_thinking_gate_supergpqa_seed838.jsonl:rag_thinking_gate
SuperGPQA-hard,784bc160afa34cc184a98687b152411a,2,0,2,1,True,True,lever_control_supergpqa_seed838.jsonl:control;lever_rag_thinking_gate_supergpqa_seed838.jsonl:rag_thinking_gate
SuperGPQA-hard,ad9b69d4627741a1a953880f089b14f0,2,2,0,0,True,False,lever_control_supergpqa_seed838.jsonl:control;lever_rag_thinking_gate_supergpqa_seed838.jsonl:rag_thinking_gate
SuperGPQA-hard,662dee3f92714e84a08098c31a9dfede,2,2,0,0,True,False,lever_control_supergpqa_seed838.jsonl:control;lever_rag_thinking_gate_supergpqa_seed838.jsonl:rag_thinking_gate
SuperGPQA-hard,c5836da9034249b4b27508d97f2fef48,2,2,0,0,True,False,lever_control_supergpqa_seed838.jsonl:control;lever_rag_thinking_gate_supergpqa_seed838.jsonl:rag_thinking_gate
SuperGPQA-hard,42ff314467d2496490c62c7064c0d6cc,2,2,0,0,True,False,lever_control_supergpqa_seed838.jsonl:control;lever_rag_thinking_gate_supergpqa_seed838.jsonl:rag_thinking_gate
SuperGPQA-hard,6afbc30d68f940abbb7fe92128c3cf86,2,1,1,1,False,False,lever_control_supergpqa_seed838.jsonl:control;lever_rag_thinking_gate_supergpqa_seed838.jsonl:rag_thinking_gate
SuperGPQA-hard,6c14595204824c9fb7a2ad000c332e37,2,2,0,0,True,False,lever_control_supergpqa_seed838.jsonl:control;lever_rag_thinking_gate_supergpqa_seed838.jsonl:rag_thinking_gate
SuperGPQA-hard,47f09ff7d66a4742ba76601ea67539d8,2,2,0,0,True,False,lever_control_supergpqa_seed838.jsonl:control;lever_rag_thinking_gate_supergpqa_seed838.jsonl:rag_thinking_gate
SuperGPQA-hard,27b0cc6c758649ecb4fb058ecdad4757,2,1,1,1,False,True,lever_control_supergpqa_seed838.jsonl:control;lever_rag_thinking_gate_supergpqa_seed838.jsonl:rag_thinking_gate
SuperGPQA-hard,495126540259474fb0700bf7fe2a837f,2,2,0,0,True,False,lever_control_supergpqa_seed838.jsonl:control;lever_rag_thinking_gate_supergpqa_seed838.jsonl:rag_thinking_gate
SuperGPQA-hard,2f6042eca8834ba78cec6a229e21e89b,2,2,0,0,True,False,lever_control_supergpqa_seed838.jsonl:control;lever_rag_thinking_gate_supergpqa_seed838.jsonl:rag_thinking_gate
SuperGPQA-hard,b370dd1899e24b37b27c4eec64ca2de9,2,2,0,0,True,False,lever_control_supergpqa_seed838.jsonl:control;lever_rag_thinking_gate_supergpqa_seed838.jsonl:rag_thinking_gate
SuperGPQA-hard,c247b75bef6843a6bddb467b4f6530c7,4,0,4,2,False,True,lever_control_supergpqa_seed838.jsonl:control;lever_rag_thinking_gate_supergpqa_seed838.jsonl:rag_thinking_gate;META2_control_supergpqa_seed2027.jsonl:control;META2_permuted_panel_supergpqa_seed2027.jsonl:permuted_panel
SuperGPQA-hard,9d29c330b74a4c878301338bfaa022f7,2,2,0,0,True,False,lever_control_supergpqa_seed838.jsonl:control;lever_rag_thinking_gate_supergpqa_seed838.jsonl:rag_thinking_gate
SuperGPQA-hard,7642c7abd7554d85a9ad74550cc95428,2,2,0,0,True,False,lever_control_supergpqa_seed838.jsonl:control;lever_rag_thinking_gate_supergpqa_seed838.jsonl:rag_thinking_gate
SuperGPQA-hard,e9850e7c1b5744b19cdf700c4bbac0ab,2,2,0,0,True,False,lever_control_supergpqa_seed838.jsonl:control;lever_rag_thinking_gate_supergpqa_seed838.jsonl:rag_thinking_gate
SuperGPQA-hard,5d0d7b5d79d448c7b2ffdee0247a0296,2,0,2,1,True,True,lever_control_supergpqa_seed838.jsonl:control;lever_rag_thinking_gate_supergpqa_seed838.jsonl:rag_thinking_gate
SuperGPQA-hard,5f1d14b7898843078179131808d8b102,2,2,0,0,True,False,lever_control_supergpqa_seed838.jsonl:control;lever_rag_thinking_gate_supergpqa_seed838.jsonl:rag_thinking_gate
SuperGPQA-hard,37bee659d0f24b6bbb7cf0019b18266b,4,3,1,1,False,False,lever_control_supergpqa_seed838.jsonl:control;lever_rag_thinking_gate_supergpqa_seed838.jsonl:rag_thinking_gate;META2_control_supergpqa_seed909.jsonl:control;META2_permuted_panel_supergpqa_seed909.jsonl:permuted_panel
SuperGPQA-hard,b232c347b66641feb655e8089ad3236c,2,2,0,0,True,False,lever_control_supergpqa_seed838.jsonl:control;lever_rag_thinking_gate_supergpqa_seed838.jsonl:rag_thinking_gate
SuperGPQA-hard,45ead910eb784c63aff46227f35006c1,2,0,2,1,True,True,lever_control_supergpqa_seed838.jsonl:control;lever_rag_thinking_gate_supergpqa_seed838.jsonl:rag_thinking_gate
SuperGPQA-hard,1f7eebad0c1b4d7bada8526fc5eca57a,2,2,0,0,True,False,lever_control_supergpqa_seed838.jsonl:control;lever_rag_thinking_gate_supergpqa_seed838.jsonl:rag_thinking_gate
SuperGPQA-hard,76baec1d98e94e2aaa91e9e07bafc4ee,2,2,0,0,True,False,lever_control_supergpqa_seed838.jsonl:control;lever_rag_thinking_gate_supergpqa_seed838.jsonl:rag_thinking_gate
SuperGPQA-hard,5dc0a21f75b44980b701d62896d3edcb,2,0,2,1,True,True,lever_control_supergpqa_seed838.jsonl:control;lever_rag_thinking_gate_supergpqa_seed838.jsonl:rag_thinking_gate
SuperGPQA-hard,f89ec3f159cd40c385b7f26813b62486,2,2,0,0,True,False,lever_control_supergpqa_seed838.jsonl:control;lever_rag_thinking_gate_supergpqa_seed838.jsonl:rag_thinking_gate
SuperGPQA-hard,029f7e87aa534e76b95b143ca61b8051,2,2,0,0,True,False,lever_control_supergpqa_seed838.jsonl:control;lever_rag_thinking_gate_supergpqa_seed838.jsonl:rag_thinking_gate
SuperGPQA-hard,92158717e4684fbc960d84d858017ff8,2,2,0,0,True,False,lever_control_supergpqa_seed838.jsonl:control;lever_rag_thinking_gate_supergpqa_seed838.jsonl:rag_thinking_gate
SuperGPQA-hard,8e58552045574cd082ae3ea220ee55d9,2,1,1,1,False,True,lever_control_supergpqa_seed838.jsonl:control;lever_rag_thinking_gate_supergpqa_seed838.jsonl:rag_thinking_gate
SuperGPQA-hard,be529e4267c8488f8df3970620cef40e,2,1,1,1,False,True,lever_control_supergpqa_seed838.jsonl:control;lever_rag_thinking_gate_supergpqa_seed838.jsonl:rag_thinking_gate
SuperGPQA-hard,8286c21c723f421cae07723ee28f793c,2,2,0,0,True,False,lever_control_supergpqa_seed838.jsonl:control;lever_rag_thinking_gate_supergpqa_seed838.jsonl:rag_thinking_gate
SuperGPQA-hard,aa75f2e217f34054905f326269e5565f,2,0,2,2,False,True,lever_control_supergpqa_seed838.jsonl:control;lever_rag_thinking_gate_supergpqa_seed838.jsonl:rag_thinking_gate
SuperGPQA-hard,52d60b890b534b4090eb911da9632d13,2,2,0,0,True,False,lever_control_supergpqa_seed838.jsonl:control;lever_rag_thinking_gate_supergpqa_seed838.jsonl:rag_thinking_gate
SuperGPQA-hard,6be198f958ef4516852dc9c0b0f93766,2,1,1,1,False,True,lever_control_supergpqa_seed838.jsonl:control;lever_rag_thinking_gate_supergpqa_seed838.jsonl:rag_thinking_gate
SuperGPQA-hard,4706d9d11ac74f13bb26c4e243a9fedd,2,2,0,0,True,False,lever_control_supergpqa_seed838.jsonl:control;lever_rag_thinking_gate_supergpqa_seed838.jsonl:rag_thinking_gate
SuperGPQA-hard,d651ee6a2c05458abcfa6fc4f2701660,2,2,0,0,True,False,lever_control_supergpqa_seed838.jsonl:control;lever_rag_thinking_gate_supergpqa_seed838.jsonl:rag_thinking_gate
SuperGPQA-hard,b6bb5716a3e04e67b34e8675a3eddde3,2,2,0,0,True,False,lever_control_supergpqa_seed838.jsonl:control;lever_rag_thinking_gate_supergpqa_seed838.jsonl:rag_thinking_gate
SuperGPQA-hard,25139c83331f4efead0a39063294e6d1,2,2,0,0,True,False,lever_control_supergpqa_seed838.jsonl:control;lever_rag_thinking_gate_supergpqa_seed838.jsonl:rag_thinking_gate
SuperGPQA-hard,8bec621e6eae43f59459dacaebd4cc42,2,2,0,0,True,False,lever_control_supergpqa_seed838.jsonl:control;lever_rag_thinking_gate_supergpqa_seed838.jsonl:rag_thinking_gate
SuperGPQA-hard,f0ad3ea70b04422fbf89443a247fd4c6,2,2,0,0,True,False,lever_control_supergpqa_seed838.jsonl:control;lever_rag_thinking_gate_supergpqa_seed838.jsonl:rag_thinking_gate
SuperGPQA-hard,450173d7e21e4b66a618097c366a3755,2,2,0,0,True,False,lever_control_supergpqa_seed838.jsonl:control;lever_rag_thinking_gate_supergpqa_seed838.jsonl:rag_thinking_gate
SuperGPQA-hard,f7b30d755ce94690aee11d8246a70df3,2,2,0,0,True,False,lever_control_supergpqa_seed838.jsonl:control;lever_rag_thinking_gate_supergpqa_seed838.jsonl:rag_thinking_gate
SuperGPQA-hard,c9820d674f5e49148ebf9a5211482572,2,2,0,0,True,False,lever_control_supergpqa_seed838.jsonl:control;lever_rag_thinking_gate_supergpqa_seed838.jsonl:rag_thinking_gate
SuperGPQA-hard,6debc81571924be3a4b1fb060efa5d28,2,1,1,1,False,False,lever_control_supergpqa_seed838.jsonl:control;lever_rag_thinking_gate_supergpqa_seed838.jsonl:rag_thinking_gate
SuperGPQA-hard,2e0a1bdc84054c3886f8f6dcad5d123d,2,2,0,0,True,False,lever_control_supergpqa_seed838.jsonl:control;lever_rag_thinking_gate_supergpqa_seed838.jsonl:rag_thinking_gate
SuperGPQA-hard,774540d412ae4311b7aa433bf2f64b10,2,2,0,0,True,False,lever_control_supergpqa_seed838.jsonl:control;lever_rag_thinking_gate_supergpqa_seed838.jsonl:rag_thinking_gate
SuperGPQA-hard,e4e11a5fc2714133b1c7af4a68f24b7c,2,0,2,1,True,True,lever_control_supergpqa_seed838.jsonl:control;lever_rag_thinking_gate_supergpqa_seed838.jsonl:rag_thinking_gate
SuperGPQA-hard,4da6b094f021432e9f07bcff16c36b4e,4,0,4,2,False,True,lever_control_supergpqa_seed838.jsonl:control;lever_cycled_panel_supergpqa_seed19.jsonl:cycled_panel;lever_diversified_panel_supergpqa_seed19.jsonl:diversified_panel;lever_rag_thinking_gate_supergpqa_seed838.jsonl:rag_thinking_gate
SuperGPQA-hard,71af5cfedc1849cd9c99e9d4904c1d97,2,2,0,0,True,False,lever_control_supergpqa_seed838.jsonl:control;lever_rag_thinking_gate_supergpqa_seed838.jsonl:rag_thinking_gate
SuperGPQA-hard,7fe42cc3bf84464993ffb660dac2653f,2,2,0,0,True,False,lever_control_supergpqa_seed838.jsonl:control;lever_rag_thinking_gate_supergpqa_seed838.jsonl:rag_thinking_gate
SuperGPQA-hard,4c53840b44904a97b04bf942e34ce522,2,0,2,1,True,True,lever_control_supergpqa_seed838.jsonl:control;lever_rag_thinking_gate_supergpqa_seed838.jsonl:rag_thinking_gate
SuperGPQA-hard,4ae91bc0704c4d16891bceda9518416c,2,0,2,2,False,True,lever_control_supergpqa_seed838.jsonl:control;lever_rag_thinking_gate_supergpqa_seed838.jsonl:rag_thinking_gate
SuperGPQA-hard,7038ebb226d241c69e0370492f042a10,2,2,0,0,True,False,lever_control_supergpqa_seed838.jsonl:control;lever_rag_thinking_gate_supergpqa_seed838.jsonl:rag_thinking_gate
SuperGPQA-hard,f7cfee802ef34c3688d63c879ffd007b,4,3,1,1,False,False,lever_control_supergpqa_seed838.jsonl:control;lever_rag_thinking_gate_supergpqa_seed838.jsonl:rag_thinking_gate;META2_control_supergpqa_seed909.jsonl:control;META2_permuted_panel_supergpqa_seed909.jsonl:permuted_panel
SuperGPQA-hard,4317af96cdb445fe8d23e95bbf487c6d,2,2,0,0,True,False,lever_control_supergpqa_seed838.jsonl:control;lever_rag_thinking_gate_supergpqa_seed838.jsonl:rag_thinking_gate
SuperGPQA-hard,6f48814bd0a14a67bb76a67dfff57723,2,2,0,0,True,False,lever_control_supergpqa_seed838.jsonl:control;lever_rag_thinking_gate_supergpqa_seed838.jsonl:rag_thinking_gate
SuperGPQA-hard,29e041d1e6384f738d9582ca5d67d584,2,2,0,0,True,False,lever_control_supergpqa_seed838.jsonl:control;lever_rag_thinking_gate_supergpqa_seed838.jsonl:rag_thinking_gate
SuperGPQA-hard,fab25aad3a89427aaf6cdffc0295360e,2,2,0,0,True,False,lever_control_supergpqa_seed838.jsonl:control;lever_rag_thinking_gate_supergpqa_seed838.jsonl:rag_thinking_gate
SuperGPQA-hard,5df707865b404a0697d8fd1791bb9b0b,2,0,2,1,True,True,lever_control_supergpqa_seed838.jsonl:control;lever_rag_thinking_gate_supergpqa_seed838.jsonl:rag_thinking_gate
SuperGPQA-hard,b9f43cc8a6ff4438ab18497fc9bf7cf0,2,0,2,1,True,True,lever_control_supergpqa_seed838.jsonl:control;lever_rag_thinking_gate_supergpqa_seed838.jsonl:rag_thinking_gate
SuperGPQA-hard,a33d9512c6ab4a3eb4e172e2e2255293,2,2,0,0,True,False,lever_control_supergpqa_seed838.jsonl:control;lever_rag_thinking_gate_supergpqa_seed838.jsonl:rag_thinking_gate
SuperGPQA-hard,7adc0c3199974e778dbb75b22c3406d4,2,2,0,0,True,False,lever_control_supergpqa_seed838.jsonl:control;lever_rag_thinking_gate_supergpqa_seed838.jsonl:rag_thinking_gate
SuperGPQA-hard,b8de1171b4a44ba4bf85615dca222549,2,0,2,1,True,True,lever_control_supergpqa_seed838.jsonl:control;lever_rag_thinking_gate_supergpqa_seed838.jsonl:rag_thinking_gate
SuperGPQA-hard,e639f6eaf9a542f4a26c1358c0ef3f2c,2,0,2,1,True,True,lever_control_supergpqa_seed838.jsonl:control;lever_rag_thinking_gate_supergpqa_seed838.jsonl:rag_thinking_gate
SuperGPQA-hard,cf53bf592b244cb1ad02b684eda29e3b,4,3,1,1,False,False,lever_control_supergpqa_seed838.jsonl:control;lever_rag_thinking_gate_supergpqa_seed838.jsonl:rag_thinking_gate;META2_control_supergpqa_seed909.jsonl:control;META2_permuted_panel_supergpqa_seed909.jsonl:permuted_panel
SuperGPQA-hard,8aa00695f3ed4b3a9d445fec8513b65b,2,2,0,0,True,False,lever_control_supergpqa_seed838.jsonl:control;lever_rag_thinking_gate_supergpqa_seed838.jsonl:rag_thinking_gate
SuperGPQA-hard,1667a63ffa874e25950f004d0bfe0199,2,2,0,0,True,False,lever_control_supergpqa_seed838.jsonl:control;lever_rag_thinking_gate_supergpqa_seed838.jsonl:rag_thinking_gate
SuperGPQA-hard,59964f9268c240609796de021ca97aff,2,1,1,1,False,True,lever_control_supergpqa_seed838.jsonl:control;lever_rag_thinking_gate_supergpqa_seed838.jsonl:rag_thinking_gate
SuperGPQA-hard,e8716931ede04137a3dfa8794d456d57,2,2,0,0,True,False,lever_control_supergpqa_seed838.jsonl:control;lever_rag_thinking_gate_supergpqa_seed838.jsonl:rag_thinking_gate
SuperGPQA-hard,85fd7a86245d412e865fda1920b02b2a,2,2,0,0,True,False,lever_control_supergpqa_seed838.jsonl:control;lever_rag_thinking_gate_supergpqa_seed838.jsonl:rag_thinking_gate
SuperGPQA-hard,a38723e1b2ea48b9b8d6a723fc64d90d,2,0,2,2,False,True,lever_control_supergpqa_seed838.jsonl:control;lever_rag_thinking_gate_supergpqa_seed838.jsonl:rag_thinking_gate
SuperGPQA-hard,6bff44235adb4f219d4c041c565f5faf,2,2,0,0,True,False,lever_control_supergpqa_seed838.jsonl:control;lever_rag_thinking_gate_supergpqa_seed838.jsonl:rag_thinking_gate
SuperGPQA-hard,e9e1fba9d67a424abefb846d7aa58857,2,2,0,0,True,False,lever_control_supergpqa_seed838.jsonl:control;lever_rag_thinking_gate_supergpqa_seed838.jsonl:rag_thinking_gate
SuperGPQA-hard,6d9c551019b94cf6bf31b3e5189c4607,2,2,0,0,True,False,lever_control_supergpqa_seed838.jsonl:control;lever_rag_thinking_gate_supergpqa_seed838.jsonl:rag_thinking_gate
SuperGPQA-hard,791dcce8a03d4e438922d47882148a8c,3,2,1,1,False,False,lever_control_supergpqa_seed838.jsonl:control;lever_rag_thinking_gate_supergpqa_seed838.jsonl:rag_thinking_gate;META2_control_supergpqa_seed2027.jsonl:control
SuperGPQA-hard,4ec7fd279abe4399b72a91acb406fa9e,2,1,1,1,False,True,lever_control_supergpqa_seed838.jsonl:control;lever_rag_thinking_gate_supergpqa_seed838.jsonl:rag_thinking_gate
SuperGPQA-hard,75137178e29747f9975dc7624cca3109,6,6,0,0,True,False,lever_control_supergpqa_seed838.jsonl:control;lever_cycled_panel_supergpqa_seed19.jsonl:cycled_panel;lever_diversified_panel_supergpqa_seed19.jsonl:diversified_panel;lever_rag_thinking_gate_supergpqa_seed838.jsonl:rag_thinking_gate;META2_control_supergpqa_seed2027.jsonl:control;META2_permuted_panel_supergpqa_seed2027.jsonl:permuted_panel
SuperGPQA-hard,388a3c0ff6bb403b89f8fa9441989e29,2,2,0,0,True,False,lever_control_supergpqa_seed838.jsonl:control;lever_rag_thinking_gate_supergpqa_seed838.jsonl:rag_thinking_gate
SuperGPQA-hard,a42ce4ef47314d43bdcb8f6e33bae8be,2,2,0,0,True,False,lever_control_supergpqa_seed838.jsonl:control;lever_rag_thinking_gate_supergpqa_seed838.jsonl:rag_thinking_gate
SuperGPQA-hard,cb587d9fecd8447b9a8c98f3c1b1ff3e,2,2,0,0,True,False,lever_control_supergpqa_seed838.jsonl:control;lever_rag_thinking_gate_supergpqa_seed838.jsonl:rag_thinking_gate
SuperGPQA-hard,84644f66158b4fdaaddb6fc86aa19a3b,4,3,1,1,False,False,lever_control_supergpqa_seed838.jsonl:control;lever_cycled_panel_supergpqa_seed19.jsonl:cycled_panel;lever_diversified_panel_supergpqa_seed19.jsonl:diversified_panel;lever_rag_thinking_gate_supergpqa_seed838.jsonl:rag_thinking_gate
SuperGPQA-hard,96de9708bb69463b846fd1c6300b9f0a,2,0,2,2,False,True,lever_cycled_panel_supergpqa_seed19.jsonl:cycled_panel;lever_diversified_panel_supergpqa_seed19.jsonl:diversified_panel
SuperGPQA-hard,4cc09d5121b24752ae88aaade87f5b18,2,0,2,2,False,True,lever_cycled_panel_supergpqa_seed19.jsonl:cycled_panel;lever_diversified_panel_supergpqa_seed19.jsonl:diversified_panel
SuperGPQA-hard,4df480a05c3149fbbc378c400adc2ccd,2,2,0,0,True,False,lever_cycled_panel_supergpqa_seed19.jsonl:cycled_panel;lever_diversified_panel_supergpqa_seed19.jsonl:diversified_panel
SuperGPQA-hard,7579d2311eed41c6811a85ecc6f9e5c9,2,1,1,1,False,False,lever_cycled_panel_supergpqa_seed19.jsonl:cycled_panel;lever_diversified_panel_supergpqa_seed19.jsonl:diversified_panel
SuperGPQA-hard,18ecdb4991cf4d248296db7f1893c7ea,2,0,2,1,True,True,lever_cycled_panel_supergpqa_seed19.jsonl:cycled_panel;lever_diversified_panel_supergpqa_seed19.jsonl:diversified_panel
SuperGPQA-hard,0d9ba8e9698c49639500b5550c57d7ee,2,2,0,0,True,False,lever_cycled_panel_supergpqa_seed19.jsonl:cycled_panel;lever_diversified_panel_supergpqa_seed19.jsonl:diversified_panel
SuperGPQA-hard,572769efcc6d4031adc194211e973490,2,2,0,0,True,False,lever_cycled_panel_supergpqa_seed19.jsonl:cycled_panel;lever_diversified_panel_supergpqa_seed19.jsonl:diversified_panel
SuperGPQA-hard,6f900ba491194836a96b960a6ad728bf,2,0,2,2,False,True,lever_cycled_panel_supergpqa_seed19.jsonl:cycled_panel;lever_diversified_panel_supergpqa_seed19.jsonl:diversified_panel
SuperGPQA-hard,d8509b5a44834ec6ad75db04c1aee8f6,2,0,2,1,True,True,lever_cycled_panel_supergpqa_seed19.jsonl:cycled_panel;lever_diversified_panel_supergpqa_seed19.jsonl:diversified_panel
SuperGPQA-hard,52021db90913488caf319ab17121120c,2,2,0,0,True,False,lever_cycled_panel_supergpqa_seed19.jsonl:cycled_panel;lever_diversified_panel_supergpqa_seed19.jsonl:diversified_panel
SuperGPQA-hard,097f9aedb1f24c25a4e5673ac9d5ba93,2,2,0,0,True,False,lever_cycled_panel_supergpqa_seed19.jsonl:cycled_panel;lever_diversified_panel_supergpqa_seed19.jsonl:diversified_panel
SuperGPQA-hard,17ac767a0dda4fa4ac527695baa7519d,2,0,2,1,True,True,lever_cycled_panel_supergpqa_seed19.jsonl:cycled_panel;lever_diversified_panel_supergpqa_seed19.jsonl:diversified_panel
SuperGPQA-hard,fdb82c5da8514a1f8d8cade343d372bf,2,2,0,0,True,False,lever_cycled_panel_supergpqa_seed19.jsonl:cycled_panel;lever_diversified_panel_supergpqa_seed19.jsonl:diversified_panel
SuperGPQA-hard,8511f059ad6248e5a0bcc0f22d93ba2e,2,1,1,1,False,True,lever_cycled_panel_supergpqa_seed19.jsonl:cycled_panel;lever_diversified_panel_supergpqa_seed19.jsonl:diversified_panel
SuperGPQA-hard,5be153717fd341c9b63d6f25778e5aac,2,0,2,2,False,True,lever_cycled_panel_supergpqa_seed19.jsonl:cycled_panel;lever_diversified_panel_supergpqa_seed19.jsonl:diversified_panel
SuperGPQA-hard,a1bed481cda3417295912d6db997a9c5,2,0,2,1,True,True,lever_cycled_panel_supergpqa_seed19.jsonl:cycled_panel;lever_diversified_panel_supergpqa_seed19.jsonl:diversified_panel
SuperGPQA-hard,830cccab332c43ad9425d296af89ab00,2,0,2,2,False,True,lever_cycled_panel_supergpqa_seed19.jsonl:cycled_panel;lever_diversified_panel_supergpqa_seed19.jsonl:diversified_panel
SuperGPQA-hard,cc2d160cb5f6455c8da635903f540371,2,2,0,0,True,False,lever_cycled_panel_supergpqa_seed19.jsonl:cycled_panel;lever_diversified_panel_supergpqa_seed19.jsonl:diversified_panel
SuperGPQA-hard,e4446b9edaa946968fbdad0ebcb4b3d4,2,0,2,1,True,True,lever_cycled_panel_supergpqa_seed19.jsonl:cycled_panel;lever_diversified_panel_supergpqa_seed19.jsonl:diversified_panel
SuperGPQA-hard,ed8b16d1f60a45a8b8d85bbf0733f4e7,2,0,2,2,False,True,lever_cycled_panel_supergpqa_seed19.jsonl:cycled_panel;lever_diversified_panel_supergpqa_seed19.jsonl:diversified_panel
SuperGPQA-hard,cf6ffc3020ba42a7871c5e6a8b37000c,2,2,0,0,True,False,lever_cycled_panel_supergpqa_seed19.jsonl:cycled_panel;lever_diversified_panel_supergpqa_seed19.jsonl:diversified_panel
SuperGPQA-hard,7268698fce624c8a90a0fdf7c65a66d8,2,2,0,0,True,False,lever_cycled_panel_supergpqa_seed19.jsonl:cycled_panel;lever_diversified_panel_supergpqa_seed19.jsonl:diversified_panel
SuperGPQA-hard,37350fba596c40b9bb6765725919d996,2,1,1,1,False,True,lever_cycled_panel_supergpqa_seed19.jsonl:cycled_panel;lever_diversified_panel_supergpqa_seed19.jsonl:diversified_panel
SuperGPQA-hard,ad49a2d77e14436d9866f5882fe884cb,2,0,2,1,True,True,lever_cycled_panel_supergpqa_seed19.jsonl:cycled_panel;lever_diversified_panel_supergpqa_seed19.jsonl:diversified_panel
SuperGPQA-hard,240b244bf06a413aa0d89c526f540bb0,2,2,0,0,True,False,lever_cycled_panel_supergpqa_seed19.jsonl:cycled_panel;lever_diversified_panel_supergpqa_seed19.jsonl:diversified_panel
SuperGPQA-hard,39b523e1544248428f4a7aec54a306f8,2,1,1,1,False,False,lever_cycled_panel_supergpqa_seed19.jsonl:cycled_panel;lever_diversified_panel_supergpqa_seed19.jsonl:diversified_panel
SuperGPQA-hard,ba9179824d684f61982600f4d135daaa,2,1,1,1,False,True,lever_cycled_panel_supergpqa_seed19.jsonl:cycled_panel;lever_diversified_panel_supergpqa_seed19.jsonl:diversified_panel
SuperGPQA-hard,b4c687ff4f9242148bf15b825653c4ec,2,2,0,0,True,False,lever_cycled_panel_supergpqa_seed19.jsonl:cycled_panel;lever_diversified_panel_supergpqa_seed19.jsonl:diversified_panel
SuperGPQA-hard,d64856ca870f4220924bc661d70468c8,2,0,2,1,True,True,lever_cycled_panel_supergpqa_seed19.jsonl:cycled_panel;lever_diversified_panel_supergpqa_seed19.jsonl:diversified_panel
SuperGPQA-hard,99ff46c39bee42d0a3ff6925e112b257,2,0,2,1,True,True,lever_cycled_panel_supergpqa_seed19.jsonl:cycled_panel;lever_diversified_panel_supergpqa_seed19.jsonl:diversified_panel
SuperGPQA-hard,4a6e1f20cfb94162b9766d55fb8faf5a,2,0,2,1,True,True,lever_cycled_panel_supergpqa_seed19.jsonl:cycled_panel;lever_diversified_panel_supergpqa_seed19.jsonl:diversified_panel
SuperGPQA-hard,319876d9dae8430aa8c25ae3b9da1577,2,0,2,1,True,True,lever_cycled_panel_supergpqa_seed19.jsonl:cycled_panel;lever_diversified_panel_supergpqa_seed19.jsonl:diversified_panel
SuperGPQA-hard,d69bdd15a4b74cf7800920dbd1928452,2,0,2,1,True,True,lever_cycled_panel_supergpqa_seed19.jsonl:cycled_panel;lever_diversified_panel_supergpqa_seed19.jsonl:diversified_panel
SuperGPQA-hard,a9cce0ae643b4633bf6d4d9a7e22fa35,2,0,2,2,False,True,lever_cycled_panel_supergpqa_seed19.jsonl:cycled_panel;lever_diversified_panel_supergpqa_seed19.jsonl:diversified_panel
SuperGPQA-hard,a91ed7e946af4172be3dab0bd762c014,2,2,0,0,True,False,lever_cycled_panel_supergpqa_seed19.jsonl:cycled_panel;lever_diversified_panel_supergpqa_seed19.jsonl:diversified_panel
SuperGPQA-hard,0aced28d37014fbdb3ccb35c475698cd,2,1,1,1,False,False,lever_cycled_panel_supergpqa_seed19.jsonl:cycled_panel;lever_diversified_panel_supergpqa_seed19.jsonl:diversified_panel
SuperGPQA-hard,6adc7a620415473da6d5a69d3d3b27e5,2,0,2,1,True,True,lever_cycled_panel_supergpqa_seed19.jsonl:cycled_panel;lever_diversified_panel_supergpqa_seed19.jsonl:diversified_panel
SuperGPQA-hard,800ce17fc9d042199f5e566870379013,2,2,0,0,True,False,lever_cycled_panel_supergpqa_seed19.jsonl:cycled_panel;lever_diversified_panel_supergpqa_seed19.jsonl:diversified_panel
SuperGPQA-hard,bb6098ed7f43413d99b699313fa26228,2,0,2,1,True,True,lever_cycled_panel_supergpqa_seed19.jsonl:cycled_panel;lever_diversified_panel_supergpqa_seed19.jsonl:diversified_panel
SuperGPQA-hard,b4fbaecc4a764ac4ab6d58be984fee6e,2,0,2,1,True,True,lever_cycled_panel_supergpqa_seed19.jsonl:cycled_panel;lever_diversified_panel_supergpqa_seed19.jsonl:diversified_panel
SuperGPQA-hard,7f90368bde1646bd8658c21fc3fa022e,2,1,1,1,False,True,lever_cycled_panel_supergpqa_seed19.jsonl:cycled_panel;lever_diversified_panel_supergpqa_seed19.jsonl:diversified_panel
SuperGPQA-hard,9c1a9d87952f4b258171f48697b8b380,2,0,2,1,True,True,lever_cycled_panel_supergpqa_seed19.jsonl:cycled_panel;lever_diversified_panel_supergpqa_seed19.jsonl:diversified_panel
SuperGPQA-hard,3e2c9fee16e24ee38c9c93bf43be775b,2,1,1,1,False,True,lever_cycled_panel_supergpqa_seed19.jsonl:cycled_panel;lever_diversified_panel_supergpqa_seed19.jsonl:diversified_panel
SuperGPQA-hard,b526da7c6f604c85852e1aefd69f2fc3,2,2,0,0,True,False,lever_cycled_panel_supergpqa_seed19.jsonl:cycled_panel;lever_diversified_panel_supergpqa_seed19.jsonl:diversified_panel
SuperGPQA-hard,c880f8b15e6d4b0ab8fd8a8dbcccc9de,2,2,0,0,True,False,lever_cycled_panel_supergpqa_seed19.jsonl:cycled_panel;lever_diversified_panel_supergpqa_seed19.jsonl:diversified_panel
SuperGPQA-hard,d5b5046b851244b2a5b5064b05a47044,2,2,0,0,True,False,lever_cycled_panel_supergpqa_seed19.jsonl:cycled_panel;lever_diversified_panel_supergpqa_seed19.jsonl:diversified_panel
SuperGPQA-hard,dbb72b44038641f093b3190b50f55c07,2,0,2,1,True,True,lever_cycled_panel_supergpqa_seed19.jsonl:cycled_panel;lever_diversified_panel_supergpqa_seed19.jsonl:diversified_panel
SuperGPQA-hard,35a725001bd84d4d99770ffdb1aa2aad,2,0,2,1,True,True,lever_cycled_panel_supergpqa_seed19.jsonl:cycled_panel;lever_diversified_panel_supergpqa_seed19.jsonl:diversified_panel
SuperGPQA-hard,c8a2acecac234ab6ab356ddae087be03,2,2,0,0,True,False,lever_cycled_panel_supergpqa_seed19.jsonl:cycled_panel;lever_diversified_panel_supergpqa_seed19.jsonl:diversified_panel
SuperGPQA-hard,1a5707eca8304fb4a0930abf341c6d43,2,0,2,1,True,True,lever_cycled_panel_supergpqa_seed19.jsonl:cycled_panel;lever_diversified_panel_supergpqa_seed19.jsonl:diversified_panel
SuperGPQA-hard,5176e714d8ec47ed972067003052ed0b,2,2,0,0,True,False,lever_cycled_panel_supergpqa_seed19.jsonl:cycled_panel;lever_diversified_panel_supergpqa_seed19.jsonl:diversified_panel
SuperGPQA-hard,85b411f1253a4bf1a0513244fc9cd18f,2,1,1,1,False,False,lever_cycled_panel_supergpqa_seed19.jsonl:cycled_panel;lever_diversified_panel_supergpqa_seed19.jsonl:diversified_panel
SuperGPQA-hard,622296777b7f4aa38a74652b8efc6b67,2,2,0,0,True,False,lever_cycled_panel_supergpqa_seed19.jsonl:cycled_panel;lever_diversified_panel_supergpqa_seed19.jsonl:diversified_panel
SuperGPQA-hard,ee5adda33b484d39ac3b892c6bfcf7f4,2,0,2,1,True,True,lever_cycled_panel_supergpqa_seed19.jsonl:cycled_panel;lever_diversified_panel_supergpqa_seed19.jsonl:diversified_panel
SuperGPQA-hard,c159804aefa047ef86b65e63f1735794,2,2,0,0,True,False,lever_cycled_panel_supergpqa_seed19.jsonl:cycled_panel;lever_diversified_panel_supergpqa_seed19.jsonl:diversified_panel
SuperGPQA-hard,5f4dce12f9a244dcb7631b51b6cfb7d0,2,2,0,0,True,False,lever_cycled_panel_supergpqa_seed19.jsonl:cycled_panel;lever_diversified_panel_supergpqa_seed19.jsonl:diversified_panel
SuperGPQA-hard,cf1d87cecba74957b3c7c3054f95be81,2,0,2,2,False,True,lever_cycled_panel_supergpqa_seed19.jsonl:cycled_panel;lever_diversified_panel_supergpqa_seed19.jsonl:diversified_panel
SuperGPQA-hard,ec33474441a246628b52f2cd92e42848,2,2,0,0,True,False,lever_cycled_panel_supergpqa_seed19.jsonl:cycled_panel;lever_diversified_panel_supergpqa_seed19.jsonl:diversified_panel
SuperGPQA-hard,4295a35934474721a9bc74e675c8c2d9,2,2,0,0,True,False,lever_cycled_panel_supergpqa_seed19.jsonl:cycled_panel;lever_diversified_panel_supergpqa_seed19.jsonl:diversified_panel
SuperGPQA-hard,447cecef7ae74a66a5cd4e00e6c8ecd2,2,0,2,1,True,True,lever_cycled_panel_supergpqa_seed19.jsonl:cycled_panel;lever_diversified_panel_supergpqa_seed19.jsonl:diversified_panel
SuperGPQA-hard,dbf352790b754c3db88217235557c64c,2,2,0,0,True,False,lever_cycled_panel_supergpqa_seed19.jsonl:cycled_panel;lever_diversified_panel_supergpqa_seed19.jsonl:diversified_panel
SuperGPQA-hard,eafcd86892c845cbaabd15f986af3e6c,2,2,0,0,True,False,lever_cycled_panel_supergpqa_seed19.jsonl:cycled_panel;lever_diversified_panel_supergpqa_seed19.jsonl:diversified_panel
SuperGPQA-hard,5b084c10dcfd415b8e9e8873069bc6e7,2,2,0,0,True,False,lever_cycled_panel_supergpqa_seed19.jsonl:cycled_panel;lever_diversified_panel_supergpqa_seed19.jsonl:diversified_panel
SuperGPQA-hard,1723a610e3aa4f86a6374738f1b0466b,2,2,0,0,True,False,lever_cycled_panel_supergpqa_seed19.jsonl:cycled_panel;lever_diversified_panel_supergpqa_seed19.jsonl:diversified_panel
SuperGPQA-hard,701898aad61a489886c2eb8f4db59cdd,2,0,2,2,False,True,lever_cycled_panel_supergpqa_seed19.jsonl:cycled_panel;lever_diversified_panel_supergpqa_seed19.jsonl:diversified_panel
SuperGPQA-hard,33f4021880ee450ab42490c299db88d6,2,0,2,2,False,True,lever_cycled_panel_supergpqa_seed19.jsonl:cycled_panel;lever_diversified_panel_supergpqa_seed19.jsonl:diversified_panel
SuperGPQA-hard,de1950516378426e8ffac8edc68cbb86,2,0,2,1,True,True,lever_cycled_panel_supergpqa_seed19.jsonl:cycled_panel;lever_diversified_panel_supergpqa_seed19.jsonl:diversified_panel
SuperGPQA-hard,58afd33ef5d24b3bb7d214b9cdb5db0d,2,2,0,0,True,False,lever_cycled_panel_supergpqa_seed19.jsonl:cycled_panel;lever_diversified_panel_supergpqa_seed19.jsonl:diversified_panel
SuperGPQA-hard,0557caca2fe347c29170e24eae1f076d,2,2,0,0,True,False,lever_cycled_panel_supergpqa_seed19.jsonl:cycled_panel;lever_diversified_panel_supergpqa_seed19.jsonl:diversified_panel
SuperGPQA-hard,900345e64f964883a76dc1b78ce26f14,2,0,2,1,True,True,lever_cycled_panel_supergpqa_seed19.jsonl:cycled_panel;lever_diversified_panel_supergpqa_seed19.jsonl:diversified_panel
SuperGPQA-hard,bd3c525b63b745208f0fff4028f50d23,2,1,1,1,False,False,lever_cycled_panel_supergpqa_seed19.jsonl:cycled_panel;lever_diversified_panel_supergpqa_seed19.jsonl:diversified_panel
SuperGPQA-hard,ea949e7345ea4f28bda095f1066c928f,2,2,0,0,True,False,lever_cycled_panel_supergpqa_seed19.jsonl:cycled_panel;lever_diversified_panel_supergpqa_seed19.jsonl:diversified_panel
SuperGPQA-hard,e90de2e77fa94a12893bbe63fcde4c80,2,1,1,1,False,False,lever_cycled_panel_supergpqa_seed19.jsonl:cycled_panel;lever_diversified_panel_supergpqa_seed19.jsonl:diversified_panel
SuperGPQA-hard,35674e7f0b134a13a82d46f4babdf749,2,2,0,0,True,False,lever_cycled_panel_supergpqa_seed19.jsonl:cycled_panel;lever_diversified_panel_supergpqa_seed19.jsonl:diversified_panel
SuperGPQA-hard,c18165652d764f8283c9ee5e0fcb766c,2,0,2,1,True,True,lever_cycled_panel_supergpqa_seed19.jsonl:cycled_panel;lever_diversified_panel_supergpqa_seed19.jsonl:diversified_panel
SuperGPQA-hard,291b20b80f20452ab35d37928a85b5cc,2,0,2,1,True,True,lever_cycled_panel_supergpqa_seed19.jsonl:cycled_panel;lever_diversified_panel_supergpqa_seed19.jsonl:diversified_panel
SuperGPQA-hard,0470883f4bd6454a9080210d435a58e7,2,2,0,0,True,False,lever_cycled_panel_supergpqa_seed19.jsonl:cycled_panel;lever_diversified_panel_supergpqa_seed19.jsonl:diversified_panel
SuperGPQA-hard,16bf421100124ababe356600a10d9b2e,2,1,1,1,False,True,lever_cycled_panel_supergpqa_seed19.jsonl:cycled_panel;lever_diversified_panel_supergpqa_seed19.jsonl:diversified_panel
SuperGPQA-hard,5cb9e12dbd64468a9ef69d9303febfe6,2,0,2,1,True,True,lever_cycled_panel_supergpqa_seed19.jsonl:cycled_panel;lever_diversified_panel_supergpqa_seed19.jsonl:diversified_panel
SuperGPQA-hard,301e624803b94d4dad6828fb2310bdca,9,2,7,1,False,True,lever_rag_presolve_supergpqa_seed42.jsonl:rag_presolve;lever_rag_recursive_supergpqa_seed42.jsonl:rag_recursive;moo_m1_eval.jsonl:moo:standard-tribunal;moo_m1_eval.jsonl:moo:rag_presolve;moo_m1_eval.jsonl:moo:thinking_gate;moo_m1_eval.jsonl:moo:rag_thinking_gate;moo_m1_eval.jsonl:moo:single-call;supergpqa_hard_pilot_seed42.jsonl:baseline_3.7max;supergpqa_hard_pilot_seed42.jsonl:shipped_engine(pilot)
MMLU-Pro,7070,10,10,0,0,True,False,lever_thinking_gate_mmlu_pro_seed42.jsonl:thinking_gate;mmlu_pro_pilot_seed42.jsonl:baseline_3.7max;mmlu_pro_pilot_seed42.jsonl:shipped_engine(pilot);moo_m1_eval.jsonl:moo:standard-tribunal;moo_m1_eval.jsonl:moo:stem-max;moo_m1_eval.jsonl:moo:thinking_gate;moo_m1_eval.jsonl:moo:rag_presolve;moo_m1_eval.jsonl:moo:flagship_panel;moo_m1_eval.jsonl:moo:single-call;moo_m1_eval.jsonl:moo:rag_thinking_gate
MMLU-Pro,5088,10,8,2,1,False,False,lever_thinking_gate_mmlu_pro_seed42.jsonl:thinking_gate;mmlu_pro_pilot_seed42.jsonl:baseline_3.7max;mmlu_pro_pilot_seed42.jsonl:shipped_engine(pilot);moo_m1_eval.jsonl:moo:standard-tribunal;moo_m1_eval.jsonl:moo:rag_presolve;moo_m1_eval.jsonl:moo:stem-max;moo_m1_eval.jsonl:moo:flagship_panel;moo_m1_eval.jsonl:moo:thinking_gate;moo_m1_eval.jsonl:moo:rag_thinking_gate;moo_m1_eval.jsonl:moo:single-call
MMLU-Pro,556,9,9,0,0,True,False,lever_thinking_gate_mmlu_pro_seed42.jsonl:thinking_gate;mmlu_pro_pilot_seed42.jsonl:baseline_3.7max;mmlu_pro_pilot_seed42.jsonl:shipped_engine(pilot);moo_m1_eval.jsonl:moo:stem-max;moo_m1_eval.jsonl:moo:rag_presolve;moo_m1_eval.jsonl:moo:standard-tribunal;moo_m1_eval.jsonl:moo:thinking_gate;moo_m1_eval.jsonl:moo:rag_thinking_gate;moo_m1_eval.jsonl:moo:single-call
MMLU-Pro,6570,10,10,0,0,True,False,lever_thinking_gate_mmlu_pro_seed42.jsonl:thinking_gate;mmlu_pro_pilot_seed42.jsonl:baseline_3.7max;mmlu_pro_pilot_seed42.jsonl:shipped_engine(pilot);moo_m1_eval.jsonl:moo:standard-tribunal;moo_m1_eval.jsonl:moo:stem-max;moo_m1_eval.jsonl:moo:rag_presolve;moo_m1_eval.jsonl:moo:thinking_gate;moo_m1_eval.jsonl:moo:flagship_panel;moo_m1_eval.jsonl:moo:single-call;moo_m1_eval.jsonl:moo:rag_thinking_gate
MMLU-Pro,7562,10,10,0,0,True,False,lever_thinking_gate_mmlu_pro_seed42.jsonl:thinking_gate;mmlu_pro_pilot_seed42.jsonl:baseline_3.7max;mmlu_pro_pilot_seed42.jsonl:shipped_engine(pilot);moo_m1_eval.jsonl:moo:standard-tribunal;moo_m1_eval.jsonl:moo:thinking_gate;moo_m1_eval.jsonl:moo:rag_presolve;moo_m1_eval.jsonl:moo:stem-max;moo_m1_eval.jsonl:moo:rag_thinking_gate;moo_m1_eval.jsonl:moo:single-call;moo_m1_eval.jsonl:moo:flagship_panel
MMLU-Pro,1496,3,2,1,1,False,False,lever_thinking_gate_mmlu_pro_seed42.jsonl:thinking_gate;mmlu_pro_pilot_seed42.jsonl:baseline_3.7max;mmlu_pro_pilot_seed42.jsonl:shipped_engine(pilot)
MMLU-Pro,473,10,10,0,0,True,False,lever_thinking_gate_mmlu_pro_seed42.jsonl:thinking_gate;mmlu_pro_pilot_seed42.jsonl:baseline_3.7max;mmlu_pro_pilot_seed42.jsonl:shipped_engine(pilot);moo_m1_eval.jsonl:moo:standard-tribunal;moo_m1_eval.jsonl:moo:thinking_gate;moo_m1_eval.jsonl:moo:stem-max;moo_m1_eval.jsonl:moo:rag_presolve;moo_m1_eval.jsonl:moo:flagship_panel;moo_m1_eval.jsonl:moo:rag_thinking_gate;moo_m1_eval.jsonl:moo:single-call
MMLU-Pro,2503,10,10,0,0,True,False,lever_thinking_gate_mmlu_pro_seed42.jsonl:thinking_gate;mmlu_pro_pilot_seed42.jsonl:baseline_3.7max;mmlu_pro_pilot_seed42.jsonl:shipped_engine(pilot);moo_m1_eval.jsonl:moo:standard-tribunal;moo_m1_eval.jsonl:moo:stem-max;moo_m1_eval.jsonl:moo:thinking_gate;moo_m1_eval.jsonl:moo:flagship_panel;moo_m1_eval.jsonl:moo:rag_presolve;moo_m1_eval.jsonl:moo:single-call;moo_m1_eval.jsonl:moo:rag_thinking_gate
MMLU-Pro,688,10,10,0,0,True,False,lever_thinking_gate_mmlu_pro_seed42.jsonl:thinking_gate;mmlu_pro_pilot_seed42.jsonl:baseline_3.7max;mmlu_pro_pilot_seed42.jsonl:shipped_engine(pilot);moo_m1_eval.jsonl:moo:standard-tribunal;moo_m1_eval.jsonl:moo:flagship_panel;moo_m1_eval.jsonl:moo:stem-max;moo_m1_eval.jsonl:moo:thinking_gate;moo_m1_eval.jsonl:moo:rag_presolve;moo_m1_eval.jsonl:moo:single-call;moo_m1_eval.jsonl:moo:rag_thinking_gate
MMLU-Pro,5136,10,9,1,1,False,False,lever_thinking_gate_mmlu_pro_seed42.jsonl:thinking_gate;mmlu_pro_pilot_seed42.jsonl:baseline_3.7max;mmlu_pro_pilot_seed42.jsonl:shipped_engine(pilot);moo_m1_eval.jsonl:moo:standard-tribunal;moo_m1_eval.jsonl:moo:stem-max;moo_m1_eval.jsonl:moo:thinking_gate;moo_m1_eval.jsonl:moo:flagship_panel;moo_m1_eval.jsonl:moo:single-call;moo_m1_eval.jsonl:moo:rag_presolve;moo_m1_eval.jsonl:moo:rag_thinking_gate
MMLU-Pro,5874,10,10,0,0,True,False,lever_thinking_gate_mmlu_pro_seed42.jsonl:thinking_gate;mmlu_pro_pilot_seed42.jsonl:baseline_3.7max;mmlu_pro_pilot_seed42.jsonl:shipped_engine(pilot);moo_m1_eval.jsonl:moo:standard-tribunal;moo_m1_eval.jsonl:moo:stem-max;moo_m1_eval.jsonl:moo:thinking_gate;moo_m1_eval.jsonl:moo:rag_presolve;moo_m1_eval.jsonl:moo:flagship_panel;moo_m1_eval.jsonl:moo:rag_thinking_gate;moo_m1_eval.jsonl:moo:single-call
MMLU-Pro,7511,10,10,0,0,True,False,lever_thinking_gate_mmlu_pro_seed42.jsonl:thinking_gate;mmlu_pro_pilot_seed42.jsonl:baseline_3.7max;mmlu_pro_pilot_seed42.jsonl:shipped_engine(pilot);moo_m1_eval.jsonl:moo:standard-tribunal;moo_m1_eval.jsonl:moo:flagship_panel;moo_m1_eval.jsonl:moo:rag_presolve;moo_m1_eval.jsonl:moo:stem-max;moo_m1_eval.jsonl:moo:thinking_gate;moo_m1_eval.jsonl:moo:single-call;moo_m1_eval.jsonl:moo:rag_thinking_gate
MMLU-Pro,783,10,9,1,1,False,False,lever_thinking_gate_mmlu_pro_seed42.jsonl:thinking_gate;mmlu_pro_pilot_seed42.jsonl:baseline_3.7max;mmlu_pro_pilot_seed42.jsonl:shipped_engine(pilot);moo_m1_eval.jsonl:moo:flagship_panel;moo_m1_eval.jsonl:moo:rag_presolve;moo_m1_eval.jsonl:moo:standard-tribunal;moo_m1_eval.jsonl:moo:stem-max;moo_m1_eval.jsonl:moo:thinking_gate;moo_m1_eval.jsonl:moo:single-call;moo_m1_eval.jsonl:moo:rag_thinking_gate
MMLU-Pro,2457,10,10,0,0,True,False,lever_thinking_gate_mmlu_pro_seed42.jsonl:thinking_gate;mmlu_pro_pilot_seed42.jsonl:baseline_3.7max;mmlu_pro_pilot_seed42.jsonl:shipped_engine(pilot);moo_m1_eval.jsonl:moo:standard-tribunal;moo_m1_eval.jsonl:moo:thinking_gate;moo_m1_eval.jsonl:moo:stem-max;moo_m1_eval.jsonl:moo:flagship_panel;moo_m1_eval.jsonl:moo:rag_presolve;moo_m1_eval.jsonl:moo:rag_thinking_gate;moo_m1_eval.jsonl:moo:single-call
MMLU-Pro,4906,10,2,8,1,False,True,lever_thinking_gate_mmlu_pro_seed42.jsonl:thinking_gate;mmlu_pro_pilot_seed42.jsonl:baseline_3.7max;mmlu_pro_pilot_seed42.jsonl:shipped_engine(pilot);moo_m1_eval.jsonl:moo:standard-tribunal;moo_m1_eval.jsonl:moo:stem-max;moo_m1_eval.jsonl:moo:thinking_gate;moo_m1_eval.jsonl:moo:rag_presolve;moo_m1_eval.jsonl:moo:rag_thinking_gate;moo_m1_eval.jsonl:moo:single-call;moo_m1_eval.jsonl:moo:flagship_panel
MMLU-Pro,5396,10,10,0,0,True,False,lever_thinking_gate_mmlu_pro_seed42.jsonl:thinking_gate;mmlu_pro_pilot_seed42.jsonl:baseline_3.7max;mmlu_pro_pilot_seed42.jsonl:shipped_engine(pilot);moo_m1_eval.jsonl:moo:standard-tribunal;moo_m1_eval.jsonl:moo:thinking_gate;moo_m1_eval.jsonl:moo:stem-max;moo_m1_eval.jsonl:moo:rag_presolve;moo_m1_eval.jsonl:moo:flagship_panel;moo_m1_eval.jsonl:moo:single-call;moo_m1_eval.jsonl:moo:rag_thinking_gate
MMLU-Pro,1290,3,3,0,0,True,False,lever_thinking_gate_mmlu_pro_seed42.jsonl:thinking_gate;mmlu_pro_pilot_seed42.jsonl:baseline_3.7max;mmlu_pro_pilot_seed42.jsonl:shipped_engine(pilot)
MMLU-Pro,7497,10,10,0,0,True,False,lever_thinking_gate_mmlu_pro_seed42.jsonl:thinking_gate;mmlu_pro_pilot_seed42.jsonl:baseline_3.7max;mmlu_pro_pilot_seed42.jsonl:shipped_engine(pilot);moo_m1_eval.jsonl:moo:standard-tribunal;moo_m1_eval.jsonl:moo:stem-max;moo_m1_eval.jsonl:moo:rag_presolve;moo_m1_eval.jsonl:moo:thinking_gate;moo_m1_eval.jsonl:moo:flagship_panel;moo_m1_eval.jsonl:moo:single-call;moo_m1_eval.jsonl:moo:rag_thinking_gate
MMLU-Pro,7490,10,10,0,0,True,False,lever_thinking_gate_mmlu_pro_seed42.jsonl:thinking_gate;mmlu_pro_pilot_seed42.jsonl:baseline_3.7max;mmlu_pro_pilot_seed42.jsonl:shipped_engine(pilot);moo_m1_eval.jsonl:moo:standard-tribunal;moo_m1_eval.jsonl:moo:rag_presolve;moo_m1_eval.jsonl:moo:stem-max;moo_m1_eval.jsonl:moo:thinking_gate;moo_m1_eval.jsonl:moo:flagship_panel;moo_m1_eval.jsonl:moo:rag_thinking_gate;moo_m1_eval.jsonl:moo:single-call
MMLU-Pro,6035,3,3,0,0,True,False,lever_thinking_gate_mmlu_pro_seed42.jsonl:thinking_gate;mmlu_pro_pilot_seed42.jsonl:baseline_3.7max;mmlu_pro_pilot_seed42.jsonl:shipped_engine(pilot)
MMLU-Pro,1540,3,0,3,1,True,True,lever_thinking_gate_mmlu_pro_seed42.jsonl:thinking_gate;mmlu_pro_pilot_seed42.jsonl:baseline_3.7max;mmlu_pro_pilot_seed42.jsonl:shipped_engine(pilot)
MMLU-Pro,281,3,3,0,0,True,False,lever_thinking_gate_mmlu_pro_seed42.jsonl:thinking_gate;mmlu_pro_pilot_seed42.jsonl:baseline_3.7max;mmlu_pro_pilot_seed42.jsonl:shipped_engine(pilot)
MMLU-Pro,10852,3,3,0,0,True,False,lever_thinking_gate_mmlu_pro_seed42.jsonl:thinking_gate;mmlu_pro_pilot_seed42.jsonl:baseline_3.7max;mmlu_pro_pilot_seed42.jsonl:shipped_engine(pilot)
MATH-500-MC,test/number_theory/1128.json,2,2,0,0,True,False,math500_hard_pilot_seed42.jsonl:baseline_3.7max;math500_hard_pilot_seed42.jsonl:shipped_engine(pilot)
MATH-500-MC,test/algebra/2517.json,2,1,1,1,False,False,math500_hard_pilot_seed42.jsonl:baseline_3.7max;math500_hard_pilot_seed42.jsonl:shipped_engine(pilot)
MATH-500-MC,test/number_theory/769.json,2,2,0,0,True,False,math500_hard_pilot_seed42.jsonl:baseline_3.7max;math500_hard_pilot_seed42.jsonl:shipped_engine(pilot)
MATH-500-MC,test/prealgebra/1655.json,2,2,0,0,True,False,math500_hard_pilot_seed42.jsonl:baseline_3.7max;math500_hard_pilot_seed42.jsonl:shipped_engine(pilot)
MATH-500-MC,test/geometry/1140.json,2,2,0,0,True,False,math500_hard_pilot_seed42.jsonl:baseline_3.7max;math500_hard_pilot_seed42.jsonl:shipped_engine(pilot)
MATH-500-MC,test/counting_and_probability/894.json,2,2,0,0,True,False,math500_hard_pilot_seed42.jsonl:baseline_3.7max;math500_hard_pilot_seed42.jsonl:shipped_engine(pilot)
MATH-500-MC,test/geometry/947.json,2,2,0,0,True,False,math500_hard_pilot_seed42.jsonl:baseline_3.7max;math500_hard_pilot_seed42.jsonl:shipped_engine(pilot)
MATH-500-MC,test/prealgebra/1640.json,2,2,0,0,True,False,math500_hard_pilot_seed42.jsonl:baseline_3.7max;math500_hard_pilot_seed42.jsonl:shipped_engine(pilot)
MATH-500-MC,test/precalculus/986.json,2,2,0,0,True,False,math500_hard_pilot_seed42.jsonl:baseline_3.7max;math500_hard_pilot_seed42.jsonl:shipped_engine(pilot)
MATH-500-MC,test/number_theory/1055.json,2,2,0,0,True,False,math500_hard_pilot_seed42.jsonl:baseline_3.7max;math500_hard_pilot_seed42.jsonl:shipped_engine(pilot)
MATH-500-MC,test/algebra/892.json,2,2,0,0,True,False,math500_hard_pilot_seed42.jsonl:baseline_3.7max;math500_hard_pilot_seed42.jsonl:shipped_engine(pilot)
MATH-500-MC,test/prealgebra/1646.json,2,2,0,0,True,False,math500_hard_pilot_seed42.jsonl:baseline_3.7max;math500_hard_pilot_seed42.jsonl:shipped_engine(pilot)
MATH-500-MC,test/counting_and_probability/525.json,2,2,0,0,True,False,math500_hard_pilot_seed42.jsonl:baseline_3.7max;math500_hard_pilot_seed42.jsonl:shipped_engine(pilot)
MATH-500-MC,test/algebra/733.json,2,2,0,0,True,False,math500_hard_pilot_seed42.jsonl:baseline_3.7max;math500_hard_pilot_seed42.jsonl:shipped_engine(pilot)
MATH-500-MC,test/intermediate_algebra/1791.json,2,2,0,0,True,False,math500_hard_pilot_seed42.jsonl:baseline_3.7max;math500_hard_pilot_seed42.jsonl:shipped_engine(pilot)
MATH-500-MC,test/algebra/297.json,2,2,0,0,True,False,math500_hard_pilot_seed42.jsonl:baseline_3.7max;math500_hard_pilot_seed42.jsonl:shipped_engine(pilot)
MATH-500-MC,test/prealgebra/1251.json,2,2,0,0,True,False,math500_hard_pilot_seed42.jsonl:baseline_3.7max;math500_hard_pilot_seed42.jsonl:shipped_engine(pilot)
MATH-500-MC,test/counting_and_probability/870.json,2,2,0,0,True,False,math500_hard_pilot_seed42.jsonl:baseline_3.7max;math500_hard_pilot_seed42.jsonl:shipped_engine(pilot)
MATH-500-MC,test/intermediate_algebra/1806.json,2,2,0,0,True,False,math500_hard_pilot_seed42.jsonl:baseline_3.7max;math500_hard_pilot_seed42.jsonl:shipped_engine(pilot)
MATH-500-MC,test/intermediate_algebra/2152.json,2,2,0,0,True,False,math500_hard_pilot_seed42.jsonl:baseline_3.7max;math500_hard_pilot_seed42.jsonl:shipped_engine(pilot)
MATH-500-MC,test/intermediate_algebra/1408.json,2,2,0,0,True,False,math500_hard_pilot_seed42.jsonl:baseline_3.7max;math500_hard_pilot_seed42.jsonl:shipped_engine(pilot)
MATH-500-MC,test/number_theory/1000.json,2,2,0,0,True,False,math500_hard_pilot_seed42.jsonl:baseline_3.7max;math500_hard_pilot_seed42.jsonl:shipped_engine(pilot)
MATH-500-MC,test/algebra/975.json,2,2,0,0,True,False,math500_hard_pilot_seed42.jsonl:baseline_3.7max;math500_hard_pilot_seed42.jsonl:shipped_engine(pilot)
MATH-500-MC,test/intermediate_algebra/1462.json,2,2,0,0,True,False,math500_hard_pilot_seed42.jsonl:baseline_3.7max;math500_hard_pilot_seed42.jsonl:shipped_engine(pilot)
MATH-500-MC,test/counting_and_probability/51.json,2,2,0,0,True,False,math500_hard_pilot_seed42.jsonl:baseline_3.7max;math500_hard_pilot_seed42.jsonl:shipped_engine(pilot)
MATH-500-MC,test/algebra/2277.json,2,2,0,0,True,False,math500_hard_pilot_seed42.jsonl:baseline_3.7max;math500_hard_pilot_seed42.jsonl:shipped_engine(pilot)
MATH-500-MC,test/precalculus/1172.json,2,2,0,0,True,False,math500_hard_pilot_seed42.jsonl:baseline_3.7max;math500_hard_pilot_seed42.jsonl:shipped_engine(pilot)
MATH-500-MC,test/counting_and_probability/1009.json,2,2,0,0,True,False,math500_hard_pilot_seed42.jsonl:baseline_3.7max;math500_hard_pilot_seed42.jsonl:shipped_engine(pilot)
MATH-500-MC,test/intermediate_algebra/960.json,2,2,0,0,True,False,math500_hard_pilot_seed42.jsonl:baseline_3.7max;math500_hard_pilot_seed42.jsonl:shipped_engine(pilot)
MATH-500-MC,test/geometry/561.json,2,2,0,0,True,False,math500_hard_pilot_seed42.jsonl:baseline_3.7max;math500_hard_pilot_seed42.jsonl:shipped_engine(pilot)
MATH-500-MC,test/intermediate_algebra/232.json,2,2,0,0,True,False,math500_hard_pilot_seed42.jsonl:baseline_3.7max;math500_hard_pilot_seed42.jsonl:shipped_engine(pilot)
MATH-500-MC,test/algebra/2779.json,2,2,0,0,True,False,math500_hard_pilot_seed42.jsonl:baseline_3.7max;math500_hard_pilot_seed42.jsonl:shipped_engine(pilot)
MATH-500-MC,test/prealgebra/2066.json,2,2,0,0,True,False,math500_hard_pilot_seed42.jsonl:baseline_3.7max;math500_hard_pilot_seed42.jsonl:shipped_engine(pilot)
MATH-500-MC,test/algebra/1143.json,2,2,0,0,True,False,math500_hard_pilot_seed42.jsonl:baseline_3.7max;math500_hard_pilot_seed42.jsonl:shipped_engine(pilot)
MATH-500-MC,test/prealgebra/1961.json,2,2,0,0,True,False,math500_hard_pilot_seed42.jsonl:baseline_3.7max;math500_hard_pilot_seed42.jsonl:shipped_engine(pilot)
MATH-500-MC,test/intermediate_algebra/1197.json,2,2,0,0,True,False,math500_hard_pilot_seed42.jsonl:baseline_3.7max;math500_hard_pilot_seed42.jsonl:shipped_engine(pilot)
MATH-500-MC,test/number_theory/13.json,2,2,0,0,True,False,math500_hard_pilot_seed42.jsonl:baseline_3.7max;math500_hard_pilot_seed42.jsonl:shipped_engine(pilot)
MATH-500-MC,test/intermediate_algebra/955.json,2,2,0,0,True,False,math500_hard_pilot_seed42.jsonl:baseline_3.7max;math500_hard_pilot_seed42.jsonl:shipped_engine(pilot)
MATH-500-MC,test/counting_and_probability/1003.json,2,2,0,0,True,False,math500_hard_pilot_seed42.jsonl:baseline_3.7max;math500_hard_pilot_seed42.jsonl:shipped_engine(pilot)
MATH-500-MC,test/counting_and_probability/181.json,2,2,0,0,True,False,math500_hard_pilot_seed42.jsonl:baseline_3.7max;math500_hard_pilot_seed42.jsonl:shipped_engine(pilot)
MATH-500-MC,test/precalculus/675.json,2,1,1,1,False,False,math500_hard_pilot_seed42.jsonl:baseline_3.7max;math500_hard_pilot_seed42.jsonl:shipped_engine(pilot)
MATH-500-MC,test/intermediate_algebra/966.json,2,2,0,0,True,False,math500_hard_pilot_seed42.jsonl:baseline_3.7max;math500_hard_pilot_seed42.jsonl:shipped_engine(pilot)
MATH-500-MC,test/precalculus/1202.json,2,2,0,0,True,False,math500_hard_pilot_seed42.jsonl:baseline_3.7max;math500_hard_pilot_seed42.jsonl:shipped_engine(pilot)
MATH-500-MC,test/counting_and_probability/188.json,2,2,0,0,True,False,math500_hard_pilot_seed42.jsonl:baseline_3.7max;math500_hard_pilot_seed42.jsonl:shipped_engine(pilot)
MATH-500-MC,test/prealgebra/1128.json,2,2,0,0,True,False,math500_hard_pilot_seed42.jsonl:baseline_3.7max;math500_hard_pilot_seed42.jsonl:shipped_engine(pilot)
MATH-500-MC,test/algebra/686.json,2,1,1,1,False,False,math500_hard_pilot_seed42.jsonl:baseline_3.7max;math500_hard_pilot_seed42.jsonl:shipped_engine(pilot)
MATH-500-MC,test/number_theory/1002.json,2,2,0,0,True,False,math500_hard_pilot_seed42.jsonl:baseline_3.7max;math500_hard_pilot_seed42.jsonl:shipped_engine(pilot)
MATH-500-MC,test/number_theory/820.json,2,2,0,0,True,False,math500_hard_pilot_seed42.jsonl:baseline_3.7max;math500_hard_pilot_seed42.jsonl:shipped_engine(pilot)
MATH-500-MC,test/geometry/817.json,2,2,0,0,True,False,math500_hard_pilot_seed42.jsonl:baseline_3.7max;math500_hard_pilot_seed42.jsonl:shipped_engine(pilot)
MedQA,1258,9,9,0,0,True,False,medqa_pilot_seed42.jsonl:baseline_3.7max;medqa_pilot_seed42.jsonl:shipped_engine(pilot);moo_m1_eval.jsonl:moo:standard-tribunal;moo_m1_eval.jsonl:moo:thinking_gate;moo_m1_eval.jsonl:moo:stem-max;moo_m1_eval.jsonl:moo:flagship_panel;moo_m1_eval.jsonl:moo:rag_presolve;moo_m1_eval.jsonl:moo:single-call;moo_m1_eval.jsonl:moo:rag_thinking_gate
MedQA,990,9,9,0,0,True,False,medqa_pilot_seed42.jsonl:baseline_3.7max;medqa_pilot_seed42.jsonl:shipped_engine(pilot);moo_m1_eval.jsonl:moo:standard-tribunal;moo_m1_eval.jsonl:moo:thinking_gate;moo_m1_eval.jsonl:moo:stem-max;moo_m1_eval.jsonl:moo:flagship_panel;moo_m1_eval.jsonl:moo:rag_presolve;moo_m1_eval.jsonl:moo:single-call;moo_m1_eval.jsonl:moo:rag_thinking_gate
MedQA,277,9,9,0,0,True,False,medqa_pilot_seed42.jsonl:baseline_3.7max;medqa_pilot_seed42.jsonl:shipped_engine(pilot);moo_m1_eval.jsonl:moo:standard-tribunal;moo_m1_eval.jsonl:moo:thinking_gate;moo_m1_eval.jsonl:moo:stem-max;moo_m1_eval.jsonl:moo:rag_presolve;moo_m1_eval.jsonl:moo:flagship_panel;moo_m1_eval.jsonl:moo:single-call;moo_m1_eval.jsonl:moo:rag_thinking_gate
MedQA,427,9,9,0,0,True,False,medqa_pilot_seed42.jsonl:baseline_3.7max;medqa_pilot_seed42.jsonl:shipped_engine(pilot);moo_m1_eval.jsonl:moo:standard-tribunal;moo_m1_eval.jsonl:moo:thinking_gate;moo_m1_eval.jsonl:moo:stem-max;moo_m1_eval.jsonl:moo:rag_presolve;moo_m1_eval.jsonl:moo:flagship_panel;moo_m1_eval.jsonl:moo:single-call;moo_m1_eval.jsonl:moo:rag_thinking_gate
MedQA,1202,9,9,0,0,True,False,medqa_pilot_seed42.jsonl:baseline_3.7max;medqa_pilot_seed42.jsonl:shipped_engine(pilot);moo_m1_eval.jsonl:moo:standard-tribunal;moo_m1_eval.jsonl:moo:thinking_gate;moo_m1_eval.jsonl:moo:flagship_panel;moo_m1_eval.jsonl:moo:stem-max;moo_m1_eval.jsonl:moo:single-call;moo_m1_eval.jsonl:moo:rag_presolve;moo_m1_eval.jsonl:moo:rag_thinking_gate
MedQA,15,9,9,0,0,True,False,medqa_pilot_seed42.jsonl:baseline_3.7max;medqa_pilot_seed42.jsonl:shipped_engine(pilot);moo_m1_eval.jsonl:moo:standard-tribunal;moo_m1_eval.jsonl:moo:thinking_gate;moo_m1_eval.jsonl:moo:stem-max;moo_m1_eval.jsonl:moo:flagship_panel;moo_m1_eval.jsonl:moo:rag_presolve;moo_m1_eval.jsonl:moo:single-call;moo_m1_eval.jsonl:moo:rag_thinking_gate
MedQA,827,9,9,0,0,True,False,medqa_pilot_seed42.jsonl:baseline_3.7max;medqa_pilot_seed42.jsonl:shipped_engine(pilot);moo_m1_eval.jsonl:moo:standard-tribunal;moo_m1_eval.jsonl:moo:thinking_gate;moo_m1_eval.jsonl:moo:stem-max;moo_m1_eval.jsonl:moo:rag_presolve;moo_m1_eval.jsonl:moo:flagship_panel;moo_m1_eval.jsonl:moo:rag_thinking_gate;moo_m1_eval.jsonl:moo:single-call
MedQA,202,9,0,9,1,True,True,medqa_pilot_seed42.jsonl:baseline_3.7max;medqa_pilot_seed42.jsonl:shipped_engine(pilot);moo_m1_eval.jsonl:moo:standard-tribunal;moo_m1_eval.jsonl:moo:thinking_gate;moo_m1_eval.jsonl:moo:stem-max;moo_m1_eval.jsonl:moo:rag_presolve;moo_m1_eval.jsonl:moo:rag_thinking_gate;moo_m1_eval.jsonl:moo:single-call;moo_m1_eval.jsonl:moo:flagship_panel
MedQA,503,9,9,0,0,True,False,medqa_pilot_seed42.jsonl:baseline_3.7max;medqa_pilot_seed42.jsonl:shipped_engine(pilot);moo_m1_eval.jsonl:moo:standard-tribunal;moo_m1_eval.jsonl:moo:thinking_gate;moo_m1_eval.jsonl:moo:rag_presolve;moo_m1_eval.jsonl:moo:stem-max;moo_m1_eval.jsonl:moo:flagship_panel;moo_m1_eval.jsonl:moo:single-call;moo_m1_eval.jsonl:moo:rag_thinking_gate
MedQA,325,9,9,0,0,True,False,medqa_pilot_seed42.jsonl:baseline_3.7max;medqa_pilot_seed42.jsonl:shipped_engine(pilot);moo_m1_eval.jsonl:moo:standard-tribunal;moo_m1_eval.jsonl:moo:stem-max;moo_m1_eval.jsonl:moo:thinking_gate;moo_m1_eval.jsonl:moo:rag_presolve;moo_m1_eval.jsonl:moo:flagship_panel;moo_m1_eval.jsonl:moo:single-call;moo_m1_eval.jsonl:moo:rag_thinking_gate
MedQA,681,9,9,0,0,True,False,medqa_pilot_seed42.jsonl:baseline_3.7max;medqa_pilot_seed42.jsonl:shipped_engine(pilot);moo_m1_eval.jsonl:moo:standard-tribunal;moo_m1_eval.jsonl:moo:thinking_gate;moo_m1_eval.jsonl:moo:stem-max;moo_m1_eval.jsonl:moo:flagship_panel;moo_m1_eval.jsonl:moo:rag_presolve;moo_m1_eval.jsonl:moo:single-call;moo_m1_eval.jsonl:moo:rag_thinking_gate
MedQA,387,9,9,0,0,True,False,medqa_pilot_seed42.jsonl:baseline_3.7max;medqa_pilot_seed42.jsonl:shipped_engine(pilot);moo_m1_eval.jsonl:moo:standard-tribunal;moo_m1_eval.jsonl:moo:thinking_gate;moo_m1_eval.jsonl:moo:stem-max;moo_m1_eval.jsonl:moo:flagship_panel;moo_m1_eval.jsonl:moo:rag_presolve;moo_m1_eval.jsonl:moo:single-call;moo_m1_eval.jsonl:moo:rag_thinking_gate
MedQA,932,9,9,0,0,True,False,medqa_pilot_seed42.jsonl:baseline_3.7max;medqa_pilot_seed42.jsonl:shipped_engine(pilot);moo_m1_eval.jsonl:moo:standard-tribunal;moo_m1_eval.jsonl:moo:thinking_gate;moo_m1_eval.jsonl:moo:stem-max;moo_m1_eval.jsonl:moo:flagship_panel;moo_m1_eval.jsonl:moo:rag_presolve;moo_m1_eval.jsonl:moo:single-call;moo_m1_eval.jsonl:moo:rag_thinking_gate
MedQA,1027,9,9,0,0,True,False,medqa_pilot_seed42.jsonl:baseline_3.7max;medqa_pilot_seed42.jsonl:shipped_engine(pilot);moo_m1_eval.jsonl:moo:standard-tribunal;moo_m1_eval.jsonl:moo:flagship_panel;moo_m1_eval.jsonl:moo:stem-max;moo_m1_eval.jsonl:moo:thinking_gate;moo_m1_eval.jsonl:moo:rag_presolve;moo_m1_eval.jsonl:moo:single-call;moo_m1_eval.jsonl:moo:rag_thinking_gate
MedQA,66,9,9,0,0,True,False,medqa_pilot_seed42.jsonl:baseline_3.7max;medqa_pilot_seed42.jsonl:shipped_engine(pilot);moo_m1_eval.jsonl:moo:standard-tribunal;moo_m1_eval.jsonl:moo:thinking_gate;moo_m1_eval.jsonl:moo:stem-max;moo_m1_eval.jsonl:moo:flagship_panel;moo_m1_eval.jsonl:moo:single-call;moo_m1_eval.jsonl:moo:rag_presolve;moo_m1_eval.jsonl:moo:rag_thinking_gate
MedQA,235,9,9,0,0,True,False,medqa_pilot_seed42.jsonl:baseline_3.7max;medqa_pilot_seed42.jsonl:shipped_engine(pilot);moo_m1_eval.jsonl:moo:standard-tribunal;moo_m1_eval.jsonl:moo:thinking_gate;moo_m1_eval.jsonl:moo:stem-max;moo_m1_eval.jsonl:moo:rag_presolve;moo_m1_eval.jsonl:moo:flagship_panel;moo_m1_eval.jsonl:moo:single-call;moo_m1_eval.jsonl:moo:rag_thinking_gate
MedQA,347,9,9,0,0,True,False,medqa_pilot_seed42.jsonl:baseline_3.7max;medqa_pilot_seed42.jsonl:shipped_engine(pilot);moo_m1_eval.jsonl:moo:standard-tribunal;moo_m1_eval.jsonl:moo:thinking_gate;moo_m1_eval.jsonl:moo:stem-max;moo_m1_eval.jsonl:moo:flagship_panel;moo_m1_eval.jsonl:moo:single-call;moo_m1_eval.jsonl:moo:rag_presolve;moo_m1_eval.jsonl:moo:rag_thinking_gate
MedQA,442,9,9,0,0,True,False,medqa_pilot_seed42.jsonl:baseline_3.7max;medqa_pilot_seed42.jsonl:shipped_engine(pilot);moo_m1_eval.jsonl:moo:standard-tribunal;moo_m1_eval.jsonl:moo:flagship_panel;moo_m1_eval.jsonl:moo:thinking_gate;moo_m1_eval.jsonl:moo:stem-max;moo_m1_eval.jsonl:moo:single-call;moo_m1_eval.jsonl:moo:rag_presolve;moo_m1_eval.jsonl:moo:rag_thinking_gate
MedQA,332,9,9,0,0,True,False,medqa_pilot_seed42.jsonl:baseline_3.7max;medqa_pilot_seed42.jsonl:shipped_engine(pilot);moo_m1_eval.jsonl:moo:standard-tribunal;moo_m1_eval.jsonl:moo:thinking_gate;moo_m1_eval.jsonl:moo:stem-max;moo_m1_eval.jsonl:moo:flagship_panel;moo_m1_eval.jsonl:moo:rag_presolve;moo_m1_eval.jsonl:moo:single-call;moo_m1_eval.jsonl:moo:rag_thinking_gate
MedQA,376,9,9,0,0,True,False,medqa_pilot_seed42.jsonl:baseline_3.7max;medqa_pilot_seed42.jsonl:shipped_engine(pilot);moo_m1_eval.jsonl:moo:standard-tribunal;moo_m1_eval.jsonl:moo:thinking_gate;moo_m1_eval.jsonl:moo:stem-max;moo_m1_eval.jsonl:moo:flagship_panel;moo_m1_eval.jsonl:moo:rag_presolve;moo_m1_eval.jsonl:moo:single-call;moo_m1_eval.jsonl:moo:rag_thinking_gate
MedQA,35,9,9,0,0,True,False,medqa_pilot_seed42.jsonl:baseline_3.7max;medqa_pilot_seed42.jsonl:shipped_engine(pilot);moo_m1_eval.jsonl:moo:standard-tribunal;moo_m1_eval.jsonl:moo:stem-max;moo_m1_eval.jsonl:moo:thinking_gate;moo_m1_eval.jsonl:moo:rag_presolve;moo_m1_eval.jsonl:moo:flagship_panel;moo_m1_eval.jsonl:moo:rag_thinking_gate;moo_m1_eval.jsonl:moo:single-call
MedQA,1121,9,9,0,0,True,False,medqa_pilot_seed42.jsonl:baseline_3.7max;medqa_pilot_seed42.jsonl:shipped_engine(pilot);moo_m1_eval.jsonl:moo:standard-tribunal;moo_m1_eval.jsonl:moo:stem-max;moo_m1_eval.jsonl:moo:thinking_gate;moo_m1_eval.jsonl:moo:flagship_panel;moo_m1_eval.jsonl:moo:rag_presolve;moo_m1_eval.jsonl:moo:single-call;moo_m1_eval.jsonl:moo:rag_thinking_gate
MedQA,1145,9,9,0,0,True,False,medqa_pilot_seed42.jsonl:baseline_3.7max;medqa_pilot_seed42.jsonl:shipped_engine(pilot);moo_m1_eval.jsonl:moo:standard-tribunal;moo_m1_eval.jsonl:moo:stem-max;moo_m1_eval.jsonl:moo:thinking_gate;moo_m1_eval.jsonl:moo:rag_presolve;moo_m1_eval.jsonl:moo:flagship_panel;moo_m1_eval.jsonl:moo:single-call;moo_m1_eval.jsonl:moo:rag_thinking_gate
MedQA,975,9,9,0,0,True,False,medqa_pilot_seed42.jsonl:baseline_3.7max;medqa_pilot_seed42.jsonl:shipped_engine(pilot);moo_m1_eval.jsonl:moo:standard-tribunal;moo_m1_eval.jsonl:moo:stem-max;moo_m1_eval.jsonl:moo:thinking_gate;moo_m1_eval.jsonl:moo:flagship_panel;moo_m1_eval.jsonl:moo:single-call;moo_m1_eval.jsonl:moo:rag_presolve;moo_m1_eval.jsonl:moo:rag_thinking_gate
MedQA,950,9,9,0,0,True,False,medqa_pilot_seed42.jsonl:baseline_3.7max;medqa_pilot_seed42.jsonl:shipped_engine(pilot);moo_m1_eval.jsonl:moo:standard-tribunal;moo_m1_eval.jsonl:moo:stem-max;moo_m1_eval.jsonl:moo:thinking_gate;moo_m1_eval.jsonl:moo:rag_presolve;moo_m1_eval.jsonl:moo:flagship_panel;moo_m1_eval.jsonl:moo:single-call;moo_m1_eval.jsonl:moo:rag_thinking_gate
MedQA,400,9,9,0,0,True,False,medqa_pilot_seed42.jsonl:baseline_3.7max;medqa_pilot_seed42.jsonl:shipped_engine(pilot);moo_m1_eval.jsonl:moo:standard-tribunal;moo_m1_eval.jsonl:moo:thinking_gate;moo_m1_eval.jsonl:moo:stem-max;moo_m1_eval.jsonl:moo:flagship_panel;moo_m1_eval.jsonl:moo:rag_presolve;moo_m1_eval.jsonl:moo:single-call;moo_m1_eval.jsonl:moo:rag_thinking_gate
MedQA,845,9,9,0,0,True,False,medqa_pilot_seed42.jsonl:baseline_3.7max;medqa_pilot_seed42.jsonl:shipped_engine(pilot);moo_m1_eval.jsonl:moo:standard-tribunal;moo_m1_eval.jsonl:moo:thinking_gate;moo_m1_eval.jsonl:moo:stem-max;moo_m1_eval.jsonl:moo:flagship_panel;moo_m1_eval.jsonl:moo:rag_presolve;moo_m1_eval.jsonl:moo:single-call;moo_m1_eval.jsonl:moo:rag_thinking_gate
MedQA,1030,9,9,0,0,True,False,medqa_pilot_seed42.jsonl:baseline_3.7max;medqa_pilot_seed42.jsonl:shipped_engine(pilot);moo_m1_eval.jsonl:moo:standard-tribunal;moo_m1_eval.jsonl:moo:stem-max;moo_m1_eval.jsonl:moo:thinking_gate;moo_m1_eval.jsonl:moo:flagship_panel;moo_m1_eval.jsonl:moo:single-call;moo_m1_eval.jsonl:moo:rag_thinking_gate;moo_m1_eval.jsonl:moo:rag_presolve
MedQA,825,9,9,0,0,True,False,medqa_pilot_seed42.jsonl:baseline_3.7max;medqa_pilot_seed42.jsonl:shipped_engine(pilot);moo_m1_eval.jsonl:moo:standard-tribunal;moo_m1_eval.jsonl:moo:thinking_gate;moo_m1_eval.jsonl:moo:stem-max;moo_m1_eval.jsonl:moo:flagship_panel;moo_m1_eval.jsonl:moo:rag_presolve;moo_m1_eval.jsonl:moo:rag_thinking_gate;moo_m1_eval.jsonl:moo:single-call
MedQA,650,2,2,0,0,True,False,medqa_pilot_seed42.jsonl:baseline_3.7max;medqa_pilot_seed42.jsonl:shipped_engine(pilot)
MedQA,802,9,9,0,0,True,False,medqa_pilot_seed42.jsonl:baseline_3.7max;medqa_pilot_seed42.jsonl:shipped_engine(pilot);moo_m1_eval.jsonl:moo:standard-tribunal;moo_m1_eval.jsonl:moo:flagship_panel;moo_m1_eval.jsonl:moo:stem-max;moo_m1_eval.jsonl:moo:thinking_gate;moo_m1_eval.jsonl:moo:rag_presolve;moo_m1_eval.jsonl:moo:single-call;moo_m1_eval.jsonl:moo:rag_thinking_gate
MedQA,540,2,2,0,0,True,False,medqa_pilot_seed42.jsonl:baseline_3.7max;medqa_pilot_seed42.jsonl:shipped_engine(pilot)
MedQA,796,2,1,1,1,False,True,medqa_pilot_seed42.jsonl:baseline_3.7max;medqa_pilot_seed42.jsonl:shipped_engine(pilot)
MedQA,2,2,2,0,0,True,False,medqa_pilot_seed42.jsonl:baseline_3.7max;medqa_pilot_seed42.jsonl:shipped_engine(pilot)
MedQA,715,2,2,0,0,True,False,medqa_pilot_seed42.jsonl:baseline_3.7max;medqa_pilot_seed42.jsonl:shipped_engine(pilot)
MedQA,464,2,2,0,0,True,False,medqa_pilot_seed42.jsonl:baseline_3.7max;medqa_pilot_seed42.jsonl:shipped_engine(pilot)
MedQA,331,2,2,0,0,True,False,medqa_pilot_seed42.jsonl:baseline_3.7max;medqa_pilot_seed42.jsonl:shipped_engine(pilot)
MedQA,959,2,2,0,0,True,False,medqa_pilot_seed42.jsonl:baseline_3.7max;medqa_pilot_seed42.jsonl:shipped_engine(pilot)
MedQA,395,2,2,0,0,True,False,medqa_pilot_seed42.jsonl:baseline_3.7max;medqa_pilot_seed42.jsonl:shipped_engine(pilot)
MedQA,761,2,2,0,0,True,False,medqa_pilot_seed42.jsonl:baseline_3.7max;medqa_pilot_seed42.jsonl:shipped_engine(pilot)
MedQA,920,2,2,0,0,True,False,medqa_pilot_seed42.jsonl:baseline_3.7max;medqa_pilot_seed42.jsonl:shipped_engine(pilot)
MedQA,107,2,2,0,0,True,False,medqa_pilot_seed42.jsonl:baseline_3.7max;medqa_pilot_seed42.jsonl:shipped_engine(pilot)
MedQA,528,2,2,0,0,True,False,medqa_pilot_seed42.jsonl:baseline_3.7max;medqa_pilot_seed42.jsonl:shipped_engine(pilot)
MedQA,1166,2,2,0,0,True,False,medqa_pilot_seed42.jsonl:baseline_3.7max;medqa_pilot_seed42.jsonl:shipped_engine(pilot)
MedQA,187,2,2,0,0,True,False,medqa_pilot_seed42.jsonl:baseline_3.7max;medqa_pilot_seed42.jsonl:shipped_engine(pilot)
MedQA,997,2,2,0,0,True,False,medqa_pilot_seed42.jsonl:baseline_3.7max;medqa_pilot_seed42.jsonl:shipped_engine(pilot)
MedQA,371,2,2,0,0,True,False,medqa_pilot_seed42.jsonl:baseline_3.7max;medqa_pilot_seed42.jsonl:shipped_engine(pilot)
MedQA,454,2,2,0,0,True,False,medqa_pilot_seed42.jsonl:baseline_3.7max;medqa_pilot_seed42.jsonl:shipped_engine(pilot)
MedQA,823,2,2,0,0,True,False,medqa_pilot_seed42.jsonl:baseline_3.7max;medqa_pilot_seed42.jsonl:shipped_engine(pilot)
MedQA,1142,2,0,2,1,True,True,medqa_pilot_seed42.jsonl:baseline_3.7max;medqa_pilot_seed42.jsonl:shipped_engine(pilot)
SuperGPQA-hard,d9dae18bc19d4998804a1b49779192a5,2,2,0,0,True,False,META2_control_supergpqa_seed1313.jsonl:control;META2_permuted_panel_supergpqa_seed1313.jsonl:permuted_panel
SuperGPQA-hard,e706ab8388c24f29b19b738be024aabf,2,2,0,0,True,False,META2_control_supergpqa_seed1313.jsonl:control;META2_permuted_panel_supergpqa_seed1313.jsonl:permuted_panel
SuperGPQA-hard,c154e737edb441979c509240138298dd,2,2,0,0,True,False,META2_control_supergpqa_seed1313.jsonl:control;META2_permuted_panel_supergpqa_seed1313.jsonl:permuted_panel
SuperGPQA-hard,78ac1b5d74634d1a861784ea1ba4341a,2,2,0,0,True,False,META2_control_supergpqa_seed1313.jsonl:control;META2_permuted_panel_supergpqa_seed1313.jsonl:permuted_panel
SuperGPQA-hard,c0117dda97024cfe8dd15c99a89735b2,2,1,1,1,False,True,META2_control_supergpqa_seed1313.jsonl:control;META2_permuted_panel_supergpqa_seed1313.jsonl:permuted_panel
SuperGPQA-hard,d7755a021c1e490489c333e917b923c1,2,2,0,0,True,False,META2_control_supergpqa_seed1313.jsonl:control;META2_permuted_panel_supergpqa_seed1313.jsonl:permuted_panel
SuperGPQA-hard,36551d7a41884315ad28a49e289ce0e5,2,2,0,0,True,False,META2_control_supergpqa_seed1313.jsonl:control;META2_permuted_panel_supergpqa_seed1313.jsonl:permuted_panel
SuperGPQA-hard,2ad84dab86404c8d9d570a983fbed133,2,0,2,1,True,True,META2_control_supergpqa_seed1313.jsonl:control;META2_permuted_panel_supergpqa_seed1313.jsonl:permuted_panel
SuperGPQA-hard,78fd4500f6fc4cb1b37137d27dc4ac90,2,2,0,0,True,False,META2_control_supergpqa_seed1313.jsonl:control;META2_permuted_panel_supergpqa_seed1313.jsonl:permuted_panel
SuperGPQA-hard,b1551c0a366042789cbf2b11d32c83d7,2,2,0,0,True,False,META2_control_supergpqa_seed1313.jsonl:control;META2_permuted_panel_supergpqa_seed1313.jsonl:permuted_panel
SuperGPQA-hard,968e81e525114d08a0589db6c41a6f60,2,2,0,0,True,False,META2_control_supergpqa_seed1313.jsonl:control;META2_permuted_panel_supergpqa_seed1313.jsonl:permuted_panel
SuperGPQA-hard,0202feea0e3b48af93748396fc2a2d24,2,0,2,1,True,True,META2_control_supergpqa_seed1313.jsonl:control;META2_permuted_panel_supergpqa_seed1313.jsonl:permuted_panel
SuperGPQA-hard,ca7a4f526d9445b1bbc61aa9734b2496,2,2,0,0,True,False,META2_control_supergpqa_seed1313.jsonl:control;META2_permuted_panel_supergpqa_seed1313.jsonl:permuted_panel
SuperGPQA-hard,9a7c64761a20499fbc470baae9f95b25,2,0,2,1,True,True,META2_control_supergpqa_seed1313.jsonl:control;META2_permuted_panel_supergpqa_seed1313.jsonl:permuted_panel
SuperGPQA-hard,30952d77bee74e64b984f1ca28c4bf8b,2,2,0,0,True,False,META2_control_supergpqa_seed1313.jsonl:control;META2_permuted_panel_supergpqa_seed1313.jsonl:permuted_panel
SuperGPQA-hard,8c8f5155079448ae8631de3f098ed660,2,1,1,1,False,False,META2_control_supergpqa_seed1313.jsonl:control;META2_permuted_panel_supergpqa_seed1313.jsonl:permuted_panel
SuperGPQA-hard,09addd707349419198fb032baa9e3597,2,2,0,0,True,False,META2_control_supergpqa_seed1313.jsonl:control;META2_permuted_panel_supergpqa_seed1313.jsonl:permuted_panel
SuperGPQA-hard,4b829eb2b3ef4946a2864049650dbb1a,2,0,2,1,True,True,META2_control_supergpqa_seed1313.jsonl:control;META2_permuted_panel_supergpqa_seed1313.jsonl:permuted_panel
SuperGPQA-hard,3d28fee8bfa34a5186ff18521309a203,2,2,0,0,True,False,META2_control_supergpqa_seed1313.jsonl:control;META2_permuted_panel_supergpqa_seed1313.jsonl:permuted_panel
SuperGPQA-hard,4ec21da7a6b54ae48687790b02ef9020,2,0,2,1,True,True,META2_control_supergpqa_seed1313.jsonl:control;META2_permuted_panel_supergpqa_seed1313.jsonl:permuted_panel
SuperGPQA-hard,47a92fe862634fa895357db1ab33820b,2,2,0,0,True,False,META2_control_supergpqa_seed1313.jsonl:control;META2_permuted_panel_supergpqa_seed1313.jsonl:permuted_panel
SuperGPQA-hard,774004067a734a18a4923c013e6fc14b,2,0,2,1,True,True,META2_control_supergpqa_seed1313.jsonl:control;META2_permuted_panel_supergpqa_seed1313.jsonl:permuted_panel
SuperGPQA-hard,ef3d6a36289849ff8849fc82e530ab0b,2,1,1,1,False,False,META2_control_supergpqa_seed1313.jsonl:control;META2_permuted_panel_supergpqa_seed1313.jsonl:permuted_panel
SuperGPQA-hard,047f68467ddd4a8ba5ad6d91375c5d2b,2,2,0,0,True,False,META2_control_supergpqa_seed1313.jsonl:control;META2_permuted_panel_supergpqa_seed1313.jsonl:permuted_panel
SuperGPQA-hard,8fc5c339a8564778b3301447c3228bf4,2,2,0,0,True,False,META2_control_supergpqa_seed1313.jsonl:control;META2_permuted_panel_supergpqa_seed1313.jsonl:permuted_panel
SuperGPQA-hard,64f55117676442599f4fd37192175ae1,2,2,0,0,True,False,META2_control_supergpqa_seed1313.jsonl:control;META2_permuted_panel_supergpqa_seed1313.jsonl:permuted_panel
SuperGPQA-hard,c4989fc378654551b8ef93ad99fcf5bb,2,2,0,0,True,False,META2_control_supergpqa_seed1313.jsonl:control;META2_permuted_panel_supergpqa_seed1313.jsonl:permuted_panel
SuperGPQA-hard,8b4e8254ac8342208c0bcb954dc55cbe,2,2,0,0,True,False,META2_control_supergpqa_seed1313.jsonl:control;META2_permuted_panel_supergpqa_seed1313.jsonl:permuted_panel
SuperGPQA-hard,0d2b0c44325c47acb16a53d2b91c7366,2,2,0,0,True,False,META2_control_supergpqa_seed1313.jsonl:control;META2_permuted_panel_supergpqa_seed1313.jsonl:permuted_panel
SuperGPQA-hard,7e6059f1fc704d61a8894d2822a9adf1,2,2,0,0,True,False,META2_control_supergpqa_seed1313.jsonl:control;META2_permuted_panel_supergpqa_seed1313.jsonl:permuted_panel
SuperGPQA-hard,a1cd851a740e4ab7bd567d8949936c04,2,2,0,0,True,False,META2_control_supergpqa_seed1313.jsonl:control;META2_permuted_panel_supergpqa_seed1313.jsonl:permuted_panel
SuperGPQA-hard,3f82aa86950e439fb837f049f0ea953d,2,2,0,0,True,False,META2_control_supergpqa_seed1313.jsonl:control;META2_permuted_panel_supergpqa_seed1313.jsonl:permuted_panel
SuperGPQA-hard,9bd7f60ef909497db6860cc08ea6e4f7,2,0,2,1,True,True,META2_control_supergpqa_seed1313.jsonl:control;META2_permuted_panel_supergpqa_seed1313.jsonl:permuted_panel
SuperGPQA-hard,f1c62118b7ab4b21bbb61ab132292886,2,1,1,1,False,False,META2_control_supergpqa_seed1313.jsonl:control;META2_permuted_panel_supergpqa_seed1313.jsonl:permuted_panel
SuperGPQA-hard,cdabb6c948f0457caa35d0adae08a5c6,2,2,0,0,True,False,META2_control_supergpqa_seed1313.jsonl:control;META2_permuted_panel_supergpqa_seed1313.jsonl:permuted_panel
SuperGPQA-hard,7d6ad8c52f0f4cc1a24f51744eb9190c,2,2,0,0,True,False,META2_control_supergpqa_seed1313.jsonl:control;META2_permuted_panel_supergpqa_seed1313.jsonl:permuted_panel
SuperGPQA-hard,8c6efcacff52411bad4446c5007130e7,2,2,0,0,True,False,META2_control_supergpqa_seed1313.jsonl:control;META2_permuted_panel_supergpqa_seed1313.jsonl:permuted_panel
SuperGPQA-hard,899a383bceea473abbc1fd0148e790f9,2,2,0,0,True,False,META2_control_supergpqa_seed1313.jsonl:control;META2_permuted_panel_supergpqa_seed1313.jsonl:permuted_panel
SuperGPQA-hard,00f9c59ff117481cbbc88a3a7e32cc0b,2,2,0,0,True,False,META2_control_supergpqa_seed1313.jsonl:control;META2_permuted_panel_supergpqa_seed1313.jsonl:permuted_panel
SuperGPQA-hard,1622f49268b84531a9fe06692ab09371,2,2,0,0,True,False,META2_control_supergpqa_seed1313.jsonl:control;META2_permuted_panel_supergpqa_seed1313.jsonl:permuted_panel
SuperGPQA-hard,a184300ae28b4748a6422218fe1fcaaf,2,1,1,1,False,True,META2_control_supergpqa_seed1313.jsonl:control;META2_permuted_panel_supergpqa_seed1313.jsonl:permuted_panel
SuperGPQA-hard,ebbc1e7241954b8189b49f92726ce67a,2,2,0,0,True,False,META2_control_supergpqa_seed1313.jsonl:control;META2_permuted_panel_supergpqa_seed1313.jsonl:permuted_panel
SuperGPQA-hard,bd29ceac269047cfb917ac69abccd331,2,2,0,0,True,False,META2_control_supergpqa_seed1313.jsonl:control;META2_permuted_panel_supergpqa_seed1313.jsonl:permuted_panel
SuperGPQA-hard,9131843fc01049059b93839bc1a1beaa,2,2,0,0,True,False,META2_control_supergpqa_seed1313.jsonl:control;META2_permuted_panel_supergpqa_seed1313.jsonl:permuted_panel
SuperGPQA-hard,78a564282a204bf9a6611c757217e2be,2,1,1,1,False,True,META2_control_supergpqa_seed1313.jsonl:control;META2_permuted_panel_supergpqa_seed1313.jsonl:permuted_panel
SuperGPQA-hard,1bcdfc904e89419ba9ec65b68b9c1b41,2,1,1,1,False,False,META2_control_supergpqa_seed1313.jsonl:control;META2_permuted_panel_supergpqa_seed1313.jsonl:permuted_panel
SuperGPQA-hard,176df1aecda443a39f416e15834b6dd6,2,2,0,0,True,False,META2_control_supergpqa_seed1313.jsonl:control;META2_permuted_panel_supergpqa_seed1313.jsonl:permuted_panel
SuperGPQA-hard,efbbda37dce347b8bc0262585af57720,2,2,0,0,True,False,META2_control_supergpqa_seed1313.jsonl:control;META2_permuted_panel_supergpqa_seed1313.jsonl:permuted_panel
SuperGPQA-hard,206733326acb4a0b822ea0041dad0452,2,1,1,1,False,True,META2_control_supergpqa_seed1313.jsonl:control;META2_permuted_panel_supergpqa_seed1313.jsonl:permuted_panel
SuperGPQA-hard,296634b8c949445facd9aacedc92d1bd,2,2,0,0,True,False,META2_control_supergpqa_seed1313.jsonl:control;META2_permuted_panel_supergpqa_seed1313.jsonl:permuted_panel
SuperGPQA-hard,0a6d7b45805d46049f4a5f2d57dbdfab,2,2,0,0,True,False,META2_control_supergpqa_seed1313.jsonl:control;META2_permuted_panel_supergpqa_seed1313.jsonl:permuted_panel
SuperGPQA-hard,72c816932eb34ae5bc7dd5d9fa3385d2,2,2,0,0,True,False,META2_control_supergpqa_seed1313.jsonl:control;META2_permuted_panel_supergpqa_seed1313.jsonl:permuted_panel
SuperGPQA-hard,9b63c53c2d6142a3be06e4010bc54f3f,2,2,0,0,True,False,META2_control_supergpqa_seed1313.jsonl:control;META2_permuted_panel_supergpqa_seed1313.jsonl:permuted_panel
SuperGPQA-hard,9de35ddd9f964480ae7ef1999f00e775,2,2,0,0,True,False,META2_control_supergpqa_seed1313.jsonl:control;META2_permuted_panel_supergpqa_seed1313.jsonl:permuted_panel
SuperGPQA-hard,8fd7740fc68b474f955d52da8c6f3b36,2,2,0,0,True,False,META2_control_supergpqa_seed1313.jsonl:control;META2_permuted_panel_supergpqa_seed1313.jsonl:permuted_panel
SuperGPQA-hard,b2db67f7fbf94e2d90c3220b1167db0c,2,2,0,0,True,False,META2_control_supergpqa_seed1313.jsonl:control;META2_permuted_panel_supergpqa_seed1313.jsonl:permuted_panel
SuperGPQA-hard,340d0efcc84248f7b3db66f8ca94bddd,2,2,0,0,True,False,META2_control_supergpqa_seed1313.jsonl:control;META2_permuted_panel_supergpqa_seed1313.jsonl:permuted_panel
SuperGPQA-hard,e1b7c9079b304a928b8fa2e73388267e,2,2,0,0,True,False,META2_control_supergpqa_seed1313.jsonl:control;META2_permuted_panel_supergpqa_seed1313.jsonl:permuted_panel
SuperGPQA-hard,0fc034fb52e848f29f4c0d4e1ff334d1,2,2,0,0,True,False,META2_control_supergpqa_seed1313.jsonl:control;META2_permuted_panel_supergpqa_seed1313.jsonl:permuted_panel
SuperGPQA-hard,26d8b4c903f943209c0da547a5544e61,2,2,0,0,True,False,META2_control_supergpqa_seed1313.jsonl:control;META2_permuted_panel_supergpqa_seed1313.jsonl:permuted_panel
SuperGPQA-hard,afbfd3786a104b4ba1e1ca8a399d4d74,2,2,0,0,True,False,META2_control_supergpqa_seed1313.jsonl:control;META2_permuted_panel_supergpqa_seed1313.jsonl:permuted_panel
SuperGPQA-hard,8fb24105186c4421ac532b8c0908a36f,2,2,0,0,True,False,META2_control_supergpqa_seed1313.jsonl:control;META2_permuted_panel_supergpqa_seed1313.jsonl:permuted_panel
SuperGPQA-hard,187932078c6b47dca70f1567aab84b52,2,2,0,0,True,False,META2_control_supergpqa_seed1313.jsonl:control;META2_permuted_panel_supergpqa_seed1313.jsonl:permuted_panel
SuperGPQA-hard,174d7c7909e948e29817e4287e4210a0,2,2,0,0,True,False,META2_control_supergpqa_seed1313.jsonl:control;META2_permuted_panel_supergpqa_seed1313.jsonl:permuted_panel
SuperGPQA-hard,e39471c3142648a5b5916e6aa6c4ca5d,2,0,2,1,True,True,META2_control_supergpqa_seed1313.jsonl:control;META2_permuted_panel_supergpqa_seed1313.jsonl:permuted_panel
SuperGPQA-hard,f7452fa83fca480db969c6762ef902df,2,2,0,0,True,False,META2_control_supergpqa_seed1313.jsonl:control;META2_permuted_panel_supergpqa_seed1313.jsonl:permuted_panel
SuperGPQA-hard,d2112d932a714bbf875080626c135d31,2,0,2,1,True,True,META2_control_supergpqa_seed1313.jsonl:control;META2_permuted_panel_supergpqa_seed1313.jsonl:permuted_panel
SuperGPQA-hard,93c497d24ae74f5484c8be2fc2271f29,2,2,0,0,True,False,META2_control_supergpqa_seed1313.jsonl:control;META2_permuted_panel_supergpqa_seed1313.jsonl:permuted_panel
SuperGPQA-hard,b5017221b258477db4dc1206f382f27c,2,1,1,1,False,False,META2_control_supergpqa_seed1313.jsonl:control;META2_permuted_panel_supergpqa_seed1313.jsonl:permuted_panel
SuperGPQA-hard,9307245386e440adab7bfa7be2eeb492,2,2,0,0,True,False,META2_control_supergpqa_seed1313.jsonl:control;META2_permuted_panel_supergpqa_seed1313.jsonl:permuted_panel
SuperGPQA-hard,f1478d6b08f24d28a0c070d58c79bbad,2,0,2,1,True,True,META2_control_supergpqa_seed1313.jsonl:control;META2_permuted_panel_supergpqa_seed1313.jsonl:permuted_panel
SuperGPQA-hard,f619ae035456453e8f8f34604395cc3f,2,0,2,1,True,True,META2_control_supergpqa_seed1313.jsonl:control;META2_permuted_panel_supergpqa_seed1313.jsonl:permuted_panel
SuperGPQA-hard,484dbeadacb34cf2ab23e01b306d880c,2,2,0,0,True,False,META2_control_supergpqa_seed1313.jsonl:control;META2_permuted_panel_supergpqa_seed1313.jsonl:permuted_panel
SuperGPQA-hard,580a2a26ce5145d481c569d736e50f88,2,2,0,0,True,False,META2_control_supergpqa_seed1313.jsonl:control;META2_permuted_panel_supergpqa_seed1313.jsonl:permuted_panel
SuperGPQA-hard,bcfc156935154d9aa7e4335b373b9428,2,0,2,2,False,True,META2_control_supergpqa_seed1313.jsonl:control;META2_permuted_panel_supergpqa_seed1313.jsonl:permuted_panel
SuperGPQA-hard,223679a0fb1948b3b1281ac08855b9e8,2,2,0,0,True,False,META2_control_supergpqa_seed1313.jsonl:control;META2_permuted_panel_supergpqa_seed1313.jsonl:permuted_panel
SuperGPQA-hard,0e9ae67466474359a2c81227ce6b89cb,2,0,2,1,True,True,META2_control_supergpqa_seed1313.jsonl:control;META2_permuted_panel_supergpqa_seed1313.jsonl:permuted_panel
SuperGPQA-hard,2d13607b870b4161bc7c1783fd0beb54,2,2,0,0,True,False,META2_control_supergpqa_seed1313.jsonl:control;META2_permuted_panel_supergpqa_seed1313.jsonl:permuted_panel
SuperGPQA-hard,775ac535425e4d018f158dd6febdc74a,2,2,0,0,True,False,META2_control_supergpqa_seed1313.jsonl:control;META2_permuted_panel_supergpqa_seed1313.jsonl:permuted_panel
SuperGPQA-hard,f584c3a789da4fd78ed4d1ceb7ad0019,2,2,0,0,True,False,META2_control_supergpqa_seed1313.jsonl:control;META2_permuted_panel_supergpqa_seed1313.jsonl:permuted_panel
SuperGPQA-hard,8340b646cf8a4d3d81b2c22e2d573143,2,2,0,0,True,False,META2_control_supergpqa_seed1313.jsonl:control;META2_permuted_panel_supergpqa_seed1313.jsonl:permuted_panel
SuperGPQA-hard,94fc9dd8bbbf45f0bb991c4d2c3d50a7,2,2,0,0,True,False,META2_control_supergpqa_seed1313.jsonl:control;META2_permuted_panel_supergpqa_seed1313.jsonl:permuted_panel
SuperGPQA-hard,bd089550a7184175b3730af31237c3d8,2,2,0,0,True,False,META2_control_supergpqa_seed1313.jsonl:control;META2_permuted_panel_supergpqa_seed1313.jsonl:permuted_panel
SuperGPQA-hard,55b40c17366749e29507b8326c86c549,2,2,0,0,True,False,META2_control_supergpqa_seed1313.jsonl:control;META2_permuted_panel_supergpqa_seed1313.jsonl:permuted_panel
SuperGPQA-hard,89ea2c1b2c644c1bbe9ec05cde7a7c34,2,2,0,0,True,False,META2_control_supergpqa_seed2027.jsonl:control;META2_permuted_panel_supergpqa_seed2027.jsonl:permuted_panel
SuperGPQA-hard,76a63f6545bc4d38a4fd9106794d4bc2,2,2,0,0,True,False,META2_control_supergpqa_seed2027.jsonl:control;META2_permuted_panel_supergpqa_seed2027.jsonl:permuted_panel
SuperGPQA-hard,ab9084f0f5294f298fde1cc8f3639fcd,2,2,0,0,True,False,META2_control_supergpqa_seed2027.jsonl:control;META2_permuted_panel_supergpqa_seed2027.jsonl:permuted_panel
SuperGPQA-hard,9d8ad39cb8ab4c00811470629f812d2c,2,2,0,0,True,False,META2_control_supergpqa_seed2027.jsonl:control;META2_permuted_panel_supergpqa_seed2027.jsonl:permuted_panel
SuperGPQA-hard,55fbb0e9c5c54d05be039b0be87fa963,2,2,0,0,True,False,META2_control_supergpqa_seed2027.jsonl:control;META2_permuted_panel_supergpqa_seed2027.jsonl:permuted_panel
SuperGPQA-hard,6c66d34a74a44132867652c6b18d2097,2,2,0,0,True,False,META2_control_supergpqa_seed2027.jsonl:control;META2_permuted_panel_supergpqa_seed2027.jsonl:permuted_panel
SuperGPQA-hard,ad8a1dde79bf494e95a80c5d2495692f,2,2,0,0,True,False,META2_control_supergpqa_seed2027.jsonl:control;META2_permuted_panel_supergpqa_seed2027.jsonl:permuted_panel
SuperGPQA-hard,ad04a3dd9c6e47d2b696274ed0b959d3,2,0,2,1,True,True,META2_control_supergpqa_seed2027.jsonl:control;META2_permuted_panel_supergpqa_seed2027.jsonl:permuted_panel
SuperGPQA-hard,8ec3055b24ae4df1a4ec131f82389818,2,2,0,0,True,False,META2_control_supergpqa_seed2027.jsonl:control;META2_permuted_panel_supergpqa_seed2027.jsonl:permuted_panel
SuperGPQA-hard,b2e311f4dbbb4a03b4364679034a97fb,2,1,1,1,False,True,META2_control_supergpqa_seed2027.jsonl:control;META2_permuted_panel_supergpqa_seed2027.jsonl:permuted_panel
SuperGPQA-hard,7a2e5ffbf3004234945055db182b9dd2,2,1,1,1,False,False,META2_control_supergpqa_seed2027.jsonl:control;META2_permuted_panel_supergpqa_seed2027.jsonl:permuted_panel
SuperGPQA-hard,3b528408557e4e66833e5dcb38729f6e,2,2,0,0,True,False,META2_control_supergpqa_seed2027.jsonl:control;META2_permuted_panel_supergpqa_seed2027.jsonl:permuted_panel
SuperGPQA-hard,bcd97c9fdc49413386901915ccb8c135,2,2,0,0,True,False,META2_control_supergpqa_seed2027.jsonl:control;META2_permuted_panel_supergpqa_seed2027.jsonl:permuted_panel
SuperGPQA-hard,9ef94cd2aae94e19a8efffa4a5b8615e,2,1,1,1,False,False,META2_control_supergpqa_seed2027.jsonl:control;META2_permuted_panel_supergpqa_seed2027.jsonl:permuted_panel
SuperGPQA-hard,798a0def38ad4b159fffa92042113133,2,1,1,1,False,True,META2_control_supergpqa_seed2027.jsonl:control;META2_permuted_panel_supergpqa_seed2027.jsonl:permuted_panel
SuperGPQA-hard,048b9dc1730044e48e9ef8f0a0a59db7,2,2,0,0,True,False,META2_control_supergpqa_seed2027.jsonl:control;META2_permuted_panel_supergpqa_seed2027.jsonl:permuted_panel
SuperGPQA-hard,ff4de99c7ef14f75ade99c930a77d708,2,2,0,0,True,False,META2_control_supergpqa_seed2027.jsonl:control;META2_permuted_panel_supergpqa_seed2027.jsonl:permuted_panel
SuperGPQA-hard,9fc6adcb15cf46cca872d9fa246a4c87,2,0,2,2,False,True,META2_control_supergpqa_seed2027.jsonl:control;META2_permuted_panel_supergpqa_seed2027.jsonl:permuted_panel
SuperGPQA-hard,c801c7e862564763917fcbb5dfd43df2,2,2,0,0,True,False,META2_control_supergpqa_seed2027.jsonl:control;META2_permuted_panel_supergpqa_seed2027.jsonl:permuted_panel
SuperGPQA-hard,fb41440f181242a1a6b3ce7b9664a762,2,2,0,0,True,False,META2_control_supergpqa_seed2027.jsonl:control;META2_permuted_panel_supergpqa_seed2027.jsonl:permuted_panel
SuperGPQA-hard,4490060d4abe45a984c1f8965bf10633,2,2,0,0,True,False,META2_control_supergpqa_seed2027.jsonl:control;META2_permuted_panel_supergpqa_seed2027.jsonl:permuted_panel
SuperGPQA-hard,836465ad84b24ff996128fb87fd864a1,2,0,2,2,False,True,META2_control_supergpqa_seed2027.jsonl:control;META2_permuted_panel_supergpqa_seed2027.jsonl:permuted_panel
SuperGPQA-hard,b77a565706b24e75ae7384963892bd16,2,2,0,0,True,False,META2_control_supergpqa_seed2027.jsonl:control;META2_permuted_panel_supergpqa_seed2027.jsonl:permuted_panel
SuperGPQA-hard,90527d3655bc43029751e21cdb4a4f8b,2,2,0,0,True,False,META2_control_supergpqa_seed2027.jsonl:control;META2_permuted_panel_supergpqa_seed2027.jsonl:permuted_panel
SuperGPQA-hard,74d4f7e6fb19400f97b2b57330d24ad2,2,2,0,0,True,False,META2_control_supergpqa_seed2027.jsonl:control;META2_permuted_panel_supergpqa_seed2027.jsonl:permuted_panel
SuperGPQA-hard,14110586ac6f4e02ae2b41caf9767644,2,0,2,1,True,True,META2_control_supergpqa_seed2027.jsonl:control;META2_permuted_panel_supergpqa_seed2027.jsonl:permuted_panel
SuperGPQA-hard,52b6e83adfb346178c4b9df68b857c73,2,2,0,0,True,False,META2_control_supergpqa_seed2027.jsonl:control;META2_permuted_panel_supergpqa_seed2027.jsonl:permuted_panel
SuperGPQA-hard,4eb47f01e9844a2f95a415de6a667c07,2,2,0,0,True,False,META2_control_supergpqa_seed2027.jsonl:control;META2_permuted_panel_supergpqa_seed2027.jsonl:permuted_panel
SuperGPQA-hard,85be4287145e40b1a4d47a105aafc40d,2,2,0,0,True,False,META2_control_supergpqa_seed2027.jsonl:control;META2_permuted_panel_supergpqa_seed2027.jsonl:permuted_panel
SuperGPQA-hard,9981ef47a2e243f4808420c08eed14c9,2,2,0,0,True,False,META2_control_supergpqa_seed2027.jsonl:control;META2_permuted_panel_supergpqa_seed2027.jsonl:permuted_panel
SuperGPQA-hard,c3d30d41af104ec7841aea328cf0398a,2,0,2,2,False,True,META2_control_supergpqa_seed2027.jsonl:control;META2_permuted_panel_supergpqa_seed2027.jsonl:permuted_panel
SuperGPQA-hard,df2bc2a981894511b0fb00a5d2ba10ef,2,1,1,1,False,True,META2_control_supergpqa_seed2027.jsonl:control;META2_permuted_panel_supergpqa_seed2027.jsonl:permuted_panel
SuperGPQA-hard,192ee980ba5f414fa1c3fec5aa78b4d6,2,2,0,0,True,False,META2_control_supergpqa_seed2027.jsonl:control;META2_permuted_panel_supergpqa_seed2027.jsonl:permuted_panel
SuperGPQA-hard,0b5d8b43d02347ac965f363b96fd85ea,2,2,0,0,True,False,META2_control_supergpqa_seed2027.jsonl:control;META2_permuted_panel_supergpqa_seed2027.jsonl:permuted_panel
SuperGPQA-hard,df91f480915e45eb8d59b4b6446bc487,2,0,2,1,True,True,META2_control_supergpqa_seed2027.jsonl:control;META2_permuted_panel_supergpqa_seed2027.jsonl:permuted_panel
SuperGPQA-hard,f8b2bc6a248c4235812f3dfbc187fed7,2,2,0,0,True,False,META2_control_supergpqa_seed2027.jsonl:control;META2_permuted_panel_supergpqa_seed2027.jsonl:permuted_panel
SuperGPQA-hard,3113881b9caf41ebae2c4c94a66990ca,2,2,0,0,True,False,META2_control_supergpqa_seed2027.jsonl:control;META2_permuted_panel_supergpqa_seed2027.jsonl:permuted_panel
SuperGPQA-hard,929cbd9e50d94b17ba5024919e4c2ae5,2,2,0,0,True,False,META2_control_supergpqa_seed2027.jsonl:control;META2_permuted_panel_supergpqa_seed2027.jsonl:permuted_panel
SuperGPQA-hard,1eb91932207046aaa56ce24234ff69af,2,1,1,1,False,True,META2_control_supergpqa_seed2027.jsonl:control;META2_permuted_panel_supergpqa_seed2027.jsonl:permuted_panel
SuperGPQA-hard,93cbf3aecc4b4d94844acbd1f9517e5d,2,2,0,0,True,False,META2_control_supergpqa_seed2027.jsonl:control;META2_permuted_panel_supergpqa_seed2027.jsonl:permuted_panel
SuperGPQA-hard,b6ef5fa25f6c43bb8c1ac7440eeb1067,2,2,0,0,True,False,META2_control_supergpqa_seed2027.jsonl:control;META2_permuted_panel_supergpqa_seed2027.jsonl:permuted_panel
SuperGPQA-hard,c25421a681cd45c6bf920c292449e068,2,0,2,1,True,True,META2_control_supergpqa_seed2027.jsonl:control;META2_permuted_panel_supergpqa_seed2027.jsonl:permuted_panel
SuperGPQA-hard,5e19e0c88d074381afd719501a7080a1,2,0,2,1,True,True,META2_control_supergpqa_seed2027.jsonl:control;META2_permuted_panel_supergpqa_seed2027.jsonl:permuted_panel
SuperGPQA-hard,774f278462814d6298417cd1eeadb78e,4,4,0,0,True,False,META2_control_supergpqa_seed2027.jsonl:control;META2_control_supergpqa_seed909.jsonl:control;META2_permuted_panel_supergpqa_seed2027.jsonl:permuted_panel;META2_permuted_panel_supergpqa_seed909.jsonl:permuted_panel
SuperGPQA-hard,ad7ec8ee49764f129a83dd557f25782e,2,1,1,1,False,False,META2_control_supergpqa_seed2027.jsonl:control;META2_permuted_panel_supergpqa_seed2027.jsonl:permuted_panel
SuperGPQA-hard,09064f2131ad4c6fb1f28bc7cf992775,2,1,1,1,False,False,META2_control_supergpqa_seed2027.jsonl:control;META2_permuted_panel_supergpqa_seed2027.jsonl:permuted_panel
SuperGPQA-hard,02492626d107478d80ef8dab8f14eae1,2,2,0,0,True,False,META2_control_supergpqa_seed2027.jsonl:control;META2_permuted_panel_supergpqa_seed2027.jsonl:permuted_panel
SuperGPQA-hard,eb78f399e33e4fde99373c2944da84ba,2,2,0,0,True,False,META2_control_supergpqa_seed2027.jsonl:control;META2_permuted_panel_supergpqa_seed2027.jsonl:permuted_panel
SuperGPQA-hard,fb0d689c14dc4dd785e216465959a82e,2,2,0,0,True,False,META2_control_supergpqa_seed2027.jsonl:control;META2_permuted_panel_supergpqa_seed2027.jsonl:permuted_panel
SuperGPQA-hard,e2b440285e784f36815fe1a969ac7254,2,2,0,0,True,False,META2_control_supergpqa_seed2027.jsonl:control;META2_permuted_panel_supergpqa_seed2027.jsonl:permuted_panel
SuperGPQA-hard,8648572e55d842439a80359026e8e776,2,2,0,0,True,False,META2_control_supergpqa_seed2027.jsonl:control;META2_permuted_panel_supergpqa_seed2027.jsonl:permuted_panel
SuperGPQA-hard,2da248d76137456ea8533cbb76a4f481,2,1,1,1,False,True,META2_control_supergpqa_seed2027.jsonl:control;META2_permuted_panel_supergpqa_seed2027.jsonl:permuted_panel
SuperGPQA-hard,acb56c94e8f94646aed6f85ef997937a,2,2,0,0,True,False,META2_control_supergpqa_seed2027.jsonl:control;META2_permuted_panel_supergpqa_seed2027.jsonl:permuted_panel
SuperGPQA-hard,90b5d13fe2c34fe2a19b25a096613ba7,2,2,0,0,True,False,META2_control_supergpqa_seed2027.jsonl:control;META2_permuted_panel_supergpqa_seed2027.jsonl:permuted_panel
SuperGPQA-hard,2e1c92e7640f46f3b19e4cb2b87f6e6a,2,2,0,0,True,False,META2_control_supergpqa_seed2027.jsonl:control;META2_permuted_panel_supergpqa_seed2027.jsonl:permuted_panel
SuperGPQA-hard,93a94af4bedb477ebc39090181a04e26,2,2,0,0,True,False,META2_control_supergpqa_seed2027.jsonl:control;META2_permuted_panel_supergpqa_seed2027.jsonl:permuted_panel
SuperGPQA-hard,f475d3ec790847849d371e6e6a208dc0,2,1,1,1,False,True,META2_control_supergpqa_seed2027.jsonl:control;META2_permuted_panel_supergpqa_seed2027.jsonl:permuted_panel
SuperGPQA-hard,95be1611a1d043b5b3fd3f2b7708252d,2,2,0,0,True,False,META2_control_supergpqa_seed2027.jsonl:control;META2_permuted_panel_supergpqa_seed2027.jsonl:permuted_panel
SuperGPQA-hard,9475ca3efa54496b837464898ac0ce37,2,0,2,1,True,True,META2_control_supergpqa_seed2027.jsonl:control;META2_permuted_panel_supergpqa_seed2027.jsonl:permuted_panel
SuperGPQA-hard,3418164dfa79431db4b71b7e984f74d8,2,2,0,0,True,False,META2_control_supergpqa_seed2027.jsonl:control;META2_permuted_panel_supergpqa_seed2027.jsonl:permuted_panel
SuperGPQA-hard,8922f6cb597c486f89dba3f52a95a33f,2,2,0,0,True,False,META2_control_supergpqa_seed2027.jsonl:control;META2_permuted_panel_supergpqa_seed2027.jsonl:permuted_panel
SuperGPQA-hard,e15b91b897dd46419d8f7f2ac2034745,2,2,0,0,True,False,META2_control_supergpqa_seed2027.jsonl:control;META2_permuted_panel_supergpqa_seed2027.jsonl:permuted_panel
SuperGPQA-hard,fbe072bb82444eef95c9a0da2bb383b4,2,2,0,0,True,False,META2_control_supergpqa_seed2027.jsonl:control;META2_permuted_panel_supergpqa_seed2027.jsonl:permuted_panel
SuperGPQA-hard,88dfa83c304a42fb93f5ac30ca086d55,2,2,0,0,True,False,META2_control_supergpqa_seed2027.jsonl:control;META2_permuted_panel_supergpqa_seed2027.jsonl:permuted_panel
SuperGPQA-hard,86e070c7501c4f5e9ca00d1a1bad6cef,2,0,2,1,True,True,META2_control_supergpqa_seed2027.jsonl:control;META2_permuted_panel_supergpqa_seed2027.jsonl:permuted_panel
SuperGPQA-hard,1816dcac15624eaebb551a797c2ee047,2,2,0,0,True,False,META2_control_supergpqa_seed2027.jsonl:control;META2_permuted_panel_supergpqa_seed2027.jsonl:permuted_panel
SuperGPQA-hard,1769114e0de44c4d861440db026f439f,2,2,0,0,True,False,META2_control_supergpqa_seed2027.jsonl:control;META2_permuted_panel_supergpqa_seed2027.jsonl:permuted_panel
SuperGPQA-hard,c13acd3d7e4d4afab782af7180af48b8,2,2,0,0,True,False,META2_control_supergpqa_seed2027.jsonl:control;META2_permuted_panel_supergpqa_seed2027.jsonl:permuted_panel
SuperGPQA-hard,714b03c815d3414980d63370de5f9d15,2,2,0,0,True,False,META2_control_supergpqa_seed2027.jsonl:control;META2_permuted_panel_supergpqa_seed2027.jsonl:permuted_panel
SuperGPQA-hard,917eb50b8fc1498a820da2396783c272,2,2,0,0,True,False,META2_control_supergpqa_seed2027.jsonl:control;META2_permuted_panel_supergpqa_seed2027.jsonl:permuted_panel
SuperGPQA-hard,bdf9115420a84d398fb6bd367c3f0010,2,1,1,1,False,True,META2_control_supergpqa_seed2027.jsonl:control;META2_permuted_panel_supergpqa_seed2027.jsonl:permuted_panel
SuperGPQA-hard,38870fc19e34499abb8745f6191855ec,2,2,0,0,True,False,META2_control_supergpqa_seed2027.jsonl:control;META2_permuted_panel_supergpqa_seed2027.jsonl:permuted_panel
SuperGPQA-hard,6eb32b09d796475abb02baa1fe6db7ea,2,2,0,0,True,False,META2_control_supergpqa_seed2027.jsonl:control;META2_permuted_panel_supergpqa_seed2027.jsonl:permuted_panel
SuperGPQA-hard,ff771d6c3b254cd28af057b06d0992a2,2,0,2,1,True,True,META2_control_supergpqa_seed2027.jsonl:control;META2_permuted_panel_supergpqa_seed2027.jsonl:permuted_panel
SuperGPQA-hard,edc664308309410d96a0152b28dc927d,2,2,0,0,True,False,META2_control_supergpqa_seed2027.jsonl:control;META2_permuted_panel_supergpqa_seed2027.jsonl:permuted_panel
SuperGPQA-hard,aa686324e7a84266a1ae052de62eee20,2,2,0,0,True,False,META2_control_supergpqa_seed2027.jsonl:control;META2_permuted_panel_supergpqa_seed2027.jsonl:permuted_panel
SuperGPQA-hard,4a67c4a9ed0743cf9131696cbc780d17,2,2,0,0,True,False,META2_control_supergpqa_seed2027.jsonl:control;META2_permuted_panel_supergpqa_seed2027.jsonl:permuted_panel
SuperGPQA-hard,880aebd099464404b8d229ef4cb3d9ea,2,2,0,0,True,False,META2_control_supergpqa_seed2027.jsonl:control;META2_permuted_panel_supergpqa_seed2027.jsonl:permuted_panel
SuperGPQA-hard,2582c0c28ef94b54bd75923917406a8a,2,2,0,0,True,False,META2_control_supergpqa_seed2027.jsonl:control;META2_permuted_panel_supergpqa_seed2027.jsonl:permuted_panel
SuperGPQA-hard,933981950b6b48c9be0cb115a3833b37,2,1,1,1,False,True,META2_control_supergpqa_seed2027.jsonl:control;META2_permuted_panel_supergpqa_seed2027.jsonl:permuted_panel
SuperGPQA-hard,7f0a718222564dc3922873f9b8b8b407,2,0,2,1,True,True,META2_control_supergpqa_seed909.jsonl:control;META2_permuted_panel_supergpqa_seed909.jsonl:permuted_panel
SuperGPQA-hard,0c1ce9fb89c544c2b24b2609bfa23642,2,2,0,0,True,False,META2_control_supergpqa_seed909.jsonl:control;META2_permuted_panel_supergpqa_seed909.jsonl:permuted_panel
SuperGPQA-hard,3faffffae8144052ba1172a176ec445f,2,2,0,0,True,False,META2_control_supergpqa_seed909.jsonl:control;META2_permuted_panel_supergpqa_seed909.jsonl:permuted_panel
SuperGPQA-hard,753b9bb15f1c4875b1ebd8a4f0e8ad61,2,1,1,1,False,True,META2_control_supergpqa_seed909.jsonl:control;META2_permuted_panel_supergpqa_seed909.jsonl:permuted_panel
SuperGPQA-hard,98fe9d9a5ade4779a6df9f69035ee756,2,1,1,1,False,False,META2_control_supergpqa_seed909.jsonl:control;META2_permuted_panel_supergpqa_seed909.jsonl:permuted_panel
SuperGPQA-hard,fee08877a8844a1c8331fc8cac91d9d4,2,2,0,0,True,False,META2_control_supergpqa_seed909.jsonl:control;META2_permuted_panel_supergpqa_seed909.jsonl:permuted_panel
SuperGPQA-hard,446a87ff64474fe2a33eac241eaa4513,2,2,0,0,True,False,META2_control_supergpqa_seed909.jsonl:control;META2_permuted_panel_supergpqa_seed909.jsonl:permuted_panel
SuperGPQA-hard,f0bb3853e211468d8b09a21b001c3909,2,2,0,0,True,False,META2_control_supergpqa_seed909.jsonl:control;META2_permuted_panel_supergpqa_seed909.jsonl:permuted_panel
SuperGPQA-hard,8448e9e443444fa8914dd174252f8387,2,2,0,0,True,False,META2_control_supergpqa_seed909.jsonl:control;META2_permuted_panel_supergpqa_seed909.jsonl:permuted_panel
SuperGPQA-hard,da9a72380d03494eb15cdb6326ef1d63,2,1,1,1,False,False,META2_control_supergpqa_seed909.jsonl:control;META2_permuted_panel_supergpqa_seed909.jsonl:permuted_panel
SuperGPQA-hard,e274da8c33684a8eaf93ff535f26966c,2,0,2,1,True,True,META2_control_supergpqa_seed909.jsonl:control;META2_permuted_panel_supergpqa_seed909.jsonl:permuted_panel
SuperGPQA-hard,8150fb059b3041fda1a3079d62f96c81,2,0,2,1,True,True,META2_control_supergpqa_seed909.jsonl:control;META2_permuted_panel_supergpqa_seed909.jsonl:permuted_panel
SuperGPQA-hard,5b45b2db369345e58b6dfa4ec2bebe1e,2,0,2,1,True,True,META2_control_supergpqa_seed909.jsonl:control;META2_permuted_panel_supergpqa_seed909.jsonl:permuted_panel
SuperGPQA-hard,93fb4ca991b54dc9b48f6d8ad8dadad6,2,2,0,0,True,False,META2_control_supergpqa_seed909.jsonl:control;META2_permuted_panel_supergpqa_seed909.jsonl:permuted_panel
SuperGPQA-hard,1801d45b0acc48cf93825a48f3f1f2d9,2,2,0,0,True,False,META2_control_supergpqa_seed909.jsonl:control;META2_permuted_panel_supergpqa_seed909.jsonl:permuted_panel
SuperGPQA-hard,3b57245e92d34df8b15c3485e797caa7,2,1,1,1,False,False,META2_control_supergpqa_seed909.jsonl:control;META2_permuted_panel_supergpqa_seed909.jsonl:permuted_panel
SuperGPQA-hard,de80385182a04a07b8e0ebf47441fd73,2,2,0,0,True,False,META2_control_supergpqa_seed909.jsonl:control;META2_permuted_panel_supergpqa_seed909.jsonl:permuted_panel
SuperGPQA-hard,d153c78aab83437098128b09643b1b1b,2,2,0,0,True,False,META2_control_supergpqa_seed909.jsonl:control;META2_permuted_panel_supergpqa_seed909.jsonl:permuted_panel
SuperGPQA-hard,b276a7c672c44245bd8ff7b2f3bfc6ed,2,2,0,0,True,False,META2_control_supergpqa_seed909.jsonl:control;META2_permuted_panel_supergpqa_seed909.jsonl:permuted_panel
SuperGPQA-hard,359d204466cf48a68d305af7cb894607,2,2,0,0,True,False,META2_control_supergpqa_seed909.jsonl:control;META2_permuted_panel_supergpqa_seed909.jsonl:permuted_panel
SuperGPQA-hard,3504bf36fbae416abe5a3c35905cb09c,2,2,0,0,True,False,META2_control_supergpqa_seed909.jsonl:control;META2_permuted_panel_supergpqa_seed909.jsonl:permuted_panel
SuperGPQA-hard,9fcea6b17825455e84ca2a14591131db,2,0,2,1,True,True,META2_control_supergpqa_seed909.jsonl:control;META2_permuted_panel_supergpqa_seed909.jsonl:permuted_panel
SuperGPQA-hard,21d1d27ba995479dbeed0629b0fb6bc6,2,0,2,1,True,True,META2_control_supergpqa_seed909.jsonl:control;META2_permuted_panel_supergpqa_seed909.jsonl:permuted_panel
SuperGPQA-hard,035eea8b984a439e8aa2c57d8ce71004,2,2,0,0,True,False,META2_control_supergpqa_seed909.jsonl:control;META2_permuted_panel_supergpqa_seed909.jsonl:permuted_panel
SuperGPQA-hard,42218a1a88e144cda0a439614e5ed37a,2,2,0,0,True,False,META2_control_supergpqa_seed909.jsonl:control;META2_permuted_panel_supergpqa_seed909.jsonl:permuted_panel
SuperGPQA-hard,cd30976ef17748819f04e65423ef8b9f,2,2,0,0,True,False,META2_control_supergpqa_seed909.jsonl:control;META2_permuted_panel_supergpqa_seed909.jsonl:permuted_panel
SuperGPQA-hard,58404af730f1470fb0ffa4c6cb195387,2,2,0,0,True,False,META2_control_supergpqa_seed909.jsonl:control;META2_permuted_panel_supergpqa_seed909.jsonl:permuted_panel
SuperGPQA-hard,77426eaa0d254207a880cc046e218338,2,2,0,0,True,False,META2_control_supergpqa_seed909.jsonl:control;META2_permuted_panel_supergpqa_seed909.jsonl:permuted_panel
SuperGPQA-hard,d3e6943775fe45a1b342d464b7789fcf,2,2,0,0,True,False,META2_control_supergpqa_seed909.jsonl:control;META2_permuted_panel_supergpqa_seed909.jsonl:permuted_panel
SuperGPQA-hard,d480d6dc26254df6952b767cb43ff7f5,2,2,0,0,True,False,META2_control_supergpqa_seed909.jsonl:control;META2_permuted_panel_supergpqa_seed909.jsonl:permuted_panel
SuperGPQA-hard,577d8bc0b647493f99d07f67b765ce79,2,2,0,0,True,False,META2_control_supergpqa_seed909.jsonl:control;META2_permuted_panel_supergpqa_seed909.jsonl:permuted_panel
SuperGPQA-hard,f167d93fcf404e1990b65bbc25464616,2,1,1,1,False,True,META2_control_supergpqa_seed909.jsonl:control;META2_permuted_panel_supergpqa_seed909.jsonl:permuted_panel
SuperGPQA-hard,bd5e9f3f0c264bfcbdb0d65bafd77574,2,2,0,0,True,False,META2_control_supergpqa_seed909.jsonl:control;META2_permuted_panel_supergpqa_seed909.jsonl:permuted_panel
SuperGPQA-hard,cff5a6adefff4439b484c67e0dab0548,2,2,0,0,True,False,META2_control_supergpqa_seed909.jsonl:control;META2_permuted_panel_supergpqa_seed909.jsonl:permuted_panel
SuperGPQA-hard,dc319ec3a05740bd96124fa8eb972087,2,2,0,0,True,False,META2_control_supergpqa_seed909.jsonl:control;META2_permuted_panel_supergpqa_seed909.jsonl:permuted_panel
SuperGPQA-hard,7d09ef0797ce4e5985bf74b721552ca7,2,1,1,1,False,False,META2_control_supergpqa_seed909.jsonl:control;META2_permuted_panel_supergpqa_seed909.jsonl:permuted_panel
SuperGPQA-hard,06ae69ef1c91427cbe9c4828fca5f44b,2,2,0,0,True,False,META2_control_supergpqa_seed909.jsonl:control;META2_permuted_panel_supergpqa_seed909.jsonl:permuted_panel
SuperGPQA-hard,5421df7042274a38b3df26a35cdb469f,2,2,0,0,True,False,META2_control_supergpqa_seed909.jsonl:control;META2_permuted_panel_supergpqa_seed909.jsonl:permuted_panel
SuperGPQA-hard,c6dd6b345fbf490eb71cce53229a6af2,2,2,0,0,True,False,META2_control_supergpqa_seed909.jsonl:control;META2_permuted_panel_supergpqa_seed909.jsonl:permuted_panel
SuperGPQA-hard,ea8ee1f301e24f2abef3454faa2bcad3,2,2,0,0,True,False,META2_control_supergpqa_seed909.jsonl:control;META2_permuted_panel_supergpqa_seed909.jsonl:permuted_panel
SuperGPQA-hard,776b1918d67244708c5caf2f6d71390e,2,2,0,0,True,False,META2_control_supergpqa_seed909.jsonl:control;META2_permuted_panel_supergpqa_seed909.jsonl:permuted_panel
SuperGPQA-hard,a303795f899447c9a86c9bf222885c4d,2,2,0,0,True,False,META2_control_supergpqa_seed909.jsonl:control;META2_permuted_panel_supergpqa_seed909.jsonl:permuted_panel
SuperGPQA-hard,542d66872a3744ebbe3b7edb81159b87,2,2,0,0,True,False,META2_control_supergpqa_seed909.jsonl:control;META2_permuted_panel_supergpqa_seed909.jsonl:permuted_panel
SuperGPQA-hard,9370a1e88cd44bfb97e73d1dbd0be108,2,0,2,1,True,True,META2_control_supergpqa_seed909.jsonl:control;META2_permuted_panel_supergpqa_seed909.jsonl:permuted_panel
SuperGPQA-hard,5c80431a7a44410fb7cb477e28b56f54,2,2,0,0,True,False,META2_control_supergpqa_seed909.jsonl:control;META2_permuted_panel_supergpqa_seed909.jsonl:permuted_panel
SuperGPQA-hard,89313a292b8441c9be85ed164cbcdbef,2,2,0,0,True,False,META2_control_supergpqa_seed909.jsonl:control;META2_permuted_panel_supergpqa_seed909.jsonl:permuted_panel
SuperGPQA-hard,24f826b3ba9b4761a5008fb8b2a764f1,2,2,0,0,True,False,META2_control_supergpqa_seed909.jsonl:control;META2_permuted_panel_supergpqa_seed909.jsonl:permuted_panel
SuperGPQA-hard,9b2ab36a103b4b7087634081c8124ec8,2,1,1,1,False,True,META2_control_supergpqa_seed909.jsonl:control;META2_permuted_panel_supergpqa_seed909.jsonl:permuted_panel
SuperGPQA-hard,d991ece11c774658bba485b985d3e9d0,2,2,0,0,True,False,META2_control_supergpqa_seed909.jsonl:control;META2_permuted_panel_supergpqa_seed909.jsonl:permuted_panel
SuperGPQA-hard,8553c457934f417f998b45b85b13122a,2,2,0,0,True,False,META2_control_supergpqa_seed909.jsonl:control;META2_permuted_panel_supergpqa_seed909.jsonl:permuted_panel
SuperGPQA-hard,c794f1b6844a42c49bcb2762d5efd0a0,2,2,0,0,True,False,META2_control_supergpqa_seed909.jsonl:control;META2_permuted_panel_supergpqa_seed909.jsonl:permuted_panel
SuperGPQA-hard,becff80caaec4e6e9191e84c8b6caf71,2,0,2,1,True,True,META2_control_supergpqa_seed909.jsonl:control;META2_permuted_panel_supergpqa_seed909.jsonl:permuted_panel
SuperGPQA-hard,fab27a77c7a04024bdf2a0e07f36df23,2,1,1,1,False,True,META2_control_supergpqa_seed909.jsonl:control;META2_permuted_panel_supergpqa_seed909.jsonl:permuted_panel
SuperGPQA-hard,55edaf10765d46d4af4e841823a9797a,2,0,2,1,True,True,META2_control_supergpqa_seed909.jsonl:control;META2_permuted_panel_supergpqa_seed909.jsonl:permuted_panel
SuperGPQA-hard,069990efa2ad4a48b7ee0290514c87d2,2,0,2,1,True,True,META2_control_supergpqa_seed909.jsonl:control;META2_permuted_panel_supergpqa_seed909.jsonl:permuted_panel
SuperGPQA-hard,635d752febee4c159c6c7b640f91afee,2,1,1,1,False,True,META2_control_supergpqa_seed909.jsonl:control;META2_permuted_panel_supergpqa_seed909.jsonl:permuted_panel
SuperGPQA-hard,925824162d68421ab1955c70e896acb3,2,2,0,0,True,False,META2_control_supergpqa_seed909.jsonl:control;META2_permuted_panel_supergpqa_seed909.jsonl:permuted_panel
SuperGPQA-hard,1879143c55594a16af99b8f28262d5cd,2,2,0,0,True,False,META2_control_supergpqa_seed909.jsonl:control;META2_permuted_panel_supergpqa_seed909.jsonl:permuted_panel
SuperGPQA-hard,c5d4d7db014b497ca7029a9bec7f4bb2,2,0,2,1,True,True,META2_control_supergpqa_seed909.jsonl:control;META2_permuted_panel_supergpqa_seed909.jsonl:permuted_panel
SuperGPQA-hard,34a72c60bab346689ff20a5c79f7bcbd,2,2,0,0,True,False,META2_control_supergpqa_seed909.jsonl:control;META2_permuted_panel_supergpqa_seed909.jsonl:permuted_panel
SuperGPQA-hard,4eca043b6430444cbdd049afdfa2f053,2,2,0,0,True,False,META2_control_supergpqa_seed909.jsonl:control;META2_permuted_panel_supergpqa_seed909.jsonl:permuted_panel
SuperGPQA-hard,cf4f5dcb74544dc982db8d33e421d563,2,2,0,0,True,False,META2_control_supergpqa_seed909.jsonl:control;META2_permuted_panel_supergpqa_seed909.jsonl:permuted_panel
SuperGPQA-hard,879ba709078a42cb83bb6c35d0f46988,2,2,0,0,True,False,META2_control_supergpqa_seed909.jsonl:control;META2_permuted_panel_supergpqa_seed909.jsonl:permuted_panel
SuperGPQA-hard,6c089bcc77df411186116b02d5a29397,2,2,0,0,True,False,META2_control_supergpqa_seed909.jsonl:control;META2_permuted_panel_supergpqa_seed909.jsonl:permuted_panel
SuperGPQA-hard,1b439dbf5fa94d12b70bfc09f67c0207,2,1,1,1,False,False,META2_control_supergpqa_seed909.jsonl:control;META2_permuted_panel_supergpqa_seed909.jsonl:permuted_panel
SuperGPQA-hard,75a69daf29714e578b45461ef75c49b8,2,2,0,0,True,False,META2_control_supergpqa_seed909.jsonl:control;META2_permuted_panel_supergpqa_seed909.jsonl:permuted_panel
SuperGPQA-hard,3b56dfe1a6c7451bb96852d03c781fec,2,2,0,0,True,False,META2_control_supergpqa_seed909.jsonl:control;META2_permuted_panel_supergpqa_seed909.jsonl:permuted_panel
SuperGPQA-hard,81a567f240f046d9b3efd97401d5e613,2,0,2,1,True,True,META2_control_supergpqa_seed909.jsonl:control;META2_permuted_panel_supergpqa_seed909.jsonl:permuted_panel
SuperGPQA-hard,37871236ef614d9ead11af4912abc0fd,2,2,0,0,True,False,META2_control_supergpqa_seed909.jsonl:control;META2_permuted_panel_supergpqa_seed909.jsonl:permuted_panel
SuperGPQA-hard,39500f844ccf4842b37634e609862e09,2,1,1,1,False,True,META2_control_supergpqa_seed909.jsonl:control;META2_permuted_panel_supergpqa_seed909.jsonl:permuted_panel
SuperGPQA-hard,118d86cc46f849688d4fa43f1946e64c,2,2,0,0,True,False,META2_control_supergpqa_seed909.jsonl:control;META2_permuted_panel_supergpqa_seed909.jsonl:permuted_panel
SuperGPQA-hard,02825cc4d5204391ad16af37a803370b,2,1,1,1,False,True,META2_control_supergpqa_seed909.jsonl:control;META2_permuted_panel_supergpqa_seed909.jsonl:permuted_panel
SuperGPQA-hard,530a6c1b54cb409c8785941fb637e814,2,2,0,0,True,False,META2_control_supergpqa_seed909.jsonl:control;META2_permuted_panel_supergpqa_seed909.jsonl:permuted_panel
SuperGPQA-hard,07e1b41abb9444cfbd9d3abfde3fd2be,2,2,0,0,True,False,META2_control_supergpqa_seed909.jsonl:control;META2_permuted_panel_supergpqa_seed909.jsonl:permuted_panel
SuperGPQA-hard,7596b20b80904d37a2cdb3571dd140b1,2,1,1,1,False,True,META2_control_supergpqa_seed909.jsonl:control;META2_permuted_panel_supergpqa_seed909.jsonl:permuted_panel
SuperGPQA-hard,92ce9438a8dc454fb4400a14ecfb25cd,2,2,0,0,True,False,META2_control_supergpqa_seed909.jsonl:control;META2_permuted_panel_supergpqa_seed909.jsonl:permuted_panel
SuperGPQA-hard,0116019c4d2949ffbb23d38c1d02155f,2,1,1,1,False,True,META2_control_supergpqa_seed909.jsonl:control;META2_permuted_panel_supergpqa_seed909.jsonl:permuted_panel
SuperGPQA-hard,8646541e72e1482bacecb2f574a70667,2,1,1,1,False,True,META2_control_supergpqa_seed909.jsonl:control;META2_permuted_panel_supergpqa_seed909.jsonl:permuted_panel
