=== TB-1 arm B: flagship 1x solo, 3 seeds ===
Sun Aug  2 14:27:23 MPST 2026
--- seed 1001 ---
[08/02/26 14:27:27] INFO     HTTP Request: HEAD                 _client.py:1025
                             https://huggingface.co/datasets/Id                
                             avidrein/gpqa/resolve/main/README.                
                             md "HTTP/1.1 200 OK"                              
                    INFO     HTTP Request: HEAD                 _client.py:1025
                             https://huggingface.co/datasets/Id                
                             avidrein/gpqa/resolve/633f5ee89ab8                
                             ad4522a9f850766b73f62147ffdd/gpqa.                
                             py "HTTP/1.1 404 Not Found"                       
[08/02/26 14:27:28] INFO     HTTP Request: HEAD                 _client.py:1025
                             https://s3.amazonaws.com/datasets.                
                             huggingface.co/datasets/datasets/I                
                             davidrein/gpqa/Idavidrein/gpqa.py                 
                             "HTTP/1.1 404 Not Found"                          
                    INFO     HTTP Request: GET                  _client.py:1025
                             https://huggingface.co/api/dataset                
                             s/Idavidrein/gpqa/revision/633f5ee                
                             89ab8ad4522a9f850766b73f62147ffdd                 
                             "HTTP/1.1 200 OK"                                 
                    INFO     HTTP Request: HEAD                 _client.py:1025
                             https://huggingface.co/datasets/Id                
                             avidrein/gpqa/resolve/633f5ee89ab8                
                             ad4522a9f850766b73f62147ffdd/.hugg                
                             ingface.yaml "HTTP/1.1 404 Not                    
                             Found"                                            
[08/02/26 14:27:29] INFO     HTTP Request: GET                  _client.py:1025
                             https://datasets-server.huggingfac                
                             e.co/info?dataset=Idavidrein/gpqa                 
                             "HTTP/1.1 200 OK"                                 
                    INFO     HTTP Request: GET                  _client.py:1025
                             https://huggingface.co/api/dataset                
                             s/Idavidrein/gpqa/tree/633f5ee89ab                
                             8ad4522a9f850766b73f62147ffdd?recu                
                             rsive=false&expand=false "HTTP/1.1                
                             200 OK"                                           
                    INFO     HTTP Request: HEAD                 _client.py:1025
                             https://huggingface.co/datasets/Id                
                             avidrein/gpqa/resolve/633f5ee89ab8                
                             ad4522a9f850766b73f62147ffdd/datas                
                             et_infos.json "HTTP/1.1 404 Not                   
                             Found"                                            
[08/02/26 14:27:49] INFO     recG1ljJQcVy6CbSl        lever_experiments.py:2307
                             [baseline]: B(correct)                            
                             cost=$0.00000                                     
[08/02/26 14:27:51] INFO     recBtVK8rBVtIlXDq        lever_experiments.py:2307
                             [baseline]: D(correct)                            
                             cost=$0.00000                                     
[08/02/26 14:28:02] INFO     recvlnu8BuLmXZhSX        lever_experiments.py:2307
                             [baseline]: A(correct)                            
                             cost=$0.00000                                     
[08/02/26 14:28:32] INFO     rectlyG9pCAAuWhoB        lever_experiments.py:2307
                             [baseline]: B(wrong)                              
                             cost=$0.00000                                     
[08/02/26 14:28:33] INFO     recGee5m84dg5FZkc        lever_experiments.py:2307
                             [baseline]: A(correct)                            
                             cost=$0.00000                                     
[08/02/26 14:28:46] INFO     recv7GsQg3f0fvB1f        lever_experiments.py:2307
                             [baseline]: C(correct)                            
                             cost=$0.00000                                     
                    INFO     recRhwQwHijW0gCLo        lever_experiments.py:2307
                             [baseline]: A(correct)                            
                             cost=$0.00000                                     
[08/02/26 14:29:04] INFO     recKcjTwONILZqHAX        lever_experiments.py:2307
                             [baseline]: B(correct)                            
                             cost=$0.00000                                     
[08/02/26 14:29:34] INFO     recfTlTMjZBuOducT        lever_experiments.py:2307
                             [baseline]: D(correct)                            
                             cost=$0.00000                                     
[08/02/26 14:29:38] INFO     recmI7EiLv72PxmYK        lever_experiments.py:2307
                             [baseline]: B(correct)                            
                             cost=$0.00000                                     
[08/02/26 14:29:52] INFO     recIOlKBsOeEcgkA1        lever_experiments.py:2307
                             [baseline]: D(correct)                            
                             cost=$0.00000                                     
[08/02/26 14:30:10] INFO     recooG6bivTUJpDBz        lever_experiments.py:2307
                             [baseline]: A(correct)                            
                             cost=$0.00000                                     
[08/02/26 14:30:32] INFO     rec9GugrngvsQR99A        lever_experiments.py:2307
                             [baseline]: D(correct)                            
                             cost=$0.00000                                     
[08/02/26 14:30:40] INFO     reck4G4xxv3YnpbtQ        lever_experiments.py:2307
                             [baseline]: A(correct)                            
                             cost=$0.00000                                     
[08/02/26 14:30:54] INFO     recZ13cwgDQf9jRd9        lever_experiments.py:2307
                             [baseline]: A(correct)                            
                             cost=$0.00000                                     
[08/02/26 14:31:00] INFO     rec4UqStf9WUVif1f        lever_experiments.py:2307
                             [baseline]: D(correct)                            
                             cost=$0.00000                                     
[08/02/26 14:31:01] INFO     reccVFW11Elovnf8T        lever_experiments.py:2307
                             [baseline]: C(correct)                            
                             cost=$0.00000                                     
[08/02/26 14:31:31] INFO     rec2UlKqC6RFHdcro        lever_experiments.py:2307
                             [baseline]: C(correct)                            
                             cost=$0.00000                                     
[08/02/26 14:32:12] INFO     recIj8lR4tuDgrHou        lever_experiments.py:2307
                             [baseline]: D(correct)                            
                             cost=$0.00000                                     
[08/02/26 14:32:28] INFO     recN4DY9Q5V03glmQ        lever_experiments.py:2307
                             [baseline]: C(correct)                            
                             cost=$0.00000                                     
[08/02/26 14:32:48] INFO     recL9MFV5zmdlle5T        lever_experiments.py:2307
                             [baseline]: C(correct)                            
                             cost=$0.00000                                     
[08/02/26 14:33:08] INFO     recUBgVlkKzcRPDdK        lever_experiments.py:2307
                             [baseline]: D(wrong)                              
                             cost=$0.00000                                     
[08/02/26 14:33:25] INFO     rec06pnAkLOr2t2mp        lever_experiments.py:2307
                             [baseline]: A(correct)                            
                             cost=$0.00000                                     
[08/02/26 14:33:47] INFO     recVvpD8miVjmmyfe        lever_experiments.py:2307
                             [baseline]: D(wrong)                              
                             cost=$0.00000                                     
[08/02/26 14:34:02] INFO     recV1nqYQvpII94oC        lever_experiments.py:2307
                             [baseline]: B(correct)                            
                             cost=$0.00000                                     
[08/02/26 14:34:17] INFO     recXvQ6gWAmyakrpD        lever_experiments.py:2307
                             [baseline]: A(correct)                            
                             cost=$0.00000                                     
[08/02/26 14:34:39] INFO     recr3VHM4zYf6dMFY        lever_experiments.py:2307
                             [baseline]: D(correct)                            
                             cost=$0.00000                                     
[08/02/26 14:34:46] INFO     recvZlMbpPz0yLDle        lever_experiments.py:2307
                             [baseline]: B(correct)                            
                             cost=$0.00000                                     
[08/02/26 14:35:10] INFO     recNFJjE5PPTqVJGv        lever_experiments.py:2307
                             [baseline]: C(correct)                            
                             cost=$0.00000                                     
[08/02/26 14:35:13] INFO     recWPMm91mGDLXONm        lever_experiments.py:2307
                             [baseline]: B(correct)                            
                             cost=$0.00000                                     
[08/02/26 14:36:05] INFO     recDj2Y2BbtV02Wv5        lever_experiments.py:2307
                             [baseline]: A(wrong)                              
                             cost=$0.00000                                     
[08/02/26 14:36:12] INFO     recHVUd2DkoKfedJZ        lever_experiments.py:2307
                             [baseline]: B(correct)                            
                             cost=$0.00000                                     
[08/02/26 14:36:34] INFO     rec0VuKUjt1SZ7NYv        lever_experiments.py:2307
                             [baseline]: C(correct)                            
                             cost=$0.00000                                     
[08/02/26 14:36:40] INFO     recPIzpnuYpB4yvmp        lever_experiments.py:2307
                             [baseline]: A(correct)                            
                             cost=$0.00000                                     
[08/02/26 14:36:58] INFO     recnTTKdBzfuoZ7w7        lever_experiments.py:2307
                             [baseline]: B(correct)                            
                             cost=$0.00000                                     
[08/02/26 14:37:10] INFO     rec7qmSnbud4FHSqL        lever_experiments.py:2307
                             [baseline]: D(wrong)                              
                             cost=$0.00000                                     
[08/02/26 14:37:14] INFO     recLAgwx9vbgB5EHk        lever_experiments.py:2307
                             [baseline]: D(correct)                            
                             cost=$0.00000                                     
[08/02/26 14:37:23] INFO     recS48OsU6kVadBPW        lever_experiments.py:2307
                             [baseline]: C(correct)                            
                             cost=$0.00000                                     
[08/02/26 14:37:32] INFO     recqGD3fxPCI59vPQ        lever_experiments.py:2307
                             [baseline]: B(correct)                            
                             cost=$0.00000                                     
[08/02/26 14:37:35] INFO     recPL4ZPpVYxgMu57        lever_experiments.py:2307
                             [baseline]: A(correct)                            
                             cost=$0.00000                                     
[08/02/26 14:38:12] INFO     reckEnrOPFT9Ru7tW        lever_experiments.py:2307
                             [baseline]: A(correct)                            
                             cost=$0.00000                                     
[08/02/26 14:38:45] INFO     recIlghoOw5VbY4Zh        lever_experiments.py:2307
                             [baseline]: B(correct)                            
                             cost=$0.00000                                     
[08/02/26 14:38:55] INFO     recQ8oxSY2aCwFRS8        lever_experiments.py:2307
                             [baseline]: D(correct)                            
                             cost=$0.00000                                     
[08/02/26 14:39:06] INFO     reck1zKeCssmN82Ga        lever_experiments.py:2307
                             [baseline]: D(correct)                            
                             cost=$0.00000                                     
[08/02/26 14:39:24] INFO     recUOePh79cp4T2Bg        lever_experiments.py:2307
                             [baseline]: D(wrong)                              
                             cost=$0.00000                                     
[08/02/26 14:39:26] INFO     recmkvk6EFAmqyMxR        lever_experiments.py:2307
                             [baseline]: C(correct)                            
                             cost=$0.00000                                     
[08/02/26 14:39:52] INFO     recINGR1z01Fh1Z3A        lever_experiments.py:2307
                             [baseline]: A(correct)                            
                             cost=$0.00000                                     
[08/02/26 14:39:57] INFO     reciuppdQde4FGX1z        lever_experiments.py:2307
                             [baseline]: A(correct)                            
                             cost=$0.00000                                     
[08/02/26 14:40:16] INFO     rec0wZvZgiz320KRs        lever_experiments.py:2307
                             [baseline]: B(correct)                            
                             cost=$0.00000                                     
[08/02/26 14:40:21] INFO     recTs7qzfJs6kfLUK        lever_experiments.py:2307
                             [baseline]: A(correct)                            
                             cost=$0.00000                                     
[08/02/26 14:40:28] INFO     reczUoM8JsxU6pYxr        lever_experiments.py:2307
                             [baseline]: B(correct)                            
                             cost=$0.00000                                     
[08/02/26 14:40:32] INFO     recYt8xx80OTyDsL0        lever_experiments.py:2307
                             [baseline]: C(correct)                            
                             cost=$0.00000                                     
[08/02/26 14:40:51] INFO     rec9ubQihAh6g9bft        lever_experiments.py:2307
                             [baseline]: D(correct)                            
                             cost=$0.00000                                     
[08/02/26 14:41:06] INFO     recO3hvCWRGiG0odN        lever_experiments.py:2307
                             [baseline]: A(correct)                            
                             cost=$0.00000                                     
[08/02/26 14:41:12] INFO     recjgMJaMxz4ESDF2        lever_experiments.py:2307
                             [baseline]: B(correct)                            
                             cost=$0.00000                                     
[08/02/26 14:41:26] INFO     recqFDvYKKRmbnoUb        lever_experiments.py:2307
                             [baseline]: C(correct)                            
                             cost=$0.00000                                     
[08/02/26 14:41:43] INFO     recpJmTOXx6T48nDJ        lever_experiments.py:2307
                             [baseline]: D(correct)                            
                             cost=$0.00000                                     
[08/02/26 14:42:47] INFO     recGFNRVl1qBZGwyU        lever_experiments.py:2307
                             [baseline]: A(correct)                            
                             cost=$0.00000                                     
[08/02/26 14:42:56] INFO     recl1UtgTVKishAq4        lever_experiments.py:2307
                             [baseline]: C(correct)                            
                             cost=$0.00000                                     
[08/02/26 14:43:40] INFO     recOkA2zsy4GSMD9R        lever_experiments.py:2307
                             [baseline]: D(correct)                            
                             cost=$0.00000                                     
[08/02/26 14:43:46] INFO     rect4iLrSfUwkNTno        lever_experiments.py:2307
                             [baseline]: B(correct)                            
                             cost=$0.00000                                     
[08/02/26 14:44:26] INFO     recZbxrocrxh9YENH        lever_experiments.py:2307
                             [baseline]: D(correct)                            
                             cost=$0.00000                                     
[08/02/26 14:44:51] INFO     recdya6FuYraBU5Rh        lever_experiments.py:2307
                             [baseline]: C(correct)                            
                             cost=$0.00000                                     
[08/02/26 14:45:13] INFO     recSBcGLPatKb3Ygu        lever_experiments.py:2307
                             [baseline]: B(correct)                            
                             cost=$0.00000                                     
[08/02/26 14:45:32] ERROR    recuyeuT5rQ6qDt8F:       lever_experiments.py:2305
                             DROPPED after                                     
                             unrecoverable error                               
                             +- Traceback (most rec-+                          
                             | C:\Users\Ong Jun     |                          
                             | Kai\Documents\Qwen   |                          
                             | Hackathon\.venv\Lib\ |                          
                             | site-packages\urllib |                          
                             | 3\connectionpool.py: |                          
                             | 534 in _make_request |                          
                             |                      |                          
                             |    531               |                          
                             |    532         # Rec |                          
                             |    533         try:  |                          
                             | >  534             r |                          
                             |    535         excep |                          
                             |    536             s |                          
                             |    537             r |                          
                             |                      |                          
                             | C:\Users\Ong Jun     |                          
                             | Kai\Documents\Qwen   |                          
                             | Hackathon\.venv\Lib\ |                          
                             | site-packages\urllib |                          
                             | 3\connection.py:571  |                          
                             | in getresponse       |                          
                             |                      |                          
                             |    568         _shut |                          
                             |    569               |                          
                             |    570         # Get |                          
                             | >  571         httpl |                          
                             |    572               |                          
                             |    573         try:  |                          
                             |    574             a |                          
                             |                      |                          
                             | C:\Users\Ong Jun     |                          
                             | Kai\AppData\Local\Pr |                          
                             | ograms\Python\Python |                          
                             | 312\Lib\http\client. |                          
                             | py:1430 in           |                          
                             | getresponse          |                          
                             |                      |                          
                             |   1427               |                          
                             |   1428         try:  |                          
                             |   1429             t |                          
                             | > 1430               |                          
                             |   1431             e |                          
                             |   1432               |                          
                             |   1433               |                          
                             |                      |                          
                             | C:\Users\Ong Jun     |                          
                             | Kai\AppData\Local\Pr |                          
                             | ograms\Python\Python |                          
                             | 312\Lib\http\client. |                          
                             | py:331 in begin      |                          
                             |                      |                          
                             |    328               |                          
                             |    329         # rea |                          
                             |    330         while |                          
                             | >  331             v |                          
                             |    332             i |                          
                             |    333               |                          
                             |    334             # |                          
                             |                      |                          
                             | C:\Users\Ong Jun     |                          
                             | Kai\AppData\Local\Pr |                          
                             | ograms\Python\Python |                          
                             | 312\Lib\http\client. |                          
                             | py:292 in            |                          
                             | _read_status         |                          
                             |                      |                          
                             |    289         self. |                          
                             |    290               |                          
                             |    291     def _read |                          
                             | >  292         line  |                          
                             |    293         if le |                          
                             |    294             r |                          
                             |    295         if se |                          
                             |                      |                          
                             | C:\Users\Ong Jun     |                          
                             | Kai\AppData\Local\Pr |                          
                             | ograms\Python\Python |                          
                             | 312\Lib\socket.py:72 |                          
                             | 0 in readinto        |                          
                             |                      |                          
                             |   717             ra |                          
                             |   718         while  |                          
                             |   719             tr |                          
                             | > 720                |                          
                             |   721             ex |                          
                             |   722                |                          
                             |   723                |                          
                             |                      |                          
                             | C:\Users\Ong Jun     |                          
                             | Kai\AppData\Local\Pr |                          
                             | ograms\Python\Python |                          
                             | 312\Lib\ssl.py:1251  |                          
                             | in recv_into         |                          
                             |                      |                          
                             |   1248               |                          
                             |   1249               |                          
                             |   1250               |                          
                             | > 1251             r |                          
                             |   1252         else: |                          
                             |   1253             r |                          
                             |   1254               |                          
                             |                      |                          
                             | C:\Users\Ong Jun     |                          
                             | Kai\AppData\Local\Pr |                          
                             | ograms\Python\Python |                          
                             | 312\Lib\ssl.py:1103  |                          
                             | in read              |                          
                             |                      |                          
                             |   1100             r |                          
                             |   1101         try:  |                          
                             |   1102             i |                          
                             | > 1103               |                          
                             |   1104             e |                          
                             |   1105               |                          
                             |   1106         excep |                          
                             +----------------------+                          
                             TimeoutError: The read                            
                             operation timed out                               
                                                                               
                             The above exception was                           
                             the direct cause of the                           
                             following exception:                              
                                                                               
                             +- Traceback (most rec-+                          
                             | C:\Users\Ong Jun     |                          
                             | Kai\Documents\Qwen   |                          
                             | Hackathon\.venv\Lib\ |                          
                             | site-packages\reques |                          
                             | ts\adapters.py:696   |                          
                             | in send              |                          
                             |                      |                          
                             |   693             re |                          
                             |   694                |                          
                             |   695         try:   |                          
                             | > 696             re |                          
                             |   697                |                          
                             |   698                |                          
                             |   699                |                          
                             |       accept Iterabl |                          
                             |                      |                          
                             | C:\Users\Ong Jun     |                          
                             | Kai\Documents\Qwen   |                          
                             | Hackathon\.venv\Lib\ |                          
                             | site-packages\urllib |                          
                             | 3\connectionpool.py: |                          
                             | 842 in urlopen       |                          
                             |                      |                          
                             |    839             e |                          
                             |    840               |                          
                             |    841               |                          
                             | >  842             r |                          
                             |    843               |                          
                             |    844             ) |                          
                             |    845             r |                          
                             |                      |                          
                             | C:\Users\Ong Jun     |                          
                             | Kai\Documents\Qwen   |                          
                             | Hackathon\.venv\Lib\ |                          
                             | site-packages\urllib |                          
                             | 3\util\retry.py:498  |                          
                             | in increment         |                          
                             |                      |                          
                             |   495         elif e |                          
                             |   496             #  |                          
                             |   497             if |                          
                             | > 498                |                          
                             |   499             el |                          
                             |   500                |                          
                             |   501                |                          
                             |                      |                          
                             | C:\Users\Ong Jun     |                          
                             | Kai\Documents\Qwen   |                          
                             | Hackathon\.venv\Lib\ |                          
                             | site-packages\urllib |                          
                             | 3\util\util.py:39 in |                          
                             | reraise              |                          
                             |                      |                          
                             |   36     try:        |                          
                             |   37         if valu |                          
                             |   38             rai |                          
                             | > 39         raise v |                          
                             |   40     finally:    |                          
                             |   41         value = |                          
                             |   42         tb = No |                          
                             |                      |                          
                             | C:\Users\Ong Jun     |                          
                             | Kai\Documents\Qwen   |                          
                             | Hackathon\.venv\Lib\ |                          
                             | site-packages\urllib |                          
                             | 3\connectionpool.py: |                          
                             | 788 in urlopen       |                          
                             |                      |                          
                             |    785             r |                          
                             |    786               |                          
                             |    787             # |                          
                             | >  788             r |                          
                             |    789               |                          
                             |    790               |                          
                             |    791               |                          
                             |                      |                          
                             | C:\Users\Ong Jun     |                          
                             | Kai\Documents\Qwen   |                          
                             | Hackathon\.venv\Lib\ |                          
                             | site-packages\urllib |                          
                             | 3\connectionpool.py: |                          
                             | 536 in _make_request |                          
                             |                      |                          
                             |    533         try:  |                          
                             |    534             r |                          
                             |    535         excep |                          
                             | >  536             s |                          
                             |    537             r |                          
                             |    538               |                          
                             |    539         # Set |                          
                             |                      |                          
                             | C:\Users\Ong Jun     |                          
                             | Kai\Documents\Qwen   |                          
                             | Hackathon\.venv\Lib\ |                          
                             | site-packages\urllib |                          
                             | 3\connectionpool.py: |                          
                             | 367 in               |                          
                             | _raise_timeout       |                          
                             |                      |                          
                             |    364         """Is |                          
                             |    365               |                          
                             |    366         if is |                          
                             | >  367             r |                          
                             |    368               |                          
                             |    369             ) |                          
                             |    370               |                          
                             +----------------------+                          
                             ReadTimeoutError:                                 
                             HTTPSConnectionPool(host                          
                             ='token-plan.ap-southeas                          
                             t-1.maas.aliyuncs.com',                           
                             port=443): Read timed                             
                             out. (read timeout=300)                           
                                                                               
                             During handling of the                            
                             above exception, another                          
                             exception occurred:                               
                                                                               
                             +- Traceback (most rec-+                          
                             | C:\Users\Ong Jun     |                          
                             | Kai\Documents\Qwen   |                          
                             | Hackathon\benchmark\ |                          
                             | lever_experiments.py |                          
                             | :2303 in             |                          
                             | _run_one_baseline    |                          
                             |                      |                          
                             |   2300 async def _ru |                          
                             |   2301     try:      |                          
                             |   2302         async |                          
                             | > 2303             b |                          
                             |   2304     except Ex |                          
                             |   2305         log.e |                          
                             |   2306         retur |                          
                             |                      |                          
                             | C:\Users\Ong Jun     |                          
                             | Kai\AppData\Local\Pr |                          
                             | ograms\Python\Python |                          
                             | 312\Lib\asyncio\thre |                          
                             | ads.py:25 in         |                          
                             | to_thread            |                          
                             |                      |                          
                             |   22     loop = even |                          
                             |   23     ctx = conte |                          
                             |   24     func_call = |                          
                             | > 25     return awai |                          
                             |   26                 |                          
                             |                      |                          
                             | C:\Users\Ong Jun     |                          
                             | Kai\AppData\Local\Pr |                          
                             | ograms\Python\Python |                          
                             | 312\Lib\concurrent\f |                          
                             | utures\thread.py:59  |                          
                             | in run               |                          
                             |                      |                          
                             |    56             re |                          
                             |    57                |                          
                             |    58         try:   |                          
                             | >  59             re |                          
                             |    60         except |                          
                             |    61             se |                          
                             |    62             #  |                          
                             |                      |                          
                             | C:\Users\Ong Jun     |                          
                             | Kai\Documents\Qwen   |                          
                             | Hackathon\src\quorum |                          
                             | qa\baseline.py:38 in |                          
                             | solve_single_agent   |                          
                             |                      |                          
                             |    35 def solve_sing |                          
                             |    36     """The req |                          
                             |    37     start = ti |                          
                             | >  38     letter, us |                          
                             |    39     return Bas |                          
                             |    40         item=i |                          
                             |    41         answer |                          
                             |                      |                          
                             | C:\Users\Ong Jun     |                          
                             | Kai\Documents\Qwen   |                          
                             | Hackathon\src\quorum |                          
                             | qa\baseline.py:31 in |                          
                             | _ask_once            |                          
                             |                      |                          
                             |    28         f'JSON |                          
                             |    29         "Keep  |                          
                             |    30     )          |                          
                             | >  31     result = c |                          
                             |       thinking=think |                          
                             |    32     return par |                          
                             |    33                |                          
                             |    34                |                          
                             |                      |                          
                             | C:\Users\Ong Jun     |                          
                             | Kai\Documents\Qwen   |                          
                             | Hackathon\src\quorum |                          
                             | qa\qwen_client.py:20 |                          
                             | 7 in chat_json       |                          
                             |                      |                          
                             |   204         spent_ |                          
                             |   205         spent_ |                          
                             |   206         for at |                          
                             | > 207             co |                          
                             |   208                |                          
                             |       max_tokens=max |                          
                             |   209                |                          
                             |   210             )  |                          
                             |                      |                          
                             | C:\Users\Ong Jun     |                          
                             | Kai\Documents\Qwen   |                          
                             | Hackathon\src\quorum |                          
                             | qa\qwen_client.py:16 |                          
                             | 4 in chat            |                          
                             |                      |                          
                             |   161         # in t |                          
                             |   162         # Chem |                          
                             |   163         # from |                          
                             | > 164         resp = |                          
                             |       timeout=self._ |                          
                             |   165         resp.r |                          
                             |   166         data = |                          
                             |   167                |                          
                             |                      |                          
                             | C:\Users\Ong Jun     |                          
                             | Kai\Documents\Qwen   |                          
                             | Hackathon\.venv\Lib\ |                          
                             | site-packages\reques |                          
                             | ts\api.py:134 in     |                          
                             | post                 |                          
                             |                      |                          
                             |   131     :rtype: re |                          
                             |   132     """        |                          
                             |   133                |                          
                             | > 134     return req |                          
                             |   135                |                          
                             |   136                |                          
                             |   137 def put(       |                          
                             |                      |                          
                             | C:\Users\Ong Jun     |                          
                             | Kai\Documents\Qwen   |                          
                             | Hackathon\.venv\Lib\ |                          
                             | site-packages\reques |                          
                             | ts\api.py:71 in      |                          
                             | request              |                          
                             |                      |                          
                             |    68     # avoid le |                          
                             |    69     # cases, a |                          
                             |    70     with sessi |                          
                             | >  71         return |                          
                             |    72                |                          
                             |    73                |                          
                             |    74 def get(       |                          
                             |                      |                          
                             | C:\Users\Ong Jun     |                          
                             | Kai\Documents\Qwen   |                          
                             | Hackathon\.venv\Lib\ |                          
                             | site-packages\reques |                          
                             | ts\sessions.py:651   |                          
                             | in request           |                          
                             |                      |                          
                             |   648             "a |                          
                             |   649         }      |                          
                             |   650         send_k |                          
                             | > 651         resp = |                          
                             |   652                |                          
                             |   653         return |                          
                             |   654                |                          
                             |                      |                          
                             | C:\Users\Ong Jun     |                          
                             | Kai\Documents\Qwen   |                          
                             | Hackathon\.venv\Lib\ |                          
                             | site-packages\reques |                          
                             | ts\sessions.py:784   |                          
                             | in send              |                          
                             |                      |                          
                             |   781         start  |                          
                             |   782                |                          
                             |   783         # Send |                          
                             | > 784         r = ad |                          
                             |   785                |                          
                             |   786         # Tota |                          
                             |   787         elapse |                          
                             |                      |                          
                             | C:\Users\Ong Jun     |                          
                             | Kai\Documents\Qwen   |                          
                             | Hackathon\.venv\Lib\ |                          
                             | site-packages\reques |                          
                             | ts\adapters.py:742   |                          
                             | in send              |                          
                             |                      |                          
                             |   739                |                          
                             |   740                |                          
                             |   741             el |                          
                             | > 742                |                          
                             |   743             el |                          
                             |   744                |                          
                             |   745             el |                          
                             +----------------------+                          
                             ReadTimeout:                                      
                             HTTPSConnectionPool(host                          
                             ='token-plan.ap-southeas                          
                             t-1.maas.aliyuncs.com',                           
                             port=443): Read timed                             
                             out. (read timeout=300)                           
[08/02/26 14:45:34] INFO     recakFKZioXUuldcd        lever_experiments.py:2307
                             [baseline]: D(correct)                            
                             cost=$0.00000                                     
[08/02/26 14:46:06] INFO     recoy9ZLBsc7HIRBy        lever_experiments.py:2307
                             [baseline]: D(correct)                            
                             cost=$0.00000                                     
[08/02/26 14:46:32] INFO     recRTiyaRymerDJ4y        lever_experiments.py:2307
                             [baseline]: A(correct)                            
                             cost=$0.00000                                     
[08/02/26 14:46:41] INFO     recDytVnNYZe2HuUU        lever_experiments.py:2307
                             [baseline]: D(correct)                            
                             cost=$0.00000                                     
[08/02/26 14:47:00] INFO     recWxGU8Q4YReJ1tb        lever_experiments.py:2307
                             [baseline]: A(wrong)                              
                             cost=$0.00000                                     
[08/02/26 14:47:19] INFO     recb2M22zaD3tL6Qc        lever_experiments.py:2307
                             [baseline]: B(correct)                            
                             cost=$0.00000                                     
[08/02/26 14:47:26] INFO     reczjcMtrB1YGS2fO        lever_experiments.py:2307
                             [baseline]: A(correct)                            
                             cost=$0.00000                                     
[08/02/26 14:47:34] INFO     recxsX66ktJ1Lwt4f        lever_experiments.py:2307
                             [baseline]: A(correct)                            
                             cost=$0.00000                                     
[08/02/26 14:47:46] INFO     recpki12iG9RUGrz9        lever_experiments.py:2307
                             [baseline]: D(correct)                            
                             cost=$0.00000                                     
[08/02/26 14:48:17] INFO     recMicVBcqy1xM1jq        lever_experiments.py:2307
                             [baseline]: A(correct)                            
                             cost=$0.00000                                     
[08/02/26 14:48:36] INFO     recwlwlcPvXVNPmvl        lever_experiments.py:2307
                             [baseline]: D(correct)                            
                             cost=$0.00000                                     
[08/02/26 14:48:48] INFO     recrNbtgTNoabJJi6        lever_experiments.py:2307
                             [baseline]: B(correct)                            
                             cost=$0.00000                                     
[08/02/26 14:49:07] INFO     reckYqR92oJkqJXkE        lever_experiments.py:2307
                             [baseline]: A(correct)                            
                             cost=$0.00000                                     
[08/02/26 14:49:10] INFO     recn3NhOhqAPLda16        lever_experiments.py:2307
                             [baseline]: B(correct)                            
                             cost=$0.00000                                     
[08/02/26 14:49:21] INFO     recIDiDKKrN61Auyr        lever_experiments.py:2307
                             [baseline]: D(correct)                            
                             cost=$0.00000                                     
[08/02/26 14:49:26] INFO     recYCMJWH7IpcdqwE        lever_experiments.py:2307
                             [baseline]: C(correct)                            
                             cost=$0.00000                                     
[08/02/26 14:49:37] INFO     recWXwn9v4IG9ZrM6        lever_experiments.py:2307
                             [baseline]: A(correct)                            
                             cost=$0.00000                                     
[08/02/26 14:50:12] INFO     recCJJOeBGERaHYax        lever_experiments.py:2307
                             [baseline]: A(correct)                            
                             cost=$0.00000                                     
[08/02/26 14:50:33] INFO     recgXxEgllSGEpELP        lever_experiments.py:2307
                             [baseline]: A(wrong)                              
                             cost=$0.00000                                     
[08/02/26 14:50:39] INFO     rec47oNPXudlTIk4y        lever_experiments.py:2307
                             [baseline]: B(wrong)                              
                             cost=$0.00000                                     
[08/02/26 14:51:02] INFO     recXsYa3i2UhGF5fe        lever_experiments.py:2307
                             [baseline]: D(correct)                            
                             cost=$0.00000                                     
[08/02/26 14:51:20] INFO     recReg13iV2HwJTaA        lever_experiments.py:2307
                             [baseline]: A(correct)                            
                             cost=$0.00000                                     
[08/02/26 14:51:27] INFO     recBhnXrUyTJ6WHIR        lever_experiments.py:2307
                             [baseline]: B(correct)                            
                             cost=$0.00000                                     
[08/02/26 14:51:37] INFO     recmwwQJnx7ll7bqL        lever_experiments.py:2307
                             [baseline]: A(correct)                            
                             cost=$0.00000                                     
[08/02/26 14:54:37] ERROR    recQiWOxhkXRz9NVE:       lever_experiments.py:2305
                             DROPPED after                                     
                             unrecoverable error                               
                             +- Traceback (most rec-+                          
                             | C:\Users\Ong Jun     |                          
                             | Kai\Documents\Qwen   |                          
                             | Hackathon\.venv\Lib\ |                          
                             | site-packages\urllib |                          
                             | 3\connectionpool.py: |                          
                             | 534 in _make_request |                          
                             |                      |                          
                             |    531               |                          
                             |    532         # Rec |                          
                             |    533         try:  |                          
                             | >  534             r |                          
                             |    535         excep |                          
                             |    536             s |                          
                             |    537             r |                          
                             |                      |                          
                             | C:\Users\Ong Jun     |                          
                             | Kai\Documents\Qwen   |                          
                             | Hackathon\.venv\Lib\ |                          
                             | site-packages\urllib |                          
                             | 3\connection.py:571  |                          
                             | in getresponse       |                          
                             |                      |                          
                             |    568         _shut |                          
                             |    569               |                          
                             |    570         # Get |                          
                             | >  571         httpl |                          
                             |    572               |                          
                             |    573         try:  |                          
                             |    574             a |                          
                             |                      |                          
                             | C:\Users\Ong Jun     |                          
                             | Kai\AppData\Local\Pr |                          
                             | ograms\Python\Python |                          
                             | 312\Lib\http\client. |                          
                             | py:1430 in           |                          
                             | getresponse          |                          
                             |                      |                          
                             |   1427               |                          
                             |   1428         try:  |                          
                             |   1429             t |                          
                             | > 1430               |                          
                             |   1431             e |                          
                             |   1432               |                          
                             |   1433               |                          
                             |                      |                          
                             | C:\Users\Ong Jun     |                          
                             | Kai\AppData\Local\Pr |                          
                             | ograms\Python\Python |                          
                             | 312\Lib\http\client. |                          
                             | py:331 in begin      |                          
                             |                      |                          
                             |    328               |                          
                             |    329         # rea |                          
                             |    330         while |                          
                             | >  331             v |                          
                             |    332             i |                          
                             |    333               |                          
                             |    334             # |                          
                             |                      |                          
                             | C:\Users\Ong Jun     |                          
                             | Kai\AppData\Local\Pr |                          
                             | ograms\Python\Python |                          
                             | 312\Lib\http\client. |                          
                             | py:292 in            |                          
                             | _read_status         |                          
                             |                      |                          
                             |    289         self. |                          
                             |    290               |                          
                             |    291     def _read |                          
                             | >  292         line  |                          
                             |    293         if le |                          
                             |    294             r |                          
                             |    295         if se |                          
                             |                      |                          
                             | C:\Users\Ong Jun     |                          
                             | Kai\AppData\Local\Pr |                          
                             | ograms\Python\Python |                          
                             | 312\Lib\socket.py:72 |                          
                             | 0 in readinto        |                          
                             |                      |                          
                             |   717             ra |                          
                             |   718         while  |                          
                             |   719             tr |                          
                             | > 720                |                          
                             |   721             ex |                          
                             |   722                |                          
                             |   723                |                          
                             |                      |                          
                             | C:\Users\Ong Jun     |                          
                             | Kai\AppData\Local\Pr |                          
                             | ograms\Python\Python |                          
                             | 312\Lib\ssl.py:1251  |                          
                             | in recv_into         |                          
                             |                      |                          
                             |   1248               |                          
                             |   1249               |                          
                             |   1250               |                          
                             | > 1251             r |                          
                             |   1252         else: |                          
                             |   1253             r |                          
                             |   1254               |                          
                             |                      |                          
                             | C:\Users\Ong Jun     |                          
                             | Kai\AppData\Local\Pr |                          
                             | ograms\Python\Python |                          
                             | 312\Lib\ssl.py:1103  |                          
                             | in read              |                          
                             |                      |                          
                             |   1100             r |                          
                             |   1101         try:  |                          
                             |   1102             i |                          
                             | > 1103               |                          
                             |   1104             e |                          
                             |   1105               |                          
                             |   1106         excep |                          
                             +----------------------+                          
                             TimeoutError: The read                            
                             operation timed out                               
                                                                               
                             The above exception was                           
                             the direct cause of the                           
                             following exception:                              
                                                                               
                             +- Traceback (most rec-+                          
                             | C:\Users\Ong Jun     |                          
                             | Kai\Documents\Qwen   |                          
                             | Hackathon\.venv\Lib\ |                          
                             | site-packages\reques |                          
                             | ts\adapters.py:696   |                          
                             | in send              |                          
                             |                      |                          
                             |   693             re |                          
                             |   694                |                          
                             |   695         try:   |                          
                             | > 696             re |                          
                             |   697                |                          
                             |   698                |                          
                             |   699                |                          
                             |       accept Iterabl |                          
                             |                      |                          
                             | C:\Users\Ong Jun     |                          
                             | Kai\Documents\Qwen   |                          
                             | Hackathon\.venv\Lib\ |                          
                             | site-packages\urllib |                          
                             | 3\connectionpool.py: |                          
                             | 842 in urlopen       |                          
                             |                      |                          
                             |    839             e |                          
                             |    840               |                          
                             |    841               |                          
                             | >  842             r |                          
                             |    843               |                          
                             |    844             ) |                          
                             |    845             r |                          
                             |                      |                          
                             | C:\Users\Ong Jun     |                          
                             | Kai\Documents\Qwen   |                          
                             | Hackathon\.venv\Lib\ |                          
                             | site-packages\urllib |                          
                             | 3\util\retry.py:498  |                          
                             | in increment         |                          
                             |                      |                          
                             |   495         elif e |                          
                             |   496             #  |                          
                             |   497             if |                          
                             | > 498                |                          
                             |   499             el |                          
                             |   500                |                          
                             |   501                |                          
                             |                      |                          
                             | C:\Users\Ong Jun     |                          
                             | Kai\Documents\Qwen   |                          
                             | Hackathon\.venv\Lib\ |                          
                             | site-packages\urllib |                          
                             | 3\util\util.py:39 in |                          
                             | reraise              |                          
                             |                      |                          
                             |   36     try:        |                          
                             |   37         if valu |                          
                             |   38             rai |                          
                             | > 39         raise v |                          
                             |   40     finally:    |                          
                             |   41         value = |                          
                             |   42         tb = No |                          
                             |                      |                          
                             | C:\Users\Ong Jun     |                          
                             | Kai\Documents\Qwen   |                          
                             | Hackathon\.venv\Lib\ |                          
                             | site-packages\urllib |                          
                             | 3\connectionpool.py: |                          
                             | 788 in urlopen       |                          
                             |                      |                          
                             |    785             r |                          
                             |    786               |                          
                             |    787             # |                          
                             | >  788             r |                          
                             |    789               |                          
                             |    790               |                          
                             |    791               |                          
                             |                      |                          
                             | C:\Users\Ong Jun     |                          
                             | Kai\Documents\Qwen   |                          
                             | Hackathon\.venv\Lib\ |                          
                             | site-packages\urllib |                          
                             | 3\connectionpool.py: |                          
                             | 536 in _make_request |                          
                             |                      |                          
                             |    533         try:  |                          
                             |    534             r |                          
                             |    535         excep |                          
                             | >  536             s |                          
                             |    537             r |                          
                             |    538               |                          
                             |    539         # Set |                          
                             |                      |                          
                             | C:\Users\Ong Jun     |                          
                             | Kai\Documents\Qwen   |                          
                             | Hackathon\.venv\Lib\ |                          
                             | site-packages\urllib |                          
                             | 3\connectionpool.py: |                          
                             | 367 in               |                          
                             | _raise_timeout       |                          
                             |                      |                          
                             |    364         """Is |                          
                             |    365               |                          
                             |    366         if is |                          
                             | >  367             r |                          
                             |    368               |                          
                             |    369             ) |                          
                             |    370               |                          
                             +----------------------+                          
                             ReadTimeoutError:                                 
                             HTTPSConnectionPool(host                          
                             ='token-plan.ap-southeas                          
                             t-1.maas.aliyuncs.com',                           
                             port=443): Read timed                             
                             out. (read timeout=300)                           
                                                                               
                             During handling of the                            
                             above exception, another                          
                             exception occurred:                               
                                                                               
                             +- Traceback (most rec-+                          
                             | C:\Users\Ong Jun     |                          
                             | Kai\Documents\Qwen   |                          
                             | Hackathon\benchmark\ |                          
                             | lever_experiments.py |                          
                             | :2303 in             |                          
                             | _run_one_baseline    |                          
                             |                      |                          
                             |   2300 async def _ru |                          
                             |   2301     try:      |                          
                             |   2302         async |                          
                             | > 2303             b |                          
                             |   2304     except Ex |                          
                             |   2305         log.e |                          
                             |   2306         retur |                          
                             |                      |                          
                             | C:\Users\Ong Jun     |                          
                             | Kai\AppData\Local\Pr |                          
                             | ograms\Python\Python |                          
                             | 312\Lib\asyncio\thre |                          
                             | ads.py:25 in         |                          
                             | to_thread            |                          
                             |                      |                          
                             |   22     loop = even |                          
                             |   23     ctx = conte |                          
                             |   24     func_call = |                          
                             | > 25     return awai |                          
                             |   26                 |                          
                             |                      |                          
                             | C:\Users\Ong Jun     |                          
                             | Kai\AppData\Local\Pr |                          
                             | ograms\Python\Python |                          
                             | 312\Lib\concurrent\f |                          
                             | utures\thread.py:59  |                          
                             | in run               |                          
                             |                      |                          
                             |    56             re |                          
                             |    57                |                          
                             |    58         try:   |                          
                             | >  59             re |                          
                             |    60         except |                          
                             |    61             se |                          
                             |    62             #  |                          
                             |                      |                          
                             | C:\Users\Ong Jun     |                          
                             | Kai\Documents\Qwen   |                          
                             | Hackathon\src\quorum |                          
                             | qa\baseline.py:38 in |                          
                             | solve_single_agent   |                          
                             |                      |                          
                             |    35 def solve_sing |                          
                             |    36     """The req |                          
                             |    37     start = ti |                          
                             | >  38     letter, us |                          
                             |    39     return Bas |                          
                             |    40         item=i |                          
                             |    41         answer |                          
                             |                      |                          
                             | C:\Users\Ong Jun     |                          
                             | Kai\Documents\Qwen   |                          
                             | Hackathon\src\quorum |                          
                             | qa\baseline.py:31 in |                          
                             | _ask_once            |                          
                             |                      |                          
                             |    28         f'JSON |                          
                             |    29         "Keep  |                          
                             |    30     )          |                          
                             | >  31     result = c |                          
                             |       thinking=think |                          
                             |    32     return par |                          
                             |    33                |                          
                             |    34                |                          
                             |                      |                          
                             | C:\Users\Ong Jun     |                          
                             | Kai\Documents\Qwen   |                          
                             | Hackathon\src\quorum |                          
                             | qa\qwen_client.py:20 |                          
                             | 7 in chat_json       |                          
                             |                      |                          
                             |   204         spent_ |                          
                             |   205         spent_ |                          
                             |   206         for at |                          
                             | > 207             co |                          
                             |   208                |                          
                             |       max_tokens=max |                          
                             |   209                |                          
                             |   210             )  |                          
                             |                      |                          
                             | C:\Users\Ong Jun     |                          
                             | Kai\Documents\Qwen   |                          
                             | Hackathon\src\quorum |                          
                             | qa\qwen_client.py:16 |                          
                             | 4 in chat            |                          
                             |                      |                          
                             |   161         # in t |                          
                             |   162         # Chem |                          
                             |   163         # from |                          
                             | > 164         resp = |                          
                             |       timeout=self._ |                          
                             |   165         resp.r |                          
                             |   166         data = |                          
                             |   167                |                          
                             |                      |                          
                             | C:\Users\Ong Jun     |                          
                             | Kai\Documents\Qwen   |                          
                             | Hackathon\.venv\Lib\ |                          
                             | site-packages\reques |                          
                             | ts\api.py:134 in     |                          
                             | post                 |                          
                             |                      |                          
                             |   131     :rtype: re |                          
                             |   132     """        |                          
                             |   133                |                          
                             | > 134     return req |                          
                             |   135                |                          
                             |   136                |                          
                             |   137 def put(       |                          
                             |                      |                          
                             | C:\Users\Ong Jun     |                          
                             | Kai\Documents\Qwen   |                          
                             | Hackathon\.venv\Lib\ |                          
                             | site-packages\reques |                          
                             | ts\api.py:71 in      |                          
                             | request              |                          
                             |                      |                          
                             |    68     # avoid le |                          
                             |    69     # cases, a |                          
                             |    70     with sessi |                          
                             | >  71         return |                          
                             |    72                |                          
                             |    73                |                          
                             |    74 def get(       |                          
                             |                      |                          
                             | C:\Users\Ong Jun     |                          
                             | Kai\Documents\Qwen   |                          
                             | Hackathon\.venv\Lib\ |                          
                             | site-packages\reques |                          
                             | ts\sessions.py:651   |                          
                             | in request           |                          
                             |                      |                          
                             |   648             "a |                          
                             |   649         }      |                          
                             |   650         send_k |                          
                             | > 651         resp = |                          
                             |   652                |                          
                             |   653         return |                          
                             |   654                |                          
                             |                      |                          
                             | C:\Users\Ong Jun     |                          
                             | Kai\Documents\Qwen   |                          
                             | Hackathon\.venv\Lib\ |                          
                             | site-packages\reques |                          
                             | ts\sessions.py:784   |                          
                             | in send              |                          
                             |                      |                          
                             |   781         start  |                          
                             |   782                |                          
                             |   783         # Send |                          
                             | > 784         r = ad |                          
                             |   785                |                          
                             |   786         # Tota |                          
                             |   787         elapse |                          
                             |                      |                          
                             | C:\Users\Ong Jun     |                          
                             | Kai\Documents\Qwen   |                          
                             | Hackathon\.venv\Lib\ |                          
                             | site-packages\reques |                          
                             | ts\adapters.py:742   |                          
                             | in send              |                          
                             |                      |                          
                             |   739                |                          
                             |   740                |                          
                             |   741             el |                          
                             | > 742                |                          
                             |   743             el |                          
                             |   744                |                          
                             |   745             el |                          
                             +----------------------+                          
                             ReadTimeout:                                      
                             HTTPSConnectionPool(host                          
                             ='token-plan.ap-southeas                          
                             t-1.maas.aliyuncs.com',                           
                             port=443): Read timed                             
                             out. (read timeout=300)                           
[08/02/26 14:54:38] WARNING  2/90 questions dropped   lever_experiments.py:2327
                    INFO     Wrote 88 baseline        lever_experiments.py:2332
                             results to                                        
                             benchmark\results\TB1_fl                          
                             agship1x_gpqa_seed1001.j                          
                             sonl                                              
--- seed 2311 ---
[08/02/26 14:54:42] INFO     HTTP Request: HEAD                 _client.py:1025
                             https://huggingface.co/datasets/Id                
                             avidrein/gpqa/resolve/main/README.                
                             md "HTTP/1.1 200 OK"                              
                    INFO     HTTP Request: HEAD                 _client.py:1025
                             https://huggingface.co/datasets/Id                
                             avidrein/gpqa/resolve/633f5ee89ab8                
                             ad4522a9f850766b73f62147ffdd/gpqa.                
                             py "HTTP/1.1 404 Not Found"                       
[08/02/26 14:54:43] INFO     HTTP Request: HEAD                 _client.py:1025
                             https://s3.amazonaws.com/datasets.                
                             huggingface.co/datasets/datasets/I                
                             davidrein/gpqa/Idavidrein/gpqa.py                 
                             "HTTP/1.1 404 Not Found"                          
                    INFO     HTTP Request: GET                  _client.py:1025
                             https://huggingface.co/api/dataset                
                             s/Idavidrein/gpqa/revision/633f5ee                
                             89ab8ad4522a9f850766b73f62147ffdd                 
                             "HTTP/1.1 200 OK"                                 
[08/02/26 14:54:44] INFO     HTTP Request: HEAD                 _client.py:1025
                             https://huggingface.co/datasets/Id                
                             avidrein/gpqa/resolve/633f5ee89ab8                
                             ad4522a9f850766b73f62147ffdd/.hugg                
                             ingface.yaml "HTTP/1.1 404 Not                    
                             Found"                                            
                    INFO     HTTP Request: GET                  _client.py:1025
                             https://datasets-server.huggingfac                
                             e.co/info?dataset=Idavidrein/gpqa                 
                             "HTTP/1.1 200 OK"                                 
                    INFO     HTTP Request: GET                  _client.py:1025
                             https://huggingface.co/api/dataset                
                             s/Idavidrein/gpqa/tree/633f5ee89ab                
                             8ad4522a9f850766b73f62147ffdd?recu                
                             rsive=false&expand=false "HTTP/1.1                
                             200 OK"                                           
                    INFO     HTTP Request: HEAD                 _client.py:1025
                             https://huggingface.co/datasets/Id                
                             avidrein/gpqa/resolve/633f5ee89ab8                
                             ad4522a9f850766b73f62147ffdd/datas                
                             et_infos.json "HTTP/1.1 404 Not                   
                             Found"                                            
[08/02/26 14:55:15] INFO     rec260hNUCEj109Dj        lever_experiments.py:2307
                             [baseline]: A(correct)                            
                             cost=$0.00000                                     
[08/02/26 14:55:20] INFO     recyl3usDqb7ruXJx        lever_experiments.py:2307
                             [baseline]: D(correct)                            
                             cost=$0.00000                                     
[08/02/26 14:55:28] INFO     recNAiPUKOulQbKVP        lever_experiments.py:2307
                             [baseline]: B(correct)                            
                             cost=$0.00000                                     
[08/02/26 14:55:50] INFO     recZbxrocrxh9YENH        lever_experiments.py:2307
                             [baseline]: D(correct)                            
                             cost=$0.00000                                     
[08/02/26 14:56:14] INFO     receYQxnUBvxPcvbQ        lever_experiments.py:2307
                             [baseline]: A(correct)                            
                             cost=$0.00000                                     
[08/02/26 14:56:23] INFO     rechgQucGlrnt8KRV        lever_experiments.py:2307
                             [baseline]: B(correct)                            
                             cost=$0.00000                                     
[08/02/26 14:56:26] INFO     recwlwlcPvXVNPmvl        lever_experiments.py:2307
                             [baseline]: B(correct)                            
                             cost=$0.00000                                     
[08/02/26 14:56:35] INFO     rec4JrWy7Il8ho5vk        lever_experiments.py:2307
                             [baseline]: C(correct)                            
                             cost=$0.00000                                     
[08/02/26 14:56:42] INFO     rect4iLrSfUwkNTno        lever_experiments.py:2307
                             [baseline]: B(correct)                            
                             cost=$0.00000                                     
[08/02/26 14:56:51] INFO     rec06pnAkLOr2t2mp        lever_experiments.py:2307
                             [baseline]: A(correct)                            
                             cost=$0.00000                                     
[08/02/26 14:56:55] INFO     recJJcOHhFeSaRpl4        lever_experiments.py:2307
                             [baseline]: C(correct)                            
                             cost=$0.00000                                     
[08/02/26 14:57:21] INFO     recRZjaElf8ft7xTq        lever_experiments.py:2307
                             [baseline]: A(correct)                            
                             cost=$0.00000                                     
[08/02/26 14:57:33] INFO     recrNbtgTNoabJJi6        lever_experiments.py:2307
                             [baseline]: C(correct)                            
                             cost=$0.00000                                     
[08/02/26 14:57:38] INFO     rec1oj2DveQWl9Rpw        lever_experiments.py:2307
                             [baseline]: A(correct)                            
                             cost=$0.00000                                     
[08/02/26 14:57:43] INFO     recz3MfYHPRhsEQkW        lever_experiments.py:2307
                             [baseline]: C(correct)                            
                             cost=$0.00000                                     
[08/02/26 14:57:59] INFO     rec0VuKUjt1SZ7NYv        lever_experiments.py:2307
                             [baseline]: D(correct)                            
                             cost=$0.00000                                     
[08/02/26 14:58:24] INFO     rec4L69T0Y1AS4AFS        lever_experiments.py:2307
                             [baseline]: D(correct)                            
                             cost=$0.00000                                     
[08/02/26 14:58:26] INFO     recb2M22zaD3tL6Qc        lever_experiments.py:2307
                             [baseline]: C(correct)                            
                             cost=$0.00000                                     
[08/02/26 14:58:53] INFO     recLrRirj7iXoB0rU        lever_experiments.py:2307
                             [baseline]: C(correct)                            
                             cost=$0.00000                                     
[08/02/26 14:59:08] INFO     reczzzihL7btBH7RO        lever_experiments.py:2307
                             [baseline]: D(wrong)                              
                             cost=$0.00000                                     
[08/02/26 14:59:24] INFO     recgC4GJ8wUemlUQD        lever_experiments.py:2307
                             [baseline]: B(correct)                            
                             cost=$0.00000                                     
[08/02/26 14:59:53] INFO     recpki12iG9RUGrz9        lever_experiments.py:2307
                             [baseline]: D(correct)                            
                             cost=$0.00000                                     
[08/02/26 15:00:23] INFO     recVvpD8miVjmmyfe        lever_experiments.py:2307
                             [baseline]: D(correct)                            
                             cost=$0.00000                                     
[08/02/26 15:00:26] INFO     recuYEkVjdVUwA3c0        lever_experiments.py:2307
                             [baseline]: D(correct)                            
                             cost=$0.00000                                     
[08/02/26 15:00:44] INFO     recwW1A85nfyQpReG        lever_experiments.py:2307
                             [baseline]: D(correct)                            
                             cost=$0.00000                                     
[08/02/26 15:00:56] INFO     recypVp2NmPlBKVTp        lever_experiments.py:2307
                             [baseline]: D(correct)                            
                             cost=$0.00000                                     
[08/02/26 15:01:29] INFO     recb4cGsC6BJUCU3V        lever_experiments.py:2307
                             [baseline]: C(correct)                            
                             cost=$0.00000                                     
[08/02/26 15:01:47] INFO     recLSzwBUS3olCjhl        lever_experiments.py:2307
                             [baseline]: D(correct)                            
                             cost=$0.00000                                     
[08/02/26 15:01:55] INFO     recZSGUkn56v9kEp1        lever_experiments.py:2307
                             [baseline]: A(correct)                            
                             cost=$0.00000                                     
[08/02/26 15:02:12] INFO     recDytVnNYZe2HuUU        lever_experiments.py:2307
                             [baseline]: B(wrong)                              
                             cost=$0.00000                                     
[08/02/26 15:02:45] INFO     reck4G4xxv3YnpbtQ        lever_experiments.py:2307
                             [baseline]: B(wrong)                              
                             cost=$0.00000                                     
[08/02/26 15:02:54] INFO     recnawZPumSCLMVgp        lever_experiments.py:2307
                             [baseline]: D(correct)                            
                             cost=$0.00000                                     
[08/02/26 15:03:02] INFO     rec0wZvZgiz320KRs        lever_experiments.py:2307
                             [baseline]: D(correct)                            
                             cost=$0.00000                                     
[08/02/26 15:03:17] INFO     reck1zKeCssmN82Ga        lever_experiments.py:2307
                             [baseline]: C(correct)                            
                             cost=$0.00000                                     
[08/02/26 15:03:38] INFO     rechtUKxC6G67H7Pr        lever_experiments.py:2307
                             [baseline]: B(correct)                            
                             cost=$0.00000                                     
[08/02/26 15:03:44] INFO     reczUoM8JsxU6pYxr        lever_experiments.py:2307
                             [baseline]: A(correct)                            
                             cost=$0.00000                                     
[08/02/26 15:03:55] INFO     recw4rROcnHKNZhtK        lever_experiments.py:2307
                             [baseline]: C(correct)                            
                             cost=$0.00000                                     
[08/02/26 15:04:21] INFO     recvlnu8BuLmXZhSX        lever_experiments.py:2307
                             [baseline]: C(correct)                            
                             cost=$0.00000                                     
[08/02/26 15:04:32] INFO     rec2ZTsqazBZ3LTWZ        lever_experiments.py:2307
                             [baseline]: D(correct)                            
                             cost=$0.00000                                     
[08/02/26 15:04:53] INFO     recatj4YXzbOaq3Ar        lever_experiments.py:2307
                             [baseline]: D(correct)                            
                             cost=$0.00000                                     
[08/02/26 15:05:30] INFO     recyrk6XBVwugG5u8        lever_experiments.py:2307
                             [baseline]: D(correct)                            
                             cost=$0.00000                                     
[08/02/26 15:05:59] INFO     recBXlqrZUCR897It        lever_experiments.py:2307
                             [baseline]: C(correct)                            
                             cost=$0.00000                                     
[08/02/26 15:06:20] INFO     recZt4x514UQNnsgy        lever_experiments.py:2307
                             [baseline]: A(correct)                            
                             cost=$0.00000                                     
[08/02/26 15:06:24] INFO     rec527dNeEtWJrYNl        lever_experiments.py:2307
                             [baseline]: A(correct)                            
                             cost=$0.00000                                     
[08/02/26 15:06:29] INFO     recXsuOHRBLcyenF2        lever_experiments.py:2307
                             [baseline]: A(correct)                            
                             cost=$0.00000                                     
[08/02/26 15:06:48] INFO     recPzW1WqRnPs57D6        lever_experiments.py:2307
                             [baseline]: D(correct)                            
                             cost=$0.00000                                     
[08/02/26 15:07:12] INFO     rec2UlKqC6RFHdcro        lever_experiments.py:2307
                             [baseline]: A(correct)                            
                             cost=$0.00000                                     
[08/02/26 15:07:23] INFO     recJZ3QEfRKjYw9a7        lever_experiments.py:2307
                             [baseline]: D(correct)                            
                             cost=$0.00000                                     
[08/02/26 15:07:41] INFO     reczkBiPPNrNN49Hp        lever_experiments.py:2307
                             [baseline]: A(correct)                            
                             cost=$0.00000                                     
[08/02/26 15:07:44] INFO     recAAJoHMW45Lv5je        lever_experiments.py:2307
                             [baseline]: D(correct)                            
                             cost=$0.00000                                     
[08/02/26 15:08:14] INFO     recooG6bivTUJpDBz        lever_experiments.py:2307
                             [baseline]: A(correct)                            
                             cost=$0.00000                                     
[08/02/26 15:08:25] INFO     recNuT2oSnO86bxOx        lever_experiments.py:2307
                             [baseline]: D(correct)                            
                             cost=$0.00000                                     
[08/02/26 15:08:47] INFO     reckYqR92oJkqJXkE        lever_experiments.py:2307
                             [baseline]: C(correct)                            
                             cost=$0.00000                                     
[08/02/26 15:08:55] INFO     recIIUynGGpsGEYuo        lever_experiments.py:2307
                             [baseline]: D(correct)                            
                             cost=$0.00000                                     
[08/02/26 15:09:12] INFO     recYA3LPsCvF1fTMI        lever_experiments.py:2307
                             [baseline]: A(wrong)                              
                             cost=$0.00000                                     
[08/02/26 15:09:21] ERROR    recQiWOxhkXRz9NVE:       lever_experiments.py:2305
                             DROPPED after                                     
                             unrecoverable error                               
                             +- Traceback (most rec-+                          
                             | C:\Users\Ong Jun     |                          
                             | Kai\Documents\Qwen   |                          
                             | Hackathon\.venv\Lib\ |                          
                             | site-packages\urllib |                          
                             | 3\connectionpool.py: |                          
                             | 534 in _make_request |                          
                             |                      |                          
                             |    531               |                          
                             |    532         # Rec |                          
                             |    533         try:  |                          
                             | >  534             r |                          
                             |    535         excep |                          
                             |    536             s |                          
                             |    537             r |                          
                             |                      |                          
                             | C:\Users\Ong Jun     |                          
                             | Kai\Documents\Qwen   |                          
                             | Hackathon\.venv\Lib\ |                          
                             | site-packages\urllib |                          
                             | 3\connection.py:571  |                          
                             | in getresponse       |                          
                             |                      |                          
                             |    568         _shut |                          
                             |    569               |                          
                             |    570         # Get |                          
                             | >  571         httpl |                          
                             |    572               |                          
                             |    573         try:  |                          
                             |    574             a |                          
                             |                      |                          
                             | C:\Users\Ong Jun     |                          
                             | Kai\AppData\Local\Pr |                          
                             | ograms\Python\Python |                          
                             | 312\Lib\http\client. |                          
                             | py:1430 in           |                          
                             | getresponse          |                          
                             |                      |                          
                             |   1427               |                          
                             |   1428         try:  |                          
                             |   1429             t |                          
                             | > 1430               |                          
                             |   1431             e |                          
                             |   1432               |                          
                             |   1433               |                          
                             |                      |                          
                             | C:\Users\Ong Jun     |                          
                             | Kai\AppData\Local\Pr |                          
                             | ograms\Python\Python |                          
                             | 312\Lib\http\client. |                          
                             | py:331 in begin      |                          
                             |                      |                          
                             |    328               |                          
                             |    329         # rea |                          
                             |    330         while |                          
                             | >  331             v |                          
                             |    332             i |                          
                             |    333               |                          
                             |    334             # |                          
                             |                      |                          
                             | C:\Users\Ong Jun     |                          
                             | Kai\AppData\Local\Pr |                          
                             | ograms\Python\Python |                          
                             | 312\Lib\http\client. |                          
                             | py:292 in            |                          
                             | _read_status         |                          
                             |                      |                          
                             |    289         self. |                          
                             |    290               |                          
                             |    291     def _read |                          
                             | >  292         line  |                          
                             |    293         if le |                          
                             |    294             r |                          
                             |    295         if se |                          
                             |                      |                          
                             | C:\Users\Ong Jun     |                          
                             | Kai\AppData\Local\Pr |                          
                             | ograms\Python\Python |                          
                             | 312\Lib\socket.py:72 |                          
                             | 0 in readinto        |                          
                             |                      |                          
                             |   717             ra |                          
                             |   718         while  |                          
                             |   719             tr |                          
                             | > 720                |                          
                             |   721             ex |                          
                             |   722                |                          
                             |   723                |                          
                             |                      |                          
                             | C:\Users\Ong Jun     |                          
                             | Kai\AppData\Local\Pr |                          
                             | ograms\Python\Python |                          
                             | 312\Lib\ssl.py:1251  |                          
                             | in recv_into         |                          
                             |                      |                          
                             |   1248               |                          
                             |   1249               |                          
                             |   1250               |                          
                             | > 1251             r |                          
                             |   1252         else: |                          
                             |   1253             r |                          
                             |   1254               |                          
                             |                      |                          
                             | C:\Users\Ong Jun     |                          
                             | Kai\AppData\Local\Pr |                          
                             | ograms\Python\Python |                          
                             | 312\Lib\ssl.py:1103  |                          
                             | in read              |                          
                             |                      |                          
                             |   1100             r |                          
                             |   1101         try:  |                          
                             |   1102             i |                          
                             | > 1103               |                          
                             |   1104             e |                          
                             |   1105               |                          
                             |   1106         excep |                          
                             +----------------------+                          
                             TimeoutError: The read                            
                             operation timed out                               
                                                                               
                             The above exception was                           
                             the direct cause of the                           
                             following exception:                              
                                                                               
                             +- Traceback (most rec-+                          
                             | C:\Users\Ong Jun     |                          
                             | Kai\Documents\Qwen   |                          
                             | Hackathon\.venv\Lib\ |                          
                             | site-packages\reques |                          
                             | ts\adapters.py:696   |                          
                             | in send              |                          
                             |                      |                          
                             |   693             re |                          
                             |   694                |                          
                             |   695         try:   |                          
                             | > 696             re |                          
                             |   697                |                          
                             |   698                |                          
                             |   699                |                          
                             |       accept Iterabl |                          
                             |                      |                          
                             | C:\Users\Ong Jun     |                          
                             | Kai\Documents\Qwen   |                          
                             | Hackathon\.venv\Lib\ |                          
                             | site-packages\urllib |                          
                             | 3\connectionpool.py: |                          
                             | 842 in urlopen       |                          
                             |                      |                          
                             |    839             e |                          
                             |    840               |                          
                             |    841               |                          
                             | >  842             r |                          
                             |    843               |                          
                             |    844             ) |                          
                             |    845             r |                          
                             |                      |                          
                             | C:\Users\Ong Jun     |                          
                             | Kai\Documents\Qwen   |                          
                             | Hackathon\.venv\Lib\ |                          
                             | site-packages\urllib |                          
                             | 3\util\retry.py:498  |                          
                             | in increment         |                          
                             |                      |                          
                             |   495         elif e |                          
                             |   496             #  |                          
                             |   497             if |                          
                             | > 498                |                          
                             |   499             el |                          
                             |   500                |                          
                             |   501                |                          
                             |                      |                          
                             | C:\Users\Ong Jun     |                          
                             | Kai\Documents\Qwen   |                          
                             | Hackathon\.venv\Lib\ |                          
                             | site-packages\urllib |                          
                             | 3\util\util.py:39 in |                          
                             | reraise              |                          
                             |                      |                          
                             |   36     try:        |                          
                             |   37         if valu |                          
                             |   38             rai |                          
                             | > 39         raise v |                          
                             |   40     finally:    |                          
                             |   41         value = |                          
                             |   42         tb = No |                          
                             |                      |                          
                             | C:\Users\Ong Jun     |                          
                             | Kai\Documents\Qwen   |                          
                             | Hackathon\.venv\Lib\ |                          
                             | site-packages\urllib |                          
                             | 3\connectionpool.py: |                          
                             | 788 in urlopen       |                          
                             |                      |                          
                             |    785             r |                          
                             |    786               |                          
                             |    787             # |                          
                             | >  788             r |                          
                             |    789               |                          
                             |    790               |                          
                             |    791               |                          
                             |                      |                          
                             | C:\Users\Ong Jun     |                          
                             | Kai\Documents\Qwen   |                          
                             | Hackathon\.venv\Lib\ |                          
                             | site-packages\urllib |                          
                             | 3\connectionpool.py: |                          
                             | 536 in _make_request |                          
                             |                      |                          
                             |    533         try:  |                          
                             |    534             r |                          
                             |    535         excep |                          
                             | >  536             s |                          
                             |    537             r |                          
                             |    538               |                          
                             |    539         # Set |                          
                             |                      |                          
                             | C:\Users\Ong Jun     |                          
                             | Kai\Documents\Qwen   |                          
                             | Hackathon\.venv\Lib\ |                          
                             | site-packages\urllib |                          
                             | 3\connectionpool.py: |                          
                             | 367 in               |                          
                             | _raise_timeout       |                          
                             |                      |                          
                             |    364         """Is |                          
                             |    365               |                          
                             |    366         if is |                          
                             | >  367             r |                          
                             |    368               |                          
                             |    369             ) |                          
                             |    370               |                          
                             +----------------------+                          
                             ReadTimeoutError:                                 
                             HTTPSConnectionPool(host                          
                             ='token-plan.ap-southeas                          
                             t-1.maas.aliyuncs.com',                           
                             port=443): Read timed                             
                             out. (read timeout=300)                           
                                                                               
                             During handling of the                            
                             above exception, another                          
                             exception occurred:                               
                                                                               
                             +- Traceback (most rec-+                          
                             | C:\Users\Ong Jun     |                          
                             | Kai\Documents\Qwen   |                          
                             | Hackathon\benchmark\ |                          
                             | lever_experiments.py |                          
                             | :2303 in             |                          
                             | _run_one_baseline    |                          
                             |                      |                          
                             |   2300 async def _ru |                          
                             |   2301     try:      |                          
                             |   2302         async |                          
                             | > 2303             b |                          
                             |   2304     except Ex |                          
                             |   2305         log.e |                          
                             |   2306         retur |                          
                             |                      |                          
                             | C:\Users\Ong Jun     |                          
                             | Kai\AppData\Local\Pr |                          
                             | ograms\Python\Python |                          
                             | 312\Lib\asyncio\thre |                          
                             | ads.py:25 in         |                          
                             | to_thread            |                          
                             |                      |                          
                             |   22     loop = even |                          
                             |   23     ctx = conte |                          
                             |   24     func_call = |                          
                             | > 25     return awai |                          
                             |   26                 |                          
                             |                      |                          
                             | C:\Users\Ong Jun     |                          
                             | Kai\AppData\Local\Pr |                          
                             | ograms\Python\Python |                          
                             | 312\Lib\concurrent\f |                          
                             | utures\thread.py:59  |                          
                             | in run               |                          
                             |                      |                          
                             |    56             re |                          
                             |    57                |                          
                             |    58         try:   |                          
                             | >  59             re |                          
                             |    60         except |                          
                             |    61             se |                          
                             |    62             #  |                          
                             |                      |                          
                             | C:\Users\Ong Jun     |                          
                             | Kai\Documents\Qwen   |                          
                             | Hackathon\src\quorum |                          
                             | qa\baseline.py:38 in |                          
                             | solve_single_agent   |                          
                             |                      |                          
                             |    35 def solve_sing |                          
                             |    36     """The req |                          
                             |    37     start = ti |                          
                             | >  38     letter, us |                          
                             |    39     return Bas |                          
                             |    40         item=i |                          
                             |    41         answer |                          
                             |                      |                          
                             | C:\Users\Ong Jun     |                          
                             | Kai\Documents\Qwen   |                          
                             | Hackathon\src\quorum |                          
                             | qa\baseline.py:31 in |                          
                             | _ask_once            |                          
                             |                      |                          
                             |    28         f'JSON |                          
                             |    29         "Keep  |                          
                             |    30     )          |                          
                             | >  31     result = c |                          
                             |       thinking=think |                          
                             |    32     return par |                          
                             |    33                |                          
                             |    34                |                          
                             |                      |                          
                             | C:\Users\Ong Jun     |                          
                             | Kai\Documents\Qwen   |                          
                             | Hackathon\src\quorum |                          
                             | qa\qwen_client.py:20 |                          
                             | 7 in chat_json       |                          
                             |                      |                          
                             |   204         spent_ |                          
                             |   205         spent_ |                          
                             |   206         for at |                          
                             | > 207             co |                          
                             |   208                |                          
                             |       max_tokens=max |                          
                             |   209                |                          
                             |   210             )  |                          
                             |                      |                          
                             | C:\Users\Ong Jun     |                          
                             | Kai\Documents\Qwen   |                          
                             | Hackathon\src\quorum |                          
                             | qa\qwen_client.py:16 |                          
                             | 4 in chat            |                          
                             |                      |                          
                             |   161         # in t |                          
                             |   162         # Chem |                          
                             |   163         # from |                          
                             | > 164         resp = |                          
                             |       timeout=self._ |                          
                             |   165         resp.r |                          
                             |   166         data = |                          
                             |   167                |                          
                             |                      |                          
                             | C:\Users\Ong Jun     |                          
                             | Kai\Documents\Qwen   |                          
                             | Hackathon\.venv\Lib\ |                          
                             | site-packages\reques |                          
                             | ts\api.py:134 in     |                          
                             | post                 |                          
                             |                      |                          
                             |   131     :rtype: re |                          
                             |   132     """        |                          
                             |   133                |                          
                             | > 134     return req |                          
                             |   135                |                          
                             |   136                |                          
                             |   137 def put(       |                          
                             |                      |                          
                             | C:\Users\Ong Jun     |                          
                             | Kai\Documents\Qwen   |                          
                             | Hackathon\.venv\Lib\ |                          
                             | site-packages\reques |                          
                             | ts\api.py:71 in      |                          
                             | request              |                          
                             |                      |                          
                             |    68     # avoid le |                          
                             |    69     # cases, a |                          
                             |    70     with sessi |                          
                             | >  71         return |                          
                             |    72                |                          
                             |    73                |                          
                             |    74 def get(       |                          
                             |                      |                          
                             | C:\Users\Ong Jun     |                          
                             | Kai\Documents\Qwen   |                          
                             | Hackathon\.venv\Lib\ |                          
                             | site-packages\reques |                          
                             | ts\sessions.py:651   |                          
                             | in request           |                          
                             |                      |                          
                             |   648             "a |                          
                             |   649         }      |                          
                             |   650         send_k |                          
                             | > 651         resp = |                          
                             |   652                |                          
                             |   653         return |                          
                             |   654                |                          
                             |                      |                          
                             | C:\Users\Ong Jun     |                          
                             | Kai\Documents\Qwen   |                          
                             | Hackathon\.venv\Lib\ |                          
                             | site-packages\reques |                          
                             | ts\sessions.py:784   |                          
                             | in send              |                          
                             |                      |                          
                             |   781         start  |                          
                             |   782                |                          
                             |   783         # Send |                          
                             | > 784         r = ad |                          
                             |   785                |                          
                             |   786         # Tota |                          
                             |   787         elapse |                          
                             |                      |                          
                             | C:\Users\Ong Jun     |                          
                             | Kai\Documents\Qwen   |                          
                             | Hackathon\.venv\Lib\ |                          
                             | site-packages\reques |                          
                             | ts\adapters.py:742   |                          
                             | in send              |                          
                             |                      |                          
                             |   739                |                          
                             |   740                |                          
                             |   741             el |                          
                             | > 742                |                          
                             |   743             el |                          
                             |   744                |                          
                             |   745             el |                          
                             +----------------------+                          
                             ReadTimeout:                                      
                             HTTPSConnectionPool(host                          
                             ='token-plan.ap-southeas                          
                             t-1.maas.aliyuncs.com',                           
                             port=443): Read timed                             
                             out. (read timeout=300)                           
[08/02/26 15:10:09] INFO     reco8WSc71p8zAv4q        lever_experiments.py:2307
                             [baseline]: A(correct)                            
                             cost=$0.00000                                     
[08/02/26 15:10:38] INFO     recjgMJaMxz4ESDF2        lever_experiments.py:2307
                             [baseline]: B(correct)                            
                             cost=$0.00000                                     
[08/02/26 15:11:29] INFO     rechKl68Uc6H7vU0N        lever_experiments.py:2307
                             [baseline]: D(correct)                            
                             cost=$0.00000                                     
[08/02/26 15:11:33] INFO     recVE8cUNHpHZIAvL        lever_experiments.py:2307
                             [baseline]: C(correct)                            
                             cost=$0.00000                                     
[08/02/26 15:11:34] INFO     recjJ54TXc04enRkZ        lever_experiments.py:2307
                             [baseline]: A(correct)                            
                             cost=$0.00000                                     
[08/02/26 15:12:09] INFO     recqGD3fxPCI59vPQ        lever_experiments.py:2307
                             [baseline]: A(correct)                            
                             cost=$0.00000                                     
[08/02/26 15:12:14] INFO     recs3PLPUEMiqg4P8        lever_experiments.py:2307
                             [baseline]: A(correct)                            
                             cost=$0.00000                                     
[08/02/26 15:12:43] INFO     recINGR1z01Fh1Z3A        lever_experiments.py:2307
                             [baseline]: D(correct)                            
                             cost=$0.00000                                     
[08/02/26 15:12:50] INFO     recHVUd2DkoKfedJZ        lever_experiments.py:2307
                             [baseline]: B(correct)                            
                             cost=$0.00000                                     
[08/02/26 15:12:53] INFO     recUBgVlkKzcRPDdK        lever_experiments.py:2307
                             [baseline]: D(wrong)                              
                             cost=$0.00000                                     
[08/02/26 15:13:15] INFO     rec47oNPXudlTIk4y        lever_experiments.py:2307
                             [baseline]: D(wrong)                              
                             cost=$0.00000                                     
[08/02/26 15:13:19] INFO     recGFKDUd8qgz81Zl        lever_experiments.py:2307
                             [baseline]: C(correct)                            
                             cost=$0.00000                                     
[08/02/26 15:13:23] INFO     recPIzpnuYpB4yvmp        lever_experiments.py:2307
                             [baseline]: D(correct)                            
                             cost=$0.00000                                     
[08/02/26 15:14:34] INFO     recCJJOeBGERaHYax        lever_experiments.py:2307
                             [baseline]: B(correct)                            
                             cost=$0.00000                                     
[08/02/26 15:14:35] INFO     recnTTKdBzfuoZ7w7        lever_experiments.py:2307
                             [baseline]: A(wrong)                              
                             cost=$0.00000                                     
[08/02/26 15:14:59] INFO     reckEnrOPFT9Ru7tW        lever_experiments.py:2307
                             [baseline]: D(correct)                            
                             cost=$0.00000                                     
[08/02/26 15:15:07] INFO     rec8nshandHARTkrg        lever_experiments.py:2307
                             [baseline]: D(correct)                            
                             cost=$0.00000                                     
[08/02/26 15:15:22] INFO     recclFbsjbaiVVnnV        lever_experiments.py:2307
                             [baseline]: C(correct)                            
                             cost=$0.00000                                     
[08/02/26 15:15:50] INFO     recLB0EkQ54bYVhnd        lever_experiments.py:2307
                             [baseline]: B(correct)                            
                             cost=$0.00000                                     
[08/02/26 15:15:51] INFO     receo3UUzRvWCqyfA        lever_experiments.py:2307
                             [baseline]: A(correct)                            
                             cost=$0.00000                                     
[08/02/26 15:16:15] INFO     recG1ljJQcVy6CbSl        lever_experiments.py:2307
                             [baseline]: A(correct)                            
                             cost=$0.00000                                     
[08/02/26 15:16:27] INFO     recGee5m84dg5FZkc        lever_experiments.py:2307
                             [baseline]: D(correct)                            
                             cost=$0.00000                                     
[08/02/26 15:16:51] INFO     recgM7o1tcc7tP778        lever_experiments.py:2307
                             [baseline]: D(correct)                            
                             cost=$0.00000                                     
[08/02/26 15:17:14] INFO     recMicVBcqy1xM1jq        lever_experiments.py:2307
                             [baseline]: B(correct)                            
                             cost=$0.00000                                     
[08/02/26 15:17:17] INFO     reczQ4I0VpENdMtIj        lever_experiments.py:2307
                             [baseline]: C(wrong)                              
                             cost=$0.00000                                     
[08/02/26 15:17:34] INFO     recD8oX1KevFbl7bL        lever_experiments.py:2307
                             [baseline]: A(correct)                            
                             cost=$0.00000                                     
[08/02/26 15:17:55] INFO     recNu3MXkvWUzHZr9        lever_experiments.py:2307
                             [baseline]: C(correct)                            
                             cost=$0.00000                                     
[08/02/26 15:18:03] INFO     recgXxEgllSGEpELP        lever_experiments.py:2307
                             [baseline]: A(correct)                            
                             cost=$0.00000                                     
[08/02/26 15:18:21] INFO     recpJmTOXx6T48nDJ        lever_experiments.py:2307
                             [baseline]: C(correct)                            
                             cost=$0.00000                                     
[08/02/26 15:18:25] INFO     rec0yTRmO1o1xCA6H        lever_experiments.py:2307
                             [baseline]: A(correct)                            
                             cost=$0.00000                                     
[08/02/26 15:18:51] INFO     rec9ubQihAh6g9bft        lever_experiments.py:2307
                             [baseline]: D(correct)                            
                             cost=$0.00000                                     
[08/02/26 15:19:06] INFO     recf6ayQmL1SxKbvW        lever_experiments.py:2307
                             [baseline]: C(wrong)                              
                             cost=$0.00000                                     
[08/02/26 15:19:14] INFO     recnjViFrqlZNL3fY        lever_experiments.py:2307
                             [baseline]: D(correct)                            
                             cost=$0.00000                                     
[08/02/26 15:19:30] INFO     reckl6PkaEMWM50yZ        lever_experiments.py:2307
                             [baseline]: A(wrong)                              
                             cost=$0.00000                                     
                    WARNING  1/90 questions dropped   lever_experiments.py:2327
                    INFO     Wrote 89 baseline        lever_experiments.py:2332
                             results to                                        
                             benchmark\results\TB1_fl                          
                             agship1x_gpqa_seed2311.j                          
                             sonl                                              
--- seed 3407 ---
[08/02/26 15:19:35] INFO     HTTP Request: HEAD                 _client.py:1025
                             https://huggingface.co/datasets/Id                
                             avidrein/gpqa/resolve/main/README.                
                             md "HTTP/1.1 200 OK"                              
                    INFO     HTTP Request: HEAD                 _client.py:1025
                             https://huggingface.co/datasets/Id                
                             avidrein/gpqa/resolve/633f5ee89ab8                
                             ad4522a9f850766b73f62147ffdd/gpqa.                
                             py "HTTP/1.1 404 Not Found"                       
[08/02/26 15:19:36] INFO     HTTP Request: HEAD                 _client.py:1025
                             https://s3.amazonaws.com/datasets.                
                             huggingface.co/datasets/datasets/I                
                             davidrein/gpqa/Idavidrein/gpqa.py                 
                             "HTTP/1.1 404 Not Found"                          
                    INFO     HTTP Request: GET                  _client.py:1025
                             https://huggingface.co/api/dataset                
                             s/Idavidrein/gpqa/revision/633f5ee                
                             89ab8ad4522a9f850766b73f62147ffdd                 
                             "HTTP/1.1 200 OK"                                 
[08/02/26 15:19:37] INFO     HTTP Request: HEAD                 _client.py:1025
                             https://huggingface.co/datasets/Id                
                             avidrein/gpqa/resolve/633f5ee89ab8                
                             ad4522a9f850766b73f62147ffdd/.hugg                
                             ingface.yaml "HTTP/1.1 404 Not                    
                             Found"                                            
                    INFO     HTTP Request: GET                  _client.py:1025
                             https://datasets-server.huggingfac                
                             e.co/info?dataset=Idavidrein/gpqa                 
                             "HTTP/1.1 200 OK"                                 
                    INFO     HTTP Request: GET                  _client.py:1025
                             https://huggingface.co/api/dataset                
                             s/Idavidrein/gpqa/tree/633f5ee89ab                
                             8ad4522a9f850766b73f62147ffdd?recu                
                             rsive=false&expand=false "HTTP/1.1                
                             200 OK"                                           
[08/02/26 15:19:38] INFO     HTTP Request: HEAD                 _client.py:1025
                             https://huggingface.co/datasets/Id                
                             avidrein/gpqa/resolve/633f5ee89ab8                
                             ad4522a9f850766b73f62147ffdd/datas                
                             et_infos.json "HTTP/1.1 404 Not                   
                             Found"                                            
[08/02/26 15:20:10] INFO     recJJcOHhFeSaRpl4        lever_experiments.py:2307
                             [baseline]: A(correct)                            
                             cost=$0.00000                                     
[08/02/26 15:20:27] INFO     recZWeueB7lSPR6wN        lever_experiments.py:2307
                             [baseline]: A(wrong)                              
                             cost=$0.00000                                     
[08/02/26 15:20:35] INFO     recO3hvCWRGiG0odN        lever_experiments.py:2307
                             [baseline]: C(correct)                            
                             cost=$0.00000                                     
[08/02/26 15:20:41] INFO     recjgMJaMxz4ESDF2        lever_experiments.py:2307
                             [baseline]: D(correct)                            
                             cost=$0.00000                                     
[08/02/26 15:20:56] INFO     rec9GugrngvsQR99A        lever_experiments.py:2307
                             [baseline]: C(correct)                            
                             cost=$0.00000                                     
[08/02/26 15:21:06] INFO     recafnH3RRnMBXEb1        lever_experiments.py:2307
                             [baseline]: C(correct)                            
                             cost=$0.00000                                     
[08/02/26 15:21:19] INFO     rec1oj2DveQWl9Rpw        lever_experiments.py:2307
                             [baseline]: B(correct)                            
                             cost=$0.00000                                     
[08/02/26 15:21:32] INFO     reccOKzFNmyqeJ6ry        lever_experiments.py:2307
                             [baseline]: C(correct)                            
                             cost=$0.00000                                     
[08/02/26 15:21:44] INFO     recWPMm91mGDLXONm        lever_experiments.py:2307
                             [baseline]: B(correct)                            
                             cost=$0.00000                                     
[08/02/26 15:22:11] INFO     recvZlMbpPz0yLDle        lever_experiments.py:2307
                             [baseline]: D(correct)                            
                             cost=$0.00000                                     
[08/02/26 15:22:12] INFO     recb4cGsC6BJUCU3V        lever_experiments.py:2307
                             [baseline]: B(correct)                            
                             cost=$0.00000                                     
[08/02/26 15:22:30] INFO     rec9W28HgpEUeUN8k        lever_experiments.py:2307
                             [baseline]: C(correct)                            
                             cost=$0.00000                                     
[08/02/26 15:22:38] INFO     recINGR1z01Fh1Z3A        lever_experiments.py:2307
                             [baseline]: A(correct)                            
                             cost=$0.00000                                     
[08/02/26 15:22:49] INFO     recWzUUYBN0NuXO2k        lever_experiments.py:2307
                             [baseline]: A(correct)                            
                             cost=$0.00000                                     
                    INFO     recPIzpnuYpB4yvmp        lever_experiments.py:2307
                             [baseline]: B(correct)                            
                             cost=$0.00000                                     
[08/02/26 15:23:02] INFO     recihePFulRgNKsIn        lever_experiments.py:2307
                             [baseline]: B(wrong)                              
                             cost=$0.00000                                     
[08/02/26 15:23:25] INFO     recGFKDUd8qgz81Zl        lever_experiments.py:2307
                             [baseline]: A(correct)                            
                             cost=$0.00000                                     
[08/02/26 15:23:27] INFO     rec4UqStf9WUVif1f        lever_experiments.py:2307
                             [baseline]: A(correct)                            
                             cost=$0.00000                                     
[08/02/26 15:23:30] INFO     recVE8cUNHpHZIAvL        lever_experiments.py:2307
                             [baseline]: D(correct)                            
                             cost=$0.00000                                     
[08/02/26 15:23:54] INFO     reckEnrOPFT9Ru7tW        lever_experiments.py:2307
                             [baseline]: B(correct)                            
                             cost=$0.00000                                     
[08/02/26 15:23:58] INFO     rec0wZvZgiz320KRs        lever_experiments.py:2307
                             [baseline]: A(correct)                            
                             cost=$0.00000                                     
[08/02/26 15:24:07] INFO     recxTy0x7M6T9ikc0        lever_experiments.py:2307
                             [baseline]: A(correct)                            
                             cost=$0.00000                                     
[08/02/26 15:24:13] INFO     recBtVK8rBVtIlXDq        lever_experiments.py:2307
                             [baseline]: D(correct)                            
                             cost=$0.00000                                     
[08/02/26 15:24:34] INFO     recpki12iG9RUGrz9        lever_experiments.py:2307
                             [baseline]: B(correct)                            
                             cost=$0.00000                                     
[08/02/26 15:25:00] INFO     recRTiyaRymerDJ4y        lever_experiments.py:2307
                             [baseline]: C(correct)                            
                             cost=$0.00000                                     
[08/02/26 15:25:22] INFO     recI1ls9OXdxatHQn        lever_experiments.py:2307
                             [baseline]: A(correct)                            
                             cost=$0.00000                                     
[08/02/26 15:25:34] INFO     recwlwlcPvXVNPmvl        lever_experiments.py:2307
                             [baseline]: D(correct)                            
                             cost=$0.00000                                     
[08/02/26 15:26:04] INFO     rec4r4KWNLrT7g2kR        lever_experiments.py:2307
                             [baseline]: C(wrong)                              
                             cost=$0.00000                                     
[08/02/26 15:26:08] INFO     recZ13cwgDQf9jRd9        lever_experiments.py:2307
                             [baseline]: A(correct)                            
                             cost=$0.00000                                     
[08/02/26 15:26:21] INFO     rec7C06XOB2h298ue        lever_experiments.py:2307
                             [baseline]: A(correct)                            
                             cost=$0.00000                                     
[08/02/26 15:26:32] INFO     recYt8xx80OTyDsL0        lever_experiments.py:2307
                             [baseline]: D(correct)                            
                             cost=$0.00000                                     
[08/02/26 15:26:54] INFO     recZSGUkn56v9kEp1        lever_experiments.py:2307
                             [baseline]: B(correct)                            
                             cost=$0.00000                                     
[08/02/26 15:27:07] INFO     recmI7EiLv72PxmYK        lever_experiments.py:2307
                             [baseline]: B(correct)                            
                             cost=$0.00000                                     
[08/02/26 15:27:25] INFO     rechKl68Uc6H7vU0N        lever_experiments.py:2307
                             [baseline]: B(correct)                            
                             cost=$0.00000                                     
[08/02/26 15:27:30] INFO     recmwwQJnx7ll7bqL        lever_experiments.py:2307
                             [baseline]: A(correct)                            
                             cost=$0.00000                                     
[08/02/26 15:27:51] INFO     reciuppdQde4FGX1z        lever_experiments.py:2307
                             [baseline]: B(correct)                            
                             cost=$0.00000                                     
[08/02/26 15:27:57] INFO     recoiTJPGUmzAkief        lever_experiments.py:2307
                             [baseline]: C(correct)                            
                             cost=$0.00000                                     
[08/02/26 15:28:21] INFO     recPzW1WqRnPs57D6        lever_experiments.py:2307
                             [baseline]: C(correct)                            
                             cost=$0.00000                                     
[08/02/26 15:28:33] INFO     recS48OsU6kVadBPW        lever_experiments.py:2307
                             [baseline]: A(correct)                            
                             cost=$0.00000                                     
[08/02/26 15:28:34] INFO     recLAgwx9vbgB5EHk        lever_experiments.py:2307
                             [baseline]: A(correct)                            
                             cost=$0.00000                                     
[08/02/26 15:28:52] INFO     rec260hNUCEj109Dj        lever_experiments.py:2307
                             [baseline]: C(correct)                            
                             cost=$0.00000                                     
[08/02/26 15:28:54] INFO     recZdZxsN0AxDx0pB        lever_experiments.py:2307
                             [baseline]: D(correct)                            
                             cost=$0.00000                                     
[08/02/26 15:29:34] INFO     recRhwQwHijW0gCLo        lever_experiments.py:2307
                             [baseline]: B(correct)                            
                             cost=$0.00000                                     
[08/02/26 15:30:18] INFO     recGFNRVl1qBZGwyU        lever_experiments.py:2307
                             [baseline]: D(correct)                            
                             cost=$0.00000                                     
[08/02/26 15:30:35] INFO     recxsX66ktJ1Lwt4f        lever_experiments.py:2307
                             [baseline]: B(correct)                            
                             cost=$0.00000                                     
[08/02/26 15:31:55] ERROR    recuyeuT5rQ6qDt8F:       lever_experiments.py:2305
                             DROPPED after                                     
                             unrecoverable error                               
                             +- Traceback (most rec-+                          
                             | C:\Users\Ong Jun     |                          
                             | Kai\Documents\Qwen   |                          
                             | Hackathon\.venv\Lib\ |                          
                             | site-packages\urllib |                          
                             | 3\connectionpool.py: |                          
                             | 534 in _make_request |                          
                             |                      |                          
                             |    531               |                          
                             |    532         # Rec |                          
                             |    533         try:  |                          
                             | >  534             r |                          
                             |    535         excep |                          
                             |    536             s |                          
                             |    537             r |                          
                             |                      |                          
                             | C:\Users\Ong Jun     |                          
                             | Kai\Documents\Qwen   |                          
                             | Hackathon\.venv\Lib\ |                          
                             | site-packages\urllib |                          
                             | 3\connection.py:571  |                          
                             | in getresponse       |                          
                             |                      |                          
                             |    568         _shut |                          
                             |    569               |                          
                             |    570         # Get |                          
                             | >  571         httpl |                          
                             |    572               |                          
                             |    573         try:  |                          
                             |    574             a |                          
                             |                      |                          
                             | C:\Users\Ong Jun     |                          
                             | Kai\AppData\Local\Pr |                          
                             | ograms\Python\Python |                          
                             | 312\Lib\http\client. |                          
                             | py:1430 in           |                          
                             | getresponse          |                          
                             |                      |                          
                             |   1427               |                          
                             |   1428         try:  |                          
                             |   1429             t |                          
                             | > 1430               |                          
                             |   1431             e |                          
                             |   1432               |                          
                             |   1433               |                          
                             |                      |                          
                             | C:\Users\Ong Jun     |                          
                             | Kai\AppData\Local\Pr |                          
                             | ograms\Python\Python |                          
                             | 312\Lib\http\client. |                          
                             | py:331 in begin      |                          
                             |                      |                          
                             |    328               |                          
                             |    329         # rea |                          
                             |    330         while |                          
                             | >  331             v |                          
                             |    332             i |                          
                             |    333               |                          
                             |    334             # |                          
                             |                      |                          
                             | C:\Users\Ong Jun     |                          
                             | Kai\AppData\Local\Pr |                          
                             | ograms\Python\Python |                          
                             | 312\Lib\http\client. |                          
                             | py:292 in            |                          
                             | _read_status         |                          
                             |                      |                          
                             |    289         self. |                          
                             |    290               |                          
                             |    291     def _read |                          
                             | >  292         line  |                          
                             |    293         if le |                          
                             |    294             r |                          
                             |    295         if se |                          
                             |                      |                          
                             | C:\Users\Ong Jun     |                          
                             | Kai\AppData\Local\Pr |                          
                             | ograms\Python\Python |                          
                             | 312\Lib\socket.py:72 |                          
                             | 0 in readinto        |                          
                             |                      |                          
                             |   717             ra |                          
                             |   718         while  |                          
                             |   719             tr |                          
                             | > 720                |                          
                             |   721             ex |                          
                             |   722                |                          
                             |   723                |                          
                             |                      |                          
                             | C:\Users\Ong Jun     |                          
                             | Kai\AppData\Local\Pr |                          
                             | ograms\Python\Python |                          
                             | 312\Lib\ssl.py:1251  |                          
                             | in recv_into         |                          
                             |                      |                          
                             |   1248               |                          
                             |   1249               |                          
                             |   1250               |                          
                             | > 1251             r |                          
                             |   1252         else: |                          
                             |   1253             r |                          
                             |   1254               |                          
                             |                      |                          
                             | C:\Users\Ong Jun     |                          
                             | Kai\AppData\Local\Pr |                          
                             | ograms\Python\Python |                          
                             | 312\Lib\ssl.py:1103  |                          
                             | in read              |                          
                             |                      |                          
                             |   1100             r |                          
                             |   1101         try:  |                          
                             |   1102             i |                          
                             | > 1103               |                          
                             |   1104             e |                          
                             |   1105               |                          
                             |   1106         excep |                          
                             +----------------------+                          
                             TimeoutError: The read                            
                             operation timed out                               
                                                                               
                             The above exception was                           
                             the direct cause of the                           
                             following exception:                              
                                                                               
                             +- Traceback (most rec-+                          
                             | C:\Users\Ong Jun     |                          
                             | Kai\Documents\Qwen   |                          
                             | Hackathon\.venv\Lib\ |                          
                             | site-packages\reques |                          
                             | ts\adapters.py:696   |                          
                             | in send              |                          
                             |                      |                          
                             |   693             re |                          
                             |   694                |                          
                             |   695         try:   |                          
                             | > 696             re |                          
                             |   697                |                          
                             |   698                |                          
                             |   699                |                          
                             |       accept Iterabl |                          
                             |                      |                          
                             | C:\Users\Ong Jun     |                          
                             | Kai\Documents\Qwen   |                          
                             | Hackathon\.venv\Lib\ |                          
                             | site-packages\urllib |                          
                             | 3\connectionpool.py: |                          
                             | 842 in urlopen       |                          
                             |                      |                          
                             |    839             e |                          
                             |    840               |                          
                             |    841               |                          
                             | >  842             r |                          
                             |    843               |                          
                             |    844             ) |                          
                             |    845             r |                          
                             |                      |                          
                             | C:\Users\Ong Jun     |                          
                             | Kai\Documents\Qwen   |                          
                             | Hackathon\.venv\Lib\ |                          
                             | site-packages\urllib |                          
                             | 3\util\retry.py:498  |                          
                             | in increment         |                          
                             |                      |                          
                             |   495         elif e |                          
                             |   496             #  |                          
                             |   497             if |                          
                             | > 498                |                          
                             |   499             el |                          
                             |   500                |                          
                             |   501                |                          
                             |                      |                          
                             | C:\Users\Ong Jun     |                          
                             | Kai\Documents\Qwen   |                          
                             | Hackathon\.venv\Lib\ |                          
                             | site-packages\urllib |                          
                             | 3\util\util.py:39 in |                          
                             | reraise              |                          
                             |                      |                          
                             |   36     try:        |                          
                             |   37         if valu |                          
                             |   38             rai |                          
                             | > 39         raise v |                          
                             |   40     finally:    |                          
                             |   41         value = |                          
                             |   42         tb = No |                          
                             |                      |                          
                             | C:\Users\Ong Jun     |                          
                             | Kai\Documents\Qwen   |                          
                             | Hackathon\.venv\Lib\ |                          
                             | site-packages\urllib |                          
                             | 3\connectionpool.py: |                          
                             | 788 in urlopen       |                          
                             |                      |                          
                             |    785             r |                          
                             |    786               |                          
                             |    787             # |                          
                             | >  788             r |                          
                             |    789               |                          
                             |    790               |                          
                             |    791               |                          
                             |                      |                          
                             | C:\Users\Ong Jun     |                          
                             | Kai\Documents\Qwen   |                          
                             | Hackathon\.venv\Lib\ |                          
                             | site-packages\urllib |                          
                             | 3\connectionpool.py: |                          
                             | 536 in _make_request |                          
                             |                      |                          
                             |    533         try:  |                          
                             |    534             r |                          
                             |    535         excep |                          
                             | >  536             s |                          
                             |    537             r |                          
                             |    538               |                          
                             |    539         # Set |                          
                             |                      |                          
                             | C:\Users\Ong Jun     |                          
                             | Kai\Documents\Qwen   |                          
                             | Hackathon\.venv\Lib\ |                          
                             | site-packages\urllib |                          
                             | 3\connectionpool.py: |                          
                             | 367 in               |                          
                             | _raise_timeout       |                          
                             |                      |                          
                             |    364         """Is |                          
                             |    365               |                          
                             |    366         if is |                          
                             | >  367             r |                          
                             |    368               |                          
                             |    369             ) |                          
                             |    370               |                          
                             +----------------------+                          
                             ReadTimeoutError:                                 
                             HTTPSConnectionPool(host                          
                             ='token-plan.ap-southeas                          
                             t-1.maas.aliyuncs.com',                           
                             port=443): Read timed                             
                             out. (read timeout=300)                           
                                                                               
                             During handling of the                            
                             above exception, another                          
                             exception occurred:                               
                                                                               
                             +- Traceback (most rec-+                          
                             | C:\Users\Ong Jun     |                          
                             | Kai\Documents\Qwen   |                          
                             | Hackathon\benchmark\ |                          
                             | lever_experiments.py |                          
                             | :2303 in             |                          
                             | _run_one_baseline    |                          
                             |                      |                          
                             |   2300 async def _ru |                          
                             |   2301     try:      |                          
                             |   2302         async |                          
                             | > 2303             b |                          
                             |   2304     except Ex |                          
                             |   2305         log.e |                          
                             |   2306         retur |                          
                             |                      |                          
                             | C:\Users\Ong Jun     |                          
                             | Kai\AppData\Local\Pr |                          
                             | ograms\Python\Python |                          
                             | 312\Lib\asyncio\thre |                          
                             | ads.py:25 in         |                          
                             | to_thread            |                          
                             |                      |                          
                             |   22     loop = even |                          
                             |   23     ctx = conte |                          
                             |   24     func_call = |                          
                             | > 25     return awai |                          
                             |   26                 |                          
                             |                      |                          
                             | C:\Users\Ong Jun     |                          
                             | Kai\AppData\Local\Pr |                          
                             | ograms\Python\Python |                          
                             | 312\Lib\concurrent\f |                          
                             | utures\thread.py:59  |                          
                             | in run               |                          
                             |                      |                          
                             |    56             re |                          
                             |    57                |                          
                             |    58         try:   |                          
                             | >  59             re |                          
                             |    60         except |                          
                             |    61             se |                          
                             |    62             #  |                          
                             |                      |                          
                             | C:\Users\Ong Jun     |                          
                             | Kai\Documents\Qwen   |                          
                             | Hackathon\src\quorum |                          
                             | qa\baseline.py:38 in |                          
                             | solve_single_agent   |                          
                             |                      |                          
                             |    35 def solve_sing |                          
                             |    36     """The req |                          
                             |    37     start = ti |                          
                             | >  38     letter, us |                          
                             |    39     return Bas |                          
                             |    40         item=i |                          
                             |    41         answer |                          
                             |                      |                          
                             | C:\Users\Ong Jun     |                          
                             | Kai\Documents\Qwen   |                          
                             | Hackathon\src\quorum |                          
                             | qa\baseline.py:31 in |                          
                             | _ask_once            |                          
                             |                      |                          
                             |    28         f'JSON |                          
                             |    29         "Keep  |                          
                             |    30     )          |                          
                             | >  31     result = c |                          
                             |       thinking=think |                          
                             |    32     return par |                          
                             |    33                |                          
                             |    34                |                          
                             |                      |                          
                             | C:\Users\Ong Jun     |                          
                             | Kai\Documents\Qwen   |                          
                             | Hackathon\src\quorum |                          
                             | qa\qwen_client.py:20 |                          
                             | 7 in chat_json       |                          
                             |                      |                          
                             |   204         spent_ |                          
                             |   205         spent_ |                          
                             |   206         for at |                          
                             | > 207             co |                          
                             |   208                |                          
                             |       max_tokens=max |                          
                             |   209                |                          
                             |   210             )  |                          
                             |                      |                          
                             | C:\Users\Ong Jun     |                          
                             | Kai\Documents\Qwen   |                          
                             | Hackathon\src\quorum |                          
                             | qa\qwen_client.py:16 |                          
                             | 4 in chat            |                          
                             |                      |                          
                             |   161         # in t |                          
                             |   162         # Chem |                          
                             |   163         # from |                          
                             | > 164         resp = |                          
                             |       timeout=self._ |                          
                             |   165         resp.r |                          
                             |   166         data = |                          
                             |   167                |                          
                             |                      |                          
                             | C:\Users\Ong Jun     |                          
                             | Kai\Documents\Qwen   |                          
                             | Hackathon\.venv\Lib\ |                          
                             | site-packages\reques |                          
                             | ts\api.py:134 in     |                          
                             | post                 |                          
                             |                      |                          
                             |   131     :rtype: re |                          
                             |   132     """        |                          
                             |   133                |                          
                             | > 134     return req |                          
                             |   135                |                          
                             |   136                |                          
                             |   137 def put(       |                          
                             |                      |                          
                             | C:\Users\Ong Jun     |                          
                             | Kai\Documents\Qwen   |                          
                             | Hackathon\.venv\Lib\ |                          
                             | site-packages\reques |                          
                             | ts\api.py:71 in      |                          
                             | request              |                          
                             |                      |                          
                             |    68     # avoid le |                          
                             |    69     # cases, a |                          
                             |    70     with sessi |                          
                             | >  71         return |                          
                             |    72                |                          
                             |    73                |                          
                             |    74 def get(       |                          
                             |                      |                          
                             | C:\Users\Ong Jun     |                          
                             | Kai\Documents\Qwen   |                          
                             | Hackathon\.venv\Lib\ |                          
                             | site-packages\reques |                          
                             | ts\sessions.py:651   |                          
                             | in request           |                          
                             |                      |                          
                             |   648             "a |                          
                             |   649         }      |                          
                             |   650         send_k |                          
                             | > 651         resp = |                          
                             |   652                |                          
                             |   653         return |                          
                             |   654                |                          
                             |                      |                          
                             | C:\Users\Ong Jun     |                          
                             | Kai\Documents\Qwen   |                          
                             | Hackathon\.venv\Lib\ |                          
                             | site-packages\reques |                          
                             | ts\sessions.py:784   |                          
                             | in send              |                          
                             |                      |                          
                             |   781         start  |                          
                             |   782                |                          
                             |   783         # Send |                          
                             | > 784         r = ad |                          
                             |   785                |                          
                             |   786         # Tota |                          
                             |   787         elapse |                          
                             |                      |                          
                             | C:\Users\Ong Jun     |                          
                             | Kai\Documents\Qwen   |                          
                             | Hackathon\.venv\Lib\ |                          
                             | site-packages\reques |                          
                             | ts\adapters.py:742   |                          
                             | in send              |                          
                             |                      |                          
                             |   739                |                          
                             |   740                |                          
                             |   741             el |                          
                             | > 742                |                          
                             |   743             el |                          
                             |   744                |                          
                             |   745             el |                          
                             +----------------------+                          
                             ReadTimeout:                                      
                             HTTPSConnectionPool(host                          
                             ='token-plan.ap-southeas                          
                             t-1.maas.aliyuncs.com',                           
                             port=443): Read timed                             
                             out. (read timeout=300)                           
[08/02/26 15:32:22] INFO     recEmTBhx2hgw6tPQ        lever_experiments.py:2307
                             [baseline]: C(correct)                            
                             cost=$0.00000                                     
[08/02/26 15:32:32] INFO     recGee5m84dg5FZkc        lever_experiments.py:2307
                             [baseline]: C(correct)                            
                             cost=$0.00000                                     
[08/02/26 15:32:55] INFO     recixxJmdux0d8LZQ        lever_experiments.py:2307
                             [baseline]: D(correct)                            
                             cost=$0.00000                                     
[08/02/26 15:32:59] INFO     recjJ54TXc04enRkZ        lever_experiments.py:2307
                             [baseline]: A(correct)                            
                             cost=$0.00000                                     
[08/02/26 15:33:01] INFO     reck1zKeCssmN82Ga        lever_experiments.py:2307
                             [baseline]: A(correct)                            
                             cost=$0.00000                                     
[08/02/26 15:33:42] INFO     recRZjaElf8ft7xTq        lever_experiments.py:2307
                             [baseline]: C(correct)                            
                             cost=$0.00000                                     
[08/02/26 15:34:02] INFO     rechtUKxC6G67H7Pr        lever_experiments.py:2307
                             [baseline]: B(correct)                            
                             cost=$0.00000                                     
[08/02/26 15:34:14] INFO     recUc29lMDBEvurYo        lever_experiments.py:2307
                             [baseline]: C(correct)                            
                             cost=$0.00000                                     
[08/02/26 15:34:38] INFO     recKv4hFyNpViUXnL        lever_experiments.py:2307
                             [baseline]: C(correct)                            
                             cost=$0.00000                                     
[08/02/26 15:35:06] INFO     recyPffUDqC2k7ZZO        lever_experiments.py:2307
                             [baseline]: A(correct)                            
                             cost=$0.00000                                     
[08/02/26 15:35:26] INFO     rec1zl5LvaatzGhFt        lever_experiments.py:2307
                             [baseline]: C(correct)                            
                             cost=$0.00000                                     
[08/02/26 15:35:35] INFO     recyl3usDqb7ruXJx        lever_experiments.py:2307
                             [baseline]: A(correct)                            
                             cost=$0.00000                                     
[08/02/26 15:35:47] INFO     rec8y3ZrBOcLgNEkE        lever_experiments.py:2307
                             [baseline]: D(correct)                            
                             cost=$0.00000                                     
[08/02/26 15:35:56] INFO     recSBcGLPatKb3Ygu        lever_experiments.py:2307
                             [baseline]: A(correct)                            
                             cost=$0.00000                                     
[08/02/26 15:36:11] INFO     recmkvk6EFAmqyMxR        lever_experiments.py:2307
                             [baseline]: C(correct)                            
                             cost=$0.00000                                     
[08/02/26 15:36:35] INFO     recTs7qzfJs6kfLUK        lever_experiments.py:2307
                             [baseline]: D(correct)                            
                             cost=$0.00000                                     
[08/02/26 15:36:37] INFO     rec7qmSnbud4FHSqL        lever_experiments.py:2307
                             [baseline]: B(wrong)                              
                             cost=$0.00000                                     
[08/02/26 15:36:51] INFO     recPL4ZPpVYxgMu57        lever_experiments.py:2307
                             [baseline]: B(correct)                            
                             cost=$0.00000                                     
[08/02/26 15:37:00] INFO     reckl6PkaEMWM50yZ        lever_experiments.py:2307
                             [baseline]: A(wrong)                              
                             cost=$0.00000                                     
[08/02/26 15:37:10] INFO     recoy9ZLBsc7HIRBy        lever_experiments.py:2307
                             [baseline]: A(correct)                            
                             cost=$0.00000                                     
[08/02/26 15:37:18] INFO     recXsYa3i2UhGF5fe        lever_experiments.py:2307
                             [baseline]: C(correct)                            
                             cost=$0.00000                                     
[08/02/26 15:37:41] INFO     recywRj5a8EEjj2Ib        lever_experiments.py:2307
                             [baseline]: D(correct)                            
                             cost=$0.00000                                     
[08/02/26 15:37:44] INFO     recNFJjE5PPTqVJGv        lever_experiments.py:2307
                             [baseline]: B(correct)                            
                             cost=$0.00000                                     
[08/02/26 15:38:20] INFO     reck4G4xxv3YnpbtQ        lever_experiments.py:2307
                             [baseline]: A(wrong)                              
                             cost=$0.00000                                     
[08/02/26 15:38:23] INFO     recDytVnNYZe2HuUU        lever_experiments.py:2307
                             [baseline]: C(correct)                            
                             cost=$0.00000                                     
[08/02/26 15:38:32] INFO     recIDiDKKrN61Auyr        lever_experiments.py:2307
                             [baseline]: A(correct)                            
                             cost=$0.00000                                     
[08/02/26 15:39:03] INFO     recBhnXrUyTJ6WHIR        lever_experiments.py:2307
                             [baseline]: A(correct)                            
                             cost=$0.00000                                     
                    INFO     recE2ihVfqEK4R9d0        lever_experiments.py:2307
                             [baseline]: A(correct)                            
                             cost=$0.00000                                     
[08/02/26 15:39:13] INFO     recVvpD8miVjmmyfe        lever_experiments.py:2307
                             [baseline]: D(wrong)                              
                             cost=$0.00000                                     
[08/02/26 15:39:15] INFO     recReg13iV2HwJTaA        lever_experiments.py:2307
                             [baseline]: C(correct)                            
                             cost=$0.00000                                     
[08/02/26 15:39:45] INFO     recyrk6XBVwugG5u8        lever_experiments.py:2307
                             [baseline]: C(correct)                            
                             cost=$0.00000                                     
[08/02/26 15:40:15] INFO     recOkA2zsy4GSMD9R        lever_experiments.py:2307
                             [baseline]: D(correct)                            
                             cost=$0.00000                                     
[08/02/26 15:40:26] INFO     reczjcMtrB1YGS2fO        lever_experiments.py:2307
                             [baseline]: C(correct)                            
                             cost=$0.00000                                     
[08/02/26 15:40:39] INFO     recgXxEgllSGEpELP        lever_experiments.py:2307
                             [baseline]: B(correct)                            
                             cost=$0.00000                                     
[08/02/26 15:41:01] INFO     recBGxVySx1pkrO1i        lever_experiments.py:2307
                             [baseline]: C(correct)                            
                             cost=$0.00000                                     
[08/02/26 15:41:15] INFO     recINSFEYLCyyd08m        lever_experiments.py:2307
                             [baseline]: A(wrong)                              
                             cost=$0.00000                                     
[08/02/26 15:41:23] INFO     recakFKZioXUuldcd        lever_experiments.py:2307
                             [baseline]: A(correct)                            
                             cost=$0.00000                                     
[08/02/26 15:42:01] INFO     reccVBrYdwsB84fGy        lever_experiments.py:2307
                             [baseline]: D(correct)                            
                             cost=$0.00000                                     
[08/02/26 15:42:42] INFO     recJZ3QEfRKjYw9a7        lever_experiments.py:2307
                             [baseline]: D(correct)                            
                             cost=$0.00000                                     
[08/02/26 15:43:17] INFO     recAAJoHMW45Lv5je        lever_experiments.py:2307
                             [baseline]: C(correct)                            
                             cost=$0.00000                                     
[08/02/26 15:43:23] INFO     recclFbsjbaiVVnnV        lever_experiments.py:2307
                             [baseline]: D(correct)                            
                             cost=$0.00000                                     
[08/02/26 15:43:43] INFO     receo3UUzRvWCqyfA        lever_experiments.py:2307
                             [baseline]: B(correct)                            
                             cost=$0.00000                                     
[08/02/26 15:43:55] INFO     reccVFW11Elovnf8T        lever_experiments.py:2307
                             [baseline]: D(correct)                            
                             cost=$0.00000                                     
[08/02/26 15:44:59] INFO     recb80OwMgNnceA9t        lever_experiments.py:2307
                             [baseline]: B(wrong)                              
                             cost=$0.00000                                     
                    WARNING  1/90 questions dropped   lever_experiments.py:2327
                    INFO     Wrote 89 baseline        lever_experiments.py:2332
                             results to                                        
                             benchmark\results\TB1_fl                          
                             agship1x_gpqa_seed3407.j                          
                             sonl                                              
--- analysis ---
==============================================================================
TB-1 -- scaffolded flagship (universal_gate) vs solo flagship, GPQA-Diamond
==============================================================================
Arm A issues ONE qwen3.7-max judge call per item (judge calls/item = 1.00).
This compares a SCAFFOLDED flagship call against an UNSCAFFOLDED one.
It is NOT 'cheap seats beat a stronger model' -- that wording is prohibited.

  seed 1001: arms present ['A', 'B'], |S|=88
    2 items short of the intended 90. Drops are 504-correlated and therefore NOT MCAR.
    A vs B: A=79/88 vs B=79/88  b=2 c=2 net=+0 p=0.68750  [secondary, alpha=0.0167: does not clear]

  seed 2311: arms present ['A', 'B'], |S|=88
    2 items short of the intended 90. Drops are 504-correlated and therefore NOT MCAR.
    A vs B: A=79/88 vs B=78/88  b=3 c=2 net=+1 p=0.50000  [secondary, alpha=0.0167: does not clear]

  seed 3407: arms present ['A', 'B'], |S|=89
    1 items short of the intended 90. Drops are 504-correlated and therefore NOT MCAR.
    A vs B: A=80/89 vs B=80/89  b=3 c=3 net=+0 p=0.65625  [secondary, alpha=0.0167: does not clear]

------------------------------------------------------------------------------
PRIMARY TEST -- pooled 3-seed exact one-sided McNemar, alpha=0.05
------------------------------------------------------------------------------
  A vs B: b=8 c=7 net=+1 n=265 p=0.500000 seeds=[1001, 2311, 3407]  -> does not clear

  *** arm C NOT RUN -- every A-vs-B number above is COMPUTE-UNMATCHED.
  *** universal_gate spends ~4.5x a single flagship call. Publishing an
  *** A-vs-B result without arm C is the exact failure that required
  *** retracting flagship_panel's mechanism. Say 'compute-unmatched' at
  *** every point of use until arm C lands.

  reproduce: python -m benchmark.verify_tb1_flagship
=== arm B finished ===
Sun Aug  2 15:45:00 MPST 2026
